Date,Close,Close,High,High,Low,Low,Open,Open,Volume,Volume
2009-08-06,1.1373887062072754,7.478499412536621,1.1887047271723974,7.535334367145457,1.0938051835414369,7.435873315598101,1.1598833762223195,7.521125509475141,241978000.0,40157716
2009-08-07,1.1549627780914307,7.559015274047852,1.1781604425530796,7.658475850999291,1.1268444172407834,7.521125621127767,1.1352799087361125,7.535334479009015,24543000.0,41950359
2009-08-10,1.1226259469985962,7.535337924957275,1.1690212477119692,7.568491148387269,1.0973194041005245,7.487975361075594,1.1690212477119692,7.506920672271858,24210000.0,29649547
2009-08-11,1.1015377044677734,7.497445583343506,1.124735365676013,7.554280072072886,1.0895873357427952,7.459555924190586,1.1233294645905196,7.483236723124905,23054000.0,29492923
2009-08-12,1.1247352361679077,7.511653900146484,1.1387944130026195,7.577961755214659,1.1008345852693149,7.459555857314543,1.1352796187939416,7.506918406903593,14513000.0,37351652
2009-08-13,1.163398027420044,7.483238697052002,1.1753483953335047,7.53060125955895,1.124735289298233,7.407459358757105,1.124735289298233,7.5211288422720886,11506000.0,39462392
2009-08-14,1.1669129133224487,7.469029426574707,1.1950313543249287,7.516391986503893,1.142309350769679,7.360096395668282,1.1598833240216575,7.516391986503893,6378000.0,35591367
2009-08-17,1.1402008533477783,7.5211262702941895,1.150745240962293,7.568488340532229,1.138794951759045,7.364830724399945,1.143715649219283,7.374303138447553,2544000.0,47486284
2009-08-18,1.1999521255493164,7.568490505218506,1.2090906089749935,7.596907755489031,1.1493390123607412,7.483238278334318,1.1584774957864183,7.521128421434297,14467000.0,38688862
2009-08-19,1.2575950622558594,7.75320291519165,1.2611098577806934,7.7910930561858365,1.180972385735544,7.53060041966837,1.1837842724350125,7.554281222208077,20708000.0,48926785
2009-08-20,1.2484561204910278,7.686893939971924,1.26181230508045,7.791090966633512,1.2154169876026488,7.672685081400814,1.26181230508045,7.791090966633512,18821000.0,45451853
2009-08-21,1.252673864364624,7.881080150604248,1.2632183312273506,7.918970288609302,1.2358028849828766,7.705840226130135,1.2505650547913862,7.810036796444526,8636000.0,68303627
2009-08-24,1.230179786682129,7.923707008361816,1.2547833589519541,7.952124733573726,1.2161206025279432,7.866872510083182,1.231585688337678,7.923707008361816,10216000.0,32854761
2009-08-25,1.2547825574874878,7.956860065460205,1.2582973512810378,8.042112758184716,1.2336937947261875,7.9000255717406045,1.2407233823132877,7.952124095686516,5308000.0,42875877
2009-08-26,1.2547825574874878,7.942651748657227,1.2547825574874878,7.9947502730530475,1.205575444377787,7.881080332487112,1.243535267627704,7.9521241643589615,7086000.0,38499985
2009-08-27,1.2765741348266602,7.985281467437744,1.280088928130947,8.018434699345866,1.2336936229946474,7.862139531571079,1.2547823828203686,7.890556791523515,11611000.0,31815517
2009-08-28,1.2983664274215698,7.9615983963012695,1.3356232687191478,7.999488067751795,1.2653272895656522,7.8810821303599035,1.27235687910107,7.990016125961831,12950000.0,35322597
2009-08-31,1.279386043548584,7.9095001220703125,1.293445217027258,7.971071078253658,1.2519706049855994,7.81951191135758,1.2899304236575895,7.876346896489036,10048000.0,37466011
2009-09-01,1.2547825574874878,7.757938861846924,1.296257174530955,7.9189704034682675,1.1908132769251591,7.696367446204731,1.2829009916351823,7.833718662883615,13835000.0,41586308
2009-09-02,1.2428326606750488,7.710577011108398,1.2829013893837968,7.814774068512547,1.228773481141964,7.6395336494369515,1.2484563492481466,7.7437307068411,12934000.0,42116048
2009-09-03,1.226664423942566,7.6158528327941895,1.263218352895547,7.682159748069742,1.1950312742097002,7.55428141164371,1.263218352895547,7.601643970055987,36577000.0,37421005
2009-09-04,1.2484561204910278,7.762673377990723,1.2653270993196983,7.772145315184081,1.2294761645596426,7.57322416052996,1.2477531281234564,7.577960605199076,11586000.0,31168783
2009-09-08,1.2442386150360107,7.677425861358643,1.2604066889497998,7.767413604188454,1.2266646398687018,7.630063290093192,1.2484564025958944,7.762678108778272,5749000.0,39869131
2009-09-09,1.2133084535598755,7.658477306365967,1.2547830881432291,7.715312272619071,1.2104966508556239,7.62058764624558,1.2547830881432291,7.701103412037664,5512000.0,42398731
2009-09-10,1.1985461711883545,7.7389960289001465,1.2273675213754798,7.767413284847465,1.1915165817572815,7.682161517005511,1.1957342851363357,7.682161517005511,4152000.0,48477781
2009-09-11,1.1865954399108887,7.696369647979736,1.2182286664940722,7.800567201759336,1.1626948766605525,7.691634152923581,1.1950310116926925,7.767413023493958,6203000.0,32681378
2009-09-14,1.1704277992248535,7.748466491699219,1.1880018576463018,7.786356154403647,1.1465272272584888,7.625324135764712,1.1697248905195612,7.677423136092137,16145000.0,36130488
2009-09-15,1.2076846361160278,7.677425861358643,1.2196349212099586,7.762678108778272,1.1690218110250268,7.630063290093192,1.2126053318841976,7.762678108778272,19869000.0,42341077
2009-09-16,1.2358026504516602,7.776885032653809,1.2477529322290766,7.786357449905946,1.2027635227503493,7.653743132303382,1.2231493764170402,7.748467780897395,20211000.0,48299972
2009-09-17,1.169724702835083,7.7295241355896,1.2582975542386565,7.866874444913424,1.1619921217223255,7.701106403388448,1.2414265748281224,7.748468973008561,14464000.0,44483121
2009-09-18,1.1387944221496582,7.81950569152832,1.1964371146744186,7.956855883871605,1.1373885212147552,7.753198340962918,1.164803882742928,7.800560870244578,8999000.0,70699369
2009-09-21,1.1676161289215088,7.881080150604248,1.1690220302904935,7.914234318904012,1.1155971078744358,7.800564857033947,1.1444184630356067,7.833718549261164,5530000.0,37984579
2009-09-22,1.2126051187515259,7.956860065460205,1.2210406076999185,8.01843100502605,1.1823778732037604,7.8621359092608705,1.1922192630103352,7.980541342546316,11141000.0,63192570
2009-09-23,1.2231496572494507,7.781620502471924,1.2505651045855344,7.994751067110996,1.2161200682606053,7.772148085829366,1.2386147362650484,7.985278650468437,5303000.0,50733447
2009-09-24,1.229476809501648,7.786356449127197,1.2547833748189279,7.81951014328476,1.177457777193761,7.715313090831034,1.2182295123156837,7.786356449127197,7788000.0,54566002
2009-09-25,1.2041698694229126,7.767410755157471,1.2287734326345539,7.876344724326347,1.2020609758163372,7.757938815665892,1.2287734326345539,7.781619616539942,4685000.0,38296141
2009-09-28,1.2407234907150269,7.847925186157227,1.2547826671175741,7.928440937863479,1.197139976827689,7.772145403101227,1.2175258328909633,7.786354261196865,2336000.0,30980117
2009-09-29,1.1971396207809448,7.942651748657227,1.2540793855955692,8.023167044085692,1.191516018931908,7.791092621356912,1.2336935355953431,7.8479271155673205,3567000.0,69777435
2009-09-30,1.1999521255493164,7.838454246520996,1.2182290924006707,7.999485780209632,1.192219543312362,7.786355725138344,1.195031429489127,7.994749810668954,5126000.0,65651868
2009-10-01,1.1465271711349487,7.724785327911377,1.2013579860318324,7.828982377951248,1.1394975816302026,7.71057646615228,1.1950313889972877,7.814773516192151,6605000.0,57623129
2009-10-02,1.1310621500015259,7.649007797241211,1.1500421111003478,7.824247769002114,1.1177059617757814,7.615854096067793,1.1387947329528478,7.748468424688789,6296000.0,53113379
2009-10-05,1.1591806411743164,7.767410755157471,1.1619924439226335,7.814773309050673,1.1247355966111112,7.611115660313048,1.1317651872812349,7.658477738133699,1889000.0,43560028
2009-10-06,1.157774806022644,7.947386741638184,1.2090909251231705,8.042111357410954,1.1556659955878168,7.814771993912822,1.1767547703308234,7.862134539835443,4694000.0,58149075
2009-10-07,1.1338738203048706,7.904759407043457,1.1676158645163075,7.9758027387672055,1.119111649775082,7.881077661705677,1.164803978615756,7.928440200236442,2917000.0,44264311
2009-10-08,1.1254382133483887,7.9095001220703125,1.1373885814259548,8.023169140187859,1.120517517916084,7.881082391468243,1.1324678021943408,8.01369719808408,5573000.0,47128029
2009-10-09,1.142309546470642,8.013694763183594,1.1563687274808496,8.065793285360735,1.1205177823850887,7.866871611950509,1.1233296688667276,7.904761749216409,8705000.0,50669996
2009-10-12,1.148635745048523,8.098947525024414,1.1563683254354098,8.113156386969756,1.1275469808653402,7.966332749728079,1.14020025613511,8.013695305497505,12888000.0,62705727
2009-10-13,1.1619921922683716,7.947386741638184,1.1718336673547616,8.046847326359734,1.1352797367471885,7.918969023655622,1.1380915388865498,7.999484780437112,5573000.0,68055304
2009-10-14,1.185189962387085,8.226825714111328,1.1950314383800027,8.33575873989769,1.1626952918022053,7.885817298154222,1.1837840611879027,7.990014829886421,6955000.0,143506421
2009-10-15,1.2062784433364868,8.364175796508789,1.2618122397195888,8.402065458785131,1.2020607407474453,8.188935394371875,1.2231495050905548,8.226825056648218,20920000.0,130711810
2009-10-16,1.1549627780914307,8.41627311706543,1.2111995835920506,8.473107602355432,1.1394976963834398,8.3168120536992,1.2111995835920506,8.349965741487944,12638000.0,71146054
2009-10-19,1.141606330871582,8.515735626220703,1.1697247711979941,8.591514952806408,1.1289530536745247,8.32628635761131,1.1570714940009368,8.35944005102884,21429000.0,98399437
2009-10-20,1.1619921922683716,8.492050170898438,1.1760513705638034,8.728861891471048,1.1437152269645852,8.402062021767154,1.1486359226081237,8.657818565728208,4890000.0,95028008
2009-10-21,1.1591806411743164,8.245772361755371,1.1887049052289702,8.539418760717055,1.1324680960686488,8.245772361755371,1.150745065330703,8.525209895064082,2338000.0,102853325
2009-10-22,1.1444183588027954,8.316813468933105,1.147933153804797,8.33575830058686,1.097320038736515,8.19367158711113,1.147933153804797,8.23156220256377,9834000.0,60466294
2009-10-23,1.128250241279602,8.169991493225098,1.1535567978323418,8.307341296575114,1.1191117578689282,8.117892963628467,1.1338739298245797,8.283660492993086,11341000.0,64436079
2009-10-26,1.1134881973266602,8.108419418334961,1.1331710675970963,8.321549489855931,1.1113793034049475,8.075266676846372,1.1184088939444368,8.245770162776067,1624000.0,67943791
2009-10-27,1.0860724449157715,8.174727439880371,1.1240322736571682,8.255243695258844,1.0727162600878188,8.141573743674249,1.121220471735275,8.184200332572924,3288000.0,62373296
2009-10-28,1.0495184659957886,8.151044845581055,1.089587099127242,8.255241881580993,1.046706580636119,8.117891156658802,1.089587099127242,8.151044845581055,6220000.0,63163690
2009-10-29,1.0572513341903687,8.312078475952148,1.0684987119879519,8.31681444638591,1.0347566623945275,8.103684351123707,1.0509247365538064,8.165254823198342,11833000.0,60279209
2009-10-30,1.0544394254684448,8.065796852111816,1.067795695733139,8.283662976388092,1.045300942402984,8.042116041430416,1.0614690149342891,8.26945506126655,2781000.0,68991573
2009-11-02,1.045300841331482,8.027905464172363,1.0614689122994752,8.146311396649201,1.0347564581522657,7.971070483283141,1.0614689122994752,8.075268027592157,2766000.0,64534839
2009-11-03,1.0185885429382324,7.99948787689209,1.0417862062395609,8.027905605874633,1.0150737480077077,7.9189720889444155,1.0319448139538197,8.004224799819388,3637000.0,55568461
2009-11-04,1.038974404335022,8.095118522644043,1.0720134599386322,8.229001608624591,1.0073411661451401,8.066429976542022,1.0263211258189335,8.095118522644043,8053000.0,55213368
2009-11-05,1.0769340991973877,8.138148307800293,1.1064584421084789,8.248123090084592,1.04389504533899,8.042517310052444,1.0558453307176465,8.18118158391126,2741000.0,58661846
2009-11-06,1.0748255252838135,8.109465599060059,1.1029438894280172,8.13815511463076,1.0453011758929314,8.042524036896166,1.0769343355551606,8.133372887867901,2575000.0,38053827
2009-11-09,1.100834608078003,8.33419132232666,1.1064582956882683,8.33419132232666,1.060765886229429,8.14293027158676,1.0727162538259822,8.17640102756006,2529000.0,48667607
2009-11-10,1.0860724449157715,8.396352767944336,1.1029435078450498,8.482420310948779,1.0670925724447262,8.238562432644715,1.1029435078450498,8.281596684772504,1468000.0,53729020
2009-11-11,1.0797462463378906,8.425043106079102,1.0916965346059164,8.52067318488627,1.0628751771953804,8.37244632242235,1.0916965346059164,8.448950385468086,1535000.0,37347120
2009-11-12,1.0966166257858276,8.425043106079102,1.1212202651664016,8.539799200647703,1.0825574511679514,8.358101570288467,1.0825574511679514,8.415479617572768,1300000.0,41817134
2009-11-13,1.0952112674713135,8.410697937011719,1.107161638854188,8.496765484297264,1.0832609798877713,8.372445907385073,1.097320161468252,8.472857244842222,621000.0,38845486
2009-11-16,1.1254382133483887,8.578052520751953,1.1394974748396023,8.606742029329412,1.0916961701279562,8.429825636021626,1.0987257589739083,8.439389125964572,1556000.0,43354077
2009-11-17,1.1296559572219849,8.578052520751953,1.138091446756517,8.582834746349114,1.0952109229069609,8.4776411632336,1.112784894353614,8.53501921913714,985000.0,35902718
2009-11-18,1.1268442869186401,8.697589874267578,1.1352797774383854,8.721498115794704,1.1113791231999057,8.515892237168005,1.1352797774383854,8.573270286580827,1155000.0,51445318
2009-11-19,1.0945078134536743,8.659339904785156,1.117002476017084,8.688028455702211,1.072013067090974,8.520675531389644,1.1134876823728235,8.64021388375662,1166000.0,43447883
2009-11-20,1.0853697061538696,8.778874397277832,1.1001318780517912,8.836252435135604,1.0762312227789335,8.664117360311213,1.093805197038688,8.678462110088425,4237000.0,64262907
2009-11-23,1.067795753479004,8.860162734985352,1.097320014072344,9.037079133041638,1.0649838672610108,8.831474186889256,1.0923993179400076,8.841036715837488,4653000.0,77583148
2009-11-24,1.0727161169052124,8.754968643188477,1.0776368115113808,8.907976770731127,1.0551421477408292,8.68324584309005,1.0614687431202892,8.89841328213409,5228000.0,61709487
2009-11-25,1.0895872116088867,8.8888521194458,1.1233293366124564,8.903196873918006,1.0797458213323237,8.726280478347368,1.0811517222576463,8.817129308336156,1353000.0,44412503
2009-11-27,1.114894151687622,8.726279258728027,1.1163001369018377,8.802783323552099,1.0586574246976657,8.606740936501973,1.0635781215494202,8.644992968914009,616000.0,24063136
2009-11-30,1.114894151687622,8.68802261352539,1.1240326365833568,8.821905631948301,1.072013613838047,8.68802261352539,1.11559714429473,8.754965083987695,2765000.0,62461832
2009-12-01,1.1219234466552734,9.013169288635254,1.1486359016899883,9.013169288635254,1.1177057435230413,8.688025132997385,1.1177057435230413,8.864942442040062,4178000.0,74934868
2009-12-02,1.0973198413848877,8.960573196411133,1.1324677850835896,9.080111512210022,1.0811517705236233,8.841034880612241,1.1268441811312435,9.056203272299523,8465000.0,50228686
2009-12-03,1.119814157485962,8.91275691986084,1.1205170658073607,9.027513001167542,1.0952105226529494,8.888849643234725,1.0952105226529494,9.003605724541426,5079000.0,43242880
2009-12-04,1.1612889766693115,8.841038703918457,1.1746452437628894,9.060989415456222,1.0966167018989268,8.817131414920455,1.1528534880729602,9.003610383858428,9468000.0,52753543
2009-12-07,1.1858928203582764,8.635431289672852,1.1901105234773661,8.88406952477418,1.1598832740269913,8.62586780000482,1.1598832740269913,8.841036224396403,3084000.0,80157332
2009-12-08,1.1774574518203735,8.491985321044922,1.1929226173514405,8.640212195363787,1.1633982713734583,8.42982504391036,1.167616059027263,8.630648706092583,2495000.0,84300606
2009-12-09,1.1816744804382324,8.72149658203125,1.1816744804382324,8.73105910795942,1.1486353605708464,8.544579278598027,1.1676153090220756,8.621084292278876,967000.0,77179782
2009-12-10,1.178863286972046,8.759749412536621,1.1943283667368776,8.845815998796885,1.1774573020667127,8.72627864621266,1.1809720967314161,8.831472208587632,2555000.0,38252400
2009-12-11,1.1655069589614868,8.750188827514648,1.1739424489770933,8.836256403580593,1.1570714689458803,8.731062806305717,1.173239540358724,8.783659604943155,774000.0,32554371
2009-12-14,1.184486985206604,8.797999382019043,1.1880018639489982,8.860158675456736,1.1732396916683652,8.69758710656089,1.1767544866114377,8.831470140505093,2248000.0,53997685
2009-12-15,1.176754117012024,8.745400428771973,1.1880014908169665,8.82668571229144,1.1746452239486853,8.68324115086007,1.1844866131785385,8.731055684253619,1404000.0,36496542
2009-12-16,1.1950314044952393,8.802783012390137,1.2041698877297866,8.869724547370568,1.1767544380261448,8.754968454190875,1.1865958299406922,8.783656996860188,3157000.0,42204057
2009-12-17,1.1465271711349487,8.711935043334961,1.1936254040568848,8.788439112875365,1.1345768019374267,8.63543097379456,1.1887047081634259,8.788439112875365,1490000.0,46688933
2009-12-18,1.1521503925323486,8.750188827514648,1.1809716475409704,8.836256403580593,1.140903020363585,8.726281541316359,1.145823714262688,8.774096113712936,4178000.0,65609814
2009-12-21,1.1591806411743164,8.89841079711914,1.1844871173071636,9.03229383258135,1.1500421565432892,8.78365473350951,1.1802694131846878,8.797999481773456,1443000.0,41274745
2009-12-22,1.1760510206222534,8.89841079711914,1.1760510206222534,9.022731307906033,1.140903085342168,8.864940999504562,1.1598829536335566,8.989259587789508,3127000.0,37832381
2009-12-23,1.1795659065246582,8.88406753540039,1.1837836926082876,8.989261091936438,1.1704274258763239,8.860160258460791,1.1774570134828435,8.970135078134533,2235000.0,29473424
2009-12-24,1.1795659065246582,8.893631935119629,1.1950310662984367,8.93666619152616,1.1753482042403232,8.850598639964332,1.1753482042403232,8.927102703018743,308000.0,13633806
2009-12-28,1.2217435836791992,8.907976150512695,1.251267836503128,8.951010404326233,1.1774570787443577,8.860160633359156,1.1774570787443577,8.931883428463879,7954000.0,20499141
2009-12-29,1.2322882413864136,8.874503135681152,1.2428326257398314,8.94622591261011,1.2231497581869213,8.864940611424455,1.231585248909792,8.898410407573829,2276000.0,20728702
2009-12-30,1.2435353994369507,8.845818519592285,1.2498619954162145,8.888852786237091,1.2168228632154068,8.78844045865067,1.2168228632154068,8.83625599006108,3025000.0,19279663
2009-12-31,1.285712718963623,8.697589874267578,1.285712718963623,8.83625421462035,1.2379115093696527,8.697589874267578,1.2379115093696527,8.79322091787355,5558000.0,27063136
2010-01-04,1.3257814645767212,9.051422119140625,1.3285932659967028,9.05620338268052,1.266029888308846,8.72149763236601,1.2864157419012319,8.735841422985695,5387000.0,54898644
2010-01-05,1.3356225490570068,8.922320365905762,1.3524936051311123,9.05142119709018,1.2723561935282015,8.869723588571203,1.3321077561831438,9.046639934037344,3011000.0,45714931
2010-01-06,1.3461674451828003,8.893631935119629,1.3567118278579433,8.994044238816969,1.3068017163425454,8.850598639964332,1.33210826828261,8.92232143939065,5331000.0,43640975
2010-01-07,1.3377323150634766,8.860162734985352,1.347573791816216,8.927104282628575,1.3110198550193648,8.826691961163739,1.3384353076170032,8.912759527954826,2718000.0,41557112
2010-01-08,1.3475735187530518,8.931883811950684,1.3567119173011946,8.94622856383775,1.3250787671903035,8.855379750221289,1.3285935616470692,8.903195269427767,2899000.0,32049716
2010-01-11,1.3560091257095337,9.003602027893066,1.3742860919816944,9.060981006239201,1.337732159437373,8.927098005099191,1.3496824448617932,9.003602027893068,5127000.0,34199665
2010-01-12,1.3356225490570068,8.974918365478516,1.3454640193833864,9.080111934473289,1.3173455925932107,8.912758092321946,1.3454640193833864,8.989262156590419,9167000.0,43501847
2010-01-13,1.2948510646820068,9.185303688049316,1.3328108818022069,9.228337941136889,1.282900784473516,9.02273304722234,1.3328108818022069,9.02273304722234,9439000.0,62728072
2010-01-14,1.295554518699646,9.266589164733887,1.3264846765949003,9.32396816386619,1.2758716528575247,9.147050864876352,1.2990693131786208,9.180521627286504,10654000.0,49820367
2010-01-15,1.2821978330612183,9.31918716430664,1.3046924936626192,9.410035976535502,1.275871238573078,9.209212336937556,1.3046924936626192,9.290497660970704,1587000.0,80760537
2010-01-19,1.2519711256027222,9.563044548034668,1.275871780734838,9.596515313054796,1.216120184804208,9.323968890928098,1.2582977227792511,9.338312680578596,3813000.0,82562244
2010-01-20,1.2625154256820679,9.534357070922852,1.2660302202783151,9.735181703690213,1.2259614948416475,9.500886298794958,1.2449414527008325,9.586953861230777,1938000.0,83522965
2010-01-21,1.2646241188049316,9.199649810791016,1.299772059197793,9.634768863548674,1.2505649426477872,9.166180001733935,1.256188546071205,9.582172076099974,3386000.0,81343188
2010-01-22,1.234397053718567,9.06576919555664,1.269544999248421,9.524795605616655,1.221743776567957,9.037079684458591,1.2568917220978109,9.209214828543962,9235000.0,65034962
2010-01-25,1.2407234907150269,9.013169288635254,1.2512678730169373,9.204430387024978,1.2273673066523274,9.008388025519572,1.2421293915954212,9.199648162658166,2614000.0,51933110
2010-01-26,1.2484561204910278,8.979697227478027,1.2653270993196983,9.037075260333088,1.1837838394494131,8.907974446096455,1.1971400240388352,8.951008691675993,7654000.0,45955032
2010-01-27,1.2238527536392212,9.084893226623535,1.2618125038840937,9.127926522596484,1.2126053767818348,8.922321608918368,1.2400208264469699,8.979699657299383,6963000.0,57558308
2010-01-28,1.2456445693969727,8.907976150512695,1.2470505545097599,9.132708023758042,1.2126055114336924,8.898412662581517,1.2336942825335726,9.118363272486862,144576000.0,53690549
2010-01-29,1.2217435836791992,8.922320365905762,1.2554856228205316,9.070547210552647,1.2126051025243572,8.855378838161576,1.245644149346356,8.941446379368227,33570000.0,59071114
2010-02-01,1.230179786682129,8.984481811523438,1.243536061908214,9.08011286288827,1.2154176098004947,8.941448511285206,1.221744292949487,8.984481811523438,5095000.0,41586308
2010-02-02,1.2442386150360107,9.199649810791016,1.2512682051029345,9.242684070295207,1.219635049801778,8.974918869079454,1.2308824274285854,9.0227343925559,17729000.0,71262310
2010-02-03,1.2386149168014526,8.987274169921875,1.2435356968503297,9.098287565735609,1.2287735243023448,8.890740022869876,1.232991228030824,9.021061024357179,12857000.0,120151889
2010-02-04,1.2104966640472412,8.70250129699707,1.2358032238586072,8.900395064571265,1.1992492855090051,8.69284846314565,1.2217440425854773,8.856954401252581,13767000.0,99352043
2010-02-05,1.2090903520584106,8.668716430664062,1.2175258411976306,8.779729867450275,1.166912738763707,8.494955678102581,1.2126051461830274,8.644583370158593,5387000.0,95279492
2010-02-08,1.1957340240478516,8.610797882080078,1.2154168869169664,8.68802446432715,1.185892634512943,8.5528769750653,1.2006547188153058,8.644584754395542,4983000.0,58630015
2010-02-09,1.1943284273147583,8.630101203918457,1.2217438773695803,8.760421253852408,1.182378141608496,8.519087792110678,1.1978432221577366,8.625273816640087,1896000.0,74804488
2010-02-10,1.1809720993041992,8.562525749206543,1.1908135746663975,8.678366524805247,1.1605863237242349,8.509432262542324,1.1851898864307577,8.649406088323344,5780000.0,63195205
2010-02-11,1.2041698694229126,8.625273704528809,1.2126053600498978,8.702501226358805,1.1598833550827783,8.504607460390915,1.17816032127401,8.567353790903129,3700000.0,57646000
2010-02-12,1.2203377485275269,8.591486930847168,1.2224466419445605,8.634926619008736,1.1802691088011235,8.50460658419504,1.1936252941101548,8.615619983122595,1632000.0,53060257
2010-02-16,1.2287737131118774,8.552872657775879,1.2308826071998247,8.726633350450943,1.2140115382955827,8.499780137027981,1.2231500234771302,8.66871344300225,4227000.0,66699017
2010-02-17,1.2238527536392212,8.528740882873535,1.2372089403329642,8.620447659317117,1.2069816883531415,8.461168132561353,1.2372089403329642,8.615621242222488,5077000.0,61399821
2010-02-18,1.226664423942566,8.557700157165527,1.2301792183573288,8.56735299003626,1.2161200406982775,8.470819809683944,1.2280703249486093,8.5335671046597,4619000.0,60202899
2010-02-19,1.2322882413864136,8.683197021484375,1.2386148384787372,8.736290533100131,1.2203378720797524,8.557703354967979,1.2301793477558665,8.601143059776618,3746000.0,53393321
2010-02-22,1.2196344137191772,8.663887023925781,1.2365053875612533,8.760420202976801,1.2111989267981391,8.581833093985676,1.2301787933202948,8.678367243365681,8465000.0,61134003
2010-02-23,1.2217435836791992,8.528740882873535,1.229476080195374,8.6590609367324,1.204169613688849,8.499781409976638,1.2196346905204973,8.610794825127861,18202000.0,50458353
2010-02-24,1.2470506429672241,8.596315383911133,1.2561890440525942,8.697675003745665,1.2238529763520025,8.494954793747382,1.2301795746110025,8.562528520523216,8523000.0,71379515
2010-02-25,1.2716537714004517,8.538393020629883,1.2927425367061003,8.557699655568717,1.243535417659587,8.412899408362994,1.2653270915291746,8.480472145484441,23197000.0,56344732
2010-02-26,1.275871753692627,8.47082233428955,1.2786835559783059,8.596315991313624,1.2625154833373593,8.446689274591213,1.2688420803797955,8.53839606584004,2807000.0,62436536
2010-03-01,1.2864161729812622,8.567357063293457,1.3215641215056193,8.62045058031222,1.2737628947526298,8.485304063565026,1.314534531800748,8.499784290084591,8722000.0,48087169
2010-03-02,1.315940499305725,8.494956016540527,1.3173464005576934,8.630103489545787,1.2786836552322844,8.470822955073599,1.2786836552322844,8.625276100988915,9810000.0,68147740
2010-03-03,1.3292967081069946,8.359806060791016,1.401701499067038,8.494952507643776,1.3180493310221904,8.306712571230907,1.3180493310221904,8.422552382818987,10634000.0,114953456
2010-03-04,1.3398410081863403,8.364636421203613,1.352494285658787,8.398423291430573,1.3004752746719104,8.311542906608308,1.3363262135439562,8.374290228552494,3966000.0,59990729
2010-03-05,1.3609298467636108,8.437034606933594,1.3820186157138294,8.446688412024665,1.3391380853286576,8.316367380105735,1.3391380853286576,8.3887684924658,3767000.0,68202654
2010-03-08,1.3574150800704956,8.374285697937012,1.3721772521613167,8.494951917374568,1.3419499992796913,8.335671459761794,1.369365365963421,8.490125501475998,2220000.0,51370695
2010-03-09,1.3602268695831299,8.316368103027344,1.405919286622019,8.359808774219575,1.3461676901248008,8.277754819964876,1.3665535506189697,8.335674744558577,9227000.0,57489271
2010-03-10,1.3876426219940186,8.277753829956055,1.4045136912976255,8.374287996396133,1.3609301584461444,8.25844719073387,1.367959749706146,8.306714273953908,5449000.0,59341465
2010-03-11,1.3960769176483154,8.345328330993652,1.4038094949235786,8.359808554343545,1.3911562247455416,8.253621543550006,1.3911562247455416,8.263274378897101,3947000.0,51448270
2010-03-12,1.3813152313232422,8.243967056274414,1.4059187866253853,8.316367196708685,1.3665530646222404,8.20052736014552,1.3988891993962016,8.29706055728149,4984000.0,90062719
2010-03-15,1.365147352218628,8.330849647521973,1.3749887421771028,8.34050345498273,1.3377319079640744,8.200529553943019,1.3749887421771028,8.219836198535107,1792000.0,46310547
2010-03-16,1.370771050453186,8.330849647521973,1.3834243260714867,8.388770551627665,1.3468704001076623,8.258449487719284,1.3651473630895745,8.359810099574819,1623000.0,56037175
2010-03-17,1.3981865644454956,8.30671501159668,1.4052161534710172,8.35498112877363,1.374988903901412,8.28258098267896,1.377097797368931,8.330848070185155,3094000.0,59708468
2010-03-18,1.4045131206512451,8.316368103027344,1.4059190215721677,8.374288997950318,1.3693650948323588,8.263274596234133,1.4017012350100964,8.369461609820556,2112000.0,53653975
2010-03-19,1.4136518239974976,8.16191577911377,1.4256022777051458,8.350155795268451,1.3841275630813334,8.108821781897621,1.4136518239974976,8.16191577911377,6365000.0,119353801
2010-03-22,1.4017016887664795,8.277753829956055,1.4164639465125415,8.326020913176093,1.3848307046553563,8.19570085584406,1.3967809920506795,8.205353690290574,4734000.0,74916107
2010-03-23,1.4213848114013672,8.465991973876953,1.4270084175708855,8.485299579252326,1.4024048472815505,8.301886061146817,1.4045137414947901,8.340499331239666,2819000.0,77908623
2010-03-24,1.3792067766189575,8.49978256225586,1.419978412262718,8.54804868040363,1.375691981887587,8.4659947270256,1.419978412262718,8.49978256225586,1535000.0,77922536
2010-03-25,1.3813152313232422,8.393595695495605,1.3883448185524259,8.581836686354263,1.3574145844644436,8.374290021933005,1.3883448185524259,8.56253004246227,5835000.0,50807754
2010-03-26,1.399592638015747,8.27292537689209,1.41997841396237,8.388766154047707,1.3820185805385432,8.253618742420974,1.3820185805385432,8.37911235164769,5250000.0,57108144
2010-03-29,1.4213848114013672,8.340499877929688,1.4340380090821239,8.369459347233041,1.40170185461069,8.272926165673512,1.412246325676889,8.301886605305876,2961000.0,51374595
2010-03-30,1.432631254196167,8.330849647521973,1.4417697339427906,8.393595999863905,1.40310692212257,8.268103295180042,1.4256016672832699,8.359810099574819,3539000.0,44091982
2010-03-31,1.4452850818634033,8.277753829956055,1.4537206569236079,8.335673747622607,1.4178696305163845,8.2487933859582,1.4333347955938776,8.292234051954981,6620000.0,62218779
2010-04-01,1.4410675764083862,8.243967056274414,1.4621563505881758,8.340501223739553,1.4122463019756109,8.20052736014552,1.4544238503351898,8.30671436215967,3246000.0,72849107
2010-04-05,1.424196481704712,8.157085418701172,1.455126647950728,8.272925223378328,1.3911573376427402,8.132951398313423,1.4544237391447428,8.272925223378328,6120000.0,72462711
2010-04-06,1.4537203311920166,8.186049461364746,1.4642646300559907,8.229490140152182,1.4059190292259893,8.137782849097688,1.4094339072463864,8.176395653746614,2358000.0,81797462
2010-04-07,1.4396613836288452,8.239141464233398,1.457938182410921,8.26327452335227,1.4340376114201305,8.2005281815115,1.4466909731907622,8.215008405114528,1446000.0,89101893
2010-04-08,1.4129481315612793,8.27292537689209,1.439660659010643,8.282578208963189,1.4115421473171097,8.21500547347874,1.439660659010643,8.239138523985407,1402000.0,55647722
2010-04-09,1.4066221714019775,8.326019287109375,1.415760654654396,8.354978755122307,1.3939689771440487,8.287406016206155,1.4129488523302602,8.301886235377104,1983000.0,46376632
2010-04-12,1.407325029373169,8.345328330993652,1.4164635112079964,8.364634972017091,1.3827213857566463,8.29706124327043,1.4002953570546586,8.359808554343545,2867000.0,51902754
2010-04-13,1.4164639711380005,8.292234420776367,1.4227904855404954,8.32602128350025,1.388345524131733,8.25362114061456,1.3960780237340407,8.306714643419346,2367000.0,69737067
2010-04-14,1.5148780345916748,8.239141464233398,1.5155809432958425,8.292234970558328,1.4410672574975336,8.176394152063363,1.4502057410462803,8.292234970558328,4783000.0,101067744
2010-04-15,1.5436993837356567,8.200526237487793,1.5465111859933953,8.28257920123797,1.5183928282187462,8.186046017317459,1.5183928282187462,8.229486677828463,6148000.0,62821562
2010-04-16,1.5380752086639404,8.108819007873535,1.5451047962659334,8.210179093858041,1.5233131249793315,8.108819007873535,1.5444018877853107,8.195699843975927,3439000.0,79595867
2010-04-19,1.539481520652771,8.10399341583252,1.549322911868988,8.118473152352475,1.4973039860701642,8.012286638936054,1.5240163575996988,8.079859874746504,4867000.0,69487163
2010-04-20,1.57252037525177,8.089510917663574,1.6083713924656668,8.142604887177363,1.5591641073642948,8.075030700053956,1.5795499634664514,8.123297768643063,8506000.0,59565545
2010-04-21,1.5352636575698853,8.012289047241211,1.6048566364609647,8.118475592574805,1.5085511197658994,7.935061983652066,1.5816589768306049,8.084689207096472,5402000.0,72271199
2010-04-22,1.5134718418121338,7.954367637634277,1.5366694992826027,7.992980434517875,1.4741059473667197,7.881967006046925,1.5352635146243379,7.964020472981709,6441000.0,73482877
2010-04-23,1.51065993309021,8.16191577911377,1.519798414738988,8.210181902557377,1.4818386710278226,7.915754377135082,1.5064421465448345,7.930234602299912,1886000.0,103613470
2010-04-26,1.5317491292953491,8.118474960327148,1.5486202802248628,8.190875114544058,1.497304253877785,8.060555031019492,1.5008189652556643,8.137782088594376,2550000.0,87980858
2010-04-27,1.47621488571167,7.9447102546691895,1.5366695462887408,8.132950647641644,1.4635616937946307,7.915749821008501,1.5366695462887408,8.065377434483647,2506000.0,96488746
2010-04-28,1.4769175052642822,7.978498935699463,1.4966002794054376,8.031591944217308,1.4537198542558896,7.910925707026605,1.4888677849354914,7.949538980553953,3139000.0,63932478
2010-04-29,1.5043331384658813,8.13778018951416,1.5324514866916514,8.210179841670787,1.4994122766876536,8.02676677499889,1.4994122766876536,8.02676677499889,3185000.0,71149743
2010-04-30,1.4417704343795776,8.070207595825195,1.5247195332104293,8.205354570034968,1.4403644492745176,8.050900954533033,1.5162841253760304,8.200528152294243,3603000.0,53829045
2010-05-03,1.4846508502960205,8.16191577911377,1.5092544996665374,8.20535548427889,1.433334825344812,8.021941886402693,1.451611793288856,8.108821781897621,4239000.0,75855431
2010-05-04,1.4094338417053223,8.330849647521973,1.4741059518069017,8.393595999863905,1.4002952765962746,8.23431642456153,1.4741059518069017,8.277756132311373,5540000.0,127430181
2010-05-05,1.3770973682403564,8.379623413085938,1.410136493404165,8.457663837435069,1.3496819293043847,8.2723173393283,1.4017009221627672,8.277194620711331,6266000.0,104662200
2010-05-06,1.3496819734573364,8.165011405944824,1.376394421063957,8.394256382105567,1.303989657535242,7.730910312345693,1.375691512637036,8.369868013660803,9155000.0,125669474
2010-05-07,1.3560091257095337,8.028434753417969,1.3707712972216108,8.199148804841494,1.2920398275562883,7.989414566901938,1.3524943309494502,8.145495803243321,6025000.0,112673338
2010-05-10,1.4579381942749023,8.291827201843262,1.4698886474661799,8.413766096723197,1.40591926461314,8.213786779786567,1.40591926461314,8.243052428335394,8944000.0,86003238
2010-05-11,1.4523146152496338,8.296706199645996,1.4621560073703563,8.384502182902063,1.4178695752284645,8.194277879365696,1.4291169523372789,8.218665761442974,2174000.0,56871205
2010-05-12,1.45653235912323,8.243051528930664,1.4705915381897812,8.335723784595109,1.4410671951105698,8.155255083141276,1.445284982350262,8.282071735701491,3533000.0,56409764
2010-05-13,1.4382551908493042,8.077217102050781,1.4642646517101694,8.262563641557085,1.4284138004044276,8.067462537105913,1.4642646517101694,8.213788855721983,2919000.0,71447182
2010-05-14,1.4220874309539795,7.9016242027282715,1.4403643986845487,8.067461092368747,1.3862364880206803,7.833338828399043,1.4347406260604862,8.062583320492143,5049000.0,66057658
2010-05-17,1.4424729347229004,7.857722282409668,1.4424729347229004,7.9357631614152675,1.4002953208974391,7.696763245241634,1.4234930629709899,7.901620246207983,2929000.0,104156385
2010-05-18,1.4115426540374756,7.711398601531982,1.4677795300140961,7.926010231453044,1.4017012635910464,7.696765778690255,1.448096581522626,7.872357691680919,3384000.0,77422519
2010-05-19,1.407325029373169,7.716277599334717,1.425601993042824,7.7748079194519635,1.330702380434946,7.6089715221755005,1.3946716694794337,7.682134667460858,5790000.0,86483019
2010-05-20,1.4129481315612793,7.428501605987549,1.4270073036087705,7.643114244705364,1.366552830284848,7.423624814861083,1.3897504809230636,7.579705664232038,11123000.0,118531575
2010-05-21,1.3925625085830688,7.511419296264648,1.4234928262032018,7.521174348056355,1.3735826399880562,7.2968071762920825,1.398889187314266,7.3114395088408815,8233000.0,107967228
2010-05-24,1.363038420677185,7.42362642288208,1.405918941003452,7.501666374194095,1.3574147335164666,7.3894829942700495,1.3883449710007687,7.45289158847822,4802000.0,56998001
2010-05-25,1.3517911434173584,7.345584392547607,1.3595237242934752,7.36509450002747,1.3018810315063611,7.194379833884632,1.3356230730941265,7.291931351839177,6804000.0,108521105
2010-05-26,1.407325029373169,7.369969367980957,1.435443383449989,7.5162956164334584,1.3693651172905734,7.316316344844712,1.3749888048657986,7.369969367980957,9462000.0,97223173
2010-05-27,1.5001158714294434,7.49678897857666,1.5148779590729042,7.535809196230681,1.4263050980148715,7.399237453886307,1.431928702565152,7.482156151817577,10657000.0,70586907
2010-05-28,1.451611876487732,7.428501605987549,1.5106604037232187,7.6040935420850415,1.427008225707061,7.423624814861083,1.5064426158638284,7.477277361693557,7955000.0,64693677
2010-06-01,1.433334231376648,7.311441421508789,1.4755117548776315,7.521176315590763,1.4298193539522757,7.296809085132182,1.4523141001922326,7.39436011884604,4561000.0,59953206
2010-06-02,1.483947515487671,7.413869857788086,1.483947515487671,7.423625401922825,1.4298195359335115,7.277298613510836,1.4298195359335115,7.374849642359622,8618000.0,52215371
2010-06-03,1.5226107835769653,7.428501605987549,1.5465115270349903,7.482155133375191,1.4804332376138662,7.374849059155075,1.4804332376138662,7.433379377669183,6463000.0,36096760
2010-06-04,1.462857723236084,7.199256420135498,1.507144114192542,7.335828130555642,1.4466896651028702,7.155358440397243,1.504332314429914,7.321195307217045,3157000.0,82146968
2010-06-07,1.4600473642349243,7.082196235656738,1.4832450311280505,7.262665949549164,1.4445823647052858,7.072441672518209,1.467780031598412,7.2382775805924355,7353000.0,72500233
2010-06-08,1.482541561126709,7.096828460693359,1.483244469675984,7.10658351328444,1.4495025129303154,6.999277934782552,1.4719972624931643,7.087073408102279,11924000.0,66651482
2010-06-09,1.4811358451843262,7.082196235656738,1.5394814487240651,7.194379595081046,1.473403180219769,7.018788143313087,1.4937890379284675,7.140727046431126,8025000.0,91258798
2010-06-10,1.5324519872665405,7.27241849899292,1.5444022724061917,7.369969496420468,1.5106601429542676,7.145602839697812,1.5113632192085744,7.145602839697812,10099000.0,63426558
2010-06-11,1.541590929031372,7.540686130523682,1.5451056409545203,7.569951782692121,1.5064428042078086,7.413869938719199,1.5113636690581045,7.428502274525791,7929000.0,79704745
2010-06-14,1.5120658874511719,7.477278709411621,1.5577582947778172,7.608972685221497,1.49800671098122,7.462645882006855,1.557055218635297,7.589462085255919,13409000.0,54028778
2010-06-15,1.564084529876709,7.569952964782715,1.5957177551312758,7.574830247387318,1.516283405383716,7.462646373871287,1.5289365949263982,7.511422141583545,12082000.0,53201915
2010-06-16,1.608371615409851,7.55043888092041,1.6512520591836921,7.59433685550259,1.5500258407819425,7.491908574995824,1.5619761256435272,7.521173727958117,26923000.0,39971580
2010-06-17,1.641409993171692,7.545563697814941,1.6653105530710397,7.545563697814941,1.6189152499731543,7.379727774160107,1.6371922078721464,7.526054079427313,20536000.0,52403088
2010-06-18,1.6196192502975464,7.4187445640563965,1.6540642966691756,7.584580901373064,1.6034511741475435,7.360213774823947,1.6371933116948552,7.55531575189555,12720000.0,73595339
2010-06-21,1.616104006767273,7.3650922775268555,1.644925270264159,7.501662988674122,1.5732233982198345,7.32119430380507,1.6442223616711467,7.491908428155358,7111000.0,48184453
2010-06-22,1.5647881031036377,7.301685333251953,1.6196188320090696,7.433378784539303,1.5535407268259878,7.301685333251953,1.6090745319728288,7.389480804017672,12008000.0,46211471
2010-06-23,1.5844703912734985,7.257784843444824,1.5957177640401066,7.306560578395298,1.512065628111768,7.223641927034968,1.5816585899814903,7.306560578395298,11441000.0,50930123
2010-06-24,1.4930856227874756,7.052927494049072,1.5943116331945537,7.184621383711275,1.4572346149110793,7.009029530828339,1.592202908118116,7.130968372027861,17771000.0,90713669
2010-06-25,1.509253740310669,7.140727996826172,1.5514312600689393,7.174870933465685,1.4853530117021303,7.023666849974749,1.507144847562899,7.067564841328741,95883000.0,61800236
2010-06-28,1.5289366245269775,7.091948986053467,1.5366692876847539,7.209010079310552,1.442472686115393,7.072439375834301,1.5141745418416217,7.1651121080544655,9663000.0,47024737
2010-06-29,1.4741060733795166,6.9651336669921875,1.4966008242430993,7.0626846712995155,1.4312256326193404,6.916358409977274,1.4958979156531795,7.038297287930808,13274000.0,68386787
2010-06-30,1.4804329872131348,6.955380916595459,1.4980070455246144,7.062686509963665,1.4530175366945743,6.911482928715105,1.4684827013047308,6.935870318432703,13444000.0,53420304
2010-07-01,1.5050359964370728,6.940746784210205,1.5148773844664543,6.989522044742932,1.4537199958855043,6.8285629495686315,1.4987093180187978,6.970011940529842,11503000.0,71540882
2010-07-02,1.5162838697433472,6.896850109100342,1.5247192761556077,7.004155702568714,1.4951951023147576,6.877340001197002,1.5099571892351826,6.9700132588766825,5534000.0,42953557
2010-07-06,1.4670766592025757,6.9700117111206055,1.561273293000329,7.028542512110944,1.458641252324248,6.896848577590821,1.5331549348753004,6.989521814691545,10588000.0,75837408
2010-07-07,1.5233135223388672,7.1309709548950195,1.524719339666823,7.135848235754255,1.4410671751026862,6.926113882423966,1.458641232491193,6.97976691354073,9493000.0,57185719
2010-07-08,1.5317491292953491,7.228519439697266,1.5465113863586737,7.306560318677571,1.5008189652556643,7.130968463541223,1.5296404030278141,7.209008852244171,2914000.0,63019503
2010-07-09,1.547214150428772,7.204131126403809,1.547214150428772,7.248029087466045,1.5113632932534107,7.135845300245367,1.528234275006602,7.2431513183358724,3255000.0,34381902
2010-07-12,1.5535404682159424,7.282174110412598,1.5732232477263668,7.287051881284407,1.5078480620687444,7.165113002541694,1.5359664142828358,7.18462359575143,4995000.0,40434707
2010-07-13,1.5802528858184814,7.213887691497803,1.5816588705131462,7.365091702449386,1.556352319199414,7.1992548713072715,1.5683026025089477,7.316315961999234,6589000.0,52752173
2010-07-14,1.566896915435791,7.238275527954102,1.6069655551747233,7.2968063221302595,1.561976052395428,7.145602791919896,1.5816590017610244,7.184622994519027,5384000.0,48047222
2010-07-15,1.6104798316955566,7.252909183502197,1.6168065102432614,7.282174338818451,1.5401839620496394,7.145603614009267,1.5640845242095365,7.243154131730113,8355000.0,45976956
2010-07-16,1.545807957649231,7.101705551147461,1.613292210787465,7.287052022882742,1.5451050490536085,7.096827780180869,1.5950152465123537,7.23339899363779,6599000.0,50368025
2010-07-19,1.56549072265625,7.184622764587402,1.5725203105818393,7.238275296305419,1.5310456915412833,7.111459641916762,1.550025562180515,7.13096974259194,5262000.0,34474021
2010-07-20,1.546511173248291,7.096828460693359,1.5528378539750374,7.1456042139263225,1.5183928157053708,7.043175426303636,1.548620066823873,7.1456042139263225,7122000.0,49684506
2010-07-21,1.5303431749343872,7.072440147399902,1.5718178045961946,7.179745711837709,1.526828296272168,7.033419451872296,1.5584615338375842,7.096827530542475,5036000.0,44571974
2010-07-22,1.6062625646591187,7.223642349243164,1.6125890769909674,7.252907497757515,1.5387783139314462,7.116336804690541,1.5486198719116964,7.126091363917921,8397000.0,47225313
2010-07-23,1.608371615409851,7.1114606857299805,1.6259455045832547,7.218766745471183,1.5816590759321458,7.018786958504158,1.6097774326884926,7.194378380631342,6317000.0,56075435
2010-07-26,1.602747917175293,7.326070785522461,1.6132923852429495,7.360213704726432,1.5401845202368891,7.12609153058122,1.6090745980158867,7.135846580314152,6892000.0,58491941
2010-07-27,1.5760353803634644,7.448009014129639,1.6210247150488855,7.491906979362388,1.562679111397977,7.311437348837809,1.6062626288861575,7.3650908532577235,9720000.0,63936483
2010-07-28,1.5324519872665405,7.316315650939941,1.5851739912107707,7.530927723130366,1.5303430937008808,7.291928272029146,1.5732235384724895,7.452887326171965,3550000.0,42533221
2010-07-29,1.5303431749343872,7.360218524932861,1.545808171771962,7.521177686354511,1.5015217397395628,7.32607558336868,1.5401845670307783,7.404116522618559,5103000.0,61682083
2010-07-30,1.5296400785446167,7.316315650939941,1.540184378040142,7.379724208884758,1.482541682322266,7.2577853532211405,1.5169867180316443,7.326070700559742,2775000.0,46412890
2010-08-02,1.5345605611801147,7.55043888092041,1.602747546937521,7.55043888092041,1.518392492276986,7.36509242188174,1.5451048592133838,7.394357574844034,10105000.0,57746657
2010-08-03,1.5183929204940796,7.969906806945801,1.5394816901066668,8.03819313809586,1.5022248470312316,7.779682594871613,1.5268283277799288,7.804070955500332,4176000.0,167802492
2010-08-04,1.570412039756775,8.108001708984375,1.578144539259528,8.147456550744547,1.4937894507247809,7.9501818462051075,1.5247196163344556,8.01922781928541,6168000.0,77121707
2010-08-05,1.5985305309295654,7.984703540802002,1.5992336073761941,8.12772856282722,1.554244089133701,7.925521285900371,1.554244089133701,8.083341623781742,4639000.0,77704147
2010-08-06,1.5879861116409302,8.009364128112793,1.5978275051869906,8.029091052080764,1.5739269301183683,7.890999114135146,1.5858772176526794,7.920590243694921,2716000.0,54416966
2010-08-09,1.6097772121429443,8.098136901855469,1.6118861053706068,8.127728524906734,1.5802528745542752,7.9452486671318,1.5943120510062885,8.034022544808577,2267000.0,50676952
2010-08-10,1.5676000118255615,8.172112464904785,1.6041539453128941,8.18690827189849,1.5605704221240466,8.019224277010464,1.5872827959503477,8.034020084004169,3722000.0,60703338
2010-08-11,1.4220874309539795,7.890994071960449,1.4586413664151177,8.058677032320054,1.3553062413842807,7.886061972316052,1.4438791099257708,8.038950120957153,23300000.0,56609181
2010-08-12,1.434740424156189,7.989635944366455,1.4684825523562481,8.004431756518755,1.4199783373428891,7.821951891014996,1.4375523938718286,7.841679805797573,18324000.0,51069673
2010-08-13,1.405216097831726,7.930455684661865,1.4445819121349999,8.014296988846738,1.4024042958525746,7.905796156776597,1.432631628024645,7.96991053268737,39578000.0,34156240
2010-08-16,1.4248991012573242,7.905791759490967,1.4270079948458427,7.974837705131511,1.3855333669360312,7.817018400810268,1.4052162340966776,7.8811322453215835,14858000.0,38242071
2010-08-17,1.4319287538528442,8.024157524108887,1.455829493044177,8.088271374937486,1.426305149101142,7.955111075926659,1.4333347388400897,8.004430109124943,7749000.0,53190953
2010-08-18,1.4586412906646729,7.940319061279297,1.46356198670603,8.06361620745689,1.4122459650191466,7.895932108484909,1.4284140381258796,7.9945702220179164,8339000.0,52097217
2010-08-19,1.4417704343795776,7.905791759490967,1.465671007975022,7.955110292091356,1.4326319501933218,7.802222593160962,1.453017644825443,7.925519172531122,5891000.0,56138359
2010-08-20,1.4361462593078613,7.851541996002197,1.4445818323781947,7.900860534068902,1.4263048691248768,7.817019267224721,1.4263048691248768,7.846610390064743,4158000.0,51745392
2010-08-23,1.4340375661849976,7.940319061279297,1.445987851303434,8.0093660381956,1.4213843724121322,7.88113678804589,1.436849368401342,7.9896381180458,5772000.0,62161126
2010-08-24,1.4227901697158813,7.80222749710083,1.439661317973992,7.876205590368108,1.40240439443573,7.777567471693483,1.4059191890563985,7.861409773419176,10926000.0,53044763
2010-08-25,1.4263052940368652,7.886065483093262,1.4354437783859788,7.920588708758661,1.3855335688487185,7.723313558446486,1.4234934913752895,7.777563704256961,11221000.0,52033556
2010-08-26,1.4480961561203003,7.841677665710449,1.4776204863849365,7.9353831284656025,1.4241955956005556,7.797290737105799,1.4424725539739705,7.930451522919749,7769000.0,44662091
2010-08-27,1.427711009979248,7.935388088226318,1.4516117498986212,7.95018390558832,1.4066222401200208,7.7775676888273235,1.449502856152834,7.881137418883921,10518000.0,40326989
2010-08-30,1.405919075012207,7.8219499588012695,1.4312256277479491,7.994566072142587,1.400998379702287,7.812086747454231,1.4206811609419674,7.9156559197206136,5904000.0,37586167
2010-08-31,1.4164639711380005,7.846612930297852,1.4234935619397342,7.940317935091081,1.3848307287308663,7.787430169719768,1.3918603195326,7.8367487237526765,6339000.0,47145315
2010-09-01,1.47621488571167,8.029091835021973,1.5015214371443537,8.073478781559214,1.4171663774344778,7.925522623594136,1.4270077675475756,7.955113756039433,11095000.0,47862562
2010-09-02,1.4797301292419434,8.088272094726562,1.4930864006086708,8.103067905150438,1.4642649641015937,8.01429403408413,1.4909775068350481,8.05374936330164,3047000.0,38177145
2010-09-03,1.474809169769287,8.117865562438965,1.4909772407492095,8.181979929298054,1.457235113991652,8.078410719983706,1.4881654387524006,8.122797665615165,5240000.0,34781789
2010-09-07,1.4466913938522339,8.053749084472656,1.4755126691570046,8.112931828380718,1.4389587257666152,7.994566836303049,1.461453485945114,8.107999726497358,4393000.0,42043322
2010-09-08,1.4115426540374756,8.167184829711914,1.4544232614947354,8.211571779224922,1.3911568807701695,8.038956580519018,1.4452847796234478,8.063615611340646,10604000.0,58522191
2010-09-09,1.3827215433120728,8.270753860473633,1.4270079727891816,8.334868723380708,1.3700682657758538,8.216503203966559,1.4150576877047083,8.251025943412216,15500000.0,55017219
2010-09-10,1.3110194206237793,8.379252433776855,1.3813153845107082,8.384184039625813,1.2941483591231688,8.290478571111363,1.3735828041813491,8.305274380135087,25537000.0,44291715
2010-09-13,1.3321081399917603,8.369391441345215,1.34054362855962,8.45816533806697,1.31875195674259,8.310209174023122,1.3194548652403222,8.389118863785912,11641000.0,50411555
2010-09-14,1.3988900184631348,8.423640251159668,1.4185728071899268,8.492686710278651,1.3082081560324794,8.344730578724835,1.3236733240311573,8.34966218538276,12115000.0,53768440
2010-09-15,1.3433555364608765,8.517343521118164,1.4136514153699131,8.561730943932819,1.329296360679069,8.39897904323259,1.3918597431876905,8.418706456213519,11064000.0,58196610
2010-09-16,1.3531973361968994,8.468031883239746,1.381315780083642,8.512418348118109,1.3356233611422623,8.42364442688388,1.3363263536641772,8.512418348118109,8576000.0,40812356
2010-09-17,1.40873122215271,8.413777351379395,1.4284141758140636,8.512414445598601,1.3567122029602607,8.398981539377251,1.363741877153217,8.48775541991306,15408000.0,56217936
2010-09-20,1.4502055644989014,8.522275924682617,1.4748092097345924,8.546934942480313,1.3911569667720025,8.40391045800486,1.4157605282083827,8.423637870538364,12498000.0,33106562
2010-09-21,1.4600473642349243,8.453232765197754,1.5408877439531927,8.52227923159559,1.4361467885264514,8.42857274635446,1.4586415466042308,8.502550819930107,9719000.0,46251206
2010-09-22,1.4593441486358643,8.492691040039062,1.5078483662702558,8.517350077377413,1.4551263614331116,8.42364454571866,1.4621559509048219,8.443371973884844,14238000.0,54848368
2010-09-23,1.4994125366210938,8.403913497924805,1.521907286140759,8.502550596271998,1.4213841570474,8.39405028382863,1.4516114033900607,8.443368337263681,10337000.0,39959880
2010-09-24,1.5169874429702759,8.581460952758789,1.5310466274153312,8.586392559626617,1.4987104696719642,8.458163840723714,1.5029282585252206,8.492687071752618,7934000.0,35529497
2010-09-27,1.5429966449737549,8.468031883239746,1.5542440240634936,8.59626066024974,1.5275316453741994,8.448304455351863,1.5451055390279977,8.591328059669642,6663000.0,29433055
2010-09-28,1.5676000118255615,8.5962553024292,1.5760355865068347,8.620914324050355,1.5331549720085471,8.41870757062159,1.5535408324225317,8.482822414904238,6547000.0,45909816
2010-09-29,1.5697085857391357,8.581460952758789,1.5816588690375204,8.63077999586823,1.5549463330540452,8.527210302781521,1.5675996924984086,8.581460952758789,3880000.0,44578192
2010-09-30,1.5823622941970825,8.468031883239746,1.6168073382431611,8.630783906922913,1.570412006997149,8.463099282659648,1.5732238097032523,8.62091969724022,10464000.0,41796686
2010-10-01,1.590797781944275,8.4729585647583,1.592906675756897,8.527209207769031,1.5711148288926837,8.43843533816266,1.590094873206284,8.507481791353941,6330000.0,37438923
2010-10-04,1.5683026313781738,8.334869384765625,1.5907973813152632,8.482825552165986,1.5408871863170848,8.315141466138767,1.5886884880337482,8.43350649920678,7856000.0,42861753
2010-10-05,1.5781443119049072,8.49761962890625,1.5900947652311566,8.507483835222072,1.5640851325078784,8.413778336869019,1.5774414032146473,8.438437365442823,4099000.0,47107476
2010-10-06,1.5661938190460205,8.512415885925293,1.5950152503173027,8.571599143947852,1.5352636619828406,8.468029433885588,1.5760353774012918,8.502551679095793,10263000.0,37615468
2010-10-07,1.608371615409851,8.571598052978516,1.6146981283609907,8.635711919039764,1.564788095398063,8.542006427733575,1.5704116997098818,8.571598052978516,8158000.0,40638340
2010-10-08,1.5605703592300415,8.611051559448242,1.5964212149833168,8.63077897606564,1.5500258913034122,8.571596726213448,1.592203595411297,8.59625574911596,11144000.0,29542461
2010-10-11,1.570412039756775,8.571598052978516,1.5788476156497149,8.630780311991305,1.5514321615963231,8.527210615111107,1.5647884342272569,8.611052892320375,3876000.0,23553316
2010-10-12,1.5479170083999634,8.620914459228516,1.573926640265592,8.650505087342514,1.5282342249326044,8.517344782137263,1.573926640265592,8.625846065334699,8550000.0,48353304
2010-10-13,1.546511173248291,8.74421215057373,1.5633821542543167,8.803394402328378,1.5141750285542064,8.650505679282661,1.5612732606787347,8.675165694454824,9490000.0,51835404
2010-10-14,1.5760353803634644,8.709688186645508,1.5816589843496607,8.793530446488608,1.5317487866780468,8.665300757972025,1.5486199338338695,8.749143017815125,8488000.0,37103962
2010-10-15,1.5950154066085815,8.754074096679688,1.5971243002057405,8.803393128410203,1.5401845082797143,8.689960247759158,1.585174014887595,8.773801511076528,8650000.0,41940557
2010-10-18,1.5985305309295654,8.778738975524902,1.6013425015187284,8.813261226252106,1.5753328629603662,8.689965065781326,1.5999365162241468,8.744215733320324,4626000.0,45003587
2010-10-19,1.5739266872406006,8.576531410217285,1.5971243499329868,8.749147626864662,1.5535408268990953,8.507485915035742,1.572520702265841,8.704761166285284,5217000.0,51294596
2010-10-20,1.5535404682159424,8.709688186645508,1.5922032863096178,8.754074623842106,1.5521344835657982,8.532140454905345,1.584470622131723,8.611051108721465,3061000.0,44846014
2010-10-21,1.5429966449737549,8.694893836975098,1.5612736150447468,8.82805416239962,1.5394819332824627,8.645575785470934,1.5605707062262222,8.694893836975098,3467000.0,80476273
2010-10-22,1.5802528858184814,8.630779266357422,1.5809559619651163,8.70475732903011,1.5429960511952157,8.606119251148547,1.5465109291325752,8.685029911749192,5244000.0,86454772
2010-10-25,1.6069657802581787,8.689959526062012,1.6252427473724467,8.744210159017042,1.5753325421606161,8.660367911185906,1.5816592232998572,8.665299516506343,6475000.0,70927138
2010-10-26,1.6463311910629272,8.625850677490234,1.6505489776543039,8.680101348096239,1.5915003005722468,8.57160099836166,1.6027476756163819,8.665305530389613,14787000.0,37335737
2010-10-27,1.6660147905349731,8.522275924682617,1.669529670288215,8.62584459261433,1.6301639220848403,8.468025292346297,1.6456290913214597,8.581458162283129,11251000.0,47944984
2010-10-28,1.6470344066619873,8.665305137634277,1.6906179302331934,8.680100954670282,1.6231338349868847,8.56173640133702,1.6842912491667343,8.586395435412102,13518000.0,35846435
2010-10-29,1.7349036931991577,8.591326713562012,1.7538835614777224,8.665304804419904,1.6421130770829957,8.527212830841266,1.6526575414591846,8.665304804419904,13607000.0,42398836
2010-11-01,1.6751521825790405,8.689959526062012,1.738418636022723,8.798460791972072,1.6709345642682325,8.630777287786545,1.7222505684357836,8.694891131382448,8575000.0,44173456
2010-11-02,1.692726731300354,8.606120109558105,1.71803328658284,8.783667874272684,1.6779646438849998,8.507483013315046,1.694132716215515,8.69982559885828,4040000.0,73684191
2010-11-03,1.7349036931991577,8.675166130065918,1.741230371824871,8.709689359858906,1.684290599390601,8.606119670479943,1.6955379721923443,8.635711293581652,5849000.0,53214774
2010-11-04,1.7777843475341797,8.66021728515625,1.7834079503129168,8.759874163470995,1.7342008394039345,8.615370938618856,1.7545866927743727,8.759874163470995,9831000.0,61236135
2010-11-05,1.783408761024475,8.560559272766113,1.8066064263296013,8.710045088790993,1.7679437625534953,8.495782553294909,1.782705852257246,8.67018233808138,6295000.0,60584552
2010-11-08,1.7749735116958618,8.495782852172852,1.7981711790747483,8.530662008975048,1.752478753147041,8.43100512869513,1.7679439205991894,8.500765445754924,3744000.0,39832136
2010-11-09,1.7454485893249512,8.4658842086792,1.7890321068629453,8.545609702746178,1.7419337111305986,8.445952835162455,1.7805965332753926,8.505746955712688,4079000.0,49052949
2010-11-10,1.7299827337265015,8.386160850524902,1.75247747588037,8.450938085253474,1.7138146692281364,8.2964691406349,1.746853706542628,8.445955490739554,2680000.0,56851917
2010-11-11,1.7468549013137817,8.460902214050293,1.7644289620660965,8.475849993949215,1.6765589935018512,8.276535743823338,1.7152218265977452,8.2815188379868,12118000.0,46638657
2010-11-12,1.8080120086669922,8.396125793457031,1.8143386889585422,8.455919927488166,1.7264687438819508,8.351279942501732,1.7440426323380973,8.391143199386388,10075000.0,43016375
2010-11-15,1.769349455833435,8.34630012512207,1.8248832669123694,8.480837722746644,1.7630227745767013,8.331351336209096,1.824180358194503,8.455922740648976,4987000.0,38413241
2010-11-16,1.7503693103790283,8.271553039550781,1.7623195947375112,8.346295944953196,1.716627183132766,8.22670719613657,1.7588048840902488,8.281518726880183,5697000.0,45513301
2010-11-17,1.729280710220337,8.211758613586426,1.7714582476406777,8.301449796252635,1.72225112065028,8.206775519673071,1.7482605852996267,8.221723799685542,6378000.0,39887681
2010-11-18,1.762319803237915,8.386160850524902,1.7686464842698413,8.416057920200256,1.7349043530315407,8.246640691175978,1.741231034063467,8.246640691175978,6640000.0,30895797
2010-11-19,1.7763795852661133,8.371212005615234,1.7805973740514773,8.38616079077838,1.7461523224359317,8.306434771348163,1.7524790056139778,8.326366651853673,3454000.0,34485510
2010-11-22,1.8283977508544922,8.286503791809082,1.8283977508544922,8.336331739443171,1.780596448790768,8.22172605746575,1.780596448790768,8.301452075926521,9078000.0,34328569
2010-11-23,1.826287865638733,8.256603240966797,1.8319114663101632,8.33632872978036,1.8037931277559762,8.186842937391175,1.8206640973687849,8.23168877528068,6454000.0,41797108
2010-11-24,1.8487827777862549,8.316399574279785,1.8558123630874046,8.321382167926764,1.832614714833757,8.256604944469034,1.8361294236850652,8.261587538116014,8239000.0,24701544
2010-11-26,1.8986941576004028,8.216745376586914,1.9015059602366062,8.281523129964498,1.8396456318455086,8.201797088077079,1.8452692371179156,8.256608647962665,6268000.0,17370025
2010-11-29,1.8923670053482056,8.251625061035156,1.9050203654622797,8.281522638006946,1.8530012754354417,8.09715608318243,1.902911472109934,8.176882120333783,10205000.0,41191269
2010-11-30,1.8354276418685913,8.122068405151367,1.9155649299636484,8.206777010152429,1.83402165690607,8.107119621560168,1.8923672674731893,8.19182822656123,54355000.0,46149706
2010-12-01,1.8881502151489258,8.321378707885742,1.897991610047882,8.346293168352743,1.8480813914625696,8.181858630825111,1.8614376660246883,8.216738274442534,16522000.0,47275589
2010-12-02,1.9971084594726562,8.316399574279785,2.0020291556624503,8.37619370322668,1.8860408380497506,8.281519415295502,1.8951793217161237,8.366228015068863,19060000.0,35408919
2010-12-03,1.866357684135437,8.331350326538086,1.9682868108841778,8.33633292166253,1.859328094966511,8.271556179860733,1.9682868108841778,8.331350326538086,26279000.0,43788219
2010-12-06,1.8874465227127075,8.376195907592773,1.890258324966429,8.525681770164105,1.8480807883647068,8.311418667087597,1.8874465227127073,8.321384357868086,8971000.0,56194537
2010-12-07,1.7475578784942627,8.356264114379883,1.7777851338971222,8.455921017275415,1.7208453344831214,8.341315328513572,1.740528288112171,8.435989636696307,117381000.0,65821878
2010-12-08,1.7855172157287598,8.331350326538086,1.8094177839221266,8.411076356305227,1.7475574700571046,8.296470157210962,1.7566959521778536,8.346299113639427,49077000.0,45157681
2010-12-09,1.8565165996551514,8.351280212402344,1.8635461899858956,8.371211591056872,1.7974679067979766,8.266571602688636,1.8094181936003766,8.361246402593522,34051000.0,33414962
2010-12-10,1.855812907218933,8.4808349609375,1.876901669305689,8.500766339088042,1.8389417634706622,8.29646846088522,1.876901669305689,8.351280001231165,14052000.0,45247798
2010-12-13,1.8734344244003296,8.565544128417969,1.8818924268014612,8.645270652621425,1.857223365160984,8.500767391838588,1.8748441474819297,8.550595342521826,12177000.0,49822475
2010-12-14,1.8529934883117676,8.525683403015137,1.885415591469104,8.620357733993945,1.830438937929928,8.500769421724344,1.8783673154802984,8.605408944528202,9460000.0,55037456
2010-12-15,1.8607467412948608,8.51073169708252,1.8938736222033348,8.615372185756229,1.8262101379468987,8.49578391446727,1.8536984651857353,8.49578391446727,18005000.0,40819101
2010-12-16,1.9481456279754639,8.58049488067627,1.9488505733245898,8.58049488067627,1.8621565791376782,8.480837954743832,1.8748435788917457,8.505751935794901,24425000.0,37704215
2010-12-17,1.9855008125305176,8.485817909240723,2.001711861127454,8.535646857560842,1.9403918881079714,8.465886530258246,1.9537836604367718,8.52069807289202,36401000.0,54946601
2010-12-20,1.960127830505371,8.555581092834473,2.004532164956017,8.600426460084766,1.9523747754325613,8.460906760628601,1.965766553503575,8.47585454855991,14602000.0,41833049
2010-12-21,1.9650614261627197,8.66021728515625,1.9798627563139815,8.690113847786833,1.9502599279672919,8.545610622934694,1.9699952028798071,8.580490780776774,14950000.0,53286235
2010-12-22,1.9833869934082031,8.749908447265625,1.9869112159848976,8.749908447265625,1.9305249991112363,8.620353997596753,1.9699953845316356,8.655234157322342,9600000.0,37572465
2010-12-23,1.9826818704605103,8.774824142456055,2.0059411976704085,8.794755520837462,1.9671755963058606,8.739942978128822,1.9826818704605103,8.744926574020036,5885000.0,22874224
2010-12-27,2.0270872116088867,8.715031623840332,2.039774216444908,8.74492920125848,1.9608334131682763,8.685135048150304,1.9805685299653089,8.724997816889088,13311000.0,20816816
2010-12-28,1.994663953781128,8.764857292175293,2.029905501777499,8.819668829027353,1.9890254002064354,8.695096972231262,2.02779100217595,8.71004575532323,5836000.0,31563084
2010-12-29,2.0179243087768555,8.7698392868042,2.020743755043873,8.81966822646385,1.9840926340150484,8.744925317838211,2.005237472752238,8.814685633016188,6296000.0,25014582
2010-12-30,2.0355451107025146,8.715031623840332,2.0390691665027436,8.749911796918797,1.9981892117811815,8.695100239470941,2.0186292731640836,8.720015221228769,6815000.0,31459265
2010-12-31,2.002417802810669,8.724996566772461,2.036954416405198,8.76485932979971,1.9939598017526758,8.685133803745211,2.036954416405198,8.690116398691623,6177000.0,25123776
2011-01-03,1.9594224691390991,8.809703826904297,2.0228569496638524,8.889429336102781,1.9509644711848069,8.779806260090984,2.0228569496638524,8.819669014690225,14436000.0,34091103
2011-01-04,1.9735195636749268,8.964174270629883,1.994664396337664,8.9691568656452,1.9009222880617762,8.7897734278139,1.959423008566435,8.86451635995561,16262000.0,44323019
2011-01-05,1.9728143215179443,9.023969650268555,1.9855011509087657,9.088747401239734,1.9558984929821317,8.899397745751145,1.962946768875733,8.924312727691502,9537000.0,68371926
2011-01-06,2.0101702213287354,9.058845520019531,2.010874998512132,9.133588426876262,1.9573080675584453,8.949222456399307,1.9763383958633864,9.113657051829644,9598000.0,123138820
2011-01-07,1.9932552576065063,9.138571739196777,2.00946631616862,9.158503115811525,1.9580138624810912,8.969154537107546,2.006646870123205,9.063828826459536,8774000.0,137753584
2011-01-10,2.036954402923584,9.098709106445312,2.0510509592308024,9.138571860202642,1.9685859535937873,9.04888116511252,1.9918452883051188,9.078777729566648,15385000.0,118517241
2011-01-11,2.0609185695648193,9.078782081604004,2.0623282924505224,9.128611048550727,2.032725456204448,9.033936712561706,2.0538702912247264,9.058850695170959,13549000.0,34342482
2011-01-12,1.9855008125305176,9.153520584106445,2.0672610006153262,9.16846936710072,1.974928484513977,9.078777670862808,2.0637367792470633,9.11365783060687,15599000.0,28908690
2011-01-13,1.9981893301010132,9.078782081604004,2.020038947880103,9.208336594282908,1.9749299890918122,9.038919308737913,2.001713386109914,9.13857624090314,9645000.0,48375016
2011-01-14,2.0447068214416504,9.138571739196777,2.0482308753984166,9.143554332918532,1.973519116638102,9.043897449844787,1.9974833893295616,9.063828826459536,9776000.0,31712857
2011-01-18,1.9558992385864258,9.158507347106934,1.965766794990228,9.188404926705815,1.919248122750342,9.113661979436802,1.948850960005965,9.143558557307491,100182000.0,32992308
2011-01-19,1.9566041231155396,9.128605842590332,2.0087613538566567,9.213313936190467,1.9389833416778988,9.043896747262545,1.973519959025601,9.183417374454747,29795000.0,40238558
2011-01-20,1.9523749351501465,9.088744163513184,1.9608329363172767,9.153520889680514,1.9227720991094008,8.979120085138144,1.951670157734289,9.128606918343506,20963000.0,53150269
2011-01-21,1.9573086500167847,9.148538589477539,1.9855017622722395,9.158503777641172,1.949555594559796,9.053863291556208,1.9728149289749666,9.093727049394149,12490000.0,41885117
2011-01-24,1.9798625707626343,9.193384170532227,1.9890253461054006,9.238230523578157,1.9439162465581974,9.1236248464516,1.9890253461054006,9.13359003486548,21495000.0,66197208
2011-01-25,1.9749300479888916,9.203349113464355,1.984092829147242,9.347851337977875,1.9312306430832409,9.173451548818694,1.984092829147242,9.273108428091414,14548000.0,74160705
2011-01-26,1.9911398887634277,9.148538589477539,2.000302664304595,9.27310945188977,1.959422562960287,9.148538589477539,1.9826818904041492,9.268126857807953,15209000.0,57341711
2011-01-27,2.0595080852508545,9.208334922790527,2.075014359083862,9.22328371033387,2.0031218793768626,9.103694411715168,2.0031218793768626,9.153523369616963,37302000.0,45091069
2011-01-28,1.9770433902740479,9.043900489807129,2.0693759253621336,9.248197920075413,1.9643563923923684,9.038917894410554,2.0651469260682407,9.233249132157622,13722000.0,49325408
2011-01-31,2.023562431335449,9.078782081604004,2.035544486251237,9.133593644726933,1.9699954888598052,9.048885502818546,1.9763388209630988,9.063833291347164,13104000.0,44307103
2011-02-01,2.048935651779175,9.577068328857422,2.079243252704097,9.66177646707723,2.027085880480003,9.198369999663367,2.0383631546918113,9.213318789269268,15835000.0,141769535
2011-02-02,2.0299065113067627,9.546856880187988,2.0721961882812607,9.672737684961568,2.0228580637667744,9.476362981667352,2.0454126253708687,9.612314777198856,11300000.0,77096200
2011-02-03,2.0729005336761475,9.652594566345215,2.0848825895165763,9.692876491659693,2.0158093640315102,9.395796027138815,2.02849636530552,9.496500840425012,12326000.0,69004221
2011-02-04,2.199064016342163,9.718050003051758,2.2004737386879065,9.718050003051758,2.0947494360373944,9.536780372367168,2.0996833802254233,9.612309216442243,25500000.0,46017851
2011-02-07,2.1701667308807373,9.587137222290039,2.218799896530002,9.71805400677372,2.153955675664316,9.56196126797983,2.196950286474909,9.702948029283018,9762000.0,42916350
2011-02-08,2.2491073608398438,9.64755916595459,2.2730714694143597,9.657630154039628,2.1849679214828854,9.566995310319642,2.21316119797807,9.566995310319642,34684000.0,26593052
2011-02-09,2.3097238540649414,9.592171669006348,2.3224108607057534,9.632453598532438,2.2378313205664973,9.491466845191118,2.2505183272073093,9.607277645643977,42916000.0,35920952
2011-02-10,2.2892825603485107,9.582098960876465,2.325933669141176,9.592168934256323,2.2660232286984243,9.51160509817308,2.3252288918318356,9.572027975235512,35043000.0,41079650
2011-02-11,2.3463735580444336,9.481389999389648,2.3506025576906193,9.541813868612302,2.278005290578342,9.375650252771525,2.2928066212958194,9.420967142427756,27725000.0,44159227
2011-02-14,2.399235725402832,9.592171669006348,2.4210853329208932,9.597206657131762,2.366813618734629,9.426008962776567,2.366813618734629,9.476360868553488,25997000.0,37640237
2011-02-15,2.3759765625,9.592171669006348,2.414742171385992,9.592171669006348,2.355536508067597,9.471325880428074,2.388663394328693,9.54685475135484,19788000.0,39293015
2011-02-16,2.4232001304626465,9.70798110961914,2.4387064084398804,9.723087084140811,2.3830249648445783,9.56699437602646,2.3900732424625586,9.607276299910083,12605000.0,39449744
2011-02-17,2.370337724685669,9.753294944763184,2.4260191626520737,9.763364915382303,2.347783339414696,9.57706134858125,2.4196758310680817,9.677766116076523,34387000.0,45039317
2011-02-18,2.3858437538146973,9.662666320800781,2.401350028617238,9.753301175578258,2.3703374790121567,9.607278410229071,2.380205200092406,9.753301175578258,15639000.0,42730636
2011-02-22,2.2977406978607178,9.51160717010498,2.3428496411998285,9.632452950553915,2.2646138097189867,9.426008328685647,2.3428496411998285,9.506571170056954,20118000.0,65314483
2011-02-23,2.2089321613311768,9.446148872375488,2.3259335930640406,9.501537790549028,2.179329330732727,9.400831954929805,2.324524038491463,9.456219860841964,33272000.0,45480943
2011-02-24,2.3950071334838867,9.516642570495605,2.404874689007818,9.546854523048369,2.2314868497360725,9.400831772812284,2.2448786282580944,9.471325653927822,35331000.0,43008048
2011-02-25,2.421790599822998,9.496500968933105,2.4380016553098085,9.546853882388227,2.3823202111613817,9.426008104809487,2.413332599379725,9.521676919530021,19132000.0,32831468
2011-02-28,2.395711898803711,9.687840461730957,2.4337727339881314,9.728123399181687,2.3604705092212477,9.516641773545139,2.420380955533535,9.541818735984505,16263000.0,52547170
2011-03-01,2.260385036468506,9.63748836517334,2.2885781498916202,9.81372203735473,2.244173979445794,9.632452365431224,2.273071870291223,9.743229175838925,101318000.0,54639992
2011-03-02,2.2878730297088623,9.662666320800781,2.293511584331054,9.667701309326901,2.2582701978318918,9.551890499657361,2.2632039751373556,9.657631332274661,26617000.0,48976745
2011-03-03,2.3259339332580566,9.954708099365234,2.3315726565056294,9.989954018024626,2.280120042064918,9.723085555067986,2.3111325998160597,9.763367472616789,32848000.0,61992802
2011-03-04,2.3111331462860107,9.899322509765625,2.336506986789252,10.020168290490405,2.291397862319382,9.833863619343715,2.330163484652381,9.92953344881616,20498000.0,53721221
2011-03-07,2.2540407180786133,9.874143600463867,2.32593319845252,9.899320559016173,2.225142837713367,9.743227869940794,2.32593319845252,9.889249573143026,16709000.0,48172965
2011-03-08,2.2829394340515137,9.909388542175293,2.294216712237389,9.944635467259742,2.2265530431221356,9.808683764977523,2.249812376866692,9.88421260094108,19603000.0,39723047
2011-03-09,2.184967517852783,9.899322509765625,2.24769722298143,9.919463473219755,2.1807386868016723,9.818758655949106,2.2371248932874264,9.874145546251974,43929000.0,30742334
2011-03-10,2.1856725215911865,9.748262405395508,2.1934255747773386,9.859039207329683,2.1250573143870586,9.73819243120406,2.1715759695922805,9.843933233781334,36191000.0,45151463
2011-03-11,2.2011783123016357,9.8036527633667,2.221618360182074,9.843934690616297,2.1645273831869303,9.718052908765307,2.1835577088519784,9.738193872390106,13135000.0,42162846
2011-03-14,2.184967517852783,9.974848747253418,2.1969497379707414,10.20143528559923,2.1652324128004294,9.793579111672349,2.1913110164956757,9.793579111672349,16414000.0,178653000
2011-03-15,2.18990159034729,9.94967269897461,2.2047029200029606,10.000025605070016,2.103912385161272,9.702945179951067,2.1314007128453687,9.753298086046472,19796000.0,83471530
2011-03-16,2.0888512134552,9.718050003051758,2.1969682537054473,9.919460591338966,2.077544824371112,9.642521158976683,2.1870752264361144,9.889248648804527,28724000.0,73658685
2011-03-17,2.071892261505127,10.010096549987793,2.1418504101879288,10.04030748371176,1.997694194390996,9.808685938696405,2.1390238540597237,9.8338618855099,38143000.0,62159861
2011-03-18,2.1425564289093018,10.161152839660645,2.1545694146262457,10.21654072474218,2.1100506235679313,10.055412055706533,2.124890164428041,10.171222812078561,30697000.0,84152730
2011-03-21,2.1899020671844482,10.060449600219727,2.2012084577430633,10.261860234666395,2.1609295782663778,10.035273650511863,2.1764757178662175,10.231648285207955,19947000.0,50203390
2011-03-22,2.1701159477233887,10.040305137634277,2.21180818800144,10.115833972687387,2.151743084653196,9.979882272043968,2.201208394507867,10.045341135629146,15176000.0,48384186
2011-03-23,2.1913156509399414,10.030238151550293,2.192022247771984,10.065484074439501,2.144676890464667,9.939603320057975,2.1708228265084974,10.0100971903588,12364000.0,36327480
2011-03-24,2.1955552101135254,10.221578598022461,2.2139279040905206,10.251790548331533,2.162342637264427,9.974851044702664,2.209688155313058,10.070520870999676,13371000.0,52057692
2011-03-25,2.180009126663208,10.246755599975586,2.2040351022717846,10.322284471237857,2.1743558469165927,10.221579646975291,2.201208546637484,10.246755599975586,9122000.0,40498474
2011-03-28,2.1899020671844482,10.206475257873535,2.225941197619909,10.302145108869633,2.172235800346986,10.171228310833676,2.1814222321459855,10.282004140884219,10740000.0,30095494
2011-03-29,2.188488006591797,10.261861801147461,2.1983812004713044,10.271932789924703,2.163048846552929,10.125910032353852,2.19484788084049,10.125910032353852,14708000.0,35652393
2011-03-30,2.225234031677246,10.241718292236328,2.2323005034441503,10.35752906697427,2.1630491475196796,10.226612318952867,2.22594079678852,10.317247146392479,17353000.0,40616944
2011-03-31,2.197674512863159,10.226612091064453,2.2471399785690718,10.332352889431212,2.1771818648032926,10.181295184485062,2.2280605236289426,10.206471131222376,15803000.0,43272602
2011-04-01,2.227354049682617,10.261861801147461,2.2542067442025004,10.292073755217778,2.194848244989064,10.19640391701032,2.22594085637819,10.246755824112302,16029000.0,29555741
2011-04-04,2.1623432636260986,10.342423439025879,2.2323014131718213,10.377670373777137,2.1171178595828413,10.292071542747962,2.2323014131718213,10.347459438462625,18790000.0,44705832
2011-04-05,2.2379534244537354,10.29710578918457,2.289538676959704,10.352493680914817,2.163048801994221,10.261858856968859,2.1729418271919796,10.317246748699104,20444000.0,33540810
2011-04-06,2.315685510635376,10.216541290283203,2.322045387250011,10.337387039553656,2.242900817639053,10.206470305046805,2.271166711288964,10.317246081341914,21373000.0,47601591
2011-04-07,2.2944860458374023,10.236687660217285,2.329818412213612,10.241722649366752,2.2831796549014127,10.146052794218933,2.32275193893837,10.21151170220836,16580000.0,46451783
2011-04-08,2.301551580429077,10.302146911621094,2.3418304448224943,10.347464856714526,2.280352169249492,10.226618015393763,2.3220443951127256,10.241723997091574,8340000.0,37154976
2011-04-11,2.2775261402130127,10.407881736755371,2.3057920283067324,10.43809368263411,2.242900376754812,10.31221192448755,2.2824726537816153,10.347458857259031,8896000.0,39499809
2011-04-12,2.216754198074341,10.302146911621094,2.2725793713311444,10.448169714263724,2.182128438506176,10.287041942185006,2.2626861768274087,10.367605828224365,18839000.0,46458001
2011-04-13,2.247140645980835,10.302146911621094,2.2817664148678127,10.357534836338584,2.2125148770938567,10.236689007279546,2.2520871603249732,10.342428854640772,8770000.0,31479818
2011-04-14,2.1955552101135254,10.317248344421387,2.2464337117450444,10.37767123231032,2.1694091098641937,10.271931431570003,2.228061017768049,10.292072394199648,11746000.0,51137234
2011-04-15,2.2429003715515137,10.337388038635254,2.2499668435585503,10.392775932135903,2.1609292625742955,10.241718224817976,2.190608343917059,10.347459024844987,12119000.0,52141907
2011-04-18,2.2330071926116943,10.271930694580078,2.2400736641382704,10.302141630226336,2.1573957956471554,10.17626087588806,2.2181674844713046,10.23164775994973,8052000.0,47891441
2011-04-19,2.245020627975464,10.337388038635254,2.2605667673675414,10.36256499802901,2.221701250409343,10.191365318291615,2.230180916856475,10.226612251633952,7237000.0,34810458
2011-04-20,2.3008460998535156,10.266894340515137,2.3050860178414,10.513622877962348,2.257033894775419,10.261859353458181,2.2739933982489315,10.412917063256213,11153000.0,68271164
2011-04-21,2.3036727905273438,9.964780807495117,2.336178605699758,10.347461153759047,2.2980196785312867,9.617348414086683,2.3234590194696128,10.307178212893348,8335000.0,146497146
2011-04-25,2.2782340049743652,10.14101505279541,2.3107398280710134,10.156121029913491,2.26127449637379,10.020169260373592,2.299433432844604,10.0453462263242,6000000.0,47490500
2011-04-26,2.286005973815918,10.166193008422852,2.3022588775139003,10.236686900328852,2.2506736110981285,10.070523160376784,2.3022588775139003,10.151087029834205,11000000.0,38681800
2011-04-27,2.359496831893921,10.387741088867188,2.367269899200942,10.448163970178028,2.27257922453703,10.176260498148665,2.279645695310127,10.201436445629556,9822000.0,48427084
2011-04-28,2.324165105819702,10.488445281982422,2.3898833186087596,10.50355125449821,2.3220451471673456,10.387740485645669,2.353137593271911,10.39781045914879,7214000.0,36359206
2011-04-29,2.3644440174102783,10.558939933776855,2.3672705728282475,10.604257854707223,2.3121521525048476,10.453200142795035,2.327698291542678,10.498517051464217,8180000.0,45849000
2011-05-02,2.342538595199585,10.584114074707031,2.3842308457200763,10.674748888832992,2.3262856868352926,10.553903144839051,2.3842308457200763,10.644537958965014,7082000.0,40254473
2011-05-03,2.272580146789551,10.292072296142578,2.3623243451798452,10.57404678253239,2.27046018784951,10.10576763439741,2.3524313157783365,10.558940807638757,11762000.0,114748453
2011-05-04,2.299431562423706,10.392778396606445,2.3043780747219915,10.407884373372594,2.2556193797386834,10.241720653467745,2.278938748275138,10.28703858376619,7482000.0,53470579
2011-05-05,2.348897695541382,10.266894340515137,2.3602040856221707,10.407882076199257,2.266926578053163,10.211507458366283,2.2966058309554835,10.377670129335183,8190000.0,44522119
2011-05-06,2.466907501220703,10.34745979309082,2.4732673760945585,10.387741716398173,2.3757499686073165,10.271930933824224,2.3920028698551903,10.31724784447969,19072000.0,35665990
2011-05-09,2.5057733058929443,10.37263298034668,2.5184928878088884,10.443126833495953,2.448534766076251,10.297104141189873,2.473267501745781,10.337386053772041,13743000.0,32666622
2011-05-10,2.5305066108703613,10.503551483154297,2.5566525457028195,10.55390438854938,2.5163736640161667,10.402846684625262,2.526973289917805,10.417951645208769,16750000.0,35154694
2011-05-11,2.534745454788208,10.478130340576172,2.548878565072379,10.595063235528837,2.510719487413234,10.432374745813165,2.5305057070287083,10.559474074403868,13834000.0,45363633
2011-05-12,2.4775075912475586,10.620487213134766,2.5488790797140597,10.66624282649343,2.461254688041008,10.462883409276365,2.5411058422165858,10.513722752550283,20255000.0,37957386
2011-05-13,2.465494394302368,10.635736465454102,2.5022399461887845,10.671324609079548,2.4647876291952238,10.564560178203205,2.4775073793881175,10.65098765095608,10121000.0,38654712
2011-05-16,2.420975923538208,10.666239738464355,2.4718544255579027,10.742499753357563,2.4124960889625933,10.564560059293544,2.452068369518799,10.59506447407499,7560000.0,48333594
2011-05-17,2.4216816425323486,10.747586250305176,2.4336946248417517,10.783174399313006,2.389882442877271,10.666241471689894,2.4096686602229456,10.717081830566874,12570000.0,61324355
2011-05-18,2.4471216201782227,10.767919540405273,2.455601285460381,10.773003268424143,2.3785766903990493,10.686574781801788,2.430161952657943,10.732331400152558,6843000.0,47371187
2011-05-19,2.459841012954712,10.691657066345215,2.477507275768865,10.818756369869266,2.4471214317717775,10.635733004853002,2.452067944925028,10.798420440423016,7067000.0,49121354
2011-05-20,2.430161476135254,10.518803596496582,2.4881066023519756,10.696744315317067,2.423801770540185,10.513719867976118,2.4619606780223915,10.66115617155297,13164000.0,56460988
2011-05-23,2.2633941173553467,10.467965126037598,2.39765714044484,10.493384792785955,2.245727845867704,10.371369165921235,2.3969505434983107,10.41712477048038,24924000.0,41118753
2011-05-24,2.2407803535461426,10.432379722595215,2.2831791844614844,10.518807225502437,2.2245274515141302,10.396791566553146,2.270459602578073,10.422211239985721,28000000.0,45292593
2011-05-25,2.437934637069702,10.56456184387207,2.4506542163483256,10.605233722410738,2.304378128015467,10.345949219151017,2.317804472265862,10.345949219151017,67195000.0,44282124
2011-05-26,2.452775001525879,10.625569343566895,2.46266802968775,10.666241220887908,2.3778703566237125,10.46288183428284,2.4407620146896067,10.488301502093337,18410000.0,40595126
2011-05-27,2.4739742279052734,10.640820503234863,2.481747465267835,10.701828313197243,2.4146158950600034,10.564560485266776,2.4591346868134525,10.656072711240569,17129000.0,29362121
2011-05-31,2.387763261795044,10.905190467834473,2.4075494855776234,10.90519046783447,2.3651504827515217,10.671326647408836,2.392709775621191,10.676410376880538,107163000.0,58351653
2011-06-01,2.3863494396209717,10.70182991027832,2.4202684307709004,10.905190329228398,2.377869607594516,10.66624176030751,2.391295952143755,10.84926623956864,33826000.0,48653694
2011-06-02,2.368683099746704,10.676410675048828,2.413201879439058,10.742502226208579,2.3305241938612413,10.605234372214758,2.3891759141391695,10.691662885950505,23147000.0,33254649
2011-06-03,2.3948287963867188,10.595063209533691,2.4124950546861,10.706911354302493,2.339003635812419,10.50355099817192,2.382815814873427,10.50355099817192,40817000.0,37880655
2011-06-06,2.355257034301758,10.544222831726074,2.4033091390646075,10.65607097614207,2.35031052135937,10.523886898383191,2.4033091390646075,10.58489469841184,13823000.0,29085341
2011-06-07,2.4061362743377686,10.544222831726074,2.4202692200052267,10.66115470396272,2.3602041166795287,10.544222831726074,2.3884701764924468,10.64590249844049,49845000.0,36542812
2011-06-08,2.3609113693237305,10.51371955871582,2.4146166076434836,10.610315508065398,2.3496049767598817,10.457795480454445,2.388470669608479,10.610315508065398,17524000.0,44304468
2011-06-09,2.4188554286956787,10.549307823181152,2.447827909609905,10.620484109437136,2.3849362663902323,10.483215265354769,2.423801941608939,10.488300015844766,32459000.0,36282158
2011-06-10,2.3863494396209717,10.223937034606934,2.4301614558164673,10.498472818442295,2.3587901540129375,10.188348873357736,2.4223883887775144,10.488305356405906,14248000.0,60554092
2011-06-13,2.365150213241577,10.401874542236328,2.424508709347397,10.483218308968205,2.3305246204041494,10.20868258521777,2.3863497964779214,10.20868258521777,23053000.0,46834068
2011-06-14,2.418149948120117,10.462882041931152,2.4351096225204243,10.53914206893666,2.3849375332162657,10.437461351555607,2.3856441301569284,10.447629832117938,21844000.0,41329659
2011-06-15,2.377763509750366,10.264605522155762,2.4301934228137445,10.376453699822068,2.3728039530550333,10.183261764602296,2.41885722082917,10.371369970490122,19194000.0,44770020
2011-06-16,2.364302158355713,10.290026664733887,2.3713872646765357,10.31544735915583,2.313997954154549,10.218851377710338,2.3671363360218494,10.254438510191749,21770000.0,43589856
2011-06-17,2.3026623725891113,10.300189971923828,2.397602958085197,10.386618449825985,2.2806985877351647,10.193425561937675,2.3862667511236326,10.35611404066988,20208000.0,65001445
2011-06-20,2.3203742504119873,10.305278778076172,2.3487146714191547,10.3103635301482,2.2806976272175064,10.213766527569012,2.2998273945051206,10.213766527569012,19129000.0,36582864
2011-06-21,2.4138987064361572,10.386619567871094,2.437279580336821,10.42220668630363,2.327460319017876,10.28493887444569,2.335253887343996,10.340862949211564,18439000.0,49574995
2011-06-22,2.550640106201172,10.3103609085083,2.571186960904898,10.412040593183745,2.377054953235599,10.279856492075439,2.407520920926564,10.345948031599363,38382000.0,32152270
2011-06-23,2.5378878116607666,10.498468399047852,2.555600663983296,10.656073192815448,2.467745200252979,10.417124648755216,2.5137984811537324,10.635737255242288,38113000.0,88243620
2011-06-24,2.5166327953338623,10.208681106567383,2.5385965794681056,10.47304933221494,2.4797901661466026,10.208681106567383,2.535054109927492,10.447629664308248,102656000.0,66654117
2011-06-27,2.5116727352142334,10.254435539245605,2.5520578258799644,10.300192162711918,2.4797896711020817,10.19342773001762,2.5187578418033487,10.218848417074604,18084000.0,36172753
2011-06-28,2.6179490089416504,10.447630882263184,2.6484149803836643,10.4781342828951,2.5371788376406115,10.229018237774541,2.5371788376406115,10.24935417888271,31148000.0,43239401
2011-06-29,2.6717963218688965,10.508634567260742,2.6774645087989497,10.539138977940613,2.5959856941729176,10.406953879701346,2.639913424961162,10.493382361920807,25680000.0,49189653
2011-06-30,2.692342758178711,10.473045349121094,2.741938499153487,10.554390095194572,2.632119273962502,10.44762569088197,2.6781725464716324,10.513717211127751,26329000.0,48851214
2011-07-01,2.739104747772217,10.549307823181152,2.7624856161763613,10.554392573671151,2.7072218528989147,10.412040001159184,2.707930312874112,10.422207458018383,19479000.0,32414084
2011-07-05,2.7603604793548584,10.56456184387207,2.7688626760153636,10.57472930247645,2.7284775797225422,10.498469274701305,2.7454818041212636,10.51372148466845,9519000.0,32902929
2011-07-06,2.7688636779785156,10.56456184387207,2.7688636779785156,10.650989330251594,2.7128912571942365,10.544225904602738,2.739814777080404,10.564561843872072,12312000.0,29727754
2011-07-07,2.739104747772217,10.284939765930176,2.795077139947124,10.54422422796096,2.7306027213030593,10.254435350846409,2.7724049004404407,10.493383876841486,23121000.0,97863268
2011-07-08,2.6895089149475098,10.24935245513916,2.7072217651313024,10.315445019170712,2.623617409566977,10.223932788544214,2.7072217651313024,10.23410126841849,20213000.0,44122970
2011-07-11,2.649123191833496,10.188342094421387,2.700844472254635,10.25951836956179,2.6285763378371243,10.132418024248247,2.6505401113987657,10.168006161818449,14573000.0,49530095
2011-07-12,2.5088388919830322,10.168009757995605,2.6384965456675937,10.269689456971927,2.4804984618475037,10.152757547634005,2.6349540763617965,10.17309348742927,34677000.0,44951519
2011-07-13,2.506713390350342,10.162922859191895,2.569770895024643,10.269687287104379,2.4833325197286604,10.117167259835336,2.532928270063865,10.21376320896837,19458000.0,44410606
2011-07-14,2.492542266845703,10.122255325317383,2.58535726172712,10.173095696877633,2.4868742503452297,10.066332245280178,2.5116722026098177,10.157843483203475,22356000.0,37135582
2011-07-15,2.515923261642456,10.040909767150879,2.5470976897710975,10.137505740536062,2.4762464710464,9.995154156306555,2.5060039795323283,10.076497918723415,13745000.0,50284654
2011-07-18,2.479790687561035,9.9849853515625,2.5300950832089644,10.000237562036807,2.437280030601349,9.91381007278342,2.4996290954956226,9.949397201142656,11983000.0,36651480
2011-07-19,2.564810276031494,10.137502670288086,2.5832315821057534,10.183259289335185,2.4897081321424195,9.974815194725956,2.501044333489827,9.990067401074988,17896000.0,36521627
2011-07-20,2.555600881576538,10.117167472839355,2.6214924005233824,10.16800782368621,2.5449731354936795,10.05107593659281,2.5697710970721546,10.127335951832888,14829000.0,37286409
2011-07-21,2.604487657546997,10.21884822845459,2.634953631693557,10.269687557509299,2.5315108764488743,10.157839398292277,2.5435555403316172,10.173091605832854,20498000.0,46844292
2011-07-22,2.626451015472412,10.203593254089355,2.6491234196889977,10.254432569358386,2.570478633696751,10.152752916760189,2.601653062802882,10.213760708319107,14929000.0,27217020
2011-07-25,2.557016611099243,10.071415901184082,2.595984770027831,10.162927138429238,2.5428464022019774,10.071415901184082,2.595984770027831,10.10700405880645,14361000.0,33176020
2011-07-26,2.597402334213257,9.979901313781738,2.617949192890479,10.117169159688652,2.5655194407425044,9.9493968937755,2.5711874581392693,10.091749491057174,27251000.0,40813410
2011-07-27,2.382723093032837,9.812127113342285,2.5966935066889283,9.974815617866133,2.368552882624561,9.791791178034352,2.5825232962806526,9.929058996878,40519000.0,42527424
2011-07-28,2.4542834758758545,9.842629432678223,2.465619681229587,9.974814530865551,2.2962853988145535,9.786706383220872,2.40114508718373,9.786706383220872,47042000.0,62017992
2011-07-29,2.382723093032837,9.786706924438477,2.4301934499305706,9.908722529737112,2.3260422513997336,9.685026231295959,2.382014633189093,9.766369968161717,38414000.0,73232131
2011-08-01,2.3522584438323975,9.664690017700195,2.4160245953769515,9.893470037566983,2.3345457553429427,9.532505938084256,2.408939486196704,9.883302581782837,23795000.0,57838250
2011-08-02,2.270778179168701,9.22238540649414,2.395476225215399,9.644357454322053,2.2700697193718447,9.22238540649414,2.3274591859727556,9.634189994984856,21037000.0,109434290
2011-08-03,2.3224997520446777,9.268649101257324,2.326750679972242,9.340617845432837,2.219057014747842,9.124709545997119,2.272903847360042,9.263507664673323,17009000.0,68569024
2011-08-04,2.1892998218536377,8.924222946166992,2.302661688887819,9.232663650429576,2.1864658131852903,8.913941107079461,2.282114830428356,9.140131232459895,26030000.0,80391004
2011-08-05,2.078772783279419,8.991052627563477,2.301953949699281,9.109288110749768,2.0610599279423605,8.754581661190896,2.2155155602559424,8.996194064603298,43748000.0,91111554
2011-08-08,1.9264417886734009,8.564374923706055,2.054682296125748,9.068161258383968,1.8718863329476998,8.564374923706055,2.027050338382426,8.795705446779863,43697000.0,127628017
2011-08-09,2.0993189811706543,9.047601699829102,2.1035700786146627,9.05788354219558,1.9434464780646328,8.548956114516606,1.9639933364291693,8.749442739569224,42112000.0,122761488
2011-08-10,2.0723958015441895,8.764862060546875,2.151749069865598,9.253226157196936,2.0249256001291203,8.739157979938522,2.07310443051079,9.078443162950887,30432000.0,107214672
2011-08-11,2.17583966255188,9.15555191040039,2.2070141161521235,9.258366149894739,2.0971948147675072,8.764860693994054,2.0971948147675072,8.841970856887638,27065000.0,87320738
2011-08-12,2.19921875,9.181259155273438,2.267235791654409,9.30463609243821,2.1892994678811815,9.129853045455038,2.2311016379779316,9.212103647928338,25743000.0,60513513
2011-08-15,2.2396047115325928,9.428010940551758,2.2955771135953413,9.453715026037854,2.209847191328048,9.253227913137966,2.209847191328048,9.345760347287552,17067000.0,53775502
2011-08-16,2.1942591667175293,9.412586212158203,2.2445635336277863,9.479414535849624,2.172295390512435,9.289209334910034,2.2204742088967486,9.381741734482581,17459000.0,45084955
2011-08-17,2.1751301288604736,9.505123138427734,2.2693622487266136,9.561670691608425,2.168753650064993,9.43315333738778,2.2197663250403106,9.469138237907757,19023000.0,47358750
2011-08-18,2.027050733566284,9.104146957397461,2.1184486485126905,9.345759340912004,2.0036698676748257,9.01675493637381,2.1120720026544073,9.314914855031986,23055000.0,77886489
2011-08-19,2.004378080368042,9.083584785461426,2.1078206454518322,9.237805156002668,1.9944589673155637,8.996193793330537,2.028467403187554,8.996193793330537,12609000.0,59438222
2011-08-22,1.9583250284194946,9.088726997375488,2.04759756242556,9.340619188387665,1.934944162853625,9.057882507255156,2.039803827955441,9.24294738106767,25793000.0,43110813
2011-08-23,2.0731029510498047,9.376602172851562,2.0759369581268894,9.407445619836501,1.9314007390518104,9.083582709040941,1.971077344897476,9.191537357124266,35977000.0,55309599
2011-08-24,2.2863657474517822,9.453713417053223,2.3706785544452287,9.469134625574602,2.2233082571768503,9.314914272724556,2.268652899058566,9.3766032406282,69346000.0,43926926
2011-08-25,2.187882661819458,9.232665061950684,2.286365676920514,9.402307681921547,2.1829231049636912,9.18125792556278,2.275029474569231,9.356040949136029,25065000.0,54207009
2011-08-26,2.233227014541626,9.361185073852539,2.233935643231309,9.417732630078012,2.1042780461405948,9.001337082731798,2.166627066577598,9.165839346329987,20916000.0,48578438
2011-08-29,2.3274600505828857,9.705608367919922,2.331002519805354,9.741594298586355,2.249523700621172,9.5668102168572,2.265111004397972,9.643920415609248,13459000.0,49397186
2011-08-30,2.3472981452941895,9.705608367919922,2.39264296490964,9.762156949356578,2.286366191742917,9.530826353100428,2.3062045925552455,9.659342662050625,17145000.0,46515760
2011-08-31,2.345881462097168,9.757014274597168,2.4443645093165274,9.834124463573335,2.319666411706826,9.649060630103355,2.3593430484149507,9.757014274597168,22913000.0,46743951
2011-09-01,2.236060619354248,9.721030235290527,2.3487139792579264,9.844407168555632,2.2303926043920606,9.695327181193742,2.3387948686130065,9.721030235290526,31135000.0,41855921
2011-09-02,2.2055954933166504,9.489701271057129,2.234644545524208,9.736454146334133,2.161667938434804,9.474280056034477,2.185048804613504,9.571952918452775,16862000.0,36949129
2011-09-06,2.228976249694824,9.587373733520508,2.230393338362794,9.623359667437045,2.14112097533668,9.304637001530565,2.160250743281956,9.371465364205758,11800000.0,51370274
2011-09-07,2.3168323040008545,9.77243709564209,2.3550918499817195,9.782718937057718,2.277155668978286,9.66962384875961,2.282115227240822,9.762156287681222,14595000.0,50899030
2011-09-08,2.344463586807251,9.674762725830078,2.3628848943431877,9.834123491710654,2.2743209937691384,9.633637433567646,2.279280550579239,9.705606178299604,19383000.0,39405793
2011-09-09,2.2884912490844727,9.397168159484863,2.3557998351072205,9.571951199447392,2.267235932801853,9.320057964399783,2.317540130660715,9.55138751620024,19032000.0,59936764
2011-09-12,2.375638008117676,9.381745338439941,2.3862657504757645,9.397167583202142,2.2530656701470453,9.181258223440768,2.256608138318252,9.186398627209929,20470000.0,55402351
2011-09-13,2.4316108226776123,9.422871589660645,2.4436554868765947,9.45885648659803,2.345172455512975,9.314916898848487,2.3756384304594347,9.397168534757435,20511000.0,33751610
2011-09-14,2.5903172492980957,9.463996887207031,2.6051960907008542,9.566810140234702,2.4372789201826706,9.258370381151689,2.4443640264479938,9.340619950119002,47206000.0,50831153
2011-09-15,2.6109256744384766,9.505123138427734,2.672752090678591,9.520545386287,2.573261278659464,9.381747222463463,2.6159001980962326,9.505123138427734,29980000.0,46744162
2011-09-16,2.5931599140167236,9.330336570739746,2.619454072307732,9.58222974634409,2.5526529490484733,9.330336570739746,2.5988452061196607,9.561667101404218,18030000.0,80837057
2011-09-19,2.654275894165039,9.28407096862793,2.6997575558133886,9.32005585598766,2.516409882620561,9.160694064329642,2.5576276173103714,9.222381999751512,41148000.0,49123567
2011-09-20,2.581078052520752,9.376602172851562,2.6841221801446533,9.443430502530944,2.577524894377851,9.237803044328883,2.6649346856498273,9.335476887902033,27096000.0,54898117
2011-09-21,2.5569164752960205,9.170978546142578,2.6997569814246427,9.386886899057986,2.549809988354418,9.155556299479725,2.5974234339199542,9.299495890393228,32939000.0,56566599
2011-09-22,2.4147868156433105,8.991052627563477,2.487983655620908,9.104147707164628,2.343011171541143,8.893379792172425,2.476613241457314,9.032177923153954,35534000.0,65817346
2011-09-23,2.473060369491577,8.970491409301758,2.4908266754536,9.099008753593475,2.372858763061715,8.919085298348948,2.4069700095132607,8.949928758229664,20868000.0,52643189
2011-09-26,2.4233150482177734,9.134991645812988,2.4929585705518593,9.145272452364535,2.3849398732254636,8.898519660217334,2.4744818352528153,8.944786390063157,25446000.0,40941998
2011-09-27,2.4510304927825928,9.124711036682129,2.4979335270074836,9.299495106182084,2.441792208880806,9.078445334049926,2.464532873721634,9.258369807519069,23268000.0,46890984
2011-09-28,2.3458540439605713,9.027036666870117,2.3870716071841236,9.2326641588535,2.3373261904643683,9.016754827216385,2.3465646419412414,9.1298509295891,106504000.0,34680921
2011-09-29,2.357224225997925,9.24294376373291,2.3849395796833277,9.309772088233261,2.293265834792251,9.088723440396665,2.3693054079367184,9.145269927729244,49076000.0,59446443
2011-09-30,2.328798770904541,9.088726997375488,2.3721484750117456,9.27893124160174,2.304636740739125,9.078445156183799,2.353671568615108,9.129852295232771,51674000.0,47745989
2011-10-03,2.2662622928619385,8.90880012512207,2.361489417427856,9.19153776346748,2.2506281127417767,8.8933778842206,2.330220887755405,9.093864949030786,36639000.0,71437696
2011-10-04,2.2982397079467773,9.042460441589355,2.325955053776212,9.042460441589355,2.193063615006148,8.76486415881806,2.2691031665970574,8.847114756164405,37205000.0,62512213
2011-10-05,2.31742787361145,9.24294376373291,2.323823763599731,9.263505371159786,2.2456523961048815,8.939642485462807,2.293265848453995,9.016752647130929,35119000.0,78504660
2011-10-06,2.341590642929077,9.371459007263184,2.3558036223257144,9.381740843329847,2.294687777033758,9.196676061763686,2.32737766353244,9.258365011255222,24844000.0,53418512
2011-10-07,2.3366148471832275,9.479416847229004,2.375700434565759,9.623356400206463,2.3117420620408997,9.402306667692384,2.3558023419974865,9.43829155593675,18240000.0,51991396
2011-10-10,2.3920459747314453,9.72616958618164,2.4204719252748634,9.72616958618164,2.345143122448399,9.62335635839768,2.345143122448399,9.628495727968668,37583000.0,33288587
2011-10-11,2.3685946464538574,9.690185546875,2.4098123781040375,9.715888597708725,2.345143219343385,9.57709046967915,2.3892035122789474,9.664481462586615,13002000.0,37339953
2011-10-12,2.3913345336914062,9.674762725830078,2.4062581016355318,9.808420442410283,2.3387464081813056,9.66448088603717,2.3835174508776222,9.710747614923356,28894000.0,40613150
2011-10-13,2.4204721450805664,9.64391803741455,2.482298745615869,9.695325168390506,2.3650416042600053,9.551385615039663,2.372858690539714,9.62335642516966,60207000.0,32216459
2011-10-14,2.537018299102783,9.78785514831543,2.5448355536148886,9.798135951872414,2.47163854917619,9.690182347252476,2.485851523557448,9.76729250774714,35004000.0,33340866
2011-10-17,2.491537570953369,9.607931137084961,2.536308470781953,9.84440200440144,2.4737712628701205,9.582227063017172,2.5121464408889573,9.736447373606918,21298000.0,32103259
2011-10-18,2.5469682216644287,9.751874923706055,2.5562065050803984,9.834125525238932,2.480877686123839,9.535966577954847,2.4822990517281776,9.56681003680227,13948000.0,37947584
2011-10-19,2.4609792232513428,9.669622421264648,2.5192524935679894,9.792998299310042,2.4517407717585074,9.618215288685096,2.5185417261540506,9.751873006628244,30312000.0,32436955
2011-10-20,2.4147868156433105,9.628496170043945,2.474481447644169,9.74159227598076,2.3536709877670217,9.520542534277931,2.4538725825621577,9.654200253261019,27141000.0,44288448
2011-10-21,2.4048383235931396,9.798142433166504,2.451741186982632,9.870112239489401,2.374991000681989,9.715891816486051,2.4389494045498235,9.715891816486051,27170000.0,49238980
2011-10-24,2.512145757675171,9.952359199523926,2.5306226588384306,9.972922879593638,2.416208092867798,9.736450893338185,2.421893215026328,9.74673273337304,25690000.0,37826584
2011-10-25,2.447476863861084,9.700467109680176,2.512856622796589,9.93693806425634,2.4417917410980152,9.674763026127373,2.4759028165405135,9.885530930605363,24614000.0,45835930
2011-10-26,2.3998632431030273,9.911231994628906,2.496511509375486,9.931795670732322,2.3906247921817454,9.710745970437605,2.4723494851653793,9.78785613873494,23137000.0,38707412
2011-10-27,2.3991518020629883,10.19911003112793,2.4695060611243727,10.25565859026373,2.378542942761455,10.034608889839868,2.4211820262733106,10.091156415521244,43170000.0,54234308
2011-10-28,2.387070894241333,10.18883228302002,2.4154968381626887,10.240239421821114,2.209408575300868,10.065456390043074,2.395598745190536,10.214535335693201,71596000.0,38388577
2011-10-31,2.3998632431030273,9.900952339172363,2.429710389680678,10.152845515949005,2.343721939637402,9.900952339172363,2.3465645008211737,10.065454532911467,35767000.0,42690267
2011-11-01,2.3451428413391113,9.936938285827637,2.3749901536047533,10.152846598448605,2.293976068721442,9.751873427321291,2.3231127831382863,9.844405856574465,16196000.0,78703023
2011-11-02,2.3167178630828857,10.039752006530762,2.3806762708871574,10.122002599412406,2.3025048835708257,9.972923658178102,2.3757017450011446,10.086018740117714,21439000.0,40007205
2011-11-03,2.439659833908081,10.219674110412598,2.4517408471319535,10.25051755889368,2.331640974032879,10.065453767643788,2.3813865617999492,10.122000262101519,31449000.0,71927173
2011-11-04,2.4432129859924316,10.10657787322998,2.4659538163641246,10.214531480476767,2.3892036409336948,10.039748514666135,2.3892036409336948,10.15284355727084,17113000.0,53618350
2011-11-07,2.457425832748413,10.317347526550293,2.4588471981085456,10.343050574024877,2.388492916706697,10.050032112378315,2.4403702955870052,10.070594757048887,17289000.0,152124031
2011-11-08,2.4680862426757812,10.426386833190918,2.4773246961573956,10.436772162014398,2.406970397842985,10.265422065351109,2.4680862426757812,10.384847605610098,9475000.0,42270459
2011-11-09,2.3614883422851562,10.042145729064941,2.454583460007969,10.2602271592387,2.3501179268267918,10.005798650059917,2.419761615614243,10.16676443477593,15446000.0,48256231
2011-11-10,2.3529603481292725,10.27580738067627,2.399152432470698,10.374463317037112,2.337326007752405,10.109650453692392,2.3920459449233995,10.109650453692392,9560000.0,46477395
2011-11-11,2.436816453933716,10.379656791687012,2.4439229403743346,10.462736309694195,2.3621982615912205,10.338117554611815,2.3693049174638405,10.34850288580901,11553000.0,39780911
2011-11-14,2.3515384197235107,10.27580738067627,2.4382376148114844,10.338116228295224,2.3330615226387965,10.166767158307264,2.424735240875426,10.187536774180248,16063000.0,53173878
2011-11-15,2.344433069229126,10.317349433898926,2.382097479393454,10.384851486838347,2.3245347975662733,10.239463092111558,2.3430117035988975,10.27061804636928,16231000.0,33528583
2011-11-16,2.281184196472168,10.161578178405762,2.3664620280181974,10.35369798766221,2.26483926181598,10.140808553934018,2.3287976354755022,10.203118471206338,17180000.0,37305065
2011-11-17,2.2172253131866455,10.109649658203125,2.2826050417800348,10.213497729396646,2.199459185723116,10.0006084005575,2.276919921655377,10.1615731718716,17349000.0,44102838
2011-11-18,2.1219992637634277,10.140807151794434,2.2442309182178,10.19273172772288,2.097126472455235,10.078498286994467,2.236413832689867,10.12523071848715,32279000.0,40872750
2011-11-21,2.092863082885742,9.844839096069336,2.113471953035598,10.062920641141918,2.0459602188222425,9.829261619166239,2.087177959121955,9.969456823580263,36389000.0,57132702
2011-11-22,2.0900208950042725,9.81368350982666,2.147583588215565,9.922724797264319,2.0679908246873175,9.766952125985869,2.1042338763891664,9.834453129739996,24014000.0,51931107
2011-11-23,2.058751106262207,9.580022811889648,2.0878876493887266,9.756565071919049,2.0374316472699245,9.580022811889648,2.060883069104635,9.751372928821421,23819000.0,39022242
2011-11-25,2.0210869312286377,9.580022811889648,2.0701217430650036,9.67867875002794,2.011848481052278,9.424250168107433,2.0580405625020584,9.543675722492909,8951000.0,22128414
2011-11-28,2.031036376953125,9.912339210510254,2.099258700380462,9.917532398247703,1.9983464959950208,9.74618225547584,2.0843351253729994,9.766951874855142,47653000.0,43349123
2011-11-29,2.051645040512085,10.07330322265625,2.0864668815007783,10.114842453815442,2.0267722485395803,9.896759924444726,2.036010699606622,9.901953111232105,31500000.0,41844011
2011-11-30,2.12626314163208,10.421195983886719,2.1397653491569435,10.421195983886719,2.059462024193597,10.135612454009486,2.091441302368959,10.156382070377223,36586000.0,76779895
2011-12-01,2.1255526542663574,10.40042781829834,2.1589533021011835,10.493891626918977,2.0694113453020053,10.327733628942644,2.1191569333344535,10.400427818298342,48612000.0,45119527
2011-12-02,2.214383125305176,10.327733993530273,2.2484943600822382,10.48350666544478,2.1433182646429527,10.31734866160277,2.151846115695217,10.452352757375996,57689000.0,44988093
2011-12-05,2.2058558464050293,10.301769256591797,2.269814232677826,10.47831255930286,2.18737894537315,10.24465359518469,2.2399669179777115,10.447157613211104,28980000.0,50895236
2011-12-06,2.18951153755188,10.504273414611816,2.2172267276299937,10.602929343604423,2.1362127822962975,10.358886114359343,2.1980392231789643,10.43157924255729,27058000.0,55653835
2011-12-07,2.218647003173828,10.62889575958252,2.2307280122837017,10.711975297143074,2.1632163113887737,10.436777003857392,2.1774292832159174,10.447161293641814,25019000.0,50414823
2011-12-08,2.1802728176116943,10.483508110046387,2.2484951414412966,10.665242571036918,2.1738769270999048,10.44716100907688,2.2158052602904403,10.55100912337761,29397000.0,37986265
2011-12-09,2.1752982139587402,10.675625801086426,2.1781407753838917,10.73274251366296,2.1170249422989293,10.509467807084654,2.134080480281884,10.540622757165236,33703000.0,45843098
2011-12-12,2.0935733318328857,10.587353706359863,2.1056543439124105,10.670433221898678,1.9606818600940532,10.504275234677806,2.0338786999396654,10.582161562843924,36729000.0,42414119
2011-12-13,2.0779387950897217,10.779475212097168,2.1383440192182857,10.88332330857084,2.0658577841504115,10.649664308612456,2.0992582560588593,10.680818215626143,32928000.0,72990449
2011-12-14,2.0402746200561523,10.83139705657959,2.0864668752530426,10.919668707768608,2.0090059383388574,10.696394030197759,2.0580407547558566,10.722355789320803,21125000.0,59911679
2011-12-15,2.0438425540924072,10.976785659790039,2.0873740230671207,11.033901322373923,2.040274311642328,10.857360103738847,2.06025609504781,10.87812867641903,23917000.0,59754000
2011-12-16,2.0552608966827393,10.919668197631836,2.081665246902341,11.09621044790564,2.0103019220728897,10.919668197631836,2.0638243731591825,11.075440832806171,90364000.0,72646212
2011-12-19,1.9660569429397583,10.976785659790039,2.0574017163509097,11.11178764535137,1.9546388037275673,10.924861096519512,2.0574017163509097,10.971592472763303,31124000.0,44838741
2011-12-20,2.057401180267334,11.142940521240234,2.0695330669926024,11.184480790450674,1.9924607749999277,10.971590433762842,1.9931743553450103,11.065054212737465,29613000.0,63744866
2011-12-21,1.9917471408843994,11.257179260253906,2.073814840373947,11.283141027468304,1.9660565455289492,11.106599757782016,2.0574013004760374,11.184486103282197,27523000.0,47315536
2011-12-22,2.0709609985351562,11.231212615966797,2.0795246464362815,11.293521456538382,1.9896070240472932,11.194865531335905,1.9967433405838286,11.24159690080046,27874000.0,39297652
2011-12-23,2.097365140914917,11.335063934326172,2.113065103767202,11.335063934326172,2.058829069537624,11.210446217444359,2.085233421042184,11.298716839271433,11767000.0,30881357
2011-12-27,2.093797445297241,11.303908348083496,2.107356498833233,11.37140934040446,2.0716749133252708,11.277945544696703,2.0888020403404486,11.293523017957442,7993000.0,20215825
2011-12-28,2.050978422164917,11.179289817810059,2.0959372123566786,11.319484992101408,2.044555689239486,11.137750584231636,2.0952236320793403,11.298715375312197,13375000.0,27433196
2011-12-29,2.078096628189087,11.272757530212402,2.0845193619919957,11.298719299251017,2.051692282745773,11.179293700273494,2.0524058631206015,11.179293700273494,10221000.0,20738926
2011-12-30,2.059542655944824,11.236409187316895,2.0809516034535673,11.345450484189193,2.045270024272329,11.153330700475305,2.066678971781072,11.158522844938668,8364000.0,26018728
2012-01-03,2.0659658908843994,11.407758712768555,2.153029033199703,11.423336189146369,2.061684066318474,11.34025770694055,2.1037883909780226,11.350641995287832,23032000.0,53124340
2012-01-04,2.0302834510803223,11.303908348083496,2.0759558302832453,11.39737109993457,2.0053062650227353,11.293523017957442,2.0616832011483845,11.381794670530512,20254000.0,31912485
2012-01-05,2.0331387519836426,11.215636253356934,2.0516932112714996,11.277945100086813,2.0110162190637046,11.106596032543807,2.030997839747103,11.277945100086813,20075000.0,52764821
2012-01-06,2.0202934741973877,11.20005989074707,2.0374206021625665,11.309101166223906,1.9995981024118803,11.19486774730248,2.0274297916948147,11.277946217842883,24357000.0,31613571
2012-01-09,2.1565966606140137,11.32987117767334,2.1687283799876025,11.340256508780246,2.0873742469188556,11.168906374442159,2.0909424897515962,11.194868136424253,33485000.0,41786041
2012-01-10,2.1872830390930176,11.392180442810059,2.221537288748803,11.423335393395428,2.168015002393738,11.319486254015407,2.178005811031409,11.392180442810059,26829000.0,29227420
2012-01-11,2.226532220840454,11.37140941619873,2.2586457219570715,11.40775650609716,2.1830007523556874,11.298715236401868,2.1901370670323623,11.366217273029436,27103000.0,30317467
2012-01-12,2.260787010192871,11.418144226074219,2.278627884929781,11.42333637033021,2.1994146597155506,11.361026463830669,2.226532591949552,11.397373561336432,19873000.0,28835648
2012-01-13,2.252936601638794,11.340254783630371,2.2836227699017826,11.397370442530832,2.2272458363322043,11.267560608511063,2.249368359445279,11.392178299695631,24275000.0,30636829
2012-01-17,2.258645534515381,11.392180442810059,2.3021771695306836,11.511607057482763,2.245800237220644,11.366218679893462,2.2622137766291766,11.418143249583473,31782000.0,37463376
2012-01-18,2.4220681190490723,11.407758712768555,2.4977131064465183,11.423336189146369,2.339286815296079,11.29871742198075,2.354986609192362,11.397373380564382,44274000.0,36335385
2012-01-19,2.3992316722869873,11.340254783630371,2.451326795084436,11.376600827333405,2.3978043410575705,11.210443905753982,2.4177861275534527,11.371408684498203,31546000.0,36785549
2012-01-20,2.412790298461914,11.37140941619873,2.42920383906467,11.449295739164885,2.3792496368389844,11.283137763037299,2.3913813546509064,11.366217273029436,23462000.0,41954892
2012-01-23,2.4020867347717285,11.272757530212402,2.419214033017373,11.418145942085607,2.3749687961215105,11.23121828220779,2.4156457891684533,11.392183129189926,20124000.0,35547415
2012-01-24,2.4170725345611572,11.246796607971191,2.4434768860954414,11.25198875339843,2.397090748168192,11.174102396561274,2.397090748168192,11.220833793120711,30778000.0,26784880
2012-01-25,2.422781467437744,11.277946472167969,2.465599361467283,11.293523946709763,2.4049405931871766,11.148136619985479,2.465599361467283,11.168906238088947,30352000.0,36653272
2012-01-26,2.432058572769165,11.231212615966797,2.4570357614378104,11.319483212479074,2.4149314500455334,11.158518446705013,2.4234949263357604,11.303906785228582,25537000.0,142995864
2012-01-27,2.424922227859497,11.153327941894531,2.460603803991226,11.215636791614719,2.412076928509345,11.137750468500313,2.414931420571248,11.215636791614719,29468000.0,140047931
2012-01-30,2.407081365585327,11.205248832702637,2.42706315039518,11.205248832702638,2.3799634356600987,11.049476223017324,2.3978041387348914,11.10659396001548,16590000.0,76210419
2012-01-31,2.4220681190490723,11.111787796020508,2.4320589279181988,11.314292864821729,2.381390962693568,11.018325042265625,2.4263499428910418,11.283137917665632,16225000.0,58525247
2012-02-01,2.470594644546509,11.179993629455566,2.4905764295352415,11.295413632501353,2.4363403990560792,11.122283627932674,2.4541811022905846,11.148515063279566,39361000.0,47106844
2012-02-02,2.497713327407837,11.075066566467285,2.5105586299269067,11.179993360025856,2.479872449869065,10.912428718076951,2.4834406934341064,11.138022642602428,36188000.0,60616067
2012-02-03,2.506990432739258,11.122282028198242,2.5319676260318134,11.148513459772229,2.495572292095324,11.043586678776773,2.5176949927626984,11.117035952823349,23816000.0,43372311
2012-02-06,2.447758674621582,10.991124153137207,2.5012811276075406,11.11179128494086,2.43634053543788,10.949153435422739,2.497712884674989,11.085558795344584,18853000.0,33828235
2012-02-07,2.4677398204803467,11.043587684631348,2.472021643126445,11.069819118594504,2.4227810229826288,10.912428405416353,2.4506127000391102,10.949153045784536,15076000.0,39394199
2012-02-08,2.489149570465088,11.022600173950195,2.4977132185333266,11.059324807146533,2.4577498111202303,10.938658757901079,2.465599708420642,11.017354099121976,15032000.0,36091173
2012-02-09,2.506990432739258,11.090803146362305,2.519835734624177,11.148512077731201,2.4827269902104043,11.017353881420972,2.498426784720505,11.04358530974314,11790000.0,30503287
2012-02-10,2.4613165855407715,11.043587684631348,2.5262571521213824,11.048834815183666,2.4513257814954836,10.964892328042273,2.467739318202651,11.017356250668193,8898000.0,28363245
2012-02-13,2.4841532707214355,11.1747465133667,2.5098440355260982,11.242948660801362,2.4277763382533073,11.08555795396799,2.487007762334587,11.132775798837741,14360000.0,31138217
2012-02-14,2.4627456665039062,11.190486907958984,2.4934318508402487,11.237703702825197,2.4399093809046426,11.106544415852861,2.4670274913216734,11.174747624770358,18319000.0,26627097
2012-02-15,2.496285915374756,11.075066566467285,2.531967669300516,11.206225849440226,2.4841541939030107,11.043588001049894,2.4920042614354196,11.185239436028874,19864000.0,31215580
2012-02-16,2.5590858459472656,11.190486907958984,2.565508582676018,11.216718343473584,2.477731691146088,11.048835468660679,2.4998543942751588,11.106544415852861,16769000.0,25492360
2012-02-17,2.5148403644561768,11.117033004760742,2.5540901915557033,11.269177587882433,2.48629509752678,11.075062303492532,2.5455265434195993,11.269177587882433,18402000.0,36507609
2012-02-21,2.5312535762786865,11.13277530670166,2.5605125901245693,11.185238170193896,2.517694695374837,11.080311388509903,2.531967326958081,11.153760663038458,20449000.0,24555881
2012-02-22,2.561938762664795,11.206225395202637,2.591911345481867,11.24294898043484,2.521975375623073,11.069818987056188,2.521975375623073,11.101297551197613,24333000.0,30213332
2012-02-23,2.653998374938965,11.033095359802246,2.65899377884485,11.21671750406228,2.5483808019687464,11.027848229332262,2.554803366908779,11.159007506489198,47606000.0,41009664
2012-02-24,2.5919127464294434,11.111788749694824,2.6689850709844394,11.195730165971836,2.581208356158125,11.043585557945198,2.6654168274651897,11.09080339562557,19325000.0,34679867
2012-02-27,2.639012098312378,11.153761863708496,2.6539984807708215,11.211471863521885,2.5362490134558193,10.88619722323736,2.584062483013264,10.891444353911037,26216000.0,37747640
2012-02-28,2.641153335571289,11.13277530670166,2.670412353405153,11.164252813857097,2.6090398250603495,11.033094600426987,2.6283080334528406,11.080311388509903,21581000.0,30038051
2012-02-29,2.6839706897735596,11.085556030273438,2.6903934245968957,11.200976002548837,2.619743851969732,11.048832452457978,2.636157394200583,11.111788513326545,34503000.0,38202652
2012-03-01,2.663276195526123,11.274429321289062,2.6975304499809947,11.358370765961553,2.651858053993425,11.043589293739949,2.69324862563833,11.054082501673891,12550000.0,50123497
2012-03-02,2.611894369125366,11.23245620727539,2.661848584204167,11.279672996175064,2.5926261616089445,11.18523836367618,2.65828034091265,11.232456207275392,19601000.0,26050453
2012-03-05,2.529827117919922,11.279669761657715,2.6083266134326806,11.321640463021954,2.518408975453055,11.206221561619913,2.6061857010861904,11.206221561619913,24881000.0,28109969
2012-03-06,2.519835948944092,11.15900993347168,2.531967841383583,11.305908524588478,2.4691681475722427,11.117039208781113,2.475590884132581,11.232459229030079,19936000.0,38474057
2012-03-07,2.551234722137451,11.211471557617188,2.5669345108519437,11.326891554094734,2.51626673249366,11.148514428847903,2.5341076025656655,11.200978351255772,12857000.0,34605560
2012-03-08,2.5990488529205322,11.258684158325195,2.627594118190806,11.316394135080794,2.5762125726470324,11.237698808113997,2.590485375425371,11.284916637113602,17478000.0,38896500
2012-03-09,2.624025583267212,11.269182205200195,2.627593655726404,11.405587567560815,2.5726440467667437,11.248196845967765,2.6061847105417373,11.258688998234147,13307000.0,41506625
2012-03-12,2.611894369125366,11.30065631866455,2.630448825897562,11.353119168724149,2.576212616783018,11.237699211074235,2.6211715975114642,11.263931690803284,8724000.0,37946213
2012-03-13,2.6853983402252197,11.54723834991455,2.6882528326606385,11.562977632119448,2.631875883952526,11.342630845349714,2.6368712882503083,11.353122997019907,12902000.0,47106106
2012-03-14,2.648289442062378,11.505264282226562,2.7382070601817285,11.594452818939653,2.640439545287895,11.48427893029983,2.6832574424739475,11.531495708460156,22282000.0,38693816
2012-03-15,2.704148054122925,11.494771957397461,2.7048641431173936,11.541989793865692,2.641843701589126,11.442309100920822,2.65974729238122,11.515757310927993,16248000.0,32575767
2012-03-16,2.7141740322113037,11.51051139831543,2.7786268236381604,11.594453868319043,2.6977027898508648,11.479032840226651,2.7098771566840067,11.51051139831543,23520000.0,69272253
2012-03-19,2.725632905960083,11.479037284851074,2.7327943098242233,11.521009063453834,2.6941227631061335,11.447559769273754,2.7048647835316757,11.463299054412316,10058000.0,23501881
2012-03-20,2.7234838008880615,11.43706226348877,2.7320775517174045,11.541990088519492,2.6855283526272875,11.416076909422504,2.6998511568486627,11.416076909422504,17642000.0,25468329
2012-03-21,2.7471163272857666,11.42132568359375,2.7643036574671327,11.531498544631281,2.710593229307702,11.416078553297062,2.7277805594890685,11.452803191876091,13604000.0,28106175
2012-03-22,2.717755079269409,11.400338172912598,2.7456846021330112,11.46854136789933,2.7113097653605824,11.384599947638234,2.734226323208868,11.400338172912598,19680000.0,22238873
2012-03-23,2.7284977436065674,11.447559356689453,2.7335107098073412,11.526254724846172,2.6869616647681487,11.389849349727873,2.70772961881668,11.426573995494312,14863000.0,24517410
2012-03-26,2.7814910411834717,11.625929832458496,2.782207130111312,11.678393737427214,2.719186694446804,11.515755948433965,2.7542776130301796,11.515755948433965,16678000.0,35138147
2012-03-27,2.777194023132324,11.804306983947754,2.7943813517044527,11.96169871405713,2.7485484185983533,11.678394865499477,2.7707487108897992,11.694134143980351,17597000.0,64566248
2012-03-28,2.7191874980926514,11.75709056854248,2.7836403014029085,11.851525187662812,2.7062970398753983,11.652162745209052,2.7807756033623363,11.83578590869286,16691000.0,34751539
2012-03-29,2.7456846237182617,11.762335777282715,2.747832890963444,11.778075055093845,2.685528701578923,11.636423664192304,2.6962708915114177,11.678394368555773,13024000.0,35155432
2012-03-30,2.7908010482788086,11.883003234863281,2.808704467741961,11.940712164107095,2.732077484127438,11.762336137746253,2.7542777788989596,11.778075416039721,24210000.0,35830835
2012-04-02,2.770749092102051,11.85152816772461,2.7936656471787,11.924977451586923,2.7292130281095806,11.799064242865862,2.7850718963396326,11.825295677945409,14370000.0,36631665
2012-04-03,2.747832775115967,11.82529354095459,2.7922335403961673,11.88824960658828,2.730645442689902,11.725612840026384,2.7650202782833406,11.830540670781994,12313000.0,39670241
2012-04-04,2.6790826320648193,11.746601104736328,2.7306447877166082,11.778079672699786,2.6561662512405664,11.67315287065447,2.724915735195862,11.762340388718057,13125000.0,32006291
2012-04-05,2.693405866622925,11.720365524291992,2.720619297319652,11.730857673437276,2.674786186828595,11.657409465322232,2.683379937730992,11.683640892884794,13792000.0,23249448
2012-04-09,2.6912574768066406,11.568225860595703,2.6998512278620224,11.662660516698086,2.6547343763038658,11.547240498650707,2.666908743138124,11.578719068918101,12198000.0,23731442
2012-04-10,2.63539981842041,11.536744117736816,2.7027169968227263,11.835786206902927,2.618928568488149,11.515757708781855,2.677652162626705,11.55772841729295,20072000.0,50714580
2012-04-11,2.684096574783325,11.515759468078613,2.736375009125756,11.625933385776394,2.6425605020036373,11.500021241007138,2.6533025220837185,11.578716595162817,15944000.0,39614379
2012-04-12,2.7320780754089355,11.500018119812012,2.7535622858591453,11.56822024937654,2.6855288673961506,11.468539564813437,2.6948387089987076,11.56822024937654,12525000.0,42644840
2012-04-13,2.6697731018066406,11.463295936584473,2.7163222991901463,11.541991286173632,2.6647601375870766,11.442310580340664,2.71560621022772,11.447556655726737,8941000.0,38924220
2012-04-16,2.65330171585083,11.53149700164795,2.6905410717277247,11.573467710208178,2.6497211004925867,11.421324155352202,2.6776506174002574,11.458048789017257,17633000.0,40057481
2012-04-17,2.702714681625366,11.704625129699707,2.7177537400016094,11.725610480688424,2.6654753361582144,11.526249118945984,2.676217520712674,11.557726618079434,11296000.0,30670978
2012-04-18,2.684096574783325,11.77807903289795,2.707729223849101,11.856774393832026,2.6575993984122834,11.625934387172158,2.6891097109942046,11.657412953425656,8837000.0,33252224
2012-04-19,2.5573391914367676,11.720365524291992,2.663328044614639,11.84627764223151,2.550177789360207,11.646916261477596,2.6482889807349563,11.820046214668949,28969000.0,33149459
2012-04-20,2.4549312591552734,11.835787773132324,2.5602040364367475,11.924976331545281,2.4069498763507826,11.688889219204999,2.5602040364367475,11.704628500654291,80400000.0,39868182
2012-04-23,2.379737377166748,11.741352081298828,2.4227058118424263,11.820047426755679,2.3732920607429815,11.709874575935764,2.4184091049679637,11.736106006188228,43912000.0,25905107
2012-04-24,2.3403494358062744,11.872509002685547,2.381885689566572,11.961697535489987,2.3188652196086155,11.725610490936882,2.3768727228612554,11.746595841943941,37246000.0,37466116
2012-04-25,2.505061388015747,12.003671646118164,2.5258295103965454,12.056134511183766,2.4463378081678826,11.93022236938686,2.472835156071661,11.94596165078636,40196000.0,32351160
2012-04-26,2.5107903480529785,12.098104476928711,2.524397065147307,12.12433696253876,2.4642411425941257,11.972192342918634,2.484293173692292,11.998423773829195,16242000.0,116828100
2012-04-27,2.4778473377227783,12.108596801757812,2.5286932377320364,12.224016776891858,2.470685936140857,12.05613288905159,2.5129382566965783,12.140074305622019,17007000.0,94141699
2012-04-30,2.4692537784576416,12.014163970947266,2.4792797072993085,12.119091811994576,2.4413242589061737,11.961701105123177,2.4649569030279856,12.077120042755912,13464000.0,78951767
2012-05-01,2.4678215980529785,11.95120906829834,2.502912348964369,12.061381941066541,2.4470534806575572,11.830542988519055,2.4728345624688917,11.872513707164051,11762000.0,45485686
2012-05-02,2.4907381534576416,11.888252258300781,2.4964673779987474,12.05613619213713,2.424853181053419,11.846281538516621,2.444189121795681,11.903991541894769,8848000.0,34983209
2012-05-03,2.3890457153320312,11.856773376464844,2.4871570663109193,11.909237297485799,2.3840327515216173,11.809555531136112,2.4857247177616832,11.893498015709554,18368000.0,26455716
2012-05-04,2.265153646469116,11.741352081298828,2.3890459158000183,11.851525986818203,2.260856771202126,11.688888166094442,2.35825187070831,11.814801351645078,38604000.0,37495418
2012-05-07,2.2415215969085693,11.77807903289795,2.2909351633422603,11.841035110705278,2.235076282301044,11.667905105710377,2.260141110094752,11.667905105710377,19848000.0,36663390
2012-05-08,2.2594246864318848,11.762335777282715,2.2680184379696082,11.81479968508671,2.21287548350473,11.68364044292638,2.2264821998590225,11.730857221660457,28533000.0,32590629
2012-05-09,2.225050449371338,11.89479923248291,2.2372248192285644,12.074943012048191,2.1999854497302196,11.62988109506503,2.232211853448609,11.693462129742404,24596000.0,78414649
2012-05-10,2.2114429473876953,12.09613037109375,2.24510151755911,12.18090362199628,2.193539358163043,11.98486574557197,2.2343593298760624,12.027252371023236,22290000.0,56212560
2012-05-11,2.2157397270202637,12.000764846801758,2.230778618387465,12.170311403005158,2.192107085876791,11.990167654463294,2.1978361385667893,12.048449549446088,29039000.0,35545623
2012-05-14,2.229346513748169,11.968975067138672,2.2522630684979186,12.064345543413117,2.1820812262901184,11.878902654781816,2.197120290043957,11.90009597560374,18594000.0,32691707
2012-05-15,2.2236177921295166,11.815329551696777,2.2673022997250425,11.974280082715607,2.2135918619589128,11.788838151577703,2.2336437223001204,11.95308674958991,21493000.0,39914453
2012-05-16,2.203565835952759,11.995469093322754,2.2673023767974048,12.016662418811523,2.199269130548812,11.815325294092315,2.2243339568273495,11.825922489412601,19452000.0,41604226
2012-05-17,2.153435707092285,11.953079223632812,2.2157400608753712,12.080240207475459,2.15200352907463,11.937183967508542,2.1985525587331134,11.984869735881354,18872000.0,40474865
2012-05-18,2.1498560905456543,11.958375930786133,2.166327340593513,11.995464502485099,2.1276556135403704,11.836514089576049,2.164894991168812,11.979569248163914,22855000.0,44075434
2012-05-21,2.2135915756225586,11.94247817993164,2.2135915756225586,11.990163932926656,2.126938489985185,11.905390681137087,2.148422696460838,11.94777730703187,28360000.0,38857607
2012-05-22,2.239372968673706,11.852412223815918,2.25011498803335,12.01666073969094,2.2078626582050926,11.772936998050373,2.2157403211929054,11.910694127054096,28475000.0,37214527
2012-05-23,2.4005043506622314,11.704052925109863,2.4055173152226783,11.878898560490498,2.255843955196493,11.60868248170668,2.2694505001142917,11.857705246973257,47735000.0,54873348
2012-05-24,2.328174352645874,11.730545997619629,2.4005046446063063,11.746441249901402,2.322445298372778,11.613982234421652,2.396207768530824,11.735844059996467,27487000.0,27578121
2012-05-25,2.374007225036621,11.725244522094727,2.3919106458502006,11.831212139318865,2.3324709882444234,11.635173219120363,2.3346194260606614,11.73584170987756,15457000.0,20463621
2012-05-29,2.467104911804199,11.751742362976074,2.4714017864867865,11.878902283937851,2.378303574909537,11.725249913912052,2.4026523037891803,11.751742362976074,19163000.0,32403333
2012-05-30,2.3675618171691895,11.677565574645996,2.438459750053715,11.772936050922466,2.353955101789421,11.66167031774132,2.4312983478656203,11.693460831550668,26237000.0,22703898
2012-05-31,2.370426893234253,11.587492942810059,2.390478926452684,11.772935827932852,2.3253100319194537,11.576896815175356,2.383317522604959,11.704056737701086,19157000.0,57866813
2012-06-01,2.2186050415039062,11.465627670288086,2.3396328165602522,11.550400926731237,2.2100112886747847,11.359661099734147,2.322445481643343,11.52920761262045,38892000.0,45910764
2012-06-04,2.186378002166748,11.449734687805176,2.2665857694000735,11.481525197847994,2.161313010878352,11.364961414559588,2.235791725055562,11.412647179623814,39732000.0,29011877
2012-06-05,2.249398708343506,11.444437980651855,2.2551277620843706,11.465631301474607,2.176352334070304,11.338470311386526,2.1899590501314887,11.44973604456965,36053000.0,32490393
2012-06-06,2.361116886138916,11.608686447143555,2.362549235104888,11.619283640097695,2.2615733283902704,11.417946560333133,2.277328484050667,11.508017907261273,25299000.0,36665393
2012-06-07,2.3596854209899902,11.624582290649414,2.397640887274148,11.735848029101012,2.3532401048073854,11.60338896882315,2.3940600991477976,11.635179484138355,23101000.0,29304151
2012-06-08,2.4234211444854736,11.730545997619629,2.437743950562633,11.751739312278238,2.327458207175455,11.550401225294566,2.351090854276899,11.629876421552162,25119000.0,22237714
2012-06-11,2.380453586578369,11.709356307983398,2.453500168248998,11.857709556521362,2.37329218043791,11.704057178814779,2.441325624142966,11.788831528845206,15443000.0,23909041
2012-06-12,2.429149866104126,11.75704288482666,2.447053456620489,11.76763901454642,2.3854653647709663,11.619285742407454,2.3854653647709663,11.741147625095259,18471000.0,25961917
2012-06-13,2.437744379043579,11.75704288482666,2.4699706130109154,11.910695286977267,2.409814851061567,11.704059040772577,2.428434536382908,11.7464467551069,20580000.0,25022592
2012-06-14,2.396024227142334,11.953079223632812,2.4312704725284062,12.048449695226918,2.3485497275400835,11.735846897005164,2.4305510424001247,11.735846897005164,23709000.0,32476059
2012-06-15,2.4506914615631104,11.979569435119629,2.4701128136823747,12.112028469661487,2.3981818163899047,11.947779991132546,2.3996203334375386,12.09083515195296,18289000.0,41413030
2012-06-18,2.5003232955932617,11.98487377166748,2.5233411062539766,12.037856556387778,2.4319887789667693,11.937187987236957,2.442059081849394,11.958381314155453,17163000.0,24333909
2012-06-19,2.4960074424743652,12.03255558013916,2.517586736781425,12.09083748135396,2.4744281481673056,11.995467000715959,2.511832326898337,12.037853644299155,19152000.0,23620140
2012-06-20,2.537008762359619,12.011360168457031,2.556430115275375,12.074940122769371,2.5024819508420606,11.937183022516919,2.5032012093953755,12.059044867903427,29267000.0,23002496
2012-06-21,2.4801836013793945,11.974276542663574,2.5456409416943786,12.15442035355073,2.473709758914855,11.958381281230498,2.5355706344142455,12.059049850104147,23173000.0,26788359
2012-06-22,2.5032012462615967,12.043149948120117,2.5211840823355676,12.10672989857817,2.472990157116021,11.979568932510693,2.478744740118387,12.006060312247039,55520000.0,27101713
2012-06-25,2.460761785507202,11.905396461486816,2.4916921317267415,11.953081172482701,2.448533533024644,11.682864969768167,2.4729900379897605,11.682864969768167,23592000.0,28721289
2012-06-26,2.4737086296081543,11.889497756958008,2.4902527718000336,11.97956908832393,2.442778291727422,11.87360250284891,2.4672349615960565,11.937182454133922,18656000.0,24938589
2012-06-27,2.510394811630249,11.979569435119629,2.521903808270849,12.032553261966655,2.4693941504394785,11.88949810114624,2.4758678217084493,11.88949810114624,11415000.0,21930683
2012-06-28,2.4679551124572754,11.93718433380127,2.498885461523842,12.027256744501665,2.4406212278650785,11.79412915459622,2.4823413133488392,11.990168167457476,16941000.0,24259496
2012-06-29,2.582324981689453,12.18620777130127,2.5852023585313306,12.186207771301271,2.5190257781143424,12.032555391852831,2.5190257781143424,12.096135356232722,18990000.0,34342693
2012-07-02,2.552833080291748,12.18620777130127,2.603184769204662,12.233892478298287,2.5370081951774632,12.106732549538506,2.572973687258116,12.106732549538506,21855000.0,24433617
2012-07-03,2.570816993713379,12.117326736450195,2.575132889166214,12.186205819024085,2.5492376879462797,12.059044845484378,2.5578694788519503,12.1544153093513,9803000.0,16463691
2012-07-05,2.559307336807251,12.011360168457031,2.586641046637933,12.127923950605371,2.5513948072139567,11.958376340621031,2.5708161589483667,12.08553624924571,8576000.0,25885186
2012-07-06,2.4801836013793945,11.94247817993164,2.554991990310805,11.974268681928317,2.4506919382027013,11.852406866193018,2.5535533014863323,11.95837343092998,14716000.0,20008925
2012-07-09,2.394584894180298,12.000764846801758,2.4888146094034456,12.016659037582198,2.382356643253822,11.894797184023128,2.4816215105351063,11.947781015412444,21974000.0,23817660
2012-07-10,2.4046549797058105,11.889497756958008,2.45069094547597,12.064343421855328,2.391707471518571,11.863005311725715,2.4168832295207,12.037850976623035,21338000.0,26049505
2012-07-11,2.380918264389038,11.836512565612793,2.4132872992528824,11.868303070162101,2.368690011872949,11.65636885851965,2.403216993827518,11.863003942636375,18940000.0,27403473
2012-07-12,2.3435142040252686,12.011360168457031,2.373006034868058,12.069642059531201,2.311864597471651,11.735845967952129,2.3679708818820533,11.82061924036858,21140000.0,45564842
2012-07-13,2.384514570236206,12.08553695678711,2.391707669044733,12.133222724176678,2.3363206538717733,12.027256127452354,2.341355977385045,12.032554191000695,16791000.0,29677267
2012-07-16,2.355023145675659,12.255085945129395,2.3801990815365692,12.281578396132309,2.3291279512606473,12.032555534584295,2.371567292899221,12.037853598724231,13761000.0,30868814
2012-07-17,2.3766026496887207,12.514699935913086,2.3895503337556767,12.572981813626317,2.3427950937867466,12.23918686372013,2.380918544377706,12.265678238989347,18038000.0,43323827
2012-07-18,2.430551528930664,12.541196823120117,2.4492536290627256,12.594179592444883,2.3672521262911554,12.44052828322118,2.373006710984066,12.467019667883564,21230000.0,36780279
2012-07-19,2.5923962593078613,12.610072135925293,2.618291458413447,12.625967389363081,2.475867777584194,12.42992841565014,2.483780309100691,12.504105554925596,34675000.0,113013569
2012-07-20,2.5377275943756104,12.557092666625977,2.5895177994472016,12.647164017777012,2.53556964772717,12.520004087274978,2.585921336031129,12.551793537324677,14961000.0,118359668
2012-07-23,2.4809019565582275,12.50410270690918,2.5032006819830728,12.541191268099373,2.426234373592762,12.38753896178317,2.4916916900697648,12.43522364608422,15101000.0,110434009
2012-07-24,2.458604097366333,12.387543678283691,2.524061432339833,12.46701889247933,2.429112436596234,12.223295186319767,2.4945696000726896,12.398140870580477,9758000.0,38608652
2012-07-25,2.460761785507202,12.361053466796875,2.499604490039685,12.456423945900752,2.4327086449017306,12.239191602167546,2.4550073742790666,12.392842916397099,20470000.0,30251486
2012-07-26,2.5492372512817383,12.445818901062012,2.57009729473256,12.551785441465647,2.517587642544074,12.414029471516386,2.5183069011639843,12.472310269875187,13101000.0,26874997
2012-07-27,2.5988693237304688,12.625967025756836,2.623325999757637,12.684248909916084,2.5571494143259286,12.456420501039974,2.5744128192003237,12.541193763398406,11498000.0,36427294
2012-07-30,2.5873606204986572,12.562385559082031,2.6398704425283213,12.631263560126973,2.5693779550886453,12.48820843091734,2.612536557869125,12.594174996044627,12044000.0,31293998
2012-07-31,2.6542553901672363,12.737231254577637,2.7074842741634395,12.975656826178644,2.605342227213647,12.663054126039228,2.606780915225826,12.66835218803449,23597000.0,58289467
2012-08-01,2.639150381088257,12.801398277282715,2.6700807228313854,12.929732595982477,2.619009773207616,12.689104942178787,2.66936146440622,12.790703213229978,15423000.0,44843379
2012-08-02,2.628361701965332,12.790711402893066,2.6715203089244266,12.833489536516392,2.5967119196643487,12.635640937255896,2.614694758312501,12.731892275403148,13151000.0,31750169
2012-08-03,2.6693618297576904,12.983208656311035,2.694537764551285,13.00994470991101,2.6377122252575638,12.881610362644219,2.672239035349152,12.886957358366397,14333000.0,34861155
2012-08-06,2.6664841175079346,12.972515106201172,2.69309856429174,13.031335286113496,2.661448965805349,12.940430980798403,2.67511590413922,12.961820039403873,11303000.0,27235465
2012-08-07,2.6902225017547607,12.694458961486816,2.706766652159513,12.860224469580801,2.665765991242367,12.689110889459426,2.6815907114576496,12.83348733441191,15424000.0,59418618
2012-08-08,2.695976972579956,12.74258041381836,2.7118018646344666,12.780011532279856,2.6794328218174894,12.673066247382037,2.6945384551640443,12.678413242879667,17173000.0,31970982
2012-08-09,2.6844677925109863,12.763968467712402,2.7024504583129487,12.86556674912826,2.6621690605404518,12.683759241595203,2.664327007876215,12.742579412413747,9996000.0,25883921
2012-08-10,2.672239065170288,12.801398277282715,2.692379847529332,12.801398277282715,2.6449053545008328,12.699800006231525,2.677993647914455,12.758620171049461,14662000.0,20884167
2012-08-13,2.6089394092559814,12.683762550354004,2.672238608136549,12.763971797395046,2.5959917289188215,12.651679496531129,2.672238608136549,12.731888743572172,21116000.0,24283633
2012-08-14,2.6003077030181885,12.822793006896973,2.6449049841789045,12.876266200854909,2.5880794522073636,12.742583753454728,2.642027778958181,12.75327774725272,24324000.0,25019009
2012-08-15,2.6312384605407715,12.854873657226562,2.6348350962574165,12.929734818508413,2.5895183780122415,12.81744253909112,2.593115013728887,12.822789534542173,15984000.0,18808946
2012-08-16,2.654975175857544,12.844182968139648,2.6715193195479072,12.876267101757078,2.639869720465167,12.742584645003657,2.639869720465167,12.870919029494573,25881000.0,22399503
2012-08-17,2.649940252304077,12.721196174621582,2.7247486203028326,12.870919630181929,2.6182906504953016,12.657028979381431,2.715397574302988,12.870919630181929,29985000.0,30791556
2012-08-20,2.5866410732269287,12.785358428955078,2.6578528113164555,12.822789547127257,2.5470789393448503,12.678413144883876,2.6578528113164555,12.678413144883876,25468000.0,24482417
2012-08-21,2.6168525218963623,12.667722702026367,2.6298000344753087,12.817447229356565,2.567939334548798,12.646333637406258,2.58951863651174,12.780016097524015,19231000.0,22419212
2012-08-22,2.6247642040252686,12.673069953918457,2.638431143191756,12.71584808038905,2.592395345179959,12.614249761274051,2.60750080120797,12.614249761274051,13251000.0,20276114
2012-08-23,2.590956926345825,12.694458961486816,2.6110977079753215,12.742584084807861,2.569377627705164,12.673069898345314,2.606781813947785,12.71049995260093,12060000.0,22242140
2012-08-24,2.59311580657959,12.838831901550293,2.613975854221859,12.886957011733603,2.578010343544024,12.683760429865542,2.5909578587892117,12.683760429865542,13030000.0,24331274
2012-08-27,2.572974443435669,12.774662017822266,2.5988696396435382,12.838829176108217,2.563623395596798,12.76396695394686,2.594553916523097,12.790703001152131,13306000.0,20384676
2012-08-28,2.6089394092559814,12.753276824951172,2.619728971373284,12.844181140606644,2.5665000762013976,12.737235835414248,2.5772896383187,12.742582831926557,15320000.0,19292627
2012-08-29,2.632676362991333,12.81209945678711,2.6513784515404426,12.892308713007033,2.60534248849741,12.72654212849366,2.6175707375879096,12.785362321387561,11952000.0,19361558
2012-08-30,2.590956926345825,12.74792766571045,2.625483907069096,12.828137974733359,2.5787286742658195,12.731886678894933,2.625483907069096,12.76396972751503,13671000.0,20815657
2012-08-31,2.630519390106201,12.758625984191895,2.647063538292385,12.870918295470101,2.5830448928325467,12.699805792574038,2.610378605946174,12.769319978128228,13266000.0,27648317
2012-09-04,2.58160662651062,12.715848922729492,2.631958337902979,12.780016116686031,2.541325223097319,12.69445985807731,2.6161336172207657,12.72119592014518,21527000.0,36650110
2012-09-05,2.5305349826812744,12.790711402893066,2.562184760758423,12.806753471749198,2.5211841067687493,12.683766068834753,2.561465502187545,12.785364404937535,16184000.0,24902015
2012-09-06,2.6333961486816406,13.015294075012207,2.6477823471393056,13.036683135017178,2.5312540710334153,12.881611643739236,2.5636229318146544,12.88695863999318,22883000.0,24826232
2012-09-07,2.6039047241210938,12.961820602416992,2.649221444911274,13.025987781020586,2.5967116237808656,12.903000419949738,2.640589655904184,12.999251725349714,15846000.0,24032676
2012-09-10,2.517587423324585,12.886964797973633,2.603185365534143,12.972522153865928,2.5139907875441168,12.886964797973631,2.586641218237462,12.940438011032603,16238000.0,18034783
2012-09-11,2.514709949493408,12.924388885498047,2.5585878037560836,12.95647301081989,2.5053589032575894,12.865568705734084,2.5204643603322126,12.876263772504405,12420000.0,21215544
2012-09-12,2.534130573272705,12.870919227600098,2.5535519186519524,12.945781490533424,2.5183056907614465,12.870919227600096,2.5334113149985007,12.919045428766985,13803000.0,21037735
2012-09-13,2.522622585296631,12.967168807983398,2.546359832742627,12.972516879607715,2.4780252961411455,12.753277117699529,2.5377282155331047,12.854876503701052,21875000.0,32576927
2012-09-14,2.5219037532806396,12.72653865814209,2.5535533647293684,12.929735241825073,2.4960085542782022,12.635635432541893,2.5240617008222648,12.929735241825073,34024000.0,62217093
2012-09-17,2.5377275943756104,12.844182968139648,2.5456399510885634,12.860225034948362,2.5089550295620704,12.662375385949483,2.5312537544302893,12.662375385949483,15298000.0,29911993
2012-09-18,2.5406179428100586,12.838831901550293,2.5413404780140696,12.881610016155248,2.503765890952628,12.785358720799572,2.534837144343058,12.801400782523695,10544000.0,26447917
2012-09-19,2.532670021057129,12.91904354095459,2.5594057237584784,13.036683915519626,2.5109922380254015,12.844181288960609,2.538450648346699,12.854876357098002,20797000.0,29021890
2012-09-20,2.4387333393096924,13.05272388458252,2.5225534619348595,13.052723884582518,2.400436212832001,12.854874293214696,2.498708074796738,12.90299940463321,40250000.0,28662054
2012-09-21,2.565908908843994,13.111547470092773,2.609986663118679,13.18640865453465,2.480643541492316,13.042032207766802,2.480643541492316,13.079463337482423,68640000.0,47876158
2012-09-24,2.5001537799835205,13.23453140258789,2.5391734489604145,13.28265651396558,2.473418074489043,13.074112931343475,2.5290572640076427,13.074112931343475,44190000.0,27924676
2012-09-25,2.3852624893188477,13.282655715942383,2.5283348452041463,13.448422247927672,2.3794816888803845,13.261266659394122,2.497263581217289,13.282655715942383,34009000.0,36073782
2012-09-26,2.4177792072296143,13.277305603027344,2.423560008583868,13.362861809131696,2.340462388878382,13.255916551501254,2.365752856433276,13.320083706079519,41268000.0,30544498
2012-09-27,2.5218310356140137,13.346824645996094,2.528334370281311,13.3789087725448,2.3823715554552845,13.293352535067132,2.3975460030123115,13.298699531162196,41134000.0,24338230
2012-09-28,2.519663095474243,13.288007736206055,2.5305019858898823,13.368216990851634,2.4640239174161467,13.239881538425104,2.489314374588773,13.368216990851634,25908000.0,26697082
2012-10-01,2.5066568851470947,13.389607429504395,2.5680766969131383,13.448427627287392,2.4965405288459186,13.261271963891735,2.539173215545979,13.261271963891735,20091000.0,24053123
2012-10-02,2.4871468544006348,13.432382583618164,2.521831135048812,13.587453002516265,2.46402417291352,13.35217333850255,2.521831135048812,13.464465636670882,17096000.0,32139622
2012-10-03,2.4979851245880127,13.539327621459961,2.532669396608777,13.555369685168147,2.4878689431863164,13.389604201825007,2.495094811655856,13.42703425049185,27255000.0,23433582
2012-10-04,2.4871468544006348,13.555368423461914,2.49798574594017,13.619535597332916,2.4567983026466087,13.533979365504914,2.49798574594017,13.592799543633939,11425000.0,26368340
2012-10-05,2.4885921478271484,13.646273612976074,2.5492895971226512,13.683703660591817,2.4690823149387153,13.56606437167676,2.508824516073423,13.614189486460685,15117000.0,25998386
2012-10-08,2.448127269744873,13.582110404968262,2.473417902648088,13.646277601765874,2.435843307115886,13.480510999635198,2.4567983832610247,13.61419346587233,10039000.0,19804660
2012-10-09,2.4271717071533203,13.533978462219238,2.4380105968762127,13.630229754096277,2.3874293412071257,13.50724133531566,2.420668373319585,13.533978462219238,20770000.0,22242246
2012-10-10,2.354912519454956,13.453768730163574,2.435842304706627,13.582104139547182,2.3520222068984546,13.373559502419685,2.4336745272196834,13.550020018454035,14476000.0,22615362
2012-10-11,2.379481077194214,13.432382583618164,2.419223445483131,13.57675900982843,2.352745377339481,13.368215402523514,2.385261876146624,13.517938825077698,13768000.0,24103821
2012-10-12,2.3830931186676025,13.432382583618164,2.3852608958490507,13.496549764712814,2.35129916819186,13.384256391555267,2.365028366248283,13.453771643983048,26733000.0,24411062
2012-10-15,2.398268222808838,13.67300796508789,2.410552182934314,13.699744017193945,2.3700872819030536,13.443074262013123,2.3917648889971246,13.459116323272367,17144000.0,32580194
2012-10-16,2.482088327407837,13.795992851257324,2.499430550831535,13.865508079329807,2.4011585256916006,13.715783634243747,2.4062166167640773,13.737172687114779,18602000.0,27133544
2012-10-17,2.4647467136383057,13.817387580871582,2.500153529706981,13.865513775845224,2.4481271947602883,13.753220395896006,2.4633014706704333,13.828082649195485,13410000.0,22876332
2012-10-18,2.460411548614502,13.924334526062012,2.4857021847683627,13.951071662520254,2.443069491631538,13.731832948505442,2.461856791812401,13.73717994580133,12752000.0,28790748
2012-10-19,2.398268222808838,13.77461051940918,2.469804377902763,13.902945974242712,2.3773131509344108,13.689054266179733,2.4654688220282877,13.87620883886649,19088000.0,42465660
2012-10-22,2.413442850112915,13.689055442810059,2.4343979250611882,13.763916633325772,2.3845393697477104,13.566068049474119,2.419223649552955,13.731833573101738,12707000.0,25659735
2012-10-23,2.401881694793701,13.469820976257324,2.409830273386724,13.56072426311177,2.371533140349493,13.378916614413086,2.381649325164229,13.528641192747173,10953000.0,28862736
2012-10-24,2.3650295734405518,13.533978462219238,2.4271720916197492,13.662313876384964,2.354913389615644,13.4805052834011,2.4228365350438357,13.512589405689788,13522000.0,29442647
2012-10-25,2.435119867324829,13.694397926330566,2.4380103524800516,13.721133980202625,2.3874291018814366,13.560715506992072,2.389596879608708,13.61953568550188,15396000.0,27433512
2012-10-26,2.4445137977600098,13.598149299621582,2.4560752228909974,13.72113667658643,2.4134425430922413,13.571413240495536,2.4351201506084768,13.62488643373694,12623000.0,22178163
2012-10-31,2.3867075443267822,13.298705101013184,2.435120864749923,13.769266754202407,2.3708105585748185,13.293358102678654,2.429340236628315,13.715793545888282,22851000.0,40352495
2012-11-01,2.492927312850952,13.127584457397461,2.4972628688734924,13.271961935118469,2.3881521221789224,13.042028229850965,2.40549417399077,13.271961935118469,18725000.0,57376598
2012-11-02,2.4546313285827637,13.127584457397461,2.518218938854319,13.298697987479489,2.4524635495645977,13.127584457397461,2.5081027516218066,13.213141759932995,19223000.0,32793734
2012-11-05,2.4799208641052246,13.143632888793945,2.487146734022403,13.218495161673207,2.383816776978919,13.058076619783108,2.3845393122871386,13.058076619783108,13881000.0,21531428
2012-11-06,2.549290180206299,13.213143348693848,2.549290180206299,13.34682470156196,2.471973194047824,13.138281103094638,2.479921601637088,13.159670162553102,20045000.0,31404246
2012-11-07,2.4539077281951904,13.04049015045166,2.537005319406188,13.283280536354617,2.448849636418651,12.943375297665522,2.513159931157742,13.196954656056237,20751000.0,52061276
2012-11-08,2.4452366828918457,13.035094261169434,2.5283342705460377,13.164581446098078,2.4445139753273235,12.959559527638158,2.5283342705460377,13.035094261169434,13265000.0,37608196
2012-11-09,2.4192235469818115,13.04049015045166,2.456798138774809,13.17537345714311,2.414887990655185,12.959560383365964,2.456798138774809,12.981141582279092,14186000.0,34255000
2012-11-12,2.428616523742676,13.008122444152832,2.4459585719781023,13.153795847730292,2.4004355876861845,12.9595639198629,2.4264487461784627,13.029702564309021,7607000.0,24773005
2012-11-13,2.4047720432281494,12.975748062133789,2.443791709437477,13.126816472087276,2.3975461727346317,12.867840970378158,2.4033268002181094,12.948770746871881,11113000.0,27530796
2012-11-14,2.3867075443267822,12.846260070800781,2.4488500718866937,13.002723500413971,2.375146115805205,12.808492699452307,2.4336757938587015,12.97035224257666,12054000.0,33072096
2012-11-15,2.330345392227173,12.765334129333496,2.4004364912028113,12.905611429793693,2.3187841372374542,12.705985540071296,2.3946556914296098,12.792310366399494,13745000.0,28889191
2012-11-16,2.3079447746276855,12.873238563537598,2.3397385639217037,12.884028623165493,2.2891574806835773,12.73835522566603,2.3274546037917037,12.74914636994005,23888000.0,44181888
2012-11-19,2.3664751052856445,13.024309158325195,2.3722557332403245,13.07826163024248,2.3130035214522544,12.878634664068377,2.3325133561472438,12.964959486853001,16664000.0,37695151
2012-11-20,2.370810031890869,13.099841117858887,2.4192235138371423,13.099841117858887,2.348409887547959,12.911005321622298,2.407662087883977,13.013516306395998,11905000.0,28652674
2012-11-21,2.371533155441284,13.13760757446289,2.381649340320397,13.153793746640742,2.349855542581034,13.056677798219628,2.368642841515588,13.148398717463456,7802000.0,29470789
2012-11-23,2.4242827892303467,13.234723091125488,2.4380120000214593,13.234723091125488,2.3737016767286985,13.148398288521127,2.384540400411277,13.169979489172219,8177000.0,26588415
2012-11-26,2.459688425064087,13.213140487670898,2.474140164474329,13.229326657602263,2.4141654286939915,13.11602455272855,2.4387333512357388,13.132210722659915,16562000.0,37703793
2012-11-27,2.4654700756073,13.083659172058105,2.495096274294248,13.191566305899064,2.4278954686279484,13.06747407816374,2.446682772117624,13.089055288002648,20547000.0,32539826
2012-11-28,2.4972634315490723,13.310256004333496,2.503766594769842,13.321046060851428,2.4286175718006184,13.029698265180098,2.4293401072077367,13.072861745189257,20702000.0,31162248
2012-11-29,2.536283493041992,13.407377243041992,2.560128887955806,13.450539655489598,2.5088250759759627,13.33184247893556,2.520386505673324,13.33184247893556,19060000.0,33352881
2012-11-30,2.536283493041992,13.499096870422363,2.560128887955806,13.531469221534637,2.449573028729353,13.337237284153442,2.4994315973926344,13.439748283147345,41634000.0,39200895
2012-12-03,2.5153279304504395,13.536866188049316,2.5709672894389732,13.650168348501937,2.5023214322074345,13.488308739081836,2.5572380835369963,13.509889948028091,17504000.0,29809333
2012-12-04,2.5232763290405273,13.58002758026123,2.5406183828888644,13.63398114087502,2.506656810521357,13.499097781663696,2.5138826806480257,13.50988892764497,16899000.0,31957385
2012-12-05,2.495095729827881,13.833605766296387,2.5406187351658502,13.914535551112309,2.4929279512614673,13.56383909381258,2.5312250854708442,13.56383909381258,15875000.0,47992731
2012-12-06,2.5377273559570312,13.817418098449707,2.5398951336135185,13.909139017492302,2.4900365920708842,13.768860666668681,2.4958172176359934,13.78504683881102,11963000.0,33158418
2012-12-07,2.474862813949585,13.790444374084473,2.49726313166382,13.817420609460045,2.4531852038340336,13.574631237141336,2.47341774330888,13.774258199000656,85050000.0,32428840
2012-12-10,2.489314556121826,13.709513664245605,2.4943726479252124,13.812025746132509,2.464024097104895,13.682537428544222,2.48425646431844,13.714909779102845,26845000.0,28340795
2012-12-11,2.4972634315490723,13.833605766296387,2.5203861150820286,13.909140521363543,2.4806439112368857,13.768862155372874,2.5044893024553123,13.77425718512164,43625000.0,32344941
2012-12-12,2.4979851245880127,13.763463020324707,2.520385265160096,13.892951298399183,2.489314013513248,13.725695651079894,2.5138821041323167,13.822811588474284,49274000.0,31448725
2012-12-13,2.4471538066864014,13.66635799407959,2.5422805907365422,13.839008807807117,2.4391661235760385,13.66635799407959,2.5415544849436893,13.720311576740706,66194000.0,27886837
2012-12-14,2.261258125305176,13.585420608520508,2.4159297895896135,13.687932683970939,2.214783876913263,13.56923551890362,2.407942103891504,13.60700289730196,98714000.0,27318415
2012-12-17,2.322981357574463,13.682538986206055,2.323707636698387,13.741887579222483,2.252544055373939,13.569237915644742,2.2794118815867344,13.580027977295188,70583000.0,30144084
2012-12-18,2.3433141708374023,13.833605766296387,2.360015822659724,13.8659781140812,2.301196901675119,13.63397881913097,2.3404095733747656,13.677141226413312,41414000.0,34869904
2012-12-19,2.322981357574463,13.677142143249512,2.3600155333548276,13.914536483862046,2.3193506544736726,13.660955968272079,2.344766268698035,13.828211663510645,25023000.0,30866706
2012-12-20,2.316445827484131,13.720306396484375,2.3411351601344115,13.725701427319512,2.2815901462751844,13.623190418220297,2.3273381088352645,13.660957803358901,23788000.0,27061450
2012-12-21,2.277233600616455,13.53146743774414,2.292483039810167,13.768861755549628,2.2518181571764755,13.515281264321752,2.261258228491246,13.698722032267971,35064000.0,65008507
2012-12-24,2.2619850635528564,13.53146743774414,2.275055842515953,13.601606076379719,2.249640390884993,13.488305031715157,2.2721512442052405,13.49370006130726,7995000.0,11437376
2012-12-26,2.2423782348632812,13.617792129516602,2.2924831921411184,13.666349564708783,2.2343903751401757,13.509886115397274,2.2670675738825974,13.515281144941723,16339000.0,23038332
2012-12-27,2.2779600620269775,13.563838005065918,2.286673854847841,13.607001493529708,2.2285812101898017,13.385792275833104,2.256901426399517,13.580024177659086,27545000.0,26014512
2012-12-28,2.2619850635528564,13.428953170776367,2.2852221962981165,13.585416583236649,2.248188005164747,13.423557057856776,2.2554495875064187,13.488301735725376,19617000.0,22778837
2012-12-31,2.2982912063598633,13.53146743774414,2.307731273451378,13.542257496928348,2.2489123805635063,13.288677005700473,2.2750540914992663,13.310259293361042,26644000.0,35543831
2013-01-02,2.362920045852661,13.979277610778809,2.4006803262751655,13.979277610778809,2.34113530863884,13.66634856573787,2.3549323608131703,13.774255656615567,36716000.0,35332399
2013-01-03,2.375265598297119,13.946908950805664,2.394872024914222,14.022442626923636,2.348397763031888,13.790444399121666,2.348397763031888,14.017047596767966,23295000.0,35580300
2013-01-04,2.360015630722046,14.006254196166992,2.3796218784124483,14.022440368673488,2.3375047858052347,13.89834818720038,2.3745387899838044,13.946906704719868,27113000.0,30149565
2013-01-07,2.3469440937042236,14.017048835754395,2.3592887577507984,14.054816219474787,2.33096855445766,13.903746684593214,2.3505747957745533,13.979281452034002,16822000.0,27172015
2013-01-08,2.3309695720672607,14.038625717163086,2.3745390547098912,14.162717891352427,2.330243465962137,14.017044516636501,2.356385017043928,14.02783565922277,20969000.0,32734078
2013-01-09,2.382526159286499,14.28142261505127,2.3934186138513724,14.329981155488282,2.3498491418512617,14.130354131200244,2.360015317358682,14.146539226699385,29456000.0,36057551
2013-01-10,2.4340829849243164,14.437882423400879,2.439166071625345,14.443277453443297,2.3977750991100724,14.238255465369688,2.429726004000676,14.308394109859641,44591000.0,35926433
2013-01-11,2.493629217147827,14.308391571044922,2.49580770868441,14.47564723449836,2.4319056942473773,14.297601512874623,2.435536571184929,14.427089803440056,47871000.0,29319856
2013-01-14,2.5103297233581543,14.42708969116211,2.513960425507318,14.502623351704301,2.442797035964889,14.324577631466195,2.4573201908208673,14.35694997501711,49258000.0,25330360
2013-01-15,2.4594993591308594,14.362349510192871,2.500890344563619,14.373140656310847,2.4558684828514665,14.29760588742394,2.4907241679888554,14.34616333333906,33736000.0,31553914
2013-01-16,2.5096044540405273,14.356954574584961,2.5132351573998553,14.362349605356542,2.4522379212994467,14.297605982158624,2.4551425186128526,14.313792159119682,27669000.0,30049856
2013-01-17,2.5277583599090576,14.475647926330566,2.539376922489185,14.545787646373597,2.5117829878498905,14.36774191624055,2.525579868604676,14.432485522294561,21065000.0,39122372
2013-01-18,2.5008902549743652,14.319184303283691,2.5234010984591815,14.389322943113926,2.491450184741767,14.211278286373295,2.5081518341433098,14.340765506665772,18830000.0,57740228
2013-01-22,2.5008902549743652,14.394725799560547,2.5132349222486003,14.394725799560547,2.4929025698274376,14.2544473695512,2.5016163609523483,14.335377191300953,13809000.0,34011315
2013-01-23,2.4994380474090576,14.378528594970703,2.541555313458099,14.4270871015811,2.481284184762187,14.270622610246111,2.5306628573662033,14.308388891415388,22791000.0,32838951
2013-01-24,2.4638564586639404,14.486440658569336,2.4914505676243754,14.729230039564515,2.4391671203212475,14.481045628230659,2.4478810859150126,14.497231803892916,44567000.0,46845030
2013-01-25,2.4805569648742676,14.567371368408203,2.4899970321972784,14.567371368408205,2.455867637935462,14.437884124258865,2.456593743689647,14.556581307052241,35089000.0,54951871
2013-01-28,2.5037949085235596,14.481042861938477,2.507425784754828,14.642902418348804,2.4769270823050618,14.481042861938475,2.4979857143091793,14.621321216470495,38462000.0,48228194
2013-01-29,2.5103297233581543,14.945045471191406,2.520495897131407,15.020580246076527,2.4820095194500977,14.481047844198565,2.4907234816155497,14.535001409780278,23732000.0,80102314
2013-01-30,2.5451862812042236,14.972256660461426,2.5655186357991395,15.059337061883754,2.504521225754947,14.906947179989245,2.504521225754947,14.9831421209365,25185000.0,47638060
2013-01-31,2.5974693298339844,14.847070693969727,2.62070645291494,15.004902661357908,2.5597092212395656,14.847070693969727,2.5793154680948747,14.92326558776063,67764000.0,34747323
2013-02-01,2.6330506801605225,15.037567138671875,2.6359554499071987,15.130089729407546,2.601099771114191,14.896063801989827,2.6083613492215245,15.010355126867815,27973000.0,36676987
2013-02-04,2.5546255111694336,14.787211418151855,2.6294199554865525,14.955927836252055,2.5517209145769426,14.787211418151854,2.596016661848716,14.896061637806053,43401000.0,32521802
2013-02-05,2.5713272094726562,14.972256660461426,2.5829457692049287,15.021239591410128,2.5459117723673863,14.819867872693006,2.54736398412787,14.825310055867499,29392000.0,28883711
2013-02-06,2.588028907775879,14.86884880065918,2.598921361843188,14.966813562442411,2.548090313498341,14.852522252133662,2.5582564885413737,14.923273911455647,20811000.0,29236801
2013-02-07,2.5386507511138916,14.672919273376465,2.588029424396812,14.890617512021889,2.5081520467669756,14.656591631946572,2.588029424396812,14.874289870591996,42435000.0,40492677
2013-02-08,2.5647921562194824,14.629373550415039,2.5800414199448394,14.71101063564222,2.545185910535538,14.580391736928958,2.5618875592903234,14.67291427744503,32966000.0,39466608
2013-02-11,2.570601224899292,14.770879745483398,2.591659854587189,14.819862659200357,2.5415549107627537,14.6348186492296,2.569149013070278,14.6348186492296,29999000.0,27722308
2013-02-12,2.5517215728759766,14.68924617767334,2.5669710118975737,14.7926531170745,2.5255798505401037,14.689246177673338,2.556078555453576,14.770883292680885,31224000.0,22303062
2013-02-13,2.5538992881774902,14.69469165802002,2.577136406111076,14.798099714753965,2.5335669398328546,14.602170157114992,2.567696337771161,14.700134935934479,26590000.0,25194816
2013-02-14,2.588028907775879,14.727344512939453,2.590207398589341,14.770884164295913,2.5408287351633625,14.591283375982021,2.548090313498341,14.64570739311458,32372000.0,25517235
2013-02-15,2.5517215728759766,14.852520942687988,2.5981958228640716,14.928714778134323,2.540103010378953,14.759998371903682,2.5836726630252227,14.776324918989802,25317000.0,31177636
2013-02-19,2.5807676315307617,15.081104278564453,2.5814939106400527,15.081104278564451,2.5270319801878727,14.90150241775576,2.5415551385578268,14.912386782220945,24396000.0,29956788
2013-02-20,2.517591953277588,15.004907608032227,2.5945647285894577,15.10287234747012,2.517591953277588,14.99402215070545,2.576410866879328,15.048447249087785,33262000.0,27465343
2013-02-21,2.4449758529663086,14.917826652526855,2.5183177428429158,14.988578287774192,2.3934185251527427,14.81986192407807,2.5030684801469127,14.917826652526855,61853000.0,25840918
2013-02-22,2.4754750728607178,14.901500701904297,2.5030691823909312,14.966810163552982,2.4478811364602384,14.7654385028752,2.466761280216756,14.955924706215313,18964000.0,31332153
2013-02-25,2.392693042755127,14.607608795166016,2.484915095123179,14.885175418759163,2.391966763535331,14.607608795166016,2.4783797940531302,14.808980487713837,30632000.0,37458528
2013-02-26,2.4057633876800537,14.711015701293945,2.4253696336424797,14.749113166735345,2.371633983735853,14.596724399095695,2.4057633876800537,14.634821864537095,34556000.0,31605244
2013-02-27,2.446428060531616,14.917826652526855,2.4958068974274337,14.988578287774192,2.4420710788746787,14.651144466256298,2.454415917945897,14.656587741371979,35971000.0,25699787
2013-02-28,2.484914779663086,14.896058082580566,2.4914502530331863,15.04300464050356,2.420286671349093,14.890614807008793,2.4464283916997864,14.896058082580566,34786000.0,31720341
2013-03-01,2.4471538066864014,14.90694808959961,2.475474010163588,14.939603378891345,2.41520290111529,14.776328026558826,2.463129346036787,14.792655671204693,31500000.0,30636302
2013-03-04,2.4355359077453613,15.070225715637207,2.447154295269301,15.075667900359974,2.397049522965652,14.836199737167812,2.4369881196210064,14.863411754908048,17005000.0,26275271
2013-03-05,2.492902994155884,15.277031898498535,2.4950814855903483,15.347783541185352,2.4457026349587037,15.113756604498523,2.447154847161858,15.113756604498523,30510000.0,32779716
2013-03-06,2.5204966068267822,15.304242134094238,2.524853589136302,15.35322395075296,2.484188709463634,15.20083413159135,2.4914502889362637,15.293356678100277,24610000.0,28585850
2013-03-07,2.539377212524414,15.385881423950195,2.5509957764315567,15.445748705160632,2.4979862192731344,15.30424432176558,2.5190448555342213,15.336898506163948,30738000.0,29190319
2013-03-08,2.5611610412597656,15.342344284057617,2.5713272161281875,15.434865764754985,2.5401024125111196,15.260707168559483,2.5451856730750118,15.418538122830164,19688000.0,28489198
2013-03-11,2.560436487197876,15.374996185302734,2.5894828176431957,15.40765146429183,2.539377845686084,15.293359081955805,2.547365534619611,15.326014360944901,28173000.0,26867830
2013-03-12,2.574232578277588,15.20628833770752,2.580767878979892,15.364120451261073,2.541555382247185,15.173633040376982,2.557530927237783,15.364120451261073,22477000.0,31315816
2013-03-13,2.6134450435638428,15.24982738494873,2.622159008568358,15.282481586825712,2.5604354937557203,15.130092758438238,2.5778632506350316,15.200844440943683,27495000.0,26071955
2013-03-14,2.662097454071045,15.298803329467773,2.685334577294596,15.298803329467773,2.616349486751353,15.173626566650588,2.6178018718764657,15.260706957670944,43449000.0,29284547
2013-03-15,2.614171028137207,15.24982738494873,2.6708114517753274,15.271597217575513,2.6003741483607534,15.108322925811455,2.6650022574620533,15.15186259106502,34447000.0,66547874
2013-03-18,2.560436487197876,15.26070499420166,2.60691058128443,15.369554101314938,2.5451872156530193,15.097430786468832,2.5836736208060462,15.097430786468832,28689000.0,30906547
2013-03-19,2.5633392333984375,15.233490943908691,2.601099504944445,15.364110958399602,2.5444590976254338,15.184509122303195,2.5698747049651685,15.293358222607495,33400000.0,28572570
2013-03-20,2.609088182449341,15.396764755249023,2.6199806392117555,15.456632032446246,2.5669710869373654,15.298800020369413,2.5909343186849516,15.331455296704524,29636000.0,32354006
2013-03-21,2.5959479808807373,15.298803329467773,2.6105483493248824,15.41309572723614,2.564557171320813,15.255263681020574,2.5849976175225677,15.331458612866152,27816000.0,24856693
2013-03-22,2.6134676933288574,15.445752143859863,2.6309882700435168,15.451194326783556,2.5828070321783523,15.298804451911847,2.611277621239525,15.30424772896158,17306000.0,24346346
2013-03-25,2.593026638031006,15.326014518737793,2.620037288664654,15.516500730466554,2.5733161679483447,15.228049774887696,2.6185771829344433,15.48384654526707,12888000.0,32376350
2013-03-26,2.612738609313965,15.565486907958984,2.6266090125453623,15.598141099994349,2.5959481669944133,15.364115196257696,2.6039783179993696,15.380441745212352,9556000.0,33567476
2013-03-27,2.601787805557251,15.58725357055664,2.6083580229330545,15.598137934317407,2.573317211695644,15.483846644200222,2.589377510991914,15.52194410561456,14861000.0,24848999
2013-03-28,2.6222293376922607,15.706991195678711,2.6229593040828267,15.72876102156583,2.5901085538552238,15.576371146229945,2.613469044804812,15.598140972117065,14740000.0,29449919
2013-04-01,2.5798869132995605,15.696107864379883,2.6280681529066783,15.696107864379881,2.568936726507078,15.609028549021694,2.614927893945683,15.64712602302245,18501000.0,20320698
2013-04-02,2.5463063716888428,15.908363342285156,2.5995979026899265,15.957345178343822,2.5382762220544812,15.750531279677785,2.5966776900500643,15.7668589230727,23020000.0,25743845
2013-04-03,2.5046956539154053,15.79951286315918,2.5609070564305356,15.968229289248608,2.489365318879495,15.717875741615773,2.546306687620109,15.908363087967762,18297000.0,36399679
2013-04-04,2.5258655548095703,15.870272636413574,2.531705631127362,16.022661486754323,2.4791442480669232,15.804962034998141,2.4995848632793507,15.881157007231785,15348000.0,32182941
2013-04-05,2.5061557292938232,15.837610244750977,2.5127257733418373,15.892035356853965,2.43315371209814,15.73964548061602,2.4827950698671946,15.761415306632005,14449000.0,32083655
2013-04-08,2.530245304107666,15.870272636413574,2.5309752700209245,15.87571482182268,2.4798740010417597,15.587263677368501,2.500314439013405,15.772307828416965,12357000.0,27358994
2013-04-09,2.5390052795410156,15.843052864074707,2.5645559996701524,15.973672917894222,2.498124231764421,15.75597355761242,2.5338951703251964,15.799513210843564,16008000.0,29030744
2013-04-10,2.5828070640563965,16.283891677856445,2.5915671784717724,16.32743132549963,2.5397359358513816,16.028094880295296,2.541195867895573,16.049865798242827,14817000.0,43192288
2013-04-11,2.6010568141937256,16.675750732421875,2.6222273902489155,16.773715486902464,2.555795624639535,16.283891714499525,2.572586057503991,16.289333896935688,18282000.0,57609954
2013-04-12,2.5484957695007324,16.69207763671875,2.5937569648357157,16.80636893346061,2.5229452210415095,16.57234196952928,2.5915668929606315,16.57234196952928,16125000.0,41170399
2013-04-15,2.4660046100616455,16.57234001159668,2.5353564475553565,16.866234227337785,2.4616244646957064,16.57234001159668,2.5317062684003666,16.659420387071318,24634000.0,49449991
2013-04-16,2.5244057178497314,16.83902931213379,2.5258658241098906,16.866241325476018,2.471844329185353,16.588674631705643,2.487904801846718,16.621329923017296,22491000.0,33158418
2013-04-17,2.3652615547180176,16.800926208496094,2.4652742184659258,16.839023670887908,2.3565012654977333,16.61588107855705,2.463814112245848,16.762828746104283,64010000.0,33984649
2013-04-18,2.290069580078125,16.648534774780273,2.4295031928130624,16.839022068614003,2.281309291134538,16.588667495879065,2.416362759397682,16.79003915271715,41056000.0,33504236
2013-04-19,2.282039165496826,16.90433120727539,2.3273003664698084,16.90433120727539,2.250648363443804,16.659419914829808,2.281309199464222,16.72472937399015,37180000.0,30811582
2013-04-22,2.3054006099700928,16.833585739135742,2.3243811257302145,16.926108333479707,2.231668619828861,16.741064238917986,2.2893401333922654,16.91522287185786,36395000.0,27501917
2013-04-23,2.3630712032318115,16.915218353271484,2.3667213813257164,16.953315817581604,2.315619932311477,16.670307020528643,2.3258403265443675,16.860794342079238,25542000.0,35064683
2013-04-24,2.3813226222991943,16.653976440429688,2.3973829244848712,16.94242846299664,2.338981445882115,16.63220662096954,2.3630720732107653,16.915215368077167,32062000.0,33218813
2013-04-25,2.382052183151245,16.46893310546875,2.4229332460254134,16.686632403151837,2.3747519995683617,16.283889085382143,2.395192443980393,16.681190221594346,25126000.0,37503850
2013-04-26,2.3440911769866943,16.37640953063965,2.3791321628849667,16.419949165736384,2.3331409885529326,15.668887725003653,2.3791321628849667,15.908356812161317,30945000.0,56938556
2013-04-29,2.3747518062591553,16.56145668029785,2.3937323168396243,16.643093785179996,2.3506611849916506,16.289332267940154,2.3616113724495573,16.392740288641644,20430000.0,29225944
2013-04-30,2.3331408500671387,15.821279525756836,2.3703717322022033,16.26756360763374,2.303209977087878,15.799509703973307,2.3703717322022033,16.01176573989416,52511000.0,73771463
2013-05-01,2.286418914794922,15.728758811950684,2.3411703609333157,16.180484003306503,2.2813088053493455,15.674333707815634,2.340440395026819,15.690661348468739,37068000.0,47523595
2013-05-02,2.3426311016082764,15.930130958557129,2.3528513232689297,15.962786243059082,2.285689568270186,15.77774218384201,2.3032099731241766,15.799512008801313,32536000.0,33580651
2013-05-03,2.327300548553467,15.7614107131958,2.3645316039304505,16.12605656035033,2.3251104762342267,15.619907432394015,2.3477411655163407,16.071632558234484,46901000.0,46189758
2013-05-06,2.3944623470306396,15.6307954788208,2.401762530214723,15.745087879625276,2.333140843094357,15.619911113482843,2.339710886124965,15.745087879625276,32848000.0,34897518
2013-05-07,2.375481367111206,15.79951286315918,2.4054122340937867,15.881149984702589,2.370371257295901,15.690663732476656,2.40322216216579,15.723317924618385,16093000.0,32626043
2013-05-08,2.445563793182373,15.766579627990723,2.4470238995370615,15.925727349103967,2.3784020337686433,15.684261993379943,2.382052212630311,15.854384810709822,25437000.0,32409551
2013-05-09,2.4725756645202637,15.695239067077637,2.487906004436794,15.788531803101517,2.4382646302472684,15.596457679393215,2.4441048840608377,15.777556706273561,29769000.0,29331661
2013-05-10,2.486445665359497,15.761094093322754,2.492285918627875,15.80499669029075,2.469655220044428,15.6787764481961,2.479145479311648,15.689751545814778,15644000.0,34849140
2013-05-13,2.4543240070343018,16.117807388305664,2.4915550644472764,16.117807388305664,2.4521339345952975,15.733659021042765,2.469654340057231,15.777561628544417,14952000.0,35360330
2013-05-14,2.4601638317108154,16.13427734375,2.468924120567857,16.189156175845273,2.4331531731350493,16.068423407184074,2.451403716903858,16.128789791514674,15938000.0,34493309
2013-05-15,2.4952046871185303,16.222076416015625,2.4959346531364033,16.29341787280205,2.4484835550232207,16.013537388935433,2.457243669387924,16.134270103417233,16947000.0,31132314
2013-05-16,2.4973950386047363,16.051950454711914,2.5200255541411463,16.233049503993175,2.4747645230683264,16.035486704186948,2.494475000156505,16.172683154232754,24749000.0,29100413
2013-05-17,2.513455390930176,15.892801284790039,2.5390059436927706,16.117802913199505,2.5083452803776565,15.821459843219525,2.517835361367987,16.029997722575303,27443000.0,39671401
2013-05-20,2.514186143875122,15.750118255615234,2.522216295249457,15.92572863523539,2.499585773712618,15.72267830636464,2.499585773712618,15.89828978923139,13881000.0,33877879
2013-05-21,2.5616369247436523,15.794017791748047,2.5645569633856993,15.821456632438062,2.514185644122485,15.536088717574923,2.5265959388887658,15.755601649587817,20743000.0,46481400
2013-05-22,2.5229461193084717,16.079391479492188,2.5725873020177588,16.48549333549578,2.4988554941554004,16.03000132447987,2.55360678837593,16.216587948105186,33873000.0,88192185
2013-05-23,2.4798743724823,15.975125312805176,2.5076149958917298,16.095858049799187,2.4703841179882664,15.83244237262721,2.4995848474929616,15.958662660417211,28513000.0,54498546
2013-05-24,2.4893646240234375,15.936707496643066,2.4893646240234375,15.975122552070392,2.458703788459847,15.739145772905639,2.471844047101342,15.83792718639778,15118000.0,36975269
2013-05-28,2.514186143875122,15.920247077941895,2.5265964411082362,16.18915140036682,2.482795330620725,15.88183201713162,2.5207563626632914,16.079393768552602,20919000.0,39892741
2013-05-29,2.513455390930176,15.519630432128906,2.5331658670756307,15.859877251327388,2.493014774670013,15.420849026345685,2.5090752464422774,15.83792595040298,22858000.0,51500337
2013-05-30,2.760932207107544,15.503166198730469,2.7908629086196837,15.612923803187622,2.6353688014599785,15.426336096259808,2.6426689852958742,15.569021202703453,82607000.0,45446477
2013-05-31,2.7543625831604004,14.94340991973877,2.7937835495616534,15.514146067426655,2.7091013640014605,14.94340991973877,2.725161841522413,15.514146067426655,33432000.0,94549808
2013-06-03,2.722970962524414,15.228776931762695,2.7543617678989243,15.23975203208923,2.671139539623426,14.88304251627922,2.750711589249515,14.981822832205712,27210000.0,60711243
2013-06-04,2.759472608566284,15.179378509521484,2.787943382980997,15.393405000635783,2.7295419015457774,14.99827951034674,2.7302718678486744,15.272672334519285,33120000.0,73749645
2013-06-05,2.701070547103882,15.080604553222656,2.7572819435094456,15.349509962061862,2.6879301121726447,15.025726843997745,2.7550918710209062,15.217801032778812,15019000.0,75044168
2013-06-06,2.6828203201293945,15.426334381103516,2.7171311697804144,15.448286782151584,2.6601898004564113,15.031209917430653,2.714941271081527,15.080600061672282,29731000.0,86924434
2013-06-07,2.722240686416626,15.508646965026855,2.7251607245735725,15.706209684045158,2.639018467618143,15.38242676802759,2.68354970219937,15.49767187132931,30733000.0,88509123
2013-06-10,2.688660144805908,15.56902027130127,2.7383013217599004,15.68975186378671,2.6857399322379445,15.514141472355767,2.7375713556429595,15.574507820221822,26360000.0,70083306
2013-06-11,2.6492390632629395,15.596455574035645,2.683550082127454,15.717188242324902,2.647048990822647,15.338526491191066,2.6594592852842363,15.387917729989262,21699000.0,87619125
2013-06-12,2.626607656478882,15.601947784423828,2.6777089233144507,15.892803343477661,2.6076271511299476,15.585484033237492,2.6762488174991312,15.722680488794616,21307000.0,92729444
2013-06-13,2.7250046730041504,15.958651542663574,2.7286762804800633,15.99706547472109,2.615593326271409,15.558038548706564,2.6244048690842146,15.569014745898908,29106000.0,76219588
2013-06-14,2.7602527141571045,15.964149475097656,2.7756730528956046,16.112321062486384,2.72060013943073,15.881831803965364,2.727208931063787,15.925734414802987,21762000.0,86247977
2013-06-17,2.796967029571533,16.002561569213867,2.8153247198311115,16.134269377313842,2.7705320466351333,15.8598775588155,2.7756721578905568,16.134269377313842,24727000.0,160300857
2013-06-18,2.845430850982666,16.13427734375,2.8491024586958615,16.16171620817397,2.7888894577602135,15.931226878569559,2.7932951419153995,15.986105710664832,27383000.0,169004579
2013-06-19,2.7954978942871094,15.969632148742676,2.854242388470439,16.359269079995762,2.7954978942871094,15.859875655166684,2.8410248116272347,16.117803690881924,24035000.0,127577846
2013-06-20,2.7213330268859863,15.717194557189941,2.785951702726057,16.040977651942157,2.7110526318039083,15.612925593273497,2.7690626948213386,15.925732485022834,31638000.0,100861265
2013-06-21,2.7448315620422363,15.618414878845215,2.752174603791814,15.975124415753905,2.689024409731061,15.618414878845213,2.7198652551080573,15.83792903407586,80030000.0,234091503
2013-06-24,2.6941640377044678,15.206822395324707,2.716193158997815,15.57450803654866,2.6508400466393165,15.102553448152644,2.7154589074762714,15.4537753391396,36858000.0,233638177
2013-06-25,2.7242705821990967,15.360483169555664,2.760251532254334,15.44828947933861,2.7029757127698475,15.135481500371695,2.726473511800184,15.409873322420545,26019000.0,124712864
2013-06-26,2.7352850437164307,15.42084789276123,2.7697974906081595,15.563531889904587,2.716193103967952,15.283651444633895,2.7455654401692273,15.409871691482502,20661000.0,90523317
2013-06-27,2.7404253482818604,15.464750289916992,2.7786090529689202,15.728166981461296,2.738222418674852,15.426335240811921,2.752174072756715,15.57999543723221,26359000.0,162766585
2013-06-28,2.7448315620422363,15.37146282196045,2.7624550022987626,15.761099892473062,2.6993048082380096,15.37146282196045,2.716928073422611,15.662318461326038,22998000.0,129673936
2013-07-01,2.7617201805114746,15.245240211486816,2.780812121343674,15.530609380458879,2.741893988130929,15.206826255511519,2.779343618246982,15.34951028837407,27147000.0,71426523
2013-07-02,2.8256049156188965,15.201340675354004,2.8623201207189113,15.322074531068049,2.7771408098724955,15.04768151064439,2.7866867807056903,15.212316881599712,40377000.0,64609778
2013-07-03,2.83368182182312,15.173893928527832,2.854242438918661,15.201332775010975,2.7999038027226404,14.998282442594522,2.818995741785684,15.075112536643259,15203000.0,23229738
2013-07-05,2.8498361110687256,15.349507331848145,2.8770053371612057,15.420848782914595,2.8021062712631153,15.245237275044737,2.8358842848068004,15.393409933003921,14447000.0,38565333
2013-07-08,2.7367544174194336,15.437311172485352,2.8659921693241555,15.530605019147298,2.730880053729189,15.409871221748316,2.858648952103448,15.497677519561517,22643000.0,33950289
2013-07-09,2.759517192840576,15.558042526245117,2.7881551034874366,15.62389641649643,2.7448311117506834,15.514139932744241,2.7697975896610183,15.53609122949468,13855000.0,30689318
2013-07-10,2.814589738845825,15.607434272766113,2.8160584168032265,15.645849321840577,2.749236633499273,15.536092826804014,2.7595168539854584,15.623898022833265,17363000.0,28564138
2013-07-11,2.83368182182312,15.78853702545166,2.834416073303427,15.8598795914175,2.752173955065031,15.70073180879856,2.755845562610332,15.826952083549122,16769000.0,37870220
2013-07-12,2.860117197036743,15.810489654541016,2.862320126854657,15.810489654541014,2.840291003747426,15.618415451204724,2.841025255329428,15.640366757207529,18342000.0,30830765
2013-07-15,2.79109263420105,15.799514770507812,2.8696631554353,15.854392484646231,2.78742102616316,15.656830727903253,2.862320114431427,15.79951477050781,21551000.0,29641326
2013-07-16,2.8542425632476807,15.739144325256348,2.8740687546546475,15.892803429585593,2.802106854293465,15.706216822705278,2.802106854293465,15.826949527730202,31254000.0,36735800
2013-07-17,2.857914924621582,15.739144325256348,2.9181279449941724,15.881828330899737,2.8535090639722793,15.717193024637885,2.864523715595536,15.799510677768811,23992000.0,27448057
2013-07-18,2.760985851287842,15.634880065917969,2.8549768746359803,15.79951542161199,2.7499712030130268,15.618416309699152,2.8454309044884387,15.733661499983798,37050000.0,33364897
2013-07-19,2.779343605041504,15.964149475097656,2.801372727034321,16.046467146229947,2.754377126725459,15.563536220522105,2.772000564377232,15.645853891654395,17757000.0,51681309
2013-07-22,2.7749381065368652,16.106830596923828,2.807247454647436,16.13975810071631,2.7565804149526345,15.914755330212332,2.807247454647436,15.914755330212332,9869000.0,30326637
2013-07-23,2.7617201805114746,16.145246505737305,2.8021069918928116,16.20561397109615,2.7543771398123136,16.090368797087873,2.7962326293622426,16.123296304875073,16501000.0,28743529
2013-07-24,2.708850622177124,16.068416595458984,2.7896242570081564,16.216588165731242,2.706647867202973,16.013537786627943,2.7367542860461525,16.15622180699116,20506000.0,25112182
2013-07-25,2.7095847129821777,16.019027709960938,2.7154590756621504,16.051955220787566,2.665526467666672,15.7391482809227,2.680212549438507,15.931222485419298,25512000.0,27776800
2013-07-26,2.700772523880005,16.117807388305664,2.7059126340984334,16.1397597953034,2.669197436058321,15.865366843547719,2.682415012395886,15.870854393673698,12256000.0,28032816
2013-07-29,2.686821460723877,16.21109962463379,2.7095850125371523,16.414149991322066,2.6714011256802443,16.079390712141688,2.6890243907403852,16.134269517617298,13094000.0,49091315
2013-07-30,2.7059125900268555,16.282442092895508,2.716927236795429,16.69951905464133,2.668463141157448,16.265979443149654,2.6985695505384304,16.403175913759835,11651000.0,46511650
2013-07-31,2.6934304237365723,16.171791076660156,2.7213340890229394,16.46501857941545,2.6846187031046806,16.16072536323364,2.7176624804023395,16.28797495029773,13124000.0,33001267
2013-08-01,2.746299982070923,16.10540199279785,2.75511170137025,16.293510257813182,2.7044446655429373,16.033478735105515,2.719130747660543,16.28244565458851,19499000.0,33414435
2013-08-02,2.752908706665039,16.24924659729004,2.752908706665039,16.27137802410986,2.7117876426904997,16.016877738119756,2.7382226248935537,16.016877738119756,15183000.0,23168185
2013-08-05,2.7183966636657715,16.149660110473633,2.746300328249702,16.243714784428644,2.7139909785326677,16.116465193734783,2.733082747634599,16.210518755445975,11773000.0,15169906
2013-08-06,2.706648111343384,16.232650756835938,2.7132567270057883,16.276911391914478,2.694899208395192,16.144129486678864,2.711788223557228,16.177325519109733,10730000.0,26077014
2013-08-07,2.738222599029541,16.18838882446289,2.739691102149676,16.2935069829453,2.6934299274992695,16.149659384228883,2.7147247983883522,16.19392001271951,18035000.0,22556549
2013-08-08,2.7404253482818604,16.11646270751953,2.760985791184747,16.2105162547215,2.737487992091255,16.055604071935576,2.760985791184747,16.16072333117265,19396000.0,23748623
2013-08-09,2.7044456005096436,16.16072654724121,2.734552026737398,16.188390276712372,2.6978368087503917,16.05007496608817,2.7301461655645634,16.0888032975527,13858000.0,20785196
2013-08-12,2.76832914352417,16.149660110473633,2.775672184684503,16.171791537957954,2.697835913370592,16.06113884951161,2.705178954530925,16.083269164752114,9880000.0,20527599
2013-08-13,2.7918267250061035,16.193918228149414,2.7991697655871106,16.271375987837814,2.7404254409390543,16.09986468103248,2.7786091469171526,16.18285362836796,13754000.0,21110039
2013-08-14,2.7330830097198486,16.061138153076172,2.785952987106294,16.287974708638238,2.727942897345048,16.044540139304555,2.7830158050452574,16.166257423971395,15271000.0,25229176
2013-08-15,2.644965410232544,15.933884620666504,2.712521445226917,16.094330193639365,2.6251392206302553,15.91175431186785,2.653777127865506,16.011341257583542,25111000.0,28711065
2013-08-16,2.6618547439575195,15.6959867477417,2.6691977845241817,15.867496954228706,2.6354197629031564,15.651725008807377,2.6412941253277276,15.856431241434196,13543000.0,29800374
2013-08-19,2.6618547439575195,15.745779991149902,2.6736036438785584,15.762378004553376,2.6493715925013834,15.618530408796165,2.6669948548469935,15.640660722586217,23389000.0,28281877
2013-08-20,2.701507568359375,15.784507751464844,2.724271120376903,15.906225029060696,2.664058107886559,15.778975451276951,2.6684639679591085,15.801104652028519,17417000.0,21389349
2013-08-21,2.686821460723877,15.624070167541504,2.716193627514753,15.812178480674838,2.6714011256802443,15.613005561486514,2.6904930691086983,15.76791783196632,14425000.0,24479361
2013-08-22,2.6882898807525635,15.579802513122559,2.7264737639400716,15.673856071274383,2.64937174598742,15.552138785935972,2.659651968361932,15.673856071274383,9940000.0,23966590
2013-08-23,2.697835922241211,15.679388999938965,2.7205992973915167,15.690453600676948,2.678743980147188,15.541073705008001,2.701507355297494,15.568736319096697,18312000.0,19506800
2013-08-26,2.75217342376709,15.50234317779541,2.7697968564673747,15.695984785665273,2.705912263072541,15.50234317779541,2.7132553016737098,15.673853362842788,13890000.0,21200472
2013-08-27,2.683884620666504,15.49128532409668,2.77860992314538,15.646197565603408,2.6691985354018075,15.358502290561129,2.77860992314538,15.447024683666186,29863000.0,25931773
2013-08-28,2.8109188079833984,15.607470512390137,2.8968323696279357,15.762383878897545,2.7830151473183258,15.386166179769907,2.8586484866428497,15.46362286302361,67806000.0,30802728
2013-08-29,2.860117197036743,15.546606063842773,2.863788805090569,15.756844601092485,2.799904190514882,15.530009162673386,2.819730383804199,15.557671776866112,35955000.0,23267788
2013-08-30,2.827808141708374,15.607470512390137,2.8630546722684893,15.71258982012981,2.811653379743031,15.4968189022021,2.8608517422244915,15.518949224239709,25073000.0,31390544
2013-09-03,2.816058397293091,15.496814727783203,2.8733342111568057,15.740249316866407,2.7932948520063907,15.4138257644361,2.8505706658701055,15.70152098567191,17351000.0,24964201
2013-09-04,2.8623201847076416,15.6959867477417,2.8733348340198384,15.790040301398294,2.8021071769687595,15.530008841530087,2.832948019970999,15.596399781565987,12588000.0,26744723
2013-09-05,2.8483681678771973,15.640660285949707,2.8784747573159937,15.778975577459027,2.8432280568912343,15.579801646665103,2.874803149427792,15.778975577459027,14372000.0,21941645
2013-09-06,2.83147931098938,15.64619255065918,2.877006235866062,15.790040142074046,2.807247257837329,15.5300086848296,2.877006235866062,15.64619255065918,17155000.0,23484596
2013-09-09,2.84689998626709,15.657262802124023,2.8637889993018395,15.69045772530783,2.836619588062345,15.54661009219391,2.8542430278008104,15.618534464872887,16364000.0,23176406
2013-09-10,2.912252902984619,15.740246772766113,2.912987154564615,15.77897509770094,2.8601171892229376,15.646192110461005,2.8637887972667326,15.701518447831285,24344000.0,25039351
2013-09-11,2.8821470737457275,15.861967086791992,2.8983018382771513,15.900694306903285,2.840291746405169,15.756846691974259,2.880678570197751,15.784510422081617,23927000.0,21165163
2013-09-12,2.865992546081543,15.662788391113281,2.8968332221174786,15.906222913934338,2.8351516949736495,15.640658081060783,2.8880216754237646,15.845364283229074,20006000.0,29975865
2013-09-13,2.863053798675537,15.773442268371582,2.8843486658886097,15.850898921103996,2.8417589314624645,15.668323002053475,2.8755369484013045,15.70705132841968,14480000.0,23145102
2013-09-16,2.8843486309051514,15.884093284606934,2.9137207887440923,15.961551046899315,2.866725371216161,15.823235759275736,2.8909574189404745,15.900691297080751,21556000.0,24213331
2013-09-17,2.9633829593658447,15.845365524291992,2.9811098471724153,15.956017083221099,2.917587882838105,15.806637200605895,2.9360535230472564,15.856430124063081,37247000.0,23202545
2013-09-18,3.004006862640381,16.066673278808594,3.004745438789701,16.19392288636076,2.9427006396708517,15.850902398566914,2.9707684704784376,15.89516303491167,23648000.0,31974355
2013-09-19,3.009915590286255,15.956022262573242,3.0136088229521105,16.127532512646788,2.9655978549141415,15.850902969407777,3.009915590286255,16.066673857420042,25017000.0,35465730
2013-09-20,3.07417631149292,16.02794647216797,3.1450845396015894,16.1164677471549,3.0158245800131116,16.005816153421236,3.0401993494640944,16.02794647216797,87192000.0,42685524
2013-09-23,3.0926430225372314,15.933884620666504,3.1532108588223724,16.06666647345843,3.0645753616406686,15.878559404791616,3.1450858149752277,15.91728661100664,29711000.0,26222993
2013-09-24,3.132528066635132,15.884093284606934,3.145823139377176,16.01134397207709,3.0756534867512157,15.828768059352448,3.091164639754279,15.89515899700404,29753000.0,20181676
2013-09-25,3.117755889892578,15.762383460998535,3.1465624715417504,15.978154373205635,3.0594041504810847,15.762383460998535,3.140653158224436,15.873035068252928,20584000.0,27619754
2013-09-26,3.1221883296966553,15.778976440429688,3.150994564960812,15.878563411273175,3.1051996668369863,15.684921770120898,3.136960911562999,15.83983508304272,16874000.0,26866144
2013-09-27,3.153949022293091,15.97814655303955,3.1591194080082627,16.044537484898548,3.090426889073759,15.69045140274031,3.110369855718866,15.756842334599307,21998000.0,29727648
2013-09-30,3.1820168495178223,15.895158767700195,3.1975280057751605,15.933887092165849,3.1000289067792166,15.82876783100636,3.1096311014441533,15.884093055462722,35229000.0,27861541
2013-10-01,3.2071309089660645,15.983678817749023,3.22264206865016,16.016874839727866,3.1746310847187913,15.778973723024782,3.186449362720604,15.81216863276004,27411000.0,24789764
2013-10-02,3.206392288208008,16.050071716308594,3.209346593512905,16.050071716308594,3.171676735432317,15.845365498440984,3.181278932085561,15.873028110067219,17366000.0,23621721
2013-10-03,3.1982672214508057,15.9172945022583,3.2196876957897196,16.05560983500453,3.163551668922124,15.873033862718076,3.204915112751851,16.05560983500453,22817000.0,23912309
2013-10-04,3.213038921356201,16.04454231262207,3.2300275808936534,16.06667262990064,3.1975277662607438,15.823239139836382,3.207129960206417,15.950488742249133,17246000.0,20595582
2013-10-07,3.176107406616211,15.834301948547363,3.213038675126702,15.950486935280646,3.167243789467761,15.834301948547362,3.213038675126702,15.895160592229969,14587000.0,20472264
2013-10-08,3.1465630531311035,15.624070167541504,3.2108237655313623,15.873037150710116,3.1288358143147033,15.618537864514009,3.1842329073067623,15.823244198974104,21682000.0,26301516
2013-10-09,3.117018461227417,15.651725769042969,3.1805409684049053,15.734714726179714,3.089689370862084,15.50234586864558,3.1738930757760206,15.629595454622754,27594000.0,33169907
2013-10-10,3.213777780532837,15.9172945022583,3.2255960560793837,15.9172945022583,3.1450852646269887,15.651729552772915,3.1990052002542253,15.83430552505937,32464000.0,25955066
2013-10-11,3.19752836227417,15.889629364013672,3.2130395202608786,16.00581435858846,3.1598581555877834,15.839836430478117,3.1945737050455025,16.000280945339277,18979000.0,25721500
2013-10-14,3.266958475112915,16.23818016052246,3.2728677877866224,16.24371246048014,3.1768458594141817,15.795572806791293,3.1857094762187184,15.801103994505313,20183000.0,30541547
2013-10-15,3.230767011642456,16.133056640625,3.2824708756378076,16.19944755931946,3.2189487340105485,16.050067714196086,3.2699143738987186,16.160719245353516,18761000.0,33198892
2013-10-16,3.28690242767334,16.487150192260742,3.2942888946391498,16.49268249328773,3.2403689537308096,16.1496609214685,3.255880111711653,16.18839036538905,16999000.0,33199524
2013-10-17,3.3312196731567383,16.74164581298828,3.3334354013561707,16.74164581298828,3.2499703183415387,16.426288038103664,3.2566178551458758,16.498211272834414,23286000.0,31330255
2013-10-18,3.402128219604492,16.879959106445312,3.418377951180978,17.007208661378822,3.3275267469322656,16.64205689416166,3.418377951180978,16.70291663427469,27417000.0,45908235
2013-10-21,3.4752533435821533,16.819103240966797,3.4870716210845503,16.951886229146716,3.4013904299652515,16.79144062820767,3.4087765452238648,16.857831566175786,43360000.0,25365564
2013-10-22,3.4619574546813965,16.974018096923828,3.4759914592397068,17.117866820158568,3.431673716942672,16.78037755269312,3.4759914592397068,16.808040169799263,47814000.0,33908339
2013-10-23,3.352640151977539,16.929758071899414,3.4397984769952665,17.073605688049874,3.3024134519424715,16.91869346955763,3.435366667909104,16.95742180224167,56673000.0,26277801
2013-10-24,3.36002779006958,16.935291290283203,3.3755393050116442,17.101269221449684,3.320880418886013,16.90762756025953,3.3445166273337543,16.974018510277343,30021000.0,26983665
2013-10-25,3.3703668117523193,16.935291290283203,3.3903097731253604,16.979551923628414,3.3371284253952442,16.830172008027358,3.3371284253952442,16.86336692691432,21912000.0,25755228
2013-10-28,3.3615033626556396,17.0072078704834,3.37923024464529,17.045936187530593,3.340082895968179,16.84676230335743,3.3496850891231698,16.84676230335743,19048000.0,27074520
2013-10-29,3.3829238414764404,17.289371490478516,3.41837796148017,17.344697819149662,3.3666741098509965,17.051470390455247,3.3880942266393577,17.062534988843375,22162000.0,36339074
2013-10-30,3.3127546310424805,17.112329483032227,3.4021286955247034,17.305971095104173,3.279516234899286,17.040406250150937,3.4021286955247034,17.28937308374892,20740000.0,23660087
2013-10-31,3.3555941581726074,16.979549407958984,3.368889230647307,17.18978794132199,3.323832924580802,16.95741909456518,3.323832924580802,17.029342335034112,17394000.0,31998702
2013-11-01,3.303152322769165,17.2451171875,3.3895720793498696,17.29491012296746,3.2920726229622805,16.979552269771087,3.3821856128119467,16.985084570991045,22074000.0,29524543
2013-11-04,3.3267881870269775,17.294912338256836,3.345992575441088,17.37236901423327,3.2942883715093894,17.217456774524454,3.330481067717326,17.2395859822388,13911000.0,19821735
2013-11-05,3.3260498046875,17.283836364746094,3.3386066577142426,17.339161572126045,3.2935503360408696,17.16211912892089,3.3267887331529464,17.256172648812797,12484000.0,19942734
2013-11-06,3.351163148880005,17.267114639282227,3.3600264152408488,17.46782941994265,3.32161798846094,17.205783721901174,3.337129144850035,17.412074753776388,10405000.0,26370448
2013-11-07,3.224858283996582,17.233659744262695,3.3607661973301175,17.417649113865615,3.218948968646806,17.233659744262695,3.350425071571102,17.27826302401109,32309000.0,26505676
2013-11-08,3.2758235931396484,17.462255477905273,3.2787782508305425,17.47898199097886,3.1834948548249815,17.133304830591587,3.2300286882709965,17.216936275104928,36069000.0,26370764
2013-11-11,3.265482187271118,17.417652130126953,3.2928116209502853,17.451105156158597,3.2418459869389418,17.373047721799903,3.282470497137488,17.406500747831544,9140000.0,17820716
2013-11-12,3.3334360122680664,17.49570655822754,3.3371292454833448,17.61836614598585,3.27286853724436,17.35074532913631,3.291333998908543,17.38419723070846,13438000.0,26570286
2013-11-13,3.3519015312194824,17.76890754699707,3.3519015312194824,17.76890754699707,3.2758225538266776,17.439956842930968,3.2758225538266776,17.439956842930968,9863000.0,28647615
2013-11-14,3.172415018081665,17.841386795043945,3.3304816078583728,17.9584712804797,3.145085583304322,17.71872717816498,3.316447602340775,17.807933764675234,59660000.0,29008610
2013-11-15,3.295027732849121,17.9528865814209,3.3098003157490297,17.9528865814209,3.167983449468675,17.67968959433209,3.1746309885014785,17.746595619413345,48369000.0,25728878
2013-11-18,3.247016429901123,17.84696388244629,3.303152450703997,17.925019088867796,3.2396303152832377,17.791209202841113,3.2950274076388117,17.885992046084436,13463000.0,23100729
2013-11-19,3.172415018081665,17.65182113647461,3.2684369757251592,17.85253706444894,3.1709378655659592,17.623944360143877,3.2381528837102738,17.83023541921342,12296000.0,30378810
2013-11-20,3.153949022293091,17.796785354614258,3.1953124602205762,17.897143335313938,3.1354832080791444,17.64624894399216,3.1945735317988846,17.7243041548876,11085000.0,21355726
2013-11-21,3.1798009872436523,17.82465934753418,3.192357839670489,17.930593564542594,3.1554262108201234,17.718726251380442,3.170937720349191,17.75775441115098,15434000.0,27522891
2013-11-22,3.1982672214508057,17.90828514099121,3.214517309336774,17.930587900261504,3.172415289186077,17.729872033663458,3.180540333129061,17.78562669013054,11219000.0,26786461
2013-11-25,3.2285501956939697,17.919443130493164,3.2499706649364133,18.120159071128423,3.2056529263671174,17.88599122095711,3.244800279713633,17.908291746744656,16001000.0,26780243
2013-11-26,3.3053674697875977,17.780052185058594,3.313492511108392,17.99191833123285,3.2167320001656625,17.774477055120965,3.234459234972469,17.99191833123285,18712000.0,24535961
2013-11-27,3.2994585037231445,17.774477005004883,3.309799273275476,17.885986328569665,3.230027421182606,17.729873723920743,3.286901653720429,17.852533307329345,19086000.0,17956155
2013-11-29,3.303891181945801,17.690855026245117,3.330481688906244,17.852542847217293,3.2987207958088773,17.674128506686785,3.323095573941842,17.774486503181755,11401000.0,12482944
2013-12-02,3.3238325119018555,17.746601104736328,3.413206536934922,17.80235576925262,3.3194007042251945,17.623941515313177,3.3600251970209585,17.623941515313177,24454000.0,19781050
2013-12-03,3.3075835704803467,17.406497955322266,3.3216175727539334,17.67969388790346,3.295026720381016,17.37862118533787,3.3186629161993704,17.668543628251467,16189000.0,39134388
2013-12-04,3.28690242767334,17.434377670288086,3.3164475911243176,17.5235842402552,3.2809934654243706,17.283840182400418,3.2854252751626305,17.34516997946644,26443000.0,25070549
2013-12-05,3.5151398181915283,17.42322540283203,3.521787710365644,17.50685683813808,3.3282666006100694,17.35074534863221,3.3629821576979566,17.35074534863221,45947000.0,21781648
2013-12-06,3.468604803085327,17.584917068481445,3.568319619624418,17.623945229783082,3.467866226993342,17.467832584576538,3.568319619624418,17.59049219985176,27552000.0,19935040
2013-12-09,3.4988889694213867,17.607221603393555,3.511445821158431,17.668551421092708,3.4383214959048223,17.512438750274892,3.478207427460228,17.579344821113903,20719000.0,22412361
2013-12-10,3.442014455795288,17.473405838012695,3.501843706707208,17.55703728299809,3.433150836978255,17.395350644653032,3.4988890496994958,17.512433995119824,15997000.0,23927065
2013-12-11,3.405820846557617,17.08870506286621,3.4708201135056944,17.47340933852643,3.4021276143362695,17.016223864902656,3.45383180881711,17.456682822007547,13005000.0,36924993
2013-12-12,3.3792314529418945,16.865684509277344,3.433890327187377,17.155607008734133,3.3777543002994204,16.843382864769485,3.430935669696267,17.032947403513596,13678000.0,30664865
2013-12-13,3.3718457221984863,16.865684509277344,3.4087770079167554,16.99391924541119,3.368891064370296,16.69842161504109,3.3999137388445884,16.97161760090333,15876000.0,27489374
2013-12-16,3.7005362510681152,16.865684509277344,3.7337743032568973,17.077550692529314,3.5720144442212276,16.804354706667077,3.671729657406203,16.89356128469851,121534000.0,29738294
2013-12-17,3.956101655960083,16.80435562133789,4.028487421893092,16.899138456296342,3.7153085059599062,16.731875552955874,3.7190013877374746,16.826657267059637,87230000.0,30200789
2013-12-18,3.944227933883667,17.155611038208008,3.966490546022923,17.161186170430792,3.8596293708103815,16.731878572178676,3.966490546022923,16.893565252623624,42787000.0,36752031
2013-12-19,3.8173303604125977,17.122156143188477,3.9338391294475614,17.28941905854139,3.807683132991131,17.06640258530735,3.929386535725509,17.16118430621813,30366000.0,34468962
2013-12-20,3.832911729812622,16.865684509277344,3.8603693139861344,17.261540100360115,3.809164696932923,16.865684509277344,3.8165857995205497,17.127730233312967,28889000.0,65679378
2013-12-23,3.86333966255188,16.92143440246582,3.8796659559590445,17.005065825966952,3.8440452095127573,16.821076470093605,3.8796659559590445,16.98276418775694,12988000.0,24229984
2013-12-24,3.9048964977264404,16.887989044189453,3.9175118819899852,16.977195637488727,3.876696862296007,16.848960879407315,3.8818914947323715,16.971620505621228,7448000.0,11586095
2013-12-26,3.9123175144195557,17.03294563293457,3.9293858463358564,17.03852076326834,3.89302306296173,16.90471091013076,3.920480660454119,16.932587682654127,7010000.0,12707973
2013-12-27,3.916768789291382,17.083120346069336,3.937547667308879,17.200203654299383,3.904153408419091,17.021789446293045,3.924931932578888,17.15002525375139,8043000.0,12601940
2013-12-30,3.9108331203460693,17.111005783081055,3.9219644248745227,17.11658091466665,3.8729862603199785,16.94374286867509,3.917511832291583,17.02737432587807,10962000.0,15598568
2013-12-31,3.924190044403076,17.07755470275879,3.955357831845435,17.177912687037985,3.898958927827208,16.999499489079312,3.9234480047769793,17.071979570536303,8655000.0,15983805
2014-01-02,3.9071226119995117,16.982769012451172,3.9241909427379205,17.06082420793404,3.850723695070314,16.910287827036463,3.9219644694922264,16.988344143373958,14537000.0,18366266
2014-01-03,3.9219632148742676,17.01622200012207,3.9301263577341374,17.18906115740294,3.8559170940097656,16.93816567882456,3.8922795093845193,16.94374193095631,11661000.0,15847312
2014-01-06,3.8952479362487793,17.03294563293457,3.9627784886105815,17.25596317568505,3.8907953451369712,17.021794251412516,3.9182529313501755,17.15560522540461,12634000.0,25255421
2014-01-07,3.932353973388672,17.138885498046875,3.9375489599918163,17.29499817602641,3.895249504330301,17.138885498046875,3.9197385883747957,17.205790451100267,13359000.0,23423042
2014-01-08,3.9909796714782715,17.255964279174805,4.001369291619054,17.278265922790556,3.9227070468836627,17.088701391629392,3.9412594597565582,17.161181453166932,22968000.0,24161053
2014-01-09,3.950164556503296,17.24481201171875,4.019921259308475,17.350746214523912,3.9152862051007062,17.06639887195116,4.007305873619153,17.32844345119844,12339000.0,21692901
2014-01-10,3.9553606510162354,17.111005783081055,4.0087914346126965,17.255967050289872,3.923450801204135,17.00507267868093,4.00285475951486,17.194637240284035,16691000.0,22890877
2014-01-13,3.9063799381256104,17.02737045288086,3.990978476716392,17.300566409546573,3.8878275308066685,16.971615787142415,3.979105134192602,17.20578358987667,13944000.0,25276396
2014-01-14,4.101551532745361,17.283836364746094,4.143850989340913,17.311714252344043,3.9138020022110456,17.032942101490214,3.956843144806231,17.04966860987813,34855000.0,34757336
2014-01-15,4.2277069091796875,17.384201049804688,4.243290805549446,17.456681119846056,4.120103360238031,17.200211627747002,4.1319767039889586,17.311720979763322,27187000.0,30372907
2014-01-16,4.113424301147461,17.37862205505371,4.226964512373787,17.518008153660112,4.092645420551878,17.334018772504734,4.212122657009938,17.384197185158715,24084000.0,19576047
2014-01-17,4.166113376617432,17.334026336669922,4.186892260798775,17.445534591701968,4.0985827992081285,17.255969997720012,4.100809272518681,17.42323294069556,31181000.0,22790853
2014-01-21,4.163887977600098,17.412078857421875,4.216576706200528,17.512436831831522,4.146819643411312,17.255967324560586,4.200992451903684,17.462258405054087,16597000.0,25355656
2014-01-22,4.241065502166748,17.434377670288086,4.243291621851631,17.473404704007805,4.14459323866498,17.334019718647816,4.170566404277824,17.456678191925338,25526000.0,23554265
2014-01-23,4.1594343185424805,17.289413452148438,4.241064707271668,17.41207303308004,4.136429316821266,17.233659912346365,4.2098965605202014,17.294989702812167,15551000.0,26367391
2014-01-24,4.043667793273926,16.776477813720703,4.154981900043759,17.261539979436876,4.018436671229092,16.759751300243327,4.133461330791404,17.205785308130498,17426000.0,38059518
2014-01-27,4.040699481964111,16.536731719970703,4.1000669089769906,16.86568233512493,3.9880107666399582,16.536731719970703,4.05331486558257,16.748598996765523,21031000.0,34880233
2014-01-28,4.060736179351807,16.960472106933594,4.066672851586307,17.144461566486743,3.930127620903827,16.79878429815765,4.036989136556011,16.971622371894725,25223000.0,35917158
2014-01-29,4.012500286102295,16.78763198852539,4.151271644204517,16.982772823156097,3.9605536048650563,16.726302172049294,4.002853060466428,16.860113190203904,23974000.0,30796615
2014-01-30,4.085224151611328,17.18348503112793,4.101550084283386,17.20021042399061,4.013983042586741,16.843382988391316,4.068155825486164,16.949316080794794,11989000.0,33832873
2014-01-31,4.0547990798950195,16.94931411743164,4.1030348463436805,17.094275351432056,3.9946892625128423,16.843381037299167,3.9946892625128423,17.038520685784356,15784000.0,43648037
2014-02-03,3.952392339706421,17.060823440551758,4.094132265785333,17.66854630943922,3.9301293666158794,17.0440980485357,4.066674657949991,17.30056750970353,11421000.0,64621372
2014-02-04,4.008048057556152,17.529163360595703,4.019179363883947,17.84138754740259,3.940517471966216,17.060826519957978,3.9709432313197066,17.64067159843574,13487000.0,49779050
2014-02-05,4.005819797515869,17.231203079223633,4.061477012049305,17.529164835238024,3.947194424676239,17.19184946915361,3.9865257069525324,17.42234837799138,9017000.0,39166429
2014-02-06,4.096356391906738,17.3380126953125,4.146076594769025,17.377366289854553,3.9791056163804837,17.20308592399676,4.006563210848447,17.264927125391292,18053000.0,24839618
2014-02-07,4.198024749755859,17.55164909362793,4.218061245912749,17.585381075864536,4.091163201013841,17.20871217176053,4.11639433121667,17.338016219999023,17039000.0,29310791
2014-02-10,4.1787285804748535,17.69219970703125,4.1913439634753935,17.69219970703125,4.123813748563523,17.501054421118752,4.169823396087555,17.574138884761215,12347000.0,23811336
2014-02-11,4.309338569641113,17.922693252563477,4.316017283240375,17.978912836422108,4.169824793164864,17.66970682050099,4.170566833136129,17.872095288030433,17344000.0,26076382
2014-02-12,4.373900890350342,17.770902633666992,4.4377209315779975,17.99015710188839,4.31898603698848,17.73717065538633,4.31898603698848,17.917072655881583,25864000.0,22406459
2014-02-13,4.384289264678955,17.821504592895508,4.416199455718115,17.905833432632818,4.258133287960498,17.652846913420895,4.261843841124647,17.7090665166462,22614000.0,19886556
2014-02-14,4.310078144073486,17.95642852783203,4.332340745907835,17.99016051250769,4.262584074502285,17.82150284953178,4.267036665640689,17.922697673357565,28180000.0,19915962
2014-02-18,4.331600666046143,17.922693252563477,4.341989932116798,18.04075403960633,4.284106574987858,17.872095288030433,4.341989932116798,17.883339656882523,15872000.0,20750730
2014-02-19,4.281879901885986,17.697818756103516,4.335310658955905,17.967671217646465,4.2662960047943,17.67533114515836,4.3182423284332545,17.94518360670131,14598000.0,29245233
2014-02-20,4.378353118896484,17.73717498779297,4.380579238748208,17.827125444911022,4.281880848164454,17.574138936615554,4.307111975773323,17.619114165174583,22282000.0,23668624
2014-02-21,4.344958305358887,17.686573028564453,4.415457045932056,17.86085227143173,4.333826999764771,17.675328659572568,4.41026241306428,17.810255436470563,17998000.0,19468856
2014-02-24,4.420650959014893,17.984539031982422,4.451819105004473,18.03513700939031,4.341989085089851,17.725930914790524,4.341989085089851,17.984539031982422,20672000.0,40868850
2014-02-25,4.378353118896484,17.928314208984375,4.452562421821943,17.98453379076427,4.333085497190635,17.731547368056038,4.452562421821943,17.737168987173767,26929000.0,28665216
2014-02-26,4.5935587882995605,17.984539031982422,4.711551594859216,17.990160652738453,4.450334862293267,17.832747360161143,4.452560981424843,17.84399060167321,49125000.0,26374664
2014-02-27,4.5549702644348145,18.11945915222168,4.617306205359919,18.125080770902333,4.510444693447678,17.89458197278699,4.540870447210221,17.917069577710382,16460000.0,23981978
2014-02-28,4.5787177085876465,18.051998138427734,4.598754199598946,18.220655767839187,4.5111871294751404,17.905828117591078,4.537902332870935,18.057619758021193,15225000.0,29003550
2014-03-03,4.581686019897461,17.978912353515625,4.635859176037783,18.068862781112674,4.515639872124757,17.720303178872783,4.537902483383353,17.720303178872783,15340000.0,25076663
2014-03-04,4.701162815093994,18.378076553344727,4.756819691547547,18.40618579129455,4.621758896170535,18.18130849709187,4.638084833055812,18.18130849709187,36761000.0,27746655
2014-03-05,4.681127071380615,18.41179847717285,4.766467676056614,18.524237634805548,4.670737804992779,18.327469674048732,4.687063744479687,18.355580028557313,24656000.0,23663776
2014-03-06,4.722684860229492,18.24876594543457,4.742721356168679,18.52986161493545,4.67890131439922,18.220655587343817,4.696711690282009,18.43991118152732,12162000.0,21629029
2014-03-07,4.656637191772461,18.231897354125977,4.745688334658562,18.361201366243026,4.634374229122042,18.091348974337503,4.745688334658562,18.2768725644101,15133000.0,18561783
2014-03-10,4.660347938537598,18.209413528442383,4.7063575914534965,18.299363967680307,4.635858855531532,18.153193938818166,4.669995163778102,18.226278388148724,13519000.0,16819100
2014-03-11,4.602466106414795,18.226274490356445,4.723427127898553,18.338713645559128,4.5868822036952235,18.12508083295513,4.6737069056636695,18.186922029256372,16191000.0,25470648
2014-03-12,4.688547611236572,17.978912353515625,4.698194837280874,18.31060483782997,4.485956218164071,17.950803127441766,4.583912558349954,18.07448440028727,23598000.0,34273445
2014-03-13,4.651443958282471,17.495431900024414,4.78650479278561,18.001404889091514,4.60394985958397,17.37737108382828,4.704874730853811,17.98453889674904,35377000.0,48374068
2014-03-14,4.651443958282471,17.55727767944336,4.693743069252107,17.675338533908743,4.61656560118941,17.332401475987712,4.6581226721571785,17.512302438752233,13939000.0,28576680
2014-03-17,4.705615520477295,17.66408920288086,4.748657013869687,17.72593042007488,4.657379394594252,17.574137622288813,4.677415884752163,17.658466452080553,13968000.0,22412467
2014-03-18,4.756292343139648,17.9508056640625,4.770452451094083,18.023890114262418,4.679529746168471,17.66408722282974,4.713812019276345,17.6921964528757,13109000.0,24326742
2014-03-19,4.800264835357666,17.82712173461914,4.835292333911968,18.035134101264,4.754058431074992,17.647220857825126,4.770454183168005,17.95080528271655,17558000.0,24329482
2014-03-20,4.86733865737915,17.939565658569336,4.873300716347124,18.057625357646803,4.79206646353142,17.82712645062727,4.793557244801649,18.057625357646803,19966000.0,23921373
2014-03-21,4.7622575759887695,18.091352462768555,4.906094389634389,18.265631718774795,4.742880610642566,17.686574361960087,4.891934272237463,18.175681280862026,23267000.0,65473215
2014-03-24,4.7071051597595215,17.70343589782715,4.796537091654761,17.933935829557008,4.646738659035871,17.613485476801408,4.771943292615025,17.860850264822993,24811000.0,44062681
2014-03-25,4.769708156585693,17.888967514038086,4.8427443486036665,17.984540726903766,4.7160489207229155,17.759663443256102,4.7466047806996645,17.860858277407615,16145000.0,22278398
2014-03-26,4.681021690368652,18.091352462768555,4.8352917800093245,18.22065649981841,4.629598090241118,17.804634029170344,4.79877385964012,17.99578040503649,28414000.0,33284793
2014-03-27,4.67878532409668,18.04637908935547,4.70337912514814,18.20379350200207,4.608730340585476,17.933941030465842,4.6780401112422325,18.147573907456696,25247000.0,29242176
2014-03-28,4.77790641784668,17.922693252563477,4.820386754905077,18.26000849531345,4.685493614129971,17.843986061201573,4.694436525020856,18.102595242790553,14330000.0,23156275
2014-03-31,4.800264835357666,18.0576229095459,4.868829406468089,18.091354893395682,4.787595148260108,17.894588001475036,4.806972107720488,17.96767245954802,14819000.0,19470753
2014-04-01,4.84796142578125,17.962051391601562,4.863611962953613,18.13070905563716,4.786104134628431,17.8496133256449,4.810697937433847,17.950808150106493,21962000.0,23015776
2014-04-02,4.817404747009277,18.1531925201416,4.867337557055959,18.209412105372245,4.757783104694822,17.883340093315834,4.824857230191771,17.94518129800926,20979000.0,22782632
2014-04-03,4.764491558074951,18.21503448486328,4.88746057259888,18.265631322541374,4.730209276590371,18.091352070315743,4.824858068285526,18.23190047415631,21592000.0,21117944
2014-04-04,4.60575008392334,18.08011245727539,4.824858700023356,18.378074183811172,4.474583354837613,18.029514479247805,4.811443799763108,18.282500978782096,38830000.0,27693323
2014-04-07,4.49843168258667,17.540403366088867,4.616183869139111,17.827120653644037,4.384405916520691,17.45607455265483,4.546128869774525,17.697816623738635,43274000.0,57529955
2014-04-08,4.484271049499512,17.35487937927246,4.544637557044065,17.647219410284098,4.475327784225293,17.343635010294662,4.51780776122141,17.574133837430725,22055000.0,36439626
2014-04-09,4.655681610107422,17.55727767944336,4.6623888801685425,17.56852205471692,4.549108369647547,17.214340621522332,4.549108369647547,17.422351957369973,19256000.0,40776098
2014-04-10,4.461167335510254,17.20871353149414,4.661644154632901,17.669711297413954,4.443280806316692,17.152493933391344,4.661644154632901,17.641602063463157,20396000.0,32088714
2014-04-11,4.3620476722717285,16.787065505981445,4.46862058680846,17.146868364551604,4.356830826255832,16.770199517413904,4.4171973395987685,17.146868364551604,21903000.0,43025439
2014-04-14,4.383659362792969,16.792688369750977,4.43955423151085,16.93885839783243,4.3307453452557745,16.629652351852236,4.35608435714616,16.89388204825266,19419000.0,30390825
2014-04-15,4.392603874206543,16.80392837524414,4.423904952716082,16.950097235160417,4.268144417804125,16.640891269489693,4.401547141029557,16.84890245274084,25014000.0,31703371
2014-04-16,4.420177936553955,16.9163761138916,4.431356839991755,16.989460585840856,4.330745642938754,16.820802894971866,4.431356839991755,16.950106973944575,17916000.0,31097005
2014-04-17,4.537931442260742,17.006319046020508,4.595316757548158,17.09064785409165,4.391113806810359,16.905124250294964,4.422414887876222,16.950099463906124,19092000.0,27969787
2014-04-21,4.612458229064941,17.34925651550293,4.634070830210201,17.394232860917192,4.532714386938698,17.090648462925728,4.5438936494282585,17.169355654649543,12560000.0,31972985
2014-04-22,4.727974891662598,17.427968978881836,4.754059484637497,17.56851741658767,4.591590932216353,17.34364014229859,4.591590932216353,17.34364014229859,22830000.0,27377439
2014-04-23,4.814423084259033,17.38299560546875,4.81516829696957,17.529165679828182,4.753311022173745,17.2930451382326,4.768216342497081,17.529165679828182,26984000.0,21599833
2014-04-24,4.872555732727051,17.26492691040039,4.8800082179450275,17.371744454370614,4.735426593154688,16.978209644051425,4.876282153021538,17.371744454370614,27519000.0,26311845
2014-04-25,4.645994186401367,17.28742027282715,4.846470674624864,17.315529506013778,4.6348149266053005,17.174981079678293,4.833056131463127,17.276175901431795,19266000.0,19677653
2014-04-28,4.529733180999756,18.012645721435547,4.689220142061263,18.186926112063905,4.495450893857345,17.63597684036931,4.68847492902767,17.75965926073742,30708000.0,75278366
2014-04-29,4.540165901184082,17.855239868164062,4.587117865948097,18.0407635757828,4.472346554467592,17.652850163452435,4.544637533798319,18.023897578689915,21656000.0,41800691
2014-04-30,4.732443809509277,17.585386276245117,4.745113492141976,17.95643253956872,4.499175520561547,17.551654284033223,4.553579959403831,17.855238823335927,25375000.0,38507363
2014-05-01,4.731698989868164,17.512292861938477,4.836781457229418,17.754036061204985,4.66387965002248,17.394233202237036,4.689218662022086,17.47293926530435,18863000.0,43749221
2014-05-02,4.789830684661865,17.28742027282715,4.843489924546976,17.461699552946353,4.7085964342208735,17.174981079678293,4.823367754011431,17.439211940356817,13407000.0,43960759
2014-05-05,4.788339138031006,16.843286514282227,4.803244459211914,17.017566915632127,4.6966712173144325,16.781445300293765,4.760018921176014,17.011944165123282,13529000.0,57867340
2014-05-06,5.018627643585205,16.545324325561523,5.073777308091282,16.87139637697931,4.937393394962918,16.489104733544405,5.062598403682029,16.865773626636845,127802000.0,57674669
2014-05-07,4.979127407073975,16.460241317749023,5.113275296212382,16.721154409265605,4.9448451332015155,16.36381741013406,5.0491823803091656,16.528305453761,560280000.0,51703338
2014-05-08,5.064089775085449,16.545320510864258,5.1371259845806305,16.69846509027901,4.97167660479826,16.437552018663165,4.979129446043354,16.516959601149775,53700000.0,38042444
2014-05-09,5.023843288421631,16.465917587280273,5.109548794023581,16.568014389606063,4.969438849831688,16.318444681759686,5.061851625401673,16.50562196264447,38700000.0,41102100
2014-05-12,5.152029037475586,16.52263641357422,5.155755456453205,16.664437575191076,5.023843209760799,16.465915720872502,5.06259711423795,16.641748385890494,27394000.0,22824054
2014-05-13,5.124454975128174,16.562341690063477,5.1676805192381225,16.67578194139493,5.109549651852771,16.505620994260283,5.1624636738602785,16.511292721758124,23021000.0,27706920
2014-05-14,5.105823516845703,16.505619049072266,5.187057764216644,16.607715833375927,5.034278103283421,16.4035222647686,5.108059510915688,16.52830709666477,30243000.0,28226858
2014-05-15,5.06259822845459,16.482929229736328,5.138615273325751,16.55099336519765,5.001486152032565,16.397848775341004,5.117747891051819,16.488600955956105,32093000.0,28286093
2014-05-16,5.103588104248047,16.516965866088867,5.137125173815934,16.76086385271684,5.017137007378424,16.44890170945142,5.074522667647275,16.44890170945142,52044000.0,37632332
2014-05-19,5.0916643142700195,16.607717514038086,5.17289857613759,16.851615475682895,5.078249768940053,16.590701191553,5.149795195269947,16.77787845833915,37789000.0,43203882
2014-05-20,5.032042503356934,16.590700149536133,5.096135437571691,16.755189356102683,4.987326527535312,16.56801210107263,5.0946450116556,16.755189356102683,29085000.0,26215299
2014-05-21,5.098371505737305,16.772207260131836,5.100607144643856,16.970727987988493,5.020863671040991,16.56234193683554,5.032042576315731,16.59070171502222,16896000.0,22601765
2014-05-22,5.118492603302002,16.823253631591797,5.158736938142881,16.942366742152466,5.058871313853158,16.76086121276595,5.099860861506509,16.766534080131823,15679000.0,22610303
2014-05-23,5.257858753204346,16.726821899414062,5.262330386643803,16.81190232715086,5.122220390110868,16.692789272209616,5.1512858297818305,16.77219797550378,32017000.0,19955909
2014-05-27,5.286178112030029,16.794889450073242,5.312262340002093,17.01042642573915,5.240716927458448,16.772201407386017,5.293630951662593,16.97639379157104,31637000.0,28383588
2014-05-28,5.2243218421936035,16.794889450073242,5.272763884482105,16.914001389112535,5.204944883129804,16.789216584195525,5.257858558692336,16.845937261050864,34927000.0,28847242
2014-05-29,5.275746822357178,16.789222717285156,5.28021845709801,16.879976061460727,5.202710595418414,16.749519483284864,5.2526434354247336,16.862959738160622,27566000.0,25791485
2014-05-30,5.266801357269287,16.80623435974121,5.365921782732656,16.874298493709556,5.172897777600256,16.738170225772866,5.354742878226357,16.766531136798996,38938000.0,27658119
2014-06-02,5.339093208312988,16.85161781311035,5.365922654561413,16.902665647371368,5.261585366351499,16.783552513728903,5.307046560051593,16.783552513728903,26599000.0,21079051
2014-06-03,5.3249335289001465,16.783550262451172,5.371885507879257,16.914006834974913,5.279472331491092,16.760862212458996,5.315990260964025,16.885647057553424,22308000.0,25506695
2014-06-04,5.336857795715332,16.811914443969727,5.355489545198463,16.868634009824103,5.301830291479999,16.74384914050426,5.310773559661587,16.79489811810336,19379000.0,24670767
2014-06-05,5.356232643127441,16.87997055053711,5.365921120602978,16.896986868281775,5.30853582394635,16.72115310528634,5.32940320454876,16.840266189224415,27288000.0,20402910
2014-06-06,5.338346004486084,16.68712615966797,5.392005232343237,16.94236873231979,5.309280574589672,16.641750057059863,5.386788387646771,16.908336085226217,15866000.0,28265223
2014-06-09,5.350271224975586,16.647422790527344,5.403185251006048,16.692798892768664,5.3264226348475905,16.56234231375612,5.356978851950595,16.66443911393658,17420000.0,25732883
2014-06-10,5.3554887771606445,16.732498168945312,5.38455421689696,16.732498168945312,5.328659331834591,16.590697037441426,5.347291078645718,16.64174485184002,16409000.0,19195764
2014-06-11,5.3472900390625,16.692800521850586,5.394986860966043,16.76086468185508,5.317479392108682,16.664440740250818,5.341327625374982,16.70981684692048,24943000.0,19755649
2014-06-12,5.348034858703613,16.704145431518555,5.368902238962773,16.783554195235986,5.306299742814377,16.647425863384832,5.316733432943956,16.664442189935023,13604000.0,25420477
2014-06-13,5.322697639465332,16.74951934814453,5.39945991567237,16.789222581824486,5.284688930208534,16.6530942770719,5.379337741447251,16.709814974189623,13508000.0,20662932
2014-06-16,5.282452583312988,16.794889450073242,5.361450848815448,16.85161012692858,5.261585197415209,16.630400285384955,5.326423349523886,16.73249704761474,15668000.0,26380039
2014-06-17,5.349052906036377,16.721158981323242,5.359529818083009,16.800567731853914,5.282451845927538,16.698470929782335,5.282451845927538,16.777879680313006,13817000.0,19270704
2014-06-18,5.329596519470215,16.85161781311035,5.3789861962776655,16.85161781311035,5.279458211460685,16.64175132705098,5.356536180987511,16.749521004313248,13833000.0,20382463
2014-06-19,5.307896137237549,16.783550262451172,5.337080986169884,16.851615552702615,5.263744726557682,16.732502435037507,5.322862698985081,16.845942684998384,12734000.0,21404527
2014-06-20,5.3557868003845215,16.891313552856445,5.384223361601547,16.97072227336947,5.303403680081097,16.806233106670934,5.32510541651759,16.868625509891945,21834000.0,32993362
2014-06-23,5.331093788146973,16.704145431518555,5.3849734752886045,16.931027124878995,5.297418939079586,16.636081265592978,5.358781727774561,16.90833906957047,13349000.0,26548679
2014-06-24,5.2884392738342285,16.619062423706055,5.4104169414730165,16.721159227279404,5.285446175751656,16.619062423706055,5.371503811751907,16.692799447504868,15304000.0,24615221
2014-06-25,5.3602776527404785,16.90265655517578,5.3655159299186135,16.925344596007,5.242790018153791,16.533973896188193,5.281703138237579,16.533973896188193,12827000.0,33219972
2014-06-26,5.3101396560668945,16.783550262451172,5.3782372587684035,16.896991652686967,5.266736533531797,16.72115783990396,5.367012430178058,16.85728728013193,8126000.0,20523699
2014-06-27,5.308643817901611,16.82892417907715,5.325855558242767,16.874300273174477,5.257009310540021,16.7211556705273,5.293677257828446,16.82892417907715,16935000.0,32328815
2014-06-30,5.3932037353515625,16.834596633911133,5.3932037353515625,16.92534881988405,5.307146122725017,16.80056399403392,5.307146122725017,16.87997272689759,17773000.0,21430033
2014-07-01,5.539876937866211,17.061479568481445,5.5473603956899815,17.140888312839483,5.414157915172681,16.783550103503224,5.4238861962450375,16.79489469852933,21429000.0,26982611
2014-07-02,5.561577796936035,17.225969314575195,5.582530904585877,17.25433023287561,5.506201216960238,17.016103992471844,5.506201216960238,17.050136638322368,16081000.0,19500792
2014-07-03,5.625934600830078,17.31671905517578,5.640152884427208,17.379112610458446,5.568313192067638,17.180590771672087,5.587769753113091,17.36209628995179,7994000.0,15654957
2014-07-07,5.577293872833252,17.294034957885742,5.653623220668962,17.373442566026515,5.5698104145271,17.23164139246627,5.6446435702648845,17.294034957885742,19066000.0,18543444
2014-07-08,5.491984844207764,17.1011905670166,5.575049023991624,17.294040775261543,5.395450295939775,17.02745466173794,5.562327643678309,17.28836790541292,19169000.0,23652182
2014-07-09,5.554843902587891,17.044462203979492,5.554843902587891,17.129543810786135,5.469534546782429,16.959381737447682,5.512189403100628,17.084167714005815,9798000.0,21795982
2014-07-10,5.474024772644043,17.01609992980957,5.503209619178407,17.038789115142745,5.391708511380636,16.77787488655793,5.393205060383131,16.87997165945854,15479000.0,21200367
2014-07-11,5.477766036987305,17.055803298950195,5.498719148567385,17.08416420882518,5.438104637140329,16.902658718668782,5.483004314882325,17.038788121354727,12517000.0,19350913
2014-07-14,5.540626049041748,17.152233123779297,5.604982297355601,17.203280951352113,5.493481542223383,17.072824378421657,5.580287453737135,17.12387334626939,12242000.0,21589820
2014-07-15,5.494229316711426,17.2486572265625,5.566069017440941,17.367770345808033,5.439601355910922,17.1295452475919,5.538380721394674,17.1295452475919,14556000.0,32000494
2014-07-16,5.511440753936768,17.560619354248047,5.5660690721047,17.56629222203104,5.44409141297428,17.225969186873577,5.4710310779930875,17.30537793308615,15180000.0,37260165
2014-07-17,5.3804826736450195,17.328065872192383,5.5129368700226316,17.759139965537237,5.362522661651146,17.31104954950247,5.4822554802255,17.469867040908422,17816000.0,34447039
2014-07-18,5.612462997436523,17.430160522460938,5.631919552955514,17.441505116282706,5.433612626958711,17.208951775546925,5.443340904718206,17.3167191453424,33949000.0,25720973
2014-07-21,5.643896102905273,17.21462059020996,5.649883013517242,17.379109761013687,5.574301567727934,17.186259680590606,5.576546748415174,17.259996677271417,15368000.0,23992624
2014-07-22,5.64164924621582,17.294034957885742,5.720223762167663,17.418818667899803,5.634914420242845,17.24298598807207,5.655867529341769,17.328066464153228,23997000.0,19754384
2014-07-23,5.50994348526001,17.2373104095459,5.665595972954937,17.40747132369381,5.506950387777192,17.19760604420809,5.664847698584232,17.40747132369381,24450000.0,22255632
2014-07-24,5.426130294799805,17.20895004272461,5.52939964389157,17.33940658702755,5.4081706407170165,17.197605450045167,5.515181361390074,17.225965221331773,20676000.0,15640306
2014-07-25,5.23231315612793,17.123870849609375,5.410415283373538,17.21462303662934,5.216598325517585,17.061477295689706,5.408918734790891,17.19760671649441,36838000.0,15284581
2014-07-28,5.27646541595459,17.072824478149414,5.294425072383678,17.112528851060162,5.1739443277854384,16.891318936310995,5.239797115020581,16.896991804066047,31813000.0,28762290
2014-07-29,5.229321002960205,16.862960815429688,5.325855547171556,17.2940360920462,5.226327905050358,16.84027276300514,5.26823413043573,17.203282742072965,19111000.0,39960934
2014-07-30,5.27646541595459,16.742795944213867,5.316126814544659,16.903013454261245,5.217347455276492,16.611187265899044,5.309391631156706,16.8858470048867,17545000.0,35826092
2014-07-31,5.1919050216674805,16.4223575592041,5.260751272414848,16.77712543020695,5.1485018884865825,16.4223575592041,5.2390495274089215,16.742793686422562,18476000.0,40419003
2014-08-01,5.271228313446045,16.513906478881836,5.291433154452757,16.651235722000155,5.141767176523535,16.416630735588754,5.2323151805943064,16.42235365013629,19141000.0,33034046
2014-08-04,5.338576316833496,16.450963973999023,5.358032878347674,16.57112677671841,5.233062134120305,16.36513290762749,5.262246976391572,16.565405012382868,15452000.0,25448514
2014-08-05,5.247281551361084,16.256418228149414,5.344564379942995,16.428080421556704,5.226328436537588,16.187753580853503,5.299664338419825,16.35369400790322,15388000.0,29181571
2014-08-06,5.260001182556152,16.182031631469727,5.310887760409999,16.244974511696153,5.220339789764234,16.073312320230443,5.2233332438135855,16.19347631439044,10354000.0,24642731
2014-08-07,5.2106122970581055,16.044692993164062,5.304902010297642,16.2735750149155,5.197142643878951,15.97602838663863,5.304902010297642,16.2735750149155,11222000.0,32163126
2014-08-08,5.27047872543335,16.216367721557617,5.275717003024831,16.25069947640684,5.187414201533112,15.947429698506696,5.218095592687634,16.06759256598182,12822000.0,31736256
2014-08-11,5.299663543701172,16.164859771728516,5.346808401815338,16.359410113582864,5.276465608695684,16.130528035127522,5.276465608695684,16.32507837698187,14173000.0,23246813
2014-08-12,5.3243584632873535,16.067588806152344,5.342318477469434,16.22780745907484,5.27272395776026,16.03897882541688,5.304902257031334,16.170586347268955,9421000.0,21536277
2014-08-13,5.385720729827881,16.14197540283203,5.397693832778172,16.273582916826932,5.31911931877814,16.124808955281633,5.360277618435361,16.164863616120932,10836000.0,18397886
2014-08-14,5.525659561157227,16.43951988220215,5.554844409168445,16.473852770110952,5.438853648493651,16.119083812947014,5.438853648493651,16.170581994475572,18997000.0,21074730
2014-08-15,5.596750736236572,16.388023376464844,5.60423383811291,16.536797322058437,5.494229635664793,16.256414726246277,5.5780424462993,16.513909111223633,21143000.0,22910482
2014-08-18,5.6401543617248535,16.50246238708496,5.642399185434587,16.559683482253472,5.563824646298216,16.416631319499505,5.635664357474406,16.45096420666754,12531000.0,24209958
2014-08-19,5.658860206604004,16.559690475463867,5.733693345254354,16.611188677629148,5.644642281364522,16.416638252298487,5.655867109429734,16.57685692629733,18734000.0,19869376
2014-08-20,5.715734004974365,16.531078338623047,5.724714011211654,16.58257768800188,5.660357775618941,16.445247239993364,5.662602598762817,16.496746589372197,11375000.0,15844677
2014-08-21,5.707502841949463,16.49102783203125,5.735191137802141,16.588302481382733,5.668589715596912,16.445250240785274,5.697026285905458,16.548247808002035,15550000.0,25687561
2014-08-22,5.703013896942139,16.548246383666992,5.72546391893985,16.58257928656257,5.650631106999135,16.491026412621224,5.72546391893985,16.513914631106562,15837000.0,17231635
2014-08-25,5.670088291168213,16.542516708374023,5.777847694828505,16.645514217486998,5.643896536513856,16.542516708374023,5.762132499303478,16.553961387313066,17100000.0,17833680
2014-08-26,5.684304237365723,16.714183807373047,5.698522164015404,16.771404918404485,5.632669380848834,16.57113160496192,5.6768207800261035,16.61118626765043,13544000.0,18120790
2014-08-27,5.6992716789245605,16.87439727783203,5.725463070012606,16.92017369247024,5.650630269167518,16.80573150554013,5.687298216690782,16.862952599005183,13434000.0,24440679
2014-08-28,5.714237689971924,16.81145477294922,5.723965970988473,16.977393991911708,5.608723147613691,16.80001009388218,5.652874549394113,16.8400647451149,18587000.0,21716616
2014-08-29,6.143030166625977,16.817180633544922,6.345827180514503,16.87440174214848,5.724714759043353,16.75995952494137,6.122825685199061,16.857235294533922,62934000.0,17690863
2014-09-02,6.362290859222412,16.742795944213867,6.371270866933197,16.828627040751574,6.16622866591709,16.68557482974373,6.208883524127844,16.714184811811293,41604000.0,21837721
2014-09-03,6.389980792999268,16.82289695739746,6.4498477676303825,16.897284489552533,6.323379702562137,16.725622369606395,6.381001496149831,16.851506927276976,32681000.0,22258477
2014-09-04,6.442360877990723,16.805740356445312,6.529167124296401,16.908737918793236,6.395964300650116,16.765685684958054,6.400454660347204,16.89729438427413,28061000.0,23582301
2014-09-05,6.5763115882873535,16.96595573425293,6.589781239991925,16.97167750039681,6.454333950794399,16.714184219902453,6.462565325318111,16.76568241586734,26594000.0,18518885
2014-09-08,6.599511623382568,16.82289695739746,6.710264104657409,16.96594910746408,6.549373304481332,16.76567586730391,6.590531615315751,16.925894459432048,28949000.0,15416963
2014-09-09,6.615971565246582,16.725631713867188,6.668355042318988,16.845794574761246,6.582296727722044,16.59974593553233,6.613727099430139,16.83434989021482,21896000.0,22808560
2014-09-10,6.660123825073242,16.845794677734375,6.667607281869514,16.89729403300534,6.564338289995508,16.685577145451212,6.606244506195875,16.737075350387006,18855000.0,20482804
2014-09-11,6.665364742279053,16.954511642456055,6.668358554380456,16.96023455913434,6.571823636258773,16.75423946742641,6.6533916348594495,16.817182348207442,17888000.0,19628537
2014-09-12,6.574068069458008,16.840065002441406,6.665363984437532,16.937339599491906,6.540393218026525,16.788565671354704,6.660874337288898,16.86295321059062,18244000.0,19187754
2014-09-15,6.488757610321045,17.120452880859375,6.603252520321575,17.120452880859375,6.455831394002118,16.811461378981623,6.595769062265779,16.845793129004115,15998000.0,25633912
2014-09-16,6.579305648803711,17.19483757019043,6.6054970385422855,17.234893383472986,6.410932123200657,17.023175386320656,6.463314902677805,17.137617609123804,21146000.0,20662194
2014-09-17,6.58981990814209,17.366504669189453,6.64164338361578,17.435169327555826,6.562030830052296,17.223452434841438,6.607094161210409,17.27495179136762,15653000.0,27632191
2014-09-18,6.723509788513184,17.498104095458984,6.72426115454816,17.578213401531368,6.611602090508791,17.360774842478893,6.6228675671514114,17.40082834518042,18165000.0,27852793
2014-09-19,6.691966533660889,17.395111083984375,6.825655992210221,17.64688259663044,6.676945656629711,17.315001757172453,6.76932573360358,17.60110616711933,41834000.0,36913399
2014-09-22,6.547760486602783,17.269224166870117,6.697221415569634,17.37794346723492,6.49067959967714,17.15478310078477,6.657415497660613,17.31500059330426,23869000.0,26223731
2014-09-23,6.576301574707031,17.19483757019043,6.60559339012003,17.297835110579285,6.487676194961801,16.88012433331914,6.534993632741435,17.068952965642882,20829000.0,30758460
2014-09-24,6.685956954956055,17.34361457824707,6.688209620425647,17.42372276252939,6.5605289713704344,17.206284125997957,6.5860653876890085,17.22917234298363,14503000.0,23272847
2014-09-25,6.4936842918396,17.1547908782959,6.672437048357232,17.37795134592088,6.441860812050836,17.14906795964585,6.672437048357232,17.355063122326918,17940000.0,23822086
2014-09-26,6.571796417236328,17.006013870239258,6.583813261685178,17.154787872701856,6.4936858539153555,16.914460991903876,6.500445284151023,17.14906495505449,9834000.0,25074238
2014-09-29,6.542503833770752,17.03462028503418,6.55752470686584,17.074674948490387,6.464393288123642,16.92017921111285,6.489928987265933,16.977399172906033,9826000.0,21048169
2014-09-30,6.534240245819092,16.920183181762695,6.603337966008402,17.160510068562346,6.474155334025661,16.908738496517362,6.580054937341434,17.034624282539855,14885000.0,27046167
2014-10-01,6.424587249755859,16.679851531982422,6.543255094999656,16.828626656272764,6.372013114606351,16.605465120172234,6.543255094999656,16.805737290739646,22257000.0,37825847
2014-10-02,6.249589443206787,16.628347396850586,6.414071982985425,16.75995487482232,6.071587329410251,16.53107165424759,6.390038298927332,16.68556848957791,34278000.0,29724908
2014-10-03,6.269118309020996,16.71990394592285,6.342722107612455,16.771403285938874,6.237573823910371,16.594018204107897,6.280384503532918,16.759958604712594,20650000.0,25378107
2014-10-06,6.224804878234863,16.69129180908203,6.3472281223175075,16.82862221435745,6.199268460197942,16.599738972454873,6.31418090882633,16.794289325454926,19536000.0,17397640
2014-10-07,6.085858345031738,16.473857879638672,6.209783611419204,16.66268537069984,6.0813522972853375,16.473857879638672,6.190255971980303,16.611187173198616,15266000.0,26019676
2014-10-08,6.256350517272949,16.81145477294922,6.29089975299407,16.817176537315433,5.955925448067442,16.330800108491175,6.083606487474376,16.485295798721232,27681000.0,31123671
2014-10-09,6.053563117980957,16.588293075561523,6.256349588791861,16.84578627243314,6.052060385819958,16.553961339512732,6.227809138035344,16.822898064955748,18880000.0,24072411
2014-10-10,5.35958194732666,16.668407440185547,5.841763847869106,16.862957838008366,5.163554523581488,16.594019880536703,5.839510823749964,16.65696275780305,105981000.0,33796826
2014-10-13,5.185333728790283,16.290746688842773,5.417411980016939,16.75995670970617,5.167308466510587,16.26213671451417,5.317520776180036,16.685570316317925,65240000.0,35930228
2014-10-14,5.40915060043335,16.285030364990234,5.475994953688272,16.47958078616177,5.186836164584386,16.25069746405728,5.412154631782012,16.388027917454007,69034000.0,24516462
2014-10-15,5.448958396911621,16.130531311035156,5.516553776810395,16.19347418297693,5.2469225489924165,15.770040526338594,5.276965019643982,16.130531311035156,31955000.0,43407620
2014-10-16,5.678031921386719,15.850152015686035,5.714834178105226,16.02753713759606,5.2949902687508965,15.741432695978647,5.307758120895889,15.947427801916378,33985000.0,39843835
2014-10-17,5.794445514678955,15.924532890319824,5.985966120917988,16.027530399990905,5.77041147338649,15.810090701647688,5.814724158677572,15.913088211318769,41607000.0,34331731
2014-10-20,5.8575334548950195,15.981752395629883,5.862791225075725,16.004641753003693,5.69305094978546,15.79292497513983,5.758393275581385,15.947420660238317,14370000.0,41027372
2014-10-21,6.187251091003418,16.182031631469727,6.193259870109549,16.319362074843294,5.930387781719007,16.021814122924727,5.932641163417409,16.09047876944401,24112000.0,38453714
2014-10-22,6.073089599609375,16.1934757232666,6.233065363794761,16.302195030537213,6.063325423768414,16.027535304151208,6.194761458905746,16.16486459217673,17307000.0,32451184
2014-10-23,6.112146377563477,16.365137100219727,6.226308200359057,16.5196328292019,6.092619451315841,16.34797065248062,6.169227288961267,16.39374707956164,18205000.0,32436955
2014-10-24,6.147446155548096,16.656965255737305,6.189505467242727,16.748518127187044,6.066330847791251,16.42808192677784,6.136179961514634,16.479581279719657,11269000.0,29959845
2014-10-27,6.126416206359863,16.611188888549805,6.155708026361407,16.71418644452329,6.017512521594128,16.565412452636064,6.121910158196769,16.645521790652673,14977000.0,24207323
2014-10-28,6.323944568634033,16.645519256591797,6.326948600062342,16.765682094988378,6.127166184703431,16.513911735791517,6.170727505489183,16.69129568553668,18230000.0,34131050
2014-10-29,6.375016212463379,16.87439727783203,6.3945438478398415,16.9545054282816,6.275876019978072,16.61690293240658,6.351733179945047,16.679845790117763,14214000.0,28814990
2014-10-30,6.188002109527588,17.074674606323242,6.351733272951732,17.15478393163031,6.097123359662422,16.817181332409053,6.29690576316139,16.817181332409053,19976000.0,22236449
2014-10-31,6.477911949157715,17.13762092590332,6.603339208214901,17.280673156925815,6.346475911283367,17.05751158450391,6.392290611424276,17.171953829455973,25461000.0,26555741
2014-11-03,6.484671115875244,17.274940490722656,6.60033491048762,17.28066225425975,6.465894846766378,17.086111940988577,6.492181910026292,17.108998995136947,15941000.0,22908374
2014-11-04,6.411068916320801,17.32644271850586,6.501196319504787,17.33788624825842,6.373515652593574,17.09183770489648,6.451626211940148,17.24633340889907,18288000.0,25702949
2014-11-05,6.512459754943848,17.33799171447754,6.5184685331126815,17.551541078366146,6.36975825705393,17.28604633383059,6.443362745480142,17.528454629289055,14789000.0,20878159
2014-11-06,6.5815582275390625,17.33799171447754,6.601085863467849,17.464966604252552,6.484671413852262,17.297588978220144,6.492182208348439,17.361077003256643,17114000.0,17409340
2014-11-07,6.387032508850098,17.26873207092285,6.604089861018734,17.38993680486509,6.364500844189216,17.176386269994318,6.59733043324734,17.38993680486509,19751000.0,18200472
2014-11-10,6.452377796173096,17.430334091186523,6.465146007967019,17.476506980282203,6.271372313754438,17.20523980647289,6.378022624058471,17.291814263601726,14364000.0,24073782
2014-11-11,6.471153259277344,17.499595642089844,6.480916720167257,17.54576853703579,6.412570345131271,17.372619600839542,6.447118857534182,17.418792495785485,7927000.0,16579209
2014-11-12,6.537994861602783,17.55730628967285,6.556020476242007,17.62656560822106,6.429841890036004,17.447644251599634,6.452373550200752,17.447644251599634,10396000.0,24736958
2014-11-13,6.568040370941162,17.55730628967285,6.6371381150400035,17.672738487253202,6.498942626842321,17.464959371311064,6.539499920523283,17.61502180831427,12281000.0,15127957
2014-11-14,6.685956954956055,17.511137008666992,6.688209620425647,17.638111871946244,6.482418422947536,17.44187651559027,6.576301211001732,17.534222292628908,12955000.0,19112182
2014-11-17,6.648406982421875,17.499595642089844,6.688212926040797,17.551539858829557,6.578557844158839,17.245643559589237,6.66793462917904,17.262958685268444,11200000.0,27653587
2014-11-18,6.865462779998779,17.65542984008789,6.892501221544278,17.707374057967613,6.634886451268587,17.488052222011998,6.635637817534746,17.597714300287738,20025000.0,21327901
2014-11-19,6.7032341957092285,17.568851470947266,6.909776134907478,17.638110799515143,6.691967998268376,17.476505699523432,6.872974226044168,17.557308829668127,18763000.0,16734253
2014-11-20,6.75430154800415,17.568851470947266,6.828656679371834,17.59771039474047,6.610848697094721,17.459190577307044,6.672435623665515,17.505363463018963,15121000.0,17366653
2014-11-21,6.775331497192383,17.574623107910156,6.889493263377836,17.76508713512321,6.718250614099655,17.43033312753778,6.88723988213242,17.747773172892863,17461000.0,29088081
2014-11-24,6.845181465148926,17.441877365112305,6.860953703355978,17.678514300522725,6.788100574722203,17.384161831800945,6.8008687817285125,17.620797606913563,11876000.0,34521240
2014-11-25,6.845935344696045,17.58616828918457,6.951835015307282,17.69582919340056,6.839927279459979,17.418790692113618,6.897758846837177,17.436105815999888,25923000.0,26884273
2014-11-26,7.043461322784424,17.949783325195312,7.0494693847363905,17.961327129220265,6.8782274425372405,17.655429665985057,6.8782274425372405,17.690059917762,16143000.0,28959704
2014-11-28,7.014922142028809,17.97864532470703,7.092281325596361,18.26145524642997,6.9600946273730875,17.926701095118446,7.06974965668453,17.96710267826432,8700000.0,21373750
2014-12-01,6.8309125900268555,18.04212760925293,7.011918756549598,18.186418765874528,6.761063478815196,17.82280579377871,6.988635719479045,17.82280579377871,17168000.0,24190776
2014-12-02,6.924796104431152,18.221054077148438,6.940568347380978,18.249911852371234,6.738532504868331,18.05367642820028,6.811385655409325,18.146022237151755,19794000.0,26758530
2014-12-03,7.1448540687561035,18.32493782043457,7.173394511418565,18.34225178384138,6.98713170078255,18.07098460659697,6.98713170078255,18.180646669960073,31727000.0,33154202
2014-12-04,7.7412004470825195,18.278759002685547,7.794525953145189,18.365333438328904,7.473822266923593,18.09406749213838,7.62703863888775,18.21527100586059,61855000.0,20106420
2014-12-05,7.810299396514893,18.463459014892578,7.886156586185323,18.555804806884304,7.640559390342256,18.238365856838257,7.799033200677771,18.267223626761186,29596000.0,26196432
2014-12-08,7.5639495849609375,18.4519100189209,7.8238169660961905,18.596201148532153,7.4850876596662985,18.33070649110934,7.811048756177096,18.34224913171158,34818000.0,28318029
2014-12-09,7.708900451660156,18.44037437438965,7.738192254072165,18.475004629929916,7.3040783592081775,18.15179316598028,7.50235868469789,18.209508711483323,22903000.0,27809158
2014-12-10,7.454292297363281,18.388427734375,7.773493867871085,18.567349162041104,7.448283519131752,18.324940870720088,7.660834110843719,18.469230884914662,22194000.0,31848929
2014-12-11,7.551931381225586,18.26721954345703,7.720919962822277,19.115648928400454,7.499356535073655,18.186416413377373,7.516631505979941,18.38842307827885,15685000.0,27788921
2014-12-12,7.450538158416748,17.863204956054688,7.599248461134716,18.14601474949535,7.422749076475157,17.81125958973028,7.434014552691806,18.088298062567453,13177000.0,29000072
2014-12-15,7.37618350982666,17.811260223388672,7.574463926965633,17.97863780922588,7.303330369246222,17.713143128448042,7.5083702158296814,17.967095167608257,16749000.0,33448268
2014-12-16,7.310088634490967,17.70159912109375,7.48658871934052,18.21527332029363,7.21094844171048,17.684283999705524,7.3416331110540725,17.793944888100793,22113000.0,24954188
2014-12-17,7.461596965789795,17.961322784423828,7.52642104034653,18.094070116961014,7.19853027964742,17.649654074716935,7.336470406759847,17.718913401219254,27875000.0,25988478
2014-12-18,7.662103652954102,18.4519100189209,7.6884855968513515,18.469225140121864,7.537731118257023,18.134471158192788,7.605570813337986,18.192186681799203,33281000.0,37867058
2014-12-19,7.549036026000977,18.434600830078125,7.7148655502421635,18.52117646394349,7.49627143296617,18.24413791646827,7.668885500048225,18.417286863603035,65173000.0,47377089
2014-12-22,7.644009113311768,18.52117156982422,7.658330835463157,18.53848553172419,7.537727313464319,18.249904416188237,7.61310487414044,18.388423073174053,15924000.0,19388330
2014-12-23,7.596524715423584,18.151792526245117,7.726173625975143,18.601980030912088,7.580695550663276,17.759320565047087,7.714113412660716,18.57312109887961,13011000.0,36675511
2014-12-24,7.592001438140869,18.134475708007812,7.630444310320657,18.26722307002462,7.558835672896116,18.122931904211704,7.607077243431914,18.146018351506022,6358000.0,11407442
2014-12-26,7.584462642669678,18.26721954345703,7.637980589914118,18.376880437009,7.5535576797026405,18.065212878555553,7.610844577468949,18.180645092742445,5761000.0,9071146
2014-12-29,7.634965896606445,18.117158889770508,7.6425037985371835,18.249906239384682,7.476673550330424,18.11138756856062,7.5844635351490695,18.157560458835306,13677000.0,13359977
2014-12-30,7.601797580718994,18.11138343811035,7.6839589589129655,18.174870277536005,7.5829535510766055,18.030580318408568,7.618380815624779,18.05366675828086,11730000.0,11628993
2014-12-31,7.582201957702637,17.97864532470703,7.766122881471084,18.296085506354494,7.570141746026153,17.97287400148568,7.620644107063266,17.995960454669294,15121000.0,15736220
2015-01-02,7.544512748718262,18.082529067993164,7.704312521415675,18.342252452131476,7.4721507638194335,18.019041052295055,7.607830114501853,18.04789997962008,13500000.0,16371571
2015-01-05,7.423912525177002,17.984416961669922,7.599541538249109,18.128708166808355,7.417128698376024,17.897842470646506,7.543008689768728,18.094079066577915,15596000.0,24786391
2015-01-06,7.255063533782959,18.134475708007812,7.468381240246215,18.388426628245316,7.1744095759341375,17.961326773151477,7.458582544196042,18.047901240579645,22194000.0,29468681
2015-01-07,7.451045513153076,18.38265037536621,7.491749176216645,18.394194176065703,7.276169930554584,18.22681660785736,7.315366157038595,18.307619731861056,30907000.0,20248816
2015-01-08,7.82340669631958,18.7578125,7.861849552886717,18.838615647378237,7.564863066494354,18.596206205243526,7.5776773520167335,18.665465548582905,33265000.0,49169522
2015-01-09,7.90707540512085,18.84438705444336,7.974915062748313,18.873244824224088,7.732200594039431,18.711638528736998,7.8746630124327135,18.74626878071221,23432000.0,26083022
2015-01-12,7.7759222984313965,18.91364097595215,7.962858112705281,18.97712897950741,7.742756533538302,18.821295210889076,7.91989293070612,18.855924292638928,18692000.0,24867865
2015-01-13,7.73220157623291,18.723182678222656,8.094012171067323,19.17914148271861,7.668130860207597,18.538489931444293,7.822654224941513,18.977134769931173,24337000.0,35989568
2015-01-14,7.793258190155029,18.74626922607422,7.800796092034767,18.88478907696801,7.53848343253411,18.544262512214136,7.621398196649561,18.590435409079415,20984000.0,32301727
2015-01-15,7.637226581573486,18.70009422302246,7.955318676196925,18.91364471719571,7.616874392341469,18.613519761076436,7.806071684674845,18.832841576633328,18372000.0,27009593
2015-01-16,7.8256683349609375,18.93096160888672,7.83245215715359,18.942504252731545,7.561094237471725,18.619292820607434,7.589737681266197,18.636607946672605,15375000.0,25146648
2015-01-20,7.904816150665283,19.104106903076172,7.932705521557398,19.109878223897173,7.732202100710434,18.78089553263437,7.81587093224058,19.029075091212295,12840000.0,44449393
2015-01-21,7.943260669708252,18.83861541748047,8.056326342346896,19.334975779135554,7.847531599354782,18.792442522484357,7.864114123777988,19.000220549966865,16451000.0,35027793
2015-01-22,7.929689407348633,18.936735153198242,8.026925870284465,18.948278958695767,7.652301021709765,18.49809142965759,7.988483012767555,18.855931995609787,20639000.0,31389069
2015-01-23,8.063860893249512,18.72895622253418,8.103057110989042,18.988679667063543,7.858081109543837,18.71741357715852,7.916875436153132,18.971365699000057,15088000.0,27378599
2015-01-26,8.045018196105957,18.93096160888672,8.069892695379139,18.959819378796716,7.885971784979997,18.567348602709853,8.045771554925663,18.740497542765702,9611000.0,28285566
2015-01-27,7.89878511428833,18.815523147583008,7.98848368500192,19.24839538128708,7.750291495500815,18.64237425410138,7.919890660338587,18.665460695879087,15242000.0,42732322
2015-01-28,7.914613723754883,18.44037437438965,8.166373541404027,19.127198880319884,7.90406095146318,18.186422261222496,8.074413463189558,18.798214933581505,23302000.0,33774481
2015-01-29,8.029936790466309,18.371110916137695,8.035213173937926,18.446141572635288,7.708830038138409,18.203733318945954,7.886720359585289,18.417283806335874,15842000.0,30735905
2015-01-30,7.754812717437744,18.036359786987305,8.04501534575737,18.35379992902017,7.735214612261456,18.007502014183608,7.936472049308202,18.27876809531329,16938000.0,45396623
2015-02-02,7.720139503479004,18.26721954345703,7.80079344474277,18.26721954345703,7.474410167734164,17.903606618396232,7.78270277391224,18.14601484833754,21581000.0,24549979
2015-02-03,7.778934478759766,18.48077392578125,7.818130695905949,18.561577072982132,7.64024028252769,18.157562497275638,7.726170616775946,18.376884330851244,15390000.0,34785267
2015-02-04,7.899537563323975,18.67291259765625,7.935718906017138,18.78936311048415,7.7224012373338295,18.469123907574083,7.758582580026994,18.61468675597561,16658000.0,38671365
2015-02-05,8.005067825317383,19.208589553833008,8.00657526179766,19.33086231403023,7.8203935576874635,18.981509563980715,7.895017054864954,19.237701892825964,16585000.0,62653660
2015-02-06,7.895019054412842,19.313396453857422,8.073663621366425,19.458960496227064,7.8588376943073035,19.057204113857594,8.01034624118173,19.191122517802896,10682000.0,36868498
2015-02-09,7.706573486328125,19.255170822143555,7.865619888856677,19.424024972751774,7.67491516511973,19.127074650684463,7.835469004060044,19.202768374971008,20346000.0,32236379
2015-02-10,8.068385124206543,19.884010314941406,8.10004344659781,19.924768302851447,7.755568694329514,19.453141494788227,7.766875546120891,19.493899482698268,20398000.0,62633318
2015-02-11,8.13622760772705,19.942232131958008,8.16336363248513,20.093619591234006,8.014870652584955,19.796669248172666,8.049543862952943,19.796669248172666,17169000.0,41574608
2015-02-12,8.268889427185059,20.30323028564453,8.294517287564062,20.361454966786482,8.175421167727551,19.930586239561435,8.201049746960456,19.959699750665987,21072000.0,46014267
2015-02-13,8.302807807922363,20.1693115234375,8.306576758256144,20.34981013874463,8.147530360897962,20.093617800545122,8.291500956921022,20.204244926864344,14614000.0,24652638
2015-02-17,8.357080459594727,20.134370803833008,8.393261813553556,20.285755871144097,8.222909256562863,20.070321564575845,8.30657809845224,20.111079532903165,15312000.0,24102029
2015-02-18,8.29150104522705,20.07615089416504,8.33597365324402,20.134377921540217,8.23798310008343,19.93641024238586,8.315621464995605,20.134377921540217,16681000.0,22794015
2015-02-19,8.359343528747559,20.035390853881836,8.374418616465073,20.070324253356755,8.265121894237517,19.860714492239865,8.291503836883685,19.988808305781586,13196000.0,28097954
2015-02-20,8.44677734375,20.122732162475586,8.45431452461776,20.13437663077718,8.326173104767957,19.854893004068437,8.399289150587853,19.95387800783362,19283000.0,27705022
2015-02-23,8.506322860717773,20.023744583129883,8.53496629728412,20.099438299488465,8.439237295524752,19.831601516599385,8.517629707421383,19.86071502467582,23854000.0,24383868
2015-02-24,8.53119945526123,19.9946346282959,8.562857771225527,19.9946346282959,8.412857449722214,19.843247186400866,8.555320590415226,19.92476314110326,23213000.0,20402805
2015-02-25,8.493512153625488,20.180957794189453,8.585472964048677,20.25665152384422,8.465622782640564,19.755911270518613,8.539492918263983,19.9422321363759,38216000.0,39229880
2015-02-26,9.74251651763916,20.140193939208984,9.790758089130774,20.21588764679124,9.275177327166753,20.017920028745333,9.289499054935419,20.070322464353573,89263000.0,20977551
2015-02-27,9.619647979736328,19.982988357543945,9.701055287900033,20.180956015873182,9.508089790072964,19.96552165580921,9.701055287900033,20.052859846617114,33825000.0,25705901
2015-03-02,9.725176811218262,20.24500274658203,9.864624374130385,20.26247178922564,9.588743402066157,19.83160307300064,9.588743402066157,19.982988176531727,27893000.0,22505008
2015-03-03,9.664875030517578,20.122732162475586,9.719147054638503,20.31487525372074,9.615880112135502,20.035393968079205,9.666383185787991,20.233359293475154,18682000.0,25343641
2015-03-04,9.753819465637207,20.1693115234375,9.790000812146118,20.24500290526277,9.37467228028327,19.94805492973195,9.62492467669326,20.081973332736176,36143000.0,20434636
2015-03-05,9.842011451721191,20.07033348083496,9.915127504453054,20.268301207544123,9.707086196908518,20.0295754883086,9.750804725489154,20.221720979095128,21688000.0,24717354
2015-03-06,9.639999389648438,19.779197692871094,9.835980477649995,20.0645011560307,9.61060258587506,19.651101543779,9.799045773833395,19.942227239933693,22329000.0,42080528
2015-03-09,9.58195972442627,19.814138412475586,9.692764561478857,19.90147661148905,9.567638001013298,19.598702861637555,9.632462795167536,19.720975637936203,17835000.0,32858028
2015-03-10,9.431206703186035,19.66857147216797,9.567639415724885,19.872361365790127,9.38522665348888,19.598701153154753,9.47643267517995,19.697684982990314,17688000.0,40344696
2015-03-11,9.39653205871582,19.58123779296875,9.532965479533297,19.85489689813117,9.385979284811617,19.58123779296875,9.444773618929528,19.785027733551225,17742000.0,26996840
2015-03-12,9.506586074829102,19.79666519165039,9.513369900022402,19.83160093209906,9.162111238267709,19.668569037383154,9.262363335892267,19.68603807814091,22305000.0,29699085
2015-03-13,9.422161102294922,19.79666519165039,9.55407150149782,19.79666519165039,9.342261216403276,19.621988830473875,9.475679052116757,19.750084984741108,18414000.0,29596847
2015-03-16,9.7892484664917,20.0528564453125,9.832966999002846,20.12272792253428,9.550302176997445,19.773375218558805,9.563116465116616,19.84324435471387,23077000.0,30615643
2015-03-17,9.731205940246582,19.895654678344727,9.76889472094708,19.971348418494053,9.610602417087954,19.761736244809263,9.709346318046629,19.86654350218548,19006000.0,21746760
2015-03-18,9.861239433288574,20.017929077148438,9.924743720803658,20.087800583586816,9.653340234377636,19.6511095210162,9.726672145819764,19.814141475327283,21250000.0,34923131
2015-03-19,9.982195854187012,19.884010314941406,10.05099135781981,20.017928749197917,9.829483823051257,19.83743009176817,9.865771973217322,19.95970405549829,24461000.0,21541020
2015-03-20,10.076699256896973,19.942232131958008,10.14398289895762,20.070328312473347,9.994295306431152,19.785024779325994,10.087283184390198,19.872362977810667,55522000.0,62355378
2015-03-23,10.1636381149292,20.408035278320312,10.302741769665209,20.64093868614548,10.122057990868955,20.081973784859105,10.205973821768175,20.093618252930217,23849000.0,53549524
2015-03-24,10.063848495483398,20.09943962097168,10.233947662113833,20.37892323010676,10.045704411341893,20.08779515340228,10.203707762203349,20.343987486331493,25819000.0,34953907
2015-03-25,9.40688419342041,19.971345901489258,10.079722758842086,20.37892572702752,9.404616003025497,19.95387919799505,10.026046819010256,20.151844535198766,48853000.0,30783229
2015-03-26,9.428051948547363,19.889827728271484,9.460560033620228,20.029568363913576,8.842153718333298,19.767553794184497,9.091633029867438,19.86071655901298,45058000.0,26167553
2015-03-27,9.692652702331543,20.105266571044922,9.75237619494282,20.146024558165887,9.438636980325793,19.93059015226009,9.449220908661362,20.052864113622995,24297000.0,24073782
2015-03-30,9.86955738067627,20.378923416137695,9.896017204059941,20.50701958377164,9.699457486101076,20.11690650596487,9.815125126021762,20.146020016221204,19523000.0,26890386
2015-03-31,9.599664688110352,20.25665283203125,9.790176116569304,20.45461817952251,9.580765022329405,20.23918378656189,9.775812111024411,20.314877521105007,16402000.0,27937956
2015-04-01,9.497605323791504,19.988807678222656,9.598153368547417,20.285757951904472,9.344893938846324,19.860713868702504,9.575473624074863,20.285757951904472,21830000.0,33984017
2015-04-02,9.45148754119873,20.017929077148438,9.594371271150253,20.163491984316078,9.42200395168895,19.924768629275732,9.53389148463836,20.041220359650463,14508000.0,26467837
2015-04-06,9.512722969055176,20.07615089416504,9.580762904387196,20.268296338795352,9.26097549671705,19.930588007861815,9.326747241944437,20.041217487020766,14227000.0,22640447
2015-04-07,9.499114990234375,20.1110897064209,9.614027014523623,20.314879651147912,9.480215327754337,20.093623000187602,9.564131155761379,20.163492166188497,16132000.0,15105085
2015-04-08,9.585301399230957,20.1693115234375,9.636709157296695,20.285760883661197,9.472657537055811,20.041215354337748,9.485509656816268,20.093617800545122,13607000.0,24215123
2015-04-09,9.617810249328613,20.396394729614258,9.672241785407934,20.41386143507732,9.499118109374306,20.01792837497275,9.513482117127042,20.1693158532564,13961000.0,30864493
2015-04-10,9.587568283081055,20.635112762451172,9.674507893884151,20.652581804483322,9.530868568251904,20.320695757609553,9.64351169409606,20.332342565986657,11669000.0,25668800
2015-04-13,9.47643756866455,20.431320190429688,9.636709110493003,20.687512454583857,9.457537901562324,20.384739991589516,9.62007763415539,20.58270525139364,10483000.0,36155573
2015-04-14,9.372864723205566,20.396394729614258,9.475680948559948,20.559426678206613,9.233761054469644,20.326523225626786,9.45451237203404,20.408039199922964,16047000.0,16844712
2015-04-15,9.518014907836914,20.501190185546875,9.548254798910447,20.652577593982354,9.42351515811014,20.448787752267876,9.432587197529786,20.611819625639455,16893000.0,31173209
2015-04-16,9.47492504119873,20.489551544189453,9.537673027619284,20.54777622648523,9.434856797962652,20.39056888196647,9.455269071511907,20.419682393647957,15456000.0,20637742
2015-04-17,9.211835861206055,20.40221405029297,9.395543396561758,20.419683094328175,9.143039622798586,20.250826593635164,9.350939503442671,20.378925113002403,26817000.0,30265610
2015-04-20,9.301044464111328,20.384746551513672,9.360767947425717,20.518664958908158,9.238296486760412,20.34398857177907,9.260976226666742,20.402213253799705,13295000.0,23612551
2015-04-21,9.306337356567383,20.314878463745117,9.45375676214027,20.61182883982841,9.294240821165461,20.262476007040434,9.398568932907013,20.437152423434423,20616000.0,23256932
2015-04-22,9.669218063354492,20.33816909790039,9.676778219259912,20.43133188999485,9.279878685939147,20.262477694608567,9.367574619904033,20.27412216571996,22580000.0,15352880
2015-04-23,9.379668235778809,20.588533401489258,9.484751926886803,20.6118246781373,9.264756921080792,20.27411638367689,9.46660856633784,20.314874362010634,28053000.0,23932019
2015-04-24,9.034178733825684,20.536130905151367,9.353966239944235,20.61182462773854,8.759751438884836,20.40803473656812,9.353966239944235,20.495372926917284,55059000.0,24032570
2015-04-27,9.083320617675781,20.140193939208984,9.218644250068724,20.646756279244126,8.975212395792276,20.041211300719347,9.071980382646034,20.576884804388712,27320000.0,44786673
2015-04-28,8.879197120666504,20.07615089416504,9.147576806646802,20.309054321531033,8.660714016044286,19.884007790602087,9.10070471932541,20.22753835605967,31023000.0,48659807
2015-04-29,8.847448348999023,19.96552085876465,8.884492105005046,20.06450351344422,8.675080969334953,19.76755320833849,8.77109264593219,19.895649372480825,20903000.0,39572852
2015-04-30,8.836102485656738,19.75591468811035,8.991838287643922,19.930591115335805,8.789231133233026,19.627818485407172,8.821738486420646,19.86072194908626,21339000.0,29205391
2015-05-01,9.28365707397461,19.84324836730957,9.331285470727973,19.918942092761764,8.911706267043694,19.71515219387786,8.91473004046498,19.71515219387786,25334000.0,22706744
2015-05-04,9.159674644470215,19.982988357543945,9.363038207763088,20.093617825065277,9.136994899549668,19.825781018729984,9.285926209861918,19.860716763266566,14207000.0,24864282
2015-05-05,8.829301834106445,19.86654281616211,9.122629469341371,20.047041466387103,8.817206020101372,19.802493548688204,9.079537456033314,20.01210571513475,22090000.0,23590839
2015-05-06,8.828546524047852,19.643451690673828,8.948749805962056,19.901763831143402,8.72346210888713,19.49668321445814,8.908682285649322,19.813702981457762,14475000.0,28309913
2015-05-07,9.2594633102417,19.713903427124023,9.34715920802828,19.813706290872947,9.071975702795594,19.5671349263941,9.071975702795594,19.63171297229774,23542000.0,22669959
2015-05-08,9.323723793029785,19.972213745117188,9.44468336183292,20.048533787756472,9.27836359424066,19.843057657742253,9.313895449552183,19.84893042754668,14846000.0,21514037
2015-05-11,9.284414291381836,19.936986923217773,9.363793758821492,20.113108607395713,9.268538397893906,19.925243746618406,9.341870317895923,20.013304588707374,12418000.0,27898853
2015-05-12,9.294998168945312,19.831314086914062,9.342625849145586,19.936988522158387,9.170258491533108,19.7960904553848,9.224690023051123,19.848927673006962,10264000.0,18855955
2015-05-13,9.30860424041748,19.684545516967773,9.437880276705632,19.843054808634633,9.246612564531071,19.655192294131346,9.346404288974155,19.825443583064082,11857000.0,25045675
2015-05-14,9.596641540527344,19.92524528503418,9.72818506864085,19.95459968814277,9.347162186872048,19.7608655845452,9.384961520899271,19.790218807434947,23279000.0,18860803
2015-05-15,9.666948318481445,19.95459747314453,9.79017610022227,19.99569268875984,9.56866847043735,19.91350225752922,9.660900771510137,19.960467881027085,22627000.0,17798687
2015-05-18,9.841581344604492,19.948732376098633,9.858213536486193,19.995698012099886,9.622341961331232,19.901766740097376,9.672994119667047,19.948732376098633,17984000.0,25948637
2015-05-19,9.787903785705566,20.083757400512695,9.967831930837924,20.189429483649693,9.771272317565733,19.866540464786304,9.892988161281481,19.884151691829842,16053000.0,21980854
2015-05-20,9.76069164276123,20.136594772338867,9.908867345089568,20.248139632297104,9.685091544500006,20.1189835441319,9.82343962338141,20.136594772338867,18721000.0,16144013
2015-05-21,9.796978950500488,20.171823501586914,9.83024333934957,20.24814355949572,9.664679861814232,20.083762622596286,9.790931404146807,20.095503443678105,21309000.0,19090259
2015-05-22,10.027557373046875,20.124849319458008,10.117521463338074,20.248134969832346,9.814366249631236,20.095494918767688,9.814366249631236,20.148330951660267,22856000.0,13674069
2015-05-26,9.926254272460938,20.02505111694336,10.170441602824381,20.160077606716957,9.876358413754946,19.978085483997667,10.157589486284008,20.066146340825576,26781000.0,19882234
2015-05-27,10.696615219116211,20.136594772338867,10.948362677192362,20.23639645305442,9.95044488381647,20.00156827477134,9.985976735880664,20.08375872727993,114248000.0,23231636
2015-05-28,10.763900756835938,20.218778610229492,10.99750417850409,20.27161463800301,10.281574326586254,20.11897696216427,10.962728623920153,20.2305194251931,249123000.0,16671329
2015-05-29,11.194063186645508,20.40077781677246,11.282514675392301,20.541674726910305,10.894688029686,20.201174450853376,10.895443612449762,20.242267317593583,118244000.0,52787798
2015-06-01,11.084444046020508,20.28923225402832,11.377771681367713,20.500578767571618,10.973312808525378,20.271618667644365,11.206916235674703,20.41251555652732,83579000.0,29039386
2015-06-02,10.898468971252441,20.248146057128906,11.08822408054671,20.34794776951201,10.821356985650416,20.165955578540892,11.068568112490349,20.33620694698195,41264000.0,19674175
2015-06-03,10.8153076171875,20.201169967651367,11.037571510650745,20.347937254751777,10.796407954854812,20.124849939766623,11.037571510650745,20.28335804333005,30450000.0,18130065
2015-06-04,10.67469310760498,20.10136604309082,10.844036665052503,20.289230909590554,10.620261584592836,20.025048375276555,10.772216643530392,20.07788441005184,28017000.0,21774691
2015-06-05,10.872007369995117,20.013307571411133,10.889395866905907,20.12485242288553,10.53180839977252,19.919376307242093,10.657304349945827,20.07201638184518,38593000.0,24313461
2015-06-08,10.480401992797852,19.948732376098633,10.868984984735839,20.054404466991944,10.397242458207481,19.913507558988176,10.853865397072134,19.942861966653233,54422000.0,18624496
2015-06-09,10.599846839904785,19.966341018676758,10.639158766621614,20.03679064377403,10.320127694100805,19.895893754017234,10.504591516612644,19.989825013855096,44071000.0,24464499
2015-06-10,10.800189018249512,20.142457962036133,10.884860436084905,20.21290757048867,10.57187755804912,19.989820290971895,10.57868140827147,20.007431512866432,42617000.0,24952396
2015-06-11,10.734421730041504,20.230527877807617,10.83043341883942,20.29510710796417,10.66108979174495,20.113114958240118,10.748785740253496,20.14833741784742,31517000.0,21243897
2015-06-12,10.619507789611816,20.083757400512695,10.695863489017,20.23052470718917,10.574903879546277,20.01917818047729,10.68149948131914,20.136593442081196,19145000.0,22856517
2015-06-15,10.819849014282227,19.983957290649414,10.887888983788628,20.030922926879672,10.509133489991909,19.878282838802786,10.520473725235055,19.995698109597463,34565000.0,22064014
2015-06-16,10.734421730041504,19.983957290649414,10.84782120352459,20.019179747493556,10.688305203956078,19.848930791432668,10.78809769230987,19.995698109597463,20998000.0,21785021
2015-06-17,10.666182518005371,19.948732376098633,10.80340452370649,20.0661476463208,10.572931969060727,19.872412332432322,10.727590869422812,19.989827602654486,25429000.0,22127149
2015-06-18,10.841317176818848,20.177696228027344,10.898177086581022,20.25988670591049,10.669220566300924,19.9898336274023,10.669220566300924,20.00744486104636,25298000.0,25834383
2015-06-19,10.832976341247559,20.06614875793457,10.910306188203023,20.259881722117306,10.735177275488333,20.06614875793457,10.842074012831315,20.095500806787598,26881000.0,30438466
2015-06-22,10.862544059753418,20.142457962036133,11.003556886146688,20.254002782013117,10.765502710596333,20.124846740141596,10.92926007767553,20.160071544367863,22846000.0,14799214
2015-06-23,10.738207817077637,20.25400733947754,10.914095141279143,20.30684337748727,10.679074046075078,20.160076080696303,10.914095141279143,20.20117130146781,21497000.0,19448830
2015-06-24,10.611599922180176,20.095500946044922,10.78218033760799,20.26575227232504,10.600986093932475,20.095500946044922,10.770050351469592,20.16008017484548,22402000.0,24326742
2015-06-25,10.555495262145996,19.972213745117188,10.693474987496838,20.160078647032197,10.52516994449566,19.913507291015137,10.623726684599802,20.083758604392912,17538000.0,24268666
2015-06-26,10.24618148803711,19.91350555419922,10.541095574031814,20.13072248400102,10.215856156313151,19.884151149489412,10.526690987236963,20.06027285687261,71798000.0,37596496
2015-06-29,10.008125305175781,19.719778060913086,10.25072791040215,20.030927537947655,9.93458622778866,19.684553235522213,10.071808272143864,19.801969713564894,40473000.0,30396833
2015-06-30,10.077875137329102,19.684545516967773,10.187804188172786,19.837184400111116,10.016466036394442,19.56713144540322,10.143832712437893,19.837184400111116,28695000.0,36909710
2015-07-01,10.272714614868164,19.778478622436523,10.439504277345591,19.87828029158239,10.183254790440879,19.614097736475504,10.19007786258972,19.7021585881778,43059000.0,29742299
2015-07-02,10.434955596923828,19.590612411499023,10.443294827405857,20.21878029059919,10.261342853706687,19.578870415340912,10.280296636183396,19.807830488783644,32797000.0,23849069
2015-07-06,10.174158096313477,19.520164489746094,10.43268148340293,19.749123389005312,10.1491396806915,19.420361650536947,10.322752431979293,19.549517710587015,30188000.0,22125990
2015-07-07,10.071051597595215,19.80196189880371,10.193110630256623,19.866538752836487,9.564617956032306,19.461458141582025,10.15520451152441,19.57300298455932,59268000.0,27248851
2015-07-08,9.707905769348145,19.637582778930664,9.957331482419129,19.801964863755238,9.61768749673977,19.60235914238591,9.863323176191747,19.696290413463934,51371000.0,21301235
2015-07-09,9.452414512634277,19.87828254699707,9.95884744194456,19.948732180527312,9.379633143573205,19.80196486451701,9.869387611651062,19.87241213760922,73469000.0,23306048
2015-07-10,9.843610763549805,20.171823501586914,9.917907562215776,20.21878914635268,9.590393594293387,20.048537798912335,9.59873354731608,20.101373854219013,50948000.0,22288306
2015-07-13,9.793574333190918,20.441877365112305,9.96036327820452,20.459488597438046,9.738988308158461,20.24814436777476,9.96036327820452,20.2657556001005,25304000.0,19210415
2015-07-14,10.030111312866211,20.594505310058594,10.043758180231976,20.63560288677304,9.742778779895161,20.377290773157,9.806462473905436,20.40664281304237,26289000.0,19495311
2015-07-15,9.986140251159668,20.535802841186523,10.120329993856188,20.617993289634967,9.917908080566471,20.4947076169623,9.982349494680838,20.55928683807376,23100000.0,20517375
2015-07-16,10.21206283569336,20.606246948242188,10.217369749337408,20.66495338406809,9.923213454752432,20.565151735032867,10.130942250266258,20.629728578397632,33977000.0,16138637
2015-07-17,10.133217811584473,20.588642120361328,10.23480762086088,20.59451016928549,10.004334991110383,20.500581259052534,10.231775305065412,20.553417303750205,29000000.0,17681482
2015-07-20,10.207515716552734,20.68844223022461,10.281813245701011,20.764762267016653,10.14004198320346,20.594508606244794,10.200692643766635,20.623863011265854,23563000.0,15569899
2015-07-21,10.197657585144043,20.62973976135254,10.33942808650176,20.74715505709004,10.16960613799321,20.4771020012885,10.242387489505953,20.688448589440576,31532000.0,18612164
2015-07-22,9.82465648651123,20.477094650268555,9.855740252637231,20.66495716765742,9.505482487713248,20.412515434642557,9.631332987037684,20.58276672619036,61346000.0,18576645
2015-07-23,10.00509262084961,20.418386459350586,10.234807531144003,20.547544894499744,9.893647424708435,20.330325606612735,9.945200407843599,20.541672125271134,30608000.0,13404877
2015-07-24,9.74050521850586,20.113117218017578,10.147623670194443,20.383170267977764,9.729891388876302,20.048537980605325,10.12184681365814,20.330331851753733,36311000.0,22585217
2015-07-27,9.450138092041016,20.160072326660156,9.666206113002563,20.195294771816005,9.40844050097379,19.89001941784161,9.654833845526207,20.06026831740673,34893000.0,33015180
2015-07-28,9.735956192016602,20.753021240234375,9.821625264744394,20.823470875413367,9.364470730027005,20.19530164964194,9.52064584943589,20.512322647509315,27869000.0,38651339
2015-07-29,9.748088836669922,20.99371337890625,9.789028005939237,21.210930242328967,9.510793053845523,20.80584855078586,9.732168088788137,20.829332539464822,33407000.0,47792049
2015-07-30,9.677578926086426,20.97610092163086,9.764005705536011,21.134611362508164,9.481980107939455,20.77649762912767,9.53277537124898,20.946748884755227,39169000.0,22663003
2015-07-31,9.487285614013672,21.16983413696289,9.729888180419445,21.40466221163354,9.473639472707784,21.058289326221214,9.729888180419445,21.081773313906776,30593000.0,30570638
2015-08-03,9.537322044372559,21.222673416137695,9.665446393054784,21.310734252710105,9.41905308112159,21.075906141996132,9.584326542770095,21.304863844996927,27273000.0,18019606
2015-08-04,9.360681533813477,21.199193954467773,9.518373560522448,21.263773173986074,9.003600597842564,21.028945013096493,9.518373560522448,21.263773173986074,47467000.0,27122898
2015-08-05,9.457719802856445,21.193279266357422,9.528984278645071,21.400358731443596,9.173419617075343,21.16961175038202,9.325046238222711,21.341193509830962,34158000.0,25557181
2015-08-06,9.3455171585083,20.808704376220703,9.506999919090424,21.28794968514508,9.143095961906528,20.725871618739014,9.479706905397764,21.27611473487307,46052000.0,25792856
2015-08-07,9.290926933288574,20.820533752441406,9.399339767101926,20.885617642853873,9.159769571937973,20.631203123758063,9.17493259029614,20.808701182869722,30527000.0,15445105
2015-08-10,9.649527549743652,20.921112060546875,9.658625219704629,20.98619594072124,9.32504663884908,20.78503039522671,9.362195036098937,20.832363044951823,28907000.0,16462742
2015-08-11,9.416783332824707,20.77911376953125,9.569926890111859,20.850113932392752,9.318984253353646,20.67261590412269,9.525196966475788,20.832362702235528,26744000.0,20273479
2015-08-12,9.53201675415039,20.927034378051758,9.604039671534016,20.986199605820026,9.14461060408937,20.536538165459234,9.218149679258003,20.63120348144212,27205000.0,29087976
2015-08-13,9.415262222290039,20.921112060546875,9.614651756646332,21.074944956316294,9.401616081685198,20.660783676500625,9.523675798917893,20.932947007140957,14571000.0,20595792
2015-08-14,9.246197700500488,20.897449493408203,9.438763420096931,21.003947373657287,9.186304785933547,20.731784009568266,9.40085659451169,20.92703329520363,26496000.0,19042934
2015-08-17,9.516097068786621,21.003942489624023,9.516097068786621,21.021693718127207,9.158257763359625,20.70811405599468,9.197680762195239,20.773195550150422,21293000.0,14630469
2015-08-18,9.267428398132324,21.015785217285156,9.535049416765055,21.06311787934897,9.232554598769553,20.87378485220936,9.535049416765055,20.938868749349826,19502000.0,14064154
2015-08-19,9.207535743713379,20.86786460876465,9.308367103854573,20.998029999472507,9.044536854026935,20.684450280695376,9.217391130706671,20.927032209285255,30891000.0,18798512
2015-08-20,8.720813751220703,20.441869735717773,9.146126736791588,20.790949562658028,8.720813751220703,20.441869735717773,9.103671426876735,20.660786542023967,41756000.0,19778099
2015-08-21,8.449400901794434,19.84429931640625,8.755686424567248,20.45371010386711,8.440303233265148,19.84429931640625,8.547957652005124,20.258460763409854,56472000.0,35297301
2015-08-24,8.334927558898926,19.010047912597656,8.719301567525914,19.67270731196492,7.581341849376889,16.844570514132254,7.663978631705927,18.915381434515382,69040000.0,55081935
2015-08-25,8.226510047912598,18.54264259338379,8.718539029985504,19.65496492576668,8.203007795109233,18.5308100224175,8.65258146786652,19.6431311653582,43921000.0,44583884
2015-08-26,8.809515953063965,19.187549591064453,8.850455109036773,19.25854857111574,8.428932839898888,18.548556391718943,8.536588005574304,18.98046893522104,59354000.0,46002568
2015-08-27,9.572197914123535,19.678632736206055,9.628299365621576,19.89163092403031,9.126415002558376,19.329552835388302,9.13551267201993,19.39463554892114,91882000.0,40677022
2015-08-28,9.675302505493164,19.323627471923828,9.682884016143506,19.737789891715995,9.45316915992416,19.228962183779924,9.516852837169324,19.702289813941167,36322000.0,35300357
2015-08-31,9.550214767456055,19.063297271728516,9.707148348840365,19.359128089591007,9.476675671698018,18.90946557948371,9.601009321032675,19.35321180627745,30087000.0,33764468
2015-09-01,9.049844741821289,18.554473876953125,9.478190085208613,18.856221048503897,8.953561844618095,18.453891089955523,9.212843649052529,18.613640292213013,49749000.0,41249449
2015-09-02,9.403888702392578,18.91538429260254,9.406162576673568,18.91538429260254,9.109732516869022,18.566305690634834,9.260601364115768,18.89171915630837,36700000.0,33120580
2015-09-03,9.383421897888184,18.868051528930664,9.620717568180114,19.181631235150487,9.340966590336958,18.791136268106253,9.506997787807125,19.092882216807446,29954000.0,22753647
2015-09-04,9.184791564941406,18.56038475036621,9.386455016069988,18.767466548680094,9.146884727237467,18.418386822472428,9.191614636665301,18.607718582439166,24923000.0,23781402
2015-09-08,9.79205322265625,19.246715545654297,9.804940920397753,19.27038068233438,9.463023249943854,18.832553054356083,9.506994700914118,18.832553054356083,35477000.0,27375331
2015-09-09,9.64118766784668,18.909469604492188,9.991445407099881,19.54254654760854,9.575230107352105,18.85622066445226,9.869385672810814,19.524796504447895,31502000.0,22553176
2015-09-10,9.758698463439941,19.29996681213379,9.792056826257474,19.400549602377072,9.46150985168295,18.89763684060273,9.745052320568163,18.92722064390832,36224000.0,33002321
2015-09-11,9.937620162963867,19.507051467895508,9.948233992521596,19.518885229520485,9.623753027452604,19.14022269915592,9.716245177316496,19.270386940376785,39606000.0,23587993
2015-09-14,9.94595718383789,19.35321617126465,10.138522940179891,19.548463080182735,9.901227280174673,19.27629971307338,10.04527237727032,19.489297854819327,34643000.0,16427012
2015-09-15,10.187803268432617,19.625383377075195,10.231017022743664,19.731881279337,9.931554504434345,19.412385193667063,10.017223572589437,19.495217952708252,30804000.0,22053791
2015-09-16,9.999958038330078,19.631290435791016,10.18248048184325,19.69045683435997,9.906415086577656,19.353210860344497,10.18248048184325,19.512958828094806,27317000.0,22566140
2015-09-17,9.933032035827637,19.808792114257812,10.119357105592492,20.09279040426041,9.901851537992826,19.601711465039912,10.001478127839148,19.625377790966475,19918000.0,26703090
2015-09-18,9.70335865020752,19.436044692993164,9.847856130499697,19.779208180118605,9.628068086880457,19.43012840926806,9.775607390353608,19.572126355321583,44021000.0,38735343
2015-09-21,9.678258895874023,19.1816349029541,9.839487080632576,19.720046589444642,9.599165714629525,19.075137012132053,9.762675628729998,19.58396489389013,16515000.0,24985175
2015-09-22,9.483573913574219,19.086965560913086,9.57027170007147,19.128381927258545,9.407522511108633,18.838468552282222,9.505628225559699,18.921301284973136,22483000.0,25600290
2015-09-23,9.547451972961426,19.29996681213379,9.719327276484456,19.412382172145648,9.415883356632941,19.045552288804473,9.49269554076064,19.06330233289941,21879000.0,27534696
2015-09-24,9.437939643859863,19.34729766845703,9.533003501231988,19.45379673366733,9.084301978390808,18.974551534941973,9.437939643859863,19.14613329614512,44995000.0,32109161
2015-09-25,9.638716697692871,18.868051528930664,9.805268509961905,19.58396114915525,9.521598508868706,18.726053575358563,9.579396784726933,19.501128414850573,35087000.0,36388296
2015-09-28,9.190773963928223,18.23497200012207,9.74746819196969,18.814798639512453,9.187732140909759,18.12847296260428,9.579394777805003,18.75563224323776,39887000.0,44882377
2015-09-29,9.101036071777344,18.35331153869629,9.314739789031135,18.601808607386648,8.978593596805336,18.14031337156617,9.271390535759314,18.169895987773398,47991000.0,32713209
2015-09-30,9.507146835327148,18.58405876159668,9.523877587328986,18.678725275473038,9.202181954497412,18.376978067036376,9.262261948583426,18.607726282147407,43955000.0,33843202
2015-10-01,9.288878440856934,18.83846664428711,9.49877943276203,18.85621668370053,9.088103642102459,18.40063788948425,9.362648079078024,18.51897069261256,45674000.0,31567932
2015-10-02,9.37938117980957,19.57213020324707,9.38166290981262,19.589880247353918,8.989999530582814,18.63730723433512,9.125370089435084,18.915386897388156,35207000.0,43956754
2015-10-05,9.218912124633789,19.808792114257812,9.496499130020311,20.051374036528443,9.19913882555989,19.52479501369714,9.427292220621839,19.791042072452413,39085000.0,33724311
2015-10-06,8.906341552734375,19.40054702758789,9.202940275159492,19.87979101789486,8.481976133304649,19.18163143206028,9.18392779689926,19.761459388703372,115846000.0,38566176
2015-10-07,9.022699356079102,19.696378707885742,9.091145436395124,19.808794064464863,8.80823492273693,19.140218209693757,9.023459449032215,19.58396335130662,37284000.0,30302605
2015-10-08,8.874398231506348,19.578041076660156,8.97098297061577,19.666790077829784,8.653850179320274,19.25262767589096,8.937520752619905,19.46562456503306,41409000.0,31691883
2015-10-09,8.891131401062012,19.666791915893555,8.980110876848382,19.867956258049475,8.786941361740418,19.477460140630566,8.86451364015496,19.560292866648233,34479000.0,21508451
2015-10-12,8.949692726135254,19.65496063232422,8.972508577176862,19.785126021173127,8.803675050923777,19.465628833241638,8.94284826093468,19.660876916515004,24184000.0,15642414
2015-10-13,8.625711441040039,19.512956619262695,8.872877247002691,19.90345266461928,8.609740787677977,19.418290154380102,8.847780402393813,19.631288213563977,32475000.0,20496189
2015-10-14,8.932961463928223,19.548460006713867,8.95577658839147,19.862040885382704,8.546621633247963,19.489294790652597,8.593773519047772,19.548460006713867,33530000.0,18686366
2015-10-15,9.268345832824707,20.163780212402344,9.277472026745922,20.19928028196333,8.950452132861406,19.483370935054136,8.974028073384574,19.483370935054136,49316000.0,27807787
2015-10-16,9.207505226135254,20.359041213989258,9.27671141250763,20.376790069622807,9.11852501476543,20.11645924702504,9.270627041333057,20.323541123837874,19866000.0,20238908
2015-10-19,9.047036170959473,20.412282943725586,9.221954027537855,20.435948076204337,8.926115380479953,20.169701062517706,9.202180729847415,20.359034016764948,18593000.0,16632963
2015-10-20,9.117765426635742,20.116453170776367,9.131454355937075,20.524698136994672,8.94360836085461,19.974455231946116,9.009772727943904,20.50103300329808,21920000.0,18436146
2015-10-21,9.164155006408691,19.79695701599121,9.329945943808795,20.3176184987196,9.134494697360674,19.542542557992082,9.25997894653399,20.217034544862837,28197000.0,34867585
2015-10-22,9.532243728637695,19.72004508972168,9.55353794056923,19.90346062101083,9.218152652088154,19.45971428875027,9.249333151582317,19.86796053380853,34344000.0,43599764
2015-10-23,9.854700088500977,20.14604377746582,9.874473388719885,20.323541855730525,9.434898049367094,19.66088101550782,9.69423195684146,19.796963906360652,35498000.0,29021468
2015-10-26,9.400674819946289,20.211122512817383,9.739101921747265,20.33537162626966,9.33451045612487,20.015875605166688,9.739101921747265,20.1164572012968,58129000.0,24548819
2015-10-27,9.239446640014648,20.702198028564453,9.51779375046222,20.97436374288809,9.197618310289123,20.5010348584062,9.361128262547433,20.71403297536724,32280000.0,42242001
2015-10-28,9.665331840515137,20.974365234375,9.723130825941482,21.34119389701966,9.407518861137705,20.71995073272224,9.490414698101315,20.844199841358513,30966000.0,36745497
2015-10-29,9.132973670959473,20.572036743164062,9.442501965206166,21.24061502592261,9.02878363201585,20.211124318663135,9.202180574346333,20.264373263790702,61582000.0,75916247
2015-10-30,9.364171028137207,20.009958267211914,9.431857035840173,20.648950275780646,9.139060148847518,19.956709329645175,9.19077477110165,20.572033822137623,25516000.0,60213861
2015-11-02,9.415125846862793,20.743619918823242,9.522357736416895,20.856036480639695,9.313217510862163,20.20520938853384,9.404478739755852,20.217041959603655,26068000.0,41633632
2015-11-03,9.288878440856934,20.690364837646484,9.50258207368142,20.731781202999723,9.238684741168314,20.501034241108098,9.238684741168314,20.70219740520921,26222000.0,31138111
2015-11-04,9.438698768615723,20.362333297729492,9.495736927748489,20.857374938769286,9.130691403795607,20.332510703131895,9.316256350816902,20.827554742257455,43098000.0,32544358
2015-11-05,9.206744194030762,20.3682918548584,9.506385505788888,20.451793178788478,9.171761055108167,20.27286245553406,9.499541041676176,20.41600655452057,28308000.0,21599306
2015-11-06,9.861541748046875,20.23707389831543,9.870667939804449,20.3086471400149,9.371772841694698,19.885177722157763,9.373293752774378,20.231109861187953,45287000.0,32936868
2015-11-09,9.620461463928223,20.070070266723633,9.80602643244117,20.195321027891293,9.560381475432067,19.914996925100848,9.762677194390218,20.153570374487966,28250000.0,28473915
2015-11-10,9.115485191345215,20.153575897216797,9.436420791649622,20.26093577742454,9.108640725572247,20.046218415094344,9.362651129394653,20.177434447735834,44759000.0,22100483
2015-11-11,9.122326850891113,20.12375259399414,9.33146775358112,20.404076730242757,9.112440564544693,20.07007266219332,9.142100148863562,20.23111005951087,25953000.0,21610478
2015-11-12,9.11471939086914,19.91499900817871,9.233359150353792,20.09989375055401,9.043992316166769,19.89114046170212,9.142097964276237,20.046215018587777,26588000.0,18972316
2015-11-13,8.939044952392578,19.843425750732422,9.11776547915678,20.08796324719724,8.761846062474813,19.765888477037713,9.050079474839924,19.885176405946133,39824000.0,19041459
2015-11-16,9.237924575805664,19.77782440185547,9.260739695863743,19.926932564580266,8.904060248605507,19.592928409569996,8.93371983215305,19.85536050258723,27796000.0,27021503
2015-11-17,9.282797813415527,19.6048583984375,9.406000373082254,19.956755881493,9.202183685443991,19.6048583984375,9.237166832827945,19.801681276309264,19868000.0,31295579
2015-11-18,9.576353073120117,19.867284774780273,9.590042002152046,19.938856818745183,9.247812248836555,19.640638170327694,9.272149009124059,19.730103525044445,20270000.0,37905318
2015-11-19,9.522356033325195,19.2589168548584,9.592323035491269,19.66449291603042,9.355043447637723,19.05612882427239,9.59004130572508,19.557135463811356,32780000.0,95611186
2015-11-20,9.6128568649292,19.193313598632812,9.633390256371,19.43785234284866,9.409800328531304,19.13367082134097,9.598407118975507,19.431888304928,28057000.0,68087978
2015-11-23,9.461518287658691,18.686342239379883,9.639478036154816,18.901059588537862,9.446307717999932,18.483554164749602,9.639478036154816,18.740022176190664,16003000.0,131376462
2015-11-24,9.760396003723145,19.068056106567383,9.779409210205872,19.175414753377453,9.38546413018385,18.620729410727307,9.38546413018385,18.716159985137512,35659000.0,88563404
2015-11-25,9.764196395874023,19.6048583984375,9.823516280932617,19.825539830216616,9.70867915123605,19.21121024460835,9.810587448558405,19.300675625111083,21396000.0,83669682
2015-11-27,9.889683723449707,19.55713653564453,9.920864949488752,19.682387303111938,9.723892755850166,19.485563298186154,9.782451841037936,19.634672610834603,13262000.0,16989848
2015-11-30,9.920862197875977,19.54521369934082,9.939874675375997,19.628715037844536,9.667611994032713,19.402069575371108,9.843289926150382,19.628715037844536,32615000.0,45230091
2015-12-01,10.106426239013672,20.052186965942383,10.173351406127715,20.117796196071115,9.955845156966708,19.563109352045537,9.975618452344982,19.68239613627297,43255000.0,51963254
2015-12-02,10.054713249206543,19.62274932861328,10.266895980826392,20.177436093036786,10.00375945407465,19.557142505985492,10.120117515688223,20.082005480306997,54364000.0,33547134
2015-12-03,11.010676383972168,19.318561553955078,11.168862787720117,19.682386975801244,10.866179634566839,19.300668244888044,11.016760755377744,19.63467228431739,120661000.0,49909640
2015-12-04,11.222097396850586,19.563100814819336,11.247194248259659,19.61677954453586,10.893557324062474,19.330490188282155,11.01219639185838,19.378204881150708,60329000.0,33320945
2015-12-07,11.318682670593262,19.47960090637207,11.38636794121574,19.610816920736493,11.069235072669906,19.354348929285354,11.155932823432305,19.527315602678684,44769000.0,22100483
2015-12-08,11.238829612731934,19.40206527709961,11.300431243074742,19.527316058064756,11.08596676446477,19.25891998579908,11.167341694955173,19.29470660838484,34560000.0,27124058
2015-12-09,11.076839447021484,19.2589168548584,11.255559948621924,19.47363415738114,10.983297233961393,19.157522240044237,11.190155683503894,19.33645292579909,30803000.0,41694343
2015-12-10,11.204607963562012,19.30067253112793,11.365076114667453,19.515389889531473,11.041858807551591,19.229100478007624,11.11182582255268,19.342423195208767,33078000.0,55644665
2015-12-11,10.983298301696777,19.12173843383789,11.234266831259799,19.223133057197266,10.974172107414514,19.068058504162078,10.998508141980759,19.151559817629515,27777000.0,42450061
2015-12-14,10.838043212890625,19.193313598632812,11.054788744732383,19.211206911437408,10.74145769511089,18.990525517946818,10.96200586921231,19.079990882927184,36993000.0,40355868
2015-12-15,10.895838737487793,19.241018295288086,10.968848289985111,19.57502223081153,10.746778534845326,19.187339583828347,10.850968585548678,19.45573553921101,35398000.0,49895622
2015-12-16,10.975937843322754,19.431884765625,11.006452687408487,19.485563495219193,10.71046510189942,19.079987407718402,10.921775886606783,19.342419416939755,29644000.0,46831328
2015-12-17,10.716568946838379,19.282779693603516,11.099521390552827,19.48556778196648,10.711228994262102,19.26488638012153,11.05603860778286,19.41996096427029,24378000.0,40396658
2015-12-18,10.695207595825195,19.079988479614258,10.825655197829368,19.354348577917662,10.56933605606437,19.05613113189407,10.69749562694687,19.235061839316717,51964000.0,70213475
2015-12-21,11.122404098510742,19.360315322875977,11.137661517891182,19.360315322875977,10.821839775345795,19.09191924082594,10.916434029471402,19.187348639143497,26627000.0,32277064
2015-12-22,11.069007873535156,19.39610481262207,11.231495218620433,19.455748798591582,10.890499942336303,19.30067539430509,11.231495218620433,19.455748798591582,21684000.0,26882165
2015-12-23,11.176568984985352,19.41995620727539,11.188012051785114,19.527313663784362,11.014844090621215,19.402062898176442,11.139189318625649,19.43188428064645,16170000.0,22101748
2015-12-24,11.162076950073242,19.455745697021484,11.236073862933653,19.51538967348275,11.11630540126275,19.38417364469353,11.168942500516295,19.38417364469353,7436000.0,8355690
2015-12-28,11.1643648147583,19.336448669433594,11.168179170813026,19.473629870819135,10.97975376478252,19.306627294719544,11.130036337779798,19.44380729706304,13873000.0,27757828
2015-12-29,11.285652160644531,19.580991744995117,11.349732289914767,19.628706432065556,11.062136688795288,19.402061068959853,11.21394405081778,19.425917213452827,22533000.0,17956155
2015-12-30,11.242173194885254,19.533275604248047,11.358126533655792,19.616776905053918,11.223101419502248,19.47363284570862,11.2528530980942,19.52731156820255,17396000.0,17217512
2015-12-31,11.072818756103516,19.252960205078125,11.252089065754644,19.431890959482256,11.070529997731816,19.246994967299955,11.181906538304064,19.366282936264557,19673000.0,22243511
2016-01-04,10.8538818359375,19.05613136291504,10.859221788375493,19.103846058933872,10.670797128765836,18.82948595730435,10.837861978623527,18.996487393370266,30970000.0,39322421
2016-01-05,10.49075984954834,19.193313598632812,10.931689167269305,19.229100224242003,10.467111289378861,19.0442054563606,10.919483670008388,19.193313598632812,38173000.0,28777994
2016-01-06,10.168076515197754,18.853349685668945,10.379386571615559,19.026316416554508,10.091027698186373,18.74002694451289,10.265721251360768,18.924921753918632,50824000.0,27242316
2016-01-07,9.844626426696777,18.728090286254883,10.204693452755341,18.97262898901802,9.779021400897301,18.57301693330649,10.017031228407948,18.584945007125842,50056000.0,39223134
2016-01-08,9.779784202575684,18.48951530456543,10.181045266292648,18.86527000717725,9.76910429733507,18.441800612018273,9.919386860383662,18.817555314630095,64641000.0,34840286
2016-01-11,9.76757526397705,18.53127098083496,9.914805854075132,18.608808276512438,9.567707600847339,18.274804139150884,9.878951795165662,18.578985686309082,38941000.0,40717917
2016-01-12,9.910994529724121,18.48951530456543,10.044494066591533,18.78773393154872,9.677561494495837,18.322513880650387,9.906417739480837,18.71616189272799,41112000.0,40927031
2016-01-13,9.40674877166748,18.1137638092041,9.915572025365355,18.656521230874798,9.389202590322492,18.054121032480907,9.745455256875314,18.543198516249618,48470000.0,42762888
2016-01-14,9.550166130065918,18.555126190185547,9.663831466775967,18.740022151342984,9.176367967440328,18.125692691481554,9.473880464115622,18.125692691481554,63942000.0,40603031
2016-01-15,9.151956558227539,18.37619400024414,9.443366677552286,18.38215923654562,9.100845785893481,18.012368542765323,9.170265176904893,18.024296617283333,75916000.0,49299269
2016-01-19,9.159585952758789,18.30462646484375,9.520415489967853,18.62670134275877,9.078723487173257,18.089909080205224,9.364793674648455,18.561094518664365,54773000.0,34508276
2016-01-20,9.446416854858398,18.286724090576172,9.579915659077802,18.53126274675612,8.938356054181401,17.928862759487682,8.988704382490983,18.018328092259804,103988000.0,52142223
2016-01-21,9.499815940856934,18.2390193939209,9.611955658772096,18.429879434568672,9.409799192703755,18.19726872255911,9.52041258648591,18.25691271008207,48475000.0,38528548
2016-01-22,9.498291969299316,18.31654930114746,9.64857381094589,18.63862528594546,9.476932157949387,18.292693153061414,9.64857381094589,18.489515967110698,58428000.0,33142398
2016-01-25,9.49676513671875,18.19129753112793,9.534144801717357,18.435836225069508,9.459384744206227,18.143582839486992,9.492187619159948,18.38812153342857,61359000.0,30313251
2016-01-26,9.489136695861816,18.29269790649414,9.650861588939868,18.340412613149947,9.459385013424606,18.095873842256893,9.53567066978849,18.20919537128238,119134000.0,27360786
2016-01-27,9.333514213562012,18.20322608947754,9.566947973426,18.49547948284611,9.161109415453623,18.08393935719722,9.432685276083195,18.316548784904437,58156000.0,30059131
2016-01-28,9.640181541442871,18.01236915588379,9.653912639278687,18.3165506539991,9.306814290244946,17.648542486978293,9.378522427856735,18.31058661653709,49969000.0,51419917
2016-01-29,10.200113296508789,18.18533706665039,10.248172852428464,18.18533706665039,9.77291506134831,17.845367723603072,9.874374851359116,18.11972785395328,259449000.0,59794263
2016-02-01,10.502967834472656,17.994474411010742,10.580016645617672,18.131654455964313,10.142900851153515,17.779757089057597,10.17188936871028,18.0958690350004,45619000.0,50036858
2016-02-02,10.164261817932129,17.97658348083496,10.496102732335235,18.095871430619702,10.046782146130825,17.624686067342356,10.299286942417227,17.994476793206932,59005000.0,50815553
2016-02-03,10.020846366882324,17.87417221069336,10.49762994880067,18.115145486170515,9.939221477446758,17.554883317067176,10.470167749932486,18.018756660418646,56234000.0,47403334
2016-02-04,10.383962631225586,17.470544815063477,10.471690612790567,17.825980171219022,9.955238736774795,17.313912346813456,10.023895671047848,17.765737752651994,60833000.0,60009068
2016-02-05,9.791991233825684,17.48861312866211,10.451096401610826,17.723561159708265,9.686717042104796,17.374151112114326,10.451096401610826,17.482589130711514,70953000.0,41033906
2016-02-08,9.296133995056152,17.20546531677246,9.687478269580112,17.45848770263028,9.094740688522057,17.018711736722455,9.687478269580112,17.27775811907298,91242000.0,50082391
2016-02-09,9.132120132446289,17.530780792236328,9.590595013093349,17.59102439560361,9.060411999576319,17.07293279771689,9.141274439569463,17.15124839210696,63400000.0,60214809
2016-02-10,9.09321403503418,17.765731811523438,9.434209215778901,18.012727825024815,9.051256858544708,17.6572937988294,9.344192476955984,17.66934179407472,45473000.0,47121389
2016-02-11,8.872750282287598,17.54885482788086,8.97421010076052,17.675364826534807,8.715602910986217,17.404270415151426,8.887244542069444,17.476563227064727,66673000.0,41780771
2016-02-12,9.280878067016602,17.687416076660156,9.331988832429987,17.699465283737496,8.828505524547342,17.458492042066435,8.983364872579605,17.621148465478047,39965000.0,34300533
2016-02-16,9.630265235900879,17.958505630493164,9.672222424103031,17.976578830640413,9.37928672391643,17.741629650920128,9.403697729134475,17.801873247711963,38521000.0,34329307
2016-02-17,9.968974113464355,17.85007095336914,9.979654020936174,18.115141375129316,9.667647217277041,17.82597375239978,9.688243869895205,18.072970970658634,32742000.0,41224259
2016-02-18,9.693583488464355,17.801877975463867,10.068908016679911,18.097070830372136,9.618060976447437,17.74765957171999,10.051361831427919,17.964534397792804,39202000.0,50788993
2016-02-19,9.815637588500977,17.765731811523438,9.824791896284092,17.862120617874925,9.535670585301972,17.578976985345893,9.692055524699809,17.83199820756716,31118000.0,41870045
2016-02-22,9.965921401977539,18.103092193603516,10.102472146374513,18.115141399653105,9.878193396096435,17.862120183583677,9.917098663461667,17.92236258054004,24204000.0,41458458
2016-02-23,9.776732444763184,18.048877716064453,9.955240357430414,18.30189898711428,9.769103733598973,18.042853717279268,9.929303030477676,18.109121337208684,22352000.0,33697118
2016-02-24,9.943037033081055,18.085018157958984,10.012456428338336,18.121163349829736,9.566950075006638,17.783801362819375,9.650863733643826,17.9585069586687,25680000.0,33322210
2016-02-25,10.105521202087402,18.42840576171875,10.107046798669176,18.488649368261814,9.817163077743837,18.085019747727337,9.97659919700416,18.13321414852292,25652000.0,54850265
2016-02-26,10.154345512390137,18.211532592773438,10.2962362017968,18.615163487476405,10.08874048406894,18.085022573690882,10.237496722920218,18.54287066388939,27142000.0,45244004
2016-02-29,10.219951629638672,17.87417221069336,10.521278473802878,18.1814131066493,10.138326013041493,17.813929800147175,10.171891326798814,18.12719469493824,35911000.0,37091841
2016-03-01,10.560185432434082,18.097068786621094,10.576205292339253,18.127189984066327,10.269537739836665,17.844046368131373,10.326751629142857,17.946460377200616,44906000.0,33114256
2016-03-02,10.448805809020996,18.060924530029297,10.545688836798655,18.1693625492721,10.30233834299738,17.922364098659585,10.515937155331603,18.13924013714519,43834000.0,36139763
2016-03-03,10.476265907287598,18.006704330444336,10.592219953515846,18.072970723882353,10.245121704233673,17.819949511610318,10.50830561137265,18.00067912196137,59437000.0,38881955
2016-03-04,11.142236709594727,17.898269653320312,11.279550554275078,18.036828885565757,10.811158322653563,17.789831624707276,11.137659920945106,17.982609265710536,72399000.0,38827884
2016-03-07,10.947710990905762,17.946456909179688,11.155207391773619,17.958504901390732,10.723432301098692,17.663313347960145,11.04306768311317,17.801872524968694,41363000.0,33934900
2016-03-08,10.651728630065918,17.687416076660156,10.895078469127926,17.922364109243897,10.634945606590763,17.687416076660156,10.854647598842774,17.922364109243897,33216000.0,34566879
2016-03-09,10.829473495483398,17.91634178161621,10.872956287819175,17.982609398976532,10.715808142056755,17.723562928086896,10.737167957060828,17.904293784512927,31152000.0,81054603
2016-03-10,11.017131805419922,17.825977325439453,11.122405245448268,18.02478018160764,10.832520794951353,17.789832122289067,10.943897348863986,18.012730973159215,54546000.0,61264172
2016-03-11,11.352787971496582,18.374195098876953,11.444330321997171,18.374195098876953,11.118591779230124,17.910321676515192,11.13690039483303,17.94044288691875,55822000.0,63638517
2016-03-14,11.300914764404297,18.133216857910156,11.381014053369151,18.277801292997264,11.213949198516188,18.042852040142222,11.22234107225106,18.235630883225912,28444000.0,49289572
2016-03-15,11.326090812683105,17.795854568481445,11.441281757512861,18.03080260730351,11.143768504388758,17.65127013520089,11.328379572037855,18.00068140545634,30891000.0,57622391
2016-03-16,11.375838279724121,17.49463653564453,11.424822679203107,17.78380417176986,11.239601080165867,17.39222372955474,11.28628914203349,17.78380417176986,34906000.0,96151572
2016-03-17,11.599325180053711,17.67536163330078,11.612336782325364,17.819946019909572,11.279397135507821,17.313902483424215,11.279397135507821,17.54282645019978,44708000.0,70483510
2016-03-18,11.671274185180664,17.74163055419922,11.710309003510993,17.862117753917257,11.547282907366338,17.57295017012982,11.629178800014271,17.771752959677247,70568000.0,86327765
2016-03-21,11.701889991760254,18.11513900756836,11.710309653198998,18.145261413166107,11.544222251080821,17.73560662803246,11.678928804948068,17.741630624713196,28207000.0,37124304
2016-03-22,11.845013618469238,18.301897048950195,11.910070908488684,18.41033507108728,11.599326710509816,18.006706606567175,11.664384000529262,18.09104621392061,33945000.0,42880725
2016-03-23,11.709543228149414,18.18743324279785,11.887876536698997,18.440454445359432,11.659793871528887,18.13321363511507,11.849608137724555,18.332016441091003,27577000.0,42985704
2016-03-24,11.710309028625488,18.121166229248047,11.732505254983106,18.241653450887906,11.56641786172326,18.000680218705448,11.615401529663902,18.145264642453824,25651000.0,33669714
2016-03-28,11.717961311340332,17.9404354095459,11.748576464351581,18.205505826131375,11.639126726646175,17.916338209046963,11.731737874722405,18.127190227284128,17224000.0,32850545
2016-03-29,11.796796798706055,18.103092193603516,11.858027113202402,18.18743421375626,11.647547998361572,17.898266590635256,11.730973809164873,17.96453298506781,26765000.0,36464395
2016-03-30,12.011103630065918,18.11513900756836,12.0378918030472,18.19947980548679,11.828178364598173,18.07899381638692,11.863385469109868,18.16333340320831,26794000.0,33824546
2016-03-31,11.825116157531738,17.856098175048828,12.04478063247661,18.175387032212715,11.821289171460881,17.777781354745986,12.017991729980608,18.109119419301592,24968000.0,59861719
2016-04-01,12.077691078186035,18.097068786621094,12.086875698527669,18.175384384417562,11.569479312204702,17.71753636998367,11.789908740558008,17.735608361792515,25671000.0,50975340
2016-04-04,11.940686225891113,18.506725311279297,12.118254550025496,18.524798517027694,11.913898058440415,18.10911962920393,12.092997030725861,18.127192834952332,17760000.0,54762573
2016-04-05,11.865678787231445,18.89228057861328,12.020285191907082,19.127229816134587,11.821286343368195,18.422383314667943,11.821286343368195,18.80191576674292,56915000.0,299829377
2016-04-06,12.057794570922852,19.83810043334961,12.075398857303464,19.88027084319387,11.764654516706102,18.994695869756463,11.84042710833414,19.000719867992114,28149000.0,158517384
2016-04-07,11.861088752746582,19.735685348510742,12.089172155287198,19.928462958652762,11.839658215045791,19.579052934721748,12.05319936272902,19.609174133532132,22975000.0,64692412
2016-04-08,11.951404571533203,19.579050064086914,12.00880790656068,19.820022041433685,11.835832212244068,19.44651487099767,11.961354881962544,19.777852853720777,18526000.0,55597973
2016-04-11,11.91007137298584,19.211570739746094,12.077689393474529,19.62122442023979,11.909306413852455,19.199522743253702,12.049370577159722,19.59110321791146,18568000.0,87735803
2016-04-12,11.896297454833984,19.25374412536621,11.968243045204467,19.362182166043812,11.710310154864821,19.157355294140586,11.940689181895666,19.217598919205376,16537000.0,45178972
2016-04-13,12.206271171569824,19.6031436920166,12.219282773764471,19.64531408314716,11.910069266544266,19.253732571847287,11.975892236515593,19.253732571847287,21730000.0,38429156
2016-04-14,12.155760765075684,19.66942024230957,12.177956993150552,19.74773585360968,11.939923998023735,19.476641396567402,12.038657760619522,19.567006215581493,27549000.0,33682467
2016-04-15,11.900887489318848,19.579050064086914,12.11902056315786,19.747730448229653,11.826645573114027,19.45856286431649,12.102947661289544,19.66941485836621,27685000.0,37179112
2016-04-18,11.932268142700195,19.645320892333984,11.970537268883334,19.79592931127394,11.772303355837705,19.452542067646952,11.890172030906456,19.579053284888182,15297000.0,38997262
2016-04-19,11.562591552734375,19.81399917602539,11.99885775405344,20.000752771905816,11.541161014274964,19.723634376586848,11.97436591864925,19.759780780801105,24560000.0,29954996
2016-04-20,11.727913856506348,20.01882553100586,11.794501812904434,20.12123953328182,11.511311393422769,19.78990153897381,11.592441605924586,19.78990153897381,19435000.0,36981593
2016-04-21,11.58401870727539,20.024852752685547,11.731736825592808,20.1694359586882,11.51513443667946,19.904365536586134,11.702652323344626,19.916414742634956,16117000.0,36025298
2016-04-22,11.505951881408691,20.042926788330078,11.70571571801263,20.181486002609468,11.383491258360015,19.922439567228412,11.511309515418999,20.03087758178101,25699000.0,27548714
2016-04-25,11.411808013916016,20.00678062438965,11.546515258858228,20.042927033381538,11.386550496729695,19.88026940401531,11.499826479581698,19.958586219798644,10870000.0,25569513
2016-04-26,11.538862228393555,19.910388946533203,11.795264406153642,20.079070559655932,11.483754515541923,19.832073348367054,11.594734900357594,20.000753750392615,26309000.0,30293330
2016-04-27,11.597799301147461,19.880273818969727,11.737864228029105,20.006785067439324,11.21281308693675,19.8200301943036,11.267155125299414,19.868225820695024,38930000.0,27503603
2016-04-28,11.326851844787598,19.826051712036133,11.788376205895036,19.988708136133436,11.276336805953006,19.729661688302983,11.510542762381961,19.862196911225915,25520000.0,34818995
2016-04-29,11.155406951904297,19.705562591552734,11.311544744338427,19.850145787726845,10.964062061717524,19.536880984919158,11.198268020445889,19.80195138900214,35067000.0,36061134
2016-05-02,11.18066692352295,19.759784698486328,11.238070257183137,19.880270717926916,11.059736932243986,19.579055063776778,11.18679024748154,19.615201475157626,19525000.0,40122407
2016-05-03,10.960235595703125,20.301973342895508,11.173776719327938,20.464630980931133,10.893647652514037,20.030878894299242,11.105658127893092,20.271852141195033,23986000.0,75396414
2016-05-04,10.873747825622559,20.121240615844727,11.053612499067041,20.422457430911557,10.812517515916355,20.079070213291484,10.907425006906978,20.283897017766414,20888000.0,38021364
2016-05-05,10.912781715393066,20.223657608032227,11.09034930651481,20.320047632848386,10.875277551691871,20.060999971010038,11.007688468413066,20.10317037978636,16841000.0,25047467
2016-05-06,10.859973907470703,20.22968101501465,10.90666197525313,20.235705012921727,10.652556055066572,20.000755772475504,10.850023596509521,20.109193790289353,30027000.0,24422234
2016-05-09,10.899003982543945,20.374265670776367,11.015341994379002,20.458606486809725,10.811751203590429,20.193534831663182,10.868388831522527,20.20558403870965,17300000.0,33182766
2016-05-10,11.068157196044922,20.362211227416992,11.108721938467989,20.4043816270974,10.830123456848504,20.16943364156035,10.906661725841163,20.38028563996238,18461000.0,26125498
2016-05-11,11.009988784790039,20.15555191040039,11.191383426743895,20.398681855926597,10.983965567500979,20.149472745305186,11.028358028767839,20.33789998051641,16716000.0,32037384
2016-05-12,10.794912338256836,20.173789978027344,11.07733697145112,20.228493918463965,10.678574329404873,20.009675712831662,11.026821937064925,20.19202381021094,26452000.0,26746515
2016-05-13,10.719141960144043,20.173789978027344,10.954878591771157,20.331823855276,10.68623046623786,20.14339781383552,10.78726055549561,20.25888486071287,21716000.0,21622494
2016-05-16,10.918140411376953,20.289278030395508,10.992382327058372,20.319670197923898,10.768125931740718,19.94281685172764,10.781902496124184,20.015755854298288,20373000.0,23239224
2016-05-17,10.8048677444458,20.076534271240234,10.944167008644383,20.26496151123422,10.706133959404402,20.00967322903774,10.907429246494852,20.222413464201473,21248000.0,33175177
2016-05-18,11.01228141784668,20.161636352539062,11.101831275565539,20.289279309599607,10.740572008007586,20.04007011864706,10.755879950494625,20.06438434297996,22620000.0,21034889
2016-05-19,10.925028800964355,20.289278030395508,11.071981255575494,20.319670197923898,10.801037530525665,20.033990910426713,10.947225025954024,20.155557136654178,17478000.0,28095740
2016-05-20,11.23041820526123,20.508100509643555,11.302363802267953,20.605352527428586,10.99927346768317,20.33182908900753,11.031419279547059,20.350064147828032,25889000.0,36437939
2016-05-23,11.335272789001465,20.465539932250977,11.506717810834775,20.611419100380637,11.31843419750759,20.45338404770666,11.342161071455306,20.562793118318268,17609000.0,25126833
2016-05-24,11.589376449584961,20.72690773010254,11.609276333946442,20.775536162710225,11.354404822307782,20.47769984338675,11.373539017688037,20.47769984338675,19907000.0,29890808
2016-05-25,11.753935813903809,20.878870010375977,11.786846579001683,20.90925973161499,11.518198444370016,20.708677795893884,11.621524874589252,20.739069961018803,21737000.0,22152761
2016-05-26,11.711838722229004,20.927490234375,11.805980524363054,21.061212302590615,11.619993257443385,20.824160322899147,11.769242046479658,20.824160322899147,18431000.0,26656292
2016-05-27,11.733270645141602,21.03690528869629,11.78148935562325,21.122001401585166,11.668979031166069,20.897105230060582,11.710309458710762,20.897105230060582,18693000.0,21569056
2016-05-31,11.814399719238281,21.091609954833984,11.859557128513055,21.122002123014088,11.733269520365205,20.8971059438081,11.786845860208873,21.073376120257617,32058000.0,34547274
2016-06-01,11.845783233642578,21.121999740600586,11.88787862589697,21.237488011549782,11.736333461965835,21.042981578576708,11.741691097157652,21.091607575848506,30777000.0,24361207
2016-06-02,11.856494903564453,21.1949405670166,11.903182957475813,21.26787834307561,11.740156883387034,20.982200295415446,11.879456085996322,21.085530237099174,46746000.0,31807717
2016-06-03,12.442010879516602,21.08553123474121,12.705301350561678,21.201019514470612,12.337919501640043,20.93965323183517,12.687697071277308,21.194941569835287,82985000.0,28377580
2016-06-06,12.463440895080566,21.23141098022461,12.547631652880348,21.267881094915936,12.32414096443929,21.042984905520065,12.506301963017686,21.091610910479744,34010000.0,21526791
2016-06-07,12.6165189743042,21.17670249938965,12.701476171569416,21.26787654466821,12.461147565531483,21.12199856099966,12.501712306070498,21.17670249938965,32340000.0,24776905
2016-06-08,12.529265403747559,21.42591094970703,12.599679606850973,21.47453693992806,12.501710813964895,21.073370687690407,12.559114871153445,21.134152564495317,25620000.0,23703195
2016-06-09,12.562944412231445,21.46238899230957,12.63259367434031,21.577874845345818,12.408337940780985,21.292196741638865,12.409869319442738,21.304352632719223,29143000.0,25440187
2016-06-10,12.30883502960205,21.45022201538086,12.474156716086505,21.511006334066437,12.24607334313772,21.286110220254855,12.412159988770556,21.340814151963524,26657000.0,21645366
2016-06-13,12.246838569641113,21.115922927856445,12.418284312592496,21.365133315627702,12.218519752152822,21.09160870597481,12.256788878170132,21.286115149369888,21568000.0,31296000
2016-06-14,12.168774604797363,21.26787757873535,12.2866425901676,21.292191799138493,12.102951597708454,21.018669650003876,12.190205147591952,21.03082553826252,25669000.0,33410430
2016-06-15,12.161860466003418,21.146320343017578,12.293920285855641,21.389450402751834,12.144968753126681,21.061224211138935,12.194107682401679,21.280042486843072,30884000.0,21372696
2016-06-16,12.179519653320312,21.121999740600586,12.195643261654457,21.146313961179423,11.946878391162821,20.921417807340145,12.05820817235939,21.079451687502026,22804000.0,23540563
2016-06-17,11.977587699890137,20.799854278564453,12.265510474096866,21.15847258218899,11.895433465524173,20.702602271460545,12.205622484341632,21.140236303428136,43333000.0,35423464
2016-06-20,12.048996925354004,20.97004508972168,12.253998174446249,21.09160886840805,12.030569731602332,20.77554108871467,12.161862937913662,20.957886756744223,20265000.0,23814919
2016-06-21,11.96300220489502,21.121999740600586,12.161860776656063,21.20101790262446,11.947645968755626,20.976121748785186,12.101204669021357,20.976121748785186,16126000.0,26725962
2016-06-22,11.911561965942383,20.951805114746094,12.067424277822068,21.243563508654812,11.885456652413204,20.915337453907398,11.956861846083642,21.1159193640626,16039000.0,26515583
2016-06-23,12.178752899169922,21.024742126464844,12.179520271667291,21.11591615246578,11.975287156840363,20.84847201701167,12.081242407304835,21.091601938385757,24435000.0,25111339
2016-06-24,11.418636322021484,20.647897720336914,11.890830360259233,20.939653733133678,11.39406722140659,20.508097658719365,11.670472898339723,20.54456532740437,64177000.0,46376211
2016-06-27,11.027830123901367,20.544565200805664,11.30577203439735,20.653975537844836,10.923410338904095,20.38045213913301,11.248186872683778,20.544565200805664,37864000.0,31359662
2016-06-28,11.49925422668457,20.93357276916504,11.511538776056817,20.951806600877728,11.254327682795967,20.617502578944695,11.26354127788156,20.75730262039929,37233000.0,25068547
2016-06-29,11.900810241699219,21.2800350189209,11.95071654311417,21.365131120936287,11.576801138161589,21.012590825125603,11.671239937184334,21.042980544498416,47860000.0,26206761
2016-06-30,11.93152141571045,21.401601791381836,12.072795555217558,21.438071903639482,11.837082621160233,21.237489952051565,11.900809678088276,21.359053734395594,42626000.0,28451465
2016-07-01,11.840922355651855,21.620412826538086,11.967608372101477,21.66903881207192,11.794855112702335,21.346890741453283,11.860116918176551,21.365127013456775,19779000.0,20371290
2016-07-05,11.575264930725098,21.766300201416016,11.648204848789144,21.83316248788465,11.480826137660765,21.54748439377482,11.638223882026129,21.602188345685118,26321000.0,21972843
2016-07-06,11.565285682678223,21.79668617248535,11.614424618959307,21.821000390800133,11.298860958729266,21.504930216021872,11.467775914903171,21.77237439805622,20603000.0,27226928
2016-07-07,11.592925071716309,21.741985321044922,11.747251876104892,21.839237320331566,11.527662532818063,21.61434115552395,11.527662532818063,21.754141209984255,19248000.0,19081089
2016-07-08,11.911561965942383,21.954727172851562,11.920007458095574,21.997272787193204,11.665867998624005,21.699438823484698,11.720381475762283,21.808846719564112,26741000.0,18752873
2016-07-11,12.082012176513672,21.97295379638672,12.167237397905307,22.094519986268065,11.999090537382827,21.900013593680836,12.06204950544693,21.924327809211253,25201000.0,17406915
2016-07-12,12.17645263671875,22.027658462524414,12.354580490682281,22.064128565096,12.15034732017818,21.900014325466596,12.175684531786318,21.972954530609766,20306000.0,17066368
2016-07-13,12.085848808288574,22.070207595825195,12.313883636201519,22.14314780456284,12.08047427224359,22.009425717800873,12.20101764703125,22.051973765583572,15734000.0,14611497
2016-07-14,12.345367431640625,22.44098663330078,12.366098210007324,22.465300856192204,12.19718249229549,22.033742339986794,12.250160497254077,22.179622789563112,23550000.0,29155116
2016-07-15,12.373769760131836,22.34981346130371,12.405249601039802,22.605101814308334,12.25860093204637,22.264719787521706,12.369931433791132,22.471379692813464,19259000.0,26445387
2016-07-18,12.463603019714355,22.270797729492188,12.568791621129487,22.483535579747638,12.434426758284362,22.21609133679419,12.47051376496799,22.30118745445085,14626000.0,17827567
2016-07-19,12.32540225982666,22.270797729492188,12.438269001176977,22.410597795960644,12.268585935084952,22.21609133679419,12.397574822969316,22.289031564467386,14797000.0,17614975
2016-07-20,12.48971176147461,22.295108795166016,12.574169614804902,22.447067190635682,12.355346861680815,22.295108795166016,12.407557490528983,22.42883091235854,18064000.0,12937112
2016-07-21,12.31618881225586,22.31334114074707,12.551901056297723,22.380200965616314,12.27088893623417,22.197852878300218,12.51581550866088,22.289026921958264,19530000.0,13772091
2016-07-22,12.259371757507324,22.331573486328125,12.307743320397341,22.39235536342811,12.030568795311469,22.295103382513922,12.253229115992902,22.368043590142328,19664000.0,14209501
2016-07-25,12.267817497253418,22.355886459350586,12.33845458108362,22.39235411724976,12.22866026195516,22.191772223262713,12.257068423554848,22.368042345316976,9627000.0,12833293
2016-07-26,12.548829078674316,22.38627815246582,12.553436242491165,22.410592370432564,12.313116853847683,22.276870281329504,12.392967525900275,22.38627815246582,28631000.0,12773953
2016-07-27,12.719281196594238,22.398433685302734,12.868233488016752,22.440981733157486,12.492781804655595,22.276869929048235,12.740779344679837,22.337651807175487,30493000.0,15877456
2016-07-28,12.609484672546387,22.28902816772461,12.819860416692773,22.43490615695368,12.585682946399636,22.185698230839748,12.668604569460449,22.416672324757236,19512000.0,17134878
2016-07-29,12.436735153198242,22.42275619506836,12.641736434979443,22.459226312985994,12.369169741636009,22.276878167284305,12.586454844909374,22.29511200429988,26030000.0,22675545
2016-08-01,12.554203033447266,22.678037643432617,12.582611923066809,22.726663637827937,12.430588704214546,22.477453278151906,12.498154091109582,22.50176749729243,17876000.0,29911044
2016-08-02,12.50660228729248,22.11883544921875,12.591060137522662,22.380201701333377,12.45899882496098,21.96080157549632,12.522725898941708,22.343731593894116,22689000.0,34914488
2016-08-03,12.600274085998535,21.628530502319336,12.603346505630643,22.0330315014521,12.382988996353744,21.48756836895194,12.429056252963479,22.00851763349289,15019000.0,44941190
2016-08-04,12.821396827697754,21.542734146118164,12.822165664703283,21.769499794647842,12.60718272899188,21.542734146118164,12.612557265773379,21.757240393823764,19978000.0,26482593
2016-08-05,13.061716079711914,21.720462799072266,13.067859453424607,21.775623931304924,12.839823864795704,21.585631594638837,12.89510544150141,21.67143259813265,25594000.0,28665006
2016-08-08,12.925814628601074,21.40789794921875,13.146939439774753,21.622406660752343,12.888192876893722,21.27306671819897,13.052501374288102,21.622406660752343,19084000.0,32189687
2016-08-09,13.142334938049316,21.49982452392578,13.219113193332054,21.634660649618475,12.952689952910472,21.389507193705185,12.971115679773359,21.444665858815483,32743000.0,18054388
2016-08-10,13.194544792175293,21.530466079711914,13.21988273074415,21.561110873136442,13.040217972023678,21.395632438524242,13.14617396158176,21.554982407291572,19523000.0,14887328
2016-08-11,13.212970733642578,21.542734146118164,13.295124986400205,21.62240669836825,13.121603617837513,21.512089340359722,13.211435988693648,21.530474745294086,15745000.0,14106841
2016-08-12,13.242143630981445,21.438533782958984,13.253660072976519,21.518208765927877,13.15845465454548,21.297571678429478,13.21603832897176,21.4998209045196,16530000.0,15840777
2016-08-15,13.477863311767578,21.51821517944336,13.498592623781079,21.554988449020076,13.244453162282612,21.407895370713216,13.311251191874401,21.481441909866646,25807000.0,13021116
2016-08-16,13.236769676208496,21.322097778320312,13.435628939113611,21.49983075872804,13.213735326757984,21.30983837702912,13.421808915223695,21.41402973489729,19069000.0,15944174
2016-08-17,13.285144805908203,21.536596298217773,13.304339371124199,21.54272722876176,13.187635770252303,21.297573789815164,13.225257528122063,21.297573789815164,16613000.0,17961109
2016-08-18,13.354243278503418,21.567245483398438,13.373437839215166,21.671434360844554,13.255198056513823,21.444668738978912,13.269018081648237,21.536600681243335,21120000.0,17002390
2016-08-19,13.431024551391602,21.438533782958984,13.44100625132763,21.524337231663925,13.315855709245326,21.346601868517997,13.373439398092824,21.4875639730475,15349000.0,20624777
2016-08-22,13.507803916931152,21.35273551940918,13.536980179058832,21.622402862480307,13.364226188099057,21.303705317414497,13.436398738740946,21.328221650512205,15393000.0,27448690
2016-08-23,13.616059303283691,21.50596046447754,13.626041000975823,21.616277820395382,13.52238862700995,21.395640644358572,13.568457325073194,21.450801786518618,19741000.0,17873627
2016-08-24,13.459433555603027,21.340482711791992,13.642935160555918,21.683696656326365,13.388028374955178,21.303709437134565,13.633722297464887,21.5917647017834,21802000.0,23755157
2016-08-25,13.516252517700195,21.309837341308594,13.600710369261234,21.56724779289374,13.41260009927117,21.24242172638933,13.476327174256088,21.303708873061492,18735000.0,19083092
2016-08-26,13.602238655090332,21.340482711791992,13.71664009379463,21.512089684059177,13.446377147373918,21.242422288839663,13.576902190324743,21.328225774973255,22586000.0,19785688
2016-08-29,13.620673179626465,21.51821517944336,13.718951067038011,21.554988449020076,13.582284043435994,21.340479763323298,13.612995059498035,21.414026302476728,16726000.0,15941645
2016-08-30,13.589960098266602,21.377254486083984,13.775765305111308,21.5611183822654,13.508573208835148,21.35886661794522,13.679023642208172,21.518216642209666,27838000.0,15274779
2016-08-31,13.545422554016113,21.328224182128906,13.691303831102697,21.414027661854483,13.463268322592329,21.2117758984439,13.597631693296481,21.364997454040015,32753000.0,21919616
2016-09-01,13.596867561340332,21.254674911499023,13.641400059579656,21.414024914603466,13.422578824027147,21.21177317714019,13.580743953013359,21.285319711526967,39128000.0,16780945
2016-09-02,13.291288375854492,21.309837341308594,13.616064173096474,21.352739083239452,12.960367740218171,21.211776920952676,13.589960325532351,21.315965809555696,80668000.0,15215333
2016-09-06,13.136956214904785,21.309837341308594,13.359615720276437,21.444671035348268,13.024858357731627,21.29758040481439,13.33043946536487,21.377255420429,36132000.0,17882059
2016-09-07,12.968043327331543,21.35273551940918,13.20606057929391,21.38338031973113,12.87667621756761,21.254675115419815,13.161528083047532,21.279191448517523,31437000.0,15615537
2016-09-08,12.928121566772461,21.279190063476562,12.96267237325256,21.33434872910527,12.788383595580537,21.217900466821938,12.92889040385982,21.273061596651214,18680000.0,19216212
2016-09-09,12.344593048095703,20.899202346801758,12.826000577046695,21.19951446208791,12.336147558894993,20.893073880151093,12.770719014390615,21.174998131284745,45022000.0,23595055
2016-09-12,12.628680229187012,21.23628807067871,12.649411002696942,21.285318268879887,12.188734143743908,20.801142289417644,12.217910408270493,20.837915554118663,35673000.0,20472685
2016-09-13,12.687028884887695,20.862430572509766,12.849801139859526,21.107581548089048,12.614856350345985,20.745982318984368,12.62867637364956,21.107581548089048,36003000.0,21878510
2016-09-14,13.022558212280273,20.801145553588867,13.047127311200876,21.052427514977214,12.67244306096941,20.75211534769374,12.686264552035315,20.911465365003604,40324000.0,19924921
2016-09-15,13.301334381103516,20.923717498779297,13.32289735891685,21.040163286982494,12.953245051658815,20.562118273158195,13.04026811845384,20.77049844854338,36322000.0,21890104
2016-09-16,13.187359809875488,20.801145553588867,13.322128428862905,20.972752506322283,13.080314601403261,20.733729944558412,13.278232784069226,20.954367103186957,83067000.0,26998737
2016-09-19,13.148085594177246,20.623414993286133,13.367566786595035,20.856310360409314,13.045661429413741,20.58664171634545,13.211235166692843,20.831794021048406,28306000.0,18489584
2016-09-20,12.955561637878418,20.721467971801758,13.26206599721723,20.801140496887587,12.950940577938514,20.592761556439417,13.26206599721723,20.739853370467642,18722000.0,14875313
2016-09-21,13.078774452209473,21.009525299072266,13.093407313828022,21.040167636934385,12.90780998428073,20.678570800755267,12.967879335404055,20.776631210315795,17977000.0,16397500
2016-09-22,13.002533912658691,20.929855346679688,13.18812976731229,21.10146233695324,12.943234250219174,20.880825130058884,13.16656678783167,21.04017271802613,20619000.0,17641220
2016-09-23,12.833881378173828,20.997268676757812,13.017166723736226,21.064684285259748,12.74608860834758,20.844047128360934,12.991753838950403,20.935979071718698,26875000.0,13635703
2016-09-26,12.83696174621582,20.617277145385742,12.87854686786689,20.84404147635916,12.534307372448874,20.482443500742008,12.714513972874139,20.788882818141325,32033000.0,31119982
2016-09-27,13.158097267150879,20.73372459411621,13.159636640786353,20.76436938896797,12.785363205849912,20.519215958554476,12.852362680692362,20.70307979926445,25353000.0,16453572
2016-09-28,13.145771980285645,20.831785202026367,13.30056419021629,20.837913668221802,13.074922618404159,20.64792135936207,13.228943672822348,20.74598174688965,20843000.0,15080421
2016-09-29,13.281316757202148,20.421157836914062,13.399143488527526,20.88081748966837,13.052593414706887,20.408899671193815,13.091869481438078,20.801142492737473,38570000.0,26396376
2016-09-30,13.28593921661377,20.758243560791016,13.449972152111505,20.850175503741887,13.279777313876197,20.470190796665186,13.322903288697447,20.494705899312056,34220000.0,30138076
2016-10-03,13.097259521484375,20.641794204711914,13.391441490467036,20.67244023576601,13.070305791514874,20.457930339390455,13.323672322096307,20.67244023576601,22807000.0,18862384
2016-10-04,13.018709182739258,20.666309356689453,13.161179111650208,20.782756382604017,12.944008423873202,20.537604165473248,13.13884644022895,20.598892527781,19596000.0,22029759
2016-10-05,13.35986614227295,20.77663230895996,13.408382854187575,20.825662516332883,13.144236311541276,20.641797390533664,13.20738441816924,20.67244342631762,26149000.0,14698346
2016-10-06,13.414545059204102,20.623414993286133,13.44996975093039,20.715345721436474,13.18890194982411,20.51309639456477,13.34600473638899,20.7030887838567,21014000.0,16809824
2016-10-07,13.416081428527832,20.56825065612793,13.47307055992096,20.837918010118226,13.275922066768665,20.482448415213177,13.467679815237915,20.6540541291431,21842000.0,15619964
2016-10-10,13.459210395812988,20.598896026611328,13.546233485776826,20.7398581749721,13.381429423868434,20.574380923944258,13.456130179429257,20.6234111292784,16336000.0,17268420
2016-10-11,13.181970596313477,20.30471420288086,13.515427123418362,20.574381572823928,13.05567145428566,20.188267153514623,13.49925488726133,20.568251872888503,26181000.0,18268033
2016-10-12,13.12806224822998,20.2679386138916,13.173498737509746,20.37212871567311,12.968648957939534,20.188264844847208,13.149625228303913,20.310840348031025,21740000.0,15956295
2016-10-13,13.010234832763672,20.077945709228516,13.084165893815051,20.163747942985232,12.845432256732886,19.930853877459278,12.997144281700932,19.961497444365225,22373000.0,25488144
2016-10-14,13.098798751831055,20.01666259765625,13.295176112989678,20.16375323593622,13.041039926795493,20.01666259765625,13.090326321567968,20.0595643418464,19570000.0,16410042
2016-10-17,13.005615234375,19.91860008239746,13.16502706496669,20.047305301464938,12.99406258805101,19.906341914443196,13.06876333585175,19.9676302900135,12741000.0,17837369
2016-10-18,13.258980751037598,20.035043716430664,13.312889675167927,20.145362280801603,13.13345423027986,19.98601351717698,13.1419251919828,20.06568728293914,14167000.0,15624074
2016-10-19,13.235877990722656,19.97988510131836,13.267452776087795,20.13310540790127,13.100338201014422,19.912468264989908,13.181970537108002,20.071817038848028,20440000.0,17247445
2016-10-20,13.354473114013672,19.9431095123291,13.444576402951075,20.06568499649609,13.170416633620121,19.912464717212234,13.219704492840467,19.912464717212234,18961000.0,20334190
2016-10-21,13.316740036010742,19.72247886657715,13.353705569138102,19.887956132410828,13.145775546947736,19.72247886657715,13.268223324606598,19.869569495740294,15842000.0,19852090
2016-10-24,13.59628963470459,19.691835403442383,13.630944635955261,19.832797565202362,13.366026959078024,19.642805193447657,13.412233137789606,19.796024291656032,19772000.0,20644066
2016-10-25,13.372955322265625,19.783761978149414,13.59243647841477,19.838920641376685,13.362173833019499,19.606026591150073,13.556242108317521,19.62441322292591,21622000.0,20380249
2016-10-26,13.322900772094727,19.85731315612793,13.459981416303956,19.97988868411429,13.176580947695232,19.704092822069533,13.257442135210963,19.783767839336114,21075000.0,18026246
2016-10-27,13.264372825622559,19.90634536743164,13.496174880807375,20.1085959330059,13.228946667793858,19.83892851224022,13.423784660379816,19.96763375363313,19840000.0,19238662
2016-10-28,13.041808128356934,19.569252014160156,13.312887675338056,19.95536630282658,13.017934620488692,19.53860722115325,13.283623422753363,19.930849975581026,20651000.0,30048170
2016-10-31,13.113430976867676,19.43442153930664,13.219706516615343,19.636672044086502,12.990983200103452,19.37313440362815,13.091867994178934,19.636672044086502,20317000.0,37890668
2016-11-01,12.999456405639648,19.042179107666016,13.211237834838775,19.440551658687244,12.770734518520188,18.846058297895887,13.147318562588607,18.962505336721996,28452000.0,57285005
2016-11-02,13.289018630981445,18.77251434326172,13.41146642716439,19.023795089404864,13.077238673616447,18.607037079240754,13.315972363616902,18.993151516690034,43501000.0,38033063
2016-11-03,13.322132110595703,18.31898307800293,13.503108422280475,18.815414837160294,13.257443155604166,18.282209807502177,13.280546983330368,18.815414837160294,20654000.0,38290977
2016-11-04,13.258980751037598,18.38639259338379,13.440726725275193,18.613158144748322,13.109580718825395,18.32510424022849,13.12267273922739,18.331233938014062,21753000.0,36919723
2016-11-07,13.627863883972168,18.61928939819336,13.69871473379038,18.6560626620124,13.408382683981774,18.435425543298646,13.42994566678122,18.527357470746004,26126000.0,32544885
2016-11-08,13.630945205688477,18.56977081298828,13.709495859668143,18.848317225856484,13.485393606804859,18.545011214803676,13.636335951244611,18.650240440379633,18923000.0,37365670
2016-11-09,13.355247497558594,19.882036209106445,13.592441823108473,20.655777141177172,13.181202758920119,19.49826178195113,13.205076275762114,20.432940738296587,32506000.0,125166505
2016-11-10,12.933226585388184,20.730056762695312,13.43841880285094,20.94051398330733,12.575895039005122,20.33390067689654,13.378349441280113,20.62482753019501,51217000.0,70908061
2016-11-11,12.902419090270996,20.172964096069336,13.09186632029136,20.63720942559603,12.763029407464154,19.925366835866168,12.887787697689234,20.562929376463003,29793000.0,37736994
2016-11-14,12.6128568649292,20.04297637939453,12.920130764454552,20.364851198034778,12.554328363222686,19.88822793714137,12.820015680900054,20.333902007339614,28187000.0,32219094
2016-11-15,12.818480491638184,19.95012664794922,12.899341683994566,20.278192285193384,12.59976895994916,19.73347858985317,12.693722174239648,20.278192285193384,25380000.0,31213472
2016-11-16,12.924760818481445,19.782997131347656,12.950943403159677,20.012024359768144,12.764577748392776,19.76442836503403,12.806932577520227,19.9315559725767,13333000.0,23864246
2016-11-17,12.863916397094727,19.640636444091797,13.016398125161903,19.8820429400361,12.785364269113757,19.60968724431123,12.887789910241715,19.813954949396663,18100000.0,27502549
2016-11-18,12.950167655944824,19.485883712768555,13.027178937276085,19.776810607148263,12.841581587692263,19.46112410945845,12.841581587692263,19.776810607148263,19524000.0,25460846
2016-11-21,13.290557861328125,19.541589736938477,13.30441957098113,19.615868531601567,13.024870441562745,19.492069296107903,13.024870441562745,19.504449717412676,21384000.0,23053931
2016-11-22,13.632487297058105,19.393035888671875,13.663292402873171,19.80157123092551,13.346776256757035,19.219718656569288,13.378351049556988,19.7644324462408,31024000.0,27862279
2016-11-23,13.637101173400879,19.448745727539062,13.689467769286928,19.46731574188034,13.495400992801978,18.959740742236942,13.581652893461955,19.300186857197655,22123000.0,22399924
2016-11-25,13.61169147491455,19.615873336791992,13.632484770599344,19.646822531052603,13.520818486016877,19.529214099595706,13.614002004309308,19.56016453824513,8198000.0,11017357
2016-11-28,13.44996166229248,19.523021697998047,13.636328595735497,19.70871932559595,13.441490705111836,19.498262097277568,13.55854767054273,19.615870511797,26570000.0,18692901
2016-11-29,13.511579513549805,19.758243560791016,13.629406245223837,19.789192758479295,13.356017557772027,19.566356295223553,13.38913172251297,19.714913937394048,18514000.0,22810879
2016-11-30,13.12960433959961,19.89441680908203,13.546234103511265,20.03678482329065,13.125754436161404,19.65301039270892,13.48616474025091,19.79537840691754,31249000.0,40599553
2016-12-01,12.53661823272705,19.47350311279297,13.12960319348204,19.962506797982645,12.41494161186795,19.43636308834264,13.092637660682202,19.962506797982645,46389000.0,32259146
2016-12-02,12.646744728088379,19.578723907470703,12.700652182952425,19.64062351065973,12.369504710081308,19.41159634768737,12.596687176199774,19.523015135672335,26945000.0,20034221
2016-12-05,12.793834686279297,19.553970336914062,12.830798746069469,19.665389159211568,12.50658288685287,19.430172336799394,12.784592569680857,19.646819148097215,21372000.0,20342516
2016-12-06,12.688329696655273,19.535402297973633,12.935535768099117,19.622061528996785,12.587444907271589,19.454933900872653,12.846202156370614,19.591112336940828,39184000.0,18662967
2016-12-07,12.980202674865723,19.306379318237305,12.980202674865723,19.39303856845784,12.604389823537328,18.94736437993495,12.688331231127904,19.39303856845784,32659000.0,46432600
2016-12-08,13.146547317504883,19.15162467956543,13.198145722237927,19.250663073329154,12.900112349420384,18.885457440839772,13.057215155678149,19.089725061268844,38361000.0,37409622
2016-12-09,13.791895866394043,19.622058868408203,14.008296812657541,19.758237286011713,13.623241936314095,19.24447404784574,13.935135446076904,19.256853225234117,75744000.0,30935743
2016-12-12,13.7202787399292,20.055355072021484,13.921277188387714,20.210103510525443,13.59706126649406,19.59730059000959,13.711807777321608,19.622060190843584,37194000.0,33997508
2016-12-13,13.818854331970215,20.32151985168457,14.011381836204988,20.35246903784563,13.70795771396853,20.154392255393248,13.764946865803404,20.30913943058705,69076000.0,30313356
2016-12-14,13.756893157958984,20.315330505371094,13.880816542325158,20.612446945177535,13.64923594576795,20.20391292928369,13.844413761947374,20.377230126610772,46795000.0,38309843
2016-12-15,13.941997528076172,20.27200698852539,14.034165580719272,20.401995858885627,13.675565364231288,20.179158150950638,13.810330358708365,20.197728167343378,38103000.0,22004463
2016-12-16,13.81885051727295,20.32771873474121,14.025645496810851,20.389618379754992,13.74604645271913,20.129640617330555,13.999313243281808,20.35247834386891,41541000.0,39615012
2016-12-19,13.97685432434082,20.32151985168457,14.050433968428539,20.40817782181324,13.795618950994903,20.25343064661944,13.86919711781704,20.27819024442599,22219000.0,26276958
2016-12-20,14.101545333862305,20.333900451660156,14.195260064925797,20.352470462411993,13.952063852623098,20.16058201049445,14.018672249938932,20.29057084136873,27352000.0,26428312
2016-12-21,14.118585586547852,20.055355072021484,14.2502527440892,20.383420716363418,14.07908499610593,20.01202545946483,14.230114666789964,20.259622712193437,21013000.0,19751644
2016-12-22,13.98769474029541,20.018217086791992,14.173577555102376,20.073927127632253,13.8932044202301,19.838710273565646,14.161960340822345,19.98726789369547,17557000.0,19618418
2016-12-23,14.091482162475586,20.10487174987793,14.094579988271644,20.15439218971815,13.914892796710618,20.030592956700332,13.94509844480408,20.061542142760544,8977000.0,11387943
2016-12-27,14.12014102935791,20.13582420349121,14.227798242036059,20.253432615603003,14.100002943798488,20.10487376993274,14.104650421583841,20.160582559316207,8283000.0,11826302
2016-12-28,13.955942153930664,20.024404525756836,14.173580305756197,20.23486174078516,13.928834330506271,20.01821369267618,14.145698395166988,20.117253333692524,14039000.0,14691495
2016-12-29,13.93115234375,20.111064910888672,13.993113268578588,20.191534551084317,13.835113870487925,20.036786104515645,13.917985481031616,20.04916652777217,13671000.0,14827250
2016-12-30,13.691059112548828,20.10487174987793,14.010932895498586,20.179150543055528,13.63297007729221,19.99964377064012,13.969884118155734,20.018212535643155,25421000.0,19885396
2017-01-03,13.812654495239258,20.42675018310547,14.01093008060322,20.42675018310547,13.67324202044476,20.17296334307716,13.808782583057294,20.241052555981764,32098000.0,23391844
2017-01-04,13.714295387268066,20.60625457763672,13.863775458653498,20.64339334986153,13.68408826086162,20.445316579626752,13.806461986275222,20.507216192519326,23965000.0,22753963
2017-01-05,13.498200416564941,20.80433464050293,13.708868749969785,20.853853837936924,13.46722069172792,20.501027378539778,13.656975384175361,20.65577580381241,24861000.0,21083584
2017-01-06,13.677115440368652,20.72386932373047,13.701125432292994,20.86004776720506,13.423074569067765,20.637211332382922,13.49278080662034,20.835288163335935,23142000.0,18418228
2017-01-09,13.706548690795898,20.717674255371094,13.809558408628503,20.84147224198014,13.680989044475238,20.661964228105674,13.68176460882146,20.692914658049283,20265000.0,21559886
2017-01-10,13.985368728637695,20.699108123779297,13.998535592071901,20.835286556753342,13.701123727631748,20.62482931789946,13.746819967574565,20.791956942226264,30181000.0,20444754
2017-01-11,13.896300315856934,20.32151985168457,13.977625236319923,20.761004268236405,13.767730980554488,20.055352619778567,13.945094381775673,20.65577504426721,18787000.0,42623128
2017-01-12,13.852932929992676,20.179157257080078,13.871521363485071,20.191537682256477,13.584952511903099,19.99345959015637,13.793295716284653,20.135828879934927,23137000.0,33475989
2017-01-13,13.976079940795898,20.129636764526367,14.001638112080952,20.29057481524747,13.816530829571125,20.012028332582737,13.856029955853987,20.22248559208128,20902000.0,21386925
2017-01-17,13.872292518615723,19.844898223876953,13.912567203125809,20.04297627874183,13.752244029380217,19.671579770321603,13.900949988623102,20.024406266662517,26316000.0,33838143
2017-01-18,14.330029487609863,19.82632827758789,14.333901399731115,19.981076719577434,13.941223624607579,19.776809074804518,13.969105528223196,19.863468301869755,35642000.0,22629064
2017-01-19,14.371854782104492,19.622058868408203,14.474090415732617,19.86346651575572,14.303698185440897,19.51683088305276,14.336227570934804,19.844896505284595,45718000.0,27555881
2017-01-20,14.799383163452148,19.66539192199707,14.835010368400093,19.88203876373155,14.5685782023601,19.597302701271015,14.607304709708044,19.63444272871751,57623000.0,31788324
2017-01-23,14.793190956115723,19.47350311279297,14.834239733919457,19.69633952632889,14.59336567712995,19.461122689846633,14.79396504326328,19.60968154325926,33394000.0,26098094
2017-01-24,15.315979957580566,19.281614303588867,15.462363616784536,19.473502767326483,14.89232253455718,19.126867108031355,14.92640008196832,19.43636274353503,62008000.0,31225172
2017-01-25,15.682326316833496,19.36827278137207,15.690847182246392,19.51064079309229,15.337668538097082,19.25066436976021,15.484052219551511,19.41160239265885,60888000.0,33905283
2017-01-26,15.813215255737305,19.362085342407227,15.898412069439207,19.47969376707832,15.577764365214168,19.3125661366919,15.834127415793557,19.43636415098022,38820000.0,28653517
2017-01-27,15.932502746582031,19.448745727539062,15.93869987739234,19.523024540515358,15.764434195380911,19.349706065848515,15.906944567762215,19.479694921848647,25780000.0,25353654
2017-01-30,15.739648818969727,19.38065528869629,15.867442657167832,19.498264964901296,15.537501235245974,19.22590807253168,15.834913262816828,19.479694950532675,33234000.0,28947899
2017-01-31,15.451525688171387,19.640636444091797,15.681555119609639,19.76443573199214,15.401956046767584,19.145441781268495,15.681555119609639,19.194960998673018,26749000.0,39472300
2017-02-01,15.776045799255371,19.803207397460938,15.837232657339168,19.81571394983503,15.506515761564822,19.546835015921662,15.66451668882894,19.7031600067333,31184000.0,30031938
2017-02-02,15.803927421569824,19.840728759765625,15.879829312431372,19.840728759765625,15.56770088276312,19.584356339949586,15.642828686610041,19.678151097027,22712000.0,24634404
2017-02-03,15.967351913452148,20.065834045410156,16.001430954005738,20.159628790174548,15.724929670922128,19.959532748046236,15.87363713714461,20.040822197277404,24367000.0,37935252
2017-02-06,15.998329162597656,20.153377532958984,16.006074464315766,20.215906529072114,15.823289480111086,19.972039421618472,15.966573868732983,20.009557824939456,18716000.0,25859258
2017-02-07,15.94798755645752,20.059579849243164,16.06339005602104,20.22841012537379,15.872085657718754,19.972036501936564,16.04867501488953,20.209650926455677,22840000.0,24781648
2017-02-08,16.02387809753418,20.097103118896484,16.167937967422127,20.22841629430281,15.889888739070035,19.959537294299356,15.952623726400901,19.959537294299356,21069000.0,20194745
2017-02-09,15.903840065002441,20.247167587280273,16.085849498908807,20.347214963505515,15.771398793175296,20.097095265876316,16.057967592397418,20.097095265876316,27519000.0,25102380
2017-02-10,15.9177827835083,20.22840690612793,15.993684686413069,20.29093588314888,15.788439322809005,20.153371379463188,15.954959647823236,20.2659240409273,23842000.0,23090189
2017-02-13,16.009946823120117,20.3909912109375,16.04092803085674,20.441014911821778,15.89067242331777,20.2846899037586,16.015368386747497,20.2846899037586,12463000.0,21733585
2017-02-14,15.903070449829102,20.478532791137695,16.032413932555325,20.49103934533913,15.86202018830509,20.228414277773613,16.031638368020268,20.340968237320677,17357000.0,24205532
2017-02-15,15.954177856445312,20.953754425048828,16.027755985141475,20.99752546650437,15.86200982730318,20.44100973523546,15.941010995139294,20.497286070211963,17088000.0,48035523
2017-02-16,16.123804092407227,21.022541046142578,16.12690191829573,21.19137259520423,15.891449423582742,20.772421303552182,15.990587238342655,20.916239746995107,17188000.0,40402244
2017-02-17,16.296520233154297,21.022541046142578,16.296520233154297,21.19137259520423,16.01846930589658,20.966263444099923,16.18731337523523,21.003781845461695,30945000.0,36882306
2017-02-21,16.477750778198242,21.022541046142578,16.54513327330489,21.135093736095254,16.33524048682422,20.934998947675993,16.342211701048413,20.99127654971865,30333000.0,25391598
2017-02-22,16.58695411682129,21.00377655029297,16.646591298228888,21.103825176346106,16.380933285602936,20.79117526266231,16.497109824058168,20.99127125770258,23949000.0,28676494
2017-02-23,16.309682846069336,21.297672271728516,16.726370607394998,21.335190672446313,16.2368787855397,20.997528837185016,16.658212545898817,21.072564381554315,29364000.0,32122863
2017-02-24,16.293428421020508,21.422733306884766,16.31511468772278,21.47900965230708,15.692405652949239,21.253901756485156,16.139299337225214,21.36645444732979,27651000.0,26046448
2017-02-27,16.518800735473633,21.435239791870117,16.53196760066941,21.54779248895873,16.279476378237952,21.360202984389172,16.316653235583054,21.40397403639759,26991000.0,23009136
2017-02-28,16.3367919921875,21.335189819335938,16.6009004395044,21.42273191279947,16.287997918875437,21.203876679140635,16.585409835424766,21.32268201017508,27548000.0,28964658
2017-03-01,16.662864685058594,21.522781372070312,16.682227205367685,21.591563015476517,16.30813775847733,21.291420821123136,16.502540003277467,21.428986622068287,51155000.0,34034925
2017-03-02,16.82938003540039,21.579057693481445,17.42497937461216,21.729128790478963,16.731016334094473,21.522781346373964,17.357596878439345,21.547791938807187,71171000.0,26952993
2017-03-03,16.909160614013672,21.58530616760254,17.03927817095826,21.666595605556893,16.861140617351083,21.485258788950524,16.884375051225113,21.57905352070332,30747000.0,19800760
2017-03-06,16.87972640991211,21.4790096282959,16.925422660584815,21.554043917397554,16.665186110145008,21.310178078085027,16.758126785631468,21.466501818335075,22771000.0,19174263
2017-03-07,16.981184005737305,21.25389862060547,17.145380554001942,21.38521174997155,16.813889632375627,21.103827550243782,16.833252147181017,21.17886182835848,29129000.0,30783335
2017-03-08,17.01061248779297,21.203880310058594,17.135309896967424,21.32268566143707,16.926965316219533,21.085073701613652,16.978858678334426,21.203880310058594,24532000.0,23870360
2017-03-09,17.194955825805664,21.29142189025879,17.260788693184516,21.347698240259337,16.893670446661478,21.12259032612428,16.94478827068783,21.185121838687433,25675000.0,20199594
2017-03-10,17.53108787536621,21.328935623168945,17.535735351456175,21.46024623969754,17.25071477235721,21.26015147724224,17.25071477235721,21.347693564349512,39430000.0,20214666
2017-03-13,17.53883934020996,21.328935623168945,17.639525334864725,21.3539462114097,17.454416563055297,21.203875139568222,17.49314308197301,21.347693564349512,26669000.0,19988056
2017-03-14,17.376182556152344,21.39771842956543,17.525664040459155,21.46650006513551,17.311123808387073,21.24764734948598,17.407937843208707,21.272657939099663,22165000.0,15563469
2017-03-15,17.498565673828125,21.65409278869629,17.55433097798293,21.697863841211905,17.290220978441003,21.372711042714236,17.374643760550164,21.39772163607583,20727000.0,24279839
2017-03-16,17.3001651763916,21.529029846191406,17.56936236786948,21.654087812526353,17.238700829002227,21.416474659531254,17.542909207325696,21.616571931105216,27835000.0,21816219
2017-03-17,17.20836067199707,21.460248947143555,17.40520124111936,21.622827847748837,17.182685105432526,21.42898570789841,17.390417979408806,21.547791045295224,51635000.0,45736117
2017-03-20,17.21302604675293,21.497764587402344,17.321949075170707,21.572801380218944,17.177235779731404,21.460246190994045,17.208357492973608,21.510269881494345,17215000.0,18435514
2017-03-21,16.806900024414062,21.416473388671875,17.348406389592913,21.64158123450197,16.76799935750953,21.372704862944456,17.29083298706392,21.560291801315415,30557000.0,33083479
2017-03-22,16.915815353393555,21.55404281616211,16.989727173858423,21.597813863457006,16.757875526383366,21.253900646824988,16.80689087422513,21.447742778788445,19131000.0,27528267
2017-03-23,16.87225341796875,21.441492080688477,16.99673731863286,21.61032363762387,16.838797423637487,21.40397367757697,16.9033736511522,21.460250025177853,19223000.0,21378704
2017-03-24,17.036415100097656,21.260154724121094,17.22547522296365,21.42898627705963,16.940718642088683,21.222636321897788,16.96172565217715,21.42898627705963,23794000.0,28583110
2017-03-27,17.042638778686523,21.372705459594727,17.130554799605147,21.453992380918425,16.80300663072285,21.097573919691925,16.86991712743475,21.097573919691925,15358000.0,18852055
2017-03-28,17.190460205078125,21.360200881958008,17.255036416394248,21.42273238674824,16.988173546250174,21.24139554829516,17.000622526779885,21.297671891300325,17929000.0,19327725
2017-03-29,17.21847152709961,21.466495513916016,17.22158340150955,21.54153229511304,17.091653370113693,21.328932271941333,17.178791789451772,21.36019550233016,15927000.0,18214174
2017-03-30,17.119657516479492,21.4790096282959,17.46276644226641,21.535285973655306,17.027850566106313,21.353949127616264,17.26437077071432,21.378962233405254,34168000.0,15803465
2017-03-31,17.035634994506836,21.391468048095703,17.193574861813033,21.4977680934788,16.96327835039015,21.360202293634263,17.115772066546647,21.391468048095703,25897000.0,19616837
2017-04-03,17.023191452026367,21.410226821899414,17.11577753511785,21.4790109815533,16.856694989962687,21.322684717321458,17.03875231284439,21.3289398797623,19210000.0,19064752
2017-04-04,17.035634994506836,21.47275733947754,17.14844897344485,21.57280473604131,16.951608450487907,21.291420490405947,16.97417065268955,21.372709942913772,12634000.0,20324177
2017-04-05,16.893253326416016,21.37896728515625,17.15544762193672,21.58531477161058,16.867579253875597,21.35395417345678,17.08075819675715,21.466506890771278,15690000.0,20321225
2017-04-06,16.92204475402832,21.328935623168945,16.99751327847982,21.479006695010423,16.773441982083057,21.297669873735686,16.859802809693946,21.347693564349512,14615000.0,17164706
2017-04-07,16.98040008544922,21.322681427001953,17.1041049133197,21.416476165414394,16.886258813448222,21.285165542942917,16.922047603574928,21.316428779658782,16412000.0,14728069
2017-04-10,16.962505340576172,21.285165786743164,17.042642434290382,21.3977184684743,16.825572443230172,21.241394740707175,16.88859348126312,21.34144212760873,17994000.0,16852722
2017-04-11,16.925935745239258,21.216379165649414,16.992068651759585,21.310173894211047,16.65207146238456,21.09757385034183,16.84891201854721,21.27265549995996,22219000.0,20155642
2017-04-12,16.276281356811523,21.210128784179688,16.816230840278724,21.253899829791955,16.217151296792633,21.07881564734288,16.779662980544106,21.185118194762637,61026000.0,26022628
2017-04-13,16.441225051879883,21.18511962890625,16.647401211737577,21.27265921192442,16.260722970315058,21.147601228108407,16.277061424855518,21.18511962890625,42579000.0,13560553
2017-04-17,16.63962173461914,21.260154724121094,16.6777462813582,21.2914204783293,16.50891409082262,21.14760203158387,16.523697350898697,21.19762572983738,14507000.0,15963462
2017-04-18,16.57971954345703,21.160104751586914,16.627179730165867,21.185117854734926,16.49880483704449,21.047550815685636,16.576607667666636,21.110081059423276,8486000.0,22293365
2017-04-19,16.620952606201172,21.01629066467285,16.714314796832152,21.203880177578768,16.592165164041234,20.97877225926509,16.63262250903873,21.166361772171005,12081000.0,25204302
2017-04-20,16.97728729248047,21.097579956054688,17.048088761264975,21.17886690063591,16.666856589811665,20.935001038626467,16.72754186709518,21.02879579433263,16916000.0,19339319
2017-04-21,16.934492111206055,21.035045623779297,16.98661934504241,21.091323220537536,16.817787178310383,20.928744334613423,16.915819381301343,21.035045623779297,14683000.0,25552227
2017-04-24,17.21302604675293,21.097579956054688,17.26437568643059,21.278916818970984,17.09165403624528,21.041302348391124,17.170234433027385,21.247651062357967,17531000.0,22438501
2017-04-25,17.365520477294922,21.110078811645508,17.42776242766653,21.235139285804493,17.268267337091466,21.07881306457273,17.273713489199416,21.14759720530642,14848000.0,19756176
2017-04-26,17.24725341796875,21.166357040405273,17.422309297008933,21.278912231466713,17.184233895100107,21.166357040405273,17.38807720259365,21.172609687553294,14726000.0,20884483
2017-04-27,17.356966018676758,21.172609329223633,17.434768843628014,21.27265671016346,17.276828916061454,21.11633299171152,17.341405156893416,21.235140827910254,11850000.0,15633139
2017-04-28,17.1795711517334,21.210128784179688,17.360850839426504,21.222634078888213,17.098656472903723,21.10382875089236,17.336733439280888,21.185118194762637,16490000.0,16842077
2017-05-01,17.219253540039062,21.122591018676758,17.292387801302883,21.25390418240535,17.109551406160683,21.11633837004201,17.279161218695403,21.1913751819249,15339000.0,23910833
2017-05-02,17.540573120117188,21.01629066467285,17.544462592047505,21.08507356987612,17.23325289885142,20.559822179499683,17.385746613094668,20.997531461968972,27277000.0,42965678
2017-05-03,17.497785568237305,20.92874526977539,17.598150587729034,21.003780811739663,17.392751994174272,20.822443975859642,17.467442931454265,20.93499791733918,18002000.0,26155748
2017-05-04,17.38108253479004,20.91623878479004,17.572476953475135,21.003780879229446,17.261267180150497,20.834950595000777,17.5257943745025,20.909986137206154,16245000.0,26897869
2017-05-05,17.618375778198242,20.93499755859375,17.621487652511412,20.93499755859375,17.43164996372418,20.778672572713962,17.50244992723464,20.909985711700934,23128000.0,22999966
2017-05-08,17.511789321899414,20.91623878479004,17.66895013830067,21.022540079047356,17.416870457061975,20.853708537752425,17.623825725093397,20.88497428980436,17448000.0,24781543
2017-05-09,17.774755477905273,20.87247085571289,17.847889703801734,21.003784016988902,17.482996171754035,20.853711653092542,17.553796121382106,20.916241909471562,19261000.0,18028248
2017-05-10,17.9980525970459,20.853530883789062,18.160659543658266,20.910351954315697,17.792654036279753,20.771454593879408,17.85489597942207,20.83459010386883,24433000.0,34829852
2017-05-11,17.979381561279297,20.85984230041504,18.038511635435597,20.922977805096913,17.75764452517574,20.739885729983246,17.94748373103311,20.82827518269108,14823000.0,26421567
2017-05-12,18.3582763671875,20.840904235839844,18.365277712896482,20.87878452588735,17.95992680450493,20.76514111727674,18.00972124182263,20.76514111727674,25852000.0,18589187
2017-05-15,18.597129821777344,20.910348892211914,18.66481790763977,20.94823044650502,18.28358586970885,20.708317320605694,18.331046031549818,20.81564627571303,29172000.0,20530444
2017-05-16,18.725502014160156,20.58205223083496,18.772960685361955,20.70832326859115,18.570674053772162,20.449469291195474,18.667927156423143,20.556799546364815,18128000.0,42437834
2017-05-17,17.986385345458984,20.348447799682617,18.592466411718878,20.582046488971617,17.979382513688552,20.33582019173608,18.51699787759784,20.582046488971617,31447000.0,29931281
2017-05-18,18.490543365478516,20.34213638305664,18.565232806429233,20.46840613511081,17.714073534101182,20.247433751707494,18.01750430359743,20.32951004246826,30699000.0,24874822
2017-05-19,18.213565826416016,20.4936580657959,18.438414715717666,20.4936580657959,18.054070754687373,20.32319234133766,18.416630109859994,20.392641011130383,35812000.0,29885432
2017-05-22,18.54656410217285,20.27899742126465,18.59324668236372,20.51891181318925,18.222906819848184,20.27899742126465,18.324827040144744,20.51891181318925,20419000.0,26725962
2017-05-23,18.40340805053711,20.291627883911133,18.58935632761539,20.380017342359817,18.3489465225153,20.25374759402887,18.544230425555032,20.27900027446102,13696000.0,18517410
2017-05-24,18.641481399536133,20.23480796813965,18.67338071478238,20.380018504307795,18.436861894448715,20.184298796693497,18.552787769389237,20.31056982145771,16392000.0,23576821
2017-05-25,18.73950958251953,20.30425453186035,18.79397109243535,20.32950848033065,18.573789292101573,20.18429669008396,18.758959909780202,20.241119026067615,19010000.0,18227244
2017-05-26,18.766740798950195,20.291627883911133,18.797083428940155,20.386330512467858,18.541891923640936,20.266373934244942,18.74262191768513,20.316881833577323,13120000.0,12330746
2017-05-30,18.658592224121094,20.285308837890625,18.78074180502407,20.398952213087167,18.59479361658424,20.215860179116827,18.711497047281128,20.241114121467874,29364000.0,16913643
2017-05-31,18.63214111328125,20.613616943359375,18.897447307530122,20.702006400155764,18.482760764970603,20.285314334601953,18.868661358407504,20.38001696138836,44830000.0,30585499
2017-06-01,18.251686096191406,20.65149688720703,18.818088729824236,20.739885067859102,18.191000841713123,20.531539051370956,18.797081724826082,20.626241670753394,63774000.0,25184803
2017-06-02,19.803068161010742,20.544164657592773,19.90343463693518,20.758823822659085,18.995479672043086,20.48102916107899,19.337031980522852,20.68937515726406,108613000.0,21984543
2017-06-05,19.62256622314453,20.42420768737793,19.978122682848074,20.569418184096534,19.466183054448173,20.32950507914982,19.76183185895185,20.525223464358913,39532000.0,14994836
2017-06-06,19.750940322875977,20.247432708740234,19.86608856873308,20.43683796168206,19.498860712392048,20.22849192959925,19.51053061129559,20.392643233431098,29653000.0,18831186
2017-06-07,19.78362464904785,20.203237533569336,19.905774286487112,20.304254597008633,19.68170442685979,20.140103296808007,19.736943551955935,20.253746699905975,29290000.0,17479641
2017-06-08,19.835750579833984,20.045400619506836,19.92522328826895,20.266372986056023,19.63112959861427,19.994891453303556,19.839640052389804,20.203237480227408,28273000.0,35620773
2017-06-09,18.932458877563477,20.689376831054688,19.917439047496053,20.70831760846453,18.785412802859607,20.03908484513147,19.879315991091346,20.083279569343134,58191000.0,31764609
2017-06-12,18.880334854125977,20.645179748535156,18.9145684445378,20.891407288268624,18.34194193564044,20.645179748535156,18.703723718156386,20.68937446769844,54872000.0,30435515
2017-06-13,18.901342391967773,20.569425582885742,19.288020667422657,20.695695349531004,18.802532574408787,20.531544018275056,19.058503202036142,20.65150188313083,30853000.0,18093913
2017-06-14,18.714614868164062,20.63886833190918,19.057723896937407,20.683063054824174,18.48820929791917,20.493657824750677,18.950356062146636,20.57573283214006,34509000.0,14568177
2017-06-15,18.59507179260254,20.714630126953125,18.712272250624732,20.853527464615617,18.38254825564804,20.556793281709815,18.38801760042051,20.594673566105314,27527000.0,19952115
2017-06-16,18.459117889404297,20.815645217895508,18.707584096191493,20.916662267798973,18.371608378700717,20.71462943722586,18.66851628585269,20.82195965611272,35819000.0,33600044
2017-06-19,18.84197235107422,20.973485946655273,19.127943042401903,20.992426725204943,18.77946534859177,20.77776752985461,19.127943042401903,20.79670830840428,28519000.0,21922146
2017-06-20,18.75133514404297,21.188140869140625,19.037304305815383,21.308098686019488,18.74039645736781,20.92928699912031,18.90838428289877,20.967168548580343,24429000.0,27473775
2017-06-21,19.15216827392578,21.390178680419922,19.213894383861007,21.529073488528407,18.902140197051576,21.200772169351666,19.031842671758415,21.200772169351666,34998000.0,27134492
2017-06-22,19.06778335571289,21.503822326660156,19.252961680499798,21.76898816084793,18.992775828854448,21.415432869108216,19.18264109949917,21.43437237924018,18666000.0,23352529
2017-06-23,19.163101196289062,21.57327651977539,19.288897596425404,21.604844918390718,18.970110851176983,21.44700800225177,19.028711816053136,21.516455433042875,34985000.0,31668800
2017-06-26,18.96698570251465,21.491195678710938,19.36937591427241,21.598524644857356,18.845879227662763,21.447000950568057,19.220140320587717,21.56695625662158,32103000.0,14937604
2017-06-27,18.387231826782227,21.32072639465332,18.90760184195613,21.548013167568232,18.379418266276588,21.30810005684349,18.858377752026456,21.548013167568232,33582000.0,16089942
2017-06-28,18.834156036376953,21.308101654052734,18.88728765134849,21.459625334531367,18.32238049407511,21.244966152569695,18.485679883790162,21.37754905568002,24533000.0,15594035
2017-06-29,18.286441802978516,21.232341766357422,18.671641624613464,21.38386546982813,18.015317306315783,21.068190452980442,18.65054664610405,21.30810488732686,34513000.0,15724837
2017-06-30,18.209087371826172,21.207088470458984,18.493494732966337,21.339671397780275,18.194241158844275,21.15658056774286,18.460678670944517,21.295479204063383,26534000.0,14242175
2017-07-03,17.952030181884766,21.352298736572266,18.38020386912004,21.44700136463998,17.898900043276207,21.131325091591577,18.32316620411863,21.137638261667018,21123000.0,8971964
2017-07-05,18.096572875976562,21.23865509033203,18.15282961786621,21.434372245109103,17.901238332731438,21.143952463328727,18.04891209390623,21.42805907510462,29699000.0,17072270
2017-07-06,18.364580154418945,20.973485946655273,18.41849270248843,21.257593817198416,17.775451143058046,20.92297805001213,17.780139579486246,21.23865430788272,26334000.0,14676318
2017-07-07,18.72242546081543,21.055561065673828,18.76696111729583,21.061875504710972,18.382543768431486,20.847216308297497,18.384887985659557,20.992426829174203,24731000.0,17914522
2017-07-10,18.890413284301758,21.093442916870117,18.90369618840102,21.169204763265697,18.65913755174699,20.98611395178488,18.791965102455315,21.06187579818046,22499000.0,14256720
2017-07-11,18.8216609954834,20.941923141479492,18.955269490372306,21.131328427515626,18.70445904494027,20.86616001167765,18.908389604325876,21.08713369154263,20502000.0,12874083
2017-07-12,19.253740310668945,20.973485946655273,19.313122193830793,21.169204363455936,18.83494349185711,20.9608583378775,18.986521836440627,21.049249060853953,27710000.0,14577979
2017-07-13,19.323274612426758,21.011369705200195,19.523296095156084,21.04925126626854,19.263892745741966,20.82827760876004,19.30842840061343,20.973488144131853,20400000.0,14112006
2017-07-14,19.556119918823242,21.106067657470703,19.564715881856525,21.181829493569886,19.365473738692273,20.986111099671877,19.426418937764048,21.005051876005126,14417000.0,13175843
2017-07-17,19.456884384155273,20.992427825927734,19.717851059421797,21.13132518359634,19.444382388639198,20.92297914709343,19.595181282700537,21.112384404053522,18746000.0,17733866
2017-07-18,19.602210998535156,21.061870574951172,19.606118523845133,21.08081134916136,19.22560722623039,20.859837765432005,19.31936696969031,20.979794309784932,13003000.0,15356148
2017-07-19,19.877248764038086,21.226024627685547,19.88818745364672,21.27021935024388,19.576433309515952,21.03030622998478,19.689727732053772,21.068186514153464,25526000.0,19825951
2017-07-20,19.801448822021484,21.175519943237305,19.92411856343227,21.276535741965546,19.717064474860006,21.049250194827,19.885052260401856,21.13132521398519,12135000.0,17870043
2017-07-21,19.776447296142578,21.137636184692383,19.80848095085865,21.200771686945203,19.569391707155045,21.080815121128577,19.652995149626175,21.13132301523727,15504000.0,12673718
2017-07-24,19.77019691467285,21.036617279052734,19.82098430681811,21.118692277508167,19.6654984948902,20.94191467432446,19.7905124676446,21.074497559403813,13638000.0,15558937
2017-07-25,19.86943244934082,20.897720336914062,19.8780269199451,21.13763343736502,19.54752056936527,20.840899280735478,19.75223200686943,21.07449794331813,16123000.0,20856025
2017-07-26,20.0811824798584,20.76514434814453,20.17338045370209,20.897728557024816,19.894442313814306,20.727264052203193,19.899911659884946,20.891415385906967,19971000.0,16572674
2017-07-27,19.607683181762695,20.8345890045166,20.196813496074707,20.8345890045166,19.451416423267386,20.638870583880898,20.174934629795207,20.70200609053893,32010000.0,17561221
2017-07-28,19.56236457824707,20.929290771484375,19.620964047735033,20.941918379991666,19.338120007322534,20.714631580731982,19.449070184172296,20.872469706286427,31919000.0,17116117
2017-07-31,19.272489547729492,20.935609817504883,19.724884763767104,21.080820366507485,19.17872830206712,20.922982206218727,19.610027051545146,20.967176941868946,18902000.0,23169660
2017-08-01,19.407665252685547,20.885095596313477,19.53346018787065,21.02399294073622,19.295932644338578,20.657810071176737,19.395163253973692,20.85984164907606,17582000.0,28072552
2017-08-02,19.79598617553711,20.987098693847656,20.10227092340947,20.987098693847656,19.616278736360886,20.8468446001985,19.892871057101186,20.955223229520772,36970000.0,30412116
2017-08-03,19.556119918823242,21.312232971191406,19.76786257133617,21.554490853884143,19.317030539254024,20.94884806959996,19.753017843913405,21.00622416082901,23447000.0,28739945
2017-08-04,19.468603134155273,21.44611358642578,19.609244243889442,21.675619247529838,19.386562983571775,21.34410978874768,19.59127290554455,21.407862002092514,13454000.0,27183398
2017-08-07,19.724102020263672,21.235727310180664,19.759262300487986,21.414231670175926,19.447508213241594,21.197475735080193,19.485793619886046,21.38873104731946,18730000.0,13188280
2017-08-08,19.639719009399414,21.21660614013672,19.868652046411803,21.331359608781124,19.566273317431197,21.17835455671131,19.688162197986124,21.24848160523668,20439000.0,16986475
2017-08-09,19.468603134155273,21.324981689453125,19.56158197148324,21.33135780724008,19.339683110421817,21.14010246952916,19.496730759988388,21.254855928482055,21256000.0,15807681
2017-08-10,18.807592391967773,21.305858612060547,19.299055416125228,21.38873533254048,18.788059233729104,21.171979354017807,19.272489605584102,21.27398186587982,29033000.0,19062539
2017-08-11,19.077930450439453,21.197481155395508,19.16153389348921,21.401487472044348,18.650539348725964,21.171980526018388,18.756018670856054,21.356861050226417,16976000.0,13626639
2017-08-14,19.60456085205078,21.235727310180664,19.63112666677309,21.27397760364959,19.220924318061634,21.127348701817024,19.288119764040214,21.248476980793125,16736000.0,13482241
2017-08-15,19.82176971435547,21.280363082885742,19.85067974234421,21.375990786836073,19.632686894564372,21.203861176051916,19.777234053939182,21.254863728906653,20942000.0,18048801
2017-08-16,19.800678253173828,21.267601013183594,19.903816394974793,21.350478991851062,19.674883311196577,21.203848820487956,19.87099883286982,21.248475227211756,15394000.0,11128764
2017-08-17,19.295148849487305,21.006223678588867,19.865525444003307,21.324982154514746,19.271709654549493,21.006223678588867,19.76785815767038,21.222979647279544,22793000.0,15661175
2017-08-18,19.484233856201172,20.82772445678711,19.649096587092867,21.018979857874566,19.231080706064756,20.814974780251752,19.324840469692507,20.980729546636358,20126000.0,16326565
2017-08-21,19.503767013549805,20.885095596313477,19.681130251416903,20.955222641169122,19.234986739415714,20.604587416890887,19.681130251416903,20.783091806394143,20693000.0,17848752
2017-08-22,19.93896484375,21.133729934692383,20.017098946215935,21.178356358608326,19.611585204746657,20.846846879488695,19.6764364054735,20.885098466168625,26917000.0,14178619
2017-08-23,20.07414436340332,21.191102981567383,20.229631719721052,21.286730647081388,19.798332916551946,21.082724362556732,19.839743455494197,21.082724362556732,27928000.0,16989953
2017-08-24,19.92803192138672,21.18472671508789,20.264790015297663,21.293105333336708,19.619404437341124,21.146476418130167,20.210877483909186,21.273979544042017,52119000.0,12140394
2017-08-25,19.188884735107422,21.28672981262207,19.877244089979243,21.433358723111333,19.04746271262645,21.184726033542546,19.709256258899956,21.216602775218732,69099000.0,15171171
2017-08-28,19.00605010986328,21.337732315063477,19.349056896133945,21.433359982447477,18.94744915553661,21.299480735457198,19.30217702684311,21.356858104866614,34174000.0,13033026
2017-08-29,18.887287139892578,21.35685920715332,19.109968390798358,21.388734670715934,18.754459596344898,21.191104489690545,18.85290777288407,21.3122327891866,33536000.0,12884096
2017-08-30,19.22247886657715,21.324981689453125,19.247482853497477,21.344107479550562,18.820871141506345,21.19747855818975,18.8740027508569,21.344107479550562,21924000.0,12394935
2017-08-31,19.6951904296875,21.624614715576172,19.73113161337354,21.688365637637364,19.185757645074904,21.344106557285606,19.26936109756084,21.35685751067684,29491000.0,27300497
2017-09-01,19.74675750732422,21.65011215209961,19.950686492233707,21.758489466205166,19.713159052462778,21.560859341684633,19.715503269340005,21.63735991970976,23242000.0,19160771
2017-09-05,19.459230422973633,21.548114776611328,19.74676293419909,21.783996555708004,19.300617953153086,21.516240592452117,19.542832402960602,21.59911859779347,24306000.0,15068616
2017-09-06,19.485017776489258,21.669240951538086,19.635816715169383,21.745744107992124,19.353753491011283,21.618239701656496,19.58112326288689,21.643739044965642,13996000.0,13925764
2017-09-07,19.263896942138672,21.669240951538086,19.533458127799857,21.758493779646695,19.23108087555129,21.55448878012033,19.517050094506168,21.701117693937817,16088000.0,18831923
2017-09-08,19.0732421875,21.73936653137207,19.2521686687066,21.834994194527045,18.99432717726085,21.548111205062117,19.214664180808303,21.643738868217092,18094000.0,16276290
2017-09-11,19.356870651245117,21.879621505737305,19.3959369610007,21.892373741074145,19.221698894647467,21.662866827434982,19.30530234741997,21.732992587102384,16878000.0,17263993
2017-09-12,19.309993743896484,22.549022674560547,19.513141864416408,22.79127931330352,19.18185312844855,21.905128208214048,19.506890121280428,21.91787788307843,18396000.0,39268351
2017-09-13,19.239675521850586,22.351390838623047,19.370158880264434,22.5872726498622,19.15450873754529,22.294014736054397,19.206859454964558,22.478895282425416,29664000.0,22115450
2017-09-14,19.295148849487305,22.77852439880371,19.338903603008035,22.848652728845945,19.005272117127934,22.313138251559003,19.11309718275232,22.345012434974887,28645000.0,28907847
2017-09-15,19.576431274414062,22.542638778686523,19.62643628163098,22.772145676437624,19.151382751932132,22.466138188278293,19.348280634703375,22.695645086029398,50066000.0,30430139
2017-09-18,19.59917640686035,22.663766860961914,19.83532097810836,22.663766860961914,19.504247818514784,22.44700964859303,19.695673197109894,22.555389536408992,25743000.0,17850755
2017-09-19,19.5944766998291,22.600021362304688,19.75844364738171,22.733898059655083,19.482288867102397,22.53626786871877,19.70509633002026,22.733898059655083,22088000.0,16539579
2017-09-20,19.057071685791016,22.94428062438965,19.603891016437913,23.084534722547765,18.66088209246904,22.82952587320737,19.592907613678555,22.906029040662222,57010000.0,27066825
2017-09-21,18.85858726501465,22.931529998779297,19.04059903157194,23.07178152785047,18.685990699963327,22.893278416640086,19.021770124936594,22.988906090356334,28620000.0,16580579
2017-09-22,18.76914405822754,22.925151824951172,18.88760916052404,23.02715689496598,18.681276854220233,22.804024809407775,18.698536056042787,23.014404659174456,23100000.0,15394092
2017-09-25,18.476516723632812,22.638269424438477,18.656958755019065,22.96977886195863,18.164272372188403,22.59364300612248,18.608317547314677,22.88690342502625,38692000.0,23379828
2017-09-26,18.61458969116211,22.504390716552734,18.824845482442132,22.727520224878663,18.460822093753134,22.46613913809982,18.66244678828486,22.638267396242966,39010000.0,18508029
2017-09-27,18.87427520751953,22.600021362304688,19.038242142170535,22.651022619215233,18.717368176475915,22.43426535489768,18.78954588959641,22.472516938396502,26489000.0,15502759
2017-09-28,19.059425354003906,22.695648193359375,19.092375562054006,22.81040037631439,18.78954639065804,22.45339159124935,18.790330491885026,22.485265773590434,21932000.0,19038086
2017-09-29,19.028043746948242,22.759397506713867,19.1645521821225,22.759397506713867,18.94723642758446,22.53626542983787,19.059425753201662,22.721145927354645,17319000.0,16867900
2017-10-02,18.86564064025879,22.995281219482422,19.24535352038358,23.014405729163634,18.809153944383514,22.625520192870262,19.24535352038358,22.74027494074831,19431000.0,17541300
2017-10-03,18.789546966552734,23.039913177490234,18.90330299938432,23.07816476931198,18.663236335446236,22.79128167554523,18.835048781134795,22.963409993846753,25611000.0,14328392
2017-10-04,18.98567771911621,22.925151824951172,19.011566524652444,23.103657493397737,18.63342177113274,22.886902807367033,18.733057983873618,23.065408475813594,23271000.0,11435268
2017-10-05,19.116697311401367,22.950653076171875,19.279094561312206,22.950653076171875,19.014707283487365,22.79127448434402,19.085315303927374,22.874149916666997,22811000.0,14340408
2017-10-06,19.279094696044922,22.982532501220703,19.279880293700796,23.039908595911744,18.852310165326635,22.912404169615442,18.852310165326635,22.944280917005443,17489000.0,12711345
2017-10-09,19.332439422607422,23.039913177490234,19.397555728062947,23.04628801558316,19.251632116623203,22.906033887746243,19.29948921932287,22.98891190948265,16551000.0,10278081
2017-10-10,19.298704147338867,23.20566177368164,19.468946855744573,23.27579010447253,19.067267138500263,22.96977999756772,19.419521553304207,23.19291210017918,15348000.0,18697433
2017-10-11,19.644681930541992,23.23754119873047,19.705090630971572,23.25666827445215,19.232017333819986,23.078162571790948,19.237509033859038,23.186539935579262,26603000.0,18163687
2017-10-12,19.51445770263672,23.17378807067871,19.71372868798021,23.33316668255691,19.478368090005294,23.129161649230618,19.646258560111466,23.256666076691413,20067000.0,14750098
2017-10-13,19.45326042175293,23.167407989501953,19.679205783350543,23.26303822147861,19.414818510832415,23.1100319009267,19.62507286900798,23.186535061202655,15257000.0,13458842
2017-10-16,19.35205078125,22.937902450561523,19.571720280863712,23.25666218423093,19.269675280035877,22.874148965869665,19.50189638190543,23.173784192089492,14899000.0,14315006
2017-10-17,19.034318923950195,23.078157424926758,19.294784180336435,23.1610354202881,19.012352118845463,22.791274422457565,19.28693867903098,22.906026598139885,26965000.0,14776764
2017-10-18,19.1425838470459,22.84227752685547,19.190440953846263,23.135535389173512,18.813080289590236,22.81677561726696,19.090020636784615,23.110033479585002,19905000.0,15196572
2017-10-19,19.165334701538086,23.103656768798828,19.171610503230227,23.192909600222876,18.700106858550114,22.848650509918254,18.89310197615713,22.880524690238705,25844000.0,20858028
2017-10-20,19.161413192749023,23.21841049194336,19.37794483374855,23.21841049194336,19.123755385933773,22.969776516741153,19.374805436200337,23.141907335994485,23548000.0,18447319
2017-10-23,19.16377067565918,23.20566177368164,19.27203651696572,23.447920949810467,19.04138352817714,23.141910842905656,19.23516280426288,23.141910842905656,23418000.0,15978008
2017-10-24,19.431293487548828,23.122783660888672,19.46738159808073,23.288537087059428,19.151215213453092,22.94427799942526,19.226530832281792,23.237535835678937,22887000.0,15826126
2017-10-25,19.285371780395508,23.052658081054688,19.52936045307184,23.173787669535223,19.16063084504538,22.8996543087085,19.290077884395846,23.078159991410896,20955000.0,17523488
2017-10-26,19.123750686645508,22.784902572631836,19.444624570549205,23.090912721088998,19.123750686645508,22.695652282731853,19.39912127379763,23.008034705541846,24446000.0,18374277
2017-10-27,19.8408145904541,22.695648193359375,19.847874492454377,22.791275866909743,19.047651509771843,22.568143774204366,19.187299304234298,22.6510217748183,44753000.0,15746865
2017-10-30,20.494335174560547,22.40876579284668,20.570434897992975,22.612770818529466,19.869847879468022,22.325887789939188,19.87220167970711,22.587268908687303,50202000.0,26679586
2017-10-31,20.70458221435547,22.351390838623047,20.92346609042566,22.529896547293554,20.499818140950094,21.739373096941343,20.593962628514397,22.345016000922534,32845000.0,24794085
2017-11-01,20.342138290405273,22.47888946533203,20.840314974624317,22.778522139301316,20.15384922517293,22.24938255118525,20.7304809335526,22.319510874271145,27333000.0,16557497
2017-11-02,20.35860824584961,22.606399536132812,20.76185769047855,22.638273724367338,19.52464935689459,22.3322661377317,20.568076972219032,22.48526993104952,67196000.0,13880021
2017-11-03,21.467153549194336,22.663766860961914,21.809992812199013,22.67014169613996,20.17110612355431,22.517137962077655,20.71400191948443,22.60001594591838,120503000.0,9358255
2017-11-06,21.772336959838867,22.51714515686035,22.108116326515777,22.70202568914983,21.18472194587203,22.389640722769435,21.833529773497308,22.68927345145604,78088000.0,11200542
2017-11-07,21.285930633544922,22.542638778686523,21.535412530882095,22.580890355522243,20.9893772165433,22.466138188278293,21.381643371959175,22.504389765114013,36789000.0,11480906
2017-11-08,21.37066078186035,22.529891967773438,21.482064529866875,22.561768713060644,20.965843003841826,22.332261786172538,21.129809975749616,22.549019040251174,30254000.0,14302148
2017-11-09,20.840309143066406,22.645694732666016,21.2137477709674,22.67786275776603,20.593966720915482,22.41409064265477,21.07566966055971,22.568492507100324,30980000.0,14088713
2017-11-10,20.78696632385254,22.632827758789062,20.918767164710296,22.63926084624493,20.68027019129486,22.388357502037326,20.852082643002927,22.581360472456367,20338000.0,15858589
2017-11-13,20.790884017944336,22.71002960205078,20.866983724728726,22.82583034769239,20.51943689056883,22.60709244442016,20.593966898745055,22.658562316578323,28064000.0,25072657
2017-11-14,20.653593063354492,22.761497497558594,20.835604793212397,22.96736664496597,20.496686038489607,22.65856292385491,20.65673096443158,22.677862186417183,19718000.0,17278538
2017-11-15,20.837173461914062,22.748626708984375,20.947008980328196,22.83869509962167,20.243282648964485,22.664993991980207,20.578277912556132,22.69715942671814,29032000.0,13646138
2017-11-16,21.347904205322266,22.877302169799805,21.547175139534655,22.890168347047894,20.877184626531452,22.677866075709563,20.931317535211907,22.73576646001218,31000000.0,13625901
2017-11-17,21.328290939331055,22.75506591796875,21.34790394312806,22.83226556001949,21.0591960979624,22.626396398969593,21.321229539703523,22.75506591796875,24069000.0,15649265
2017-11-20,21.565216064453125,22.742191314697266,21.711922265964073,22.806527351016918,21.291413669191254,22.69072403765271,21.38791046968122,22.76149316026727,28639000.0,12455540
2017-11-21,21.69937515258789,22.864437103271484,21.82646837987703,22.986670966438698,21.567572828985394,22.761502506913935,21.660933244646927,22.774368684787042,20903000.0,13333100
2017-11-22,21.60366439819336,22.793663024902344,21.7872443522945,22.838697224410733,21.50951987277196,22.722896475209613,21.733111437224256,22.806531786680303,18642000.0,11122967
2017-11-24,22.15361976623535,22.832260131835938,22.201475377945165,22.877294323444836,21.693097976779466,22.75506050813878,21.70565107789055,22.845126304671243,11572000.0,6742754
2017-11-27,22.32935333251953,22.832260131835938,22.412514444336843,22.935194687889034,21.948854771783488,22.761493594556434,21.987296678442718,22.851561977774224,26230000.0,10848611
2017-11-28,21.76291847229004,23.063867568969727,22.351317498565866,23.089599918425538,21.718984869864254,22.851565339216435,22.348179597874896,22.896596950764106,26796000.0,13687033
2017-11-29,21.300048828125,23.295475006103516,21.82097785925642,23.424144531990514,20.779903898233396,23.083170159055662,21.809994456393373,23.12177127549037,47231000.0,16122827
2017-11-30,21.805288314819336,23.32763671875,21.837452925736557,23.46917238290189,21.189430661562398,23.211833400797335,21.32201559692921,23.295468699315585,31452000.0,24063663
2017-12-01,21.304752349853516,23.385540008544922,21.614642867167436,23.482041492229463,20.715569214237888,23.16680210507329,21.591106367090994,23.346938897733963,47729000.0,19588485
2017-12-04,20.681047439575195,23.198972702026367,21.536971513000857,23.559243740627398,20.408814748499033,23.192539613958527,21.48911591247039,23.475611009059477,48439000.0,14847487
2017-12-05,20.527284622192383,22.92232894897461,20.877969395312196,23.282599901980397,20.433140104873292,22.84512673713068,20.60652223843013,23.108898805359626,38117000.0,23525912
2017-12-06,20.703020095825195,22.877302169799805,20.74459990721695,23.083171352514093,19.942808504778657,22.845134139993366,20.306046397184872,22.890168347047894,48751000.0,18317677
2017-12-07,20.703020095825195,22.83869743347168,21.629552428815167,22.928765833312923,20.5288538523477,22.61352902055438,21.566005811678604,22.87729854578733,79282000.0,16661421
2017-12-08,20.390769958496094,22.993101119995117,20.942296739162344,23.01240297102698,20.342914357946714,22.72289848572315,20.850506043158468,22.72289848572315,41848000.0,15705759
2017-12-11,20.39391326904297,23.295475006103516,20.67634381680156,23.327643034246787,20.302906656593333,22.960936308146188,20.34605616293352,23.186104745090827,34941000.0,15138497
2017-12-12,20.295848846435547,23.533512115478516,20.46687569434293,23.68791399393528,20.06205798546862,23.321207269250156,20.34762796010852,23.391976413554968,28541000.0,23700139
2017-12-13,20.557098388671875,23.572111129760742,20.655950520170553,23.675045706219564,20.41196033762131,23.462740878923128,20.430005142479587,23.527076929224275,26943000.0,16639709
2017-12-14,20.346059799194336,23.45631217956543,20.6331979980397,23.732950522232183,20.13894332884645,23.379109939434972,20.58141888045273,23.630015926515792,37595000.0,15585393
2017-12-15,20.84737205505371,23.932384490966797,20.868554757549266,23.951686342621628,20.261326763059728,23.617147643027533,20.527283703250816,23.66218184797401,45091000.0,39820015
2017-12-18,20.879751205444336,23.887348175048828,21.047174525664797,24.028883865703396,20.73760052345417,23.842313974082106,20.855270879033636,23.94524855152436,29786000.0,17670415
2017-12-19,20.82526397705078,23.76511001586914,20.95083035581107,23.95167987358791,20.633358796129023,23.726508909671225,20.793673927802804,23.932378027146253,19094000.0,14817659
2017-12-20,20.978473663330078,23.45631217956543,21.034545556253565,23.89378550470325,20.752610505336662,23.430579823979496,21.01796123009943,23.797283997883344,19845000.0,15914557
2017-12-21,20.653884887695312,23.314777374267578,21.026638921026883,23.546381517017174,20.61755754706452,23.282609341842615,21.002946391243672,23.507780395444506,17758000.0,15566948
2017-12-22,20.718650817871094,23.250442504882812,20.799203037257644,23.404844395248222,20.43039838293819,23.192542119331566,20.676793849972494,23.334077832171428,14617000.0,9063557
2017-12-26,20.38300323486328,23.295475006103516,20.71864058010011,23.33407612253822,20.011040060525634,23.12820436378181,20.314296565317107,23.218272773234098,22256000.0,11480590
2017-12-27,20.46356201171875,23.372678756713867,20.66020445621237,23.45631149661946,20.414598348817957,23.308342696249568,20.44144958412435,23.359809992609257,35615000.0,8768964
2017-12-28,20.56622886657715,23.398406982421875,20.596238808176686,23.50134155697634,20.4185485626921,23.321204758163127,20.54569654142816,23.391973894847943,13641000.0,6939431
2017-12-29,20.288240432739258,23.301908493041992,20.6870549200485,23.475612226626843,20.267706604283838,23.301908493041992,20.51489280712946,23.308341581443486,17980000.0,12038261
2018-01-02,21.086666107177734,23.443445205688477,21.125362864841765,23.494912501798964,20.341157781870447,23.31477567206914,20.514898541669687,23.40484408693405,33135000.0,17059833
2018-01-03,21.317262649536133,23.617143630981445,21.380441228562425,23.655742154361857,21.009267265069965,23.30833733713856,21.10877318811975,23.449873016257037,31161000.0,14183151
2018-01-04,21.324371337890625,23.668611526489258,21.46178471268832,23.7522442493247,21.19880347620771,23.546375105905575,21.448359094886687,23.617144240634477,19067000.0,13046517
2018-01-05,21.450733184814453,23.713642120361328,21.659222696439016,23.726508293197874,21.27936032532945,23.552804613163197,21.478373725651306,23.68790718800291,28633000.0,13167517
2018-01-08,21.50206184387207,23.449880599975586,21.524174273545675,23.675051659276846,21.24855820188645,23.37268094156265,21.395447698104494,23.623584358106058,20971000.0,19964341
2018-01-09,21.20433807373047,23.424142837524414,21.626845242175417,23.572111617581893,21.179856234515597,23.391974811708128,21.564455941834513,23.44344210100265,26027000.0,16876226
2018-01-10,20.75655746459961,23.462743759155273,21.017958647416183,23.552812171284792,20.590712717140608,23.359809170060437,21.005322326343407,23.379108435508407,31607000.0,18755825
2018-01-11,20.809465408325195,23.520645141601562,20.837105943561433,23.610710960966912,20.655467710210086,23.43057673555023,20.814993515372443,23.572112432675755,17726000.0,15102555
2018-01-12,20.871858596801758,23.507774353027344,20.95320011302197,23.675044974618352,20.691798928167252,23.456307066388362,20.800782491093216,23.565677313846237,19881000.0,20240700
2018-01-16,20.789722442626953,23.546375274658203,21.085872326389183,23.790845530891918,20.664154578602158,23.462739964537636,20.942140036459598,23.52707601233149,33528000.0,30536699
2018-01-17,20.991893768310547,23.919513702392578,21.048754945736164,24.04174753033216,20.569386705850064,23.655741611894584,20.96583333675897,23.687909633992913,37365000.0,25332363
2018-01-18,21.306991577148438,23.79727554321289,21.32752540213044,23.913078862266097,20.886854033295336,23.6107056847539,20.964247513897988,23.913078862266097,30319000.0,19946528
2018-01-19,21.037702560424805,23.76511001586914,21.278571426216626,23.983845306515008,21.012431423512396,23.48203868599828,21.25566969374859,23.925944940560832,29963000.0,31133684
2018-01-22,20.69969367980957,23.75868034362793,21.067708974143397,23.848746155452503,20.582023320777225,23.630010833372328,20.979259256630638,23.732945406902502,27230000.0,21380495
2018-01-23,20.762081146240234,23.687908172607422,20.881330093324653,23.855178773176547,20.383798969612364,23.50777139866696,20.670471227160565,23.687908172607422,35398000.0,18527212
2018-01-24,20.28508758544922,23.75868034362793,20.791305649810962,23.848746155452503,20.217170180923922,23.630010833372328,20.60966737568452,23.797278868687417,45405000.0,18673191
2018-01-25,19.529312133789062,23.95168685913086,20.36248089050149,24.02245341889504,19.506410401488427,23.739382006466005,20.35458337784349,23.784416212383633,59520000.0,18988232
2018-01-26,19.80571746826172,25.096832275390625,19.81835228246721,25.148299556623815,19.367415341710267,23.996712348981745,19.697523210422904,23.996712348981745,49014000.0,51441419
2018-01-29,19.385581970214844,25.10326385498047,19.7030535544578,25.367033332127864,19.22921482945163,24.942426347433805,19.607495606275297,25.09039768211604,50401000.0,36779014
2018-01-30,19.030986785888672,24.31839370727539,19.35082921482377,24.929570805883863,18.71746326976379,24.02888917425345,19.052309915743596,24.58216588359482,46002000.0,48483684
2018-01-31,19.587749481201172,23.829448699951172,19.991302838113924,24.440625686654677,19.33740453692661,23.69434609194059,19.74332729797142,24.395591483984482,80482000.0,35859926
2018-02-01,18.858034133911133,23.913856506347656,19.41953464803532,24.28396047940121,18.803542363943787,23.771009587857662,19.08942683147508,23.771009587857662,66851000.0,29697926
2018-02-02,18.596633911132812,23.771011352539062,18.792487066594944,24.18656676735479,18.486861066655617,23.706081879550617,18.69850924444592,23.764518666305207,58352000.0,25588907
2018-02-05,18.013805389404297,22.5113582611084,19.269480706740744,23.829443814933295,17.974319350512793,22.07632486653718,18.53345033748047,23.68659952241083,70776000.0,42463657
2018-02-06,18.983604431152344,22.907438278198242,18.985184536029404,23.037299841551015,17.76109732151278,22.07633001617053,17.81795850264159,22.180218222592742,77744000.0,56035067
2018-02-07,18.746686935424805,22.7126407623291,19.1984132062738,23.147674134335208,18.716676990197442,22.706148077610255,18.855668993706438,22.81003625441033,40475000.0,30955980
2018-02-08,18.129901885986328,21.83608627319336,18.83671180842574,22.836014769726606,18.125163078057724,21.816606909305712,18.747472794782315,22.72563388323815,43200000.0,45850792
2018-02-09,18.598209381103516,22.180219650268555,18.72614663036686,22.35553264154668,17.867707043713192,21.55688776096322,18.38419183533517,22.19970032188289,43282000.0,49851776
2018-02-12,19.301076889038086,22.50487518310547,19.386367904988248,22.641229459429667,18.75616064229886,22.09581496478339,18.78459047885014,22.36852090678127,35063000.0,38743670
2018-02-13,19.416378021240234,22.686676025390625,19.429803640370455,22.745112813969417,18.958332891154818,22.342545369704453,19.033356992133037,22.446433573988962,23719000.0,21559570
2018-02-14,19.558530807495117,22.8489933013916,19.636713614220405,22.94638878634589,19.22842143938732,22.43993330884322,19.348461209608335,22.53083349890469,25491000.0,24494749
2018-02-15,19.88784408569336,23.18663787841797,19.88863338478088,23.199623250669916,19.30344191988675,22.777575156633198,19.686461352473913,22.965876107535564,25540000.0,22588379
2018-02-16,19.65566635131836,23.54375457763672,19.930493122551685,23.803475054712425,19.588539763321286,23.16715792788973,19.84362350904349,23.21910202330487,32639000.0,27659595
2018-02-20,19.713314056396484,23.38143539428711,20.196630242138685,23.693102689385526,19.547470857875567,23.297025229921857,19.644607373252665,23.387928082215122,41693000.0,27202370
2018-02-21,19.63434600830078,23.219104766845703,20.017367084034902,23.75802645211213,19.6209203875362,23.199624097107204,19.939973569518546,23.355459012415505,28156000.0,25872327
2018-02-22,19.691993713378906,23.206111907958984,19.98814361515064,23.47232765680487,19.606702698323463,23.12170439232558,19.673830792665793,23.290522034241768,19342000.0,23983454
2018-02-23,20.03632164001465,23.54375457763672,20.140566400363063,23.56972532001948,19.766232121131996,23.264553433124323,19.91233385053745,23.329482899730845,18280000.0,17940029
2018-02-26,19.976293563842773,24.08267593383789,20.09396389730747,24.160590770777187,19.82229589090665,23.51128827991831,19.898109272460584,23.563232374761036,28878000.0,25407302
2018-02-27,19.88627052307129,23.894376754760742,20.191107269986823,24.18007057148241,19.876003606372212,23.855418032362422,19.90838295516379,24.069687089578927,21176000.0,23543093
2018-02-28,19.463764190673828,23.57621955871582,20.09791954660928,24.20604404143297,19.42585673232443,23.57621955871582,20.06554170280334,24.04371905889858,28834000.0,28360927
2018-03-01,19.214996337890625,23.134693145751953,19.673832299748476,23.550248542292326,19.05705061529096,22.8554919860756,19.416379130047936,23.452853031767994,26044000.0,30282896
2018-03-02,19.81203269958496,23.342470169067383,19.83651453228998,23.420387623850935,18.97175739534382,22.985354157717396,18.98755091136622,23.08274967087192,27402000.0,22271336
2018-03-05,19.504825592041016,23.452850341796875,19.849149830658426,23.55673852635387,19.223679933152944,23.225593306422542,19.735427483367918,23.25805934309015,25900000.0,22319609
2018-03-06,19.819137573242188,23.29701805114746,19.8459872991059,23.530767797780676,19.531674541906593,23.212610523442212,19.688830920506245,23.530767797780676,30030000.0,18003479
2018-03-07,19.51035499572754,23.329483032226562,19.695942745022453,23.426878538014293,19.295548111629504,23.082747924940946,19.63987086683676,23.1152139637534,31549000.0,23440328
2018-03-08,19.502456665039062,23.6995849609375,19.609070803369672,23.6995849609375,19.42111365795886,23.329481026503487,19.605912100250396,23.368439747599076,33554000.0,21646630
2018-03-09,20.041847229003906,23.87489891052246,20.081333282297766,23.972294422706767,19.55616154326681,23.719066613157526,19.631185647043697,23.77101071227917,30782000.0,19300743
2018-03-12,20.757343292236328,23.771011352539062,20.872644242416353,24.024239168908863,20.50304885868863,23.69958919331676,20.58439186696629,23.97229506838813,53881000.0,26571656
2018-03-13,20.629405975341797,23.86191177368164,21.626839176419143,23.998266002785467,20.551223176707115,23.654135392561297,21.040856811081966,23.894377812225297,66855000.0,29560695
2018-03-14,20.579652786254883,23.60219383239746,20.717855462276862,24.017746639272755,20.150037529183965,23.491812944402447,20.69100573257559,23.920351123830123,39619000.0,23378458
2018-03-15,21.145891189575195,23.75153350830078,21.23592100938714,23.900873124977576,20.809465950141398,23.60219389162399,20.827628870171722,23.60219389162399,57990000.0,20508310
2018-03-16,20.1279239654541,23.881389617919922,20.81736172084621,24.050207254960956,20.09159662213442,23.777498828991632,20.76997665777242,23.79048680926348,113955000.0,34125253
2018-03-19,19.344512939453125,23.58920669555664,20.255864406268525,23.894378591612448,19.172350798362686,23.426879108193162,19.988144331159656,23.894378591612448,71267000.0,20003761
2018-03-20,19.139970779418945,23.58920669555664,19.58932909015121,23.732051004248966,19.054679764305668,23.45285246200521,19.35635777368096,23.615177438718995,61918000.0,20295824
2018-03-21,19.712099075317383,23.550249099731445,20.079897697938534,23.84892832432256,19.23612411750748,23.504797686367596,19.277792005246088,23.693096025924998,54912000.0,19071392
2018-03-22,19.517385482788086,23.11521339416504,19.769796976892543,23.465836684231146,19.351514766702998,23.030803261722408,19.393983526726736,23.39441192273367,43078000.0,22094686
2018-03-23,19.430038452148438,22.394489288330078,19.649596105345232,23.050284551495714,19.26416929737841,22.36202324576349,19.502156007567628,23.043791865112386,59070000.0,29385731
2018-03-26,19.850732803344727,22.751604080200195,19.93887532943414,22.82302884784352,19.272190394581525,22.284104579452308,19.845924556789658,22.680179312556866,48713000.0,24926468
2018-03-27,19.58148956298828,22.73212432861328,20.373178033466697,23.089240308276196,19.359527746312786,22.58278211842104,19.87877393599739,22.842505204220974,63917000.0,28835227
2018-03-28,18.96527862548828,22.92041778564453,19.786617147180458,23.251560342159667,18.87873787878794,22.80354163865474,19.558245435094232,22.842500354318002,41744000.0,26349684
2018-03-29,18.882747650146484,23.043787002563477,19.298624111372035,23.160663164750808,18.81143096197939,22.771081178758475,19.078265601594417,23.063267668252724,46874000.0,24804731
2018-04-02,18.244110107421875,22.75809669494629,18.920411348750328,23.206115525547304,18.06461858816056,22.56979835803069,18.746528939465925,22.998339130598968,53088000.0,28323299
2018-04-03,18.973297119140625,23.167160034179688,18.98932358403373,23.206116151295607,18.206449267256104,22.673689777546173,18.498925373900104,22.797056036379626,45569000.0,21347927
2018-04-04,18.990129470825195,23.459341049194336,19.06465117675483,23.52427050640603,18.38995302702584,22.88146078699762,18.434023524584873,22.933404874896823,37720000.0,22010682
2018-04-05,18.935640335083008,23.199623107910156,19.365940150750365,23.374936074831954,18.830668956249067,23.069764164890127,19.29222084311989,23.160666991394034,35798000.0,25781789
2018-04-06,18.339462280273438,22.836013793945312,18.95406322148082,23.290525303502893,18.25051739847057,22.65420814586238,18.728896462397596,23.08924159768954,30248000.0,22288200
2018-04-09,18.809839248657227,23.024311065673828,19.20408034830143,23.32948295326932,18.37072372450797,22.868478779070784,18.42841657475887,22.920422874605134,37494000.0,20457297
2018-04-10,19.211286544799805,23.342470169067383,19.3563225455934,23.439865682221907,19.043814103148325,23.19313055627376,19.196060943721722,23.374936210335502,33244000.0,20667254
2018-04-11,19.2569580078125,23.238576889038086,19.28901093573317,23.420382503350872,18.997335710799526,23.108715363007633,19.080671489351996,23.199618170164023,19922000.0,13879915
2018-04-12,19.185644149780273,23.582712173461914,19.442862341903435,23.699588353479246,18.998938735808668,23.355457720730584,19.345904215209387,23.394413836753248,41036000.0,23817976
2018-04-13,19.787424087524414,23.582712173461914,20.19288479680563,23.699588353479246,19.623957503178328,23.459345918090584,20.032623199859607,23.64115156879547,48312000.0,17774340
2018-04-16,19.982139587402344,23.719064712524414,20.02380747695643,23.848926255247484,19.686458508690805,23.62816189368322,19.959703149055354,23.69958665590827,25172000.0,15932369
2018-04-17,20.17205238342285,23.58920669555664,20.260997289467383,23.88139322003127,20.003779062997005,23.55024797016342,20.103942190403256,23.861912552009812,25084000.0,17675580
2018-04-18,19.999767303466797,23.69309425354004,20.16643885770474,23.75802372035279,19.82908989749154,23.556740023648597,20.11275188556561,23.62166949046135,20511000.0,14652497
2018-04-19,19.460491180419922,23.719064712524414,19.73453823977514,23.82295290244303,19.284204644103948,23.550247056569052,19.514980552057015,23.62816189368322,50141000.0,16636652
2018-04-20,19.00054359436035,23.783998489379883,19.35952818860973,23.88788668672482,18.831467889050696,23.680107681385163,19.32907851379044,23.699588350043452,41530000.0,22371993
2018-04-23,18.706464767456055,23.894376754760742,19.096701441495007,23.95281353303347,18.599891666551983,23.764515216982847,19.070257618293486,23.809966624672636,31337000.0,25381058
2018-04-24,18.301002502441406,24.06319808959961,18.920410213726207,24.199552333551814,18.16478061330195,23.874899744710834,18.8899605430542,23.965802574012304,44889000.0,27106350
2018-04-25,18.349876403808594,23.816463470458984,18.51815117711818,24.05021323503311,18.098267400885238,23.706082579922573,18.349876403808594,23.972295776625085,34023000.0,27730213
2018-04-26,18.46367073059082,23.926841735839844,18.580661193991926,24.089169321271648,18.293794146359513,23.861912268056916,18.510146875674355,23.89437830727321,32751000.0,20405651
2018-04-27,18.652780532836914,24.02423858642578,18.766566019115704,24.095663354566216,18.486108920730985,23.829447561533403,18.716084016512735,23.881394271444524,27211000.0,14425149
2018-04-30,18.38353729248047,23.771011352539062,18.760151588572107,24.141115353067914,18.295394789274912,23.63465710967844,18.63674963869574,24.108649311248755,39682000.0,28295789
2018-05-01,18.460460662841797,22.985353469848633,18.498121170450293,23.40740155110448,18.13833578050759,22.491883232720127,18.498121170450293,23.102227037876528,44947000.0,51278154
2018-05-02,18.329055786132812,22.65420913696289,18.705668684053553,22.965876348833024,18.173602379995547,22.55681362275032,18.69445046003822,22.836014792999645,52950000.0,29550260
2018-05-03,18.049394607543945,22.569793701171875,18.260138211333395,22.647711138525572,17.843459249414174,22.349031979751807,18.148756866548062,22.608752419848724,58011000.0,23517902
2018-05-04,18.4716796875,22.621740341186523,18.597484220515838,22.71913584354137,17.787365263027834,22.316568463314557,17.92118302805565,22.43993731793381,51303000.0,19795912
2018-05-07,18.908395767211914,22.6801815032959,18.982917468583818,22.81004306841394,18.510147356699424,22.537337175511112,18.534185530558144,22.58928127942832,36953000.0,21580018
2018-05-08,19.139169692993164,22.7126407623291,19.147983791036033,22.784065515534945,18.81624388281774,22.53733044297245,18.889963183147156,22.667189358647914,40149000.0,28269650
2018-05-09,19.075061798095703,22.836013793945312,19.161602561127577,22.991846087737933,18.754540170502164,22.6412227740421,18.894767904959437,22.738618283993706,35031000.0,20430209
2018-05-10,19.51258087158203,22.97369956970215,19.53020907071647,23.15072389662703,19.119941545603506,22.87535330721817,19.20968732791443,22.947475305644716,25747000.0,30906653
2018-05-11,19.502159118652344,23.27529525756836,19.591906409105654,23.314634291199084,19.35952724271402,22.993371228172702,19.47812094858968,23.032707625669026,24052000.0,21619964
2018-05-14,19.612735748291016,23.511322021484375,19.906012675505576,23.55066104708086,19.535809951082406,23.268734439128874,19.73453441774879,23.28184656894975,27580000.0,21485052
2018-05-15,19.357925415039062,23.399866104125977,19.587098064450544,23.45887333065307,19.1111230421874,23.262180818140006,19.41642063872576,23.281849014937656,24984000.0,19345643
2018-05-16,19.272186279296875,23.393312454223633,19.408408185112307,23.524439052016962,19.150387581698524,23.321190452916333,19.40279907478522,23.42609278560476,29330000.0,21870711
2018-05-17,19.187246322631836,23.412979125976562,19.364335250316415,23.458874223051115,19.071056740862605,23.235954803526976,19.080673231463905,23.360527963053396,22825000.0,13021432
2018-05-18,18.909990310668945,23.367082595825195,19.280993860020274,23.43920458800529,18.90117468739078,23.229397313045627,19.220094531805675,23.347414399485576,25262000.0,15734639
2018-05-21,19.155195236206055,23.471982955932617,19.27138329152448,23.517878046361417,18.96448396260155,23.288405230351277,19.18804750398824,23.412975735705263,25720000.0,17802903
2018-05-22,19.110326766967773,23.419525146484375,19.34110120133536,23.662112659501258,19.037406789762642,23.399856957374805,19.250554553192565,23.471976286909666,19218000.0,14477322
2018-05-23,19.27618980407715,23.58344841003418,19.281798913726938,23.62278480683964,18.913199406244946,23.360528980798144,18.92922434212452,23.393311947603713,23454000.0,20358642
2018-05-24,19.514184951782227,23.530994415283203,19.580693426365592,23.662123645293335,19.23132371855671,23.452318986184586,19.300236316462982,23.57688951398003,22799000.0,17523066
2018-05-25,20.0350284576416,23.393312454223633,20.08711370885527,23.550665953256274,19.55504603273472,23.301522254087658,19.55504603273472,23.485102654359608,32214000.0,15005376
2018-05-29,20.007781982421875,23.406421661376953,20.121567437424428,23.426089857747442,19.91002299226313,23.157277993346998,19.923645334543586,23.19006095676523,28281000.0,28179639
2018-05-30,19.98454475402832,23.635894775390625,20.195286806889,23.767021343715708,19.9789356441485,23.5375485310799,20.12717662359628,23.570328855094264,26844000.0,29093773
2018-05-31,20.198495864868164,23.557218551635742,20.456514951815706,23.73424285957143,19.952494335559933,23.53099165425734,19.973329048231825,23.570330682257936,34698000.0,30926468
2018-06-01,20.540651321411133,23.767019271850586,20.649628535773747,23.786690100678236,20.236154590313372,23.67522910034445,20.382793845772763,23.773577972215527,26360000.0,22345011
2018-06-04,20.703319549560547,23.898149490356445,20.782649499409313,23.9702714722633,20.531839697655492,23.75390816267644,20.673670735436357,23.871925232305735,25886000.0,19015319
2018-06-05,20.774629592895508,23.891599655151367,20.94210200967237,24.02272888799562,20.676870611053694,23.826033720662043,20.790654528008172,23.937494754840134,42374000.0,21476093
2018-06-06,21.11598777770996,23.852264404296875,21.136822489240174,23.97683759067452,20.81069169993014,23.72769121791923,20.89322509615542,23.86537653882037,37465000.0,19368093
2018-06-07,21.208938598632812,23.924379348754883,21.353173726363856,23.989942638138608,21.067908458216355,23.845701292587197,21.074318432845523,23.924379348754886,46077000.0,17083337
2018-06-08,20.671266555786133,24.04239273071289,20.828321656863892,24.068619626983764,20.332314259304823,23.89815139155786,20.572705156814717,23.950602547965698,73694000.0,16453783
2018-06-11,20.90043830871582,23.7998046875,20.978164990962355,24.127626385864602,20.539049585184255,23.786692557682898,20.66245001629533,24.127626385864602,31859000.0,19505640
2018-06-12,20.948514938354492,23.7998046875,20.972554636965636,23.865367972719376,20.705719943016742,23.701458441604007,20.860372433516094,23.858811907810825,27594000.0,16371887
2018-06-13,21.120800018310547,23.747358322143555,21.320325431700788,23.937494787379148,20.890824925024987,23.734246189681624,20.974963123484912,23.845704587876835,34868000.0,16029232
2018-06-14,21.5118350982666,23.708019256591797,21.560713836358474,23.85881668810346,21.162465449399434,23.635899892014212,21.23458302344662,23.747358290058834,37042000.0,19959387
2018-06-15,21.653663635253906,23.839149475097656,21.78026904352931,23.85881767457719,21.341153674170137,23.622786100150307,21.638438034649834,23.727688436310142,60969000.0,49156979
2018-06-18,21.19451904296875,23.708019256591797,21.555105396051104,23.747358290058834,21.17288346440811,23.426092592234795,21.555105396051104,23.68835105792547,30191000.0,24143451
2018-06-19,21.19045639038086,23.747358322143555,21.20507456266736,23.839148521645868,20.638263373563618,23.517882823387772,20.788492276359168,23.530994955849707,36221000.0,18484630
2018-06-20,21.212379455566406,23.904706954956055,21.439754115696736,23.98338500598372,21.173400765388273,23.740797424137916,21.235116766693125,23.793248579445073,24951000.0,21354251
2018-06-21,21.084888458251953,23.7998046875,21.322007022968677,23.83914371308517,20.986630125830505,23.701458441604007,21.2416148275368,23.780136492774346,18186000.0,16893090
2018-06-22,21.089763641357422,23.937496185302734,21.235119822856756,24.02273032355166,21.02885923558082,23.865374180281474,21.20913454195258,23.924384052075066,52412000.0,27018447
2018-06-25,20.497774124145508,23.852264404296875,20.822593934066923,23.90471557852567,20.336175048979968,23.694910881610486,20.822593934066923,23.812925364591578,29705000.0,20424517
2018-06-26,20.426315307617188,23.852264404296875,20.6756156860666,23.989949725198016,20.345923110676154,23.79981323006808,20.5448745922012,23.86537653882037,24233000.0,25435023
2018-06-27,20.066577911376953,23.740800857543945,20.720278735027403,23.963717640804237,20.0454638078352,23.72113266000953,20.470978356229754,23.79980808628142,24720000.0,29396165
2018-06-28,19.88711166381836,23.839149475097656,20.08362830729922,23.92438361177796,19.673542038380624,23.675237268230227,19.999175001742408,23.675237268230227,33238000.0,16506167
2018-06-29,19.703588485717773,23.786693572998047,20.053581967759474,23.98338607318569,19.697904158383402,23.786693572998047,20.053581967759474,23.898151953468656,42794000.0,20974705
2018-07-02,19.655681610107422,23.819477081298828,19.669486629211317,23.845701342653765,19.279702774432025,23.60311374445042,19.496520411508055,23.60311374445042,33369000.0,14556372
2018-07-03,19.431554794311523,23.832592010498047,19.764495335752983,23.9833894393983,19.40800432895263,23.760470011035036,19.7620589738977,23.858816274932348,11591000.0,9608159
2018-07-05,19.927719116210938,24.17352294921875,19.944772101597685,24.199747210450766,19.544431198341176,23.937491417460503,19.63456884934637,23.957159613384515,25299000.0,20391106
2018-07-06,20.11286735534668,24.330875396728516,20.187576785154715,24.4161095143984,19.848138707602732,24.180077992615445,19.887117405862274,24.25875340912049,23112000.0,18955452
2018-07-09,20.09256362915039,24.36365509033203,20.238732953021795,24.56690362356648,19.938273615190212,24.265308855790614,20.22005521093129,24.435774432133407,17955000.0,22329412
2018-07-10,20.346731185913086,24.540679931640625,20.4474258645701,24.586575022821567,20.061701679977922,24.38988252808435,20.166455928449125,24.455445814285458,16413000.0,20253875
2018-07-11,19.7685489654541,24.396442413330078,20.101489406840784,24.527571642399714,19.70114865354488,24.3636620831634,19.891169332519766,24.42266931359773,35761000.0,17795314
2018-07-12,17.051427841186523,24.599693298339844,17.07578990248874,24.62592020105264,16.034741978432102,24.39644468782026,16.815934110715887,24.52757392911513,435083000.0,16974881
2018-07-13,16.440773010253906,24.60624885559082,17.377878648109952,24.645587886563852,16.395298385067214,24.402997634919206,17.256071395093706,24.586578022037198,161678000.0,15227243
2018-07-16,16.504924774169922,24.507904052734375,16.7590963228629,24.61936245033677,16.28404603994085,24.448894184700755,16.3709357165452,24.573467350829716,102277000.0,17888699
2018-07-17,16.915821075439453,24.68492889404297,16.979161835710794,24.76360697069086,16.40423001398002,24.553799645008052,16.420471393420176,24.560358348174304,110827000.0,15740014
2018-07-18,16.953990936279297,24.691478729248047,17.04331698895266,24.73737382302017,16.779399950888696,24.573464280196323,16.82731094387221,24.645586271609968,80834000.0,20803430
2018-07-19,17.083106994628906,24.494789123535156,17.17324465018493,24.652142619612444,16.893899388177115,24.462008792769694,16.91420034101533,24.553796355047343,63247000.0,16596811
2018-07-20,17.079856872558594,24.475120544433594,17.151316775121696,24.475120544433594,16.95236374514287,24.337435248956893,17.061179130941053,24.389886413500257,62893000.0,15532798
2018-07-23,17.598758697509766,24.396442413330078,17.75467193099604,24.593134938867376,17.085542819623385,24.35054731496242,17.08635442402964,24.481676544032055,82211000.0,20853074
2018-07-24,17.64910316467285,24.71770668029785,17.896778789798752,24.750489644713372,17.540289325667953,24.435780040273205,17.686458648618537,24.501343332970084,81158000.0,17804800
2018-07-25,18.349905014038086,24.907840728759766,18.567534260276858,24.960291885089934,17.679151136103894,24.62591411590142,17.679151136103894,24.698036103439094,92271000.0,17171030
2018-07-26,18.123342514038086,25.01930046081543,18.658482531721333,25.15698574218566,17.992601413235896,24.940625040128193,18.39294230824656,24.940625040128193,85069000.0,24840567
2018-07-27,17.950374603271484,25.183208465576172,18.619505231404652,25.229103556563093,17.870794007102187,24.960291711754472,18.1907411493773,24.979959906691484,79443000.0,22111971
2018-07-30,18.28656578063965,25.301225662231445,18.51637685674096,25.360232883453044,17.95037720903566,25.03241118002853,17.9552499336735,25.150428258605626,75275000.0,21981486
2018-07-31,18.00884437561035,26.179790496826172,18.58296468662388,26.219129530040234,17.990166631322918,25.006191383390476,18.40756054802871,25.05208648278449,63860000.0,50837371
2018-08-01,17.605249404907227,26.402708053588867,18.185052295867273,26.435488382161907,17.556526824316453,25.924088895080633,18.129833784227838,25.983096122646288,42669000.0,32734605
2018-08-02,17.56871223449707,26.21756362915039,17.72381386302546,26.59446262919123,17.31697702061346,26.138218290275905,17.399805586794596,26.197727959076925,40312000.0,31879284
2018-08-03,17.68726348876953,26.80605697631836,17.702691709736463,26.885404983340504,17.41035472449787,26.11177121990791,17.519981674785843,26.197731117751744,24832000.0,27368375
2018-08-06,17.61743927001953,27.136661529541016,17.72787790238594,27.25568084378343,17.528926352977567,26.66719084413793,17.591453982791627,26.687029168898405,22638000.0,27479572
2018-08-07,17.89028549194336,27.004425048828125,18.014529124975557,27.27552853116634,17.632865930181143,26.971365593846162,17.801772590565943,27.011036939824518,29798000.0,18928575
2018-08-08,17.821256637573242,27.381319046020508,17.964989589521732,27.53340048658604,17.77984313452689,26.83250295031349,17.90895946487883,26.918460175968423,15801000.0,25837440
2018-08-09,17.587390899658203,27.110212326049805,17.88541236196838,27.35486551095613,17.535418786714597,26.984581118400186,17.877291670918957,27.30857962956411,27563000.0,20121282
2018-08-10,17.234148025512695,27.06392478942871,17.41685970426259,27.315189847940786,17.090415044744578,26.911843376607717,17.28124741464596,26.98457946802387,37017000.0,18194148
2018-08-13,17.140756607055664,26.984580993652344,17.376251924262,27.249069844255306,17.089597664069913,26.984580993652347,17.18704437608773,27.07715275600843,29842000.0,19860627
2018-08-14,16.833805084228516,26.918460845947266,17.18136380910019,27.13666650685436,16.796451148473288,26.806053399814257,17.18136380910019,27.0044207323222,36327000.0,17336824
2018-08-15,16.77533721923828,27.21600914001465,16.856541016700195,27.268909571434808,16.465945608682723,26.878786835128366,16.657589544510092,26.977970491525586,41132000.0,22428488
2018-08-16,16.946678161621094,27.38793182373047,16.960483178513364,27.420993932257662,16.784269022580038,27.156502381201328,16.87197029841209,27.26229793819162,29239000.0,16457472
2018-08-17,16.993776321411133,27.83095359802246,17.14968951739284,27.89707515938948,16.688445860861915,27.420995132101638,16.888210466046946,27.427607022380265,39093000.0,25910693
2018-08-20,16.786706924438477,27.989643096923828,17.053058742312523,28.280582180716223,16.71687022930035,27.83094977628626,17.010832083492176,27.90368587652454,54489000.0,22521029
2018-08-21,17.09447479248047,27.87723731994629,17.169994271286374,28.062380867668256,16.81837751094754,27.764829876792465,16.851671877336884,27.989644763100117,29952000.0,18633244
2018-08-22,16.853290557861328,27.817726135253906,17.19191536150745,27.996255124887327,16.844358265370765,27.645806376443527,17.089597476658014,27.87062390906163,26890000.0,15001687
2018-08-23,16.69493865966797,27.90369415283203,16.978344911300688,27.98303950739467,16.669764994082747,27.744998126544445,16.86871795772558,27.84418181368361,35578000.0,21032148
2018-08-24,16.971853256225586,28.035932540893555,16.993778964237073,28.095442211366194,16.621048123494738,27.771443639581435,16.75666039324988,28.055770870104904,20541000.0,21661703
2018-08-27,17.29423713684082,27.49372100830078,17.407923690955453,28.18139462793114,16.941807270222323,27.31518938564636,17.07335841173693,28.11527308478284,28213000.0,24485896
2018-08-28,17.412797927856445,27.440824508666992,17.537041543898713,27.625968028324014,17.26175587952182,27.321805193790407,17.42903775923925,27.513557943629323,24340000.0,19871694
2018-08-29,17.458271026611328,27.440824508666992,17.524046597333168,27.520172490971465,17.333214268289524,27.22262154519988,17.44365440521349,27.440824508666992,18125000.0,15785020
2018-08-30,17.59307289123535,27.440824508666992,17.616621807945744,27.711927899390503,17.427414223334793,27.242457211485934,17.456647468138264,27.262292877771994,26529000.0,16015425
2018-08-31,17.78634262084961,27.454051971435547,17.809891540968543,27.49372596791335,17.528109908543016,27.169727423602335,17.54272808192387,27.30197053375437,27623000.0,20983559
2018-09-04,17.818822860717773,27.354869842529297,17.88865800672421,27.47389183863283,17.632050088550496,27.255686175066664,17.750609374529223,27.42760594991156,36663000.0,15274779
2018-09-05,17.980422973632812,27.672260284423828,18.011280980470193,27.718546175003183,17.831005663910616,27.282137488932438,17.861052066291702,27.30197315978899,37194000.0,21819908
2018-09-06,17.537853240966797,27.62596893310547,18.094107351997774,27.71192880698724,17.37138296472264,27.40776596249196,17.986916719988237,27.672254814535638,62509000.0,18356780
2018-09-07,18.88667106628418,27.90369415283203,19.11648213828736,28.002877839971195,18.18993186117521,27.41438494988685,18.206173243769367,27.50034485436243,104703000.0,21221658
2018-09-10,19.538745880126953,27.811115264892578,19.566354367785532,28.247521250151774,18.84362998757264,27.804503375246888,19.055574887584537,28.022706367876488,60880000.0,21482206
2018-09-11,18.884227752685547,27.976423263549805,19.464843801360974,28.055771264348802,18.709638375087305,27.738381919733555,19.302434681793024,27.771444029829926,60755000.0,19658786
2018-09-12,18.66822624206543,28.042539596557617,18.746182074030365,28.2938046741311,18.09491918807634,27.956582380063182,18.52286853174286,27.969806158203827,53077000.0,17508205
2018-09-13,19.117294311523438,28.333478927612305,19.425874394539107,28.379764810110327,18.768112319677908,28.055766291204428,18.976809290745003,28.102052173702454,43757000.0,18666129
2018-09-14,19.191997528076172,28.406221389770508,19.25290037159454,28.43266895222065,18.976803144161437,28.102058470108716,19.096175567365425,28.26736371116468,28095000.0,16800655
2018-09-17,19.069381713867188,28.43927574157715,19.513574055654278,28.55168316848089,19.027155050731114,28.260744109428735,19.489211983084594,28.445887630385585,36739000.0,16904263
2018-09-18,19.613447189331055,28.769887924194336,19.750077654757312,28.882295358094616,19.21582750464386,28.32025553001291,19.226463820285794,28.43266296391319,50511000.0,20464991
2018-09-19,19.781984329223633,28.604589462280273,19.839254390728502,28.882302167899468,19.61671728824825,28.426057776925774,19.67398891024526,28.710385031904817,31160000.0,23783088
2018-09-20,20.03888511657715,28.928586959838867,20.12969953164452,29.01454685385184,19.77626048948631,28.664098045853756,19.8801643147122,28.677321826907804,39986000.0,18419809
2018-09-21,20.298234939575195,29.133562088012695,20.353051909593642,29.226133851037655,20.059336067619377,28.836011131966853,20.15342282386289,28.948418561962782,135321000.0,37092579
2018-09-24,20.408687591552734,29.047597885131836,20.46186761196144,29.39804655945453,20.23360502604917,28.981473687922396,20.294147449588497,29.054209773136815,45326000.0,18089591
2018-09-25,20.261417388916016,28.955028533935547,20.400502492361603,29.285641571624414,20.110060575325626,28.935192868277827,20.370232065938808,29.17984337904315,47037000.0,15318520
2018-09-26,20.07979393005371,28.88229751586914,20.294149428624376,29.298870495072514,20.02825086114345,28.85584995701334,20.0969749530238,28.988095727033848,33428000.0,18384817
2018-09-27,20.16324234008789,29.027769088745117,20.280237127052526,29.21291264796346,20.037246633709444,28.88229952915652,20.101062965094325,28.955035638241164,29572000.0,14887434
2018-09-28,20.18614959716797,29.140178680419922,20.205785270653912,29.18646456940325,19.950523075828873,28.915361125560818,20.08879048814882,29.047606902453268,26739000.0,15454591
2018-10-01,20.413602828979492,29.272424697875977,20.628776067151716,29.437729926414555,20.263063644182875,29.034383360945572,20.280244670467077,29.1137287008686,27709000.0,16872537
2018-10-02,20.298234939575195,29.23935890197754,20.593586177375563,29.351766336867215,20.28350857467927,29.17984658131328,20.383322337298544,29.23274701269936,24888000.0,18167693
2018-10-03,20.406230926513672,29.629484176635742,20.562497059294273,29.64931984616976,20.211512704358835,29.279035404804176,20.356324824071503,29.279035404804176,19607000.0,23957631
2018-10-04,20.303964614868164,29.556745529174805,20.431595728230054,29.61625519123933,20.14279071724783,29.28564477595627,20.180425112593767,29.44433809432178,25660000.0,18960406
2018-10-05,19.981618881225586,29.695600509643555,20.45777981772358,29.755110166357287,19.831897410229796,29.49062132619619,20.321968578552863,29.56335476027296,33860000.0,18112568
2018-10-08,19.747623443603516,29.940258026123047,20.078973708444572,29.966705584684913,19.666627648493336,29.556747158332175,19.906344241851176,29.589809265114983,33397000.0,24679621
2018-10-09,20.020065307617188,30.065900802612305,20.104335009897124,30.290718429701673,19.665808599851143,29.61626820701506,19.68380731741895,29.748514026395956,24675000.0,21486844
2018-10-10,18.96710777282715,29.43111228942871,20.050334222918664,30.237805262847562,18.95156215145358,29.411273964386194,19.87525014071915,30.052661741544828,56327000.0,33746234
2018-10-11,18.72739601135254,28.307035446166992,19.275554905671576,29.417891468877794,18.58749317409381,28.03593200128192,18.978568208341517,29.331934239218725,37424000.0,44299198
2018-10-12,19.058746337890625,28.94841766357422,19.281281936635665,29.06743697886681,18.7445770568748,28.194619804787358,19.20683083769084,28.280579676154304,32589000.0,30417070
2018-10-15,19.01947593688965,28.512014389038086,19.253467123088605,28.902137168691436,18.82066605670452,28.419442611637567,18.901663425906015,28.862463170008265,30099000.0,24002742
2018-10-16,19.49808692932129,29.047597885131836,19.534084361642556,29.08065732515674,19.159372750808863,28.45910794973075,19.308276469793064,28.66408711220442,30355000.0,22353654
2018-10-17,19.40399742126465,29.470794677734375,19.614262798597803,29.622876139683967,19.13810050313214,28.928587736982486,19.614262798597803,28.941814176972684,20262000.0,23154167
2018-10-18,18.655397415161133,29.093896865844727,19.375366454550296,29.42451002508573,18.53349331286637,28.90214139299981,19.26164401367377,29.318711793607036,37442000.0,22498368
2018-10-19,18.676664352416992,29.424509048461914,18.906563837757012,29.642712077998407,18.566215848949174,29.080669460085264,18.817386400874433,29.12695535401436,32231000.0,19564875
2018-10-22,18.70448875427246,29.338542938232422,19.01620339303762,29.43111470648633,18.65703729530007,29.107113517597647,18.86320957757553,29.384828822359374,25619000.0,18026878
2018-10-23,18.739665985107422,29.160011291503906,18.7797550312772,29.305480833250645,17.902700642716542,28.88891053468248,18.229141579162707,29.021153639121067,35990000.0,23073114
2018-10-24,17.893695831298828,28.08881950378418,18.52366948584338,29.285637635440374,17.82251711951454,28.00947419323781,18.522850227656313,28.968248417515866,37810000.0,36927206
2018-10-25,18.18250846862793,28.70376968383789,18.2765952317971,29.054218462976472,17.929700911080264,27.54662513095976,17.98942563346551,28.029319685490858,35193000.0,38600642
2018-10-26,17.43881607055664,28.168176651000977,17.781618857255616,28.61780908586725,17.11564740256998,27.89046132715098,17.636806698426803,28.46572764430574,53324000.0,30295333
2018-10-29,17.303821563720703,28.584749221801758,17.89206958038244,28.88230023846119,17.036287571067522,28.141728641981217,17.68753267877701,28.39960831661733,28636000.0,31847559
2018-10-30,18.081876754760742,28.35992431640625,18.12687511443748,28.49217005226355,17.262911602219926,27.625964869054954,17.490356494701672,27.738372282314756,29697000.0,35424202
2018-10-31,18.284774780273438,28.47233772277832,18.46312966835542,28.869072355278647,18.13914341226319,28.24091095954005,18.408314261127956,28.439278275790212,28146000.0,28193235
2018-11-01,18.807573318481445,28.875686645507812,19.163467003868288,28.98148220182675,18.303593591561903,28.492178418496813,18.421407642202446,28.564911866498356,36830000.0,24278152
2018-11-02,18.062236785888672,28.38637924194336,18.487673735642456,28.988095768316256,17.815156275896136,28.088828252908844,18.435312985130633,28.935197991948822,40241000.0,24223028
2018-11-05,18.006607055664062,28.77650260925293,18.089239807082492,28.84262682503778,17.484628606502376,28.320258281524197,17.919064995312006,28.320258281524197,27609000.0,21628396
2018-11-06,18.67421531677246,28.43927574157715,18.748666406736575,28.822783902527586,17.97633504949996,28.2276820068064,18.023788061336443,28.816172013719147,29464000.0,22194183
2018-11-07,19.177379608154297,29.358379364013672,19.250193756148118,29.464174913725582,18.75276019249654,28.62441974698431,18.98020511863176,28.683929411374702,29004000.0,36794929
2018-11-08,19.655994415283203,29.218454360961914,19.849894983555245,29.45166969156922,19.039111404842455,28.965250293058094,19.039111404842455,29.22511727339408,29796000.0,25696520
2018-11-09,19.552902221679688,29.504976272583008,19.555356875776695,29.724863103719557,19.025196845094133,29.1318317359921,19.22646131563559,29.1318317359921,33611000.0,26042654
2018-11-12,18.29622459411621,29.391700744628906,18.970377328152598,29.684884992388035,18.022144499887684,29.25177153377616,18.899198616730484,29.504978303374372,50306000.0,21853847
2018-11-13,18.3944034576416,28.99856185913086,18.802659362578403,29.624910391292975,18.189048958497562,28.885287001294817,18.44840116071678,29.538287180432,26697000.0,20159015
2018-11-14,18.506494522094727,28.59210205078125,18.860751240960052,29.21845056631181,18.45904151189291,28.45883846125248,18.55231057587898,29.158481683114267,25411000.0,28398871
2018-11-15,19.33609390258789,28.79199981689453,19.579082813983963,28.91194026114716,18.478675258529808,28.2189599580072,18.508127987034744,28.452172576822605,36694000.0,25936305
2018-11-16,19.43999481201172,28.991901397705078,19.57008053774692,29.17181074637625,18.952380105681414,28.592105226521344,19.129917269099924,28.718708597641097,36005000.0,24604576
2018-11-19,18.746212005615234,29.438339233398438,19.723897927205257,29.498310799499407,18.697941295135596,28.99190001821265,19.351640911861516,29.06519740829335,35326000.0,23671575
2018-11-20,18.630033493041992,29.005224227905273,18.74212053047064,29.57826677629406,18.21032349712384,28.918603697761807,18.32159127612054,29.32506273929081,32123000.0,22968557
2018-11-21,18.817386627197266,28.71870994567871,19.08819285333859,28.985239845946534,18.613667513855034,28.498820433748453,18.835385342254483,28.985239845946534,19926000.0,19665848
2018-11-23,18.809206008911133,28.745349884033203,19.037468553516625,29.018545264705175,18.619395550509967,28.51880023088597,18.619395550509967,28.61874923764981,8066000.0,8844009
2018-11-26,19.2518253326416,28.878620147705078,19.484179503748198,28.97856916841084,18.944202379622855,28.572110174753487,19.162647883540682,28.865294326036476,28714000.0,20147948
2018-11-27,19.29436683654785,29.36504364013672,19.5021760018223,29.41834961355014,19.01537894757897,28.63208315683209,19.11028339234086,28.785338165282692,30406000.0,19765873
2018-11-28,19.244468688964844,29.91810417175293,19.47191363803875,29.931429999511575,18.94993659319219,29.385041591341768,19.349191801425743,29.511644992339452,31080000.0,19892669
2018-11-29,19.2902774810791,30.324554443359375,19.52345091132297,30.537778341250792,19.043196944095754,29.784829107612655,19.166737992833543,29.824809258241316,17920000.0,26065315
2018-11-30,19.42363166809082,30.804306030273438,19.494810385745822,30.824294762884524,19.094737710904912,30.1712946693456,19.259185469743823,30.217937724533783,40083000.0,45054495
2018-12-03,19.804901123046875,30.64440155029297,20.211520300266596,30.90426858350273,19.755811139599068,30.491146495882248,20.060981117444218,30.897605669714892,35241000.0,26771178
2018-12-04,18.984291076660156,30.07801055908203,19.727987325949446,30.964225987493,18.946656686394324,30.058021825141743,19.675625010347588,30.804308078683217,36455000.0,28703898
2018-12-06,18.591583251953125,29.971393585205078,18.592400949974124,29.978056495399255,17.803706240843297,29.065189575080264,18.509768195573564,29.704863781961123,57859000.0,32188528
2018-12-07,18.69957160949707,29.265092849731445,19.49480916219938,29.944744639760007,18.367403761124173,29.10517225998745,19.148734210765337,29.864787023983865,78396000.0,27963885
2018-12-10,19.574174880981445,29.58493423461914,19.661716935261616,29.691546195100134,18.53185501142836,28.698718629363388,18.649669054709776,29.411690468611617,43344000.0,26187895
2018-12-11,20.195152282714844,29.32506561279297,20.48150421102549,29.65822998006267,19.91534505981362,29.031881398251024,19.9186189730108,29.37170867779265,57730000.0,23904931
2018-12-12,20.861122131347656,29.425012588500977,21.287376859767857,29.88477761483967,20.617315487461102,29.418349676696995,20.653312925079433,29.551615950064626,68703000.0,20180938
2018-12-13,21.13274383544922,29.698211669921875,21.394550711102195,29.918098502661216,20.828393264478027,29.458333420235828,21.145834803428695,29.62491427294453,54355000.0,23613921
2018-12-14,20.848846435546875,29.185134887695312,21.401914469417942,29.39836146469905,20.83248311585134,28.938593751078542,20.892207828297195,29.37170713791256,42727000.0,33024982
2018-12-17,20.791576385498047,28.725370407104492,21.37982415250914,29.29841299265187,20.70567129779989,28.638747192248054,20.780122373804957,28.985237372577693,56238000.0,38651866
2018-12-18,20.641935348510742,28.252277374267578,21.13138326105639,28.985237899658006,20.570834444516407,28.012399140585607,21.089217561271422,28.965249163141245,51849000.0,31125779
2018-12-19,20.164064407348633,27.965757369995117,21.159494443236095,28.645411950352543,20.05079779973843,27.692564562813825,20.58654300330082,28.53879999247222,59728000.0,36937957
2018-12-20,19.998703002929688,27.952430725097656,20.545197990012984,28.258940764786715,19.71429474624487,27.672575013644966,20.206223023749473,27.79251279296809,75365000.0,34494680
2018-12-21,20.248390197753906,27.939109802246094,20.81307364784743,28.56545581608225,19.998706029654475,27.61927388187402,19.998706029654475,27.745874595693376,102138000.0,61928192
2018-12-24,19.32985496520996,27.019569396972656,20.148357512130076,27.95909083791959,19.305879223708487,26.99958066211896,20.007806744944812,27.859141805459192,28494000.0,19778205
2018-12-26,20.515438079833984,28.112348556518555,20.545202750004776,28.119014147875927,19.30504968554094,26.932951467078837,19.658906276956806,27.09286939863552,36741000.0,25437131
2018-12-27,20.739486694335938,28.5521240234375,20.770903985081976,28.5521240234375,20.019372680967443,27.492664744586726,20.255827887422555,27.85914366166066,37507000.0,28894672
2018-12-28,20.96602439880371,28.625423431396484,21.335590380893517,29.011893790984637,20.765119602914513,28.525474385233778,20.91724503857985,28.66540358568083,28702000.0,25480977
2018-12-31,21.02307891845703,29.08518409729004,21.371976121733056,29.138490068553455,20.747764726703114,28.71870520996707,21.31658307287666,28.7919999157933,26590000.0,20534028
2019-01-02,20.959415435791016,28.818655014038086,21.057800492777034,28.98523584381783,20.379024023325808,28.41219328849427,20.5741415080348,28.732031803750388,30346000.0,26430315
2019-01-03,19.095050811767578,28.01239585876465,20.383155360589477,28.878622563404974,19.042964609760347,27.952426977143915,20.21945519273696,28.811990770392587,68580000.0,28503533
2019-01-04,19.282730102539062,28.65207290649414,19.54895009202716,28.88528822286879,19.153754046715193,28.158990625642662,19.37036834609763,28.278931079390816,54248000.0,27145348
2019-01-07,19.675439834594727,28.805322647094727,19.862289403358364,29.06519224309438,19.078512791902902,28.558784230897896,19.317448556484404,28.698710716010794,53433000.0,20995469
2019-01-08,19.517528533935547,28.938596725463867,19.999534826132333,29.118506082250068,19.2943006116991,28.752024456070234,19.85154252583107,29.02521994755325,36795000.0,19677231
2019-01-09,20.361663818359375,28.878620147705078,20.394733752947015,29.098506921619503,19.664697324659876,28.785334037833614,19.711822493951615,28.95858043590794,52971000.0,20107580
2019-01-10,20.62952995300293,28.192304611206055,20.716340278057338,28.80532459596123,20.20291831162929,28.00573237963855,20.302955975585718,28.79866168470465,29594000.0,39731162
2019-01-11,20.716341018676758,28.57211685180664,20.91063215240393,28.57211685180664,20.612994939364178,28.085697456274477,20.62209070635446,28.20563523751155,20158000.0,21064506
2019-01-14,20.741140365600586,28.23229217529297,20.799841797006135,28.40553595076773,20.330236653504556,28.099025877860953,20.51295303910826,28.352229967614228,25498000.0,17605173
2019-01-15,21.205791473388672,28.472169876098633,21.679529921827683,28.811997186418694,20.835399117071276,28.272271773451116,20.897405826182514,28.385546650525654,39247000.0,25865371
2019-01-16,20.809772491455078,28.059038162231445,21.276897343884592,28.512140236528715,20.781662021912172,28.0057321934374,21.264494738535387,28.378876654091496,24484000.0,30169380
2019-01-17,21.109880447387695,28.29891586303711,21.27688740332431,28.425519211128474,20.563385483791553,27.872468120194068,20.674173103844495,27.952425732429273,35154000.0,24177284
2019-01-18,21.56378173828125,28.338899612426758,21.65637942855334,28.57211492588577,21.24795612158654,28.15899027360179,21.424057311398442,28.558789102001278,34634000.0,38618455
2019-01-22,21.3546085357666,28.165658950805664,21.451339373366707,28.445517384241032,21.07433337412891,27.93910918201224,21.330631222294215,28.25894509528412,37156000.0,29444122
2019-01-23,21.290950775146484,28.09235382080078,21.571224401313653,28.11900814324981,20.970990392160104,27.6858948268964,21.45795779496194,27.979078978357574,31771000.0,24462813
2019-01-24,21.789487838745117,27.286104202270508,22.054053559856218,27.845818294711652,21.495985340445998,27.066214705139085,21.586102506983536,27.839155382540422,35999000.0,34394023
2019-01-25,22.152437210083008,27.079532623291016,22.183026612189746,27.485991539622123,21.57121806988859,26.992909440733367,21.923421966802387,27.38604253793103,30333000.0,35862455
2019-01-28,22.1259822845459,26.339914321899414,22.227675738614252,27.006240229422364,21.384371322196472,26.3065970888398,21.624961306384236,26.986251497043966,31320000.0,39329694
2019-01-29,22.01850700378418,27.16616439819336,22.12433362631729,27.21947037593931,21.812641115178295,26.299940250499517,22.103664721378436,26.31992898749316,27870000.0,51376808
2019-01-30,22.390554428100586,27.705888748168945,22.632797093733764,27.819166290922396,22.105318167816957,27.139511750786223,22.322758777381246,27.16616339913094,28727000.0,36067880
2019-01-31,22.178075790405273,28.532630920410156,22.405436916542612,28.646895087846868,22.020989261991488,27.793268978919365,22.369058568663505,27.81343228993957,21063000.0,40927452
2019-02-01,22.05901527404785,28.8216552734375,22.289683184082893,28.982969872889,21.90027615192353,28.599845334508995,22.252480106793747,28.814931467110995,22878000.0,27239681
2019-02-04,22.498031616210938,28.525915145874023,22.499685822367162,28.794772855509592,21.905239191986634,28.203283191816396,22.116064533878184,28.794772855509592,20761000.0,19426485
2019-02-05,22.322751998901367,28.304101943969727,22.70554531478693,28.720834724514468,22.315310438178535,28.270496423155773,22.484797936574235,28.519190789652207,22619000.0,21127641
2019-02-06,22.836179733276367,28.45197105407715,23.149524847771538,28.478858170114883,22.55011719257592,28.08901255378086,22.59310920513968,28.176392302785587,27064000.0,16450410
2019-02-07,22.247516632080078,28.02852439880371,22.70058610337139,28.330990314456606,22.01684717034161,27.699171362817445,22.55920748661892,28.304103194123243,28646000.0,24248008
2019-02-08,22.65842628479004,28.38475799560547,22.677442560486078,28.39147909915183,22.07968748281665,27.88736930823059,22.10201059408235,27.914256424910437,23903000.0,27500125
2019-02-11,22.795669555664062,28.015071868896484,22.818818980922565,28.438522913809717,22.593936822350408,27.90080502769499,22.686536100320744,28.41835960785909,18012000.0,27102134
2019-02-12,23.099092483520508,28.142776489257812,23.181769677696405,28.236877316256034,22.906455519944362,27.820147398829857,23.03791208522105,28.03523345911516,19809000.0,30540177
2019-02-13,23.258657455444336,28.02852439880371,23.328105724703615,28.27049767182498,22.981690692964268,27.82015935057546,23.14952401034085,28.176396804400333,19190000.0,24757195
2019-02-14,23.273534774780273,28.210002899169922,23.384322405810703,28.31082487310022,23.062709484689165,27.974753428329095,23.199125477822026,28.02852496759227,16015000.0,19864949
2019-02-15,23.309093475341797,28.499021530151367,23.48767520845267,28.572959072513797,23.049487175986027,28.283935411450358,23.48767520845267,28.485579323356138,17352000.0,19168993
2019-02-19,23.28676986694336,28.633453369140625,23.38350229403519,28.80821287760917,23.16192697319999,28.35787189886161,23.244604166966045,28.3914801202966,15152000.0,24432985
2019-02-20,23.432279586791992,28.364591598510742,23.697673231180573,28.606562109827724,23.338029259466985,28.183111012528908,23.41822593070311,28.586398801382675,16150000.0,27354884
2019-02-21,23.227243423461914,28.324262619018555,23.426494068333316,28.44524787612887,23.061062711821997,28.13606092796328,23.41739987611807,28.243603979282256,13254000.0,19611883
2019-02-22,22.860157012939453,28.875423431396484,23.149526408432124,28.98968758817337,22.708031541068554,28.378034781022258,23.14539325828261,28.43180630788751,27225000.0,24779329
2019-02-25,23.033775329589844,28.95608139038086,23.218144387194943,29.15100420230025,23.02385324783498,28.86198323867316,23.214009660818395,28.92919697631991,19245000.0,25274815
2019-02-26,22.73613929748535,28.91575813293457,22.98499716870918,29.05690672816251,22.6906667665806,28.76788573091486,22.978381921547804,28.87542880465743,27211000.0,16548959
2019-02-27,22.445945739746094,28.855262756347656,22.744409319691727,29.050185590719167,22.28803291543255,28.7746068023801,22.58897701618072,28.88887098028937,29146000.0,16475074
2019-02-28,22.76590919494629,29.13756561279297,22.79484598200076,29.426589314797663,22.20949499177273,28.81493368654514,22.32028109737081,28.86870792633204,31460000.0,39002427
2019-03-01,22.55011749267578,29.144277572631836,22.997399692208756,29.433301183950476,22.41618198874427,29.0972271544522,22.96184924126294,29.312315938627904,19035000.0,26667781
2019-03-04,22.72705078125,28.949365615844727,22.8667752439637,29.298881980436434,22.393863012186713,28.82165922055836,22.736144974314385,29.19806000415988,17382000.0,22805820
2019-03-05,22.90232276916504,28.828365325927734,23.185904808972634,29.070338483591932,22.69728319787898,28.801478218412395,22.777479872626134,28.962795458517505,21699000.0,26529812
2019-03-06,22.434368133544922,28.136058807373047,22.895705519902545,28.814925281093817,22.362439347294465,27.974744242552717,22.873382412495413,28.781319769148283,19973000.0,22410359
2019-03-07,21.9515380859375,27.82015037536621,22.350040922900895,28.156221704895582,21.83331044208253,27.726049538299947,22.337638319044583,28.136058398021618,25411000.0,29046132
2019-03-08,21.8424015045166,27.484085083007812,21.889526661610677,27.853764744042117,21.429843493575888,27.11440542197351,21.624960945642687,27.779829892833156,22167000.0,31306119
2019-03-11,22.245038986206055,27.894086837768555,22.368227662552716,27.907529043138965,21.830828317372294,27.423585327357856,21.90027658612006,27.625229217890162,27161000.0,29161545
2019-03-12,22.29216766357422,28.048681259155273,22.32523917406382,28.17639032199152,21.84902014618116,27.80670804180364,22.30291606217698,28.028517950415193,23324000.0,24170539
2019-03-13,22.422794342041016,28.236881256103516,22.57740031732744,28.317539891211474,22.241732108749037,27.927694325679624,22.36492078486132,28.142780415975555,32089000.0,23715316
2019-03-14,22.17394256591797,27.685720443725586,22.50961086678777,28.2839309823694,22.148312615414884,27.645391127160877,22.495555630903073,28.23015946111442,43094000.0,32119596
2019-03-15,24.00027084350586,28.082290649414062,24.76585924122814,28.149504383849795,23.43889570103452,27.463914023127177,23.683618873769184,27.71260835378191,144066000.0,74768652
2019-03-18,24.293771743774414,28.10245704650879,24.553376430272856,28.27721655873382,23.993653991291065,27.99491397859856,23.99530819728609,28.075572630778503,56746000.0,18994345
2019-03-19,24.746013641357422,28.43181037902832,24.88408386222157,28.519190136131552,24.316093540916643,28.06213074108364,24.320228267481422,28.21000043426585,51556000.0,26403227
2019-03-20,24.27638816833496,28.344432830810547,24.94120815683804,28.499026342543605,24.21465966812091,28.08229624156709,24.857792425673484,28.36459884690299,41263000.0,23499035
2019-03-21,24.757688522338867,28.46541976928711,24.972066053648625,28.66033990102142,24.273879313900594,28.142787846168716,24.347284311318166,28.18311717437035,27379000.0,24262553
2019-03-22,24.411518096923828,28.129337310791016,24.727662244348373,28.6468892124387,24.30724883925233,28.11589510620118,24.684286194972486,28.36458940358264,23307000.0,19620105
2019-03-25,24.37064552307129,28.15622901916504,24.53914436895864,28.33098853411299,24.10705284378601,28.008356622860845,24.373981897590447,28.10245748437211,23878000.0,19823316
2019-03-26,24.776878356933594,28.51246452331543,24.98041311447161,28.700666233616552,24.5433162284808,28.317544411925734,24.55499433490344,28.364594839501013,28009000.0,20849279
2019-03-27,24.688459396362305,28.243606567382812,24.914515084726784,28.660336605054404,24.39567144256609,28.17639282977286,24.821923927225768,28.458692689730167,21862000.0,19455048
2019-03-28,24.947044372558594,28.42508888244629,25.29989180926298,28.47886041626844,24.663431873473712,28.270495384895785,24.783550894532574,28.351151334381743,33030000.0,16915541
2019-03-29,25.083847045898438,28.546077728271484,25.24734212655393,28.620015285583634,24.881147575616215,28.357875985107693,25.126389401088122,28.499027292480534,24493000.0,21681834
2019-04-01,25.507598876953125,28.794769287109375,25.58767664038189,28.861985733059658,25.00376971907852,28.599846458343855,25.28404586863594,28.62001247312678,27040000.0,20345046
2019-04-02,25.27904510498047,28.84181785583496,25.637731691359992,29.023298464689276,25.242341795683306,28.72755368859047,25.538466176150873,28.868704972977778,22857000.0,18625129
2019-04-03,25.37496566772461,28.794769287109375,25.641894702881803,28.94936278880365,25.17643628298848,28.599846458343855,25.543464501840894,28.89559125354019,22266000.0,16200402
2019-04-04,25.191450119018555,28.727556228637695,25.525111383365193,28.84854151024162,25.16392224931097,28.566241619000905,25.420842138817967,28.761161749919523,15228000.0,12990972
2019-04-05,25.381641387939453,28.895584106445312,25.39498847766899,29.09050688699822,25.17477183877943,28.828370379614423,25.35828517417982,28.888863004011615,18875000.0,15559043
2019-04-08,25.3983211517334,28.996410369873047,25.466722391219054,29.09051122295845,25.19145163271489,28.841816883373983,25.36995958457971,28.949359943330347,13899000.0,15410323
2019-04-09,25.31240463256836,28.794769287109375,25.367458788354007,28.902312357636298,25.048811959684862,28.62001247312678,25.239833317715576,28.888870149444084,11621000.0,18825072
2019-04-10,25.651071548461914,28.7208251953125,25.672760369054693,28.84853153702346,25.274867881762578,28.66705367735624,25.324918271889317,28.84853153702346,14992000.0,13202615
2019-04-11,25.809560775756836,28.411638259887695,25.874624054247786,28.78804162346044,25.544299122626178,28.22343928059532,25.704457822337943,28.76115451070782,16669000.0,20214877
2019-04-12,26.445188522338867,28.035240173339844,26.479389148279665,28.45869129375153,25.90632501285393,27.947860426987063,25.971389889940312,28.45869129375153,30087000.0,21338546
2019-04-15,26.392635345458984,28.290651321411133,26.486061788842118,28.310814627902516,26.123203608010428,27.87392136730526,26.445186824911733,28.13605786416238,16216000.0,18362788
2019-04-16,26.567808151245117,27.504240036010742,26.693764642731523,28.431803512607537,26.367611360066434,27.443747412046452,26.692930946853963,28.378031991028845,21116000.0,27506976
2019-04-17,26.737140655517578,26.80521583557129,26.771341276685593,27.558020072776827,26.512752378358567,26.475865501947165,26.712947566315826,27.490806325658482,18138000.0,42412117
2019-04-18,26.577816009521484,26.46914291381836,26.897296527910857,26.838822555989857,26.539445317685765,25.823881789168695,26.77968177386749,26.838822555989857,26548000.0,50579774
2019-04-22,26.275850296020508,26.20028305053711,26.516920426444567,26.54979938732341,26.20911804144929,26.086018873845816,26.469374311583774,26.233891274120584,13504000.0,31018904
2019-04-23,26.32923126220703,26.496023178100586,26.53359965417273,26.64389555229576,26.208280163923448,26.133064696892134,26.422657676517684,26.274215968054918,19777000.0,26672102
2019-04-24,26.2199649810791,26.462419509887695,26.443517975917764,26.64390013293933,26.12487115115709,26.321270916952702,26.240818514328577,26.549799269319568,23335000.0,21196994
2019-04-25,26.010595321655273,26.62373924255371,26.10485547074382,26.7716116556244,25.572664689588905,26.327994416412338,26.10485547074382,26.381765957302143,26732000.0,18130065
2019-04-26,25.892974853515625,26.865705490112305,25.938018291678347,26.87915040003638,25.450872656751493,26.516191881975455,25.787871906780108,26.664061568690183,16404000.0,20053193
2019-04-29,26.085662841796875,26.610286712646484,26.248322614043023,26.899310351248754,25.89547678996594,26.610286712646484,25.962209045016216,26.865702134378175,13404000.0,23229001
2019-04-30,26.55946922302246,27.29587173461914,26.561136614953593,27.67899614398565,26.06982080837603,26.75143278012226,26.13571938318096,27.154720494194972,18953000.0,34360400
2019-05-01,26.601171493530273,27.40342140197754,26.959857980804536,27.504243354915396,26.583654335278606,27.000133590226127,26.734636010978015,27.282436139449818,18158000.0,20703406
2019-05-02,26.344253540039062,27.564739227294922,26.875610529797886,27.571463033776396,26.211622716556032,27.27571824338521,26.691260335630815,27.430311742567707,20428000.0,20471210
2019-05-03,26.3350772857666,27.82015037536621,26.413489244382596,27.89408520306463,25.916332861367987,27.578177180409224,26.27168298962476,27.705883528932098,19214000.0,18664759
2019-05-06,25.989734649658203,27.994916915893555,26.019765197815545,28.0755755765364,25.470891101687524,27.450477712791407,25.59101011227206,27.497528147750597,14371000.0,25973406
2019-05-07,25.632720947265625,27.443748474121094,25.827078683550674,28.0352379368713,25.335761342124822,27.22194127683678,25.746165635502535,27.82015184223269,21734000.0,27603838
2019-05-08,25.307401657104492,27.524412155151367,25.66358549362045,27.578183688665526,25.284045444285262,27.181616939939545,25.466725076416825,27.42359019200051,15099000.0,23811968
2019-05-09,25.3632869720459,27.558313369750977,25.51259966176474,27.693933090728315,24.76186137009806,27.2802877614678,25.024620329039276,27.327755481748756,22282000.0,19732461
2019-05-10,25.354948043823242,27.612564086914062,25.475067074740824,27.680373953010413,24.746015930348896,27.036170682473923,25.29405483247581,27.551532208317838,21025000.0,17391527
2019-05-13,24.472408294677734,27.510845184326172,24.664264914368694,27.565093617092487,24.040316836790147,27.22603886745583,24.50911159071836,27.280287300222145,37864000.0,28010788
2019-05-14,25.191450119018555,27.571880340576172,25.408328747577063,27.71428353005279,24.64758138307121,27.504067739989107,24.665098539786065,27.524412610750634,34277000.0,26772759
2019-05-15,25.389144897460938,27.904150009155273,25.6727573777092,27.99908546297588,24.908672027182064,27.599001504644754,25.047141893224353,27.70749838716449,18166000.0,33520678
2019-05-16,24.79856300354004,28.23642921447754,25.283205929519678,28.466987176460755,24.582516480066822,27.904155065891345,25.003765118296972,27.904155065891345,34233000.0,25508486
2019-05-17,24.181293487548828,28.12114906311035,24.48826222200014,28.351704277857582,24.057838082445894,27.971965154435953,24.422363653484663,28.005868729273136,39094000.0,29187684
2019-05-20,22.738201141357422,28.20250701904297,23.35213844463721,28.283881013059627,22.408709978690073,27.99229404870596,23.189477102456262,28.07366804272262,65162000.0,24251591
2019-05-21,22.96676254272461,28.256759643554688,23.337960812852913,28.351695075211,22.91003940967039,28.134701360832402,23.113572550001766,28.28388522108337,25060000.0,28785056
2019-05-22,22.45709991455078,28.473766326904297,22.944245657620886,28.62295024081931,22.436244786914582,28.175398499074277,22.56220288461849,28.27033396488053,31809000.0,25274604
2019-05-23,21.695514678955078,28.426300048828125,22.14595706651434,28.466987068607935,21.535355971358285,28.243209823050897,22.070049374196902,28.37205159794299,46607000.0,25495944
2019-05-24,21.349332809448242,28.44662857055664,22.166803173305894,28.690747845847163,21.332649351160008,28.392380145654585,21.913221289617773,28.52122185883605,27963000.0,15383341
2019-05-28,21.227554321289062,28.412729263305664,21.49865505070464,28.806029721119323,20.861361344519057,28.405945823522504,21.40189222946917,28.58225527570012,61965000.0,49440610
2019-05-29,21.197525024414062,28.290664672851562,21.385208428415815,28.372038675347813,20.985650119972796,27.99229696564876,21.082411348662692,28.277103247923048,28132000.0,26895761
2019-05-30,21.40606117248535,28.412729263305664,21.466119091392713,28.446632829906793,21.197522665888307,28.195732804743756,21.242566105068825,28.263545390871887,17310000.0,17344308
2019-05-31,20.99065399169922,28.15505027770996,21.33265705500454,28.466982225307973,20.937268815124508,28.107585276916897,21.10743665086833,28.270330601883227,22192000.0,22639288
2019-06-03,21.119115829467773,28.426300048828125,21.54870471568431,28.60938754814152,20.953953342840517,28.18896137216576,21.06656275511213,28.22964839194557,28911000.0,22643082
2019-06-04,22.163469314575195,28.636507034301758,22.188494504846968,28.98912325314362,21.334320754042945,28.507665286866178,21.434418333085365,28.80603306638339,36805000.0,18453537
2019-06-05,22.165138244628906,28.8060302734375,22.648112164860937,29.050149589960984,21.888198533956068,28.758562552822852,22.439573686155917,28.887404287766323,23651000.0,21418861
2019-06-06,22.7548828125,28.96200180053711,22.93923137742752,29.219682581435123,22.128433715643567,28.806034462647645,22.27357631052807,29.02303095692759,32687000.0,24494222
2019-06-07,22.92839241027832,29.104402542114258,23.178639584751245,29.328179753025598,22.79576158282016,29.063718255097115,22.92088596556793,29.14508955559481,25963000.0,20023470
2019-06-10,23.37383270263672,29.20612144470215,23.754206462470947,29.321401781424978,23.08271372708751,28.93487920689716,23.083547422999473,29.321401781424978,23280000.0,15275727
2019-06-11,23.646591186523438,28.93486976623535,24.336436088032706,29.362076492200217,23.307090939032616,28.853495758212148,24.231333169133798,29.2942666364894,37105000.0,18813162
2019-06-12,23.333789825439453,29.2128963470459,23.61990499526723,29.27392822406358,23.140265801872868,28.792470280488793,23.49561590744713,28.799250994276733,27057000.0,16296843
2019-06-13,23.490604400634766,28.819591522216797,23.597376302615306,29.253578950996445,23.140259743613854,28.731436803322413,23.483097958375993,29.20611123516583,37735000.0,14464042
2019-06-14,22.18265724182129,28.995901107788086,22.362834171446003,29.070491682079933,21.47696241126494,28.80603022564451,21.530349169945666,28.83315580586344,100797000.0,13197872
2019-06-17,22.18599510192871,29.077280044555664,22.41371975305496,29.09084147372949,21.799782328751405,28.71788308620514,22.09173496990997,28.95521900260089,35785000.0,14094931
2019-06-18,23.19365119934082,29.20612144470215,23.608225502636444,29.38243094412314,22.22686642514267,29.03659538688199,22.367838966766676,29.03659538688199,54920000.0,22833434
2019-06-19,23.146944046020508,29.49769401550293,23.278739600297442,29.558723148120936,22.831633559859053,29.219671199593186,23.254549689904422,29.27391962041612,28920000.0,21753611
2019-06-20,23.277067184448242,29.56551170349121,23.81092521792903,29.911347182024702,23.11941117988358,29.50448255468249,23.56568342806313,29.721476295541525,57291000.0,23500300
2019-06-21,23.074111938476562,29.612979888916016,23.66446039276125,29.836757073336898,23.071585265211027,29.368863289857725,23.294754926254047,29.531608598050948,45399000.0,38141203
2019-06-24,23.512874603271484,29.674009323120117,23.53392807368788,29.768942033573023,23.159170838934863,29.47735773614643,23.202962764162763,29.626541604662233,20506000.0,24624075
2019-06-25,23.286331176757812,29.674009323120117,23.822782575288024,30.033406204893897,23.245065931682653,29.674009323120117,23.509502424519876,29.735038467862296,24436000.0,28429015
2019-06-26,23.70151710510254,29.151865005493164,23.91963505461452,29.70113277212854,23.420238740741556,28.819593696078364,23.460662305759993,29.619758759862957,24774000.0,41009348
2019-06-27,24.06110954284668,29.45023536682129,24.29185919285862,29.538390100202673,23.768041183625087,29.16543175149682,23.826991531022937,29.172212465377978,21813000.0,21994977
2019-06-28,24.24217414855957,29.375638961791992,24.363444820981012,29.64688109556051,23.986160961686455,29.145081103241786,24.24217414855957,29.463790951227622,49265000.0,39726209
2019-07-01,25.294023513793945,29.680789947509766,25.748786154853047,29.755380518313192,24.95547820628684,29.38920292449222,25.406029189774994,29.504480500489723,44832000.0,21341392
2019-07-02,24.871257781982422,29.985939025878906,25.32096535178951,29.985939025878906,24.7508288225665,29.606197271384325,25.170221139738583,29.619758697912584,19011000.0,16541898
2019-07-03,23.992053985595703,30.107990264892578,24.319650862673335,30.21648710462957,23.834571426205834,29.823184015736274,23.891838395539057,30.087648129865247,49411000.0,10297580
2019-07-05,23.804262161254883,29.782508850097656,24.038380246586716,30.07409590006695,23.746153484495974,29.687573404690763,23.887634362672795,30.04697031860936,24565000.0,18295227
2019-07-08,23.155797958374023,29.36208152770996,23.680457663403814,29.748604042413465,23.10779438466297,29.14508777105134,23.580242071507122,29.701136317336488,34291000.0,23955312
2019-07-09,23.203805923461914,29.4095401763916,23.241702815123375,29.701127150951347,22.941054355446028,29.362072465964143,23.028638211451323,29.44344646282904,26131000.0,14223308
2019-07-10,23.117063522338867,29.87744903564453,23.479187383934335,29.911352609766524,23.074954975913716,29.457020178359933,23.400025244187216,29.599423369062933,30134000.0,15298599
2019-07-11,23.248435974121094,29.145090103149414,23.365494985786903,29.53839336341148,22.98652615349212,28.73822541362685,23.17937893161689,29.375648032895146,20712000.0,38383518
2019-07-12,24.034162521362305,28.75178337097168,24.079639424312003,29.15186729755194,23.275384764718936,28.487321900009697,23.275384764718936,29.097618860597258,21971000.0,33580967
2019-07-15,24.282596588134766,28.989118576049805,24.800519579517395,29.00268000207716,24.19248608005544,28.643283127112582,24.515031229770287,28.663625266153616,30334000.0,20363912
2019-07-16,23.92805290222168,29.056930541992188,24.236279724750883,29.138304556989162,23.78151870739004,28.806030509958372,24.16890766268718,29.016243534493704,14617000.0,19553386
2019-07-17,24.008058547973633,28.982343673706055,24.19417462646775,29.28749217927762,23.848892581373864,28.975562959332912,24.04848210953837,29.219682309082838,15453000.0,16341532
2019-07-18,24.40386962890625,29.19932746887207,24.44766155070067,29.199327468872074,23.900261725132054,28.853492068689917,24.10069453859461,29.063707774792253,19357000.0,13728877
2019-07-19,24.42239761352539,29.0026912689209,24.68851751949842,29.301059116208254,24.382815741046215,29.002691268920895,24.576511839441082,29.287497684912612,22047000.0,23552579
2019-07-22,24.940324783325195,29.036596298217773,25.26371172235377,29.172218784608717,24.611044413811413,28.85350607791319,24.675046522746598,29.04337701356776,33905000.0,12552086
2019-07-23,25.33023452758789,29.219667434692383,25.463295274201982,29.31460011405387,25.198017076224435,28.98910963105513,25.222440512959597,29.05691946673104,19692000.0,19586904
2019-07-24,25.58203887939453,29.084049224853516,25.675517754906224,29.158639782191536,25.306653992901452,28.73143312093206,25.365605951973464,29.158639782191536,19006000.0,18117838
2019-07-25,25.29738998413086,28.93486976623535,25.443924173617038,29.15864419860499,25.21401780327134,28.839934332362542,25.443924173617038,29.043366625957766,15741000.0,17514634
2019-07-26,25.342025756835938,29.219667434692383,25.51887843233131,29.273915848525505,25.309182216306297,28.77211597572263,25.3984510462048,28.92808050630061,14996000.0,21062187
2019-07-29,25.41108512878418,28.107574462890625,25.47929888939151,29.158639319620818,25.00853607785514,28.032981180273588,25.36813489107303,28.595810249947203,12068000.0,64559186
2019-07-30,25.227487564086914,26.303817749023438,25.34286318314293,27.287073164165335,25.020318069352967,26.174975992844193,25.18790730807033,27.009050234566768,11164000.0,95739668
2019-07-31,24.421554565429688,26.33772087097168,25.33444658598277,26.900550161564684,24.141959619086112,26.113946388210188,25.267074522635447,26.17497554473938,20819000.0,56309423
2019-08-01,24.02994728088379,26.1802978515625,25.0809514988757,26.433545227548326,23.775617531184107,25.79016193588826,24.349122402708247,26.22136551425741,21911000.0,51624920
2019-08-02,23.45644760131836,26.009178161621094,23.903630188866106,26.378781513374467,23.235803021973364,25.838066161283642,23.754569326350193,26.180290161958542,20080000.0,29153640
2019-08-05,22.541030883789062,25.297353744506836,22.92673647983542,25.892827932627537,22.23954077097268,24.920906158344433,22.902313041995452,25.84491612144642,27765000.0,46030183
2019-08-06,22.438278198242188,25.29050636291504,22.921674143510888,25.536909538664098,22.27995398712724,24.961967877926156,22.74903319342238,25.45477422942427,22199000.0,31985843
2019-08-07,22.742300033569336,25.037261962890625,22.967154646008808,25.174153243632347,22.148583303821752,24.544455553797018,22.23532544605811,25.08517377355169,22244000.0,32017253
2019-08-08,22.820621490478516,25.235754013061523,22.95368222712618,25.290509976388055,22.10647736253477,25.050950916852717,22.770092849121585,25.119395183018177,29163000.0,23356429
2019-08-09,23.220645904541016,24.879833221435547,23.626563269133396,25.208368926734003,22.702722866053463,24.71556261681613,22.702722866053463,25.16730127557915,30735000.0,25391703
2019-08-12,23.213062286376953,24.222763061523438,23.42949518717247,24.85930212771198,22.951995781995286,23.805245083088828,23.022736196647248,24.852457976716916,20040000.0,44212665
2019-08-13,23.891841888427734,24.092721939086914,24.04342782899314,24.510237269569277,22.909049507238166,24.058501175585953,23.184434407348952,24.250145707105325,22340000.0,45549453
2019-08-14,22.869470596313477,23.435640335083008,23.592878242646787,23.94213499966958,22.770096674725654,23.408263732656973,23.47834588673277,23.907911494666546,27108000.0,38633421
2019-08-15,22.62356185913086,23.599912643432617,22.97221226439158,23.668359666309915,22.30438663267982,23.250844385036636,22.906525181980523,23.476712405407095,20010000.0,30713665
2019-08-16,23.056427001953125,23.716266632080078,23.22233129321558,23.962669809718093,22.904839455116505,23.606754720234395,22.91915619954234,23.76417843750887,17458000.0,30012334
2019-08-19,23.47749900817871,24.079030990600586,23.586136304159364,24.174854621827652,23.210537466406365,23.839471912532918,23.538134338357377,23.873695424248595,17489000.0,21997296
2019-08-20,23.611404418945312,23.68889045715332,23.997951686053664,24.065340800608787,23.328441115194295,23.661513851503216,23.425288354214622,24.024273140162816,17920000.0,19932510
2019-08-21,24.21186065673828,23.866846084594727,24.27586436394258,24.037958102038083,23.921318907117087,23.83262258031788,23.971005868793306,23.914757889794135,19381000.0,19208728
2019-08-22,24.22195816040039,24.010578155517578,24.37270398264144,24.11324866581367,23.963418345331025,23.818933691421147,24.286805142645015,23.92844560003921,12294000.0,16933142
2019-08-23,22.917476654052734,23.504087448120117,24.041750155719914,24.19538243802422,22.82652442562126,23.38772863138793,23.916269394671602,24.099558825172068,25742000.0,27765311
2019-08-26,23.346126556396484,23.8463191986084,23.40760358411496,23.860010256276702,23.159168800009247,23.599915936206973,23.32338810358686,23.69573958002816,14249000.0,17468680
2019-08-27,23.207172393798828,23.504087448120117,23.598773040275884,24.017426265563437,23.15159039764615,23.483552244240084,23.508664124280944,23.96267030850085,14298000.0,24715351
2019-08-28,23.248435974121094,24.010578155517578,23.277911149268846,24.058492711504638,22.777673254405677,23.46301861242726,23.10274347623273,23.517774566736293,17202000.0,26047924
2019-08-29,23.86404800415039,24.18169403076172,24.042584039969082,24.496541470484228,23.668668552092285,24.113249772726103,23.70572374656368,24.496541470484228,16429000.0,19610302
2019-08-30,23.802574157714844,24.332279205322266,24.07711577521237,24.448635296378328,23.57182446451923,24.147476088492297,24.031638866550967,24.38019102257555,16720000.0,18873346
2019-09-03,23.079166412353516,24.7224178314209,23.651828181752197,24.831929770009808,22.816414867776995,24.304899781590397,23.58024606293116,24.373346807186802,22210000.0,26624989
2019-09-04,23.834569931030273,24.52392578125,23.94657558347908,24.914061708462444,23.428652644161193,24.4349463014413,23.478339591632857,24.845617436594008,19865000.0,20649441
2019-09-05,24.508296966552734,24.872989654541016,24.73230993741854,24.968816021397416,24.284285601963745,24.564986357538192,24.284285601963745,24.71556593064872,20938000.0,22096794
2019-09-06,24.583248138427734,24.98250389099121,24.70030716321569,25.030415697605694,24.363446833567984,24.715565503294584,24.57819479175691,24.886680277762245,13748000.0,20873416
2019-09-09,24.642192840576172,25.2083740234375,25.02874004037956,25.21521817468538,24.456078414528086,24.729258668349082,24.843467303157883,25.044106137576104,21686000.0,24675616
2019-09-10,24.796310424804688,25.584829330444336,24.797152113746378,25.584829330444336,24.323021022763488,24.65397229236909,24.536085583203857,25.044111005090745,20850000.0,32250397
2019-09-11,25.096961975097656,25.605356216430664,25.161807369836424,25.84491526439213,24.805576937020085,25.256285247107005,24.954637818525235,25.83122696221453,19260000.0,16963181
2019-09-12,25.313396453857422,25.516374588012695,25.46077235989347,25.749089465182752,24.96727108753192,25.365795020895703,25.38497857785296,25.714865960665566,33109000.0,16692303
2019-09-13,24.449344635009766,25.26313018798828,25.0952750721496,25.735401395616183,23.907841457727674,25.05779464102217,25.066641583959356,25.59166871431652,62557000.0,24099605
2019-09-16,24.309551239013672,25.2083740234375,24.445138683024133,25.338421153059485,24.060274724714123,24.879838251714713,24.15291192923689,24.955126667412156,22176000.0,19877070
2019-09-17,24.323862075805664,24.98250389099121,24.36344394290289,25.187839418775994,23.896049588225853,24.87983612709882,24.25564832894997,25.180995268112568,21912000.0,22091945
2019-09-18,24.232070922851562,24.900375366210938,24.48640075135191,25.13309031205129,23.90700066647895,24.818242783892366,24.295232937038513,25.030422520174632,16510000.0,19679550
2019-09-19,24.476293563842773,24.989351272583008,24.58661586105027,25.167307468751932,24.1891202005256,24.872992440348966,24.296074135465773,24.927751156677264,19421000.0,17746409
2019-09-20,24.15928077697754,25.112550735473633,24.511139333991558,25.495845226210403,23.951903800528566,24.968818053418126,24.449096614162034,25.24944201816116,35524000.0,45990658
2019-09-23,24.261266708374023,24.804546356201172,24.40574990250823,25.04410540270132,23.974000808954877,24.79770220515412,24.10488495546607,24.90036997480123,14850000.0,17295191
2019-09-24,23.993547439575195,24.647123336791992,24.553630717295405,25.03726197348711,23.775972419332216,24.626590883058878,24.419347223636823,24.82508227702862,20292000.0,24186560
2019-09-25,23.437713623046875,24.57183074951172,23.560100191798284,24.879834015042405,22.947321156236317,24.434939491952434,23.096053144937233,24.57867489959414,55588000.0,20269685
2019-09-26,23.53460121154785,24.489694595336914,23.683333191570767,24.80454200003185,23.17509291577017,24.34595919267961,23.39436681233453,24.688185948725067,27477000.0,17059728
2019-09-27,23.29918098449707,24.790861129760742,23.90601077384745,24.872993704485726,23.198892660590186,24.448634271155445,23.510806758094777,24.544457901643767,28660000.0,17583671
2019-09-30,23.463211059570312,24.592365264892578,23.518455063996388,24.8524567497171,23.159796183769,24.58552111423542,23.439413941551155,24.83192429774563,19826000.0,17205391
2019-10-01,23.35952377319336,24.25014305114746,23.767475764061007,24.65397003200094,23.23458728046052,24.250143051147464,23.650189039842996,24.592369912474535,19429000.0,22013001
2019-10-02,22.953269958496094,23.750492095947266,23.270282256845444,24.140630767263662,22.804537972887896,23.72311548854036,23.241386914682327,24.133786615411935,19543000.0,22458000
2019-10-03,23.323829650878906,24.26383399963379,23.32977893087923,24.277522303474406,22.71105056873121,23.682048062755506,22.94732290077673,23.757339237820915,17096000.0,22076135
2019-10-04,23.91875648498535,24.592365264892578,23.94170416832911,24.626588770148874,23.389269005594603,24.263829521525974,23.668886754086294,24.291206124154602,25884000.0,18065349
2019-10-07,23.46405601501465,24.52392578125,23.883906477981025,24.81824082863505,23.43175970085902,24.503390573309737,23.798066658501885,24.51708162926026,18658000.0,11759373
2019-10-08,22.97536849975586,24.25014305114746,23.363772156122742,24.55814640075052,22.854682420878827,24.243298899196866,23.29238080212545,24.400722649973694,22757000.0,14761270
2019-10-09,23.215038299560547,24.428104400634766,23.364619708924174,24.564992956986664,23.118998780327086,24.318592454764723,23.260082609138404,24.400725038181605,16329000.0,13634333
2019-10-10,23.325529098510742,24.49654769897461,23.693536654749668,24.647127306515713,23.257537093809205,24.366503300444815,23.3348777357354,24.414415118842946,17340000.0,12198680
2019-10-11,23.87455940246582,24.7155704498291,24.143979056290615,25.037264859187037,23.719878154764483,24.688193841696293,23.7538733386415,24.73610565789977,23697000.0,18446054
2019-10-14,23.938302993774414,24.845611572265625,24.022442331568985,24.879835076107568,23.78702109987408,24.626587752406152,23.832914842019235,24.749787963084508,13312000.0,8700981
2019-10-15,24.674320220947266,24.98250389099121,24.69981782909153,25.146771762824933,23.984200522657993,24.92090378304988,24.021596690391476,24.948280385703576,21230000.0,15178232
2019-10-16,24.517934799194336,24.872989654541016,24.65561926893908,25.153616348416776,24.353053857454444,24.859301352977482,24.56212967408279,25.071483787065024,20046000.0,14435795
2019-10-17,24.598674774169922,24.95512580871582,24.792451042733667,25.19468485400227,24.504335751730547,24.893525697633777,24.659016993072996,24.975661013723602,13125000.0,15312090
2019-10-18,24.369203567504883,24.95512580871582,24.642020971693213,25.11939368892482,24.137180062021212,24.879837395609023,24.604626429459195,24.93459335567869,16981000.0,14219198
2019-10-21,24.610578536987305,24.95512580871582,24.808605258409404,25.105705386900066,24.39725227810352,24.8866815466214,24.514539005633473,25.085172933862935,13031000.0,13237081
2019-10-22,24.431249618530273,24.934595108032227,24.720216031750788,25.119395454265753,24.412552344859048,24.811392125239028,24.612277938513525,24.920906805045487,13046000.0,14549416
2019-10-23,23.82441520690918,25.16730499267578,24.098083650328117,25.174151895521337,23.691830585808773,24.790857430758766,24.048788931685728,24.85245754060401,20957000.0,14000598
2019-10-24,23.993547439575195,24.907215118408203,24.094685182001395,25.21521843962356,23.68673323483851,24.818238399280116,24.042840538977277,25.153618325774644,16896000.0,19998385
2019-10-25,24.631820678710938,25.16730499267578,24.76355424060548,25.242596156241543,24.070886385267748,24.85245754060401,24.07428574143152,24.91405765044925,20869000.0,17497665
2019-10-28,24.778860092163086,25.516374588012695,24.85789960102777,25.65326585411099,24.50434215400545,25.20152715276002,24.7457127137377,25.228906506767856,12999000.0,25800339
2019-10-29,24.490737915039062,26.152915954589844,24.9615836167069,26.529363490547222,24.483088147548735,25.954424585021464,24.840897551886517,26.0091805402158,13272000.0,32212032
2019-10-30,24.667516708374023,26.337717056274414,24.72955941717048,26.570431936763313,24.351353885754506,26.214516841408255,24.64796838382731,26.289805250055245,17281000.0,22019430
2019-10-31,24.889339447021484,26.262428283691406,24.993878156674207,26.40616370035708,24.460140348565908,26.132381168049953,24.630119499385525,26.276116584715627,27881000.0,24539860
2019-11-01,25.207212448120117,26.276121139526367,25.207212448120117,26.652571498711506,24.82475637470228,26.276121139526367,24.901247589385846,26.481456698365196,21234000.0,19263220
2019-11-04,25.921974182128906,26.02971649169922,25.96106921657815,26.515678755364117,25.42053258465889,26.02971649169922,25.45622826233739,26.49514354942332,34075000.0,17709730
2019-11-05,26.690282821655273,25.65326690673828,26.923155771895903,26.0776262714941,25.876928795185023,25.6464227559481,25.92197310737977,26.02971446399226,38711000.0,21688474
2019-11-06,26.615493774414062,25.74225425720215,26.71068225022005,25.824386843816573,26.23728817302879,25.56429527425665,26.522004166500526,25.74225425720215,18076000.0,18757722
2019-11-07,26.49480628967285,25.50728416442871,27.154330113869612,25.97029901588668,26.402167741661376,25.486553275875515,26.82116884510894,25.845908127433443,23981000.0,22727297
2019-11-08,26.636741638183594,25.604034423828125,26.652890609909576,25.680053240640397,25.933024501467337,25.45199956877066,26.335876665848783,25.48655382900961,17830000.0,26626886
2019-11-11,26.580642700195312,25.521100997924805,26.62228765079349,25.576386131805283,26.41831168781887,25.396707362769,26.448909135952018,25.507277630529956,9154000.0,12542916
2019-11-12,26.81691551208496,25.548748016357422,26.890856779870216,25.631677125419966,26.623988668796276,25.362158910250177,26.686880812839963,25.45199831530677,16875000.0,13338370
2019-11-13,26.658838272094727,25.293052673339844,26.83221681226456,25.53492692120031,26.516904997386817,25.085732683335703,26.55769889909572,25.53492692120031,12625000.0,25855252
2019-11-14,26.259384155273438,25.258495330810547,26.503306239566445,25.403619861803612,26.016313125962814,25.09955020978954,26.41066768894146,25.26540840439107,17268000.0,25190600
2019-11-15,26.5942440032959,25.76297378540039,26.60699199548351,25.89427772194626,26.353721293117246,25.237763596349833,26.539849435918562,25.31378239607809,18120000.0,36378810
2019-11-18,26.4378662109375,25.721508026123047,26.63674237567476,25.8735456184154,26.179495624625755,25.541832034573925,26.501607802467166,25.8389913675702,15850000.0,18084532
2019-11-19,27.00135040283203,26.025583267211914,27.678722132685344,26.03940663767145,26.9121112026051,25.79062209076988,26.9121112026051,25.86663812474615,31743000.0,26475110
2019-11-20,26.488855361938477,25.604034423828125,26.92740476522612,26.046318396331774,26.2619317030162,25.57639323849063,26.84836364878228,25.963389283185126,19927000.0,19947582
2019-11-21,26.793119430541992,26.080867767333984,26.831365027151563,26.219079225245878,26.329923480962503,25.597119328942668,26.443810836949677,25.714599901737746,19317000.0,20942664
2019-11-22,26.765073776245117,26.488601684570312,27.15262797009573,26.543886838183465,26.662235543457545,26.046320455665104,26.91125583015651,26.115426203039718,13216000.0,25544006
2019-11-25,27.16452980041504,26.730470657348633,27.212125659690756,26.868684903204375,26.879813805055544,26.57152552496957,26.908709148933124,26.592256411492894,19636000.0,31592385
2019-11-26,26.87981605529785,26.460962295532227,27.212127937752534,26.668282330314387,26.861117159391497,26.295106823419992,27.111837986037028,26.633728064994862,30793000.0,34620633
2019-11-27,27.064237594604492,26.695919036865234,27.191722374547677,26.75120418495235,26.896806729855797,26.488599036896808,27.021743208309076,26.523153296413888,20182000.0,19201034
2019-11-29,26.874713897705078,26.61989974975586,27.008997409363282,26.86868427505327,26.771875652765196,26.61298945440964,26.92910684952829,26.633720340448306,9229000.0,9793873
2019-12-02,26.408119201660156,26.460962295532227,27.02089665391329,26.8134069103754,26.394520152831017,26.433318327563107,27.00304881416972,26.806496613024994,23158000.0,15645998
2019-12-03,26.051156997680664,26.29509925842285,26.26193168701217,26.39875924599136,25.763040059649345,26.1499747201136,25.991664207186165,26.23290104302839,18736000.0,20869832
2019-12-04,26.3231258392334,26.357295989990234,26.463358618470085,26.440222316978584,26.10300088604662,26.18453026174491,26.325675761918724,26.419491429873204,14439000.0,14501248
2019-12-05,26.44805908203125,26.281278610229492,26.55599715678879,26.516242569710148,26.267030793041258,26.115423168660957,26.397065494621955,26.516242569710148,15494000.0,13098058
2019-12-06,26.86111831665039,26.460962295532227,26.885766493894025,26.61990747029405,26.522007705287454,26.412587435511888,26.741283271957293,26.454051998181818,16937000.0,12868708
2019-12-09,26.719181060791016,26.481685638427734,26.95460394501284,26.52315018927733,26.681784893962902,26.32965080435701,26.856865547745187,26.32965080435701,24694000.0,15641571
2019-12-10,26.776975631713867,26.592254638671875,26.849216423187357,26.661363146275875,26.62314379104273,26.391847746606654,26.780374988587575,26.447132885549916,14563000.0,19171311
2019-12-11,27.173025131225586,26.41257667541504,27.31155741426822,26.65445087698072,26.787169813574952,26.398756086344534,26.787169813574952,26.516236650576566,20829000.0,15569372
2019-12-12,27.859745025634766,26.63372230529785,28.060321650751245,26.689007450712865,27.148379823046795,26.378027465790847,27.173875807592687,26.378027465790847,38935000.0,13414469
2019-12-13,26.807567596435547,26.488601684570312,27.1772739452834,26.730475968232415,26.39961565142709,26.308925629969398,27.03194132829589,26.61990566100611,70952000.0,16678496
2019-12-16,27.462839126586914,27.04836082458496,27.84274351928826,27.22803962140627,26.986895222434647,26.716649970007254,27.024291382273642,26.74429393050543,37921000.0,24187824
2019-12-17,27.519784927368164,26.882503509521484,27.617521689988614,27.25567888935753,27.345553731746094,26.841038960969357,27.51468508236047,27.25567888935753,20248000.0,29038016
2019-12-18,27.829147338867188,26.87559700012207,28.148709526693825,27.006900959271043,27.49853602724418,26.702831265147363,27.570776806713297,26.958526108907414,35155000.0,27339390
2019-12-19,27.545276641845703,26.930885314941406,27.983824339184007,27.05527899275464,27.51212927548914,26.82031500926337,27.979577170763907,26.951618983860577,31787000.0,22022276
2019-12-20,27.386457443237305,27.110559463500977,27.684362033363968,27.324789741074724,27.20702924120399,26.930880663879908,27.684362033363968,27.19348578915419,50540000.0,58199772
2019-12-23,27.431961059570312,27.17275619506836,27.67234601459078,27.31096767058776,27.26712767359992,27.04145223690132,27.518672036996733,27.24186193282806,20254000.0,17454345
2019-12-24,27.515233993530273,27.152019500732422,27.530688503617256,27.255679485095204,27.38731590988065,27.08982406582808,27.47230916545015,27.179663459893582,7024000.0,5187683
2019-12-26,27.29888916015625,27.214223861694336,27.621688305389583,27.345525056311633,27.199301074940248,27.08983018521943,27.581337593496844,27.158938709450123,15848000.0,9384078
2019-12-27,27.174406051635742,27.17275619506836,27.41650542106689,27.380076186914376,27.061940841243587,27.124381345066496,27.412213593274487,27.248772228747338,14487000.0,10117662
2019-12-30,26.910850524902344,26.889419555664062,27.243093092513377,27.241864125888636,26.84989542123342,26.875598962712903,27.173554331263997,27.158937789614534,13104000.0,11554264
2019-12-31,27.1306209564209,27.07600212097168,27.159810624699585,27.089822710577536,26.854182058249247,26.751198815268733,26.881654012962112,26.8064867308251,12487000.0,15175703
2020-01-02,27.677492141723633,27.04836082458496,27.68693711056103,27.193485365425232,27.242229398732174,26.868684806330386,27.41393035181519,27.158933888010935,20329000.0,16514072
2020-01-03,26.973520278930664,26.903242111206055,27.472313941844657,27.11747240971999,26.964076946109376,26.723563294022075,27.258544527391155,26.75811755391908,22870000.0,14922848
2020-01-06,26.933162689208984,26.868688583374023,26.950333274038186,26.951617697959513,26.582031925594194,26.744297690062922,26.68676987308896,26.827224026081282,20789000.0,15771951
2020-01-07,26.84044647216797,26.778844833374023,27.178700149277695,27.041449948922146,26.8069649746811,26.73046998746516,27.06451722262553,27.034539653587547,18565000.0,20108107
2020-01-08,26.50562858581543,26.99307632446289,26.913421015217196,27.103646611953174,26.477296953915314,26.77884604512961,26.86963651022487,26.785756340776903,31979000.0,16403507
2020-01-09,26.292715072631836,26.87559700012207,26.870492333376095,27.138202139853078,26.017134219018036,26.806491261845576,26.812972673699736,27.138202139853078,42397000.0,21971895
2020-01-10,25.688325881958008,27.29023551940918,26.231761979390292,27.386985214933816,25.652266997256113,26.930880698274876,26.223176686601953,26.937790993874238,40705000.0,21557357
2020-01-13,25.856592178344727,27.234949111938477,26.081520947023446,27.4837336348021,25.726956390259456,27.096734870666094,25.75700573276088,27.38007364848948,22054000.0,15392405
2020-01-14,26.45755386352539,27.691051483154297,26.540829413151204,27.697961777902805,25.891795603949028,27.158931001854686,25.92699481770466,27.24876761215174,28911000.0,20919160
2020-01-15,26.02486801147461,28.10569190979004,26.43180249706968,28.243906142983256,25.815392044405545,27.76015771609024,26.38286811469321,27.77398108440611,22733000.0,23925800
2020-01-16,26.36054039001465,28.064228057861328,26.430079138930775,28.195531999435698,26.116723293537074,27.86381838726004,26.184545966232506,28.188621704389664,21508000.0,16216422
2020-01-17,26.509920120239258,27.995128631591797,26.522797241427305,28.202448643914664,26.10470344708578,27.932933183608377,26.498759075221745,28.03659318976981,26896000.0,23083970
2020-01-21,26.448102951049805,27.87764549255371,26.57172919048892,28.098786077934122,26.29872247316863,27.773985495835777,26.424924463947356,27.905286676442795,21967000.0,23115696
2020-01-22,26.8687801361084,27.773983001708984,27.293741541109686,27.92601505658021,26.656726815204326,27.621945389704386,26.682482696937917,27.863819619848037,29264000.0,18097812
2020-01-23,27.442262649536133,28.133338928222656,27.455139771023706,28.216268041063408,26.684199083388393,27.732522292337872,27.058508381928927,27.773986848758252,30266000.0,27148510
2020-01-24,27.815711975097656,27.51828384399414,28.466461745334186,28.313012221505232,27.538411779857285,27.393892977573785,28.373741242604325,28.29228133662402,55782000.0,34143698
2020-01-27,26.530527114868164,27.753250122070312,27.462011059691648,27.939839216111068,26.497045613988664,27.124379884476305,27.16410806697851,27.23495017036462,38843000.0,31964026
2020-01-28,27.327220916748047,26.357295989990234,27.406204632104544,27.29023592393527,26.85160746087841,26.225992035955674,26.916854379549395,27.172755339871124,23166000.0,70202408
2020-01-29,27.258541107177734,25.970294952392578,27.93848063472643,26.52314912487835,27.226777322353225,25.949564067083077,27.542708919243164,26.343473116496263,23668000.0,34165726
2020-01-30,27.060230255126953,25.87954330444336,27.087702216012648,25.94935777358069,26.49275422218056,25.614255619792416,26.984680315844354,25.9004887679647,21128000.0,32316589
2020-01-31,26.198274612426758,25.99822425842285,27.006990017111157,26.14482845410581,26.06606309808899,25.760860138881256,26.970932777967256,25.788786485218534,22123000.0,33894005
2020-02-03,26.20429039001465,26.186710357666016,26.32190546415139,26.556719622366963,26.067787016489557,26.040103389813655,26.23862992416924,26.151805941712652,21288000.0,20875735
2020-02-04,26.75116539001465,26.312381744384766,27.006143561862643,26.696350071665147,26.58375624005349,26.270493627038686,26.767477940896068,26.584650296709043,22559000.0,31150865
2020-02-05,27.24738311767578,26.647476196289062,27.45600101255491,26.926728389563273,27.11688926923771,26.4031340358612,27.257684487957917,26.42407668722942,24825000.0,29443490
2020-02-06,27.445697784423828,26.710304260253906,27.462010334086305,26.877856682079585,26.976951872063843,26.549735528462108,27.37272524244846,26.835968576623166,22683000.0,21047748
2020-02-07,27.062801361083984,26.563705444335938,27.34524981549349,26.808047629235723,27.031893977601005,26.479929216573193,27.32808086631102,26.780124091281433,15883000.0,21903596
2020-02-10,26.974374771118164,26.39615249633789,27.008714307542913,26.682385596728736,26.639556512959675,26.333321730163032,26.817267011723153,26.675404712370405,19218000.0,19998385
2020-02-11,27.486045837402344,26.59162712097168,27.540131713252233,26.619553463921164,27.12976515978978,26.361246721174844,27.1847107112322,26.452003827073487,15527000.0,16027335
2020-02-12,27.875810623168945,26.3472843170166,27.909290483635928,26.661440931126798,27.61224555513387,26.333319742404168,27.64744476674486,26.59162647891364,15310000.0,22944315
2020-02-13,27.81313705444336,25.78179931640625,27.941056776046704,26.235579176446166,27.553868733906445,25.753872976875638,27.599367676359986,26.235579176446166,13857000.0,22099745
2020-02-14,27.280864715576172,25.48859214782715,27.9616623191096,25.858598701381712,27.223343409493523,25.42576137589338,27.88783173812991,25.809729699444308,19137000.0,21006747
2020-02-18,26.678192138671875,25.355947494506836,27.04391617932948,25.60029250980714,26.446394104467508,25.321043068714083,27.043058141140726,25.516516274004122,26693000.0,17988513
2020-02-19,27.1022891998291,25.293115615844727,27.200159567259075,25.481610734689365,26.75974373256274,25.279153846137742,26.87134925771666,25.41179627225427,20525000.0,17750941
2020-02-20,26.548555374145508,25.02782440185547,27.10229455690257,25.174431383805864,26.280700095858997,24.720648670230737,26.95377208168498,24.93008641388854,25521000.0,42953135
2020-02-21,26.14162254333496,24.937070846557617,26.56658395261134,25.006885309012002,25.951891312186792,24.80442842040443,26.48502611585057,24.96499719292939,24522000.0,32425256
2020-02-24,25.03414535522461,24.204038619995117,25.652271814775254,24.713671283532392,24.901935423904803,24.155169619096334,25.25735809720949,24.462345394188663,36849000.0,37969296
2020-02-25,24.268352508544922,23.687423706054688,25.388707957213228,24.25290622274113,24.130133045960967,23.533835827362694,25.249628819023815,24.211018109106966,31892000.0,41878898
2020-02-26,24.543073654174805,24.238943099975586,24.742248197056327,24.5810232604895,24.38167407351414,23.75025314645605,24.411721780686218,23.903841016569366,23074000.0,47920005
2020-02-27,23.518877029418945,23.806102752685547,24.49414391471615,24.93008682593277,23.48367781222737,23.806102752685547,24.064030964340397,24.043466842664056,34837000.0,55444827
2020-02-28,23.404691696166992,23.33138084411621,23.534327504802324,23.694405088179114,22.55648496706097,22.71004843185039,22.60713705462813,23.380249843224195,44586000.0,66057447
2020-03-02,24.464954376220703,24.350650787353516,24.501871307556748,24.39951979861719,23.278493818649974,23.35232930656401,23.76011854014677,23.67346832294313,31976000.0,42034469
2020-03-03,23.544628143310547,23.945730209350586,24.76628774891706,24.978957235514045,23.314547842311214,23.638554455250645,24.437479027758496,24.560081717550467,29930000.0,46174475
2020-03-04,24.50615692138672,25.411794662475586,24.529337047687957,25.45368277589311,23.589267975278105,24.399513090793267,23.82707550441598,24.504231970862126,23477000.0,38712155
2020-03-05,23.526599884033203,24.755563735961914,24.30355177321432,25.258215602697856,23.390098134892504,24.546125925980366,23.80304044726639,24.888206185243256,24374000.0,35096303
2020-03-06,23.13254165649414,24.448381423950195,23.25960169708578,24.553100301172087,22.535877727236045,23.820068160618842,22.92049000114809,24.224979094113618,30169000.0,40931036
2020-03-09,21.267005920410156,23.568742752075195,22.344436722776535,24.2179986806926,20.969102891128337,23.149867235044642,21.55546561623111,23.359304993559917,43934000.0,43183856
2020-03-10,22.570222854614258,24.14818572998047,22.63718585752357,24.197054724799482,20.896128132152036,23.045147114986648,22.02850273918226,24.134223962017817,55071000.0,40548329
2020-03-11,21.116764068603516,22.45872688293457,22.01991634963663,23.65252434205985,20.818003047448528,22.102682051326596,21.795845583770394,23.568748096875435,36030000.0,65350213
2020-03-12,18.78247833251953,20.957748413085938,20.841183888453372,22.340037778726213,18.57128466489105,20.94378524212147,19.487314171201472,21.278885907045602,64281000.0,62731445
2020-03-13,20.10801887512207,22.835710525512695,20.12948129431271,22.954391173111773,17.26978382546338,21.104355774073802,19.36025653167955,21.83040844571347,84714000.0,60553038
2020-03-16,16.103925704956055,21.0694522857666,18.784192973728523,22.535518156845033,15.47292213995576,20.69944572631101,17.872457003230952,20.901902622287682,76935000.0,50995050
2020-03-17,17.128129959106445,22.451744079589844,17.171054796009834,22.793825706627835,15.580237153687964,21.35568473113425,16.467935029182208,22.088716989569253,70662000.0,54220606
2020-03-18,14.4118013381958,22.591365814208984,16.095337420196742,22.76589774904084,13.364419388249503,21.160207316927657,15.93908935288943,21.48134484196031,98993000.0,43884976
2020-03-19,16.693721771240234,21.237001419067383,17.811501501322624,22.514572048063904,14.165410827894275,20.95076971741297,14.392057348741307,22.493627991167248,74438000.0,59820929
2020-03-20,16.782777786254883,20.252643585205078,18.219904543316364,21.411533576205148,16.406470789970307,20.182830529320743,17.636672663285704,21.139263640688725,74044000.0,52488989
2020-03-23,16.89191436767578,19.889616012573242,17.110189995177407,20.650573055107262,15.519396782303481,19.463758237468085,16.840401306262912,20.07810970137069,46921000.0,52853041
2020-03-24,18.57613182067871,20.734350204467773,19.09562898146019,20.978693798657375,17.574683605526285,20.175849959116537,17.95448280531865,20.601706378653418,62970000.0,44466784
2020-03-25,18.99434471130371,20.769258499145508,21.303701291143216,21.446442284943778,18.26705181293481,20.245664018326117,18.52636237042607,20.594727941189156,64442000.0,44601275
2020-03-26,21.231231689453125,22.165510177612305,21.373547481428655,22.33305983035909,19.734735149273845,20.860013168524848,19.734735149273845,20.866995456662213,60213000.0,43269967
2020-03-27,20.1416015625,21.572101593017578,21.13693786857265,22.158526750975966,20.08135727750769,21.40455054540452,20.34328735848128,21.50228853955589,39448000.0,38290344
2020-03-30,20.964067459106445,22.80778694152832,21.073205290407092,22.93344989214592,19.94515682595347,21.676823192920168,20.27344294289621,21.676823192920168,52343000.0,29943508
2020-03-31,20.70125961303711,22.78683853149414,22.064173343996536,23.038162965785794,20.610458537810434,22.507587756584215,20.779838971783477,22.619287505158283,50191000.0,29466151
2020-04-01,19.525192260742188,22.165510177612305,20.466395997203367,22.535516713367706,19.18031636837709,22.01192229419025,19.905864010574852,22.284190830772527,41858000.0,26709625
2020-04-02,20.697769165039062,22.947412490844727,20.775475907304976,23.038168206336906,19.334856986862548,22.16551126601567,19.417801132249338,22.27023015499322,45049000.0,27186876
2020-04-03,20.453310012817383,23.484973907470703,21.177111098499058,23.659505885152246,20.12938856862059,22.779865110610363,20.66110760681914,22.779865110610363,28960000.0,32837370
2020-04-06,22.040599822998047,24.13422966003418,22.125290875021154,24.364610113608958,21.26528601504535,23.58270881885005,21.354341846983367,23.680446831563714,38868000.0,40503217
2020-04-07,22.113065719604492,23.46402359008789,23.180869655554666,24.553100482634477,22.048456657117267,23.450060418066816,22.861314834521824,24.434419836092495,45892000.0,24226295
2020-04-08,22.796707153320312,24.155170440673828,22.89274729736415,24.294796563269394,22.14537242532389,23.34534426282487,22.41865327215994,23.72931399475005,27565000.0,25523980
2020-04-09,22.202999114990234,24.706689834594727,23.35549426655358,24.971977487581203,21.941941627273312,24.329699605711294,23.206194136762655,24.45536395098911,34828000.0,30648107
2020-04-13,22.693681716918945,24.532154083251953,22.833377990038574,25.118582023127516,22.072032801943323,24.238942920263913,22.13314971326929,25.10461744816638,25729000.0,18270141
2020-04-14,23.36684226989746,25.43972396850586,23.432323957191112,25.57236920861092,22.903224729715596,24.67178448962186,23.235002941811604,25.083679173434632,23094000.0,21845309
2020-04-15,22.477149963378906,25.11160659790039,22.903224736246337,25.29311804235486,22.365392618605302,24.839335220793163,22.787975234653377,25.174437374559616,25926000.0,21312196
2020-04-16,22.55136489868164,25.048770904541016,22.854331572938666,25.314061373780767,22.186407027636783,24.839333128683403,22.854331572938666,25.216323370787197,26896000.0,20657451
2020-04-17,23.214052200317383,25.767841339111328,23.349383707751887,25.83067211045162,22.60811876071744,25.209339668080727,22.981807912778883,25.481611022138843,34089000.0,24404843
2020-04-20,22.55048942565918,25.188390731811523,23.15991489902832,25.767834913137253,22.518185727281477,25.188390731811523,22.700663820560933,25.397828455349725,23801000.0,22530620
2020-04-21,21.622386932373047,24.86726188659668,22.245782847053093,25.08368056837429,21.548174005312227,24.692731325442242,22.22570085963216,24.97896167029155,29138000.0,23975233
2020-04-22,22.69804573059082,25.307079315185547,22.894494128442837,25.83067378862177,21.892171820602677,25.21632499822015,22.244032025624136,25.802750247078663,35438000.0,20182624
2020-04-23,22.60724449157715,25.614253997802734,23.15468050792052,26.109924908098584,22.571446966541885,25.328023674705967,22.72249400393249,25.328023674705967,21659000.0,20185365
2020-04-24,23.120630264282227,26.095966339111328,23.143330118746686,26.13087076880107,22.602880073352456,25.677090727230294,22.684078973200783,25.718976042857985,23373000.0,17353794
2020-04-27,23.43843650817871,26.759183883666992,23.680286278817974,26.905790907555637,23.080464608840604,26.228608488884692,23.080464608840604,26.242573067553003,16588000.0,23394057
2020-04-28,23.113645553588867,26.46596908569336,24.13343045137648,27.380512728450483,23.06038723904952,26.095962536248095,23.94396634132814,27.2618320708992,18988000.0,35666728
2020-04-29,24.09937858581543,26.612573623657227,24.1840696489768,26.91276568217659,23.506542808996993,26.32634052673546,23.668066332066257,26.849934916763228,28871000.0,26518535
2020-04-30,23.715213775634766,26.780122756958008,23.92737773749337,26.884841632968833,23.468997532869388,26.081995045585955,23.881976361595417,26.528796893142058,23379000.0,29450973
2020-05-01,22.67447280883789,26.277475357055664,23.386051859175986,26.486913143570366,22.54350775833241,26.1029448039435,23.22452835239626,26.424082369006005,26836000.0,22679867
2020-05-04,22.897987365722656,26.263511657714844,22.91283028228831,26.472949428848693,22.292053981911003,26.11690465653114,22.631690821104584,26.24954708120922,17046000.0,19893512
2020-05-05,23.12586784362793,26.88484764099121,23.48122023756852,27.129189868320367,23.024588622772267,26.717297963321112,23.27255010438047,27.094285439816442,26462000.0,24123952
2020-05-06,23.065624237060547,26.88484764099121,23.615679816929028,27.233911574683404,23.01673070379421,26.88484764099121,23.427962621532288,27.205985224929844,22727000.0,24047432
2020-05-07,23.377321243286133,26.05989646911621,23.614806250780628,27.138675741582826,23.22452895793114,26.01054044351615,23.573769656821852,27.08226642524796,18238000.0,33546080
2020-05-08,24.012939453125,26.24321174621582,24.058340825302963,26.356027522128795,23.57638818187018,26.116297896333368,23.765850607600544,26.26436594447848,16757000.0,19893618
2020-05-11,24.045244216918945,26.86368751525879,24.16223896881649,26.94124818909389,23.726560331423098,26.200910734824255,23.86800351262869,26.264367663919796,20851000.0,25620421
2020-05-12,23.43843650817871,26.34192657470703,24.247802582745884,26.962400650941206,23.418356189408446,26.32782566431726,24.14827028118167,26.87779235367889,18764000.0,19335314
2020-05-13,22.975692749023438,26.123350143432617,23.60258070360061,26.384231150469667,22.644787154719296,25.79901220709976,23.579879185966156,26.306673311313364,21927000.0,24596882
2020-05-14,23.276912689208984,26.736774444580078,23.30747114371049,26.764976265042733,22.24228668533158,25.93298003753972,22.78448359497539,25.94708094777105,19912000.0,22362507
2020-05-15,22.736465454101562,26.623964309692383,23.05514770785826,26.913047174637736,22.41865582334786,26.36308326819343,22.650027482783706,26.764979096772283,21650000.0,25460002
2020-05-18,23.881977081298828,26.84254264831543,24.161369659764098,27.117524630910108,23.399150095511015,26.532305547722988,23.45328269901811,27.03291631660942,26531000.0,22635177
2020-05-19,23.74402618408203,26.56756019592285,24.10025288953276,26.807287056280636,23.714340347742613,26.306679131170778,23.881977228101142,26.687423626101744,18702000.0,19476234
2020-05-20,24.331623077392578,26.532299041748047,24.561249485567618,26.93419764963073,24.10461620347766,26.47589256773758,24.182322947054068,26.75792493778991,18605000.0,17504200
2020-05-21,23.992860794067383,26.27141761779785,24.403220111724565,26.546399528583315,23.97976478701404,26.123349562783062,24.35257966430785,26.489993055471516,14847000.0,17652181
2020-05-22,24.154382705688477,26.44064712524414,24.206768392099058,26.461801332559393,23.618297463310334,26.059902577740115,23.900309545365197,26.165665109542598,17452000.0,15781226
2020-05-26,24.62323760986328,26.433591842651367,25.065900572254534,26.701523351981734,24.568232389491957,26.405387183020977,24.88342246061638,26.546404811324777,23573000.0,23260094
2020-05-27,25.109554290771484,26.377185821533203,25.127889362470412,26.468847423286576,24.446868845129913,26.066948734771113,24.710545827641273,26.3771858215332,22812000.0,25904158
2020-05-28,24.72102928161621,26.92009162902832,25.258861534014162,27.103414780256298,24.65903973559141,26.595753722157774,24.88342710423727,26.680364843481968,18543000.0,22521767
2020-05-29,25.430858612060547,26.927148818969727,25.494595058072953,27.096368251208307,24.61363390802759,26.497045530676534,24.70007187291861,26.983555296382587,27300000.0,48333067
2020-06-01,25.31909942626953,25.002269744873047,25.41601385533379,25.1926405439437,25.090345669413686,24.614472021539843,25.356642193621663,25.030471566250743,18444000.0,76884979
2020-06-02,26.023698806762695,25.49582862854004,26.046400329552956,25.49582862854004,25.327836848974354,24.854203135483477,25.40990838269446,25.05162723640054,31847000.0,42690900
2020-06-03,27.025142669677734,25.49582862854004,27.140392180537827,25.67210136218338,26.2376054556744,25.05867769215845,26.284752074493003,25.587490223240664,31926000.0,38751996
2020-06-04,26.969261169433594,25.39006805419922,27.32810565882137,25.587492170137864,26.376423867635143,25.171492569377488,26.695107723159882,25.17854302567185,34997000.0,27013388
2020-06-05,27.684335708618164,25.37596321105957,28.647368377102637,25.72850581564029,27.510588821414526,25.298402533986916,27.913087816455118,25.552233095888088,50958000.0,36705655
2020-06-08,27.72275733947754,25.79901123046875,27.838006867997805,25.8060616851321,27.35954630042913,25.15738583702225,27.721010428004288,25.241994127905922,23916000.0,30194149
2020-06-09,27.530670166015625,25.531085968017578,27.841495470219428,25.848373514327584,27.203256698834792,25.502881307603193,27.240801135569775,25.735560542518357,22335000.0,21675088
2020-06-10,27.50621795654297,25.32660484313965,27.870301500121357,25.700298778703484,27.476532128342427,25.305450644569063,27.646788496441772,25.63684185283857,25914000.0,29557217
2020-06-11,25.647382736206055,23.479290008544922,26.939573875240775,25.15739067622993,25.616824285745214,23.46518909650581,26.858374993168834,25.10098419314946,45115000.0,63166642
2020-06-12,26.21490478515625,23.79657554626465,26.537953474387383,24.0433528112808,25.558332600365397,23.303015346385127,26.439292122887032,24.029251901262416,39439000.0,37902472
2020-06-15,26.550172805786133,23.52159309387207,26.782417045478862,23.775423658371892,25.530388116151848,23.098543098013607,25.756522330637114,23.47928752730148,29824000.0,36247482
2020-06-16,27.129047393798828,23.549795150756836,27.463445219915545,23.944643305704805,26.542321609727484,23.070338701836857,27.066183560081633,23.68376088155913,30387000.0,55616945
2020-06-17,27.36652946472168,23.66261100769043,27.65203373946038,23.81067908399486,27.22246839278586,23.493391564024183,27.3647825533219,23.6837637925142,20279000.0,27509822
2020-06-18,27.826648712158203,23.43698501586914,27.862446232701746,23.59915400328498,27.198888164304837,23.25366324368994,27.25127384553568,23.458137800632503,33625000.0,32278855
2020-06-19,26.70726776123047,23.56389808654785,28.059522450480564,23.789525406992784,26.70726776123047,23.352371676308454,28.022474515087485,23.754270296555305,58465000.0,43986266
2020-06-22,27.657285690307617,23.345325469970703,27.713739204695255,23.52159680185337,26.77430655837683,23.20430925494182,26.948078531316355,23.50044401523352,27195000.0,23332503
2020-06-23,27.459693908691406,23.1055908203125,28.001302045970796,23.444031060460254,27.458812295758925,23.0844380395292,27.79136376025471,23.40877595333419,22419000.0,37690408
2020-06-24,27.077749252319336,22.696640014648438,27.430587939940853,23.077385786691668,26.86075299675352,22.562674303409594,27.274456631390727,23.06328487890946,19096000.0,30817695
2020-06-25,27.243581771850586,22.78830337524414,27.29915367265143,22.830608936837283,26.72755385411746,22.442812680439108,26.997477159027582,22.640235327129833,15029000.0,27418651
2020-06-26,27.11656379699707,22.590883255004883,27.85487945284044,22.760104113458315,26.740791346976692,22.287698068862966,27.65993695793786,22.738951328968895,31425000.0,42153992
2020-06-29,27.325624465942383,23.013933181762695,27.381196381512567,23.035084547401794,26.85546553410995,22.70369614284711,27.174784486574257,22.88701790061888,14516000.0,23956261
2020-06-30,27.83988380432129,23.05624008178711,27.968669976511553,23.183155378075636,27.05834391058653,22.724851637688086,27.34061656319904,22.936376659014957,25125000.0,25451676
2020-07-01,27.585844039916992,23.78952407836914,27.94926721543047,24.353588804324406,27.516157899223714,23.77542175148939,27.79578239274317,24.353588804324406,15661000.0,73503009
2020-07-02,27.82753562927246,24.332448959350586,28.172434791002726,24.572175872639118,27.756084588274778,24.00106042160476,28.028652778366837,24.410006832789573,16638000.0,45270881
2020-07-06,28.120386123657227,24.332448959350586,28.31444696918969,24.670887955143158,27.992481581560448,24.240787334893287,28.227120177563695,24.64268612295619,17561000.0,27150935
2020-07-07,27.620237350463867,23.994001388549805,28.064814237757908,24.219627305110357,27.569956810060287,23.944645364936704,27.99248159619757,24.008102299603884,16150000.0,25148018
2020-07-08,28.18919563293457,23.79657554626465,28.213010964215552,24.233726436223417,27.708452339806072,23.66966026879017,27.88663577143049,23.979895881274466,18023000.0,24256545
2020-07-09,28.359439849853516,23.592100143432617,28.6090709460659,23.888236252466516,27.808127154479926,23.338269597821206,28.2280054738519,23.782473761372053,25225000.0,20363702
2020-07-10,28.17772674560547,23.85298728942871,28.490870998657655,24.00105538209486,27.824888032133448,23.613259009013596,28.395606312611292,23.733122440490096,13280000.0,24459019
2020-07-13,27.4605770111084,24.825998306274414,28.53850023556217,25.185591391914574,27.396183935673672,24.33949134801956,28.375310990958514,24.487559422685965,21549000.0,56569129
2020-07-14,27.793134689331055,24.840097427368164,27.893694112930543,24.97406173074786,26.920739754093216,24.593317348874834,27.255937832758175,24.938809458765498,18363000.0,32854129
2020-07-15,27.6784610748291,25.185592651367188,28.030418195209535,25.383016760794956,27.360023760316704,25.009322745048983,27.869875435799134,25.375966304733108,15253000.0,26294454
2020-07-16,27.463232040405273,25.10098648071289,27.687284613214675,25.129188307361275,27.28328368211746,24.86125677958026,27.398838945021705,25.10098648071289,12929000.0,18421812
2020-07-17,27.584074020385742,25.559282302856445,27.80459842079782,25.61569161156735,27.345025651097497,25.192638805776827,27.71109696336602,25.28430038877762,13354000.0,23347365
2020-07-20,27.973962783813477,25.73556137084961,28.01983190295707,26.52525503385563,27.36796144324738,25.60864464728614,27.50821532249941,26.433593428213833,14323000.0,36815693
2020-07-21,27.72785758972168,25.869522094726562,28.159203623944375,26.144506873158033,27.580547443443336,25.74965867946598,28.159203623944375,26.04579482473502,14312000.0,23588520
2020-07-22,27.680221557617188,27.188034057617188,27.846057344272374,27.30790033377049,27.377663404135774,26.45474682611522,27.78695562144807,26.9553576322995,14404000.0,90705554
2020-07-23,27.315914154052734,27.082260131835938,27.882220959398893,27.79439569218245,27.20212382518084,26.920091181099032,27.642290989722774,27.660431393058744,19417000.0,59639536
2020-07-24,26.973665237426758,26.553451538085938,27.425298480095197,26.898943686682664,26.831646448346028,26.32077517724179,27.044232984170822,26.81433255459915,15631000.0,33870501
2020-07-27,27.58143424987793,26.46884536743164,27.60613288109164,26.616913443011736,27.12362627668945,26.250269899399846,27.195075648062247,26.34192865910989,20646000.0,27640307
2020-07-28,27.11127281188965,27.512371063232422,27.531151160731326,27.737996999694847,27.006301962828374,26.835490418921083,27.449115712840143,27.173929323614722,13974000.0,56393954
2020-07-29,27.243581771850586,27.681583404541016,27.453520063764874,27.815550541728708,27.119205363533837,27.110465419024717,27.21535501497091,27.709788056815444,16562000.0,37033660
2020-07-30,27.53026580810547,27.581911087036133,27.603480071804434,27.724306958324462,26.992187406026144,27.197445383452138,26.992187406026144,27.254403159441196,21259000.0,32273796
2020-07-31,27.94043731689453,27.39679527282715,28.08598421029833,27.589029549653002,27.468515294441048,26.955371807678905,27.75960739878121,27.254402268823284,24719000.0,28472124
2020-08-03,28.33562660217285,27.30423927307129,28.534978860402674,27.52495099428058,27.98719759192838,27.21168182139284,28.050707390757452,27.489351313797076,20796000.0,31036400
2020-08-04,28.967206954956055,27.332721710205078,28.98484931272733,27.539194741914176,28.261529468783465,27.119129313627617,28.27123057834947,27.27576392862653,25258000.0,29448549
2020-08-05,29.068639755249023,27.37544059753418,29.248589745002242,27.43239837877044,28.7387381705713,27.14760947258914,28.954851115930147,27.38967932718534,22299000.0,24292697
2020-08-06,29.035127639770508,27.247282028198242,29.18684922182331,27.83822070490508,28.704341008837943,27.161843938439908,28.91251611574381,27.603267389385245,14193000.0,20922111
2020-08-07,28.75020980834961,27.37544059753418,29.0854078857574,27.49647552483228,28.357676590240604,27.16896756706588,28.967207786725094,27.26864439988724,14192000.0,23097251
2020-08-10,28.876340866088867,27.332721710205078,29.04481977546303,27.524956012177448,28.585247105635492,27.240164241653076,28.59936300618922,27.446637273362175,11989000.0,19964552
2020-08-11,28.582609176635742,26.90553855895996,29.402078622327306,27.4679999068329,28.470583747591657,26.820103312694272,28.894871816004414,27.453758313595447,19316000.0,21326847
2020-08-12,29.4303035736084,27.290006637573242,29.627895943864306,27.446641275411363,28.699927525416165,26.919779572013322,28.74315012033003,26.934021166458276,18471000.0,19957595
2020-08-13,29.058061599731445,27.176084518432617,29.41001702317694,27.18320388262594,28.919570951395038,26.96961150630081,29.304166248710427,27.104888013868027,15095000.0,15340021
2020-08-14,28.91692543029785,27.0977725982666,29.095990466074255,27.332723101407854,28.75638099880432,27.005215125003534,28.934564421513485,27.062172909481166,10140000.0,12901276
2020-08-17,29.1374454498291,27.30423927307129,29.267113214842876,27.346955454494164,29.021008608703585,27.019447554465465,29.06599442291065,27.083527551861998,10594000.0,17494187
2020-08-18,28.989253997802734,27.311357498168945,29.389728406143263,27.382553993537023,28.945149790985727,27.176081008075506,29.273291550380016,27.375434630263314,8857000.0,10846398
2020-08-19,29.039531707763672,27.240156173706055,29.38178258757138,27.48934818345167,28.953968146578056,27.14048223243859,29.062463738182107,27.396790742313186,11273000.0,15690055
2020-08-20,29.006013870239258,27.567672729492188,29.108338184335622,27.61751114198188,28.76167246658266,27.147607336778233,28.905456147115977,27.183204158105593,8910000.0,21957455
2020-08-21,29.110980987548828,27.681589126586914,29.14979551221448,27.767027225639044,28.66816900767008,27.460877377105636,28.9592628004552,27.702947220034208,11508000.0,25467170
2020-08-24,29.462059020996094,27.653106689453125,29.65523657759539,27.795502556097183,29.209776380147524,27.439514320802665,29.286520453957554,27.781263828222155,11996000.0,25011947
2020-08-25,29.650833129882812,27.346954345703125,29.734633495063616,27.453750520192447,29.373855156098383,27.01944645895334,29.55027538361462,27.418153703783336,11140000.0,26221201
2020-08-26,29.96220588684082,27.09065055847168,30.124513527853814,27.24728516597913,29.418836178728895,26.812978166096094,29.527331778794867,27.190327387124736,14844000.0,24083689
2020-08-27,29.915454864501953,26.955373764038086,30.10598756790815,27.05505059165386,29.650822931777142,26.827219478607212,30.034536542280275,27.026570271207298,12552000.0,22156556
2020-08-28,30.41649055480957,26.9909725189209,30.41649055480957,27.097768707310614,29.788438788994405,26.627864905869593,29.90311242854315,26.96249219945567,14589000.0,32830519
2020-08-31,30.622018814086914,26.90553855895996,30.924576976727916,27.069292548820325,30.30181829536821,26.69906551465085,30.30181829536821,26.941138248105887,22229000.0,30032465
2020-09-01,31.71493911743164,26.25763702392578,31.938111744541143,26.926894450670616,30.645838492611055,25.994206244132005,30.873419185421945,26.90553349614983,29205000.0,36145560
2020-09-02,33.07954406738281,26.485469818115234,33.427973049026704,26.556666324939584,32.07042344976829,25.915889175626084,32.27242389591414,26.179319972297066,37053000.0,29068688
2020-09-03,31.05777359008789,25.915889739990234,32.54057941716316,26.69194341806453,30.887528056041436,25.702297352234382,32.285655287546504,26.606505317909583,41795000.0,35956788
2020-09-04,32.01572799682617,25.88741111755371,32.86077758576532,26.07964540294194,31.182146106402975,25.53854223067951,31.84107441003865,25.979968578120737,58514000.0,26872257
2020-09-08,30.921051025390625,25.581260681152344,31.998092822094602,26.065403202807047,30.873416999702695,25.403267991062492,31.108053945960073,26.008445427473042,26685000.0,26736818
2020-09-09,31.75815773010254,25.75925636291504,31.91870215474692,26.093883652507557,30.970446582930993,25.730776043789703,31.416788416196987,25.837572230904875,26273000.0,27490533
2020-09-10,31.49793815612793,25.38190460205078,32.44619365560218,25.858927713871278,31.26065303678503,25.3320661955841,31.943398342380476,25.77349249037914,22851000.0,21650741
2020-09-11,31.729047775268555,25.680940628051758,32.13216360911759,25.70941808786774,31.286232439689527,25.239517099850705,31.799613824665027,25.445987271411575,17362000.0,24109301
2020-09-14,31.949583053588867,26.35019874572754,32.27507668070198,26.72754513527156,31.698185317855256,25.83045646597817,32.144527257548,25.88741424953396,16447000.0,29565543
2020-09-15,32.36505126953125,26.314594268798828,32.73641233466961,26.592263770932096,32.22744221243883,26.20779808623748,32.31124257820065,26.478348224550817,16618000.0,22003726
2020-09-16,32.37651443481445,26.186439514160156,32.814036855450354,26.56378582810915,32.31564947492657,26.143720469393426,32.47707554307681,26.54242487441021,18498000.0,22208412
2020-09-17,32.2777099609375,26.21491813659668,32.6481926500916,26.321714321954904,31.314460353032562,26.02268385789937,31.314460353032562,26.186440680571174,22862000.0,17894390
2020-09-18,31.73169708251953,26.079647064208984,32.447078974095994,26.392913424504535,31.318876718339666,26.036928013331362,32.38356918420228,26.18644326008725,35295000.0,31694623
2020-09-21,31.3142147064209,25.64533805847168,31.329345554983288,25.97284884796949,30.574507724255696,25.189675851572712,31.155768643669944,25.894530117014142,24198000.0,26608968
2020-09-22,32.18656539916992,25.809097290039062,32.20525825348554,25.866057940159546,31.41748262850548,25.44598960565458,31.721912993775707,25.495828027536056,19500000.0,22727297
2020-09-23,31.296415328979492,25.631099700927734,32.15272774317677,25.901649855845445,31.159334442313735,25.609741608157147,32.06104619896137,25.87316953618661,15542000.0,23102521
2020-09-24,31.37920379638672,25.460222244262695,31.828725296660178,25.65957299903813,31.073887209686855,25.30358766810497,31.17269277093684,25.595495868480636,13611000.0,20859925
2020-09-25,31.760173797607422,25.66670036315918,31.842065779609587,25.73789687107293,31.001773975729165,25.28935400474277,31.337358944394097,25.30359273379922,18183000.0,14365598
2020-09-28,32.694828033447266,25.908769607543945,32.795412887510615,26.044046118341427,31.958682862055902,25.745015639293158,32.194569319488636,25.745015639293158,22192000.0,15044269
2020-09-29,32.42422103881836,25.75212860107422,33.006375083805956,26.015559330179382,32.40018689143164,25.652451799506782,32.71173776129309,25.93724347902252,13722000.0,13512491
2020-09-30,32.4295654296875,26.129478454589844,33.02417803472449,26.314593358025828,32.197240975486615,25.809089917994747,32.30761538002044,25.8233315077729,22403000.0,22629275
2020-10-01,32.81055450439453,25.894529342651367,32.998372703620156,26.407152172714326,32.47407972171688,25.74501411199707,32.8443782150267,26.278995033882957,16016000.0,22520396
2020-10-02,31.76285743713379,25.90165138244629,32.48298225010106,26.101005043913567,31.702330619776053,25.652459305612194,32.04503295031347,25.67382026227315,17100000.0,21461759
2020-10-05,32.588008880615234,26.16508674621582,32.65477002478284,26.257644228395176,32.03612332034786,25.873175567844637,32.11979461648916,26.008452108155392,18923000.0,19400029
2020-10-06,32.39931106567383,25.75212860107422,33.113205005017775,26.36442813566541,32.224844405649606,25.695170837697216,32.58891197839809,26.343067185254835,16672000.0,25233392
2020-10-07,32.64497375488281,25.965728759765625,32.92269750568887,26.051166861911682,32.584443566448314,25.65245953540553,32.788285580467786,25.8162163749574,12747000.0,22160034
2020-10-08,33.23158264160156,26.264755249023438,33.31703664286559,26.471228245527683,32.78473352969102,25.994205116997804,32.925373036341,26.05828225251919,17045000.0,17857395
2020-10-09,33.53155517578125,26.193565368652344,33.82530285680029,26.428515879143696,33.29122048572755,26.05116947168772,33.46301472933272,26.222042830466147,17253000.0,23667465
2020-10-12,34.04160690307617,26.21491813659668,34.27927264214722,26.47122955398267,33.80661011575547,25.96572608321707,33.984638705219346,26.12948004325759,18839000.0,19413837
2020-10-13,33.95793533325195,26.271879196166992,34.51961390384777,26.435633176682387,33.70157672150878,26.079647756065423,34.2178593388827,26.108125215651594,16731000.0,21543233
2020-10-14,33.85200881958008,26.243404388427734,34.15821842584995,26.556670788688784,33.63392556243662,26.036931335037725,34.140415225893506,26.35020059793071,17298000.0,22120298
2020-10-15,33.81907653808594,26.02268409729004,33.86892414232885,26.157960602549505,33.38201695464463,25.92301013765255,33.38468930236528,26.079644735127623,14361000.0,16089205
2020-10-16,33.70515060424805,27.019451141357422,34.1172831180643,27.14048892601693,33.66064089038403,26.35731588982962,34.1172831180643,26.392912712407576,10295000.0,42993503
2020-10-19,33.44877243041992,26.912656784057617,34.1466421669556,27.660233048658725,33.39358353571858,26.79874121877507,33.93567953544112,27.35408317781708,14803000.0,31931352
2020-10-20,33.557373046875,26.691944122314453,33.9267783902839,26.976735888590646,33.430081702084905,26.592267290380946,33.55915234809062,26.962494296434723,13297000.0,22384852
2020-10-21,33.11764907836914,26.400035858154297,33.545805376463306,26.663463804923182,32.96276156553105,26.385794265996083,33.44877911716056,26.592267294658477,11896000.0,18984859
2020-10-22,33.23515319824219,26.649227142333984,33.3188245241335,26.74890398201455,32.67792274522726,26.364438216555094,33.03131109099893,26.400037905764385,13547000.0,19243616
2020-10-23,33.177276611328125,27.183204650878906,33.28587508982798,27.254404020087094,33.002810041841464,26.80585829954869,33.22534490166782,27.005211953121314,8868000.0,30557884
2020-10-26,32.315616607666016,26.998092651367188,32.93159077812704,27.069289158109125,31.832271639169882,26.68482344149235,32.89954638940888,26.962492966680497,15509000.0,33783124
2020-10-27,32.00942611694336,26.649227142333984,32.50612632141667,27.140491975421316,31.975602407564864,26.250522646243535,32.50612632141667,26.37155758187059,9620000.0,36851529
2020-10-28,30.90654182434082,25.239517211914062,31.587498167031974,26.435633507392726,30.756999003297047,25.146959741837833,31.5109474550063,26.200683012341027,22331000.0,33857537
2020-10-29,31.600839614868164,25.11847686767578,31.995172091133853,25.374788294279316,30.742744574140755,24.634334334149717,30.910983589632533,25.260872740818055,15697000.0,27545341
2020-10-30,31.1219539642334,25.260873794555664,31.421039585288817,25.29647347998409,30.658191284091643,24.805208699071507,31.100588765236115,25.09000045723592,18530000.0,25631067
2020-11-02,31.266159057617188,25.79485511779785,31.6346782220269,25.809093847112564,31.008017712372133,25.303593192756324,31.603523466263788,25.581262727550964,11757000.0,21430666
2020-11-03,31.489572525024414,25.766372680664062,31.97736923981717,26.072522511579386,30.857574333867426,25.688056813232706,31.684514639091116,25.937248868934866,15457000.0,21636617
2020-11-04,32.4571647644043,26.57802391052246,32.84437335796236,27.140485117267733,31.79044964486986,26.314593147256613,32.08775597657999,26.385789645052675,21277000.0,40870536
2020-11-05,33.902748107910156,26.17522430419922,34.06119080862627,26.82978400334514,33.11408301997108,26.17522430419922,33.14523776974221,26.793821091571218,21783000.0,33926995
2020-11-06,33.880489349365234,26.18241310119629,34.15198216415409,26.41259016362979,33.57339014020116,25.959431512148992,33.82975210496752,26.175220519881382,13545000.0,23870676
2020-11-09,33.428306579589844,28.19645118713379,35.061712090941136,30.203291658395205,33.38112792657423,27.60662759316942,34.63533509920283,30.10978229918733,24088000.0,230153864
2020-11-10,32.32363510131836,27.822406768798828,33.22000554184335,29.16029897749324,32.077066081933175,27.664161329401818,32.96364697109221,29.09556286411965,26784000.0,80091668
2020-11-11,33.462127685546875,27.69293212890625,33.570726185873085,28.915734272517923,32.80609522156638,27.261354221261996,33.01171657693045,27.966264610942908,15133000.0,58980997
2020-11-12,32.95296859741211,27.009605407714844,33.700686001727945,27.57785112717057,32.78206059792971,26.78662382541931,33.578735952188666,27.534692748516647,12160000.0,46767877
2020-11-13,33.24671936035156,27.779254913330078,33.587645774911635,27.80802813273058,33.07581472328036,27.124695261737315,33.380241685338426,27.23978235519632,10997000.0,40175634
2020-11-16,33.89740753173828,26.851354598999023,33.94725513243552,27.297317674761295,33.291222676392856,26.50609053060998,33.363321729908144,27.232581565710422,12100000.0,75530167
2020-11-17,33.878726959228516,27.323335647583008,34.042511022128664,27.67207896232616,33.56094499400537,27.156544109196567,33.70603959548406,27.664498843341022,11950000.0,46984500
2020-11-18,33.880489349365234,27.53561782836914,34.2650289009021,28.369569861675572,33.79147675903986,27.520454696045345,33.81550750984984,27.99808324199375,13517000.0,63442700
2020-11-19,34.210731506347656,27.437055587768555,34.25613085009225,27.770638674304166,33.322374669315806,27.18687116493827,33.62234989931465,27.747892532540376,14555000.0,43261800
2020-11-20,34.12172317504883,27.823713302612305,34.613078602033504,28.28617874522831,34.06564462189753,27.62659546211764,34.20895647995084,27.823713302612305,16140000.0,60633800
2020-11-23,34.448402404785156,27.687240600585938,34.63978255019669,28.11937966123876,34.092345214750154,27.45221643571094,34.30330786044714,28.07389027356487,12212000.0,43673100
2020-11-24,34.913944244384766,27.747892379760742,34.965571144589106,27.854034292574017,34.375410207834676,27.308173166391377,34.592603802794564,27.391568937566102,13455000.0,42485300
2020-11-25,34.78932189941406,27.694822311401367,35.205016199714684,27.717568452581634,34.626427567771444,27.474964155182036,34.968240127309116,27.694822311401367,11787000.0,26955800
2020-11-27,35.15605926513672,28.225522994995117,35.531698929007334,28.248266246278405,34.982482331010274,27.86161651410439,34.99583388046419,27.88435976538768,6846000.0,25277000
2020-11-30,35.74623107910156,29.044309616088867,35.79785798668304,29.415796151102843,34.95934519017095,28.506028663528298,35.07328500100339,28.771379080609393,15454000.0,65425900
2020-12-01,36.012386322021484,29.878265380859375,36.200204514766014,30.70463721415784,35.61627438507435,29.575008547841563,35.91358075049125,29.870685261466104,18181000.0,72499700
2020-12-02,35.9376106262207,30.932077407836914,36.08715344194954,31.394542762029445,35.70439310419782,30.553007824672072,36.02751288755668,30.681892986825247,10031000.0,84347500
2020-12-03,35.58778762817383,30.393796920776367,36.196644942774334,31.10644664033885,35.43646549703641,29.961657861074382,36.00615440703522,31.068540263396272,16120000.0,68570100
2020-12-04,36.64527130126953,30.583332061767578,36.709363507067806,30.666727827277093,35.8183307416687,30.242168881079213,35.819223788032936,30.242168881079213,20083000.0,35368100
2020-12-07,37.46508026123047,31.27324104309082,37.638657183839,31.386963076439727,36.79302401987209,30.606077757724876,37.06629612710808,30.825938813094663,19707000.0,48253700
2020-12-08,37.68940353393555,32.26641082763672,37.98225820954431,32.425619392354356,37.222082243070496,31.349060043156957,37.32177745178837,31.38696932319908,18121000.0,87039300
2020-12-09,37.04939270019531,31.728124618530273,37.92884972042811,32.66063838705842,36.822406146509564,31.18226635674566,37.3386853599678,32.653055375437326,20908000.0,86118500
2020-12-10,36.49928283691406,31.63714027404785,36.96304545193501,32.00862965833319,36.3185819039535,31.424862278496676,36.62390182818835,31.705372900056556,26244000.0,57749200
2020-12-11,36.12364196777344,31.174678802490234,36.22867845630708,31.894911521752142,35.452475342677445,30.848678760004013,35.96163728449215,31.819098769017682,26664000.0,60737000
2020-12-14,36.655948638916016,29.72663116455078,36.87848353672604,31.58407239722886,36.13966604610249,29.620492161324194,36.186844694023826,31.553746141429567,26116000.0,94809700
2020-12-15,37.21318054199219,29.347562789916992,37.33156860742589,29.70388907930343,36.76187973566499,28.968493253827944,36.96572181098554,29.612913200421954,21207000.0,65712800
2020-12-16,37.82203674316406,28.687984466552734,38.02231681422079,29.165612922766297,37.115263577961784,28.61217171124891,37.20783818677837,28.94575188348547,23160000.0,56515300
2020-12-17,37.928855895996094,28.832021713256836,38.27689951153297,28.90025433058269,37.79088531914099,28.286163666720412,37.96446230151151,28.680396245484193,17152000.0,52036400
2020-12-18,39.01150894165039,28.566682815551758,39.109358508396596,28.877519744972844,37.883966737475504,28.430217539994086,38.13532844955235,28.80170698836137,45243000.0,60259200
2020-12-21,38.501609802246094,28.33924102783203,38.781700100145756,28.354404157233734,38.036587101857364,27.98291471707003,38.436074240851454,28.26342538082351,19096000.0,40891800
2020-12-22,38.88043975830078,27.85403060913086,38.92083570707558,28.30133277458522,38.42259845824158,27.747888710353887,38.5015993180488,28.21035400420496,17929000.0,33634400
2020-12-23,38.194580078125,28.38471794128418,39.14077885078039,28.543929300216703,38.16046474591897,27.96016202965143,39.05100778890037,28.058717999383177,10533000.0,36182000
2020-12-24,38.73321533203125,28.25583839416504,38.78169321479206,28.48327949576529,38.38400060918223,28.187605774477912,38.466590401393475,28.354397265284337,4123000.0,14790100
2020-12-28,38.77091598510742,27.91468048095703,39.254790687390624,28.49086779691457,38.70538386598946,27.80854147329934,38.991754706133754,28.32407627512617,10625000.0,26993700
2020-12-29,38.51596450805664,28.08905601501465,39.125520102448974,28.202778048739702,38.313977901231496,27.891941100905534,39.125520102448974,27.975336873361048,9593000.0,23152100
2020-12-30,39.035743713378906,27.85403060913086,39.32032007143653,28.233100142835536,38.61111711718214,27.82370435233744,38.752061161858705,28.07388874070559,10553000.0,24889800
2020-12-31,39.30685806274414,27.907102584838867,39.365208908998035,27.990495460302203,38.87595081271292,27.51286988781149,39.16860912423426,27.793380557824154,10211000.0,30796500
2021-01-04,38.173030853271484,27.907102584838867,39.700957260238134,28.00565859004225,37.815737662085965,27.497706758071445,39.43971916877718,27.952589081987725,24171000.0,33565700
2021-01-05,38.431575775146484,28.195199966430664,38.54738022904932,28.331665273928817,37.9198732346015,27.747897656758266,38.15776960920885,27.838876456471674,15069000.0,29909400
2021-01-06,38.194580078125,27.95258903503418,39.01330353196518,28.415054369079296,37.752899193636715,27.876776278532574,38.000671981808814,27.922265667676307,17226000.0,34962500
2021-01-07,39.804195404052734,28.096635818481445,39.91192135315861,28.16486845251184,38.6560067125654,27.80095914296898,38.78707436841718,28.0814726895779,21267000.0,27809500
2021-01-08,40.00617980957031,28.14970588684082,40.396691062578604,28.452959794766016,39.37867285124479,27.975334239067813,40.128271723246634,28.172449134615633,15271000.0,33462400
2021-01-11,40.01695251464844,28.634918212890625,40.28806354091951,28.680407606484113,39.53756745505851,28.164872714044186,39.55462511824969,28.217942227200805,11660000.0,47286900
2021-01-12,40.342830657958984,28.187618255615234,40.8249108973601,28.650083672483145,40.002595128556976,27.91468765601635,40.197400447926825,28.581851022583425,13846000.0,47831100
2021-01-13,40.5062141418457,27.94500732421875,40.71089584470207,28.180028591227614,40.227921818050426,27.778215798931598,40.424521591834186,28.051146334102896,13118000.0,31027900
2021-01-14,40.58341979980469,27.861618041992188,41.16065445060936,28.0208265938492,40.51698702894267,27.75547900742085,40.71269299261206,27.88436129452268,19692000.0,30272000
2021-01-15,40.02503967285156,27.823713302612305,40.397596103250514,27.884362943637772,39.55912325159374,27.596272087640884,40.23421098242751,27.808550169337952,18165000.0,34287800
2021-01-19,41.22977828979492,27.846445083618164,41.249531071717904,28.051142960377522,40.24318025566134,27.76304933100464,40.24318025566134,27.869188328123393,18819000.0,33451300
2021-01-20,41.464088439941406,27.67208480834961,41.8150975893276,27.90710903553903,40.84645438720334,27.64175854185963,41.25222545689856,27.89194590229404,14710000.0,35400100
2021-01-21,41.907569885253906,27.656917572021484,42.14546630421629,27.74031334646065,41.33123235249503,27.406733140775508,41.484741088552035,27.58868492857776,15749000.0,33829700
2021-01-22,41.745975494384766,27.709976196289062,41.97310169331424,27.922257054741436,41.5089763278345,27.482535104869736,41.629273798033296,27.535604596465234,16248000.0,26271200
2021-01-25,41.7253303527832,28.2634220123291,42.1930446592638,28.271005022161805,40.94341389206292,27.535609240216882,42.15354593831556,27.70998086944767,14692000.0,31728500
2021-01-26,41.642738342285156,28.286161422729492,41.92641749720312,28.50601949038626,41.464090027225396,28.17243943885136,41.53321449747443,28.255835174752633,10742000.0,27718700
2021-01-27,39.92179870605469,27.474966049194336,41.02240677946548,28.08147683450371,39.63542444960795,27.421893644162687,40.89493146948302,28.04357045268529,21857000.0,50561200
2021-01-28,40.55378723144531,27.48262596130371,41.15885306710358,27.842828625277217,40.130958588783365,27.46729787735451,40.89402610837406,27.551600877308573,16946000.0,39466700
2021-01-29,40.44247817993164,27.513286590576172,41.124750551335296,28.26434528467525,40.18483243449895,27.298696304023895,40.3886169147736,28.26434528467525,22069000.0,60251900
2021-02-01,41.90037536621094,27.4366455078125,42.131987668535544,27.735535877367884,40.719869381779745,27.375336087061044,40.92275316985537,27.53627660550879,17027000.0,40395800
2021-02-02,42.810665130615234,26.815872192382812,42.81874363356598,27.42131546966192,42.01348571947232,26.264072827233978,42.171487402024866,27.405987384681865,16141000.0,84062400
2021-02-03,41.7612419128418,26.700908660888672,42.957908692252154,27.045783207844842,41.707377216462625,26.65492441345025,42.81517015771212,26.81586781771833,17857000.0,38524200
2021-02-04,42.24959945678711,26.73923110961914,42.297180106015354,26.884846451580454,41.069093207952236,26.59361869119104,41.295318750489876,26.677921694740597,15243000.0,34284900
2021-02-05,41.83485412597656,26.762224197387695,42.81427103871799,26.884848885311712,41.776499851335345,26.65493051898765,42.581758020464456,26.762224197387695,12488000.0,31749600
2021-02-08,42.435420989990234,26.685585021972656,42.50005586857037,26.831197444475187,41.79623977867588,26.624275605378593,42.08081953972333,26.792878693662235,17610000.0,31633900
2021-02-09,42.608699798583984,26.8005428314209,42.65897215227643,26.869517748780584,42.06916580322361,26.639599408559533,42.37259781268674,26.67025557706009,12758000.0,30170200
2021-02-10,42.19752502441406,26.624277114868164,42.865431332524615,26.884848728116197,41.78816165753673,26.593620943066405,42.84029516567492,26.82353638451268,14587000.0,29039900
2021-02-11,42.946231842041016,26.386693954467773,43.032413974399006,26.677921715079215,42.120323735580946,26.271734781624698,42.524300340667594,26.6702562110053,17123000.0,30885200
2021-02-12,43.65812683105469,26.608943939208984,43.72096725622101,26.78521250805226,42.63202658947374,26.33304429283415,42.94533490871307,26.39435370117695,13551000.0,25578600
2021-02-16,43.91038131713867,26.58595085144043,44.41759767190171,26.716238097352548,43.72096282967882,26.486322695573875,44.06748578869472,26.708572593957918,15163000.0,28730300
2021-02-17,43.31340408325195,26.73923110961914,43.640174311917455,26.8235341131687,42.647292115656526,26.409684599488983,43.47050515472576,26.49398760303854,14084000.0,26389400
2021-02-18,43.3834228515625,26.486324310302734,43.57643370476035,26.731567810288887,42.65357327355491,26.455668141921183,43.111411140104124,26.654927389335008,16715000.0,24052500
2021-02-19,43.98489761352539,26.394357681274414,44.449920190345715,26.578291781104667,43.698523347454575,26.363704434247154,43.741614414492375,26.56296369582437,17992000.0,28145300
2021-02-22,42.76398849487305,26.256410598754883,43.68415368229474,26.340713614896273,42.670625102261006,26.08780749000574,43.44984968203346,26.31006036464511,16967000.0,34322500
2021-02-23,42.36360549926758,25.988170623779297,42.60778934088527,26.2027579456183,40.94161063701632,25.81190204890683,42.2953782655002,26.05714553773226,21303000.0,37624200
2021-02-24,43.169761657714844,25.865550994873047,43.21733887512542,26.095466419009718,41.534106031128594,25.804238655885545,41.98476600950475,25.957516579821068,15125000.0,30686100
2021-02-25,41.04035186767578,25.91919708251953,43.035094794685044,26.141449919642255,40.865295953791694,25.704609749315882,42.619447440800826,25.919197082519535,23148000.0,37506100
2021-02-26,42.18137741088867,25.666290283203125,42.710137730987576,25.980508693843408,41.361756621580746,25.566659199770918,41.971308852923435,25.934524442213217,22640000.0,41462800
2021-03-01,43.95078659057617,25.819564819335938,43.98849084692388,26.00349889907823,42.539565246495705,25.68161499041247,43.063835910690344,25.742927324837574,24677000.0,30407800
2021-03-02,43.13654708862305,25.68161392211914,44.06569155749748,25.972841651457976,43.054854537401056,25.673951342401256,44.02170326068564,25.81190116558634,18546000.0,27670400
2021-03-03,41.57001876831055,26.356037139892578,43.2155474776733,26.402021392610497,41.472165784311606,25.627969217957833,42.9112183277806,25.681616051028833,23991000.0,46020200
2021-03-04,39.822147369384766,26.210420608520508,41.9237192884096,26.892504170614767,39.62823930544427,25.93452098260987,41.44523145805871,26.25640193048383,34575000.0,45449600
2021-03-05,40.41015625,26.356037139892578,40.93622130531709,26.478658890273884,38.87145637284007,26.02649063758036,40.779120258468645,26.27939964222919,42414000.0,30589900
2021-03-08,37.81663131713867,26.325382232666016,40.21445390442559,26.72390367138175,37.63798302616641,26.310057071225618,40.11300857838669,26.425013323228267,45243000.0,24352300
2021-03-09,39.82304000854492,26.402023315429688,40.1192871687642,26.708576251942166,38.65599941079391,26.3943578109852,39.112939945493046,26.470998237763332,37884000.0,25167100
2021-03-10,39.28351593017578,26.769886016845703,40.75937555716275,26.93082651228973,39.05998209032348,26.45566760613129,40.15969639295929,26.547633185880297,19914000.0,33501800
2021-03-11,40.728843688964844,26.601280212402344,41.06638745296991,26.91549862541667,39.68748388370735,26.56296146418754,40.309607389092015,26.87717987720187,26170000.0,24557900
2021-03-12,40.502628326416016,26.777549743652344,40.710898969694995,26.808205912725754,39.90564083672972,26.448003234946178,39.98104935022106,26.486324908054538,18906000.0,16342400
2021-03-15,42.26217269897461,27.137746810913086,42.30346931039327,27.153074892280827,40.68397367122127,26.79287228897035,40.862622010874404,26.831191030623412,31241000.0,21896100
2021-03-16,42.92738342285156,27.459632873535156,43.449859648927344,27.48262353566324,41.96053460506703,27.061111496629035,42.30705420215116,27.183733233866857,31190000.0,25022400
2021-03-17,43.413055419921875,27.428979873657227,43.74341802742579,27.55926420546166,42.19394414717589,26.915499279789184,42.21997755212717,27.45963604238762,23754000.0,42540100
2021-03-18,41.66787338256836,27.413652420043945,43.391502360707904,27.566930343689478,41.6319635893872,27.222055746370337,42.60240468914804,27.22971832696266,28728000.0,24729800
2021-03-19,42.926368713378906,27.229721069335938,43.12722145683531,27.451973934828942,41.08431547086622,27.183739734084643,41.35121603464576,27.398327094680084,108602000.0,48348900
2021-03-22,43.00056076049805,27.589920043945312,43.54340436656006,27.59758262426961,42.67394897167976,27.099433044262696,42.78613743256409,27.191398625819904,31805000.0,25427500
2021-03-23,41.985435485839844,27.09943199157715,43.00869866576648,27.53627214142111,41.85786797430824,27.06877582440455,42.8648443979198,27.451969143462975,24712000.0,27970500
2021-03-24,41.37112045288086,27.291032791137695,42.5219511947377,27.536276318655727,41.33492996036148,27.107098683732445,42.47309437496807,27.191401694479293,20882000.0,22883400
2021-03-25,41.77191925048828,27.337011337280273,41.981821351073364,27.428979843369902,40.6509458106903,27.01513033656604,41.16212358733139,27.321686176465157,17537000.0,24875300
2021-03-26,43.612159729003906,27.781518936157227,43.69901552394185,27.812175106976163,41.31411884922736,27.314022563535172,41.31411884922736,27.344678734354112,28925000.0,27944500
2021-03-29,42.75989532470703,28.065080642700195,43.53254467768376,28.15704915330651,42.36633151488801,27.513284196728826,43.4637841278164,27.61291236458571,28410000.0,27004800
2021-03-30,41.270687103271484,27.674222946166992,41.98000476070083,28.07274436286659,40.859932330370924,27.605248029362578,41.96914692451731,28.042088194612827,27935000.0,26303300
2021-03-31,41.94924545288086,27.766189575195312,42.25776194575514,27.9194674987152,40.930507019843155,27.620577155794688,41.52763627239256,27.70488015990729,28684000.0,26582700
2021-04-01,43.0611686706543,27.819833755493164,43.118167131197836,27.934792918047663,42.450465455622,27.605246437159906,42.710128560523835,27.819833755493164,23528000.0,21319900
2021-04-05,44.19481658935547,27.80450439453125,44.299767634880354,28.026757206039044,43.1398875691596,27.666554575218328,43.454737254419,27.927126131305755,22966000.0,22096900
2021-04-06,43.777732849121094,27.62824058532715,44.17129323727865,27.896477690612517,43.22312373435525,27.589921834153046,43.70987653868573,27.78918109437838,18063000.0,20722900
2021-04-07,43.6501579284668,27.52094078063965,43.78134586307841,27.77384974439764,43.24664398347584,27.405981629198255,43.42849722234408,27.61290634767316,12074000.0,21933800
2021-04-08,43.92339324951172,27.559261322021484,44.14957863792008,27.704876646488998,43.43845241180618,27.49028641136131,44.14957863792008,27.559261322021484,18121000.0,18129400
2021-04-09,43.88810729980469,28.04975128173828,43.908011034298006,28.210694706212063,43.1145536803854,27.513282945269566,43.42759486748667,27.513282945269566,16614000.0,31686700
2021-04-12,43.75963592529297,28.333309173583984,43.91796500936204,28.379290491440827,43.30093197812417,27.842822292894905,43.60221108580212,27.95777851106942,23247000.0,29944900
2021-04-13,43.876346588134766,28.478927612304688,44.171292539095376,28.85445835472302,43.45383312246645,28.272002867323124,43.87996701784443,28.670524273561725,15281000.0,33967400
2021-04-14,43.183311462402344,28.486589431762695,44.25904836245006,28.647532844806268,42.992412330846726,28.325648942252084,43.65106472391163,28.486589431762695,18220000.0,23842900
2021-04-15,43.42759323120117,28.81614112854004,43.63658761247916,28.923437731162252,43.13626773002579,28.555569512095932,43.575972166712745,28.555569512095932,18370000.0,24945800
2021-04-16,43.318119049072266,29.55953598022461,43.58863655997225,29.659167073842056,43.136265817207004,28.97708335103038,43.471019200485124,29.02306468382815,16263000.0,52829500
2021-04-19,41.79905319213867,29.83542823791504,43.138070044274784,29.85841889858601,41.62262889599566,29.375597483299853,43.11364164003166,29.58251927640384,26319000.0,30905100
2021-04-20,41.370208740234375,29.912071228027344,41.80176803345477,30.07301465294477,41.12411619657875,29.697483892848346,41.61901056593266,29.697483892848346,19128000.0,26459400
2021-04-21,41.59910583496094,30.295263290405273,41.64886688916844,30.40255695346799,40.94859515254047,29.98871038501652,41.185638343349154,29.996372965149693,25947000.0,29365000
2021-04-22,41.17570495605469,29.61318016052246,41.72126138281172,30.27227315779934,40.6229076682765,29.521214579644997,41.17479725994002,30.25694507373091,27057000.0,33373600
2021-04-23,42.1727180480957,29.62850570678711,42.328334399521424,29.758792948442554,41.391927008528626,29.452237140397973,41.48149554081367,29.60551504442026,22890000.0,24375000
2021-04-26,42.69023132324219,29.643835067749023,42.86936838325356,29.68981931799835,41.941102668459735,29.498222660592287,42.25323960795242,29.68215381452364,18271000.0,19773400
2021-04-27,42.192623138427734,29.467561721801758,42.90827407774569,29.59018344574304,42.07591345959531,29.39092131713064,42.857608768860544,29.513543041071923,13267000.0,19061500
2021-04-28,41.54573059082031,29.74346351623535,42.158242391245686,29.843091664326817,41.26073824318167,29.521210711663215,42.10395665541755,29.5365387937233,15940000.0,21963300
2021-04-29,42.187198638916016,29.5825252532959,42.494810929056165,29.889081100664725,41.53035464624692,29.36027533366339,42.494810929056165,29.881418520070458,14650000.0,23569400
2021-04-30,41.27431106567383,29.620849609375,41.684161663467584,29.81244630044849,41.060791991611005,29.498227844029305,41.5918769429205,29.505890425317506,19367000.0,28413200
2021-05-03,40.72603225708008,30.52518081665039,41.60363258269715,30.532843396580933,40.55774959907802,29.85842234490729,41.59548747978518,29.91973467848352,15098000.0,46638600
2021-05-04,40.21937561035156,30.617143630981445,40.50527562388504,30.785746686037538,39.56524792058359,30.218622269292368,40.461847730040525,30.65546237424271,23497000.0,52802200
2021-05-05,40.15514373779297,30.63247299194336,40.843653493925814,31.490825155670464,40.02305155416419,29.83543023528749,40.75046453434176,30.793413474479784,16388000.0,76627500
2021-05-06,40.58489990234375,30.330638885498047,40.631040536308554,30.361597123989085,39.79415525351345,29.37869519444947,40.15243284131002,29.781143437812627,13495000.0,54944900
2021-05-07,40.94679641723633,30.632476806640625,41.47154822248821,30.856916651365456,40.64099261238811,30.222287533853716,41.12864967925605,30.222287533853716,11712000.0,33807800
2021-05-10,39.455780029296875,30.849184036254883,40.58037381728388,31.174236735961045,39.425922701856294,30.787267549259084,40.566803246078656,30.825966829801757,25239000.0,30831900
2021-05-11,39.814964294433594,30.4544677734375,39.96786446799829,31.011704236538247,38.27509436668346,30.361596013700712,38.45151870581669,30.70986880313868,17887000.0,30568600
2021-05-12,38.21446990966797,30.71760368347168,38.98169030250099,30.89560910121541,37.9213359325522,30.42350931624623,38.83964798773687,30.524119148662447,29940000.0,26208600
2021-05-13,38.95817184448242,31.03492546081543,39.339970122670586,31.174234594646435,38.509418053956516,30.57056364960568,38.89393251710395,30.57056364960568,21841000.0,25415000
2021-05-14,39.95519256591797,30.97300910949707,40.27185415833822,31.205189993955702,39.08935774829134,30.895613513117443,39.48201384326199,31.143276469192127,16964000.0,18041100
2021-05-17,39.80320358276367,31.042659759521484,40.002247849694776,31.267102532238415,39.16083784116029,30.965264172891636,40.002247849694776,31.011701524869544,15725000.0,18095000
2021-05-18,39.24225616455078,30.996227264404297,40.21032924032209,31.228408155995222,39.200636760140256,30.825962851819064,40.16328091783065,31.09684006661844,17824000.0,15805500
2021-05-19,39.96424102783203,30.825960159301758,40.03481006181222,30.880135597529637,38.51484411556366,30.51638369599391,38.54198525525263,30.880135597529637,21369000.0,20209500
2021-05-20,41.165740966796875,31.05040168762207,41.55478011357731,31.151014486531942,40.29085673448363,30.740828159781103,40.32885571432832,30.748566243232577,21886000.0,18621100
2021-05-21,40.825557708740234,30.9188289642334,41.4362575573907,31.421886978635538,40.65365460746368,30.88787073039151,41.4362575573907,31.12005157952632,13216000.0,21144800
2021-05-24,41.544822692871094,30.81048011779785,41.83886436294779,31.06587818288595,41.28878345045282,30.78725996472448,41.339448752244266,31.01944378141895,14420000.0,16922300
2021-05-25,41.57648849487305,30.438993453979492,41.88591267508702,30.84917979068331,41.30144976435983,30.36933889186562,41.790007538453004,30.81822155144599,9600000.0,25916300
2021-05-26,41.662437438964844,30.121675491333008,41.80810017248232,30.415772855121173,41.213687158189025,30.013324607921618,41.68777008827223,30.408034771594707,9873000.0,28036500
2021-05-27,42.312950134277344,29.9127197265625,42.38171067871388,30.32290612538871,41.58644146966966,29.87402044548478,41.61810728281051,30.160379773288582,19098000.0,38471200
2021-05-28,42.733665466308594,29.974624633789062,42.94085139458101,30.199067409134507,42.31296044559225,29.935928316190832,42.52285910794576,29.990103751296314,19946000.0,16154100
2021-06-01,42.36995315551758,29.7966251373291,43.246645877242635,30.18359429495675,42.26952678713768,29.78114601674315,43.015031568506416,30.1371569331989,16277000.0,23642400
2021-06-02,42.860328674316406,30.021066665649414,43.21951054207299,30.129417552748865,42.47490645391064,29.82758209516032,42.68842554597883,29.904974742419856,13286000.0,19629000
2021-06-03,42.05238342285156,30.160377502441406,42.50113718325204,30.214552949062448,41.9130538428712,29.897238353564738,42.41428139405744,29.997848210237866,20389000.0,17376300
2021-06-04,42.97522735595703,30.299684524536133,43.28283964771544,30.57056173875356,42.47942863979781,30.19907172253814,42.56809293284804,30.22228892594529,23865000.0,19375300
2021-06-07,41.96010208129883,30.175859451293945,42.92817871423278,30.647959394330613,41.84158392028009,30.160380329045758,42.79427459043531,30.245514025240453,24142000.0,24110700
2021-06-08,41.93748092651367,30.0674991607666,42.739079834018156,30.268724754587787,41.93567243759598,29.781142841310366,42.34642375736758,30.237766516716828,16615000.0,18880300
2021-06-09,41.97366714477539,30.81048011779785,42.26861302015932,30.83369731853135,41.77371869763123,30.168110008998926,42.26861302015932,30.18358912693455,12126000.0,29824000
2021-06-10,42.402523040771484,31.483808517456055,42.48123373386973,31.514766756284423,41.6371110767633,30.872396586126413,42.115718752581344,30.88013762200358,15413000.0,42613700
2021-06-11,42.586181640625,31.07362174987793,42.7155610817781,31.476067039635563,42.26499882596529,30.91883351024955,42.38171194148465,31.46832895620719,14508000.0,21386900
2021-06-14,43.050323486328125,30.671171188354492,43.05665665047189,31.011702927913035,42.16638978895381,30.4776866415358,42.56719107070646,30.980744691860473,14675000.0,23408300
2021-06-15,42.58979797363281,30.64021873474121,43.11726237701652,30.833703318074424,42.39165800505165,30.485430477606553,43.116354681288655,30.73309050808583,11131000.0,20206900
2021-06-16,42.138343811035156,30.415773391723633,42.624188953954906,30.83370076568944,41.75201735233368,30.40029427205747,42.54728674061169,30.663433401701845,20437000.0,19177500
2021-06-17,42.62870788574219,30.55508804321289,42.9969355960313,30.640221740605757,41.97458013547886,30.237773413510865,42.059623990774796,30.392561685830554,20881000.0,19580100
2021-06-18,41.93476867675781,30.036540985107422,42.50113983077842,30.52411989912974,41.66425115164682,29.951407315323905,42.27585869205737,30.415769029347004,28537000.0,37775900
2021-06-21,42.36423110961914,30.508644104003906,42.43444121437144,30.555081461399045,41.80163894896292,30.090719696808033,42.05056568399378,30.090719696808033,18591000.0,19488100
2021-06-22,42.349639892578125,30.65569305419922,42.7262248143031,30.717606575951525,42.06423940292804,30.384812908555425,42.54385942848374,30.500904821308474,13722000.0,15975900
2021-06-23,42.55116271972656,30.222286224365234,42.662403229164276,30.694389000377225,42.2210830041579,30.168110786364508,42.2958532111831,30.67117179904547,17674000.0,22025400
2021-06-24,42.86118698120117,30.330638885498047,43.18853275963733,30.454468887122086,42.72806079930672,30.245508158157865,42.845684057659675,30.291942563554304,12502000.0,13436500
2021-06-25,42.14448928833008,30.168113708496094,43.079106422007435,30.50090740407259,41.943886976680005,30.09845914541403,42.9788052661824,30.276464594992582,19100000.0,22774300
2021-06-28,43.111026763916016,30.276460647583008,43.42925584775641,30.346115201583594,42.44630715162218,30.106196256290353,42.49098632159813,30.191326975766756,13987000.0,19225700
2021-06-29,43.507667541503906,30.260984420776367,43.52225566314259,30.40029354208655,42.923189613169605,30.168112657349624,43.07181523298343,30.284204575888154,14184000.0,14516600
2021-06-30,43.479393005371094,30.307424545288086,43.638964911386566,30.39255823300913,43.08639727276032,30.04428539794141,43.59701971968196,30.29194542458059,15381000.0,21248100
2021-07-01,42.8228759765625,30.61699867248535,43.570570906880754,30.67117411457607,42.758137292526165,30.268725864516323,43.570570906880754,30.315160270685414,11153000.0,20035900
2021-07-02,42.688846588134766,30.748565673828125,43.63805528704325,30.82596126861024,41.552712382141635,30.47768847294089,43.47301196017948,30.539601996426516,37054000.0,16592700
2021-07-06,43.15479278564453,30.408031463623047,43.47119573198829,30.686649677708342,42.70070704363298,30.21454692076824,42.89218919257348,30.55507865335036,13870000.0,18931900
2021-07-07,42.81377029418945,30.4544677734375,43.34445237516512,30.46220880894724,42.52472442449858,30.16037337554767,43.31162736075733,30.353857930530985,12581000.0,17665200
2021-07-08,42.901302337646484,30.377079010009766,42.95419036367593,30.431254456133377,42.08613107055128,30.12941898420456,42.346915474598084,30.183594430328174,16011000.0,23021200
2021-07-09,43.78395080566406,30.65569305419922,43.84777818488132,31.034921124824557,42.676084897348346,30.539601141446166,42.81650513162632,30.59377658010693,16782000.0,21578700
2021-07-12,44.29183578491211,30.771785736083984,45.04591365933993,31.151016804912672,43.15296751200012,30.64795572526366,43.88789717269999,30.694393086448912,33142000.0,24513000
2021-07-13,44.13317108154297,30.68665885925293,44.45413056748833,30.802747848296107,43.949894359238236,30.593784125209535,44.25353175835515,30.779530640955613,11806000.0,12222000
2021-07-14,43.912513732910156,30.9188289642334,44.861722447805064,30.980742479577497,43.835920883350674,30.69438619738922,44.60640947094242,30.740823548152054,14020000.0,15888600
2021-07-15,43.52499008178711,31.027193069458008,44.17329534510094,31.104585734746042,43.140199704103985,30.849187577422786,44.066611452003364,30.91884215711839,12624000.0,20250800
2021-07-16,42.67972946166992,31.228412628173828,43.793066766147625,31.228412628173828,42.605874054594224,30.90335992386422,43.681822776645674,31.065886276019025,13980000.0,24270400
2021-07-19,42.46089553833008,31.07362174987793,42.48824913631304,31.228407037166196,41.72413973345164,30.70986982960225,42.26120453372663,31.01170527309053,14938000.0,29818400
2021-07-20,42.72714614868164,31.77015495300293,43.06087116111582,32.280953925255055,42.242054595701944,31.112308820614622,42.66331877043842,31.151005130930542,20727000.0,48804100
2021-07-21,43.67817687988281,31.7469425201416,43.701885185239945,31.917209853883215,42.71893661900134,31.359973454248614,42.82197522369534,31.917209853883215,13660000.0,27530200
2021-07-22,43.432891845703125,32.095211029052734,43.67543585938815,32.15712453619812,43.26694067844495,31.65406658841197,43.45751147181617,31.824330947316238,12583000.0,18913300
2021-07-23,44.05475616455078,32.25774383544922,44.093967390004885,32.37383574430958,43.47848367478691,32.05651825373658,43.77026694973082,32.08747648974466,13489000.0,21609200
2021-07-26,43.97178649902344,32.358360290527344,44.09761861851471,32.45897014043672,43.73835915197181,32.03330468031336,43.964492437917364,32.21131012900712,11160000.0,23720000
2021-07-27,43.344451904296875,32.58279800415039,43.93257862367999,32.66019359784677,42.65511269589589,32.1803527262893,43.83683755005922,32.36609624648057,14715000.0,32544100
2021-07-28,43.553253173828125,33.62761306762695,43.68364536621947,33.8520558387518,43.249615751718856,32.69888670103494,43.46662881980369,32.77627933477605,8359000.0,53822400
2021-07-29,44.14228820800781,33.41676330566406,44.29912266191738,33.81504544710652,43.53410208132306,33.28400060579658,43.62802048913899,33.760379329243435,9162000.0,29015000
2021-07-30,44.25992202758789,33.43238067626953,44.345631588668375,33.729138733374675,43.72832865800344,33.338664783318606,43.94625306938344,33.487046790951,11548000.0,24763300
2021-08-02,44.19426345825195,34.330474853515625,45.09879296903268,34.47104573793689,44.08758305011172,33.77600246445415,44.59273060906126,33.815049270331095,15619000.0,43066900
2021-08-03,44.38666915893555,35.6737060546875,44.475116174098844,35.81427693764932,43.7638912829755,34.41637925657359,44.26813109735973,34.49447286751669,11135000.0,45643300
2021-08-04,44.478763580322266,35.29103088378906,44.67754328233858,35.76740953024301,44.13318436574388,35.15046003798037,44.545328414743175,35.41598241572128,12123000.0,43391200
2021-08-05,44.4669075012207,35.18951416015625,44.71857174805035,35.2519884443018,44.213420608640575,34.90837243380157,44.71857174805035,35.14265621273717,8372000.0,23505400
2021-08-06,44.26265335083008,35.197322845458984,44.507934823072404,35.38475165880815,44.134998600467846,34.853706829912106,44.229828340498514,35.212942161494745,9964000.0,20413000
2021-08-09,44.19426345825195,35.907981872558594,44.390305665072695,35.94702866933732,43.858712356429955,35.22855807555383,44.359303301924534,35.22855807555383,5952000.0,32374300
2021-08-10,43.9736213684082,37.63387680053711,44.35567441709786,37.93063782541905,43.5696826537163,35.83769729450799,44.30552382389689,36.079792206790586,9319000.0,81189400
2021-08-11,44.09122848510742,36.16570281982422,44.31189031863032,37.54798113224407,43.74838332230508,36.12665303670328,44.206117754504184,37.3136943498392,9816000.0,50878200
2021-08-12,44.15597152709961,36.8919792175293,44.2234476747369,37.0169307593542,43.469369811201034,36.189124932839384,43.97543222265267,36.31407647466428,8702000.0,29676400
2021-08-13,44.32921600341797,37.860355377197266,44.58543681434586,37.87597469332328,43.95992508984783,36.954455895447985,44.00551905131566,37.02474132847509,8582000.0,35379200
2021-08-16,44.50975799560547,38.19615936279297,44.579968109136075,38.24301730643149,44.16873545655334,37.10283117719795,44.2079466831984,37.665114584541634,9188000.0,38045800
2021-08-17,43.6480827331543,39.37539291381836,44.334687868600476,39.43006200927367,43.267852465031176,38.03997267822518,44.277239754833516,38.09463879460058,16499000.0,68817000
2021-08-18,42.76179885864258,38.50855255126953,43.50128868918423,40.49996964498781,42.70526553432876,38.399217312945794,43.46208093482102,39.2270233857703,15616000.0,88598000
2021-08-19,43.17758560180664,38.110267639160156,43.38730462254203,39.01616733869719,42.18643165893483,37.68855493961344,42.52289411054206,37.87598379910553,14044000.0,57741600
2021-08-20,43.32712173461914,38.047786712646484,43.42377759915235,38.836542865252994,42.895829548534095,38.000928761163664,43.112846104028975,38.25083187757841,10007000.0,35157500
2021-08-23,43.990928649902344,38.99272918701172,44.33195117750632,40.109484930978404,43.375448414983225,38.73501494805948,43.432893051398025,39.27387090983967,15707000.0,88652400
2021-08-24,43.897926330566406,37.782257080078125,44.04472929462337,39.08643853417766,43.78212225326873,37.67292485986374,43.98637333376604,38.8443466120114,9429000.0,52624100
2021-08-25,44.078468322753906,37.102840423583984,44.33924925622447,37.704170777610614,43.910694490240616,36.64989210518441,43.910694490240616,37.51674491450748,10017000.0,51036800
2021-08-26,44.29092025756836,37.001312255859375,44.507022003173766,37.610450663232164,43.82224298795782,36.93883499403662,44.041078701694275,37.25121534499077,10836000.0,29029300
2021-08-27,45.220977783203125,36.39217758178711,45.2665682640596,37.0950320115325,44.37298162161591,36.337511457149176,44.49789891306312,36.99350793188476,16459000.0,32924500
2021-08-30,45.489967346191406,36.51712417602539,46.306961205104635,36.82950454205276,45.431611387339956,36.048556606064295,45.591179821047426,36.07979523848302,19614000.0,25774400
2021-08-31,45.33678436279297,35.9782600402832,45.70880927502083,36.813873834909174,44.92555170141235,35.86892783972714,45.70880927502083,36.48587723324098,17378000.0,34547800
2021-09-01,44.967506408691406,35.95484161376953,45.52189338571461,36.12664812400166,44.94288677533421,35.47065177645047,45.25108089711736,36.071982009962376,12586000.0,32900100
2021-09-02,44.852603912353516,36.5796012878418,45.224628822695394,36.60302877251787,44.69394679267305,36.02512897058867,45.20730325513508,36.29845955540924,16991000.0,26106300
2021-09-03,45.379638671875,36.5796012878418,46.1382731020655,36.72798032259012,45.13891729538883,36.18912732148101,45.21824411260329,36.626459236273874,25191000.0,20817200
2021-09-07,45.280250549316406,36.50931167602539,45.37234284484353,37.09502255852847,44.770539380928064,36.34531334390363,45.37234284484353,36.6967404692214,12398000.0,26236900
2021-09-08,45.078731536865234,36.3218879699707,45.58114510658843,36.540555422505264,44.50701918390463,36.11884281306006,45.55652895997541,36.3218879699707,13987000.0,15839600
2021-09-09,44.99757766723633,35.9470329284668,45.47263763418408,36.485888916729586,44.93922171370475,35.80646206014433,44.93922171370475,36.29065193062394,13174000.0,21695300
2021-09-10,45.422489166259766,35.60341262817383,46.13735919553747,36.1969316838374,45.27295224580552,35.540935370167325,45.32219149694995,36.134457404910535,16110000.0,20801500
2021-09-13,45.4963493347168,34.814659118652344,45.81640099791176,35.79084400225189,44.976610171577704,34.51789807989573,45.77354448261256,35.720558571469525,14927000.0,37086200
2021-09-14,45.761695861816406,34.91617965698242,46.08539285494206,35.34570040325053,45.44164415993839,34.791228112993885,45.77355001503389,34.88494102621534,14134000.0,24100200
2021-09-15,46.47929763793945,34.96303939819336,46.566833320136446,35.43160696743747,45.53829775014973,34.72875561357131,45.784490551954576,34.79904104686592,23346000.0,28674600
2021-09-16,46.26137161254883,34.728759765625,46.42550014133434,35.13485309775835,45.61032891214377,34.385140726622765,46.065329396406746,35.0489483380078,17569000.0,22424200
2021-09-17,46.138275146484375,34.27579879760742,46.2859929147357,34.720938809596134,45.68236332298817,33.822850618337974,45.95317575311775,34.49446323042167,34470000.0,56370500
2021-09-20,45.11885070800781,34.51789474487305,45.86472308260651,34.869321864830944,44.53711032619099,33.88532592894884,45.499995755861235,33.88532592894884,30105000.0,41873000
2021-09-21,45.09773635864258,34.299224853515625,45.35124497436409,34.93179362383514,44.731253971681724,34.24455874758325,45.3273629154748,34.55693904926484,16935000.0,23645600
2021-09-22,45.979496002197266,34.32265853881836,46.20085701366634,34.66627451970398,45.21070823179862,34.22894563113675,45.39716416078111,34.353897167738765,20610000.0,22616700
2021-09-23,46.32026290893555,34.51008605957031,46.59489603665486,34.92399046552063,45.97949512759225,34.47885040818595,46.15584953215928,34.58037148857473,18370000.0,19719200
2021-09-24,46.37721633911133,34.31484603881836,46.430488466234145,34.681892466459374,46.00154693278884,34.21332496745002,46.133812752754594,34.41637008926621,10605000.0,16150700
2021-09-27,46.37078094482422,34.025901794433594,46.45987614850381,34.46323371699066,45.68465537557201,33.97904384516963,45.90509838090084,34.29923238410676,9831000.0,19955900
2021-09-28,45.10049819946289,33.611995697021484,46.058499613850266,33.79942151004942,45.05640958797989,33.135617038699465,45.64976458373519,33.635423178880075,20124000.0,28512200
2021-09-29,44.95904541015625,33.994659423828125,45.39900648197577,34.11961096238011,44.79095649676889,33.64323526976794,45.3402228390954,33.75256749361597,15783000.0,18037200
2021-09-30,44.541114807128906,33.588565826416016,45.42196179044014,34.400752308023804,44.49978371588187,33.557330176415434,45.42196179044014,34.197707177161675,15735000.0,21103300
2021-10-01,44.76340103149414,33.526092529296875,44.883725822401814,33.6588522381568,43.858671847432774,32.56552700004305,44.80932564156452,33.2059040195456,16052000.0,38483000
2021-10-04,43.71630096435547,33.127811431884766,44.69083323434675,33.85409328175088,43.4251332838983,32.9638130732905,44.54111838695499,33.52609656456235,20093000.0,28906500
2021-10-05,44.58612060546875,33.04971694946289,44.98750800244518,33.416763438644224,43.65934903618484,33.01847831653682,43.715378662179326,33.21371530370476,16557000.0,19342600
2021-10-06,44.894737243652344,32.8154296875,44.94709486358273,32.95600054170934,44.06073638428342,32.55771546175633,44.375782586253614,32.846668317119786,12042000.0,30483800
2021-10-07,45.36684799194336,33.37771224975586,45.91611770598325,33.54951875010646,45.24836273298575,32.963807865590304,45.24836273298575,33.20590277032564,13261000.0,19778300
2021-10-08,45.26858139038086,33.15123748779297,45.74161155896106,33.51047279096012,45.124374532448826,33.06533274593133,45.63322779103795,33.36990193683737,10279000.0,12778600
2021-10-11,45.22174072265625,32.84667205810547,45.88765639574364,33.284001006272106,45.08488137641364,32.80762227709342,45.1207044679647,33.15124128388724,11186000.0,11984200
2021-10-12,44.573272705078125,32.68266677856445,45.62220530856923,32.963808485068355,44.27383946117181,32.534287757500586,45.543215113848674,32.924761687849404,20991000.0,16222300
2021-10-13,44.54847717285156,32.34686279296875,44.582460759459806,32.72952860084832,44.04697487867303,31.97200813290632,44.195771762113814,32.60457704749418,16424000.0,28205700
2021-10-14,45.70486831665039,32.5421028137207,45.84723916444392,32.76857845624178,45.08212330912232,32.42496239726795,45.17764804082796,32.45620103328747,19233000.0,17590300
2021-10-15,46.223819732666016,32.401527404785156,46.46354777619664,32.82323697704895,46.02450477985701,32.31562266516932,46.329445970995636,32.72171590212079,25103000.0,23550300
2021-10-18,46.23392868041992,32.26877212524414,46.29087631948805,32.565533208615975,45.80223313088035,32.050107631749256,45.96113501849363,32.37029620254403,16042000.0,21733000
2021-10-19,46.879634857177734,32.870094299316406,46.923723458947826,32.955999037309525,46.08787953226429,32.44057358843039,46.32209957220113,32.4874285516415,16383000.0,17159800
2021-10-20,46.787784576416016,33.42456817626953,47.15886044877181,33.66666308797529,46.700528873724224,32.87790407249892,46.93566342362747,32.89352338735862,13458000.0,22788300
2021-10-21,47.22499465942383,33.47142791748047,47.28377829634279,33.6510455793887,46.71522346461306,33.135620077671206,46.790541641832476,33.6276180953815,11787000.0,22142300
2021-10-22,47.340721130371094,33.70571517944336,47.889069359798484,33.7291426658726,47.12119613600487,33.29181369743248,47.279179991063344,33.44019274328464,15367000.0,17183000
2021-10-25,47.95245361328125,33.697898864746094,48.17565064678146,33.768184286124345,47.31960360151208,33.244947709401956,47.531777607628236,33.73694565904969,12416000.0,22846200
2021-10-26,49.03628921508789,34.018089294433594,49.13916145630484,34.17427648060041,48.1297240855406,33.51828016982908,48.242697848263965,33.83847164707806,24043000.0,29729100
2021-10-27,48.0479736328125,33.557342529296875,49.238355358936516,34.018102051062726,47.93316036964609,33.33086685371621,48.84799096493525,33.94000544961384,23500000.0,22317500
2021-10-28,48.64133071899414,33.72133255004883,48.676232298789785,34.103995375343096,48.07736589827654,33.533903732194496,48.142582553706355,33.54171487994009,11872000.0,18023400
2021-10-29,48.83421325683594,34.158660888671875,48.87830185761691,34.228946315608475,48.08379254583992,33.471425934078454,48.08379254583992,33.65104358534316,15564000.0,30307500
2021-11-01,48.50171661376953,34.08056640625,48.91779907896348,34.588183740729946,48.21514244811411,33.924376228019256,48.71205460223327,34.47104036228692,16896000.0,32681500
2021-11-02,49.3302116394043,35.494083404541016,49.674651453813986,35.95484279448854,48.37588238147848,33.6198072131084,48.44660704836752,35.205133509547444,16262000.0,69248000
2021-11-03,49.817012786865234,35.0020866394043,49.94744258165011,35.9157972837277,49.02709701371597,34.73656421907134,49.51206810184932,35.54875079645215,14038000.0,44593100
2021-11-04,50.391075134277344,34.5451545715332,50.43240972578162,35.0335945136256,49.68382510208869,34.119743306641965,49.948356677013656,34.891789756918705,15956000.0,38172500
2021-11-05,51.33714294433594,38.29510498046875,51.40603160471107,38.45266618426987,50.50038450630302,36.67222969020821,50.51783704774692,37.88544705267784,18674000.0,173959100
2021-11-08,51.33989715576172,38.07451248168945,51.79363867740339,38.43690106475932,51.261824980801144,37.49941376718074,51.61728427878048,38.29509631395297,17231000.0,57423300
2021-11-09,51.234283447265625,37.26308822631836,51.61087091329914,38.11391706700139,50.989961821585105,37.14491955748828,51.36195577476522,38.07452751072469,15838000.0,29920400
2021-11-10,50.40485763549805,38.61810302734375,51.519006670676745,38.767784513936626,50.3387264864987,37.34186302180527,50.91279279210713,37.34186302180527,18450000.0,42696200
2021-11-11,51.013832092285156,39.53195571899414,51.171815961982205,39.78405244456108,50.40853617883012,38.389640740827076,50.76491701128651,38.78354225017916,14157000.0,42370400
2021-11-12,51.73210525512695,39.17743682861328,51.9727548341863,39.77616869983504,50.93943535223252,39.05138848812915,51.29030469496313,39.721019733470584,13592000.0,27780600
2021-11-15,51.96632385253906,39.11441421508789,52.142678272495715,39.4689231070946,51.420733059510546,38.89382736501343,52.142678272495715,39.17743688280238,13972000.0,27763200
2021-11-16,52.24187088012695,39.07501983642578,52.31167754052833,39.516190510678705,51.68801110852493,38.51568053878269,51.812011395208906,38.97260763053351,13194000.0,31297200
2021-11-17,52.32179260253906,40.07554244995117,52.4797764962622,40.24886009187082,51.81293933638494,39.14593456094084,52.184015258420075,39.3428853339476,12532000.0,36889800
2021-11-18,52.79664993286133,40.500946044921875,52.97300434316476,40.73728630848479,52.321783833369885,39.87070434034426,52.45588564425646,40.25672606961014,12712000.0,32872600
2021-11-19,52.23728942871094,40.020389556884766,53.0171003449247,41.62750830810406,51.98102329552906,39.92585404364533,52.931677132589634,40.93424086547872,19612000.0,47966200
2021-11-22,50.8191032409668,40.33551788330078,52.5422201309549,40.54822507334655,50.745624577046726,39.68951960474559,52.50915455699974,40.138567115321024,25898000.0,27287900
2021-11-23,50.98811340332031,40.2409782409668,51.05608055864811,40.53246450630408,50.3828174973329,39.626489864152894,50.74011632697499,39.847076745288874,17109000.0,24946200
2021-11-24,51.3197021484375,40.09128952026367,51.351849727932276,40.437924723242844,50.27811356515988,39.94948475635939,50.81452439759523,40.31975308491275,12084000.0,18556800
2021-11-26,50.20463180541992,42.541351318359375,51.18835118143978,43.2818848705372,49.90428058004344,41.95049921671549,50.68041595275689,42.572864151702056,14219000.0,66561300
2021-11-29,51.83497619628906,41.280879974365234,52.12981940001445,43.88062937233643,50.855850371085666,41.05241637440851,51.08731292011298,43.44733830687957,18703000.0,72660800
2021-11-30,50.8558464050293,42.32865905761719,51.89467729356309,42.90375494443639,50.70153805104502,40.894857694811975,51.73669342951229,41.2099801283818,22574000.0,64598400
2021-12-01,50.955047607421875,43.07706069946289,52.21523602617111,43.46308241859974,50.82369980142219,40.85545687085225,51.75598296169567,41.336017097117214,21980000.0,59810400
2021-12-02,50.74287033081055,41.785072326660156,51.35459575168677,43.392191186584775,49.96673503111232,41.572365153561606,50.1568629695331,42.39955771212487,22619000.0,46361700
2021-12-03,51.263668060302734,42.75406265258789,52.263003950743794,42.86435457493663,50.554581865676234,41.83233172039014,51.890088557141354,42.312891957963465,20305000.0,37574800
2021-12-06,51.893768310546875,40.55610275268555,52.205142581134304,42.4547080812542,51.06435725991646,40.37490840243397,51.86345673465423,42.36804926043165,22482000.0,53724000
2021-12-07,54.228599548339844,40.745174407958984,54.47383910083059,41.35965982076529,52.53854822895833,39.70527463002672,52.53854822895833,40.37490601550897,29562000.0,41575400
2021-12-08,54.05959701538086,40.493072509765625,54.27820402976684,41.81658169564883,53.49655369872076,40.20158325682046,54.27820402976684,41.55660528170796,17998000.0,37429200
2021-12-09,53.58748245239258,41.028778076171875,54.21390288888411,41.63538368825023,53.49838724784678,40.57972764083085,53.49838724784678,40.57972764083085,29080000.0,38325700
2021-12-10,58.02019119262695,41.580238342285156,59.2206779063348,41.6353843078402,56.81786847586622,40.264608870858126,57.31294109295838,40.33551125589028,57087000.0,26079400
2021-12-13,57.099853515625,43.48672866821289,58.271868257096365,43.90426332022763,57.06035842400697,42.10019362662073,58.233291167075556,42.10019362662073,26898000.0,54923200
2021-12-14,56.479862213134766,43.754573822021484,56.820626506185505,44.07757289106895,55.628405225569374,42.79345332158434,56.74898383999859,43.14796522791194,35956000.0,48685700
2021-12-15,58.77153778076172,46.32281494140625,58.86338699925046,46.417350458191784,56.06010778616757,44.03030837405531,56.54048543566877,44.203625992520365,29092000.0,75202900
2021-12-16,57.00984573364258,48.2529296875,58.84502220062349,48.3947344559796,56.166657682485905,45.49561941964286,58.54191346118056,45.97617969002043,42748000.0,75183600
2021-12-17,58.32146453857422,46.858524322509766,58.78347511842323,48.20566679574286,56.497311283507585,46.24403891476767,56.720508304165726,47.21303629052639,50661000.0,104192100
2021-12-20,59.24639892578125,48.07173538208008,59.34376315361239,48.61531832453043,57.4148981934236,47.13425097272172,57.5260394524852,47.740856587157914,32770000.0,55712200
2021-12-21,59.73725128173828,46.44099044799805,60.035824804356366,47.29969589362163,58.541102390707344,45.030822265741214,59.9091835357988,47.276059758539965,36534000.0,63877900
2021-12-22,60.565494537353516,46.913658142089844,60.746679639045496,47.732973810328275,59.092031787018655,45.86588193607071,59.46733270092195,46.67731789304434,28383000.0,62594900
2021-12-23,61.4528923034668,46.25190734863281,62.00104568760312,47.331199480985156,60.65144938840406,45.93678799305899,60.65144938840406,47.12636904489409,23596000.0,39203200
2021-12-27,62.329219818115234,46.637939453125,62.515941112689134,46.7797442373504,61.421474766427295,45.873769560935905,61.45290764185847,46.362206592584485,19442000.0,27362600
2021-12-28,61.841148376464844,45.7004508972168,62.650906385012426,46.83488914526844,61.659046446133566,44.967796868990064,62.631490924178145,46.51976674186966,17247000.0,36901700
2021-12-29,62.17484664916992,45.361698150634766,62.58064597755197,45.71620709620169,61.85223829884827,44.959916937988325,61.91509699564822,45.14899098015664,14797000.0,26170200
2021-12-30,61.478790283203125,46.007686614990234,62.46048052299095,46.2755396982197,61.36416642749204,45.32229598702613,62.220139270374325,45.49561357183029,11473000.0,24559000
2021-12-31,61.50929260253906,46.51976013183594,62.05467450515574,47.11061230033147,61.311477765388915,46.039199887289506,61.653494533987924,46.110102267718155,12046000.0,28579600
2022-01-03,61.31609344482422,44.6290397644043,62.090723013615126,46.125863614724345,61.121974115621484,44.38481976011525,61.59341080224147,46.08647406699511,22591000.0,57219200
2022-01-04,62.01863098144531,42.958892822265625,62.136026463204296,44.45571959174214,60.75314915663043,42.494088973237,61.27542716919461,44.29028169765475,21103000.0,66993100
2022-01-05,59.43775177001953,43.82548141479492,62.04543200324071,44.463599916836905,59.34623182328059,43.62065095334619,62.04543200324071,43.99091932234433,34961000.0,52956400
2022-01-06,58.885894775390625,43.2031135559082,59.96002530300109,43.82547860273231,58.6455570516369,42.927383727684735,59.17522603368716,43.455210257492446,28581000.0,37000400
2022-01-07,57.23310470581055,43.896385192871094,59.15212167808965,43.93577474278632,57.16932213067961,43.03767978170703,58.77682074632488,43.612775625113414,27832000.0,27703400
2022-01-10,57.41889953613281,44.30603790283203,57.500242762923456,44.32179131675785,55.79290950700639,43.1243335132375,56.281910372932906,43.88850030828579,29793000.0,34044700
2022-01-11,57.50117492675781,44.66054916381836,58.05117973210499,45.243524682306095,56.809736284336296,43.967284715902466,56.899401437023386,44.707818423770284,19037000.0,33576600
2022-01-12,57.49654769897461,44.6290397644043,58.32756531524479,45.030817959610296,57.287635807721585,44.038187532776156,58.00588084918945,44.38481976011525,18806000.0,27608500
2022-01-13,55.20316696166992,43.754573822021484,58.040091847852175,44.70781461052381,54.92215406075691,43.50247713423954,58.0021953758586,44.534497010712634,30048000.0,28117900
2022-01-14,55.127357482910156,43.28977584838867,55.49803195525394,43.628531381916396,54.72340238889017,42.94314060185985,55.072817180360275,43.31340897693201,25661000.0,27072500
2022-01-18,53.40985870361328,42.62800979614258,54.63466536958353,42.97464194469317,53.243469687227446,42.09230365414583,54.383234096846714,42.935252405917055,35825000.0,35598000
2022-01-19,52.13235092163086,42.178977966308594,54.05136740973866,42.92739149942041,52.07319125815294,42.10807556832473,53.76018846167348,42.26563678664779,22692000.0,27300400
2022-01-20,50.63024139404297,42.58074951171875,52.70270600900604,42.951017865677194,50.54242399111433,41.80870296928417,52.50488764702027,42.50984712490181,25225000.0,35105300
2022-01-21,49.29081344604492,41.58811950683594,51.34016706387471,43.22674812168808,49.11610251771722,41.32814308423011,50.530409098361524,42.87223618414825,38010000.0,41059000
2022-01-24,50.062679290771484,40.603370666503906,50.24108574331632,41.0130286206808,47.457770182244246,39.24834843385959,49.074514745379844,40.768808588797405,54256000.0,59036400
2022-01-25,49.37492370605469,41.39116287231445,50.415776955125615,41.627503128621406,48.45793655657287,40.36701975816473,48.80735130330001,40.46155525964163,38158000.0,43983200
2022-01-26,51.4991569519043,41.761436462402344,53.075225978492924,42.24199678192372,50.8474661352854,41.32814540561799,51.02587254383039,41.41480421802086,49715000.0,39644800
2022-01-27,50.130149841308594,42.364715576171875,52.71379887689154,43.32520704507937,50.011830490994136,42.0710131248604,52.66388146844392,42.08688934223924,34183000.0,36957200
2022-01-28,51.77461624145508,43.12676239013672,51.81159235487765,43.39664902336971,49.213154695940126,42.15039462415544,50.22720150970666,42.68223735148179,30254000.0,28590400
2022-01-31,54.15768051147461,41.82493591308594,54.20297502091443,42.975935923800044,51.395625204694745,41.586798710750315,51.709915148786735,42.864805431248676,40288000.0,38644600
2022-02-01,54.78996276855469,42.1265869140625,54.89903985973856,42.198028392714754,53.22775864455917,41.58680752604094,54.15676343096357,41.86463684439056,25719000.0,27883300
2022-02-02,55.77996826171875,42.75368118286133,55.90660952447324,42.968005604689054,54.87407454219735,41.634433443147145,55.37046992674029,41.94401215420522,24443000.0,32039300
2022-02-03,53.692718505859375,42.372657775878906,55.37232155587272,42.77749074538417,53.625240436751774,42.14245715200384,55.06265448475592,42.33296874405745,30602000.0,22635800
2022-02-04,54.553314208984375,42.071022033691406,55.14214636362657,42.41235320941866,53.25733055486351,41.77731952018638,53.27951763591825,42.08689825443215,20548000.0,24932200
2022-02-07,54.3194465637207,42.23770523071289,55.60895955986138,42.531410684830185,53.998685975735384,41.467728436607146,54.55331362889333,42.3091466887308,18671000.0,32358500
2022-02-08,55.483245849609375,41.03908157348633,55.63392195040897,41.11845962911726,54.26029048862385,39.443556613827624,54.38877950713393,40.19766025463635,14570000.0,67922000
2022-02-09,56.51115417480469,40.85650634765625,56.54628254397443,41.05495449890295,55.6071082098749,40.404044805060046,56.14232745594211,40.991449637026335,22004000.0,38522200
2022-02-10,54.66423797607422,40.16590881347656,56.816197767317135,40.77712954678723,54.4063325747497,39.99921307568605,55.02844177254944,40.51517953427054,24920000.0,34200600
2022-02-11,53.00590133666992,40.30879592895508,55.440725527909755,40.67394290483346,52.604721376645486,39.75314341190363,54.664244659690176,39.95159160458746,27281000.0,34997800
2022-02-14,53.48288345336914,39.53087615966797,53.873893736569116,40.08653165957488,52.69623293817636,38.48307002982242,53.1519531911381,39.54675237716003,19291000.0,42973100
2022-02-15,55.718955993652344,39.522945404052734,56.02122849852644,39.72139360990388,54.37675407874535,39.062544113000015,54.44885503308746,39.530881999931886,34284000.0,29150000
2022-02-16,55.20500564575195,39.43562316894531,55.53778365522115,40.308793962934516,54.281547727345966,39.23717498594059,54.91382312434807,39.36418170194045,22931000.0,27672600
2022-02-17,53.521705627441406,38.81646728515625,54.68457735233288,39.65788567516846,53.51153596110753,38.697397159587425,54.51079383432578,39.53881857767872,21424000.0,21231700
2022-02-18,53.61322021484375,38.522762298583984,54.32961398994426,39.308618476083936,52.99295870477831,38.260812258136745,53.701037613729866,38.72121049180245,19708000.0,26955300
2022-02-22,53.37935256958008,37.728973388671875,54.55794083340664,38.34813387400138,52.6722010217789,37.586090432678866,53.6132231794575,37.73691301293783,20204000.0,34814800
2022-02-23,52.24513244628906,37.20506286621094,54.082802384595034,38.22905617223627,52.20353343438406,37.13362140234687,53.635400550867594,37.77659457712346,22416000.0,25793000
2022-02-24,53.6141471862793,36.48271179199219,54.14012068349282,37.117745346841716,50.75041261599208,36.03818981763695,50.98705484865837,36.40333373316557,35316000.0,44227300
2022-02-25,54.35457229614258,37.879783630371094,54.4812135602186,38.125857397032696,53.05951603484193,36.30807465447931,53.598430786435685,36.36363989392409,22380000.0,31199200
2022-02-28,54.301883697509766,37.26062774658203,54.75113330639551,37.44319970175622,53.2795183629479,36.78435334422143,53.70658089047613,37.16537347172567,25005000.0,35296100
2022-03-01,52.70085906982422,36.31601333618164,54.318527309733426,37.419384622996,52.2553049299284,36.069936527292654,54.05692637128706,37.06217732882767,24898000.0,29854500
2022-03-02,54.14842987060547,37.86391830444336,54.58751328951788,38.046490290565046,53.020686605565814,36.51446989824036,53.10757659444639,36.60178759335927,21771000.0,36516200
2022-03-03,53.4847297668457,37.96710968017578,54.880544687752305,38.570390853618385,53.09001694569305,37.68928039355319,54.87869693976878,37.848039553326224,26454000.0,30553300
2022-03-04,55.09223175048828,38.618011474609375,56.00921906128759,38.713265739421715,53.98482412424417,37.63370731128693,54.79642984716423,37.70514876691581,44757000.0,33217300
2022-03-07,52.75446701049805,38.08617401123047,55.35012976361378,38.7688362289902,52.68976056909107,37.72103008994281,55.192986556264444,38.30049840713728,26494000.0,33171300
2022-03-08,53.23976516723633,37.657527923583984,55.0977708336465,38.43544447491556,52.09907707687469,36.88755099567774,52.89034688155465,37.76866145498487,26993000.0,32913300
2022-03-09,55.18744659423828,38.69739532470703,55.61451268644536,39.0704788742587,54.261216967632535,38.10205078125,54.42668211374416,38.20524468331132,22560000.0,24718900
2022-03-10,54.32868957519531,39.05459976196289,54.54037308868965,39.12604122300618,53.27859392626318,38.14173698508508,54.12809960226258,38.348124773911806,19323000.0,24542300
2022-03-11,53.415409088134766,39.90395736694336,54.94803518548466,40.404047590422095,53.34793101343096,38.84821167605255,54.72341035079053,39.0069708136101,19813000.0,33701900
2022-03-14,52.48639678955078,41.475669860839844,53.612295951186,41.999572937958874,52.20446006213706,39.99921490857378,53.33313084580178,40.26116796117276,25234000.0,42314500
2022-03-15,54.79365158081055,41.44392395019531,55.16340215201178,42.00751614666299,53.15564777006045,40.626318284106176,53.36178449809273,41.76937889740279,28260000.0,30172100
2022-03-16,56.121070861816406,42.007511138916016,56.17560764032055,42.28534041999886,53.9894430789607,41.42010619597113,55.15324227574765,41.70587207224877,29454000.0,29891400
2022-03-17,55.709716796875,43.05532455444336,56.10997640440915,43.0632611504111,55.243830397140954,41.90432434204231,55.899216759951805,42.00751523001971,18174000.0,30598600
2022-03-18,56.42518997192383,43.26963806152344,56.68401574835194,43.658597810737405,55.0922301708456,42.63460451716484,55.82988715990245,43.16644719236934,41538000.0,51815000
2022-03-21,55.9580078125,43.015628814697266,56.35911022658985,43.89673926771427,54.80123148913467,42.78543121435083,56.35911022658985,43.05532087538235,25789000.0,34592500
2022-03-22,56.89329528808594,42.1027717590332,57.094311570972906,43.11882559625704,55.77560527832459,41.674122910924666,55.99802855458542,43.02357130603713,19262000.0,32253600
2022-03-23,55.7802619934082,41.428043365478516,56.8960918114626,42.46791297899797,55.75978867061416,41.40423055148495,56.582466918867745,42.08689281470542,13839000.0,29183700
2022-03-24,58.29762649536133,41.74555587768555,58.37114514486563,41.951940635779806,56.02409003883298,41.50741868662951,56.45497059934464,41.70586685052265,26016000.0,25177500
2022-03-25,58.52470016479492,41.8963737487793,58.66801697723576,42.26945725124964,57.70574238645608,41.68204937681199,58.35811611458502,41.864624345141536,14538000.0,17429600
2022-03-28,58.89787292480469,42.293277740478516,58.936962872760965,42.51554177477219,57.306492068336745,41.67412034997843,58.24643296022592,41.69793316405025,14427000.0,21863700
2022-03-29,59.697296142578125,41.86463165283203,60.05465448280009,42.92831407637157,58.62985752882179,41.76937434105542,59.56049018800943,42.864809201853824,23001000.0,39970000
2022-03-30,58.731300354003906,41.626487731933594,59.959735238399766,42.642544438094575,58.3813829687617,41.25340722530713,59.45533248359604,42.229771874353986,18626000.0,27599600
2022-03-31,58.600074768066406,41.09464645385742,59.46742720145713,41.97575679271435,58.44838332316711,41.07083364299492,58.67452708341261,41.27721840265356,21731000.0,26055200
2022-04-01,58.34880447387695,40.935890197753906,59.055153566291025,41.40422802218519,57.5773078334027,40.562806651557096,58.787129503109306,41.3724755867474,16267000.0,19073100
2022-04-04,59.08121871948242,40.43579864501953,59.255247293499366,41.174026090910694,58.119874240566865,39.98333705277383,58.29669317910468,41.102584627499326,16484000.0,20462800
2022-04-05,57.152008056640625,40.6739387512207,58.840178376005326,41.39628997770036,57.04777765986955,40.28497900092605,58.587977026652,40.33260765241483,19778000.0,21176700
2022-04-06,56.024085998535156,41.96781921386719,56.916562365230455,42.142454576905386,55.25817359844655,40.6104344231944,56.031530520090634,40.6104344231944,23742000.0,31717500
2022-04-07,56.12179946899414,43.78561019897461,56.54895949342814,43.984058396582014,55.20884982167921,41.67412149755499,55.82213707693209,41.67412149755499,16583000.0,36305700
2022-04-08,54.628143310546875,43.793540954589844,55.70674704047118,44.11899886222171,54.53228754057506,43.22994887527967,55.59413843251199,43.539527537771775,20464000.0,24612200
2022-04-11,54.0334587097168,42.809242248535156,54.84031769194116,44.70640639217214,53.92364403745431,42.690172127588326,54.21679202058155,44.02374415864542,23512000.0,22054300
2022-04-12,54.448524475097656,42.15833282470703,55.70674092667741,42.80924262800724,54.178640154330445,41.79318889174916,54.824499441228156,42.30915235490816,17350000.0,22810700
2022-04-13,55.143699645996094,42.150390625,55.53177322799199,42.721922330747674,54.539717222407845,41.832875365868134,54.76772119082622,42.17420646479202,20266000.0,15777800
2022-04-14,53.40435791015625,42.16626739501953,55.56435924191219,42.79336435503926,53.31222617825676,42.10276555359209,55.37171758424442,42.38853141021267,27385000.0,17240100
2022-04-18,54.581607818603516,41.150211334228516,55.02086655488517,42.15832836890667,53.31129265496391,40.9835156035069,53.31129265496391,41.936067394611186,21375000.0,17065000
2022-04-19,55.6164665222168,39.832523345947266,55.71697288358027,41.1819717251042,53.9171311922864,39.189550081386805,53.9171311922864,41.007336338366464,16581000.0,33441500
2022-04-20,55.62577819824219,39.49118423461914,57.087801402327905,39.816639099148134,55.38474537521559,39.06253547799697,56.22882709160261,39.68963239660216,13920000.0,24751800
2022-04-21,55.16139221191406,38.983158111572266,57.314879113434884,39.697569690456504,54.96875410696679,38.83233556783637,56.3535346313901,39.63406785210352,20352000.0,19105600
2022-04-22,54.623477935791016,38.20524597167969,55.72069452147083,38.97522288142249,54.55926406181579,38.02267400223226,54.91755958618687,38.856155785563224,21064000.0,22156800
2022-04-25,54.71002960205078,38.85615539550781,54.79192643825478,39.04666395820183,53.15029052897722,37.403513221590615,54.115355405833725,37.98298156091003,26959000.0,27390600
2022-04-26,52.121944427490234,38.919654846191406,54.48482216284495,39.888082902562225,52.088442304259296,38.83233716529518,54.330336797313784,38.88790543974818,35809000.0,25366500
2022-04-27,52.0726203918457,39.483253479003906,53.05350804591093,39.61819679562908,51.65011448387153,38.268748488981835,51.72363313181955,38.983163188994816,19313000.0,25819200
2022-04-28,53.8780517578125,40.09446716308594,54.443874493280994,40.300854956786985,51.926514825700544,39.28480128957809,52.668229928934245,40.03890191741537,22334000.0,28225400
2022-04-29,51.593345642089844,38.951412200927734,53.816627112207854,39.95952941375375,51.50121391333654,38.895846947534736,53.28989079168095,39.58644583119001,26108000.0,28343300
2022-05-02,53.63701248168945,38.3719367980957,53.75706560159652,38.70532825740919,51.77854105239433,37.673398418671084,51.84926933426169,37.8480337705469,26725000.0,36228400
2022-05-03,54.0855827331543,39.12604904174805,54.60487454517683,39.72139366005311,53.21078569774628,37.863918329818134,53.60537732526073,38.79265448089596,17064000.0,33716900
2022-05-04,56.17857360839844,39.41974639892578,56.2167298892199,39.5864421435765,53.4164536460378,38.03060913734532,54.1432796745065,38.808525640460914,23896000.0,28613700
2022-05-05,53.97575759887695,38.459259033203125,55.63972691709609,39.33242983993532,53.44529733115035,37.744844352728414,55.30097814685829,39.26098837188785,32806000.0,28333000
2022-05-06,53.985992431640625,38.92759704589844,54.90545997155159,39.07047998262781,52.99300980550741,38.133804298770386,53.505787117127454,38.173493330510986,20745000.0,19891400
2022-05-09,52.38718032836914,38.61008834838867,53.79057402225606,39.030797640123275,52.140563209461,37.91948933431419,53.31408907284606,38.40370351510748,30074000.0,25012300
2022-05-10,54.10606384277344,39.28480911254883,55.01436313384464,39.61026405689099,53.21358726998306,38.64977241600661,54.02230674328958,38.92760172776368,29271000.0,27335900
2022-05-11,52.777103424072266,39.2530517578125,54.413158527011696,39.88014875169475,52.660774350375576,38.91965723105929,53.47228750211893,38.951409667527024,26660000.0,29699500
2022-05-12,53.192169189453125,40.32541275024414,53.382016906020425,40.35742413044986,51.953495999514224,38.98896968077457,52.43184110162749,39.21304323666809,25518000.0,33468400
2022-05-13,54.743534088134766,39.949283599853516,55.05529516169678,40.64551732843322,53.37177897431482,39.75722143890071,53.70215667624186,40.31740833843025,19449000.0,22423700
2022-05-16,54.22517013549805,40.54948425292969,54.827292403815534,40.853586243939404,53.757993575303324,39.9092719450985,54.384309650862114,39.9092719450985,14189000.0,19435600
2022-05-17,56.59642028808594,41.085662841796875,56.67552675714395,41.229710988035535,55.2432818225856,40.15735426202163,55.41451646013638,40.77355954253744,24676000.0,19918200
2022-05-18,53.09910583496094,40.333404541015625,55.904962678286246,41.14967311224079,52.69055887256549,40.14133937246293,55.837958434594825,40.98962236668121,35024000.0,22276000
2022-05-19,50.83207702636719,40.53347396850586,52.18521891655886,40.72553609823016,50.15736987395667,39.68519091270142,51.92929355525484,40.013299849355235,34884000.0,19865500
2022-05-20,50.5510368347168,41.98996353149414,51.649183682483056,42.1740243694221,47.6893406301571,40.9176068280382,51.547743641012545,41.02964359436192,40281000.0,31250400
2022-05-23,48.98478317260742,42.31806945800781,49.841893654784045,42.97428737291326,47.85871493286482,41.99796181781226,48.76515380354449,42.077990254247496,58586000.0,24035800
2022-05-24,48.78376770019531,42.74221420288086,49.218375869891084,42.90226804064008,48.03833207875302,42.18202729711011,49.01270540458946,42.18202729711011,25060000.0,26729800
2022-05-25,49.4752197265625,42.9822883605957,50.01684858672493,43.25437893684381,48.75584182728654,42.45411289526382,48.75584182728654,42.57415402260989,17842000.0,24003900
2022-05-26,51.2462158203125,43.20636749267578,51.61009208277319,43.950612146969604,49.11134230749175,43.11833773443327,49.46684392748972,43.262385874689585,39743000.0,23516300
2022-05-27,54.28194046020508,43.142337799072266,54.48482053663374,43.542470779235344,52.116358593085145,42.83023456298864,52.30993035495519,43.15033911545569,37301000.0,21407500
2022-05-31,53.988792419433594,42.44612121582031,54.63092767038671,42.81424294586682,53.604439260251546,41.565826538540335,54.395479143395114,42.670194781453255,30009000.0,66058200
2022-06-01,53.382957458496094,41.90993881225586,54.99481554677631,42.6381809108247,52.89995810495696,41.48579871556056,54.68212074358137,42.61417390241499,18345000.0,17430600
2022-06-02,53.673309326171875,42.15802001953125,53.76916508923045,42.20603708638296,52.87203452683485,40.845584053314575,53.767304846282315,41.90993641995692,29488000.0,21903400
2022-06-03,52.42439651489258,42.574161529541016,53.00883225639929,42.838247782385885,52.20662740639511,41.98196321113189,52.94089789396885,41.98196321113189,20562000.0,18125000
2022-06-06,52.22990036010742,42.622169494628906,53.29919572003092,42.990294206501346,51.886497374543666,42.41410165989473,53.18752078937913,42.56615111401691,14557000.0,16544400
2022-06-07,53.324310302734375,43.18235397338867,53.468557201189604,43.190358343190795,51.88555115301391,42.42210063913601,52.16567385850485,42.638172832203985,15895000.0,15091200
2022-06-08,52.61425018310547,42.79022216796875,53.62957009942166,43.66251219279667,52.31458775723598,42.74220511102297,53.21543882792089,43.26237920989895,24004000.0,12789800
2022-06-09,51.76364517211914,41.437774658203125,53.38480406194563,42.9342743540291,51.736653902932076,41.37375496231531,52.223377168496356,42.6301724034371,18787000.0,17572700
2022-06-10,50.37235641479492,39.989295959472656,51.28158569350267,41.109666610811196,50.228109478643375,39.97329027195418,51.193174448722246,41.06165260102852,24018000.0,23826000
2022-06-13,48.17140579223633,38.34075164794922,49.60271706090698,39.43711543364409,48.022504717666465,38.18069780520899,49.02386559792532,39.06899373228276,31619000.0,26989000
2022-06-14,48.408721923828125,38.348751068115234,48.85542876566286,38.78889987705723,47.889430101558254,37.78856722541266,48.85542876566286,38.21270729282261,24380000.0,23290300
2022-06-15,49.01734924316406,38.82090759277344,49.67995775604486,39.19703364077842,47.97596833401813,37.756555255563306,49.24442310657069,38.316742142250554,19141000.0,25748000
2022-06-16,46.26919937133789,37.99662780761719,47.874543054066876,38.41276647745565,45.81319129514458,37.6605175662702,47.643745101170964,38.16468292829068,37244000.0,20424500
2022-06-17,46.4059944152832,37.236385345458984,46.56513036864571,38.4367846466307,45.40276978376094,37.0363187952637,46.06631196702584,37.91661344778693,43504000.0,45047700
2022-06-21,47.271156311035156,38.50080490112305,47.94113744373401,38.76489114274328,47.18858409221335,37.572496290772776,47.300247017744226,37.86859391100549,21901000.0,19622100
2022-06-22,46.55144500732422,39.2690544128418,47.27115632209238,39.677191803566345,46.37315659584343,38.22870916942888,46.57115022948133,38.43677699700239,24721000.0,20382900
2022-06-23,46.59648132324219,40.08533477783203,47.08160558826511,40.14935448750425,46.07382228279994,39.19703879192672,47.08160558826511,39.39710534540906,16707000.0,20061700
2022-06-24,47.770355224609375,41.285728454589844,48.02464742817805,41.325741149261546,47.053457462101434,40.25338444708624,47.38657054829538,40.53347941533397,21201000.0,24343200
2022-06-27,47.45319747924805,41.51780700683594,48.234841560975966,41.79789892669091,47.18201710323885,41.02163981627431,48.21232284048765,41.19769933891056,13207000.0,16154300
2022-06-28,46.771949768066406,40.54148483276367,48.2451556074455,41.589834634700956,46.7400455688702,40.341418286401286,48.10065066841814,41.477797857181734,15667000.0,16417900
2022-06-29,46.017520904541016,40.76555252075195,46.53548721201193,41.16568555588888,45.666578265362396,40.541478997962564,46.49326327357992,40.59749737865991,14444000.0,13925700
2022-06-30,45.585880279541016,41.95795440673828,46.32998947284348,42.32607610235345,45.10732084867042,40.88559764572268,45.79419362672896,41.365756113675246,18890000.0,33495700
2022-07-01,44.838016510009766,41.86191940307617,45.44137209177019,41.90993341371077,44.04886629689826,41.01363626618229,44.98533853375538,41.64584719690208,21315000.0,16143300
2022-07-05,44.69351577758789,41.32573699951172,44.75263144324829,41.525803505553334,43.53090052723962,40.33340883909799,44.29002585542187,41.41376675061365,20711000.0,18406800
2022-07-06,45.285614013671875,42.21403884887695,45.70224075196942,42.38209400546761,44.61844638516144,41.27772893120923,45.09043745916288,41.32574294579339,22975000.0,21305500
2022-07-07,46.780399322509766,42.75020980834961,47.047828348150816,42.846243929836014,45.80170308668541,42.246044408022826,45.80170308668541,42.374086850565405,21319000.0,17847600
2022-07-08,46.79447555541992,42.550148010253906,46.88268192761721,43.1503475984933,45.979051636677184,42.222039024127284,46.259617486007414,42.45411693091203,12713000.0,11322700
2022-07-11,45.30906677246094,42.32606887817383,46.13105903068531,43.006296819907796,45.132657622137074,42.214032124958784,45.93119333019055,42.41409862792067,21449000.0,12921400
2022-07-12,45.169254302978516,41.645851135253906,46.22301645696106,42.238046376083666,45.047268072453484,41.381761840698104,45.774489134278234,42.16602230054782,21159000.0,14633500
2022-07-13,45.20302963256836,41.445777893066406,45.56992254026905,41.86191658964451,44.31722906561835,41.2217013316643,44.569645572987554,41.501796270223785,17665000.0,12927300
2022-07-14,45.47609329223633,41.125675201416016,45.66751491797308,41.285729035126316,44.424203234351566,40.51747429664442,45.270593441206046,40.61350537576142,19957000.0,14023800
2022-07-15,46.39755630493164,41.41376876831055,46.423829935462415,41.54181121630456,45.61591221712751,40.35741780916676,46.05693694062005,40.84558059613542,18714000.0,19885700
2022-07-18,46.07850646972656,40.61349868774414,47.14353323529526,41.58982416510518,45.80920182317336,40.42943787775799,46.93240283099343,41.58181979571265,18042000.0,15742900
2022-07-19,47.761905670166016,41.10967254638672,47.982414402000245,41.221709322419606,46.53173089981066,40.501471596733964,46.61712017951953,40.84558629613394,27257000.0,13402100
2022-07-20,48.02183151245117,40.669525146484375,48.569829953665774,41.18169498960408,47.336837935324645,40.421441543135046,47.812580319538874,41.125676603811186,27412000.0,12774400
2022-07-21,48.576393127441406,40.90959930419922,48.58858852819832,40.92560499140791,47.4822791869197,40.157350322026865,48.09502022054695,40.46945359066462,13912000.0,15103800
2022-07-22,48.09221267700195,40.99762725830078,48.77439281834867,41.23770645035002,47.54421776571029,40.77355375275783,48.68243511140721,41.02163426167394,17867000.0,10932100
2022-07-25,48.14757537841797,41.429771423339844,48.167280600664036,41.517801172287044,47.530141501860925,41.08565679714947,47.89891372919183,41.08565679714947,15061000.0,12995800
2022-07-26,47.95802688598633,41.85391616821289,48.49476060084009,42.29406191001629,47.754402687253645,41.38175904993614,48.29020214911248,41.48579449708807,17958000.0,16632500
2022-07-27,49.52507019042969,41.57381820678711,49.7502752932753,41.8138973898586,48.50602560139825,40.96561435338206,48.62519477065735,41.56581383744701,25699000.0,19203500
2022-07-28,50.071189880371094,40.904441833496094,50.344249503975206,42.20286799148162,48.84852106550885,39.597949197004986,49.60014019462039,41.00928144238749,14867000.0,38984900
2022-07-29,50.24665451049805,40.735084533691406,50.46716684343423,40.8963802821743,49.75777533227221,39.74311983374331,49.91823417177176,40.775410778157514,18482000.0,25037900
2022-08-01,50.33016586303711,40.815738677978516,50.651079948045236,41.37220584447283,49.77372339772435,40.4447605669823,49.86662250035579,40.581859969387516,11485000.0,19709900
2022-08-02,49.845977783203125,40.07378005981445,50.59571756244641,41.509309027997574,49.47251643202749,40.025393482361025,50.03458591346675,41.04961808342449,13072000.0,17802000
2022-08-03,51.303226470947266,40.210880279541016,51.42145777611777,40.380239444025065,50.11903059555102,39.79151253191807,50.228817830212975,40.154427224713004,19228000.0,16500100
2022-08-04,51.87187194824219,40.210880279541016,51.90471398230983,40.3641095602941,51.14089954748432,39.686669825897155,51.45993798393282,40.24314004700295,16293000.0,17026300
2022-08-05,51.744266510009766,39.73506164550781,51.796813772427505,40.2995953010564,50.97857271547448,39.56570247178151,51.13058750705189,40.03345681966285,14357000.0,16376600
2022-08-08,51.189697265625,39.97699737548828,51.88970332178407,40.170552883441644,50.55255820287621,39.46891685901357,51.54814615551354,39.83183151363836,13722000.0,16071800
2022-08-09,49.99517822265625,40.14635467529297,50.60979857125438,40.412493101928035,49.52131507954384,39.93667237141163,50.58540060791001,40.12216139158443,20072000.0,12095600
2022-08-10,51.64761734008789,40.28345489501953,51.70485734650327,40.364101220551056,50.599481984042704,39.82376407127759,51.23943463409297,40.2673250146212,19519000.0,17355100
2022-08-11,51.18031311035156,38.94471740722656,52.33823560413503,39.62215720727519,51.06958802023884,38.55760938955036,51.97978670494006,38.8882643469276,14268000.0,44048800
2022-08-12,52.38140106201172,40.412498474121094,52.398289206588665,40.638310689312995,51.20095626712075,39.154395254207614,51.40363905863841,39.154395254207614,18399000.0,25835500
2022-08-15,52.44990158081055,40.12216567993164,52.52778463938722,40.380237655273646,51.65605851468396,39.83183393855673,52.00606336198734,40.299591316652,14329000.0,15797800
2022-08-16,51.76396560668945,40.210880279541016,52.354184406418696,40.468952266315014,51.234738135186554,39.80764241564905,52.314773964269975,39.82377229938002,14782000.0,12874800
2022-08-17,50.538475036621094,39.73506164550781,51.112743429637334,40.21088247392522,49.83002144832586,39.71893176089661,51.08083923230168,40.04152330019892,19022000.0,13607200
2022-08-18,52.402042388916016,39.178592681884766,52.600032431741155,39.93667876523728,50.823738302772675,39.01729691959721,50.99076555505621,39.831836058281255,23459000.0,18916300
2022-08-19,51.461822509765625,39.63828659057617,52.13274153225162,39.88022871400213,51.40927524620961,39.299565156611024,51.68984112255729,39.38827798637478,16923000.0,15350200
2022-08-22,49.61513900756836,39.43666076660156,50.96072795244878,39.839898594168204,49.455621602684126,39.30762478483866,50.91193561455324,39.68666625075817,18555000.0,13601200
2022-08-23,49.71180725097656,38.718902587890625,50.44747254856031,39.130206977032145,49.63016927509092,38.51728363381057,50.09371275907454,39.04955754952347,9003000.0,16248900
2022-08-24,49.8112678527832,38.25114440917969,49.854433209249194,38.718898736356124,49.11689229598644,38.21082123766701,49.69116084798513,38.630188989612556,11883000.0,15551500
2022-08-25,51.621337890625,38.63018798828125,51.654179926750004,38.67051115874871,49.94451122416258,38.12210742630129,50.05617414698758,38.32372635509929,17345000.0,14460000
2022-08-26,48.874794006347656,37.759193420410156,51.70203707256968,38.678575260082475,48.79409745048203,37.66241719425011,51.50029210339195,38.404373388911715,25682000.0,16546700
2022-08-29,48.24796676635742,37.28337097167969,49.05119154271463,37.65434905264113,48.04340834796804,37.194658153088774,48.7940858763165,37.40434355638742,16580000.0,13400500
2022-08-30,47.516998291015625,36.976905822753906,48.597975450886075,37.38014363140536,47.04782435049263,36.93658265718083,48.4975701085424,37.37208022887487,18282000.0,16303000
2022-08-31,46.833885192871094,36.47689437866211,47.870759277282495,37.331759700928295,46.59272979156518,36.39624804181799,47.870759277282495,37.10594442013577,32445000.0,26416800
2022-09-01,46.167659759521484,37.6059684753418,46.28776675615981,37.62209836097174,45.11952450826525,36.40431814583016,46.116988166137325,36.40431814583016,31930000.0,19947600
2022-09-02,46.93803787231445,36.8559455871582,48.776261057726906,37.74306775852239,46.75787739573036,36.71884309800637,48.60642031756752,37.6946811782603,40426000.0,14667700
2022-09-06,46.74850082397461,36.90433120727539,47.292744425802326,37.452734996692634,46.01377339331273,36.71884214268736,46.77946719817821,37.06562698236182,24738000.0,17153500
2022-09-07,47.398765563964844,37.202728271484375,47.80225542717716,37.267244733567445,46.83106554235519,36.5978714417086,47.19045222602279,36.85594344296272,20440000.0,15378900
2022-09-08,48.03684616088867,37.96887969970703,48.112849966162145,38.00113639152289,46.79541010693813,36.99304170633263,47.16136522566555,37.1140142991398,22535000.0,18271000
2022-09-09,49.01929473876953,38.5817985534668,49.354283470890806,38.70277114200596,48.36620183775204,37.98500516724669,48.36620183775204,38.06565458509304,23019000.0,17501700
2022-09-12,49.64423751831055,38.517276763916016,49.850675223302474,38.993097533736574,49.221983782846756,38.46082371295939,49.42748007577715,38.77535180945274,18157000.0,13744800
2022-09-13,47.25989532470703,37.25110626220703,48.63175811579404,38.162424537077634,47.07503851924614,37.1140068890951,48.21606923601996,38.009195283047795,35136000.0,16603200
2022-09-14,47.926116943359375,37.21885299682617,48.13724377687338,37.42853531510604,47.17731504736349,36.92045478711568,47.5864354813346,37.25917616459609,20605000.0,17162500
2022-09-15,46.9305305480957,37.049495697021484,48.002122217384034,37.331764061870416,46.66216371456121,36.855943235401384,47.75533984767269,37.186598177424884,36574000.0,15802000
2022-09-16,47.151981353759766,37.12207794189453,47.26364426557478,37.59789875942513,45.9659096810588,36.80755289032464,46.70345046211107,37.170467594620995,59012000.0,30629500
2022-09-19,47.090057373046875,36.64625549316406,47.235503756741934,37.001106777774616,46.39380614639549,36.11398164270895,46.39380614639549,36.839811018993515,17948000.0,16256200
2022-09-20,46.26618576049805,36.10592269897461,46.807612235668216,36.50916060750487,45.95277787550761,35.839784202643315,46.54205886680959,36.2914117677232,17132000.0,15369000
2022-09-21,45.62086868286133,35.420406341552734,47.299454581305746,36.27527157219656,45.585856257741696,35.40427953708078,46.458268434457224,36.138172198963424,20669000.0,17505200
2022-09-22,45.19224166870117,35.94462203979492,45.72212052720453,36.29140684016222,44.75603369750721,35.097823162149936,45.648316487559995,35.2187926724074,23540000.0,18508100
2022-09-23,44.34725570678711,35.54945373535156,45.22818265500697,35.93656173922871,43.71518405209853,35.14621584675526,44.940532155295685,35.839782430913715,29649000.0,18871700
2022-09-26,43.73978805541992,35.34782791137695,44.78441073963568,35.7510657214919,43.64989636887568,35.21878885873824,44.37564251661626,35.33169802979712,19361000.0,18680200
2022-09-27,43.975399017333984,35.55751037597656,44.46175411476235,35.9526847852764,43.19571919088706,35.27524513823407,44.42958599622261,35.66235306847821,17850000.0,21562700
2022-09-28,44.08989334106445,35.83171463012695,44.35388704145818,36.13817624926546,43.180577294728906,35.662355476048,43.652739726686356,36.0252670700856,27605000.0,16532600
2022-09-29,42.59202575683594,35.61396789550781,43.6555731726463,35.98494599068397,42.09526086069368,35.44460873159619,43.611100178550934,35.81558682677234,39997000.0,13559900
2022-09-30,42.01294708251953,35.29137420654297,43.31967216621423,35.976880376600235,41.97793465696456,35.26718092074514,42.490783672191604,35.62202911044241,27202000.0,22962300
2022-10-03,43.22126007080078,35.59783935546875,43.6158320087484,35.7107454690048,42.29301942595784,35.07363196027126,42.50781160547234,35.54138629870073,21479000.0,22834300
2022-10-04,45.40513229370117,35.85591506958008,45.43351762569158,36.162376749860414,44.080428121378795,35.55751987050935,44.33022914957412,35.686555881712465,27277000.0,28198800
2022-10-05,45.87256622314453,35.58171081542969,46.18387003159535,35.783329761921294,44.610314013564235,35.22686257713041,44.71345268853292,35.58171081542969,18493000.0,15673400
2022-10-06,45.37106704711914,34.75103759765625,46.33620799437553,35.3075047161103,45.29726302168578,34.710714428457074,45.77699460129512,35.291374833138505,17250000.0,22068200
2022-10-07,43.57136535644531,34.13005065917969,44.78819876629975,34.71877753860712,43.433217873241084,33.80745915538849,44.69736137277644,34.71877753860712,28425000.0,20095000
2022-10-10,41.41588592529297,33.67036437988281,43.53540831570966,34.37199745884494,40.86140097624879,33.67036437988281,43.52594774134976,34.154248625416486,33454000.0,17888000
2022-10-11,40.75920486450195,33.80746078491211,41.510499233971906,34.331671234724666,40.26906345275087,33.42841928761728,41.179325043280606,33.59777845086353,28046000.0,20981200
2022-10-12,40.74123001098633,33.89616775512695,41.22853077452854,34.7913561441236,40.498998173851476,33.80745494879969,40.90019363892623,33.94455739761278,15046000.0,18803600
2022-10-13,41.44143295288086,34.66232681274414,41.990236487871464,34.8074926915447,39.274596925637184,33.63003885368305,39.496958316622376,33.67842542897604,27980000.0,23135200
2022-10-14,40.41289520263672,34.565547943115234,42.00821658103535,34.98491566353778,40.34760605032613,34.162310105377465,41.94387312520338,34.589741228912125,22816000.0,16980500
2022-10-17,41.19540786743164,35.20267105102539,41.75083840437744,35.33170706018391,41.00805893359639,34.831689832791156,41.590929101303125,34.831689832791156,24120000.0,16678400
2022-10-18,41.14432144165039,35.55751037597656,42.44252804307972,35.77525916357521,40.70243575329335,35.17846584832776,42.41035631626324,35.52525061267446,20341000.0,18442800
2022-10-19,41.18878936767578,34.76716613769531,41.472657110727255,35.541382031672406,40.77056415298495,34.46877100539465,40.99292553392874,35.41234604934289,12702000.0,23054700
2022-10-20,40.71567916870117,34.60586929321289,41.84073298404503,35.00910710976231,40.51129685875791,34.533286363175584,41.17270317936426,34.89620101336214,23402000.0,17715000
2022-10-21,42.5541877746582,36.25107955932617,42.64218809036092,36.420438700358275,40.608767177707485,34.67038809010586,40.88506218040559,34.92846004114345,26980000.0,36575700
2022-10-24,43.1966667175293,36.72690963745117,43.41145894273648,36.99304505869937,42.68476335525455,36.28334855106343,42.83804921116854,36.355931498033144,25287000.0,24972000
2022-10-25,43.532569885253906,36.76723098754883,43.92903327118777,36.952720048047404,43.22599458632009,36.202697325423046,43.33575673696798,36.509158983684635,18246000.0,23127000
2022-10-26,43.63759994506836,37.146270751953125,44.63869544174907,37.62209152395232,43.085010015529136,36.79141948550321,43.335756737926324,37.03336157306234,29291000.0,21407900
2022-10-27,43.09067916870117,36.88819885253906,44.54501203288348,37.186593991886376,43.044314785046005,36.83980920435008,44.098397948148474,36.94465190386259,18512000.0,20377700
2022-10-28,44.746559143066406,38.25114440917969,44.882811601528026,38.32372734848681,43.11433424469065,37.04143080503476,43.23828904166084,37.081753976547425,23094000.0,27854000
2022-10-31,44.48351287841797,37.54145050048828,44.73804235615812,38.218890342929235,43.99999494319533,37.53338709556715,44.1741005271592,37.968884796378035,19259000.0,29961700
2022-11-01,44.27345275878906,38.718902587890625,45.11842161019393,39.04955754952347,43.825892941958664,38.22695492416261,45.02096435375877,38.710839183370304,16324000.0,30614500
2022-11-02,43.150299072265625,37.9608154296875,45.46095675244875,38.847937573723556,43.12096443461248,37.864039195683446,44.49865646964721,38.52534910155636,21070000.0,25813100
2022-11-03,42.023353576660156,37.87947463989258,42.850347072671816,38.06655348645517,41.76220058544207,37.54598572161515,42.66867589741512,37.70866392383482,23887000.0,20124600
2022-11-04,44.027435302734375,38.408172607421875,44.36712799015221,38.66845645315253,42.89008383394999,37.912005556863996,43.2288308250114,38.61151955582571,28891000.0,24528500
2022-11-07,44.96608352661133,38.30244064331055,45.2045289582073,38.75793903556257,43.674500495938325,38.02588860209127,44.16652972031878,38.35937755448843,17687000.0,20304400
2022-11-08,45.61802291870117,38.513916015625,46.25104388504638,38.83927241837635,44.803330800497825,38.025884514326584,45.536649720324625,38.26176775117989,20743000.0,18054500
2022-11-09,44.4220085144043,38.00148391723633,45.32375528251962,38.63592549027677,44.38037621637272,37.98521578679573,45.27644158713225,38.35937347844375,23695000.0,15348100
2022-11-10,47.93247604370117,38.53832244873047,47.98924670629633,38.8392751254128,46.09870928559269,38.107224719613804,46.459214543562794,38.660328781144415,33970000.0,20480600
2022-11-11,49.02251434326172,38.71725845336914,49.10862325340445,38.798599095936886,47.50005495777414,37.6679905382853,47.764994344279685,38.286163907658946,26728000.0,20909800
2022-11-14,48.56170654296875,40.05121612548828,49.678241948992714,40.52297942998963,48.54089039294599,38.9856770040851,48.767038172966096,39.034481388479655,21608000.0,26143000
2022-11-15,49.62147903442383,39.50624465942383,50.39264405926697,40.28709619210442,48.816247275648216,39.18902391819909,50.14568009066564,40.132553629228525,23315000.0,25440500
2022-11-16,48.420719146728516,39.083290100097656,49.0650921110094,39.904813661362724,48.283517372443946,39.083290100097656,48.89288152325542,39.693331058276584,25405000.0,15822200
2022-11-17,48.4566764831543,39.31104278564453,48.51628784393101,39.44931725367065,47.60792115726152,38.66032991569198,47.78391815030493,38.87994504387663,20375000.0,13231100
2022-11-18,48.745269775390625,39.22970199584961,48.988447295514334,39.71773664670129,48.351643512984985,38.936881825904386,48.90707409319184,39.56319094432525,14536000.0,20666500
2022-11-21,48.96100997924805,39.189022064208984,49.28366932421732,39.270359598121324,48.362055680424156,38.81486444368738,48.53521197240955,39.12394955481669,18622000.0,14736000
2022-11-22,50.15419006347656,39.921077728271484,50.175951909631145,40.059352175356686,49.109567305131996,39.237831800558354,49.484268829010105,39.31916934556983,18920000.0,16358600
2022-11-23,50.49386978149414,39.73398971557617,51.235703510567596,40.03494541233456,50.035903743747866,39.465573375807956,50.182566070613305,39.82346286310823,13964000.0,10710800
2022-11-25,50.14093780517578,40.026817321777344,50.5828198232635,40.03495293826125,50.1002512064069,39.725864671272674,50.214741822655135,39.799069705485,7455000.0,6760200
2022-11-28,49.412353515625,40.31963348388672,50.03212393018647,40.45791102502453,48.84746236644461,39.904807066129784,49.69905472385663,40.002412734514664,23505000.0,20704000
2022-11-29,49.33476257324219,40.25457000732422,49.75677415722451,40.400976980072265,48.71404646893564,39.937346108355435,49.487102705490756,40.26270252137683,12694000.0,17160900
2022-11-30,52.13935470581055,40.77513122558594,52.19896606976099,40.77513122558594,48.997917040014265,39.88853840071666,49.59213928656022,40.376569838900686,47349000.0,35572700
2022-12-01,52.11286544799805,41.5478515625,52.27088340291601,41.61292097498565,51.28113975788036,40.897138820673646,52.139359389911746,40.92154256533053,23006000.0,23592600
2022-12-02,51.1713752746582,41.409576416015625,51.35115505830851,41.75120093553346,50.72476110013214,41.05981938302691,50.816544189630804,41.124891902107834,19320000.0,16881600
2022-12-05,50.21001052856445,41.26316833496094,51.04646810503452,41.50718408759037,49.722709812863116,40.954080060121726,50.88466379417896,41.40957840710432,18548000.0,17959800
2022-12-06,49.753936767578125,40.43350601196289,50.48725209563817,41.36076758959148,49.36882539139515,40.002411479198614,50.21095716156281,41.21435754019453,19655000.0,21787100
2022-12-07,49.061309814453125,40.86460494995117,49.676351804414395,41.60478773312473,48.82948785003382,40.466043557706215,49.165394176710734,40.466043557706215,16524000.0,15929900
2022-12-08,50.251651763916016,42.11722946166992,50.3784436667933,42.190434505460786,49.239197105175855,40.68566795321725,49.279887318434476,40.81580990853113,27514000.0,26116800
2022-12-09,51.54228591918945,42.068424224853516,52.2916889320923,42.97941782666826,51.1902919542526,41.99521918792375,52.13083392016172,42.09282486955388,37028000.0,19933500
2022-12-12,52.66922378540039,42.42631149291992,52.691934934829426,42.77606852786637,51.30761963038347,42.09282258783475,51.54511934591612,42.39377523319734,23416000.0,18532200
2022-12-13,54.03273010253906,43.1664924621582,55.054641724063984,43.95547966062335,53.46405251901424,43.011949889427534,54.48502205363731,43.19089310447663,40414000.0,29461800
2022-12-14,54.35444641113281,44.31337356567383,55.415153295286366,44.67939875070553,53.71953395119153,43.028222263908674,53.79712437659985,43.22343362737313,35218000.0,36260300
2022-12-15,52.798858642578125,43.60572052001953,53.602195202417924,44.27269826879616,52.770473314097806,43.43490982644146,53.34577072116532,43.97987816390335,36876000.0,21627100
2022-12-16,52.60110092163086,41.80813217163086,52.96917894134673,43.223425138698296,52.1242100674439,41.80813217163086,52.74681757152132,43.11768386093824,49549000.0,65689500
2022-12-19,52.44081497192383,41.77560043334961,53.09437881321127,42.141625586072685,52.06775496029524,41.23876457696524,52.85966900170197,41.90574236511466,25092000.0,16081900
2022-12-20,51.905555725097656,41.74306869506836,52.38070413091435,41.89761128614093,51.609779955275876,41.352642857493905,52.01527647027759,41.65359552551049,29831000.0,12433800
2022-12-21,53.547584533691406,42.01961135864258,53.61246485307417,42.42630523671803,52.18511238523509,41.64545373549189,52.253807053025405,41.97894259140064,25619000.0,12925000
2022-12-22,52.770938873291016,42.00334167480469,52.94745077000568,42.05214605538347,52.20897030046099,41.4421052608745,52.79574669827003,41.816262870161296,27553000.0,14822300
2022-12-23,52.70796203613281,42.15789031982422,52.8215007674473,42.255495985079335,52.23281363749063,41.67799140331334,52.47611299867605,41.93827524587909,13761000.0,10666500
2022-12-27,52.813873291015625,41.58851623535156,53.24990282340914,42.2392258102338,52.184160022676195,41.52344372644934,52.62400390356677,42.18228891635835,16677000.0,12033800
2022-12-28,51.988563537597656,41.32009506225586,53.217460681973094,41.79999393544111,51.755760900349664,41.27942629730685,52.63259150776412,41.5234419898288,15410000.0,10053900
2022-12-29,53.22127914428711,41.75120162963867,53.67829853066599,42.027750531844674,52.52382476571928,41.47464962460413,52.652631825567404,41.49905026825088,18176000.0,8971300
2022-12-30,53.34721755981445,41.67799758911133,53.39683320548236,41.80813952970971,52.28624637621877,41.27943615068769,52.64976323672149,41.71866636376796,14376000.0,11396200
2023-01-03,52.80813980102539,41.69425964355469,54.15248269515896,41.751199647408,52.55148295889637,41.33637010813686,53.9072761760065,41.4909126819433,20173000.0,15603800
2023-01-04,53.453125,40.77513122558594,54.20878454652295,41.18182512501536,53.051446449995595,40.27896417182952,53.71550703974029,40.905273149290224,17074000.0,21808400
2023-01-05,52.95508575439453,40.392845153808594,53.41496956808365,40.66126466454606,52.5829829196895,39.790936710318626,53.02091966880966,40.44978206163252,16277000.0,20057400
2023-01-06,56.14276123046875,41.41770553588867,56.387967768027366,41.97080949144343,53.64966977405609,40.31150072760738,53.72790758752717,40.65312211630567,35261000.0,29635900
2023-01-09,55.041717529296875,39.359840393066406,57.40600557832267,40.88087491306134,53.48365456938965,39.294770973861915,56.51200316574409,40.710064196967345,37739000.0,30839100
2023-01-10,54.85472106933594,38.7335319519043,54.873803732117544,39.42491354685627,52.47516797912077,38.53832058833407,54.57516715689466,39.32730476224248,44635000.0,29212000
2023-01-11,55.16097640991211,38.595252990722656,55.18005906799861,38.83113620510315,54.08569428623415,38.11535404894055,54.67056337998815,38.79859994736205,22502000.0,23022200
2023-01-12,55.52354049682617,38.806739807128906,55.8259949907463,38.81487542451855,54.74307687529467,37.887613623149726,54.91767792201352,38.448850212707455,19514000.0,23345300
2023-01-13,55.24303436279297,38.92060852050781,55.52258821737891,39.172759878406076,55.020724845059014,38.62779149231343,55.06652249832762,38.635924005806956,19647000.0,18737500
2023-01-17,55.265933990478516,37.48091506958008,55.84984954778795,38.017750947267,54.81750058576512,37.1799593193829,54.85185155707936,37.85507275039824,15835000.0,29391400
2023-01-18,54.79365539550781,36.602455139160156,56.05976069481819,37.293833606212864,54.73927181169715,36.57805449530586,55.64472099379549,37.049817859184174,15703000.0,33835000
2023-01-19,53.73744583129883,36.569915771484375,54.39005967989734,36.822067113591764,53.459799142510946,36.30963191639275,54.30037154470371,36.37470443157981,22692000.0,26614900
2023-01-20,54.45875549316406,36.69192886352539,54.51409629847392,36.952212744704184,53.34530795340727,36.38284059106484,53.71932153410087,36.830203317914105,22950000.0,25197600
2023-01-23,55.49396896362305,36.58618927001953,55.7954699132808,36.86274129449733,54.36334950152011,36.45604732337284,54.57516230803744,36.63499366357282,23429000.0,19398600
2023-01-24,55.818363189697266,36.36656951904297,55.976745990438964,36.561783965551,54.92150001650198,35.91107431523818,55.189607201239454,36.537380220469764,13825000.0,18853100
2023-01-25,55.8803825378418,36.659393310546875,56.00346077964074,36.69192957202964,54.960618720409634,36.26896748123974,55.11613711980126,36.626857049064114,13766000.0,20828000
2023-01-26,57.1111946105957,36.32284164428711,57.30010678047689,36.363883776944405,55.93572735934016,35.79749483112009,56.331684413928905,36.28179951162981,24525000.0,38465500
2023-01-27,56.38701248168945,35.945247650146484,57.175108475277604,36.396717354878156,56.31068548425473,35.93703734513808,56.60932200452159,36.29821561397453,19344000.0,23798600
2023-01-30,55.4767951965332,35.74823760986328,56.25534808782015,36.2325422255708,55.31555162945657,35.625111228366265,55.624681265276315,35.94524420409752,16984000.0,24402200
2023-01-31,55.81645965576172,36.248966217041016,56.02827246192681,36.3474679662032,55.40905594316825,35.050518353072974,55.53595218151703,35.29677429163551,23719000.0,49722500
2023-02-01,57.509056091308594,36.09300994873047,58.038588117406405,36.26538881692861,55.59606204783493,35.63332983555416,55.6790678034689,36.043757501539034,26553000.0,24482300
2023-02-02,57.79719161987305,36.3967170715332,58.50037108136196,36.49521881167001,57.222815563987815,35.70719862794786,57.9746570824131,35.81391067302915,24188000.0,35279200
2023-02-03,57.01959228515625,36.16687774658203,58.01377594181049,36.43775830813935,56.888878065906006,36.01912357434575,57.05584679141987,36.4131336565379,19093000.0,23742000
2023-02-06,57.37071228027344,35.920623779296875,57.55389928752634,36.36388635861898,56.50819632380967,35.895999124217056,56.61123833295586,36.273591781574005,18709000.0,18071200
2023-02-07,58.6253547668457,35.78107833862305,58.86960769726507,36.03554457821878,57.219949559701014,35.501987445016596,57.309637689629845,35.969874659104754,24025000.0,22999500
2023-02-08,57.409828186035156,36.1012077331543,58.21796051427438,36.199709470599025,57.305828955518,35.73182230359435,57.884019400003375,35.74823978172077,15290000.0,19362300
2023-02-09,57.19038009643555,35.575862884521484,58.67115887296374,36.38851087355196,56.81541291738725,35.493778620758945,58.4488493372652,36.21612890954832,18837000.0,20809200
2023-02-10,56.60264587402344,36.019126892089844,57.09973770611764,36.10121115919804,56.25725809644441,35.510194415814006,56.89460365903312,35.70720104071337,21035000.0,18619600
2023-02-13,57.3535270690918,36.10942459106445,57.38787439965094,36.12583894085599,56.62363264604092,35.7154113071519,56.7696115306511,35.85495833089475,19847000.0,17878000
2023-02-14,57.46707534790039,35.887786865234375,57.77906941510251,36.28179694726132,56.60933096979792,35.77286764939074,56.690429554805064,36.19150238300881,17571000.0,17506900
2023-02-15,57.980384826660156,35.5594482421875,58.036675582538756,35.79749700992823,56.93181390358012,35.38706939574664,57.13790518515711,35.64153251249814,12683000.0,18994700
2023-02-16,57.29819107055664,35.255733489990234,58.09964457169632,35.444529821069715,57.20373499968695,35.107979295003815,57.318227317094006,35.41990516567673,17449000.0,17832000
2023-02-17,56.82590103149414,35.46915054321289,57.3277644003583,35.600487242935024,56.52631093314392,34.95201404942105,57.24666583061306,35.206477143768616,14215000.0,18293400
2023-02-21,55.485382080078125,35.05052185058594,56.58737935130929,35.239318193366714,55.323184923120024,34.98485192371552,56.292560795795424,35.14081643437554,22737000.0,17356600
2023-02-22,54.973026275634766,34.787845611572266,55.63326887609599,35.206480402145836,54.5847015854642,34.73038599583304,55.553123883663915,35.06693651572605,23475000.0,17394200
2023-02-23,55.70101547241211,34.722171783447266,55.905195948427696,35.09155722257929,54.735453903004895,34.656505000553715,55.88706687391597,34.71396460982827,18939000.0,21104300
2023-02-24,55.123775482177734,34.270694732666016,55.36134605305505,34.516950595500376,54.72877205172144,34.07368816361061,55.10278200780364,34.50053312046966,15353000.0,16806100
2023-02-27,55.85844039916992,33.47447204589844,56.273480095873204,34.254285065381495,55.74490165741395,33.43342991462331,55.89851653590578,34.016236320146284,18321000.0,26370300
2023-02-28,56.70187759399414,33.30208969116211,57.111192130489435,33.41700889909533,55.54644664243637,32.90807963625668,55.868937434772896,33.244630087195496,27822000.0,31086900
2023-03-01,56.633174896240234,32.981964111328125,57.0758831461847,33.4580585268296,56.32118086579266,32.9491291498965,56.67420461713984,33.29388998230002,15484000.0,21104400
2023-03-02,57.117862701416016,33.3431396484375,57.336354231044176,33.474476364249256,55.923313010729345,32.67824889459051,56.234353433685705,32.88346270875352,27525000.0,19110600
2023-03-03,60.372344970703125,33.7781867980957,60.655716859091825,33.80281144774893,58.749401514934995,33.441636350476216,58.93545291931294,33.58118020692924,46088000.0,20922000
2023-03-06,60.387603759765625,33.745357513427734,61.44952849782142,33.868483913692145,60.27406502597331,33.507308755743516,60.58605905704917,33.728940033796334,24983000.0,19434800
2023-03-07,59.64625930786133,33.11328887939453,60.660479221177376,33.7617650428029,59.48978731774663,32.9162823131935,60.57365548308834,33.7043054466845,19334000.0,23205800
2023-03-08,60.32463073730469,32.932716369628906,60.36947116425462,33.302101910170975,59.50504818686307,32.760337494480844,59.89718718361738,33.096888068904796,20912000.0,16756100
2023-03-09,59.395328521728516,32.39094161987305,61.295922197722305,33.302091285410384,59.3342661919683,32.267815233184635,60.11663707356792,33.170754594154516,21775000.0,18585100
2023-03-10,58.66161346435547,32.33348083496094,60.12426302051631,32.77674332604016,58.46983693246755,32.202144148490824,59.936304476177504,32.25139658015972,26098000.0,26328100
2023-03-13,58.81809616088867,32.71929168701172,59.57375210316949,33.25284573574194,57.90310381308826,32.22677664435956,57.92314006217194,32.22677664435956,22364000.0,35299400
2023-03-14,60.34370803833008,32.75212097167969,60.43053540804253,32.95733475438115,59.01176905323699,32.440195145205585,59.4783314985786,32.87524736251227,25893000.0,24583600
2023-03-15,59.731178283691406,33.06404495239258,60.115684984888155,33.269258743072896,58.79233174651275,32.39094396946625,59.88669669302309,32.637199892019844,22963000.0,25498400
2023-03-16,60.72917938232422,33.13792037963867,60.78356296371959,33.23642524876892,58.94594240350619,32.60436642942857,59.331406327668915,32.88345729600335,31716000.0,21095900
2023-03-17,60.2015495300293,32.916282653808594,61.02208567659366,33.48267458042684,59.83040036212172,32.82599123848331,60.72917431943531,33.35133791203813,79303000.0,57457800
2023-03-20,61.41709899902344,33.49909210205078,61.51536943219454,33.540134223858196,60.26166800260867,32.784946031086356,60.370435173900724,32.94911764962921,25857000.0,20825400
2023-03-21,61.19029998779297,33.375972747802734,62.13590019898079,33.58118655051459,60.95774265360076,33.088674676531795,61.79955921926587,33.540144416235044,25000000.0,19982000
2023-03-22,60.63005065917969,32.842411041259766,62.31945019480579,33.5319294477418,60.606028397751416,32.82599669488178,61.20471535413144,33.40880306202475,25799000.0,15444200
2023-03-23,61.42862319946289,32.981964111328125,62.28869931595601,33.24463754015258,60.68866938416979,32.83420991620008,61.39691000281734,32.97375380531309,27162000.0,16958100
2023-03-24,61.134559631347656,33.15434265136719,61.4353455879174,33.211802267677264,60.40229313893887,32.72749755069648,61.313302394463086,32.90808670556484,17228000.0,17218100
2023-03-27,60.23796844482422,33.014793395996094,61.416129639492794,33.34313355991274,60.15628616030419,32.809579619305545,61.40652146842525,33.2774667796549,14707000.0,20262800
2023-03-28,60.032325744628906,32.82600021362305,60.20914396352782,33.08046331683668,59.47111467427038,32.71928816284512,60.08325528634559,32.998379050893064,12439000.0,13537500
2023-03-29,60.10920333862305,33.0394172668457,60.926997698737715,33.05583474435085,60.026560596823174,32.8259963219062,60.808796289644604,32.9655401837294,26395000.0,14429500
2023-03-30,60.90200424194336,33.14612579345703,61.12302882729913,33.236420344512624,60.474369160257396,33.03941376663557,60.803983304391274,33.178957613675436,21523000.0,12634500
2023-03-31,61.65060806274414,33.49088668823242,61.715955356899585,33.515514469962824,60.148599076903,33.06404167023122,60.593533281633654,33.285672917923016,22097000.0,23393600
2023-04-03,61.73998260498047,33.94236373901367,61.87740034991181,34.040868624732525,61.160511997432806,33.36776756222528,61.40652297338642,33.40059939281725,15682000.0,20817200
2023-04-04,60.96543502807617,33.57297897338867,61.91007847685889,34.090115495471956,60.733838138955434,33.458056614944965,61.80533071248679,34.016238402129474,13429000.0,19514500
2023-04-05,60.44649887084961,34.10653305053711,60.704999343547776,34.65650766470386,60.128413811912345,33.79460719670095,60.65118479168424,33.89311207558443,16908000.0,29697600
2023-04-06,59.83435821533203,34.065486907958984,60.387881971399956,34.55799871916302,59.481678590178696,33.95877486738308,59.98042734069567,34.41845485413691,14493000.0,25931800
2023-04-10,60.29082107543945,34.2542839050293,60.33694836028699,34.26249420979454,59.239512692303485,33.75356177901837,59.39326908651473,33.77818956200031,15400000.0,15137300
2023-04-11,59.73154067993164,34.30354309082031,60.6262114081242,34.46771477398343,59.65946656093029,34.229665989962626,60.61659957047497,34.311750265886985,16518000.0,15304100
2023-04-12,59.26353073120117,33.95877456665039,60.30330996844714,34.30353533649106,59.22124891720316,33.876690309281216,60.2860145290122,34.17219864591216,14112000.0,17035100
2023-04-13,59.98811340332031,34.040863037109375,60.205296185983805,34.229659340109144,59.302934624944896,33.90131603757071,59.49128922965472,34.09011234057048,17265000.0,22880900
2023-04-14,59.53644943237305,33.81102752685547,60.35232275307518,34.237872644058854,59.120347110374766,33.597606533910955,59.62678309536315,34.073700963393804,17465000.0,20627500
2023-04-17,60.287940979003906,33.80281448364258,60.38211645165767,33.88489874406785,59.37020484712665,33.62222535313041,59.44708487875354,33.75356204859913,13201000.0,17608600
2023-04-18,60.76458740234375,33.285675048828125,61.07017930966372,33.92594418247593,60.265842288566525,33.269257570394714,60.697319204611915,33.88489892073548,16806000.0,18541500
2023-04-19,60.97407150268555,33.031211853027344,61.194135612828376,33.293885244472534,60.11399551765115,32.99837689626824,60.23315735010942,33.18717320066236,19060000.0,17214300
2023-04-20,60.83185958862305,32.711082458496094,61.76497402883732,32.990173385800055,60.26680669062692,32.66183314452829,60.33599579401851,32.899881933087585,20239000.0,20131600
2023-04-21,60.8203239440918,33.0065803527832,60.906812146907896,33.08045743151465,59.77189688872786,32.76032446744954,60.59929935152659,32.908078624912434,14807000.0,19227100
2023-04-24,60.97792434692383,32.76033020019531,61.39210581854747,32.99837895457662,60.71365747632377,32.59615853747324,60.89143614098301,32.99016864921781,12338000.0,17633700
2023-04-25,59.774776458740234,32.28423309326172,61.11726263049861,32.76853460380963,59.74786918159237,32.24318783256588,60.925066222653165,32.628990737647776,23670000.0,24492400
2023-04-26,59.21452713012695,31.70963478088379,59.88144636982537,32.16931165300925,58.956987090848926,31.520838475358858,59.57777904506558,32.14468700094934,17179000.0,22401400
2023-04-27,59.427860260009766,31.7999324798584,59.58930391489029,31.87380957463051,57.96909733173493,31.446964486093215,59.21452295439154,31.70142759928615,18250000.0,22434000
2023-04-28,60.20530319213867,31.92305564880371,60.23221047225108,31.939473127235484,59.05789465328524,31.70142438694552,59.49129615271982,31.76709430067261,16183000.0,21015300
2023-05-01,61.30561828613281,32.185726165771484,61.4055601326326,32.44019236176048,60.17646934371938,31.89842814716581,60.205301189910955,32.01334735460808,17030000.0,23917800
2023-05-02,58.84455108642578,32.06260299682617,60.205296820983115,32.93270744393037,58.14111274386765,31.709635035007498,60.13418315999356,32.25139930386414,28357000.0,38834100
2023-05-03,58.92720031738281,31.5618839263916,59.76805649047999,32.33348670814635,58.85032394493748,31.488006831125727,59.28276132985672,32.177525343169144,19816000.0,27721900
2023-05-04,58.63505554199219,31.38129234313965,59.00022835172131,31.545464001151835,57.78267039024771,31.208913511318126,58.61968100237462,31.332039906341816,17684000.0,23675100
2023-05-05,60.55317687988281,31.594715118408203,60.68290736150028,31.602922291874776,58.94353866168249,31.266371816096974,59.19147055190921,31.504420553706925,24876000.0,19225100
2023-05-08,60.45130920410156,31.74246597290039,60.611796096538356,31.791718407350903,59.636399881939965,31.479792585125228,60.52050196991952,31.62754675716298,13934000.0,20101700
2023-05-09,59.437477111816406,31.586505889892578,59.971780871394174,31.74246724158198,59.182814754702214,31.512628800920986,59.843007184127806,31.586505889892578,16990000.0,15987900
2023-05-10,60.183197021484375,31.438753128051758,60.349446617832015,31.783513935886294,59.41441498585021,31.25816711567562,59.778627376887385,31.742468671364673,19174000.0,15858200
2023-05-11,60.31772994995117,31.181533813476562,60.395570432537845,31.239615179755017,59.38750429021766,30.87452868863666,60.21298585515278,31.19812577653006,14430000.0,28566400
2023-05-12,60.65215301513672,30.990692138671875,60.801103493296665,31.297697270619384,59.985233774373704,30.891124532060406,60.38596158913981,31.206425645726725,11942000.0,16541300
2023-05-15,61.48339080810547,30.833038330078125,61.504531714711405,30.998986425209416,60.39460295824877,30.708576467430497,60.721335724831185,30.949201047111032,14614000.0,16650400
2023-05-16,61.640995025634766,30.708581924438477,62.16665472022025,30.899424325130557,61.380573636292446,30.559232093996716,61.54681955417919,30.716881071527983,14967000.0,25451700
2023-05-17,63.18144607543945,30.492849349975586,63.511056551408146,30.741769936119663,61.94274355668013,30.293710981942134,62.20893497405663,30.683688571525945,24133000.0,23206400
2023-05-18,65.14472961425781,30.268823623657227,65.28502871329357,30.517744240646376,63.040184475251976,30.01160385915659,63.040184475251976,30.45966286885549,26389000.0,27772400
2023-05-19,65.56275177001953,30.509449005126953,65.82222005126715,31.239618909338912,65.19374080467696,30.302014625025624,65.34653309010223,30.4098813889336,22968000.0,33068300
2023-05-22,65.18988037109375,32.15232849121094,65.79626181832168,32.25189610608974,64.78146900908288,30.49285347230973,65.48105813327419,30.58412510478088,17796000.0,85718600
2023-05-23,65.97116088867188,32.89079666137695,67.17142329737598,33.305665445027415,65.54064449287748,31.53002755743506,66.36900730729224,31.986382586411043,36088000.0,75379500
2023-05-24,65.30136108398438,32.052757263183594,65.76070566034026,33.305659368533696,64.96790149734997,32.02786298837204,65.48490242543386,33.27246911224967,23021000.0,39326400
2023-05-25,70.0361099243164,31.388965606689453,70.38110231768925,31.953184095169092,66.38151469841081,31.239612629822343,67.21179859130001,31.953184095169092,49263000.0,30266600
2023-05-26,78.10160064697266,31.198129653930664,78.31781932235704,31.89510930109197,71.78701235145829,31.164942558502005,71.8264054864093,31.563216190423116,82500000.0,20234600
2023-05-30,77.19923400878906,30.708581924438477,88.58106322695821,30.998991933824133,76.76390800317459,30.63390542661899,80.2532245379708,30.998991933824133,116912000.0,24371100
2023-05-31,77.6432113647461,31.54660987854004,78.96071491096093,31.71255795765357,75.92978957145755,30.59241079753452,76.38817376295948,30.783249980696354,89998000.0,46166300
2023-06-01,75.9124984741211,31.54660987854004,77.43468805070445,31.704258812839903,75.45218602348478,31.281094218036934,76.9378564818753,31.629582335498633,80792000.0,20256100
2023-06-02,78.03144836425781,31.8287296295166,79.16252189358867,32.07765023570879,75.64822587866591,31.662781503656067,75.97880417131785,31.737458002033446,62815000.0,22736400
2023-06-05,77.09929656982422,32.06935119628906,77.76236664856097,32.37635314248354,76.34780639412084,31.919998213773493,77.76236664856097,31.928294194936832,26222000.0,18392200
2023-06-06,75.91730499267578,31.837024688720703,77.07047631305531,32.24359742703523,74.60845268468809,31.77064733941868,77.07047631305531,32.202111188071825,37823000.0,19508200
2023-06-07,76.17003631591797,32.26848602294922,77.40200847558333,32.40954302266993,75.67801434617981,31.637887010330395,75.90000306899988,31.820427080584928,28957000.0,25295100
2023-06-08,77.28189086914062,32.43444061279297,77.35973136103429,32.51741310083569,75.80006216629572,32.135734591523125,76.3891410023304,32.392954368771605,21909000.0,17347600
2023-06-09,77.32223510742188,32.334869384765625,78.58400303465685,32.84930571664179,77.25112511703121,32.25189374078742,77.43563424355676,32.59208596810512,19241000.0,19775100
2023-06-12,82.19824981689453,33.10652160644531,82.45194805091256,33.24757543697196,77.94687799732968,32.3514607428343,77.94687799732968,32.368052704498886,51065000.0,28334600
2023-06-13,81.79080200195312,33.42182540893555,82.95742691503446,33.496501910368714,80.81829075833554,32.73314493144957,82.7527409570314,32.915685028688245,38990000.0,26533800
2023-06-14,85.15998077392578,32.65846252441406,85.38677173646857,33.471604745647944,81.41601265676123,32.62527227084612,82.25013827692395,33.45500961886397,43524000.0,22056400
2023-06-15,84.8957290649414,32.982059478759766,85.33200827624206,33.048439985684425,83.70314995040883,32.59208191356932,84.98990455092864,32.69994865472351,33814000.0,19905900
2023-06-16,83.42350006103516,33.23928451538086,85.52228257749293,33.488205125795545,83.16788089944089,33.06503723941302,85.45789572887337,33.07333638670531,68299000.0,60338600
2023-06-20,83.41581726074219,32.641868591308594,84.28454117097475,33.081628388976625,82.74120701715646,32.63357261021163,82.89976934789264,32.94887053504683,27535000.0,26881200
2023-06-21,81.89226531982422,32.27678680419922,83.6640887709891,32.55889765273412,81.59663955551466,32.16062090699315,83.08443142126839,32.52570739638953,23229000.0,17982900
2023-06-22,81.38699340820312,32.13572692871094,82.01302747273857,32.35146041049608,80.69913355061037,31.87021123204981,81.64398173685554,32.309971011170404,23464000.0,18039800
2023-06-23,79.4277572631836,31.778945922851562,80.76773642325463,32.2518960491882,79.10895046983413,31.76235079286814,80.57355417067582,32.11913817451822,37413000.0,23492200
2023-06-26,79.37752532958984,30.6090087890625,80.86241331226752,30.741766631749268,79.24130660893051,30.00330093397933,79.70309846471474,30.71687552536945,21372000.0,56135500
2023-06-27,81.96376037597656,30.219038009643555,82.11833961202674,30.700287275417804,79.31665360993827,30.1028752669249,80.05861477904564,30.66709701601323,24923000.0,32414900
2023-06-28,81.91932678222656,30.111173629760742,82.94242291373344,30.31860799783813,80.86821445248579,29.89544011444979,81.0295526695713,30.285417739298403,19445000.0,30062000
2023-06-29,83.33271789550781,29.970117568969727,83.35879558323046,30.053093217964182,81.77149876899671,29.67141156298441,82.54824237769868,29.86225397307298,23386000.0,26284900
2023-06-30,83.80223846435547,30.434768676757812,84.49203682704977,30.492850042670945,83.50275043117749,29.986709712401883,83.907544270863,30.044791078315015,23145000.0,30867900
2023-07-03,84.67269897460938,30.40987205505371,84.7007151708213,30.484548535577197,83.55975355313666,30.16094834317777,83.91721250280494,30.28541019911574,9038000.0,14115800
2023-07-05,83.26412963867188,30.252222061157227,84.71714645838294,30.716876101880107,83.25350839698629,30.194140701716453,83.79934882240316,30.351792818938577,14440000.0,26829400
2023-07-06,81.92511749267578,29.56354331970215,82.49511180355377,30.094574728999138,81.57055526319155,29.555244173508644,81.63528512971679,30.036493366432087,23939000.0,30177300
2023-07-07,81.80435180664062,29.480571746826172,82.89024649873687,29.67971013535665,81.60243767668791,29.33121874672764,82.15987221783065,29.472275764686167,19409000.0,22903300
2023-07-10,84.7973403930664,29.605030059814453,84.93645582233306,29.87884175012779,81.95218147047822,29.48886733269989,81.95218147047822,29.513758441311033,30622000.0,17777500
2023-07-11,85.21467590332031,29.887142181396484,85.30645639268693,29.90373730958303,83.53172894089673,29.555245948059774,85.12386098126073,29.571841076246315,25498000.0,17731300
2023-07-12,85.97789001464844,29.86224937438965,86.71598879206591,30.07797969815878,85.20983653994594,29.80416484643966,85.8861095297584,30.036493462648973,28197000.0,17229700
2023-07-13,86.01751708984375,29.920330047607422,86.84642357512936,30.1692506201266,84.84950479116361,29.80416415958145,86.84642357512936,29.878840647856887,25912000.0,16664400
2023-07-14,85.84555053710938,30.136066436767578,87.27247496036969,30.277123460899798,85.61175054069516,29.878846666407323,85.61175054069516,30.119471306563938,18510000.0,17915100
2023-07-17,87.94874572753906,29.754384994506836,88.22504542586162,29.9701153354202,85.96147529423237,29.68800448025834,86.08030642415704,29.9701153354202,26819000.0,20557300
2023-07-18,87.28019714355469,30.06968879699707,87.90525826859414,30.26882402716407,86.78071873903718,29.770982786549155,87.52654948937021,29.80416988144538,24513000.0,22808300
2023-07-19,87.0811767578125,30.235631942749023,87.52558095500436,30.451365455143588,85.56054091766421,30.04479270652136,86.68507303835767,30.15265946271864,24118000.0,18589700
2023-07-20,85.8223648071289,30.509449005126953,87.6251014047188,30.758369628209053,85.59629671413406,30.16925674836867,86.22812427109703,30.202447008832273,28268000.0,22358400
2023-07-21,86.63485717773438,31.032180786132812,88.02603354383173,31.057071895879417,86.35275668627432,30.534336434821192,87.38261180261695,30.534336434821192,74287000.0,24149700
2023-07-24,87.1024169921875,31.123449325561523,87.47436674633452,31.364073937735938,86.39136888104052,31.00728659284204,87.02610032939617,31.040476849389627,19992000.0,19414700
2023-07-25,88.68683624267578,30.75007438659668,89.18823840615987,31.297701036651027,87.00871707108088,30.74177523868209,87.00871707108088,31.03218527693968,20042000.0,21771000
2023-07-26,86.28125,30.874530792236328,87.97481831077792,30.990693532707848,85.75569389250334,30.50114829415125,87.8183153188915,30.59241992314952,19877000.0,20983700
2023-07-27,86.32374572753906,30.371143341064453,87.90042121348812,31.050716585249255,85.5962755744994,30.35436332015768,87.76999592844362,30.916479618456798,21922000.0,25346300
2023-07-28,86.92853546142578,30.262075424194336,87.29276074659869,30.58088942701862,86.3643345370335,30.220126971300516,86.88313168207407,30.496989320769174,18791000.0,24054100
2023-07-31,86.81840515136719,30.253681182861328,87.04543879834117,30.362746499272212,86.07934068210932,30.136221056750767,86.70730593180876,30.35435809049491,14952000.0,40265200
2023-08-01,88.88102722167969,29.87613868713379,88.94092188521704,30.975202659881276,86.72662516654869,29.67478167202229,86.85029150482454,30.102664128961276,19683000.0,40931600
2023-08-02,86.20494842529297,29.658002853393555,88.20477146932997,30.111053755369394,86.01075878904118,29.59927438837387,88.13714488796619,29.892919913933607,26877000.0,34301600
2023-08-03,85.49774932861328,29.364360809326172,86.49765701311046,29.599274671653156,85.12097166538322,29.297240734111984,85.6561908296265,29.51537777809676,18281000.0,25676500
2023-08-04,85.1760482788086,29.38114356994629,86.33246646244307,29.64961749493406,84.3761161426809,29.079109604219635,85.49775915476286,29.322415098884065,21156000.0,25746500
2023-08-07,86.66478729248047,29.934865951538086,86.69473462007635,30.077491297834587,85.5257569398588,29.28046127942747,85.75858396031134,29.372746573845824,11146000.0,31069100
2023-08-08,85.3219223022461,29.90130615234375,86.04069510774761,30.51376238627453,84.37900518328847,29.69156073522522,85.9914290573977,30.51376238627453,14081000.0,25225500
2023-08-09,82.18885803222656,30.069107055664062,85.35765847662809,30.253684070997064,81.99467580195889,29.79224153266456,85.27941066654945,29.867750020713377,24672000.0,17210500
2023-08-10,81.43241882324219,29.96843719482422,83.22936207948236,30.278859629690036,80.86918339117416,29.867757053411857,82.41976688713896,30.0523341122056,20186000.0,18955200
2023-08-11,80.16294860839844,30.236907958984375,80.80443911930989,30.438261819495118,79.55624063403666,29.859365469949346,80.57354322188351,29.88453390239771,20331000.0,16609400
2023-08-14,82.51443481445312,30.262075424194336,82.52215935300792,30.631226290306483,79.93301638377228,30.052329959263428,80.29530313858653,30.052329959263428,17688000.0,20295500
2023-08-15,81.39569091796875,29.691564559936523,82.56466866063408,30.12783546779652,80.81024016466218,29.666396130787778,82.04200926775529,30.102667038647773,14035000.0,20484300
2023-08-16,80.47501373291016,29.76707649230957,82.55308443807414,29.909705075066707,80.3755013183805,29.355977166489893,81.90483487541442,29.48182252725716,16003000.0,22215600
2023-08-17,79.90596771240234,30.631227493286133,81.09620267508015,30.80741612309852,79.8972702355725,29.859365688248747,80.8150677926701,29.867754098972227,19228000.0,31113600
2023-08-18,79.78424072265625,30.757070541381836,80.00934321854933,30.916475920235552,78.44715843172666,30.47181662101215,79.22003981726554,30.580885143628564,17759000.0,24145100
2023-08-21,83.58100891113281,31.05071449279785,83.79355166723033,31.201731470320322,80.35714157650857,30.74029212809567,80.57837443905078,30.799020597080908,30012000.0,28496500
2023-08-22,82.67770385742188,30.908092498779297,84.50942190967444,31.168178033001375,82.20334495850021,29.968433691997326,84.37996955263851,31.050717881749488,17079000.0,18524100
2023-08-23,84.68622589111328,30.757070541381836,84.8417706950714,31.151392984367934,82.11833986987608,30.673173647345426,82.19273278587615,31.11783294656883,19692000.0,19370900
2023-08-24,82.54920959472656,30.33757972717285,87.90139344539531,30.7402905801333,82.35599294135656,30.253682832979102,87.17585437182872,30.606053629146487,30934000.0,19380800
2023-08-25,82.29418182373047,30.522159576416016,83.99644797282697,30.782241892905844,80.92715189125845,30.16978554698298,82.79655705025286,30.320802530959757,24181000.0,16421300
2023-08-28,83.18877410888672,30.379528045654297,83.48343431452196,30.639613537291996,81.83913204136141,30.228511076375806,82.73567240488153,30.57249346185207,14306000.0,15101900
2023-08-29,85.9759750366211,30.329187393188477,86.25710997178301,30.99198045265761,82.73858191377262,30.203338867721925,82.92986747397717,30.421472684674875,27822000.0,21076500
2023-08-30,86.20298767089844,30.119447708129883,86.82419386232174,30.41309005607286,84.93064270210773,30.05232762833631,86.21361628181482,30.354361586484263,23234000.0,16833000
2023-08-31,89.16021728515625,29.683176040649414,89.23556838670643,30.194955434525323,86.34693750995567,29.683176040649414,86.75656652968091,30.15300378548384,55203000.0,27919500
2023-09-01,84.29399108886719,30.01876449584961,87.1294866782533,30.25368155046395,83.53464233917981,29.867747532333688,87.1294866782533,29.901307568773053,65017000.0,17522500
2023-09-05,84.26016998291016,29.683176040649414,85.30645426829676,30.446649326466833,83.76069160939237,29.65800441113223,84.00318167078633,30.169783805008137,24808000.0,25856100
2023-09-06,84.26982879638672,28.835803985595703,84.76254084654391,29.599277306584213,83.7355826100284,28.74351547419133,84.2920515862086,29.582497286286905,20142000.0,35370200
2023-09-07,82.7975082397461,28.76029396057129,83.24770588539702,29.062327908890712,81.20247933424889,28.558940128665977,83.03612869162487,28.919702544662904,27789000.0,26777700
2023-09-08,82.84773254394531,28.73512840270996,83.16461552292876,28.85258534980044,82.12992537537251,28.567331392382805,82.6013802038224,28.718348381631067,16810000.0,19467700
2023-09-11,83.0013427734375,28.47504425048828,83.95391543499719,28.77707824355676,81.69807754965223,28.139453414104807,83.93169264605437,28.7267413783533,15710000.0,27574400
2023-09-12,81.58891296386719,28.651233673095703,82.9172977351439,28.701570539692387,81.31260592417853,28.31563962696172,82.1415196725016,28.50021667238161,16680000.0,17987200
2023-09-13,82.40140533447266,28.59250259399414,82.99845768091498,29.045550354460048,81.5618702640169,28.525382510688537,81.84686743730109,28.701567928673153,17413000.0,23853300
2023-09-14,84.208984375,28.651233673095703,84.69493017437429,28.844199129461035,82.60139556542107,28.508605083327055,82.99073301956945,28.726742173452745,19648000.0,23759900
2023-09-15,82.28064727783203,28.5841064453125,83.87277957900739,28.877748762001282,81.43241468651989,28.365972610123862,83.87277957900739,28.57571803646191,50190000.0,58063800
2023-09-18,82.11833953857422,28.22334861755371,82.72988276880386,28.626059517155294,81.1522414263557,28.05555160927095,81.40149786450338,28.626059517155294,16541000.0,25421900
2023-09-19,82.0410385131836,28.51698875427246,82.2178331458862,28.533765571491895,81.00731397167424,28.122666339932117,81.73092188780505,28.147834766222395,13126000.0,30323300
2023-09-20,80.67823791503906,28.206565856933594,82.56462013279751,28.600888308027695,80.65687232533757,28.14783738980827,82.56462013279751,28.592499898636113,13681000.0,24651400
2023-09-21,78.52083587646484,27.560550689697266,79.89433999544706,28.18139862629343,77.2318455107355,27.543773870200923,77.23378716308136,28.080721707007573,53654000.0,26980600
2023-09-22,80.53350067138672,27.426313400268555,80.67920613289895,27.761907394462764,78.71706247198209,27.26690801328014,78.80059799724356,27.753518984815592,27764000.0,28570800
2023-09-25,81.00072479248047,27.66961669921875,81.45435261951634,27.66961669921875,79.94388778765654,27.191397375587176,80.428596876338,27.426311232680224,15648000.0,19443700
2023-09-26,79.28141021728516,27.183013916015625,80.64908188255217,27.65284171574675,78.797672021583,27.149453873045733,80.54223172313748,27.45148785885108,17641000.0,26015500
2023-09-27,79.34164428710938,26.93131446838379,80.008965070592,27.266908468176748,78.1342476599793,26.763519068718097,79.5796301201278,27.208179998282215,15352000.0,26430100
2023-09-28,80.81712341308594,26.922927856445312,81.48348066764189,27.115893299050484,79.1347336437426,26.654453918867528,79.66800620172269,26.897759424941704,16180000.0,28197600
2023-09-29,80.67919921875,27.829021453857422,81.98665013342396,27.879361508025404,79.93416792830598,27.09910827095826,81.24938545254095,27.14105671586765,16481000.0,42421400
2023-10-02,81.10369873046875,28.47504425048828,81.45435971889628,28.491824272376746,79.99148747825015,27.485045362302465,80.53156335357286,27.6444539700119,14676000.0,44620600
2023-10-03,79.1493148803711,28.441482543945312,81.18139502527814,28.617667942955222,78.57426707311927,28.282073963493257,80.33145517196161,28.391142486887603,18761000.0,31059900
2023-10-04,80.0215835571289,27.946487426757812,80.67919599844129,28.59250385498722,79.29209292581146,27.694790303723128,79.68355078254382,28.475043704022166,16417000.0,23722300
2023-10-05,80.02645111083984,28.080718994140625,80.4897871923857,28.340801277207778,79.21244666655846,27.7283450099905,79.66219118089403,28.063938975803836,11474000.0,21279400
2023-10-06,82.10515594482422,27.795467376708984,82.40918757718178,28.15622979956297,78.84721151848653,27.74512731754511,79.59322103072643,28.122669760120385,21103000.0,23760400
2023-10-09,83.13673400878906,27.854198455810547,83.20764878271694,28.080723942584154,81.38342940123032,27.493435999148335,81.63889748429462,27.736741507215747,15760000.0,17468100
2023-10-10,83.38249206542969,27.829021453857422,84.75598870538428,28.021990061270756,83.12119162013786,27.694784509870665,83.26009386484431,27.753516173297243,14718000.0,19212100
2023-10-11,84.95124816894531,27.778688430786133,85.02700967203364,27.96326545439374,83.20182665074769,27.535382936114587,83.50877820082258,27.887756962959866,14334000.0,24221200
2023-10-12,87.9663314819336,27.619277954101562,89.16401964419457,27.870975042025282,85.13287543353141,27.493432610601122,85.13287543353141,27.778686536514773,43871000.0,21809900
2023-10-13,85.78855895996094,26.939708709716797,89.93918209789035,27.6780136610914,85.68267961114339,26.864200212411873,88.29661077361166,27.636062006673864,28312000.0,32388100
2023-10-16,87.67202758789062,27.91292381286621,88.95616391567731,28.458260041934903,86.5452466312605,27.317247525537955,86.5452466312605,27.543772987013796,21150000.0,63317400
2023-10-17,85.90706634521484,27.476654052734375,86.74048733440986,27.84580489394845,84.11976039169286,27.01521470110138,85.97991536862592,27.686399503518608,33008000.0,40015800
2023-10-18,86.16252136230469,26.352420806884766,86.9978912879401,27.417928181940738,85.01339674333853,26.335640785175787,85.47479852444658,27.30047123043978,20404000.0,30307600
2023-10-19,84.29751586914062,26.167844772338867,86.40148157992242,26.4279287019762,84.0877062403323,25.932929274460395,86.16156151623548,26.32725017424802,26620000.0,26880300
2023-10-20,82.9181900024414,25.714794158935547,84.98427133958172,26.10072665370919,82.74431575898939,25.57216717611956,84.98427133958172,26.05877659980394,26953000.0,39407900
2023-10-23,83.7525863647461,25.87419891357422,84.85799431217205,26.335638264793694,81.86814594592421,25.614115002899467,83.3387846514153,25.81547044344419,16456000.0,29412100
2023-10-24,85.58749389648438,25.530216217041016,85.77108382627392,26.03360561288745,83.84001390397452,25.437927707737117,83.92549849769037,25.907757063752758,14972000.0,26923800
2023-10-25,82.52965545654297,25.781909942626953,85.35631655440021,26.008435409279286,82.18482681388318,25.354029039027246,85.19507044206425,25.55538447597462,21432000.0,28857900
2023-10-26,80.30717468261719,26.142669677734375,82.99492559765474,26.31885666708176,79.49025776816346,25.588941883037904,82.36256941726694,25.68123038223085,27917000.0,27162700
2023-10-27,81.4349136352539,25.261741638183594,81.61462022632627,26.117501828472268,80.48103617817544,25.18623315077125,80.62285831654617,26.058773360536165,18236000.0,33877100
2023-10-30,81.71563720703125,25.63089370727539,82.51021023613316,25.739962238925358,80.34601643183345,25.261742862294543,81.7010674039663,25.3708097937137,20889000.0,33063500
2023-10-31,81.72730255126953,25.6392822265625,82.1284761152104,25.857417676947616,80.87542105246095,24.917758998614044,81.9720841598441,25.412758366751284,14747000.0,42648200
2023-11-01,82.85116577148438,25.597332000732422,82.93762118534913,26.07555131634291,81.16391418692963,25.56377196443595,81.7884963766354,25.63928044587241,18684000.0,23568300
2023-11-02,84.63457489013672,25.588943481445312,85.52823151923639,25.714790424422674,83.53694100760724,25.345638004822472,83.73120999908409,25.5973334910079,18759000.0,29640900
2023-11-03,85.73998260498047,26.22657012939453,86.20818021112994,26.335637054591086,84.61126746490426,25.874197724576153,85.23682043410312,25.92453618234143,18041000.0,28071000
2023-11-06,85.5602798461914,26.15945053100586,86.05178467134704,26.352415944360473,84.62583373617214,25.97487352672697,85.63118720976743,26.276907460833772,12870000.0,27381200
2023-11-07,87.21061706542969,26.218183517456055,87.59430830904988,26.33564046754036,85.10665153357469,25.916149531261066,85.7050139297801,26.075556535111858,19365000.0,18086400
2023-11-08,88.50348663330078,25.857419967651367,88.67639000649766,26.260130865470405,87.32522992314816,25.630894487541585,87.42236440141704,25.94131847142138,15280000.0,29398300
2023-11-09,88.52779388427734,25.236703872680664,90.31704150235812,25.942447203999446,88.25387266134156,25.19418823717612,88.63658571244403,25.92544094979763,24486000.0,28737700
2023-11-10,93.00962829589844,25.0666446685791,93.14853053245955,25.355744503874988,89.19121374248145,24.684013678432667,89.53410802746497,25.296224235750365,36272000.0,33844100
2023-11-13,91.9809799194336,24.64150047302246,92.51231091664368,24.964612848716722,91.35444866014248,24.598986454970717,92.28404075685701,24.947606592773692,16893000.0,35519900
2023-11-14,94.5094223022461,24.87958335876465,94.8795146013573,25.262214389230923,92.78914786326875,24.65000376740138,93.47784161677615,24.73503342588472,23886000.0,40084300
2023-11-15,94.7464370727539,25.67035484313965,95.36325262920985,25.806401639604047,93.92175353990656,24.837066187538024,95.14566156875037,24.837066187538024,16099000.0,43614600
2023-11-16,93.20683288574219,25.313234329223633,94.0956280063344,25.891434087509804,92.32969509081799,25.05814534196484,93.6390877072544,25.73838101951571,26198000.0,32407200
2023-11-17,94.9727554321289,25.44077491760254,95.57111040458567,25.517301442291707,92.37630689695351,25.287721868224203,93.07665789970407,25.44077491760254,19789000.0,27009200
2023-11-20,96.71926879882812,25.491792678833008,97.12335484381366,25.627839476736664,94.51331441936557,25.304728737166915,94.51331441936557,25.423769279881178,18674000.0,26335700
2023-11-21,95.30982208251953,25.763887405395508,96.26175049485981,25.814906173202868,94.38023008306205,25.304729847770062,94.7075763648953,25.525806309517808,43344000.0,25988700
2023-11-22,94.41618347167969,25.78089141845703,95.96939448244358,26.001967860971668,94.31904895958158,25.627838371961847,95.5517094106223,25.84041168724834,33743000.0,19226800
2023-11-24,95.08350372314453,25.933944702148438,95.17966740079149,26.104004004655298,93.90621752806759,25.83190879628318,94.70370314394223,25.83190879628318,23158000.0,11129700
2023-11-27,92.302490234375,25.627838134765625,95.29136013205657,26.146517538241895,92.21409317768496,25.534306979733106,94.81927923767259,26.146517538241895,96962000.0,26066700
2023-11-28,91.92463684082031,25.245206832885742,92.3627166131237,25.60233005973465,90.74054752409948,25.20269119766227,91.30199633484678,25.60233005973465,39025000.0,29497700
2023-11-29,91.38844299316406,25.57682228088379,93.19517278936041,25.69586282335561,91.24662084778801,25.279219302898483,92.11793365941749,25.313231813208006,34843000.0,26185200
2023-11-30,89.92169189453125,25.908435821533203,91.5428902102637,25.942448331414965,89.20677099838346,25.474786051375148,91.40495877406035,25.772389025617624,49571000.0,45356600
2023-12-01,90.33647155761719,24.58197784423828,90.71530132934261,24.998621344095884,88.19948272168466,24.063298440302685,89.60406832039978,24.63299498537444,29612000.0,103624000
2023-12-04,89.75072479248047,24.896587371826172,90.43067361440347,25.2026918442603,89.01928513224988,24.675510928409153,89.42726183629003,24.675510928409153,25009000.0,47410400
2023-12-05,88.69680786132812,24.735031127929688,89.0999230914605,25.16868088628217,87.99063179433513,24.71802487345178,88.54916815887943,24.837065411185748,37066000.0,39853000
2023-12-06,87.77595520019531,24.479944229125977,89.45932338930862,24.998622025391597,87.72350094111073,24.420422337405,89.40007334672863,24.73503156356443,24813000.0,33410500
2023-12-07,89.5846176147461,24.343894958496094,89.7652950246406,24.573474524518293,87.77594632888838,24.233357549932997,87.96050704324492,24.505451129601234,43517000.0,35782900
2023-12-08,91.7254867553711,24.4714412689209,92.35006878067405,24.632995824992957,88.44520647368947,24.30988509104311,90.12662524717824,24.360902233918196,69668000.0,31890700
2023-12-11,99.97624206542969,24.352399826049805,100.97382160922028,24.49694975330523,92.87074257839255,24.182342137505984,92.9601030578445,24.471441992016835,101184000.0,37833900
2023-12-12,104.1569595336914,24.301382064819336,104.8476022995856,24.539464768904306,99.5235768161804,24.105814998145465,99.85481380892026,24.335394574748218,90242000.0,48587500
2023-12-13,105.84810638427734,22.6688175201416,106.82820360743285,22.728337787115265,103.21086070803035,21.90355393284116,103.74122825059976,22.345706804367865,71654000.0,158100700
2023-12-14,107.47999572753906,22.218162536621094,108.93412299220573,23.230011986813818,105.9054193105006,22.116128251949558,106.08998004948212,22.753848207466653,66964000.0,101889800
2023-12-15,109.7384033203125,22.643308639526367,111.69472193786766,22.94941472993203,106.32698662570392,22.175647998567207,106.3852732542883,22.21816201254325,118544000.0,138388400
2023-12-18,111.41496276855469,23.008935928344727,111.8831603717959,23.21300612292937,108.66018788090852,22.719836080565045,108.87000491152038,22.88989538695512,54741000.0,63329400
2023-12-19,111.20320892333984,23.944255828857422,112.264905390875,24.012279218413045,110.51329904399712,23.187495417325405,111.4393557211867,23.19599854374555,36020000.0,70094700
2023-12-20,108.35381317138672,23.493602752685547,111.37692292500427,24.029288430486204,108.24452109166691,23.47659811955665,110.53185244292553,23.969768160020738,34523000.0,56184300
2023-12-21,110.00391387939453,24.071802139282227,110.79726407637895,24.114317776077044,108.80462704936477,23.621147741897172,110.52695978777783,23.689171138963165,24106000.0,51056600
2023-12-22,109.48575592041016,24.148326873779297,110.46353278860146,24.47994232897593,108.66118151611732,23.961262951164844,110.07125020403183,24.182339380694067,19089000.0,35162300
2023-12-26,110.45280456542969,24.156829833984375,110.80507791474872,24.258865732219714,109.58724563597134,24.020783050874314,109.70629805114899,24.173836087324528,16793000.0,30119100
2023-12-27,109.89461517333984,24.326889038085938,111.20222614278046,24.42892331415629,109.58137579935689,24.071800104298905,110.85385398831964,24.207846886929758,20055000.0,35000700
2023-12-28,109.52771759033203,24.479944229125977,110.48695651504346,24.684014421037883,109.19984138155016,24.301381797574482,110.4332857705133,24.326891179740617,21247000.0,30472900
2023-12-29,108.92662048339844,24.479944229125977,109.71997079074441,24.547967626429944,108.77244271351023,24.26737090982536,109.43502966432925,24.471441101737266,20558000.0,30363100
2024-01-02,105.91423797607422,25.279220581054688,107.53605635946798,25.746882890621826,105.10527564244013,24.51395690026082,106.57194097792315,24.55647091849154,28831000.0,57948700
2024-01-03,103.29901885986328,25.279220581054688,104.90132392601956,25.542812683863847,102.97992027497097,25.007126972044052,104.43292404107754,25.5088001718346,34735000.0,43426500
2024-01-04,102.36515045166016,24.735031127929688,104.36461450789638,25.46628385242278,102.20511351715298,24.684013986301657,103.23851167003112,25.330237060210905,25658000.0,45558200
2024-01-05,102.3915023803711,25.058143615722656,102.99455933520345,25.075149871396206,101.63328493572786,24.44593300772706,102.61789628347839,24.675512593902585,22475000.0,33612800
2024-01-08,104.88668823242188,25.151676177978516,105.1940758928081,25.236705833789472,102.65692161050563,24.8030560487788,103.09604790319507,24.96461223263904,33110000.0,32972100
2024-01-09,105.6322250366211,24.998620986938477,106.22357853293241,25.389756721542646,103.89720593928551,24.930597592460227,103.98600202578312,25.168680284036924,23225000.0,39856900
2024-01-10,105.44486236572266,24.65000343322754,105.67808330428771,24.990120440744185,103.69130535283057,24.55647064798328,105.42339853485107,24.964612678809072,17643000.0,37413300
2024-01-11,107.33893585205078,24.148326873779297,107.46774116350818,24.590479732837746,104.85350183192182,24.03778946991748,105.8107901133978,24.513953214085106,25757000.0,46884700
2024-01-12,108.09031677246094,24.40341567993164,108.87195601835869,24.607485854913932,107.34185972773632,24.18233925158276,108.521633272969,24.19934388314376,26882000.0,30373500
2024-01-16,108.80074310302734,24.080305099487305,109.90147368083747,24.420422082456337,107.20721542543022,23.995275448293622,108.54507557215072,24.31838779846848,26145000.0,38826000
2024-01-17,107.69901275634766,23.935754776000977,108.62019297611977,24.258867120735694,106.38555741146811,23.74869084396897,107.95468024678823,23.94425790315775,18314000.0,33312600
2024-01-18,111.62574005126953,23.884740829467773,111.88335812313876,23.918751720838177,109.47599939669307,23.46809727389351,109.77069338677484,23.842226809803297,32228000.0,50321100
2024-01-19,118.19208526611328,24.046293258666992,118.75805886735152,24.131321284683644,112.80551986943752,23.748690302191793,112.93335734469912,23.833719950014082,53077000.0,35549300
2024-01-22,119.099609375,24.071802139282227,120.15642949409673,24.335394221992946,117.90129026552242,23.748691408670194,118.68488019694277,24.08030526664119,31222000.0,41663900
2024-01-23,119.66655731201172,24.173837661743164,119.73193898744836,24.3609015952514,117.44264972664332,23.935754964891668,119.14839524998544,24.182340788967043,16952000.0,33466700
2024-01-24,122.35592651367188,24.08880615234375,125.34976221052816,24.471438738861497,120.12518467788101,24.08880615234375,121.22689781037454,24.267368566653886,34805000.0,42720700
2024-01-25,120.0266342163086,23.709047317504883,125.00335427393145,24.09743791263162,119.90953238078863,23.69178679366347,125.00335427393145,24.011128708579996,36356000.0,47605500
2024-01-26,117.57536315917969,23.709047317504883,119.1688907306607,24.088806827605342,117.12160748420794,23.614108674638125,119.0215400002177,23.847141385503022,25818000.0,47073800
2024-01-29,118.83320617675781,23.717679977416992,119.40894015130235,23.847142968985374,117.58610021705222,23.570954814649827,118.55411680232355,23.752204319814563,21526000.0,67082700
2024-01-30,117.89542388916016,23.32065773010254,119.83146426504148,24.48582783737089,117.51777812486917,23.26024178278385,118.73561033445402,24.07154399850783,20683000.0,86072400
2024-01-31,115.14750671386719,23.372446060180664,116.8278797699466,23.743574530154703,114.59226129494876,23.113520062911554,116.06966229610765,23.450124188603663,27400000.0,81192100
2024-02-01,117.10012817382812,23.553695678710938,117.40068135591574,23.588218376933185,115.06065483468812,23.07036473390866,115.86473324254071,23.389708335074044,19411000.0,53883000
2024-02-02,119.47431945800781,23.242982864379883,120.48430328666687,23.476017247672097,117.60170997495365,23.03584173907947,117.95300805057731,23.458755075677562,26689000.0,51718500
2024-02-05,121.30496978759766,22.932270050048828,121.75873290649766,23.251613642879125,119.2606124167226,22.889116266844525,119.72998762540804,23.251613642879125,22045000.0,42633400
2024-02-06,119.30940246582031,23.734943389892578,124.13583853168394,23.93345343042641,118.26429332804723,22.932270495495125,123.30248650119036,23.00994862374077,25354000.0,56958700
2024-02-07,122.66722106933594,23.786725997924805,122.90629374601421,23.864404118783444,119.704609410331,23.56232272057886,120.41696587902204,23.778094912694822,25768000.0,36843000
2024-02-08,124.39443969726562,23.795358657836914,126.46416956187247,23.89893004123944,123.44301048024921,23.657264577441072,123.63719748496332,23.786727572035762,29326000.0,29048400
2024-02-09,125.241455078125,23.786725997924805,125.46687371143798,23.812619253614745,121.87974094497851,23.63136975620752,122.17639299805299,23.786725997924805,26293000.0,29062700
2024-02-12,123.44203186035156,23.873035430908203,125.88843218446802,24.183747917295854,122.85653754605418,23.75220352896243,125.88258044265962,23.76946569958645,24778000.0,30323700
2024-02-13,122.13931274414062,23.277503967285156,122.55110862774227,24.019760850080615,119.74268184527864,23.18256532024266,120.52627181752618,23.769465958154306,31907000.0,37927500
2024-02-14,123.1707534790039,23.398338317871094,124.22269714154905,23.450123185868307,121.13127998422972,23.22571989626535,123.8557869705519,23.31202910706822,27306000.0,25270200
2024-02-15,123.44886779785156,23.743572235107422,124.90577284623863,24.00249820734882,121.47574382031601,23.493275701891047,124.90089639467395,23.51916895759966,21873000.0,36111600
2024-02-16,121.53721618652344,23.83851432800293,124.48421591673936,24.071547062146305,121.23568769235796,23.484646391421013,122.86043944970231,23.77809672678366,21268000.0,35935300
2024-02-20,119.68997955322266,23.8126220703125,120.77998187251558,24.287320290633264,118.32479646699277,23.752206112767464,120.59847364520313,23.829884242814334,26329000.0,34232000
2024-02-21,119.7778091430664,23.881669998168945,119.83635634223124,23.89030108473937,117.35678120608623,23.614112899331516,118.85565353139884,23.821254038387405,20579000.0,27348300
2024-02-22,127.3355712890625,23.778095245361328,127.92887531005364,23.90755987941112,124.56129502828223,23.467384403790955,125.0726300025546,23.81261958676426,40819000.0,31957500
2024-02-23,126.50318145751953,23.95934295654297,128.7719894064272,24.244162167008255,125.76644276206366,23.898927009809587,127.67418487241135,23.950711871836617,23115000.0,33182600
2024-02-26,127.74836730957031,23.45875358581543,128.69101903059254,23.881666895554357,126.99991006232031,23.36381329208647,127.83326969336491,23.881666895554357,16282000.0,45685500
2024-02-27,126.4895248413086,23.208459854125977,128.0225470191409,23.476018596783224,126.09821756901596,23.139412808391203,127.7483341300031,23.406971551048446,12126000.0,38598400
2024-02-28,125.82498931884766,23.337923049926758,126.71299477767903,23.51053983039335,125.19557722001369,23.148042451338792,126.17433678313388,23.268874362286535,10967000.0,31010200
2024-02-29,126.90523529052734,22.923635482788086,127.67711427997185,23.467382287367638,125.61616953398924,22.915004398215753,127.18041605412084,23.363810918710705,27536000.0,54643200
2024-03-01,136.53469848632812,22.94952964782715,137.37292698190691,23.217086695349877,128.8090742443428,22.8804826147177,129.38774151539135,23.1566707471555,44488000.0,46392100
2024-03-04,136.83624267578125,22.34537124633789,140.34043891915,22.837331659293287,135.17050615098455,22.10370740626798,136.92309564037532,22.69923756605007,34854000.0,86777700
2024-03-05,131.02908325195312,22.509355545043945,136.12778212255077,22.802805864919655,130.01618093328784,22.172751444214665,136.12778212255077,22.328107689585476,36040000.0,73646100
2024-03-06,131.736572265625,23.46738624572754,136.11120395897717,23.562324899614854,131.44967309181337,23.122151035656994,135.79406333706447,23.21708968954431,43196000.0,84919500
2024-03-07,137.2997589111328,23.122150421142578,138.01210803820155,23.57958644499958,133.97023661948515,23.0962571637462,134.85824224729657,23.476016707836646,62832000.0,46423800
2024-03-08,127.70832061767578,23.493274688720703,137.88424504675962,23.562321721421434,127.01159119333944,23.173932779808993,136.05457092164318,23.19982438818982,74025000.0,45906600
2024-03-11,126.18605041503906,24.485830307006836,126.76178437380449,24.50309083211657,122.22809907496575,23.570954981529077,124.70377296557079,23.570954981529077,31105000.0,52600100
2024-03-12,126.0650405883789,24.17511749267578,127.61758343265561,24.459936730911338,122.88384504111028,23.959345292612138,127.54048339383579,24.434043474267654,42789000.0,48758200
2024-03-13,122.74626159667969,24.356365203857422,125.18679511835406,24.76201799110915,122.20857887965201,24.33047359358092,125.18679511835406,24.41678280232881,37838000.0,39273000
2024-03-14,123.17562103271484,24.2786865234375,124.23537438615931,24.40815115669389,121.75482416614881,23.967975683771265,123.20196875913895,24.382257900800372,38029000.0,36428000
2024-03-15,120.5633316040039,24.114700317382812,123.67328629062655,24.40815062628768,120.03345868501799,24.045653282711733,122.31591315986685,24.13196084139221,88823000.0,75727900
2024-03-18,120.73314666748047,23.924821853637695,123.23516851916776,24.192380577089665,120.19253799861062,23.829883201449185,122.36668360360956,24.17511840534219,25737000.0,36226500
2024-03-19,120.80828857421875,23.847143173217773,121.02882331921357,23.976607812106174,117.49145256106559,23.579586102190202,118.75319540228976,23.88166751591102,24491000.0,29026600
2024-03-20,125.04571533203125,23.907560348510742,126.2207114257337,23.942083044379853,120.20362188813044,23.484645389082655,121.42174341512153,23.717679759491297,40946000.0,34468000
2024-03-21,132.1016082763672,23.873035430908203,137.5512790779936,24.20101008791988,128.96566811485286,23.847142174972166,130.1730009648668,23.950713552505118,72468000.0,29633700
2024-03-22,132.63763427734375,23.614110946655273,134.86708752088026,24.028393190509608,131.92029266065273,23.59684877494185,132.2975803770442,23.709049598656495,38624000.0,28830100
2024-03-25,132.4524383544922,23.674528121948242,133.124695733636,23.71768190724523,131.06967294834436,23.389708858838514,131.8105512121756,23.51054077463919,21237000.0,31110600
2024-03-26,130.48365783691406,23.8126220703125,135.23167300524878,23.84714476910479,130.38761251902676,23.570956593920975,133.73719111117884,23.691790155222424,23522000.0,38220300
2024-03-27,129.23318481445312,23.976608276367188,132.2975878656336,24.114702357391558,127.00764921996868,23.769467154830636,132.2975878656336,23.916190675484142,25583000.0,34247600
2024-03-28,129.8878173828125,23.950714111328125,130.34645131209237,24.27005769047878,128.52760164993737,23.924820854787942,129.15184383348915,24.011130063710652,19856000.0,40466700
2024-04-01,132.32308959960938,23.924821853637695,133.5696301823425,24.054286495532466,129.88783301168962,23.803989943827972,129.91428547553232,23.95934619713265,17252000.0,26596600
2024-04-02,131.1960906982422,23.778095245361328,131.54985681986378,23.950713659953582,127.73185038223613,23.65726334287347,128.94505972983626,23.795357416062792,24694000.0,32451500
2024-04-03,133.5921173095703,23.493274688720703,134.925880267433,23.950712309244985,129.8740596057213,23.476014165203853,130.14160472419297,23.743571211142793,28650000.0,36828600
2024-04-04,129.11265563964844,23.00131607055664,137.58753685238446,23.64863266717387,128.86766008815005,22.992684985056396,135.75889268778866,23.570954543882905,27014000.0,41922700
2024-04-05,131.26171875,23.009946823120117,133.39808722751968,23.04447116462155,128.78922913607084,22.742389761328827,129.9456156402952,22.923637615577736,19438000.0,39880500
2024-04-08,130.93544006347656,22.940900802612305,131.5626281582387,23.14804192216366,128.9411724277317,22.889115934277285,130.69534917704735,22.958162974127738,17139000.0,24431400
2024-04-09,130.73745727539062,23.113521575927734,133.22660524159485,23.66589795090656,128.24437658070877,23.001319095878003,133.01983045304576,23.10489048929226,17986000.0,45127800
2024-04-10,129.5898895263672,22.71649932861328,130.90110303412882,22.949533724077956,128.91468642066772,22.57840523786638,129.65163186643525,22.889117765152612,17467000.0,44541600
2024-04-11,135.47860717773438,22.733760833740234,136.4007647088454,22.82870113566928,129.715335693387,22.55251131607672,130.60025940762947,22.742391919934818,31713000.0,32814500
2024-04-12,131.71644592285156,22.319477081298828,133.91552888635286,22.716497142435102,130.98636407622809,22.293583824446404,132.49455789587506,22.65608118932404,27823000.0,43034100
2024-04-15,128.44528198242188,22.36263084411621,134.25755593476774,22.587034131345522,127.98567609141429,22.22453676677683,134.25755593476774,22.36263084411621,24370000.0,35660200
2024-04-16,130.24551391601562,22.172752380371094,130.95697892624395,22.431678369447088,128.47566638494928,22.16412129457372,128.9048870842829,22.28495320331435,18923000.0,28885300
2024-04-17,125.69544982910156,21.93971824645996,132.003591401519,22.17275262694663,125.57686983675995,21.801624164588894,131.6223858851552,22.17275262694663,24718000.0,43828900
2024-04-18,123.37876892089844,21.91382598876953,126.67738605052617,21.974241946568657,123.03283087187909,21.775731900596842,126.22169796105739,21.87930328983205,24888000.0,35788400
2024-04-19,118.05941772460938,22.440311431884766,123.47773779913396,22.440311431884766,117.35872667383336,21.879303975329936,123.3787616461396,21.913826675349043,44797000.0,38372800
2024-04-22,119.99488067626953,22.664710998535156,120.85138552214521,22.87185210305522,117.65076529878648,22.37989177404367,119.9987984511697,22.440307723752294,25162000.0,35678700
2024-04-23,122.41838073730469,22.71649932861328,123.27194728604381,22.845962332912073,120.34376183486977,22.604298497210706,120.35846096800124,22.72513041506139,22025000.0,24297800
2024-04-24,123.16610717773438,22.673343658447266,125.98845288058338,22.733759612352088,122.00385136004111,22.47483362527105,123.85993467081013,22.65608148698552,20108000.0,24547800
2024-04-25,126.8508529663086,21.801624298095703,128.18460127862903,22.811438306843755,123.18375539113298,21.792993212149494,124.69783352129349,22.67334422412704,30410000.0,47661400
2024-04-26,131.71644592285156,21.922454833984375,132.86889979634148,22.043288383441535,127.70440512782322,21.749838064520343,128.37764933109474,21.862038882361404,24100000.0,46526500
2024-04-29,131.182373046875,22.129596710205078,132.58963199186638,22.310846217551962,129.9162437365965,22.043289145594564,131.7174484568062,22.077811842196514,13372000.0,39995300
2024-04-30,127.42411804199219,22.112335205078125,132.1358853419896,22.293583058181547,127.30456609446006,22.08644194911569,130.2278542033839,22.138226814829356,22113000.0,38017700
2024-05-01,121.79806518554688,23.45875358581543,126.64995330670973,23.691787954307664,121.65008692310529,22.457570720676085,125.2740590188251,22.725127784753525,30958000.0,97388900
2024-05-02,121.37764739990234,23.907560348510742,123.91383860907672,24.114701462359122,119.88219373084911,23.406968911824343,123.11319190279205,23.484645389082655,29480000.0,69649000
2024-05-03,125.25248718261719,24.00249671936035,125.8179402543354,24.088805920160638,122.21748254943982,23.75220184787171,123.3797458466504,24.045652142866036,24898000.0,60568900
2024-05-06,128.40805053710938,24.30457878112793,128.4531199079158,24.451303932742718,124.95459130738935,24.131960374683075,126.04726186597199,24.149222544569785,16287000.0,59899700
2024-05-07,127.70246124267578,23.967973709106445,129.2586704182048,24.589396983452506,127.08016299389547,23.648630164241137,129.00877017950774,24.416780230350795,12413000.0,65606400
2024-05-08,129.88388061523438,24.399520874023438,131.11277592561467,24.459936826884512,126.26970342518075,23.752204271292644,126.76068135977746,23.907560519341835,13918000.0,39087800
2024-05-09,127.95331573486328,24.688634872436523,129.51540135724403,24.749961944401804,127.59365802130166,23.93518416877764,129.14497723948466,24.320670769607464,12170000.0,47831100
2024-05-10,130.6120147705078,24.539695739746094,131.70958995154626,24.776244437674368,128.8980329939276,24.46084617377,128.8980329939276,24.741199443446195,16300000.0,25849800
2024-05-13,131.07359313964844,24.916423797607422,133.1197932576606,25.100405024315357,130.34840100054163,24.67987507380795,132.10159041756617,24.69739757283846,18507000.0,39609800
2024-05-14,135.24046325683594,24.863855361938477,135.43253889350711,25.12668782436214,129.92601674658252,24.697396640544646,130.5669168468337,25.01279325600066,19420000.0,23530900
2024-05-15,140.7421112060547,25.249343872070312,141.01454614438111,25.398281777347073,134.2556056430682,24.951468061516792,135.23754675372638,24.96022931136102,32757000.0,38376300
2024-05-16,138.38621520996094,25.33695411682129,141.6466117173975,25.433326191854043,137.69336712029047,25.117927888865033,139.74545892953952,25.29314953964504,28395000.0,40077800
2024-05-17,136.73593139648438,25.091642379760742,139.11140409649937,25.328191090408634,135.41196263891115,24.977749484469566,138.41463824798026,25.319429841380483,18174000.0,26106400
2024-05-20,138.57240295410156,24.99527359008789,138.85757809211975,25.152971069624687,136.52717489436174,24.933944842946502,136.80550140287897,25.10916649270405,27170000.0,22423300
2024-05-21,137.11911010742188,25.02155303955078,138.1177092358523,25.11792510389822,136.5565952901341,24.811288084550544,137.06814911807325,24.94270347254603,15333000.0,28119900
2024-05-22,136.43701171875,25.93270492553711,137.6874696959202,25.958987002618404,135.6510642481666,24.8989008940573,136.80646385261042,24.94270546988443,21002000.0,46987500
2024-05-23,136.53993225097656,25.13545036315918,140.03944778446186,25.783767796740598,135.0415476297657,25.117927863891097,139.98359705434905,25.783767796740598,31039000.0,42031300
2024-05-24,137.96578979492188,25.30190658569336,138.52830451682976,25.398278651079895,136.4154574716201,25.01279206057109,137.17691142103243,25.117925374723434,16730000.0,22589100
2024-05-28,138.41757202148438,24.79376983642578,138.8811106298134,25.301910649188788,136.4664302203944,24.644831925562265,138.17748118322086,25.231822318843463,22919000.0,32371200
2024-05-29,136.283203125,24.37323760986328,137.10933049678198,24.67987465352549,135.53155835750144,24.259344710179437,137.10933049678198,24.67111340415943,26861000.0,24241700
2024-05-30,133.67739868164062,24.70615577697754,135.5099603648897,24.70615577697754,132.85028460446884,24.34695294631617,135.1395212812425,24.45208458546535,21717000.0,23298600
2024-05-31,130.1955108642578,25.10916519165039,133.52745880110322,25.18801476285188,128.10913123631863,24.74120108305593,133.41083770741247,24.82881190339507,73091000.0,78290100
2024-06-03,129.54383850097656,25.678634643554688,132.59158348444382,25.871378794714975,127.64561660861094,25.091644282456336,132.56218521718694,25.109166781841367,26278000.0,38177200
2024-06-04,130.41798400878906,25.83633041381836,130.53264622585036,26.046595365801252,128.08464976094552,25.555977144507835,129.39683532061744,25.66987003352625,23048000.0,46309500
2024-06-05,138.48031616210938,25.888898849487305,138.60378590952507,25.95022759550237,131.3705402162137,25.555979726307147,131.9056156639279,25.897660098918028,32947000.0,27346700
2024-06-06,137.32192993164062,25.2318172454834,139.42104959836226,25.880136259617196,136.04501954895701,25.223057668109426,139.3406903605261,25.722437130289368,20172000.0,35360400
2024-06-07,137.84820556640625,25.039077758789062,139.6474512928055,25.450846456657363,136.90545726958626,25.012794010442693,137.9599219722931,25.18801565734355,17859000.0,27526200
2024-06-10,141.1634979248047,24.59226417541504,142.00432435596295,24.83757414798884,138.09223097307796,24.20677755309549,138.15789109861976,24.83757414798884,31042000.0,36977900
2024-06-11,143.17832946777344,24.557218551635742,143.5683724135259,24.820049327566824,138.78801360686768,24.434562741302226,140.94104049914938,24.487130233318297,34844000.0,29573500
2024-06-12,146.5573272705078,24.233062744140625,147.5657358714429,24.73244229746729,144.6845855297348,24.145451915074744,146.99734434557217,24.679876468442796,56697000.0,32507900
2024-06-13,164.5380096435547,24.224302291870117,170.11019217297846,24.285629372924546,161.94399402488654,23.83005605464695,167.5769319727514,24.092886879462394,89061000.0,33945200
2024-06-14,170.03079223632812,24.11916732788086,171.2263714547464,24.723678476392195,164.84277633852983,24.031556507925803,165.30924572991185,24.311909794952058,69705000.0,29461900
2024-06-17,179.22596740722656,23.637310028076172,180.61069146880365,24.07536248228531,174.29764590344615,23.54093962445566,176.39676574098996,24.049080404496763,87528000.0,32194600
2024-06-18,176.6437530517578,24.0140323638916,181.45546931376424,24.05783693534822,174.92781220915623,23.61102495917139,180.2765478386768,23.63730703363045,86797000.0,29817800
2024-06-20,169.98377990722656,24.303146362304688,176.86228691377855,24.495888812058688,168.77448825785663,23.78624440915274,176.73585641464507,23.830050650713137,68157000.0,29693400
2024-06-21,162.54278564453125,24.303146362304688,167.96893436253492,24.43456174491138,161.83621038046263,24.145447234761754,166.1716474600927,24.329430107240928,99289000.0,52487000
2024-06-24,156.52919006347656,24.846332550048828,163.29190597413768,24.89013712143525,156.37681170607135,24.294385592771135,161.4289387970839,24.48712971736087,58575000.0,35414100
2024-06-25,155.40647888183594,24.522178649902344,157.88879971505986,24.9251878172055,153.75586355974798,24.469612818006336,157.30778792194758,24.881381564760773,53329000.0,24721600
2024-06-26,156.508544921875,24.022796630859375,159.08228101611766,24.469610334215716,154.6986657028687,23.71615957902218,157.06104021010248,24.45208783501645,46479000.0,30745800
2024-06-27,155.9835662841797,24.3557186126709,157.8475083491552,24.382002364547798,154.44404698381294,23.71616235633891,156.50853503020306,23.978994861994828,31649000.0,28399600
2024-06-28,157.83865356445312,24.51341438293457,161.15168988808438,24.636070203648824,155.91868348382226,24.21553858711596,156.8899716427613,24.33819440783022,69377000.0,33189200
2024-07-01,161.30601501464844,24.723678588867188,162.08757270081028,25.082881448383368,156.65598604505323,24.478370297121938,158.10113497443,24.48713154626104,47623000.0,26209000
2024-07-02,162.9458465576172,24.382001876831055,163.11493582591444,24.776249791909887,159.4578253685634,24.259347712601045,161.30604667519648,24.723682289207602,32539000.0,21989800
2024-07-03,169.99856567382812,24.26810646057129,169.99856567382812,24.57474183952667,163.63205142361485,24.198018135233276,164.17668630085058,24.460848937491456,39954000.0,15180100
2024-07-05,167.45138549804688,24.574739456176758,173.56230144047342,24.609784450965712,166.73275599199863,24.241820360868303,172.58805788225922,24.320669928106128,45240000.0,17268700
2024-07-08,171.63441467285156,24.4696102142334,172.71975408056818,24.63607061373524,167.61749480058327,24.346956062514934,167.61749480058327,24.57474186683852,36398000.0,25694400
2024-07-09,170.400634765625,24.285627365112305,174.10396263868222,24.478371513676983,167.67255531792907,23.917663238169506,172.68633997949223,24.4258040162298,37802000.0,36867800
2024-07-10,171.51939392089844,24.83757209777832,173.6625462989013,24.890137919334578,169.71739022721854,24.3557134418944,171.64819097496567,24.3819971881912,41074000.0,29873600
2024-07-11,167.7108917236328,25.10916519165039,173.50327884136524,25.608544695234862,164.02921016139518,24.8989002254589,173.4826377113185,25.214298510264843,51026000.0,47322600
2024-07-12,167.1918182373047,25.33695411682129,169.67314908252905,25.52969659584929,166.27163786026208,25.223061213540536,168.21029899599057,25.319431617535788,30453000.0,28397000
2024-07-15,168.52194213867188,25.49464988708496,170.57660463829993,25.64358776918381,166.39845587071287,25.2581011912155,167.12595070348252,25.433322818756718,22999200.0,30534400
2024-07-16,166.51644897460938,25.8450927734375,169.88845383890944,25.89765859593369,163.58681836270804,25.512173669578477,169.48538174118295,25.582261989919186,22244900.0,26912100
2024-07-17,153.34298706054688,26.309432983398438,160.08701202299122,26.545980056503172,152.97924710656937,25.67863633235214,159.5659734399553,25.775008414270353,43343400.0,45395000
2024-07-18,157.8062286376953,26.02907943725586,158.77948194642119,26.88766362998323,151.29813716517035,25.95899110224115,156.20378086563406,26.2043011103115,37973500.0,47279700
2024-07-19,154.68983459472656,26.256860733032227,161.17824547807797,26.28314447908475,154.46371219212136,25.888896643483548,159.10391670305822,26.23057865801703,26309500.0,30021200
2024-07-22,158.33706665039062,25.93270492553711,160.2344452645972,26.484650267731226,155.23048700276047,25.739960781407852,157.52109709099807,26.379518617331133,28813300.0,46483200
2024-07-23,161.00128173828125,25.8450927734375,162.53490572246537,25.967746916274397,157.19669839201674,25.696154883833824,157.68824531006658,25.950226089467247,21570200.0,25528300
2024-07-24,148.7814178466797,26.265623092651367,158.6811799959973,26.27438434170611,148.54548492607918,25.67863277428288,157.63910292782103,25.853854413302912,37162600.0,29579400
2024-07-25,146.736572265625,26.44084930419922,150.95405298409875,27.097928057599646,143.0598111273686,26.256866384307507,148.70275982647078,26.256866384307507,30872100.0,42296200
2024-07-26,149.06654357910156,27.338199615478516,150.98357382182238,27.435930082017364,147.3854462888242,26.66296277258342,150.9049245040667,26.7873479270623,20839900.0,35657100
2024-07-29,147.6803436279297,27.29377555847168,152.37953053068122,27.480354987701517,146.62842612000168,27.04500524565944,149.44991536974032,27.267122564739314,16625800.0,41713700
2024-07-30,141.09364318847656,27.889049530029297,150.87542466387674,28.022321274730135,140.9265190226611,26.458615173724755,150.6886344194881,27.55143195685138,31102300.0,89857500
2024-07-31,157.9635009765625,27.133852005004883,158.60252093246325,27.773549261933685,148.447160410259,27.071657733343756,148.90921568577377,27.720241580844775,45827500.0,40978700
2024-08-01,144.53445434570312,27.231582641601562,156.22343900093946,27.373737588475112,143.69881861728572,26.574115588656237,154.83727314591238,27.29377521903116,40320000.0,39753100
2024-08-02,141.38856506347656,27.036117553710938,142.89269745769892,27.82685458558581,137.2399078059626,26.662960428460455,139.5305032815083,27.43592766993757,33745800.0,42364700
2024-08-05,139.67794799804688,26.42307472229004,142.9614771983934,26.66296182132998,126.32753439214808,25.63233764910717,127.41876894685231,25.845570061158035,41309300.0,37838000
2024-08-06,141.4868621826172,26.0499210357666,146.39250579354206,26.69850325368385,137.87890962740332,25.987728452489716,139.33388429525573,26.414193333206196,24751300.0,29031800
2024-08-07,133.96621704101562,25.632339477539062,147.56240819745153,26.485269186584574,133.53365330199827,25.53460731289484,145.74367838589853,26.325344442483367,29749800.0,32866100
2024-08-08,143.27610778808594,25.55237579345703,143.79714634557146,25.77449310561022,136.06018729231644,25.356913168825645,138.8128531625633,25.703415633506022,27583200.0,32094400
2024-08-09,145.7534942626953,25.365798950195312,147.02169377718016,25.543493495840778,141.6736606326356,25.27695337199336,141.7621354822539,25.454646223018045,18438700.0,25795600
2024-08-12,146.10739135742188,25.27695083618164,148.5749663216651,25.41910578058856,143.8954303740092,25.16144888471314,145.57652732176385,25.392451093029536,17778500.0,21141600
2024-08-13,153.51992797851562,25.632339477539062,153.73620980974948,25.721186745886477,147.27727648764997,25.152565245235444,148.98786506173042,25.36579767249682,22053600.0,34620700
2024-08-14,155.02406311035156,25.658992767333984,157.54078082828835,25.9255345754461,152.10427333580841,25.472415026814147,155.3484858631698,25.587915290761565,20184200.0,23677700
2024-08-15,163.3213653564453,25.507953643798828,163.8522293676559,25.77449545949727,157.6292442874718,25.339145691272652,158.47470549111816,25.703417980901836,27945000.0,28676800
2024-08-16,162.91831970214844,25.143680572509766,163.28205963906714,25.454645167180384,159.92970589349144,24.743870403322436,161.68945234680447,25.454645167180384,19296900.0,50332900
2024-08-19,164.87466430664062,25.58791160583496,164.99263075987963,25.66787396729111,157.7079022559588,25.125908921957794,162.07284103564936,25.188101493174695,20441700.0,26382500
2024-08-20,163.14443969726562,25.676759719848633,165.5235252808835,25.9344166030604,161.37486756871664,25.587912460305937,164.22584905382982,25.587912460305937,19417500.0,21301300
2024-08-21,162.977294921875,25.79226303100586,163.65563206880424,25.916648184177898,160.12632879798096,25.703415766759854,162.32844938995822,25.74783855157255,16097700.0,16729700
2024-08-22,159.59544372558594,25.570146560668945,169.5050310193637,25.881109453850517,158.75982299694877,25.356914136221295,167.95174101688292,25.783378985116595,30044500.0,20241500
2024-08-23,163.5474853515625,25.676759719848633,165.43502364958215,25.71229930151392,160.69651932869158,25.44575752288583,162.23996879599673,25.60568225113858,18848000.0,21885300
2024-08-26,156.92144775390625,25.694530487060547,162.89866062736266,25.810030742620636,155.97768598488952,25.56126043999257,162.17118072225037,25.694530487060547,18521200.0,16506000
2024-08-27,158.6614990234375,25.605682373046875,159.29067842067232,25.801146683895514,153.19550019730627,25.374680174984277,154.93558032747916,25.747837311143776,16683100.0,16184600
2024-08-28,155.5057830810547,25.543493270874023,159.53647399827534,25.83668808237227,153.60841908886368,25.445761102167687,157.37367045766857,25.570147960872323,18063600.0,19874100
2024-08-29,154.2769317626953,25.51683807373047,160.4409352447623,25.667877924810735,152.78263970708565,25.348030124291906,155.81057097896377,25.65010982645244,23519300.0,19229800
2024-08-30,160.06735229492188,25.774492263793945,160.48024992326998,25.81003015137504,156.02683585937427,25.472412593562137,158.39608070293207,25.516835376693646,25158500.0,37137600
2024-09-03,150.2069091796875,25.143680572509766,158.02251762285726,25.69453228546521,148.82075819239526,25.001525619738178,157.66860322165402,25.454645167180384,37179100.0,44499600
2024-09-04,151.514404296875,25.223642349243164,155.12235656754282,25.356914097110472,146.62842714811504,25.05483440595373,147.7589939636974,25.13479677682585,20324100.0,23510500
2024-09-05,150.23638916015625,25.330257415771484,153.71653432093655,25.587912605828045,147.57219858445887,25.188102477542923,148.02442829502428,25.259179946657206,31548500.0,25927200
2024-09-06,134.68385314941406,25.374683380126953,141.07396297037167,25.56126281908431,134.290621622299,25.125913054344814,140.82818951571946,25.374683380126953,76634600.0,31214500
2024-09-09,138.4392852783203,26.129880905151367,139.1962567538257,26.289805643727927,132.6193563964344,25.27695122557056,136.75818816870392,25.356913594858838,39516700.0,36558400
2024-09-10,145.70431518554688,26.42307472229004,147.3264136934548,26.44084451361609,138.65552057631308,25.934417323167708,138.83248523218256,26.13876483955555,36067500.0,32378800
2024-09-11,155.5942840576172,26.351999282836914,156.18413142860507,26.38753886822843,142.5879402658497,25.88999484047146,145.88131100695264,26.369769075532673,39700800.0,31943100
2024-09-12,161.77792358398438,25.90776252746582,163.50817838220144,26.39641992453767,154.1786122284463,25.552375175538966,155.4271456338285,26.280919670644156,43530700.0,32511800
2024-09-13,164.85498046875,26.005495071411133,165.2383864012878,26.04991785557981,161.26667956086723,25.756723074052992,163.9210444793188,25.90776291269533,29850000.0,19987700
2024-09-16,161.24705505371094,26.71626853942871,162.70202972961283,26.778461112211602,157.69808570851856,26.156533689762174,162.39727304082473,26.272033939984613,26126900.0,29224600
2024-09-17,159.72325134277344,26.50303840637207,163.21323734291678,26.77846340713771,157.98317111156803,26.298690879824036,162.6921988274926,26.698501036815323,19844300.0,27055300
2024-09-18,158.93678283691406,26.431961059570312,164.6387302355115,26.77846353622388,158.63202613988793,26.414191267275086,161.0012859470203,26.654078379398634,26557600.0,25812800
2024-09-19,165.13092041015625,26.351999282836914,167.6756467372467,26.965043573874897,163.39498972081674,26.227614123208024,165.38736009887302,26.556346814976006,32453100.0,22653200
2024-09-20,168.76058959960938,26.13876724243164,169.66800881575972,26.254267507427482,164.19388985677136,25.969957598557045,164.89417373926975,26.245384305568418,91758500.0,56877400
2024-09-23,170.575439453125,26.041034698486328,170.95024862951573,26.183189650861976,166.04820092316606,25.925534435163883,169.64828941689086,26.147651760078418,29431100.0,23126200
2024-09-24,172.44944763183594,26.209842681884766,173.58373296558298,26.28980504936525,169.33265000280716,25.898878107751845,170.44720457809834,25.987725371021337,34223400.0,21446200
2024-09-25,173.1201629638672,25.703414916992188,174.71800829124547,26.396419827034588,171.38421737347156,25.68564512580634,172.26204802310227,26.298689364753553,16613800.0,30712700
2024-09-26,175.65504455566406,25.73895263671875,177.78551536991662,25.774492218858438,172.60729647564722,25.152563088378272,176.05944240516015,25.30360292323085,24340000.0,32310400
2024-09-27,170.328857421875,25.845571517944336,176.02982779687693,25.969956674996503,169.41156524138304,25.694531672400704,175.7339266080034,25.783378939418252,20580900.0,25013000
2024-09-30,170.14146423339844,25.71230125427246,170.55571990551266,25.934418572687967,167.31070961553766,25.57014630605619,169.52007320014678,25.86334109857983,16902000.0,27464700
2024-10-01,165.18023681640625,25.472414016723633,169.89488018292687,25.836686281539922,163.5330720046868,25.34802886130948,169.8061143365244,25.81003159339947,23770400.0,30725100
2024-10-02,168.3266143798828,25.419105529785156,170.4768005899671,25.56126047278947,164.7363837431985,25.214756316423436,165.2591359887753,25.41022063401981,14317800.0,24957200
2024-10-03,169.53981018066406,25.179218292236328,172.5481116541738,25.33914302590914,166.8767293049949,25.108140821117363,167.30084284789962,25.321373234474255,13072300.0,25678900
2024-10-04,174.22486877441406,25.3924503326416,174.48130847658842,25.401335228228547,170.24011275902623,25.090370661167654,173.88952107537955,25.134795139102383,17921400.0,28769000
2024-10-07,172.6862030029297,25.943302154541016,175.872036290975,26.511921918600905,171.48288237088252,25.863339788392523,172.4297632969806,26.094341991196995,15588300.0,51426600
2024-10-08,178.2589111328125,25.925533294677734,179.11702603328334,26.200958290961783,172.49876388098934,25.765608556635183,173.0215160944161,25.952186287937742,20774200.0,29126600
2024-10-09,183.40756225585938,26.82288932800293,183.87113730055503,27.03612176210595,174.00786409453775,25.854457630647083,176.78931436271168,25.96107300038822,25504100.0,44244800
2024-10-10,183.15109252929688,26.06768798828125,183.76261055171466,26.72515503138235,180.034295095388,26.014380307657003,181.05021086495987,26.55634539901485,16318000.0,34347700
2024-10-11,178.99867248535156,25.90776252746582,180.09349637993196,26.1565345211249,174.97445533365493,25.721184803186933,178.66332481858353,26.085457050739528,23070000.0,29617600
2024-10-14,179.8173370361328,25.83668327331543,182.42124064197333,25.916645633805942,177.66715063403342,25.632335771893214,180.79380653213337,25.907760738793613,17195800.0,23594200
2024-10-15,173.5738525390625,26.156536102294922,179.21564520021673,26.423076208697346,170.99953800294088,25.827801722752643,178.31808385636074,25.845571515078316,27657500.0,29009900
2024-10-16,174.4023895263672,26.360881805419922,176.7991574917182,26.494151849395887,172.93275652302304,26.147649396134266,176.0692699172097,26.209841970348347,15285100.0,28414800
2024-10-17,179.04798889160156,26.005495071411133,182.973567229094,26.236497277253562,178.21947759326522,25.961070592621862,178.8901729156823,26.19207279846429,25232400.0,23779200
2024-10-18,177.430419921875,25.961069107055664,180.21187017156402,26.094340841176695,176.23695724980777,25.83668396280456,179.8272031210922,26.03214657443065,17835200.0,24244900
2024-10-21,177.529052734375,25.703414916992188,179.23539471654794,25.961070110704718,175.8128378472892,25.658990439027573,176.92739249092767,25.961070110704718,13695100.0,23395700
2024-10-22,176.92739868164062,25.62345314025879,178.21948505700175,25.75672318797487,174.9843326659698,25.410220724988942,176.21724181042282,25.6767608204211,12062600.0,29036400
2024-10-23,171.1376190185547,25.64122200012207,176.5328297532472,25.86333930311794,170.21048413621955,25.472412375351457,175.16183561162555,25.65010689559637,19513700.0,22217600
2024-10-24,169.00718688964844,25.445758819580078,171.91684938043508,25.74783850064665,167.1824753860202,25.321373666654058,171.87738786080894,25.64122313945881,20485200.0,31473600
2024-10-25,170.63462829589844,25.27695083618164,174.3826751644532,25.525721141583443,170.35845784717804,25.268065940328633,171.80836022804044,25.48129835693901,19977700.0,26091100
2024-10-28,169.6680145263672,25.64122200012207,171.59134961719008,25.712299469295928,169.00717708747723,25.3746802197547,170.63461099890603,25.4102198016519,13195800.0,37922500
2024-10-29,176.789306640625,25.28583335876465,177.76576101326683,25.916647390432892,168.86909980615744,24.903793015062558,170.08227814346148,25.774492449841286,23702300.0,102267000
2024-10-30,174.22486877441406,25.339143753051758,176.7400066174959,25.410221226210393,173.21881062714903,25.04594896444482,175.04352231040644,25.152564326872454,17911500.0,47104000
2024-10-31,167.4487762451172,25.143680572509766,172.06478040765464,25.445760270804573,165.09145479284857,25.13479737075466,172.06478040765464,25.276952323526253,26086600.0,37909600
2024-11-01,166.61041259765625,24.957103729248047,168.98746510096208,25.35691560742228,165.20982957977537,24.921564142467773,165.9594329407063,25.30360622725187,17847000.0,46894600
2024-11-04,166.24545288085938,24.663904190063477,170.09212294798797,25.001521726669292,166.11722552856884,24.637249505086526,166.96546752416114,24.965983841320472,13621300.0,41347800
2024-11-05,171.52230834960938,24.868253707885742,172.01547199069526,24.877138603598638,167.72495734334396,24.50398145675984,167.72495734334396,24.64613639892504,13441800.0,44175800
2024-11-06,177.09506225585938,24.308521270751953,177.74604185844208,24.868256199787616,173.55415101023954,24.059749249724575,177.17397024255058,24.81494851478916,24300800.0,65749500
2024-11-07,181.2967987060547,24.397363662719727,182.34230312127573,24.51286560886301,179.30441356469163,24.290748306640342,179.5016910431669,24.45955793082332,18970600.0,48484800
2024-11-08,181.12913513183594,24.1086368560791,182.5198601628718,24.496612959068926,179.34388522185745,24.099613955900008,180.48802844101428,24.460523079294795,13503200.0,55951300
2024-11-11,176.46380615234375,23.67555046081543,181.11927182447027,24.20788958072115,174.4023858791366,23.657504658561102,180.89240572825707,24.10863938926477,17036700.0,54329300
2024-11-12,173.8105926513672,23.63043785095215,177.10492211976333,23.856005217972847,170.83188008315716,23.41389338512537,176.4539425097948,23.666527734785394,15862000.0,53035200
2024-11-13,171.20669555664062,24.1086368560791,173.18920802335506,24.135705556616383,170.24009901094587,23.440957731306334,172.3212502283101,23.666525072956954,17472500.0,47983100
2024-11-14,168.05044555664062,23.477052688598633,173.16948651052638,24.22593630111086,167.54740901540757,23.314643904039414,172.38042168225007,24.126686105893008,20638900.0,45262200
2024-11-15,162.586181640625,22.376279830932617,166.8273918612032,23.188323645887174,161.19545659443082,22.087553906034223,166.16655440418376,23.188323645887174,20836200.0,131074400
2024-11-18,163.40484619140625,22.430418014526367,164.07555659875524,22.78230253264589,160.00201992884155,22.286055047044393,163.39498833621016,22.529666479081275,17856900.0,64221700
2024-11-19,163.08921813964844,22.646963119506836,164.51938965379793,22.655986020352717,162.06342936318066,22.20485130371291,164.38130443967646,22.286055690383463,18003400.0,52381200
2024-11-20,161.0179443359375,22.502599716186523,163.27662740776722,22.646962685066537,158.66062250631828,22.240940759502543,163.27662740776722,22.619893983048158,17196700.0,46170800
2024-11-21,161.69850158691406,22.674030303955078,164.06568111052036,22.755234691352126,158.40417198401119,22.35823737623587,163.9769152646712,22.439441763632917,24835300.0,45048400
2024-11-22,161.9845428466797,23.14320945739746,162.65525329713984,23.233436740383524,160.17956191917747,22.64696198238754,162.05359298797242,22.719143464587933,17332500.0,41897000
2024-11-25,162.5664825439453,23.61239242553711,164.9435200411516,23.86502850017291,160.66286291488044,23.224416272716663,163.1385391680569,23.233439174054634,26850600.0,57707600
2024-11-26,162.48756408691406,23.251483917236328,164.09526734455116,23.67554993514289,160.46559012100516,23.107120944291864,162.3494788675435,23.603368448670658,16308800.0,33001000
2024-11-27,157.48687744140625,23.305618286132812,160.9686115899544,23.41389137019978,155.38599548627428,23.188324022590695,160.9686115899544,23.242459704153035,19722700.0,28242100
2024-11-29,159.86392211914062,23.648483276367188,160.46558234226623,23.666529079780588,156.90494037593132,23.25148592692751,157.38824614537955,23.30562161622519,11024000.0,22023000
2024-12-02,164.2333526611328,23.296594619750977,166.0777949390114,23.657502019870847,160.5247674457285,23.21539023960623,160.72202989492314,23.522161959943674,21472400.0,43866400
2024-12-03,165.8509063720703,23.0620059967041,165.9692758656905,23.368777738554495,161.7872432781858,23.02591611463236,162.2310874913267,23.305619154222182,17024400.0,49064300
2024-12-04,168.22796630859375,22.764257431030273,172.99192853265495,23.007870591495813,166.255311891185,22.719144647659192,171.0685934857132,22.96275780812473,32748200.0,42541500
2024-12-05,168.1392059326172,23.188325881958008,170.04281028316504,23.269530271284072,166.88656612283535,22.683053743719718,168.41537635601108,22.764258133045786,18490000.0,43647900
2024-12-06,177.07534790039062,23.215394973754883,178.20961833256297,23.549235462532348,167.01481194275772,23.08907778818953,167.77428821612654,23.224417875715634,27830800.0,31830700
2024-12-09,176.493408203125,23.549232482910156,178.31810466493087,23.856004226990347,173.6133343138179,23.08005196597076,176.50326605799654,23.242460738829962,20886300.0,37464800
2024-12-10,169.4608917236328,23.07103157043457,176.05942379664182,23.558257941920086,167.4093291249132,23.016895880583697,175.37885554873,23.549235040121182,27762600.0,43280500
2024-12-11,180.6951446533203,22.764257431030273,182.3423093134464,23.016893492358502,174.01770512442374,22.710121746796503,177.54875839679,22.899597502085893,41295200.0,39569400
2024-12-12,178.18988037109375,22.89057731628418,179.5115552427107,22.98982578819931,173.5837340288521,22.610872540220534,178.45617788616346,22.719145634332662,46967200.0,38705100
2024-12-13,221.72637939453125,23.080053329467773,225.57304983309507,23.152234819342524,208.2235562894247,22.791327369968773,210.97540282621878,22.863508859843524,121336600.0,29043600
2024-12-16,246.5818328857422,22.782302856445312,248.43613308509438,23.23343756647393,227.65420898540688,22.75523415430435,228.620805556274,23.08907459694016,111623200.0,40194000
2024-12-17,236.94540405273438,23.84697914123535,239.1547826320025,23.874046120270346,230.60332671137238,23.332685888263963,237.35965971444207,23.36877576729136,70382100.0,71440300
2024-12-18,220.56248474121094,23.35975456237793,236.57058611267252,23.92818525655137,216.22265105976317,23.332687581378845,236.13659973449597,23.630436418965107,53960100.0,47575100
2024-12-19,215.33499145507812,23.251483917236328,224.93195223080792,23.540209863125252,214.60510380758208,23.080052241511382,224.79386700562335,23.188325331690923,40845200.0,50324700
2024-12-20,217.77117919921875,23.783823013305664,227.1412877426412,23.901117283410382,215.91689426894428,23.188325319975036,217.34706572080327,23.188325319975036,131910400.0,116340100
2024-12-23,229.7871856689453,24.0996150970459,230.8255920971575,24.135706699471257,222.64682105758146,23.630436312112533,224.1896118439952,23.783822180535648,40643800.0,35350400
2024-12-24,237.0363311767578,24.126684188842773,237.58026771509478,24.153752891099323,232.21016765870442,23.801866645533586,237.47148040742738,23.99134411944473,22827200.0,19716400
2024-12-26,242.6536865234375,23.964275360107422,244.55250716516346,24.108638329913788,234.97928454348445,23.89209387520424,237.35280657302064,24.036456845010605,28459000.0,31406000
2024-12-27,239.08351135253906,24.018413543701172,243.06905947622363,24.225935104412482,233.74307907930736,23.8379589651177,242.9306042718209,23.846981866141114,29282200.0,35218300
2024-12-30,232.98155212402344,23.83795738220215,236.1363688075348,23.98232034710581,229.06522432265098,23.67554861644996,232.11125370361077,23.892093063805447,27316800.0,32859100
2024-12-31,229.2827911376953,23.93720817565918,234.84081255583195,24.045479541623685,228.75863826788742,23.783822306424184,233.27823821340093,23.819912188098243,17927700.0,27085500
2025-01-02,229.4212646484375,24.009389877319336,236.85832354198084,24.23495723288696,227.70046644428936,23.9642753736404,233.55516724457323,24.135707045735654,31525800.0,32899200
2025-01-03,229.9849853515625,23.991344451904297,233.88152971570196,24.216911811007616,226.4741386986179,23.928185866706148,231.01350755125367,24.090594640611318,24973200.0,33417000
2025-01-06,233.80239868164062,24.262025833129883,239.08349480029065,24.586843397523523,230.72670141275174,23.964276972749865,233.8914023589193,24.09961705093306,34028400.0,43951000
2025-01-07,226.11810302734375,24.47857093811035,236.85831796542894,24.875570002574438,225.08958085428003,24.30714097106615,236.85831796542894,24.370299561129016,25928600.0,35030000
2025-01-08,226.78070068359375,24.234956741333008,229.90584940055177,24.4875910730415,223.56654829133555,23.666526053104278,227.1663983670454,24.406386689008823,18756500.0,35430700
2025-01-10,221.83587646484375,24.1086368560791,225.31705537546003,24.40638567822023,218.80963043132218,24.08156987648406,224.79290243974478,24.24397863782327,23864000.0,32836900
2025-01-13,222.8050537109375,24.180822372436523,226.73126597766623,24.18984527412157,217.08880808597186,23.78382502394955,217.56352457040464,24.045482289045847,23772100.0,28359600
2025-01-14,222.22154235839844,23.828937530517578,227.72021280681963,24.243982398424297,220.63919950969625,23.702620350301082,224.07092640654972,24.18984498895222,18143100.0,25856900
2025-01-15,225.48516845703125,23.657503128051758,227.79935472211065,24.045479246707796,223.09186277812623,23.648480227508326,226.02910499552902,23.928184981527796,21745600.0,35949700
2025-01-16,226.87962341308594,23.9011173248291,235.96826061193516,23.973298811389945,226.68183242064174,23.4229139007745,232.6255370048323,23.52216409014906,23471900.0,29981100
2025-01-17,234.821044921875,23.72968864440918,235.47376875945596,23.964278935581017,230.0937694142159,23.65750714873651,234.4650151096022,23.81991594423567,31196600.0,35380300
2025-01-21,237.6593780517578,24.03645896911621,240.07246726386182,24.03645896911621,234.78147173287226,23.810891593742546,238.83625476507777,23.865029002910823,30903200.0,39745600
2025-01-22,238.2527618408203,23.46803092956543,244.2657011385912,24.000370095560747,238.03518723767354,23.431939321931985,244.0283429104808,23.919165699328065,29610500.0,41890400
2025-01-23,237.6297149658203,23.85600471496582,237.748386539149,23.892094598038103,233.51559606492995,23.32366560234602,235.78034585918525,23.46802857651996,17653900.0,40987000
2025-01-24,242.00094604492188,23.929378509521484,246.83700854272533,24.030269510900794,239.2417264980335,23.81014337163809,242.00094604492188,23.865175781150338,25387800.0,31300200
2025-01-27,199.90049743652344,24.63561248779297,216.0206952760911,24.73650174169327,194.06556577606568,24.011925829966337,211.04617771908858,24.066956491129517,90569400.0,50648600
2025-01-28,205.07281494140625,24.53472328186035,207.63424355895927,24.635614292544886,196.69623803277352,24.296254733492642,205.71563938997124,24.562239489154308,50316000.0,40589600
2025-01-29,204.073974609375,24.415489196777344,209.1177127793301,24.82822179823718,200.53346004110466,24.369628852575193,206.53650036094936,24.580581187725326,32533700.0,34418200
2025-01-30,213.28128051757812,24.681472778320312,219.51179473127902,24.773191719496896,211.34289261691015,24.37880149701289,216.1591869296449,24.452176300075497,42449500.0,32289600
2025-01-31,218.82940673828125,24.323768615722656,224.29840989628212,24.773189462204808,213.91422439266245,24.232049682903348,217.23716435744015,24.727329121098588,41104700.0,37307000
2025-02-03,215.3284149169922,24.030271530151367,218.5030149773113,24.277910396192862,211.1549606771874,23.98441118503754,213.08346407978826,24.121988721592437,24507300.0,49626200
2025-02-04,219.97659301757812,23.72760009765625,220.5699810622988,24.69064459675164,212.92524707778153,23.479959483811168,216.9305786534341,23.93855243564579,23768500.0,68748300
2025-02-05,229.4410400390625,24.250394821166992,235.30562489662833,24.479691287991283,224.99067503830483,23.571677489294277,231.3596442538667,23.80097395611857,29196000.0,50426800
2025-02-06,228.80810546875,23.690908432006836,232.21016476746016,24.277906766559134,226.0389863820916,23.645049843142324,231.9134707420173,24.23204817769462,21169500.0,45182000
2025-02-07,222.38967895507812,23.60836410522461,233.05077434228005,23.810144367025547,221.63806718804454,23.415755912059154,232.40794987880912,23.718427179457166,22117500.0,36512800
2025-02-10,232.447509765625,23.72760009765625,233.2189202741106,23.95689657357356,224.61486892020739,23.397412612529475,224.92144721576076,23.645053226374557,23901600.0,39632700
2025-02-11,232.447509765625,23.415756225585938,235.26608039403953,23.764286091434805,227.4334395486219,23.351551744277902,229.91574889726598,23.690911290761715,18476200.0,36593300
2025-02-12,233.74307250976562,23.3607234954834,233.87162835207147,23.49830277559435,227.4631067862131,23.08556843404793,227.8191366004544,23.36989556411701,16397300.0,31671600
2025-02-13,233.19912719726562,23.516645431518555,234.33643665219162,23.60836436950689,228.18504209298325,23.232318298208625,233.45625396268352,23.37906789923267,20962000.0,30612500
2025-02-14,230.46957397460938,23.415756225585938,233.1398051838795,23.690911290761715,226.37523856834332,23.36072381303619,231.9431447827226,23.599192352572043,16988800.0,33214600
2025-02-18,226.00930786132812,23.443269729614258,229.6388258696694,23.608363461766775,221.82596907979357,23.31486427100371,227.56199797019465,23.489130071541716,26080500.0,40499700
2025-02-19,226.20712280273438,23.745941162109375,226.54338409963964,23.77345736746672,221.92488053355603,23.388239239429794,225.33683939144223,23.45244196920375,16375500.0,37292400
2025-02-20,224.2390594482422,23.755115509033203,226.45434255294617,23.920209258225874,220.29306378226164,23.61753796783709,226.12798064759582,23.7184289810978,16104000.0,37139000
2025-02-21,216.2481689453125,24.121990203857422,225.23790200516368,24.369630834509405,213.25159125869544,23.70925756883085,223.16105911184252,23.74594409778296,24883600.0,54611500
2025-02-24,205.63653564453125,24.443002700805664,217.0591427618732,24.525549567757555,205.25083792791642,23.7367691721698,216.18885937774655,24.213706236915566,33050400.0,43823300
2025-02-25,200.3059539794922,24.525548934936523,206.33867631754055,24.79153366589469,198.70382759385564,24.342112818193474,204.7167663088578,24.507204798444274,33100800.0,43560100
2025-02-26,210.59129333496094,24.2320499420166,211.18466633454503,24.562237403939548,203.72783849732102,24.167847213174507,204.6278049007491,24.47051847013949,21368300.0,30103300
2025-02-27,195.61825561523438,23.93855094909668,216.83165764369278,24.30542493790338,195.2226585880481,23.856004082941023,214.88338566994062,24.1128167498023,27572900.0,28268300
2025-02-28,197.2302703857422,24.241220474243164,198.9708671600704,24.296251131278808,191.0195402912148,23.764283448219444,193.60075247088662,23.90186096550508,39747200.0,51531700
2025-03-03,185.30331420898438,24.076128005981445,201.80922682649998,24.672298444822356,182.49464287703836,23.819315344136115,201.74989103773126,24.18619107517034,37435600.0,54048600
2025-03-04,185.41209411621094,23.617536544799805,191.81073131806144,24.131160150701263,178.48930401384894,23.54416174395674,187.13290737422975,24.076129487417276,37910500.0,51315000
2025-03-05,189.4668731689453,23.791799545288086,191.93929815273913,24.011923921841642,185.03629182332247,23.53498689794575,189.74378355989145,23.57167516873453,25644500.0,37062400
2025-03-06,177.47067260742188,24.066957473754883,184.7692764116702,24.26873773918711,175.65097133556938,23.75511413210937,179.0431313665612,23.782630338511005,56864100.0,46998300
2025-03-07,192.80958557128906,24.516376495361328,193.32383907341804,24.663126086290333,179.55737936023962,24.01192499521702,185.65932206111327,24.21370524539612,74528900.0,54337700
2025-03-10,182.41551208496094,24.4338321685791,189.86245492069332,24.984144066394357,178.43984849007097,24.342114976770972,187.50871660024785,24.4338321685791,44217100.0,53013500
2025-03-11,187.99330139160156,23.837657928466797,193.46230421783983,24.415485942647404,183.30559330653128,23.727596615837268,185.97580925595483,24.369625604557584,42153200.0,44841400
2025-03-12,192.087646484375,23.580848693847656,197.77422420965345,23.819317238225437,190.32728102187542,23.38824049419249,194.05570229491562,23.791802780785144,30409700.0,37331000
2025-03-13,189.24928283691406,23.47995948791504,194.15458023695425,23.911036232933345,187.38013030810797,23.415756754549896,191.01953233839322,23.626709092576306,27236100.0,36717900
2025-03-14,193.38316345214844,23.59001922607422,195.32155105432275,23.62670749946234,191.06897755757512,23.388238970619046,194.0358871938433,23.498302041390243,25900900.0,30298300
2025-03-17,192.3546600341797,23.892690658569336,194.55017458473915,23.984409593316787,185.43187021289816,23.470786007881504,185.97580671695283,23.608363535306093,26830600.0,32676900
2025-03-18,186.58897399902344,24.131160736083984,190.76242873844913,24.213707607709043,184.8384928182443,23.938552535221042,188.33945517980257,24.039441795456888,24951000.0,32958700
2025-03-19,193.41285705566406,24.03944206237793,196.08307285688025,24.30542681821053,184.83847445624482,23.920208662814105,187.2515635074346,24.149505142231185,37962700.0,42522700
2025-03-20,189.008544921875,24.021099090576172,192.28202449061752,24.121988349483676,187.4214138622241,23.865177418381013,189.98067915647198,24.07612975447056,31430000.0,35378900
2025-03-21,190.11953735351562,24.10364532470703,190.52624561326763,24.323769723865922,185.86400973054282,23.856004719630825,186.6972697382692,23.96606604451366,43086500.0,349996500
2025-03-24,189.7128448486328,23.975236892700195,195.10912374611092,24.048611688684705,189.13750473157765,23.745940436574468,192.73833376756608,23.938550369404506,33180300.0,37944400
2025-03-25,186.74688720703125,23.43409538269043,190.06005403543392,24.03026752402835,186.17154704085533,23.397408862108726,189.35575387831278,23.99357925405365,23417300.0,47607600
2025-03-26,177.82913208007812,23.122255325317383,186.54847630839103,23.52581760462038,176.15271293462126,23.048880524479863,185.15973478110882,23.40658420928187,30578500.0,49487400
2025-03-27,170.607666015625,22.938819885253906,176.94630690689772,23.14060015625488,169.0899643329364,22.773726141074338,176.23209256961493,23.11308569848715,32151700.0,51302000
2025-03-28,167.76071166992188,23.122255325317383,171.90712324830164,23.131427394096228,165.13201680928688,22.75538132112977,170.54812418074758,22.95716333547789,30391500.0,32352500
2025-03-31,166.08428955078125,23.241487503051758,166.5902001599504,23.32403436213023,159.32902671951672,22.571942312209032,163.16793224400578,22.746206348580905,35656400.0,53498100
2025-04-01,167.16552734375,22.507741928100586,167.35400264347123,23.250661987642836,162.1065124604359,22.489397790977765,165.03279885381897,23.195631325667573,20472400.0,54444200
2025-04-02,170.7068328857422,22.654491424560547,172.03605908010312,22.691177949248235,164.16980326455987,22.2967877498447,164.74514336424164,22.471053552942514,19523700.0,41965000
2025-04-03,152.7721405029297,22.278444290161133,162.11642551775435,22.81041199298337,152.4646345470422,22.26927222208227,159.24965447330013,22.69117685735127,44354900.0,53501800
2025-04-04,145.11419677734375,21.067758560180664,151.5718827538793,22.104179560940434,138.05142816767963,21.049416172531892,146.9790912405844,21.957429963391064,72302200.0,80002600
2025-04-07,152.901123046875,20.755916595458984,159.1405614873529,21.24202576273734,136.99004871947528,19.94879375576345,143.32868947991963,20.306495704681627,68503500.0,86106100
2025-04-08,154.7759246826172,20.03133773803711,168.4154105573576,21.086101043735354,151.8595521901617,19.664463772932468,166.27276768908646,21.003554182912676,58888200.0,72406000
2025-04-09,183.661865234375,20.62750816345215,185.82435152488372,20.673368502490785,156.24402018806086,19.187526756107125,159.209993744844,19.36179254566782,72708300.0,95954400
2025-04-10,170.9151611328125,19.802043914794922,175.52778122571803,20.425730612803154,165.06257263833805,19.343450960305724,173.89104896982207,20.416558543786174,51212200.0,72960700
2025-04-11,180.47767639160156,20.09554100036621,181.19189066865954,20.178087863395184,171.9170343799594,19.517714708556497,172.22454036166394,19.802041820437903,33964100.0,55078100
2025-04-14,176.92645263671875,20.288150787353516,184.50504641072408,20.389040036371018,174.406874254241,20.058854335978964,183.59244262115936,20.251462515424905,25748300.0,61900900
2025-04-15,177.51170349121094,20.581649780273438,180.79509726152583,21.031070611002118,176.64870087643214,20.297320923560804,178.28543310504324,20.33400919515975,17242400.0,51814700
2025-04-16,173.2065887451172,20.21477699279785,174.66477496583272,20.80177537754635,165.57839399303128,20.132230126268446,169.060177240944,20.627509576051697,34638600.0,37641200
2025-04-17,169.6156768798828,20.306493759155273,174.83339429025574,20.682539810295694,168.55426971728085,20.26980723556245,174.83339429025574,20.315665827401762,22501800.0,54073700
2025-04-21,164.87411499023438,20.21477699279785,166.6497214337,20.334010383677448,160.31108084889985,20.058855328174886,165.6478446288561,20.29732210993408,23469800.0,32021000
2025-04-22,168.2169952392578,20.66419792175293,169.14944237042636,20.68254030929531,163.89203832219545,20.315666317549955,166.0842668754658,20.3431825229533,18504900.0,36052600
2025-04-23,175.48809814453125,20.535789489746094,178.99963890745144,21.15030404534932,174.40686259899212,20.398211969708104,176.35110071843806,20.89349314111656,24380500.0,50781000
2025-04-24,186.6377410888672,20.89349365234375,187.054378664856,20.966868448118902,176.8669194006283,20.3890404006706,178.24574669063404,20.544962060366935,27576900.0,35009600
2025-04-25,190.76431274414062,21.021902084350586,191.81579060978822,21.196167905015425,185.38787761908517,20.61833977574536,185.41763528425278,20.884324541465027,21242300.0,35847700
2025-04-28,190.9230499267578,21.14113426208496,191.54799123154527,21.361260417205795,186.17154041996957,21.00355672717939,188.99863998947146,21.122791873652616,16385800.0,55888900
2025-04-29,189.63348388671875,21.819854736328125,191.69676786167108,22.122526031879268,188.57209180092053,20.59999573524156,190.17906633088964,20.939355308747203,14630000.0,98540200
2025-04-30,190.9230499267578,22.388507843017578,191.6471784135418,22.41602405000068,182.54096867254592,21.99411762322622,184.40584813725602,22.195899642315727,22768900.0,53941700
2025-05-01,195.74398803710938,21.948259353637695,199.7812680795465,22.31513337189501,194.6627524006387,21.829024204333248,196.54747534744348,22.28761716450322,24939700.0,46891700
2025-05-02,202.00328063964844,22.195898056030273,204.0268778578609,22.287615240632576,199.46385858693105,21.98494398302276,202.2611854888262,22.26927285334801,17766800.0,41685800
2025-05-05,199.10671997070312,21.893226623535156,201.59654046871654,22.241756470662033,198.3925057391504,21.874882487003966,198.64049637132436,22.1958978787272,14025400.0,40811800
2025-05-06,198.48179626464844,20.985210418701172,200.28717549168252,21.911568290355547,194.36515746142425,20.95769596420204,194.86113876957887,21.856537631964194,16348800.0,60872600
2025-05-07,203.1638641357422,20.902667999267578,204.57244925613443,21.177823076073114,196.8351377032043,20.83846351524586,197.6882261717403,21.08610413400683,20253700.0,48270500
2025-05-08,206.10006713867188,21.067758560180664,209.46281964114755,21.17782163303929,202.05285804200378,20.645853904574526,206.3282142913535,20.93018103115228,18460900.0,55669800
2025-05-09,206.526611328125,20.82474136352539,208.2724752000121,21.123839688289614,204.86012141712166,20.806047272535967,207.64753391531178,21.039718061603846,13289200.0,39059800
2025-05-12,219.79905700683594,21.58183479309082,220.01728997213652,21.63791528477921,214.14487366983641,20.73127324095567,217.72585897262726,20.77800668690155,25437700.0,77480900
2025-05-13,230.5519561767578,21.376203536987305,233.388969947423,21.479017466935286,220.21570723030393,21.021022956391572,220.21570723030393,21.40424288935196,28790500.0,41193200
2025-05-14,230.2543487548828,20.58172607421875,231.623261956049,21.404246569038033,226.5146607339614,20.53499084096564,228.37954008796498,21.366860165202404,19751400.0,59394000
2025-05-15,230.77017211914062,21.12384033203125,232.57555126533205,21.12384033203125,226.2369110363982,20.647151693873862,228.31010917897373,20.749967414682327,18803700.0,51800100
2025-05-16,226.77256774902344,21.338815689086914,230.7701757660246,21.357509779465477,224.57040959373398,20.983636885727115,230.4527556088002,21.170572441213004,23094600.0,37786800
2025-05-19,228.77633666992188,21.497713088989258,229.3913486313337,21.525754226118725,219.8189157050691,21.161226574502347,220.0669063522381,21.254695248833897,15355500.0,31513700
2025-05-20,229.81788635253906,21.983749389648438,229.90717448940936,22.151992651639464,224.5208097369431,21.647262865666384,224.6696132076283,21.656609911639965,11787200.0,57047500
2025-05-21,227.88356018066406,21.53510284423828,234.59915111236128,21.946362188898977,225.99883732555242,21.53510284423828,226.55433395080016,21.937015142506667,17642900.0,42984700
2025-05-22,228.67713928222656,21.53510284423828,231.81174476263672,21.647263835412357,225.60204913663526,21.320124342748812,226.50473874444958,21.53510284423828,14340200.0,38602800
2025-05-23,226.88168334960938,21.796810150146484,228.796163870756,21.862237683534932,224.36208991082574,21.38554907671922,225.11599116155526,21.450978392874244,15385600.0,35405400
2025-05-27,233.7559814453125,22.06787109375,234.57931222250244,22.114604541006,229.2723213758069,21.84354733794107,230.99832661865133,22.011788817722714,17941700.0,36155400
2025-05-28,237.50558471679688,21.665956497192383,239.05305900027113,22.095909906239903,232.54577199528856,21.60052895953443,235.24391132668086,22.06787055168175,20443000.0,36737200
2025-05-29,240.0251922607422,21.91832160949707,244.09224498753431,21.91832160949707,235.49191589964445,21.64726262754503,243.9335273383775,21.806158841814604,20743700.0,26091400
2025-05-30,240.1243896484375,21.95570945739746,241.21553940766836,22.077219278959863,233.01200461099728,21.647264054398267,239.28121539872237,21.946362410910595,27088600.0,56618600
2025-06-02,246.7110137939453,21.92766761779785,247.99063883040535,22.021136296915255,241.2353762504487,21.703343857576147,241.2948915819844,22.002443987305192,19197000.0,30443900
2025-06-03,254.7855987548828,21.82485580444336,255.80731901754143,22.002446133815067,247.39546530814795,21.55379678683565,248.07000774400734,21.852895162977298,30380200.0,37887100
2025-06-04,258.9815673828125,21.862241744995117,263.2966104989245,22.00244566574999,255.5196277951951,21.824855340156216,255.985851401254,21.88093583879802,31536000.0,24500100
2025-06-05,257.8408203125,21.60987663269043,262.7609763938835,21.908974975105508,256.9778177310192,21.572488448505172,260.8365666104986,21.908974975105508,41970900.0,33173600
2025-06-06,244.9453125,21.82485580444336,253.26789307302678,22.0398325394493,244.1517545452877,21.731387116207358,249.12148161976054,21.75008121040795,41146700.0,30426200
2025-06-09,242.31663513183594,22.404354095458984,246.17536923808646,22.563250299657984,239.172115345069,21.890279084515136,243.08045061109036,21.908973175071864,25334100.0,42542600
2025-06-10,242.663818359375,22.712800979614258,244.30055061297722,22.82496374769937,239.45976822799153,22.395008549934275,242.25711005621142,22.404355595838595,25491300.0,40439200
2025-06-11,250.87725830078125,22.881044387817383,252.72230929443907,23.077328787539624,241.84047864339416,22.731495217917928,244.3799004118377,22.740842263882485,24599000.0,38558700
2025-06-12,254.01185607910156,23.217531204223633,255.81723517575236,23.254917605786535,247.49465489526634,22.927779906735815,248.17911147287248,22.927779906735815,20410900.0,42465400
2025-06-13,246.7010955810547,22.93712615966797,251.95850038803462,23.320346121961688,246.35391775276003,22.862349793594376,248.64534893686752,23.17079695534788,19028400.0,46368400
2025-06-16,250.0737762451172,22.806270599365234,253.13893703088328,22.983860913360612,247.56411209074776,22.69410960940684,248.33784170392858,22.89973927950842,20363000.0,35102100
2025-06-17,247.36569213867188,22.432397842407227,251.9188116709702,22.7314961950633,245.92734949230686,22.348276207876854,248.93299475796073,22.68476274599834,22014300.0,40408800
2025-06-18,249.24049377441406,22.320234298706055,253.58529439366598,22.50717165404997,247.40537222025338,22.217420357756975,248.87347249081125,22.39500888429027,30435500.0,37076200
2025-06-20,248.56439208984375,22.404354095458984,252.0742604100707,22.51651685603276,242.77757441427698,22.217418538191495,251.7660306688489,22.43239523129408,42134900.0,63098100
2025-06-23,252.32286071777344,22.460437774658203,252.7603540103977,22.51651826707619,245.0545489994035,22.217419930491317,247.6894310957433,22.31088860636577,19747000.0,31959100
2025-06-24,262.2657775878906,22.722148895263672,264.3538079045211,22.806270528855787,257.2942912833153,22.53521331832203,257.2942912833153,22.563252674341545,32764900.0,34404200
2025-06-25,263.14080810546875,22.6754150390625,268.33104189049055,22.7782307633304,261.9277640302399,22.49782472880888,264.48311570123377,22.628679808592203,18894200.0,25603300
2025-06-26,268.6293640136719,22.656721115112305,270.12081023639746,22.834311426684625,262.62379872730264,22.581946528571343,263.5683631288982,22.731495701653266,23569600.0,31835300
2025-06-27,267.8139953613281,22.609987258911133,270.2997387184157,22.824963968489833,265.35807971078367,22.50717153573578,268.7585596308933,22.759536429293423,27477600.0,39528800
2025-06-30,274.07806396484375,22.656721115112305,276.12631411950804,22.787576195867295,270.5781481462096,22.54456012668425,273.16332737685366,22.628679976621907,24708400.0,44730900
2025-07-01,263.2302551269531,23.404468536376953,272.9346063976945,23.694219833568123,261.16213011269514,22.675414987595854,272.83517059987884,22.69410907974154,28847600.0,59259900
2025-07-02,268.3608703613281,23.666179656982422,270.4489010336063,23.703567842793003,261.2317747786756,23.395122440923018,262.48456890720286,23.48858933991582,17582100.0,36772100
2025-07-03,273.6107177734375,23.722259521484375,274.22717723104626,23.853116385571386,268.5795759724786,23.572710347756455,269.18611309091443,23.694220165639624,10592700.0,27104600
2025-07-07,272.616455078125,23.591402053833008,275.97718516023826,23.862461018025787,271.10513394699154,23.497933384015962,273.5610497498013,23.703564814166786,16760600.0,34905900
2025-07-08,270.25,23.946584701538086,274.774071021526,24.264375353813485,269.60371280936664,23.563362944061705,274.774071021526,23.591404082247806,14869400.0,51275800
2025-07-09,276.31524658203125,23.8905029296875,277.85642578711236,24.152214876651048,271.16479323572867,23.684873260280504,271.40341490627577,24.01201274829324,20133000.0,38362200
2025-07-10,273.8294677734375,24.096134185791016,279.5765048995926,24.348497301674872,271.1448832948377,23.87181042569049,278.1944474442471,23.909196827657194,17891600.0,39499200
2025-07-11,272.8153076171875,23.974624633789062,274.89338540599704,24.04005217503074,270.33951696310925,23.759647917490177,272.5766859667356,23.974624633789062,14274700.0,34864400
2025-07-14,274.02838134765625,23.6942195892334,276.77262165660363,23.95592974550728,268.04269132118327,23.68487254325694,272.5667628927675,23.909196298391727,11934200.0,25918000
2025-07-15,279.337890625,23.00255584716797,281.74407313940566,23.77834289002416,276.2655155571406,22.927781256872198,278.2143298019854,23.684874206462734,17918400.0,54458000
2025-07-16,279.2086181640625,23.00255584716797,279.9046384009573,23.32969356548268,274.0979458979762,22.927781256872198,278.51259792716763,23.06798339083091,15031000.0,44218200
2025-07-17,284.8164978027344,22.974512100219727,286.6360486644115,23.161449446129726,278.3137844147582,22.85300407331488,279.536781120835,22.89039047283689,17231100.0,47393900
2025-07-18,281.7242126464844,22.87169647216797,285.89032104645884,23.161449537751334,279.39756044627137,22.79692189006151,285.4727028006807,23.096020218487354,15012400.0,36309400
2025-07-21,286.56646728515625,22.6754150390625,288.88319739843075,23.039940922897042,282.0125981926887,22.6754150390625,282.3407030088621,22.98386042909944,17726800.0,33663400
2025-07-22,277.0013122558594,23.497936248779297,286.35765454022237,23.497936248779297,274.8536262055818,22.750190364614273,286.0096443774533,22.778231503808016,16564800.0,48091600
2025-07-23,282.0722351074219,23.70356559753418,282.3804648775155,23.862461806644465,271.4431933505695,23.600749879060864,275.2016363524508,23.722257905902065,20556200.0,42073300
2025-07-24,287.0635986328125,23.6942195892334,289.5394198336083,23.87180989725263,281.8833175888375,23.610097958212013,288.1374568350622,23.731605990372497,16413800.0,25672400
2025-07-25,288.5251770019531,23.570613861083984,290.9214370844405,23.741758377990397,285.63176828019976,23.40897586162068,286.4272243091522,23.741758377990397,12476200.0,35643400
2025-07-28,292.6217041015625,23.11422348022461,293.7651703528697,23.51356432096672,288.93286935192975,23.047666975689047,290.7922005804378,23.466024478735243,13683400.0,31096600
2025-07-29,295.72393798828125,23.104717254638672,300.46672553316387,23.133242250694323,293.1884614813502,22.752918037596807,295.80346842694934,23.114225586657223,19210800.0,38499800
2025-07-30,300.894287109375,22.638816833496094,301.53065203729915,23.199795652721924,294.1131712709888,22.629308502751577,295.45547888669455,23.123730820294455,16738900.0,35649500
2025-07-31,292.025146484375,22.144399642944336,305.1995864915155,22.667345217440353,288.5749334348008,22.00177647396458,301.07322817670536,22.43915068601324,25488500.0,62768300
2025-08-01,286.9939880371094,22.334558486938477,290.9711772481987,22.363083480427672,280.004048868816,21.97325097038565,284.90595763257835,22.153903821897693,21428100.0,51332700
2025-08-04,296.022216796875,22.372591018676758,296.7778925146136,22.51521235401059,289.7382500811123,22.248984531466412,290.5337061901919,22.287017854770724,17164600.0,57010700
2025-08-05,291.2595520019531,23.532581329345703,299.4824115381744,23.665694340374415,289.78801115916593,23.076192308508325,296.11172853379935,23.076192308508325,18477500.0,113955100
2025-08-06,299.94970703125,22.75291633605957,301.0831902773515,23.494548042755866,290.23540210982287,22.68635983043593,291.22969949995144,23.466024862362172,17392100.0,65689200
2025-08-07,302.0278015136719,23.038158416748047,308.57026534867197,23.266352921554596,298.16992257324665,22.762424070180067,304.42406199663805,22.98111024392859,16319400.0,45494400
2025-08-08,303.2308654785156,23.37094497680664,306.1143217384544,23.399469972699027,300.82465252896566,22.97160410195767,302.31609856102506,23.095210603962457,12458700.0,36377000
2025-08-11,302.1669616699219,23.37094497680664,306.5518166692501,23.694221009471466,299.5718601249272,23.323405130514885,303.31039756534346,23.389961640734896,12396400.0,38115700
2025-08-12,311.0460510253906,23.437501907348633,311.65258823506815,23.5516000794355,302.93261071587807,23.2663555559828,304.88142517840953,23.447010239483284,17609600.0,34402700
2025-08-13,307.3273620605469,23.922414779663086,315.54026782243,23.96044810631709,303.01211523379976,23.523073917440172,314.9436833480101,23.532582249103672,17371200.0,40176500
2025-08-14,309.4552001953125,23.874874114990234,312.3784370682503,23.941430620820306,305.2493111409307,23.599137946804202,305.25926382517076,23.85585745231628,15717600.0,32514000
2025-08-15,304.59307861328125,23.903396606445312,309.7236571204512,24.0555262763942,298.0506147129102,23.741758605433535,309.2563361030282,23.979461441419755,22806900.0,31844800
2025-08-18,304.0163879394531,23.836841583251953,304.42405352165923,23.988971262650963,297.29492769042946,23.77979340685953,300.97384027084104,23.903398091297916,14724700.0,35623300
2025-08-19,293.2282409667969,24.074542999267578,301.17266724150545,24.17913282769462,290.7226225185964,23.86536515594222,300.69542392387547,23.903396666761047,20149600.0,29170500
2025-08-20,289.50958251953125,24.131591796875,293.8049241553724,24.426344627611638,280.26259864638365,24.093560285071774,293.77509644760784,24.141100128208,23600500.0,38111000
2025-08-21,287.9485168457031,24.47388458251953,290.7226149312188,24.616505926108317,284.53808423877217,24.12208538923578,288.4058851276779,24.160116901212696,14946300.0,37068100
2025-08-22,292.32342529296875,24.606998443603516,298.37869260424026,24.825686445747795,287.361891151843,24.492902090208,290.08625622184906,24.626015107012382,16301300.0,34560500
2025-08-25,292.5521545410156,23.903396606445312,296.69835798462736,24.61650511440398,290.0465055051432,23.874873426785346,291.14023878718666,24.606996783341085,15124700.0,32684200
2025-08-26,296.310546875,23.6942195892334,298.537763107986,23.99847893973258,292.3134523254253,23.646679745791193,292.6714151306097,23.903397439319388,25689100.0,43938700
2025-08-27,298.53778076171875,23.836841583251953,299.4624700191788,23.931923086258543,292.1046756627868,23.62766372746052,295.8332907430747,23.77979340685953,13830300.0,31840300
2025-08-28,306.889892578125,23.38996124267578,309.2264975835595,23.836841956211323,300.6059256020137,23.304388069983826,301.2025101226533,23.836841956211323,18907100.0,44306800
2025-08-29,295.6941223144531,23.542089462280273,305.2592585756986,23.6561858097639,291.98538203906287,23.304386622572512,305.2592585756986,23.46602462611494,21610700.0,37030000
2025-09-02,296.5392761230469,23.75126838684082,297.00659716089535,23.836841558103586,285.5324258801925,23.49454887305252,287.690034458678,23.51356553633954,19693000.0,44725000
2025-09-03,300.66558837890625,23.570613861083984,302.7138384798026,23.884381529038794,294.7097266554902,23.50405554428134,300.5661525758095,23.656185212772844,18529400.0,30957600
2025-09-04,304.35443115234375,23.332914352416992,307.01914082260106,23.561108887672958,300.5263802075415,23.15225966526599,303.32035339092016,23.561108887672958,31220800.0,41695500
2025-09-05,332.98028564453125,23.656185150146484,354.3079476159462,23.66569348109312,329.53007229950344,23.30438597276449,353.7511434746924,23.3614341449156,78401600.0,34613200
2025-09-08,343.67889404296875,23.342418670654297,352.1503274045484,23.74175952308741,339.3039915032845,23.114224156910915,340.7954376197825,23.675203016603355,43535600.0,49242900
2025-09-09,334.7501220703125,23.494548797607422,348.9785155669414,23.57061545051124,333.9148855443519,23.304387605934334,347.5566472108421,23.342419118857425,26972300.0,32751300
2025-09-10,367.4624938964844,23.361434936523438,370.8430989555386,23.43749977314529,348.5509381089459,23.24733858835503,349.51540779149104,23.427991441876465,51086800.0,32975900
2025-09-11,357.5791931152344,23.637170791625977,372.0959418044151,23.637170791625977,356.7141591976126,23.33291144914315,369.06331640702246,23.389959622476496,29430900.0,36784100
2025-09-12,357.81781005859375,22.69586753845215,362.3120538467353,23.618153887604624,355.12327252867885,22.667342545313065,360.84048273167707,23.58962889446554,31949800.0,81378200
2025-09-15,362.0137634277344,22.79094886779785,363.4157265063722,22.933572030264656,354.30795800933663,22.51521450165497,357.8178268764906,22.809965531263938,21792200.0,50760200
2025-09-16,357.947021484375,22.72439193725586,363.6045754458755,23.028651292948478,354.9541769559185,22.695868756115186,363.34604844264686,22.781440113066022,21306500.0,57010800
2025-09-17,344.1959533691406,22.86701202392578,357.87746531965445,23.190288024923863,339.5525710377554,22.724390685492203,356.80363745055035,22.80045552022536,45197100.0,46351600
2025-09-18,343.380615234375,22.962095260620117,348.70011242524,23.0476684328701,341.8295137084828,22.78144058436695,348.00409210361323,22.86701375661693,24663900.0,34419000
2025-09-19,342.9729309082031,22.847997665405273,344.2953330347468,23.057175512025463,334.5114507356632,22.64832633649299,342.6845761800293,23.057175512025463,41240100.0,86577600
2025-09-22,337.4351806640625,22.857507705688477,345.28367325298416,23.580122798416497,336.5885737516059,22.847999373740883,341.0606084270775,23.08570223184399,28660000.0,67863300
2025-09-23,337.5845642089844,22.943077087402344,343.8394489551671,23.16176507627811,335.67222901216985,22.867012251910822,338.8793532849425,22.914553907548477,21944100.0,38955200
2025-09-24,337.95306396484375,22.905046463012695,338.71997371776,22.990619632944053,332.4750589983509,22.80045663009019,338.4012765294073,22.98111130144848,19677300.0,39669400
2025-09-25,334.7559509277344,22.43914794921875,336.7081044280019,22.96209345993363,325.9911236613484,22.420131287203628,331.65837193110127,22.905045287416975,21678200.0,56738300
2025-09-26,333.19219970703125,22.591279983520508,337.7239919137433,22.63881983000688,329.2579837594843,22.448658630532492,336.08059640996515,22.562754987511347,15464700.0,33374500
2025-09-29,326.5887145996094,22.676851272583008,339.68612138090174,22.686359603795506,326.2401081782098,22.477179944178072,334.656328600332,22.619803098836776,21336000.0,39184300
2025-09-30,328.5906677246094,24.226673126220703,329.72609296966556,24.369294468154674,323.3118446022923,22.638818075357303,328.7998194074157,22.6768514004217,20109500.0,164867300
2025-10-01,332.0567932128906,25.8715763092041,336.59855541282326,26.09977263216297,323.2023295934908,24.321754585917958,326.837727221675,24.6925704370508,21122700.0,150879900
2025-10-02,336.8276062011719,25.74797248840332,346.21988820563433,25.833545658983592,333.9093306066824,25.310600117463085,346.21988820563433,25.6053511419458,19917600.0,69684100
2025-10-03,337.016845703125,26.02370834350586,343.0227303782379,26.327967695817577,334.3973582704928,25.7099406597433,340.13433362422603,25.86207033589916,14749100.0,70524000
2025-10-06,334.1483459472656,25.12994384765625,342.75380866679006,26.014198678436326,333.2220723671261,25.091910523802667,334.57664945247484,25.928625513294467,18465700.0,62945600
2025-10-07,335.0646667480469,24.977815628051758,336.7578500424013,25.272566650898238,325.2739608698581,24.768635961781712,335.6821824433723,25.12043697371755,18086700.0,47744200
2025-10-08,344.11834716796875,24.41683578491211,345.1541967237403,25.196500802601598,331.28984936250185,24.369294129242792,332.48506272651053,25.12043596705942,21478300.0,48693300
2025-10-09,343.6402282714844,23.998477935791016,345.9210789009516,24.626013273325736,339.03870886032774,23.969952942801726,344.36731988927625,24.51191692842599,17643700.0,47278700
2025-10-10,323.331787109375,23.561105728149414,349.1979325045112,24.169624407230177,322.75408954786695,23.408976058379224,344.0087761645016,24.017494737459987,28941000.0,64963900
2025-10-13,355.2735595703125,23.513565063476562,357.9428348856006,23.722744728369488,342.1462436328903,23.399468713106597,351.35925264203496,23.618154895923027,45984300.0,45356600
2025-10-14,342.7538146972656,23.31389617919922,349.267669476328,23.57061569482408,338.2917194609827,23.27586285235309,348.7298204480106,23.437500864391463,22078000.0,42277000
2025-10-15,349.92498779296875,23.190288543701172,357.96272246505765,23.370943210307008,346.1103176658243,23.019142208340778,353.05244525324514,23.28537004262681,23918500.0,47729800
2025-10-16,352.7337341308594,23.038158416748047,361.78737921559485,23.399467742838286,348.09236600682163,23.01914175463199,355.3731305974428,23.237829741909227,20317200.0,44390000
2025-10-17,347.9329833984375,23.30438804626465,349.56643947544666,23.323404709849918,339.417187803511,22.97160368763785,348.2118624365201,23.009637014808387,20937900.0,40101900
2025-10-20,347.8433532714844,23.475534439086914,355.16396614831154,23.51356595280573,346.4489580557878,23.304388093530083,352.3851150572024,23.361436270872737,15640200.0,35856800
2025-10-21,341.2897033691406,23.627662658691406,349.6959541684103,23.732250675091795,339.94509595160935,23.38995981869155,348.6003469987353,23.504056166315383,16092600.0,40726900
2025-10-22,338.9391174316406,23.504056930541992,346.6183067837734,23.703728265669067,334.16829467718156,23.40897724227356,345.91112421133204,23.57061525127022,19268800.0,48662900
2025-10-23,342.9131774902344,23.45651626586914,345.1840584530217,23.561106095540296,339.03871918336426,23.304386593726775,339.03871918336426,23.542089433140315,12859200.0,34219900
2025-10-24,352.7138366699219,23.542089462280273,356.8671437910621,23.608645967233848,349.47683344124437,23.46602462611494,351.1003199238364,23.485041288538458,16143700.0,27429200
2025-10-27,360.6021423339844,23.551599502563477,361.2993551775869,23.580122684739855,353.66001429366173,23.418484669467826,360.09420250359625,23.523074506858222,20065800.0,34974900
2025-10-28,371.4784851074219,23.294878005981445,372.56412252342585,23.561105836063003,361.0802324898972,23.180779846366857,361.169868930242,23.561105836063003,21056000.0,50152400
2025-10-29,384.43646240234375,23.0952091217041,384.9344628835344,23.418483320092193,371.69760158273596,23.038159133580816,371.69760158273596,23.323403633610926,24975200.0,65438400
2025-10-30,374.9645080566406,23.0952091217041,384.8547909652582,23.48504163956936,368.58013782259627,22.96209429627854,384.8547909652582,23.114223970883092,24295300.0,157478000
2025-10-31,368.15185546875,23.437501907348633,377.30510711464575,23.513566750896903,363.6399721426167,22.97160451392437,376.75728832587123,23.085702686011235,21598400.0,132697400
2025-11-03,361.1001281738281,23.447010040283203,373.3509579573757,23.53258321523911,360.5324307393669,23.20930717952321,370.5123492029235,23.38045352943503,17198900.0,140871300
2025-11-04,350.5325622558594,23.104717254638672,367.47454744020746,23.960449001019207,349.5963189699949,23.009637561510967,357.0862348613752,23.190290429276725,24047500.0,166162000
2025-11-05,357.54443359375,23.39946746826172,363.41086341015694,23.456515640411755,348.6899705182648,22.971601643314703,349.48678951919794,23.180779483550634,17087600.0,107240900
2025-11-06,354.16796875,23.627662658691406,362.0463397915529,23.893888678832845,351.29948119455554,23.332911644879633,358.6698820328004,23.532581159985714,19896900.0,124137200
2025-11-07,348.0325927734375,23.637338638305664,353.08232471234805,23.830848282915543,335.9212179877443,23.327721730559983,352.77356686003935,23.54058289326955,21903200.0,117794500
2025-11-10,356.9568176269531,23.598636627197266,358.56036466797076,24.08241352793005,353.1919046182223,23.13421124540477,356.4687564616332,23.85987659650395,16409000.0,148958600
2025-11-11,350.552490234375,24.682296752929688,360.4428028921463,24.682296752929688,348.2716699151433,23.647014520227287,357.53446670774576,23.69539147026554,16446800.0,139673800
2025-11-12,353.7994689941406,25.030616760253906,357.4348664885674,25.108020987782922,350.2736170175513,24.430732612807283,356.6081990499921,24.57586530874139,12190500.0,96008000
2025-11-13,338.6203918457031,24.953210830688477,352.1361007553853,25.620821555540704,332.8236593997151,24.837103574583352,350.17397779599213,25.09834351672321,22616600.0,123083100
2025-11-14,341.0904541015625,24.246896743774414,343.3613349004467,24.933860874003727,327.74404833985596,24.159816757612074,330.14441411689927,24.837105128771977,18500800.0,96507600
2025-11-17,341.2796936035156,24.26624870300293,350.7915201932923,24.740349833247706,336.17020425351814,24.14046752373896,338.46102450242506,24.29527598073879,14799600.0,88042200
2025-11-18,339.1383361816406,24.624244689941406,346.57846477272454,24.68229740060311,334.16830098149796,24.169493227614606,341.8275510056133,24.23722169763033,21726800.0,66511800
2025-11-19,353.0026550292969,24.072736740112305,358.25156886971325,24.672620883398363,336.44909441350086,23.91792828612797,339.347460701947,24.52748818847084,21851900.0,62000200
2025-11-20,345.43304443359375,23.608312606811523,374.57601052051825,24.188845262196732,343.79958834409007,23.492207183011942,364.5363346772143,24.082413752495086,28867000.0,51983200
2025-11-21,338.8395080566406,24.227548599243164,347.2059092836678,24.69197399109424,330.47307643407913,23.79214864096874,343.77966385998917,23.79214864096874,30280300.0,73079400
2025-11-24,376.448486328125,24.401704788208008,380.4723384179547,24.64359322449443,346.2696716432394,24.237220577714748,346.3393990001815,24.295275131156355,47262400.0,63074900
2025-11-25,383.490234375,24.885480880737305,386.5778433170829,25.127369309441658,370.2633433262028,24.53716279831737,383.39062820353877,24.546838556921017,33507600.0,39130300
2025-11-26,395.9801025390625,24.875804901123047,398.2708925516895,24.972560640837607,381.7273314642951,24.750023731317686,384.0081517409119,24.866130988067606,28693000.0,33461000
2025-11-28,401.3485107421875,24.90483283996582,401.38835928859874,25.020940099808023,395.57171772949863,24.827428615225116,397.752962113603,25.011264341032646,13365500.0,22627600
2025-12-01,384.5360107421875,24.450084686279297,393.83868581507573,25.098345798604196,383.55994932184797,24.411381648904726,393.27095801210174,24.924185821343418,23252000.0,53198600
2025-12-02,380.0440979003906,24.33397674560547,391.92638219264916,24.498460958966653,378.271217387361,24.227547086698124,386.7571347201425,24.498460958966653,22207000.0,43827000
2025-12-03,379.0879211425781,24.74034881591797,380.7711652425636,25.049965717186097,369.1677598209674,24.47910886342462,378.4803751302536,24.498460381119454,21336400.0,56121200
2025-12-04,379.5062561035156,24.866132736206055,382.35483474134327,24.904833927535307,375.02425164733893,24.527488546128858,379.1576496778165,24.79840242182072,15845900.0,35454000
2025-12-05,388.6794128417969,25.1854248046875,391.9562645778702,25.27250478992068,383.60977149932444,24.808077586856285,384.6257119524167,24.93386060795413,24779900.0,47443700
2025-12-08,399.4959716796875,24.933860778808594,405.6612197534834,25.340233430860575,395.81075614894235,24.924185019776125,400.8704578008361,25.195100736298226,30410600.0,45209300
2025-12-09,404.66522216796875,24.508136749267578,405.30264695088596,25.28217902168149,393.92833346962834,24.314625258432926,397.1553667228235,25.15639784446261,24546000.0,43483800
2025-12-10,411.3185119628906,24.94353675842285,412.9519377089591,24.953212517540884,397.9621356270513,24.4017053205871,400.591592714844,24.662945280386943,31531000.0,43635400
2025-12-11,404.7449035644531,24.962886810302734,407.66317907015735,25.195101341737423,392.61361921715974,24.779052920655314,403.2110535816976,24.962886810302734,45681600.0,35570200
2025-12-12,358.4906005859375,25.011266708374023,380.47234798569394,25.195102451581793,353.72971744738294,24.88548367785096,378.4404976165911,25.00159094868283,95588500.0,51599700
2025-12-15,338.4510803222656,25.572446823120117,360.5523438301254,25.785307991372882,336.1602902959243,24.9725626646443,360.44279831550426,24.982238423946118,65894900.0,60360000
2025-12-16,339.93511962890625,24.701648712158203,346.11033781431183,25.649850975351264,333.7200832894025,24.11144031474957,334.67623571189444,25.582122505903527,58061100.0,111695500
2025-12-17,324.7162170410156,24.227548599243164,345.22387284443886,24.662946712055128,320.13463701193336,24.21787283956346,345.22387284443886,24.575866720400242,73300900.0,61255300
2025-12-18,328.560791015625,24.227548599243164,334.6861906441596,24.411382496770177,322.335785215176,24.169494041164935,334.6563118321389,24.198521320204048,54501900.0,47062500
2025-12-19,338.99884033203125,24.3726806640625,342.07650975758594,24.691973343265833,331.2499548064838,24.169493407044516,332.00692519159463,24.198520685322062,159095200.0,87590000
2025-12-22,340.7352600097656,24.39202880859375,345.5152112478357,24.57586453523747,336.5141036420898,24.31462458350097,345.3056593647258,24.382354895236663,28739600.0,38758900
2025-12-23,348.5887756347656,24.072736740112305,349.37710000083763,24.517812429414025,337.83134263055865,24.02435979029058,340.09657987546063,24.44040820242186,28232600.0,43692900
2025-12-24,349.48687744140625,24.217870712280273,352.1213352312898,24.32430036848339,346.41333827759297,24.101763451785065,349.95589479748145,24.111439210614858,11424400.0,19328500
2025-12-26,351.39288330078125,24.275924682617188,352.51053390724485,24.295276201283425,347.02204717974354,24.111440464878935,350.325115846726,24.20819621274774,15028100.0,21617800
2025-12-29,348.65863037109375,24.1888427734375,349.5966346351222,24.382354253809897,343.9684567824758,24.159815497742965,347.99001949427986,24.237219720799477,21946900.0,33067700
2025-12-30,349.1176452636719,24.179166793823242,351.9417076647023,24.237219499219336,348.56877833761786,24.11143832995076,349.2373891882818,24.198518310776016,16633600.0,28821700
2025-12-31,345.3755187988281,24.09208869934082,349.1476049485987,24.208195964686112,344.6969495441743,24.072737180872878,348.9979250326745,24.159817168516252,15346100.0,29409200
2026-01-02,346.8923034667969,24.363004684448242,359.9050146598044,24.47911010558425,344.83661821199536,24.024360489453816,352.04150541544425,24.169493188605028,25398600.0,35976700
2026-01-05,342.7011413574219,24.353328704833984,354.2868238323912,24.575865631217155,335.7956134115607,24.140467537701696,353.9974223547191,24.382355982586635,31136000.0,52620900
2026-01-06,343.0503845214844,24.60489273071289,348.3193308210368,25.16607384496182,337.2924736709646,24.372680046761165,342.8807574319921,24.372680046761165,27135500.0,50977300
2026-01-07,342.78094482421875,24.459758758544922,348.9679784261048,24.972561050151388,335.1769007897924,24.3242999825394,340.98472498041707,24.759699895660237,20249300.0,51395800
2026-01-08,331.7840270996094,24.46943473815918,342.96056375017343,24.73067284292817,329.80816089100165,24.304950530101962,342.0624538203319,24.363003237221484,24385200.0,42977300
2026-01-09,344.24786376953125,24.653270721435547,346.6628113007461,24.720999193096574,332.8018730929831,24.411382268096197,337.21263395609,24.517813778113496,22482500.0,34190200
2026-01-12,351.47271728515625,24.450084686279297,353.15918207806476,24.93386158068706,340.2363083277168,24.27592470901852,340.2363083277168,24.75002584408264,20949600.0,50256300
2026-01-13,353.86767578125,24.33397674560547,358.73746528807953,24.566189427033784,350.17543931029473,24.159816773168643,352.14131670251004,24.498460958966653,18308000.0,47656100
2026-01-14,339.17852783203125,24.750024795532227,349.95590816787893,24.87580597074599,333.7199768852006,24.382355183362336,348.2395074006754,24.411380614701187,30094700.0,53738100
2026-01-15,342.30194091796875,25.04996681213379,348.9480031099011,25.04996681213379,340.9547912530556,24.430732982530483,348.38917780130276,24.720998378791435,22218800.0,55263200
2026-01-16,350.9737548828125,24.817752838134766,353.7679118987322,25.049965512185512,343.3297859509546,24.72099709591472,345.5451400301808,25.049965512185512,31291200.0,59470600
2026-01-20,331.9037780761719,24.691972732543945,344.676971791908,24.817753911044118,331.10543443537836,24.275924314834928,343.3797052494505,24.60489274532753,32293900.0,55425400
2026-01-21,328.1116943359375,25.04996681213379,335.09704088588245,25.078994089944835,323.521348108929,24.556514162120262,334.8076698840445,24.643594150091022,32006600.0,47264100
2026-01-22,324.8086242675781,25.25315284729004,336.28455068973165,25.456338245775473,324.20990464329054,24.914508671018684,334.6479996271889,25.059641362145754,24275400.0,49883900
2026-01-23,319.3800354003906,25.233476638793945,321.3159768846752,25.272827990938232,313.4524670130363,25.095750659040434,318.63160535606505,25.16461364891719,30259500.0,45402300
2026-01-26,324.16998291015625,25.459741592407227,327.9919519985048,25.49909294502743,316.9351596626858,25.18428962956888,319.1305360310809,25.213801267658265,25006400.0,41441900
2026-01-27,332.0933837890625,26.06967544555664,334.0592612332574,26.394316611899104,326.335442560478,25.479418267740567,329.06972766461007,25.518769621903697,25537600.0,75575400
2026-01-28,332.54241943359375,25.440067291259766,339.2782896681297,25.96145956857475,326.0161315330155,25.341690788023215,338.14069186444095,25.843409265791472,23001700.0,44976700
2026-01-29,330.0376892089844,25.676170349121094,335.2467633278134,25.804058492734143,319.6095521592842,25.459741661871018,331.86384504465474,25.4794173382348,20447500.0,44373800
2026-01-30,330.6064758300781,26.010648727416992,337.49205638766097,26.04016036488981,327.6426917281563,25.479416736397443,331.7441040800076,25.705681380109148,28313000.0,51599400
2026-02-02,330.4168701171875,26.227075576782227,335.3565204232709,26.256589090679846,325.06810486670184,25.9221101053431,325.4273366579902,25.990973094728478,17278200.0,52129500
2026-02-03,319.659423828125,25.351530075073242,338.1905576294392,25.686009079370837,308.0038814637992,24.849811568626848,336.0350756107717,24.94818807748658,36914800.0,91964900
2026-02-04,307.4051513671875,26.345129013061523,318.84118424748516,26.54188015263981,294.6818407512307,25.4400685171491,318.84118424748516,25.45974231764385,43330300.0,83025800
2026-02-05,309.8600158691406,26.059837341308594,325.8464700699139,26.748471021135312,306.0579938188423,26.030323825987168,313.6819850898965,26.32545335007397,42775800.0,72650700
2026-02-06,332.2231140136719,26.777982711791992,334.29874656285386,26.92554841230827,315.6378789762252,26.089350907011276,319.42994273184223,26.236914731151728,33003400.0,50691600
2026-02-09,343.22003173828125,26.610742568969727,351.60244190077435,26.925547762953347,329.957843210597,26.354966280695194,330.0775871416233,26.738632589482776,30091000.0,49288200
2026-02-10,339.72735595703125,27.161649703979492,347.2815169087097,27.279700007516382,339.12860585233244,26.650093384984324,346.7426387691113,26.73863205082486,19542700.0,43760600
2026-02-11,342.0425109863281,27.279701232910156,346.473219180328,27.48629208794331,333.0413730422485,26.866521399219675,346.0740321364971,27.10262389327483,17004700.0,41699300
2026-02-12,330.4767761230469,27.023921966552734,345.5651205948349,27.43710178349565,328.87013049582544,26.96489681452539,343.1102481796043,27.20099929901052,22007300.0,58805100
2026-02-13,324.48931884765625,27.132137298583984,333.6201586063177,27.48629197641765,324.0103126922267,27.102623783305905,329.1595146617416,27.151812975436037,18397200.0,36986700
2026-02-17,331.8439025878906,26.925548553466797,335.0471745682695,27.41742922076423,315.64786588146853,26.758309051530638,319.01080658831154,27.38791570523108,23469700.0,32119900
2026-02-18,332.8118591308594,26.925548553466797,337.17270635210474,27.033761024336663,326.54500653910026,26.768145013665848,328.83019085840954,26.994411546668303,13565300.0,24779800
2026-02-19,333.29083251953125,26.423830032348633,337.73152929658954,26.955060177006636,328.98985729134307,26.148376183326366,332.31290349221706,26.925548537866423,15180900.0,40316800
2026-02-20,331.9536437988281,26.217239379882812,339.39801894284784,26.345129405068693,328.89006304890444,25.931949566517737,331.6642423408814,26.276264534996994,17658900.0,44786900
2026-02-23,329.64849853515625,26.620580673217773,337.7914209335216,26.66976986482042,324.6390178202407,26.069674861898722,331.5545040034344,26.1287000154461,16472400.0,34166100
2026-02-24,324.8086242675781,26.699281692504883,327.6227283165058,26.97473553830322,313.79175682897045,26.64025653853946,321.8648179358508,26.699281692504883,23614400.0,34686100
2026-02-25,331.6143798828125,26.650094985961914,335.2068501676741,26.846848005510793,328.590723737574,26.295940301324272,330.0476590225998,26.620581470116825,20182300.0,32680300
2026-02-26,321.0265808105469,26.659931182861328,325.8963396711904,26.82717067626653,307.28538677861513,26.43366653777657,325.81652053898387,26.817332838257315,33025300.0,30508300
2026-02-27,318.8810729980469,27.201000213623047,319.3301431933908,27.220675890418992,309.35107621859737,26.6500943979673,310.04962308831114,26.71895739037729,28004200.0,41879700
2026-03-02,318.1526184082031,26.817333221435547,319.37006578889145,27.161650051174924,306.55694753594133,26.72879455446326,308.71239918840047,27.122298698575786,20567200.0,41321700
2026-03-03,313.18304443359375,26.14837646484375,315.21878268947023,26.512368987957124,306.75652265723,25.92211180591223,312.344806434985,26.286102452649747,20826200.0,41486100
2026-03-04,316.86529541015625,26.187726974487305,321.96461419625706,26.34512863443814,311.08740741510985,25.92211096967935,315.0191620282564,26.33529079614424,34895800.0,30893500
2026-03-05,332.0733947753906,26.177888870239258,335.4163882424698,26.276263499427245,322.35379346219895,25.774546886166018,329.4888201299173,25.96146018272382,57076600.0,38908600
2026-03-06,329.7882080078125,26.610742568969727,342.7909307290547,26.689443398371687,326.7146384032199,25.804058598505698,327.5928011473892,26.1090259542671,39152200.0,53181800
2026-03-09,345.0262451171875,26.3746395111084,347.7604997584722,26.669769022273197,322.9325759313887,25.931948058924814,326.5649709749808,26.473016014829998,40605800.0,42789500
2026-03-10,341.86285400390625,26.718957901000977,352.4007764686792,26.846847926242898,340.08658134740205,26.089351242504907,348.0000043944519,26.384478894580976,29531700.0,42814600
2026-03-11,340.85498046875,26.8566837310791,345.08609490367104,26.96489807851495,337.51198711307126,26.561556080732412,341.8728342845959,26.758309098547432,20104100.0,40560100
2026-03-12,335.2667236328125,26.423830032348633,339.1186289737268,26.679608204360203,331.50462624270904,26.197563499477276,337.03300757281824,26.669770365854855,21982700.0,38542800
2026-03-13,321.4856262207031,26.14837646484375,337.6118021518748,26.83701015662544,320.7571433661591,26.14837646484375,336.97312724591364,26.58123198186012,34725000.0,34270800
2026-03-16,324.2398681640625,26.177888870239258,328.5109077510106,26.453340834166866,319.39002561955,26.089350202869447,325.3375412042841,26.26642753760907,31363100.0,28551500
2026-03-17,320.63739013671875,27.004249572753906,326.75456290471493,27.309215063211404,316.5858914873138,26.384478876883676,325.0780870057256,26.384478876883676,38026500.0,60097500
2026-03-18,315.2686462402344,26.876358032226562,324.7587483959258,26.935383183998997,314.88943683389,26.4041530652956,319.7592262452072,26.699280700533517,25460600.0,47478300
2026-03-19,319.17047119140625,26.96489715576172,322.59328381974194,27.279700472392342,307.8642018246381,26.807495497446407,311.81590377906156,26.846846850213122,23524800.0,47939600
2026-03-20,309.8600158691406,26.532041549682617,320.83698945248267,27.10262302785722,309.27125457684116,26.364802053853385,319.4498845364502,26.964897046483415,43325900.0,66805700
2026-03-23,322.510009765625,26.335290908813477,326.4800109863281,26.74847073704606,314.92999267578125,26.197563048485414,318.0,26.591069076421817,27369200.0,42945200
2026-03-24,318.2900085449219,26.52220344543457,324.3999938964844,26.689442939585895,314.8399963378906,26.010649001303236,320.0,26.168050657401455,19799000.0,35605300
2026-03-25,318.80999755859375,26.83700942993164,324.29998779296875,27.08294975942611,316.7200012207031,26.60090693878205,322.5899963378906,26.738632922858695,19900000.0,37603900
2026-03-26,309.4200134277344,27.122299194335938,316.9200134277344,27.358401685119098,309.1700134277344,26.797658034962115,314.0199890136719,26.80749587329172,20343700.0,28835000
2026-03-27,300.67999267578125,26.600906372070312,307.5,27.319051668564438,298.8699951171875,26.581230695799736,307.05999755859375,27.279700316023284,23593900.0,29124600
2026-03-30,293.4100036621094,27.31905174255371,304.7699890136719,27.3682390569876,289.9599914550781,26.709118911144316,300.8699951171875,26.97473491238917,28054500.0,46696000
2026-03-31,309.510009765625,27.6240177154541,310.30999755859375,27.850282368108846,296.3399963378906,27.33872790914503,299.3900146484375,27.53547904678471,29289500.0,44841500
2026-04-01,313.489990234375,28.086383819580078,315.7900085449219,28.174922484972512,310.4800109863281,27.584667217523947,313.3699951171875,27.81093186180428,19171000.0,44208500
2026-04-02,314.54998779296875,27.86012077331543,314.69000244140625,28.283138448592776,301.75,27.761744264306024,304.489990234375,28.037198114257187,14021100.0,30920600
2026-04-06,314.42999267578125,27.378076553344727,316.3999938964844,27.77158069303041,310.2799987792969,27.358400877266508,315.05999755859375,27.732231217249712,12111300.0,25169300
2026-04-07,333.9700012207031,26.659931182861328,334.1499938964844,27.230512652765707,321.79998779296875,26.34512787206936,326.7300109863281,27.210836976747277,33310900.0,46620500
2026-04-08,350.6300048828125,27.023921966552734,354.1400146484375,27.0435976426871,342.5299987792969,26.532041321448112,351.75,26.80749515820197,31573100.0,33789100
2026-04-09,354.9100036621094,26.777982711791992,358.70001220703125,27.053436559529775,351.5,26.738633234329924,352.29998779296875,26.768144873332517,20514900.0,27047600
2026-04-10,371.54998779296875,26.48285484313965,376.54998779296875,26.915710349875443,360.82000732421875,26.335291020227118,360.94000244140625,26.876358996365003,29958100.0,27882400
2026-04-13,379.75,26.896034240722656,380.8599853515625,27.122298890642686,369.4800109863281,26.246751929245146,369.6600036621094,26.394315749785346,24115800.0,44156200
2026-04-14,380.7799987792969,26.669769287109375,382.2799987792969,26.866520420130612,376.32000732421875,26.640255772787096,377.8999938964844,26.75830795370045,24423000.0,24558900
2026-04-15,396.7200012207031,26.748470306396484,397.0799865722656,26.915709802664164,385.57000732421875,26.532041619240797,389.8800048828125,26.73863246821888,29559300.0,29648900
2026-04-16,398.4700012207031,26.777982711791992,399.67999267578125,27.033760882610828,392.3500061035156,26.709119718951502,395.0,26.768144873332517,18872900.0,21905300
2026-04-17,406.5400085449219,27.11246109008789,406.7300109863281,27.2206754342764,399.80999755859375,26.679607466085415,400.8999938964844,26.886196439853535,20581700.0,30080400
2026-04-20,399.6300048828125,27.07311248779297,406.4200134277344,27.39775365446623,395.8999938964844,27.06327464924216,405.70001220703125,27.141975481272773,16922000.0,25023000
2026-04-21,402.1700134277344,26.866519927978516,403.6000061035156,27.171487274594917,394.57000732421875,26.758307463530635,399.4100036621094,27.073110771698524,16275500.0,29833000
2026-04-22,422.6499938964844,26.364803314208984,423.20001220703125,26.945222658282038,404.8599853515625,26.305778158852224,406.9800109863281,26.905873180169483,23702500.0,35246800
2026-04-23,419.94000244140625,26.236913681030273,429.30999755859375,26.394315337330262,417.79998779296875,25.951622006251696,422.3900146484375,26.325452347245985,19501600.0,38718400
2026-04-24,422.760009765625,26.561555862426758,425.0,26.856683510347835,408.8599853515625,26.148376029511752,424.9800109863281,26.2565903760582,22491100.0,42500200
2026-04-27,418.20001220703125,26.35496711730957,422.75,26.90587294061129,414.6300048828125,26.35496711730957,420.4800109863281,26.620581252237997,17451600.0,34764200
2026-04-28,399.8299865722656,26.049999237060547,405.80999755859375,27.132137061585325,394.6499938964844,25.89259757637067,400.30999755859375,27.082949746260663,25519200.0,58079000
2026-04-29,405.45001220703125,25.833572387695312,405.6400146484375,26.118862193668157,396.7799987792969,25.774547234110553,403.5,25.931948894587116,15962500.0,29969700
2026-04-30,417.42999267578125,26.266427993774414,418.3800048828125,26.473016970307924,404.2300109863281,25.85324816433159,415.5199890136719,25.96146063359284,21821600.0,39082900
2026-05-01,421.2799987792969,25.902435302734375,423.1700134277344,26.177889145938778,413.2799987792969,25.863085825919914,415.0899963378906,26.168051307641214,11882600.0,29318700
2026-05-04,416.5,25.872920989990234,423.8299865722656,26.07951183511678,409.5299987792969,25.72535717282884,418.2200012207031,25.813895838400825,15140400.0,34583400
2026-05-05,427.3599853515625,26.02048683166504,433.3900146484375,26.315614467668027,419.3500061035156,25.587631339335008,421.6600036621094,26.158212811616334,21175200.0,57656100
2026-05-06,425.44000244140625,26.09918785095215,437.67999267578125,26.246751670035025,417.7799987792969,25.784382660166045,435.55999755859375,26.128699488943266,20707000.0,40357100
2026-05-07,412.55999755859375,26.049999237060547,426.489990234375,26.286101728095367,406.29998779296875,25.735195915680787,421.82000732421875,26.079512752080827,22791700.0,48346000
2026-05-08,430.0,25.68000030517578,435.0,26.200000762939453,414.0,25.600000381469727,419.79998779296875,26.15999984741211,22561400.0,38903400
2026-05-11,428.42999267578125,25.809999465942383,433.6499938964844,26.18000030517578,425.04998779296875,25.68000030517578,427.6199951171875,25.790000915527344,16825500.0,43558000
2026-05-12,419.29998779296875,25.8700008392334,429.3399963378906,26.09000015258789,408.4100036621094,25.739999771118164,423.42999267578125,25.81999969482422,19004300.0,26819500
2026-05-13,416.7900085449219,25.959999084472656,418.6300048828125,26.09000015258789,404.79998779296875,25.639999389648438,415.80999755859375,25.799999237060547,16981200.0,39420000
2026-05-14,439.7900085449219,25.75,442.3599853515625,26.100000381469727,415.5899963378906,25.719999313354492,416.7300109863281,26.06999969482422,19733800.0,24102700
2026-05-15,425.19000244140625,25.329999923706055,432.80999755859375,25.829999923706055,419.79998779296875,25.239999771118164,432.80999755859375,25.75,18957100.0,37110100
2026-05-18,420.7099914550781,25.329999923706055,422.010009765625,25.389999389648438,414.3699951171875,25.190000534057617,421.4100036621094,25.31999969482422,17863300.0,34111300
2026-05-19,411.07000732421875,25.65999984741211,417.95001220703125,25.959999084472656,405.8599853515625,25.239999771118164,409.82000732421875,25.299999237060547,20652100.0,41036700
2026-05-20,417.760009765625,25.790000915527344,424.1700134277344,26.030000686645508,411.4200134277344,25.670000076293945,412.80999755859375,25.760000228881836,16312600.0,35574200
2026-05-21,414.57000732421875,25.950000762939453,422.25,25.959999084472656,410.5,25.56999969482422,413.54998779296875,25.770000457763672,16865300.0,20181500
2026-05-22,414.1400146484375,25.899999618530273,419.989990234375,26.149999618530273,410.2099914550781,25.760000228881836,417.489990234375,26.0,14086400.0,22320000
2026-05-26,422.010009765625,25.850000381469727,435.30999755859375,25.899999618530273,417.0,25.65999984741211,418.5,25.8700008392334,22562900.0,29084700
2026-05-27,421.8599853515625,26.209999084472656,432.79998779296875,26.540000915527344,416.489990234375,25.850000381469727,425.07000732421875,25.850000381469727,17601000.0,39024700
2026-05-28,426.5799865722656,26.139999389648438,429.67999267578125,26.280000686645508,414.010009765625,26.010000228881836,421.1400146484375,26.170000076293945,17855600.0,25651800
2026-05-29,446.7699890136719,26.18000030517578,448.8999938964844,26.239999771118164,431.4700012207031,25.93000030517578,432.95001220703125,26.190000534057617,41798400.0,48284200
2026-06-01,459.9700012207031,25.6299991607666,466.04998779296875,25.90999984741211,442.2200012207031,25.479999542236328,450.0899963378906,25.899999618530273,30586000.0,35553600
2026-06-02,481.57000732421875,25.549999237060547,488.82000732421875,25.700000762939453,470.4599914550781,25.270000457763672,488.7900085449219,25.600000381469727,38306700.0,31295700
2026-06-03,479.2300109863281,25.34000015258789,495.0,25.6200008392334,472.6400146484375,25.290000915527344,494.7799987792969,25.43000030517578,50126400.0,30957100
2026-06-04,418.9100036621094,25.690000534057617,426.4800109863281,26.010000228881836,403.010009765625,25.610000610351562,408.989990234375,25.670000076293945,80979400.0,31272000
2026-06-05,385.7300109863281,26.040000915527344,410.5,26.209999084472656,385.5899963378906,25.790000915527344,407.6099853515625,25.850000381469727,51146100.0,32218500
2026-06-08,396.6000061035156,25.6200008392334,402.8399963378906,26.219999313354492,391.3500061035156,25.600000381469727,402.6199951171875,25.969999313354492,37099000.0,42028800
2026-06-09,392.1600036621094,25.700000762939453,407.8699951171875,25.8799991607666,370.3299865722656,25.469999313354492,401.6099853515625,25.729999542236328,37026900.0,35273200
2026-06-10,372.1000061035156,25.600000381469727,385.80999755859375,25.850000381469727,371.1700134277344,25.579999923706055,381.5,25.799999237060547,38193500.0,30376300
2026-06-11,385.57000732421875,26.170000076293945,389.5,26.479999542236328,370.54998779296875,25.790000915527344,372.82000732421875,25.790000915527344,35187600.0,45268700
2026-06-12,382.07000732421875,26.209999084472656,384.9800109863281,26.489999771118164,377.0,26.110000610351562,383.7200012207031,26.290000915527344,27600900.0,38773000
2026-06-15,393.94000244140625,26.0,396.20001220703125,26.420000076293945,388.6000061035156,25.979999542236328,395.510009765625,26.25,32394200.0,34194100
2026-06-16,376.7099914550781,26.040000915527344,391.7900085449219,26.1299991607666,376.4599914550781,25.700000762939453,390.2099914550781,26.049999237060547,31573700.0,32829600
2026-06-17,392.8999938964844,25.920000076293945,400.6499938964844,26.280000686645508,382.6499938964844,25.8700008392334,388.7099914550781,26.030000686645508,40005500.0,31117500
2026-06-18,411.3500061035156,25.209999084472656,412.70001220703125,25.65999984741211,405.3800048828125,24.940000534057617,409.5799865722656,25.579999923706055,45076100.0,119614300
