Date,Close,High,Low,Open,Volume
1998-01-20,43.501502990722656,43.518751802376386,42.725306466304524,42.94954101780309,1744600
1998-01-21,42.96681594848633,43.26004592485095,42.65633714998261,43.10480652559909,1839600
1998-01-22,42.60453414916992,42.97538333305946,42.466543755164516,42.60453414916992,1662600
1998-01-23,42.50107192993164,42.91504340976864,42.1215980734144,42.777052916489644,1693700
1998-01-26,42.67353820800781,42.871899440583434,42.46655257401586,42.708035813673135,1172800
1998-01-27,43.17375946044922,43.36349631784632,42.544178069995205,42.57005127782208,1454500
1998-01-28,43.673980712890625,43.7343515393105,43.17376529398312,43.26000933172579,1181200
1998-01-29,43.829246520996094,44.29496460681541,43.544641024106504,43.6395095230697,1468500
1998-01-30,43.73435974121094,44.122457983836554,43.58774484955237,44.122457983836554,1095600
1998-02-02,44.717529296875,44.881392952929126,44.381177581816544,44.50191922311958,955600
1998-02-03,45.07114028930664,45.07976469426058,44.51917837225428,44.70891528124103,619400
1998-02-04,44.829627990722656,45.07111117343528,44.605393606775216,44.829627990722656,753200
1998-02-05,44.83830642700195,45.209156047383004,44.56232531416024,45.15740958872518,1067600
1998-02-06,45.321250915527344,45.35574853753726,44.90727945140835,44.98489910093066,1069700
1998-02-09,45.140079498291016,45.398811325755425,44.950342824817106,45.312567383267286,515900
1998-02-10,45.89908218383789,46.00257504107315,45.2177542070391,45.27812504042633,892100
1998-02-11,45.89908218383789,46.02844825538197,45.72659408844579,45.79558932660263,515000
1998-02-12,46.192291259765625,46.42515008426407,45.467841583548235,45.66620280441728,1065000
1998-02-13,46.16646194458008,46.27857926295847,45.90772967139917,46.0025981715655,596700
1998-02-17,46.3992805480957,46.761505414828044,46.30441213061818,46.53727097351754,840600
1998-02-18,46.709808349609375,46.752930403107904,46.27858781462405,46.40795397511965,773000
1998-02-19,46.26993179321289,46.75289846244307,46.26993179321288,46.71840084321234,804800
1998-02-20,46.5200309753418,46.62352381399662,45.98531797562522,46.40791373346574,540600
1998-02-23,46.50279235839844,46.91676380372543,46.34755306640082,46.91676380372543,639200
1998-02-24,46.36481857299805,46.58905318663234,46.10608632649694,46.43381383873167,702700
1998-02-25,46.744293212890625,47.00302546314648,46.40794128755802,46.5028097793185,687400
1998-02-26,47.00301742553711,47.03751505300539,46.5890458959177,46.70116318518962,439800
1998-02-27,47.24445343017578,47.44281458915608,46.85635551043173,46.977097085463214,451300
1998-03-02,47.31349182128906,47.391111476118006,47.072008450710115,47.33074063347327,1062800
1998-03-03,47.52907180786133,47.5376962084797,47.02023217137724,47.037480972613984,596600
1998-03-04,47.209991455078125,47.399728358989655,46.97713252755034,47.26173788341764,691700
1998-03-05,46.7960090637207,47.06336554749795,46.485530566431,46.640769815075856,778300
1998-03-06,47.48595428466797,47.485954284667976,46.96849019874715,46.96849019874715,933100
1998-03-09,47.39974594116211,47.787844297667256,47.244506598560044,47.26175541440472,685300
1998-03-10,47.865447998046875,47.88269680813627,47.55496941643793,47.675711087063625,563700
1998-03-11,48.02069854736328,48.15006465336372,47.874083627229446,47.9862009190965,406600
1998-03-12,47.96029281616211,48.05516122489755,47.64118998677927,47.98616601854451,576700
1998-03-13,47.554935455322266,48.15864337731584,47.520437859779776,48.12414578177335,458900
1998-03-16,48.27948760986328,48.27948760986328,47.65852956986504,47.77927141097581,733000
1998-03-17,48.443267822265625,48.451892224583986,48.06379412025749,48.175911350396255,499900
1998-03-18,48.564048767089844,48.58129758568941,48.175950348599514,48.34843853459522,410900
1998-03-19,48.701988220214844,48.73648582122084,48.48637821392737,48.572622216442355,730000
1998-03-20,49.210838317871094,49.34882875128959,48.72787180090636,48.883111038502165,754300
1998-03-23,48.84000015258789,49.22809833497646,48.78825372826942,49.22809833497646,551600
1998-03-24,49.366092681884766,49.5989516096295,49.081487325752306,49.107360539946164,470300
1998-03-25,49.055606842041016,49.71106150448741,48.71063070391133,49.71106150448741,966200
1998-03-26,48.91758346557617,49.28843256448657,48.85721268203262,49.03832503266328,412800
1998-03-27,48.719261169433594,49.34884269985821,48.50365105627448,49.314345081752755,584100
1998-03-30,48.65890884399414,48.88314344696185,48.40017660980062,48.72790410644574,562400
1998-03-31,48.676116943359375,49.29707378601031,48.60712173862038,48.8313561540221,620000
1998-04-01,49.09014892578125,49.23676391730238,48.41744484703723,48.77104570894114,373700
1998-04-02,49.76282501220703,49.8145714506946,49.02975046696655,49.07287249903952,440600
1998-04-03,49.728336334228516,49.995692981186735,49.57309699083342,49.81458041389246,493300
1998-04-06,49.88356399536133,50.36653072837313,49.86631518346805,50.15954498565378,610500
1998-04-07,49.61620330810547,49.89218427557624,49.26260269353354,49.88355987034278,707300
1998-04-08,49.27983474731445,49.711054862359205,49.0297270805885,49.711054862359205,949500
1998-04-09,49.88356399536133,49.93531043104117,49.46959250992265,49.48684132181592,451700
1998-04-13,49.86629867553711,50.081908752826706,49.43507852095793,50.081908752826706,337900
1998-04-14,50.47000503540039,50.51312704927206,49.96978967448904,49.96978967448904,451500
1998-04-15,50.789161682128906,50.78916168212891,50.34069226330217,50.59080020841708,261800
1998-04-16,50.262977600097656,50.616577820002256,50.116362874771355,50.616577820002256,232800
1998-04-17,50.806339263916016,50.832309449261345,50.18305481562807,50.2696221001125,382900
1998-04-20,50.581241607666016,50.78034627256013,50.41676384101435,50.74571937431767,299400
1998-04-21,50.91885757446289,50.927514299654064,50.39945406299268,50.55527511643375,372000
1998-04-22,50.88424301147461,51.031407375407085,50.797675738573155,50.892899738764754,503400
1998-04-23,50.589866638183594,50.98807571849784,50.47732928939914,50.814941335752515,597700
1998-04-24,50.16575622558594,50.72844374148983,49.89739756415484,50.5379956591839,820200
1998-04-27,49.4472770690918,49.79354651635434,48.97115657910579,49.55115790327056,1916800
1998-04-28,49.30002212524414,49.93196270735878,49.1182309988824,49.88002238554113,437200
1998-04-29,49.542415618896484,49.83674414083296,49.26540053942685,49.46450512779565,298700
1998-04-30,50.347496032714844,50.589884252954874,49.983913702354805,50.04451075741481,443100
1998-05-01,50.780357360839844,50.780357360839844,50.31289413249253,50.4687152086083,338300
1998-05-04,50.8669548034668,51.291134651215245,50.8669548034668,50.96217885092053,542500
1998-05-05,50.685115814208984,50.89287717706826,50.39944394027749,50.69377253766146,325600
1998-05-06,50.01854705810547,50.89287610844618,50.01854705810546,50.88421938517548,665500
1998-05-07,49.715572357177734,50.20900568894843,49.706915632058944,50.20900568894843,593100
1998-05-08,50.38217544555664,50.40814563908528,49.68963695145964,49.72426387616449,638100
1998-05-11,50.373470306396484,50.884216954974825,50.243619463537584,50.57257493211346,703100
1998-05-12,50.92750549316406,50.927505493164055,50.200340702848614,50.36481845303901,479000
1998-05-13,51.10928726196289,51.169884316643405,50.76301837807426,50.91883937582414,399400
1998-05-14,50.8669548034668,51.13531348265459,50.6072528558657,50.72844709807955,622900
1998-05-15,50.35359191894531,50.95149208112174,50.35359191894531,50.95149208112174,280900
1998-05-18,50.20628356933594,50.64820977955964,49.91166609585348,50.39691840511872,249200
1998-05-19,50.223636627197266,50.6395673653107,50.119653942668904,50.53558468078234,482100
1998-05-20,50.899478912353516,50.95147020848462,50.266918142758385,50.60486156761058,304400
1998-05-21,50.67422866821289,51.11615508101708,50.52691986394483,50.98617672430996,530600
1998-05-22,50.59622573852539,50.795525822784015,50.43158653848567,50.795525822784015,219000
1998-05-26,49.72104263305664,50.93417368370633,49.72104263305663,50.87351713117384,561300
1998-05-27,49.72104263305664,49.83369051633125,48.76786823611759,49.35710331786173,1041100
1998-05-28,49.9030647277832,49.96372134405244,49.46113795210741,49.773086264349146,367700
1998-05-29,49.27045822143555,50.14564574875967,49.27045822143554,50.06765874137435,232400
1998-06-01,49.58237838745117,49.83366971447601,49.13178704244113,49.14911747878767,445800
1998-06-02,49.331119537353516,49.84236774615447,49.23580207469571,49.764380731252636,391600
1998-06-03,48.715885162353516,49.58240748825806,48.69855471583543,49.565077041739976,473100
1998-06-04,49.29644775390625,49.331108641762754,48.54257344302739,48.733208326238135,636200
1998-06-05,50.38825988769531,50.38825988769531,49.35709859334695,49.617055222174265,1014000
1998-06-08,50.42290115356445,50.6048707229449,50.18027506105718,50.32758376007945,467900
1998-06-09,50.31889724731445,50.49220152576224,50.110932113177114,50.3622233169264,180100
1998-06-10,49.77304458618164,50.53558426647133,49.67772712614543,50.06766218992993,531300
1998-06-11,48.871891021728516,49.98970555041699,48.871891021728516,49.929048948085054,529200
1998-06-12,49.11448669433594,49.14914758826278,48.17864255831119,48.90652133077488,909200
1998-06-15,47.69334030151367,48.76782689260882,47.667344658180724,48.55986174594524,617400
1998-06-16,48.135318756103516,48.21330577118991,47.65873144168665,48.143983980002,796500
1998-06-17,49.166439056396484,49.452391204591954,48.559873893557615,48.68118692612539,895100
1998-06-18,48.975826263427734,49.2011219964159,48.854513176434104,49.04514802742409,219000
1998-06-19,48.395416259765625,49.21170356075575,48.27384155536284,49.13354839363967,506100
1998-06-22,48.44749450683594,48.74274720682382,48.23908083625625,48.456178409776754,161500
1998-06-23,49.11613464355469,49.14218634156224,48.7166752741057,48.7166752741057,201600
1998-06-24,49.628475189208984,49.70663026824711,48.82955660348593,49.185596407992946,353100
1998-06-25,49.84561538696289,50.18428768663041,49.541678707774096,49.94982224839905,420200
1998-06-26,49.84561538696289,49.98455786887777,49.65456947432994,49.793511956244814,150400
1998-06-29,50.088722229003906,50.383974752545186,50.01925104699419,50.12345782000876,297700
1998-06-30,49.84561538696289,50.1061325405533,49.663253379449614,49.967190058638415,395600
1998-07-01,50.3492546081543,50.392674110231006,49.95847908946389,50.227680002339504,347100
1998-07-02,50.184295654296875,50.34060597126821,50.097456589312806,50.210347373792104,263900
1998-07-06,50.713951110839844,50.713951110839844,50.03660724326356,50.1929173665504,166500
1998-07-07,50.635833740234375,50.887666904094225,50.41873618518277,50.67056934904263,155700
1998-07-08,51.10477066040039,51.122138466912,50.63583988458703,50.679259400866044,146900
1998-07-09,50.50556182861328,51.07869922212918,50.27978043116762,50.78344662546947,151500
1998-07-10,50.70530700683594,50.835565545130606,50.21032456131622,50.59241627364723,127800
1998-07-13,50.566341400146484,51.08737531462507,50.46213461725077,50.78343886451256,164400
1998-07-14,51.373924255371094,51.50418268401047,50.84420664557095,50.84420664557095,276000
1998-07-15,51.408695220947266,51.773419072176964,51.287120603870704,51.68658005997941,367900
1998-07-16,51.834205627441406,51.91236073728342,51.18291304542464,51.37395886948289,356100
1998-07-17,51.86894989013672,52.033944038456255,51.738691351989715,51.92973720793865,222100
1998-07-20,51.75608444213867,52.007917738920895,51.4521477046429,51.990549925349704,234900
1998-07-21,50.99189376831055,52.00791072520638,50.99189376831055,52.00791072520638,389800
1998-07-22,50.80083465576172,50.99188052968083,50.47953023144323,50.85293807592148,229900
1998-07-23,49.66323471069336,50.81819365745366,49.57639569213995,50.67056732591288,297000
1998-07-24,49.70669174194336,50.06273198677559,49.20302505413192,50.06273198677559,424800
1998-07-27,50.158267974853516,50.21037143881631,49.20303780220222,49.44618730069528,382900
1998-07-28,49.58510208129883,50.07140080573888,48.916441335193745,50.07140080573888,557300
1998-07-29,49.47224044799805,50.01932683525868,49.368033517091256,49.9151199043519,330400
1998-07-30,50.14955520629883,50.22771035726968,49.784831168434835,49.949825376039975,533300
1998-07-31,49.20296859741211,50.22766861408959,48.99455503469804,50.08872623894688,234400
1998-08-03,48.803558349609375,49.42011575936422,48.78619053525008,49.25512152295095,429300
1998-08-04,47.205657958984375,49.25505738472395,47.17092237549726,49.25505738472395,947200
1998-08-05,47.60515213012695,47.75277846836339,46.42414142423544,47.48357749863812,1456000
1998-08-06,47.60515213012695,47.92645651334743,47.22306043116205,47.22306043116205,571600
1998-08-07,47.88306427001953,48.482253866434355,47.518340167853985,47.952535527574874,698900
1998-08-10,47.67461013793945,48.021966131658495,47.318570244377426,47.796184735741114,233900
1998-08-11,46.89305114746094,47.13620030155888,46.1636036851671,46.823579960575806,1034100
1998-08-12,47.622528076171875,47.67463149857469,47.08412604467614,47.36201096415781,592000
1998-08-13,46.84093475341797,47.91773785119769,46.84093475341797,47.431439678006846,651900
1998-08-14,46.85831069946289,47.62249367602937,46.56305818578947,47.58775808618544,731000
1998-08-17,47.657249450683594,47.77882406662921,46.51097450033916,46.73675592995246,948800
1998-08-18,48.56039047241211,48.725384646048695,47.81357473910963,47.91778158561695,566000
1998-08-19,48.334632873535156,48.85566736372777,48.23042597549663,48.85566736372777,324700
1998-08-20,47.93516540527344,48.42146418474723,47.883061964615536,48.12621135435243,536300
1998-08-21,47.679290771484375,47.67929077148438,46.338909103209716,47.41817745948282,1184400
1998-08-24,47.69674301147461,48.09711713164392,47.34859160263173,47.80118843412747,292300
1998-08-25,47.853370666503906,48.39300489373621,47.505219552160476,48.16670666941299,309400
1998-08-26,47.566158294677734,47.801160357615764,47.08745038869287,47.26152599086919,653200
1998-08-27,45.14653015136719,46.91339840290518,45.01597338401217,46.75673028207915,1887300
1998-08-28,44.998573303222656,46.01691625805381,44.633014293796094,45.677468606443426,1225000
1998-08-31,41.70854187011719,45.34672436212657,41.70854187011718,45.242278931733956,1284000
1998-09-01,43.745208740234375,44.05854489515846,41.15148168002948,42.45704899221315,1760300
1998-09-02,43.32744598388672,44.35449271472212,43.24040812534135,43.81485799174081,551100
1998-09-03,42.90966796875,43.24041185978702,42.19595746703854,42.526701358075556,806800
1998-09-04,42.82258605957031,43.327405163524595,41.74331763042667,43.27518249759829,578100
1998-09-08,44.89412307739258,44.928938217429334,43.640778036069484,44.11078242656564,1187900
1998-09-09,43.67557907104492,44.82447832121988,43.67557907104492,44.615587548460795,879200
1998-09-10,42.19597244262695,43.01412867398152,41.7781905372544,42.596346768608974,1292900
1998-09-11,43.84967041015625,43.90189312203813,41.78687329082178,41.98706035303568,1086900
1998-09-14,44.232582092285156,44.75480856326845,44.12813679808849,44.24128586680154,627700
1998-09-15,44.72004318237305,44.84189616107161,43.78003448955555,43.797442057941055,418000
1998-09-16,45.1900520324707,45.50338829463729,44.33708109657275,45.0856066117485,495200
1998-09-17,43.884464263916016,44.23261550758056,43.727796204266966,43.8148340151831,681100
1998-09-18,43.962711334228516,44.13702819122387,43.57921424883874,43.82325784863223,309400
1998-09-21,44.206790924072266,44.38110792298422,42.48105263484389,42.550779434408675,562200
1998-09-22,43.98888397216797,44.660004254683706,43.797135320020615,44.660004254683706,431900
1998-09-23,45.67097473144531,45.67097473144531,44.28515698673161,44.57277953752124,680200
1998-09-24,44.494384765625,45.66230789169626,44.19804606199499,45.33110581116859,568800
1998-09-25,44.69482421875,45.16547954398645,43.87553531926434,44.04985210638895,422200
1998-09-28,45.33985900878906,45.54032359110396,44.83433962729929,45.14811027787915,678800
1998-09-29,45.00862121582031,45.49670851018242,44.39851209786767,45.45312928747152,1089600
1998-09-30,43.61410140991211,44.86918346487361,43.579238019496515,44.450822779886444,673200
1998-10-01,42.51588439941406,43.59664898849306,42.25440909560462,42.95167657242978,1107600
1998-10-02,43.59663391113281,43.683792315593294,41.87089750281528,42.603028100283325,971800
1998-10-05,43.073699951171875,43.50949214007487,42.08009376047305,43.14342670139635,728800
1998-10-06,43.056236267089844,43.98883085830009,42.74246612425275,43.68377655276403,806100
1998-10-07,43.143394470214844,43.82322977701823,42.31538992987739,43.24798451741537,1280800
1998-10-08,43.1259880065918,43.370031592724494,41.53970469672929,41.90577007592833,2218200
1998-10-09,44.17191696166992,44.27650713600695,42.707654520951586,43.54437591564778,1196900
1998-10-12,44.50314712524414,45.16555197865553,44.34626176522565,44.92150808529344,630700
1998-10-13,44.16315460205078,44.72968411638536,43.8929636029066,44.62509405220051,288500
1998-10-14,44.45077896118164,44.999876818937416,43.980123654533834,44.0672820446538,939700
1998-10-15,46.78661346435547,49.08759445440574,44.17186233929834,44.34617908096882,1219200
1998-10-16,46.960960388183594,47.0916980284625,46.438009827067965,46.82150690521943,694800
1998-10-19,47.205055236816406,47.5536893227604,46.751830925089216,46.856421150872414,423800
1998-10-20,47.35316848754883,48.25090019272415,47.12655660080554,47.68437047586594,959800
1998-10-21,47.44905471801758,47.85869938586233,47.20501108611007,47.6756666619317,599800
1998-10-22,47.727935791015625,47.797662505100384,46.969657775343904,47.43159725615541,574800
1998-10-23,47.03066635131836,47.51875332605406,46.926076285303566,47.379299904701,463400
1998-10-26,47.06552505493164,47.65820203710486,46.926071647361475,47.414158573857065,381100
1998-10-27,46.69947052001953,47.649497075951246,46.51643788080332,47.571054516287155,915900
1998-10-28,46.551300048828125,47.06553459346038,46.394414933516586,46.777911882055896,355200
1998-10-29,47.658199310302734,47.658199310302734,46.560003788521804,46.80404723780645,413600
1998-10-30,47.98942184448242,48.31190797020815,47.736662448643344,48.02428520942575,678700
1998-11-02,48.79130172729492,48.79130172729493,48.1027499522938,48.40780453615506,598900
1998-11-03,48.52982711791992,48.87846093342222,48.36422605555632,48.63441726257061,731200
1998-11-04,49.2183723449707,49.55829026978987,48.57339987223689,49.1922248122923,706600
1998-11-05,49.92436218261719,49.92436218261719,48.60826953429749,48.6954279878286,462600
1998-11-06,50.133583068847656,50.16844647849219,49.6454953338241,49.758801415168854,400000
1998-11-09,49.65418243408203,50.16841742857226,49.37527531842631,50.11612234438681,325700
1998-11-10,49.436222076416016,49.880729714973356,49.36649538801487,49.50594876481717,345400
1998-11-11,49.28809356689453,49.91563428074359,49.070197485696944,49.88948675099988,365000
1998-11-12,49.436222076416016,49.767423846321485,49.157315322811414,49.157315322811414,354400
1998-11-13,49.92436218261719,50.06381570826696,49.34911638931189,49.453706533549216,408300
1998-11-16,50.394989013671875,50.46471573662403,49.86332275116167,50.290398929243636,273700
1998-11-17,50.185794830322266,51.31885376188564,49.6628445542161,50.177078992387166,618700
1998-11-18,50.57805633544922,50.743657415989205,50.06382140114084,50.133548171894525,249600
1998-11-19,50.6215934753418,50.83077361366965,50.37754998062596,50.72618354450572,270800
1998-11-20,51.24671936035156,51.255449636222146,50.84512667030451,51.01973218771627,331900
1998-11-23,52.57368850708008,52.573688507080085,51.543516596778616,51.6046284897626,530600
1998-11-24,52.01498031616211,52.460224357136305,51.89275646177704,52.39038215463055,503700
1998-11-25,52.032470703125,52.145964347276106,51.74437145258756,52.10231294567953,155300
1998-11-27,52.10227584838867,52.36418407148714,52.102275848388665,52.35545379738385,71000
1998-11-30,50.74034881591797,51.997508180937274,50.70542772244521,51.98877790756908,527600
1998-12-01,50.99349594116211,51.351436933044944,50.21650208073351,50.426028515006394,379800
1998-12-02,50.705421447753906,50.83637553207146,50.01572993701483,50.5831976357242,317600
1998-12-03,49.631629943847656,50.8364082960466,49.483215219301414,50.46973662363823,638700
1998-12-04,50.56568908691406,50.63553119891256,49.93711007892756,50.07679430292456,1230600
1998-12-07,50.705421447753906,50.83637553207146,50.28636837793776,50.61811872487554,522900
1998-12-08,50.46097946166992,50.845111485253575,49.96335388566384,50.5919335606189,405500
1998-12-09,50.321327209472656,50.65307780523254,50.094339959742214,50.38243916132316,310100
1998-12-10,49.326026916503906,50.295086914332565,49.256184754498236,50.216514482076185,422700
1998-12-11,49.1515007019043,49.50944235888086,48.75863790766172,49.1776915548538,548700
1998-12-14,48.339515686035156,49.15143097568682,48.339515686035156,48.845871458075976,393500
1998-12-15,49.291080474853516,49.3783831324427,48.33948150713141,48.88948824994327,637200
1998-12-16,49.09901428222656,49.50060650430736,48.92440896827839,49.50060650430736,537800
1998-12-17,49.570472717285156,49.72761757619871,49.24745272951842,49.24745272951842,1114300
1998-12-18,49.65443801879883,50.02173044514429,49.54075226778714,49.87306446305208,289100
1998-12-21,50.266605377197266,51.03617066480919,49.873077673304806,49.960528274169796,483500
1998-12-22,50.56390380859375,50.80002027397459,50.04794560646524,50.520178537226926,317700
1998-12-23,51.52589797973633,51.66581895184695,50.75633263312791,51.0624097596199,657600
1998-12-24,51.543338775634766,51.779455190114255,51.385927832648434,51.552083828022894,346900
1998-12-28,51.45591354370117,51.92814660477525,51.385953090208716,51.91940154808869,274000
1998-12-29,52.32170104980469,52.347936233349635,51.35974431982332,51.65707639999938,598800
1998-12-30,51.840721130371094,52.312954420020226,51.840721130371094,52.08558283611509,202600
1998-12-31,51.228607177734375,51.971937940811785,51.21111704213256,51.83201685599721,870300
1999-01-04,51.46464920043945,52.391625039903616,50.95743600526095,51.53460964115373,490200
1999-01-05,52.17302703857422,52.29545787641197,51.455932131238804,51.455932131238804,473000
1999-01-06,53.53719711303711,53.62464761469185,52.51402624367655,52.70641734731699,701400
1999-01-07,53.30989456176758,53.44107048342546,52.66276001492197,52.750210629360566,450300
1999-01-08,54.01823043823242,54.07944585236026,53.33611582366514,53.8695644324934,446300
1999-01-11,53.921993255615234,53.98320862259371,53.30983958583043,53.92199325561523,603000
1999-01-12,52.907615661621094,53.76463158473495,52.90761566162109,53.694671101215455,539600
1999-01-13,52.24296569824219,52.82013940699411,51.3772051351143,51.3772051351143,1082800
1999-01-14,50.861263275146484,52.33043319093476,50.773812684921,52.33043319093476,604100
1999-01-15,52.39942932128906,52.41694835483011,51.31324924174378,51.63735136225326,470100
1999-01-19,52.17169189453125,52.87245337061629,51.58480415831003,52.87245337061629,1505900
1999-01-20,52.487022399902344,53.11770758227767,51.996489480277084,52.80236499109,687500
1999-01-21,51.646080017089844,52.574588239920836,51.593522947873,52.136612663113766,944500
1999-01-22,51.190608978271484,51.63734427222971,50.87526641783039,50.97162108907628,550700
1999-01-25,51.733680725097656,51.73368072509765,50.65626068967825,51.23438851356183,608400
1999-01-26,52.53953552246094,52.53953552246094,51.479634922558006,51.74242019526121,459600
1999-01-27,51.400848388671875,52.69725697107191,51.29573417928808,52.59214276168812,487100
1999-01-28,51.83884811401367,52.224267059099276,51.69869577034618,51.83884811401367,268200
1999-01-29,52.294307708740234,52.69724542307894,51.602305981941164,52.25051013109473,306900
1999-02-01,52.3293342590332,52.88994312956855,52.22422009580783,52.68847431671991,191400
1999-02-02,51.94392395019531,52.303064065196665,51.505948200193664,52.2855450351966,473600
1999-02-03,52.62718200683594,52.69725814799018,51.69867313654223,51.69867313654223,238100
1999-02-04,52.41691970825195,52.69722409171854,52.0052226450354,52.42567922023528,442800
1999-02-05,52.17169189453125,52.408198892709954,51.82131115648873,52.25928707904188,438700
1999-02-08,52.031551361083984,52.565882107384674,51.61109438038835,52.416970260054974,335500
1999-02-09,51.22564697265625,52.04904143493903,51.01541859930746,51.93516773270843,341700
1999-02-10,51.36582946777344,51.52350084062813,50.997929597779155,51.29575330206024,751900
1999-02-11,52.697208404541016,52.88991761080762,51.29568690442024,51.637307770074685,687700
1999-02-12,52.08408737182617,52.688494036585,51.75122573036479,52.39942997952643,410400
1999-02-16,51.97022247314453,52.6797434608952,51.85634873436974,52.46951502008019,728100
1999-02-17,51.8213005065918,52.574618938567276,51.46216032390582,51.83881953989356,466000
1999-02-18,52.15414810180664,52.31181935908452,51.55850112986796,51.98771733023554,589200
1999-02-19,52.519126892089844,52.773563023040495,51.992707310812634,52.25591710145124,382200
1999-02-22,53.72989273071289,53.74744005035061,52.4226174177024,52.475259376615575,418500
1999-02-23,53.65974044799805,53.975592419241984,53.09822583245327,53.53690912584763,632800
1999-02-24,52.712162017822266,53.949248376762505,52.64197272086112,53.73868048587906,695600
1999-02-25,52.32614517211914,52.69463915220449,51.799725200568645,52.37878716927419,1438600
1999-02-26,52.159393310546875,52.677039097817236,51.90495724561738,52.624397153349065,356200
1999-03-01,52.25593185424805,52.536689043525406,51.799701421672346,52.22083720558838,336900
1999-03-02,52.37874221801758,52.90516173779665,52.01902221283521,52.56298904994025,242000
1999-03-03,52.13313293457031,52.41389029806851,51.65935488366712,52.22964327827282,201200
1999-03-04,53.3262825012207,53.3262825012207,52.41382225440811,52.50155881660163,584900
1999-03-05,54.817832946777344,54.9406641985787,54.00188248838261,54.08961909681215,1525300
1999-03-08,54.730098724365234,54.90557194887426,54.352831291670824,54.8441563202961,298300
1999-03-09,54.43181228637695,55.22144205842304,54.326528316770805,54.64238022558924,848200
1999-03-10,54.99329376220703,54.99329376220703,54.361590323968535,54.537063501257,180300
1999-03-11,55.7653694152832,55.993484519876866,55.04592947002624,55.37055481117877,758500
1999-03-12,55.38814926147461,56.07249515762462,55.38814926147461,56.06372149228937,411300
1999-03-15,56.00234603881836,56.0111197104522,55.44960472588626,55.537341442224694,204000
1999-03-16,55.83562469482422,56.21289242924871,55.73911434415749,56.10760841033955,644400
1999-03-17,55.54603958129883,56.011043545571276,55.41443468575003,55.85311767091271,608100
1999-03-18,56.3269157409668,56.4146523698468,55.37936014906268,55.45832311505469,399800
1999-03-19,55.427154541015625,56.657306988026114,55.427154541015625,56.516718136939204,501000
1999-03-22,55.7435188293457,55.9192550173323,55.42719369096985,55.49748816616449,118500
1999-03-23,54.33761215209961,55.91923734410768,54.14430240640973,55.34809491366032,824500
1999-03-24,54.460601806640625,54.601190646412526,54.082769299753636,54.45181500415488,253600
1999-03-25,55.46236038208008,55.5238680694493,54.768202196055945,55.014232945532854,385500
1999-03-26,55.26899719238281,55.392012448454885,54.82965699212539,55.0844743082747,258900
1999-03-29,56.16521453857422,56.51668646935378,55.67315383548282,55.78738221298618,441200
1999-03-30,55.83136749267578,56.15647932730421,55.48868204536475,55.629270946825685,552000
1999-03-31,54.97025680541992,56.2179832226785,54.917535970887876,56.09496794210371,452900
1999-04-01,55.26021194458008,55.4623084423898,54.85601894896063,55.392014008369024,267500
1999-04-05,56.30581283569336,56.42882803227571,55.567721656199254,55.86647284789925,457400
1999-04-06,56.024658203125,56.41127755082536,55.778627709133865,55.980724186340865,231600
1999-04-07,56.797882080078125,56.85060288646433,55.884054769383795,56.446410037503384,313900
1999-04-08,57.395381927490234,57.43931593080277,56.49912825991461,56.806666283102324,362600
1999-04-09,57.289939880371094,57.69413270774795,56.797879047042755,57.13177746965842,402300
1999-04-12,58.21255111694336,58.27405871812353,56.58699308575324,56.58699308575324,900800
1999-04-13,58.555240631103516,58.643108639253434,57.92259097242413,58.13347419198393,1310900
1999-04-14,58.67824935913086,59.1703101504024,58.247696166768264,58.92427975476663,1553700
1999-04-15,58.959468841552734,59.13520496328613,58.20380351809915,58.66071743460597,1917400
1999-04-16,58.79375076293945,59.18043611922785,58.37191219244303,59.057399869499726,2050400
1999-04-19,58.705936431884766,60.45481088546936,58.21379085700669,59.02231573002067,5045900
1999-04-20,58.75864791870117,59.03987387344219,58.00285316533469,58.63561156350198,4491000
1999-04-21,59.90113067626953,59.91870729912055,58.58288396244318,58.78501512522988,2419100
1999-04-22,60.44601058959961,60.51631708635983,59.69021574942723,60.164784602558726,1891000
1999-04-23,60.235076904296875,60.533879445111886,59.79566140309833,60.18234704415305,942000
1999-04-26,60.32294464111328,60.37567448782754,59.84837602068494,60.37567448782754,629400
1999-04-27,60.95570755004883,61.09632048557374,60.47235058418195,60.744788146761465,2460600
1999-04-28,60.894229888916016,61.55335346254406,60.72725191693024,60.885441574600975,2919100
1999-04-29,61.18417739868164,61.48297975885906,60.81506860081542,61.20175400810385,1922000
1999-04-30,60.53387451171875,61.623624865878604,59.901116241561404,61.46543529833927,3761500
1999-05-03,61.99276351928711,61.99276351928711,60.48117359508561,60.70966974641839,1834900
1999-05-04,61.44789505004883,62.098230323747856,61.14909235672766,61.7642743723889,2046600
1999-05-05,61.518157958984375,61.720289049421034,60.60417389787946,61.50058134242466,2827000
1999-05-06,61.58851623535156,61.78185918015433,60.955757506906174,61.43032655324022,2659100
1999-05-07,62.11573028564453,62.11573028564454,61.44781920730427,61.90481099774761,1749800
1999-05-10,61.869754791259766,62.48493701219559,61.6588351726532,62.02794450521469,1598000
1999-05-11,61.99276351928711,62.43217919492708,61.69396085985193,62.221259670619894,1519200
1999-05-12,61.9576301574707,62.25643291284006,60.182390257923316,61.86974699412677,3325500
1999-05-13,62.57278060913086,62.71339359926374,62.15094163873223,62.41459099523137,1390300
1999-05-14,61.377567291259766,61.93123091373246,61.16664781603206,61.693946504101305,2026200
1999-05-17,61.16664505004883,61.272104782893734,60.56903989726099,61.25452816075292,1204800
1999-05-18,61.210533142089844,61.58843018804962,60.53383378072,61.41266412016135,1152500
1999-05-19,61.34242248535156,61.48303548818331,60.88543022614837,61.34242248535156,679000
1999-05-20,61.20187759399414,61.69402365161385,61.18430094907915,61.553410492293935,1410900
1999-05-21,61.013832092285156,61.38371964249821,60.73201300640855,61.33087856389634,747200
1999-05-24,59.95699691772461,61.26040989419689,59.833701095625884,61.26040989419689,1241800
1999-05-25,59.21726608276367,60.64397594377017,59.21726608276367,59.92181416227306,1253300
1999-05-26,60.3093376159668,60.50308840854146,59.21728769418235,59.72808523824282,1336500
1999-05-27,59.11159896850586,60.133193944719615,58.74171113229054,60.09796653174673,1617700
1999-05-28,59.261192321777344,59.710340903797054,59.04102144823826,59.16431713742015,702700
1999-06-01,59.7984504699707,59.816064151994254,58.65356113843959,59.29646053229937,1968500
1999-06-02,59.701595306396484,59.93938009372097,58.98824094442302,59.74562952627139,1111500
1999-06-03,60.168331146240234,60.203558506396114,59.71037546421382,59.92173962514909,583900
1999-06-04,60.99620056152344,61.04904162467232,60.20358461429024,60.55585836861611,632300
1999-06-07,61.418914794921875,61.5774379475328,60.9433453370891,61.084254806076586,651700
1999-06-08,60.73200225830078,61.38370877905401,60.520637981299735,61.38370877905401,574000
1999-06-09,60.3797492980957,60.89054647710526,60.15077125233279,60.89054647710526,395400
1999-06-10,59.868961334228516,60.15078051085331,59.37577777513514,60.06271201815806,750600
1999-06-11,59.164371490478516,60.3092610846676,58.81209776918958,60.09789685189423,1043900
1999-06-14,59.56951904296875,59.81611078353692,59.18201773636162,59.463836868439536,589100
1999-06-15,59.93940353393555,60.23883634618265,59.61355017943134,59.81610767006909,697300
1999-06-16,60.749515533447266,60.90803847917096,60.45008330263584,60.467696963271806,773500
1999-06-17,61.27806854248047,61.36613705145213,60.45022455814687,60.591134172501526,632500
1999-06-18,61.20295715332031,61.41454905359108,61.04426322811723,61.255855128388006,264300
1999-06-21,61.00899124145508,61.48507296501557,60.726868738604416,61.3616443700184,309700
1999-06-22,60.46238708496094,61.061897484753494,60.383040120282516,60.72687696722237,398800
1999-06-23,60.0921745300293,60.39193009546665,59.96874576779039,60.356664734826964,493800
1999-06-24,59.59840774536133,60.039224370696836,59.10469312498555,60.02159170568341,603500
1999-06-25,59.66013717651367,60.03923957027607,59.52789215543377,59.88054554498018,297600
1999-06-28,60.197933197021484,60.374259890627286,59.951075825973355,60.127402519579164,522300
1999-06-29,60.7269172668457,60.93850931307165,59.99516144031431,60.14503913972436,308300
1999-06-30,61.71434020996094,62.20805493164063,60.51531874302456,60.83270677839007,1151100
1999-07-01,62.47254180908203,62.631235818757936,61.53801041876835,61.978827112312544,1408100
1999-07-02,63.001556396484375,63.05445442872323,62.41967804185689,62.52547410633461,393900
1999-07-06,62.86045455932617,63.477597871970325,62.78110756198621,63.019148554006094,548000
1999-07-07,62.9486198425293,63.107313842132314,62.52543584358792,62.77229317630373,563100
1999-07-08,62.71937942504883,63.336522601848586,62.63121611407744,62.684114100660274,430000
1999-07-09,63.23075485229492,63.2483875223597,62.86046878093458,63.03679548158236,323300
1999-07-12,63.10728454589844,63.5304683483856,62.966223278402715,63.5304683483856,414200
1999-07-13,63.142574310302734,63.3277172955745,62.52543102606353,62.68412501343933,341900
1999-07-14,63.001556396484375,63.3718426221564,62.77233159011597,63.3718426221564,354100
1999-07-15,63.02793884277344,63.3894083479565,62.8956939018528,63.37177568916708,287100
1999-07-16,63.231773376464844,63.31996273961194,62.896653796505895,63.17885975857659,226300
1999-07-19,63.081809997558594,63.56685117606632,63.03771534496699,63.42574828777317,290700
1999-07-20,61.89130783081055,63.10832129342836,61.80311844946142,62.80847739684136,816500
1999-07-21,62.050025939941406,62.42042120564316,61.71490641383029,61.99711233055544,534900
1999-07-22,61.76787185668945,62.34992204837156,61.344562626375186,61.96188858725015,1008500
1999-07-23,61.55619430541992,62.13824428022762,61.30926401307726,62.08533064615419,541700
1999-07-26,61.20343017578125,61.653196017130654,61.150516547387205,61.36217106096339,377600
1999-07-27,61.87363815307617,62.217576563562204,61.467967207374706,61.60907014501,1080200
1999-07-28,61.76787185668945,62.22645685619656,61.69732031830374,61.87369916426801,459100
1999-07-29,60.8329963684082,61.291580858283126,60.356774013538086,61.203391533307176,1201800
1999-07-30,60.021663665771484,61.08875465953557,60.004025798105964,60.921194916713105,788700
1999-08-02,60.145206451416016,60.903635740979325,59.84536231368168,60.03937910868625,673700
1999-08-03,60.23332595825195,60.53316974779523,59.74828453399077,60.46261826790269,1141400
1999-08-04,60.198081970214844,61.018243356565556,60.109892573833044,60.480288038636594,1571300
1999-08-05,61.15047836303711,61.15047836303711,59.54543263732717,60.39205016297637,1613300
1999-08-06,60.444950103759766,61.09755096569122,60.10983074222739,60.67424229849244,800600
1999-08-09,60.46267318725586,60.70960359117114,60.25101855532848,60.49794895924376,634100
1999-08-10,60.25096130371094,60.480253603754335,59.42198144970789,60.3920642575838,2335100
1999-08-11,60.956504821777344,61.009418454435135,60.12752457680525,60.603747270725385,716300
1999-08-12,60.90358352661133,61.59146066461823,60.88594565127782,61.09760015527994,595100
1999-08-13,62.08534622192383,62.085346221923835,61.529752924767415,61.64439916068858,567200
1999-08-16,62.45573043823242,62.473368317486376,61.88249936247909,62.0853349738995,663300
1999-08-17,62.790836334228516,63.05540446485027,62.19114857148589,63.0201287141007,625600
1999-08-18,62.02363204956055,62.931983265415056,61.979537330344314,62.561587623998655,776200
1999-08-19,61.9441032409668,62.191033037485454,61.52961393966762,61.53843286097185,732600
1999-08-20,62.86907958984375,62.886754338111906,62.07371591777656,62.1444149108492,688300
1999-08-23,64.07984161376953,64.08867899366386,63.07238030581619,63.18726624444245,1016900
1999-08-24,63.8765869140625,64.33613070481115,63.22262075030481,63.78821310814931,1476300
1999-08-25,64.2654037475586,64.2654037475586,63.35515394200324,64.01795719847559,864200
1999-08-26,63.38166427612305,64.07097964332014,63.32864001710789,64.00028063129993,749500
1999-08-27,62.78074264526367,63.576106783506035,62.78074264526367,63.576106783506035,656000
1999-08-30,61.68491744995117,62.939825512686575,61.61421840416327,62.86912646689866,789600
1999-08-31,61.2253532409668,62.19746479646714,60.96023190764853,61.7379211520488,1038800
1999-09-01,61.96770477294922,61.96770477294922,61.38443772859459,61.61420959455247,1136500
1999-09-02,61.31377029418945,61.50819274251349,60.73050294921734,61.11934784586541,1048200
1999-09-03,62.957454681396484,62.95745468139648,62.21511523821325,62.44488697062711,709500
1999-09-07,62.35647201538086,62.88671412435518,62.28577306751761,62.62159306986802,423700
1999-09-08,62.39189910888672,62.92214187751748,62.00305441189082,62.07375344770826,773400
1999-09-09,62.53329086303711,62.79841222056835,62.073747176649604,62.46259183436211,554800
1999-09-10,62.39189910888672,63.275637056604666,62.356549590978005,63.240287538695945,660100
1999-09-13,62.39189910888672,62.49794766261287,62.12677772457134,62.23282627829749,518700
1999-09-14,61.843963623046875,62.144434438020234,61.64954133100528,62.144434438020234,806700
1999-09-15,61.013267517089844,62.3742239478013,60.995592758249444,62.35654918896089,1055000
1999-09-16,60.81880569458008,61.242999631421085,60.164840041950185,61.242999631421085,1439300
1999-09-17,61.37078857421875,61.51235902075674,61.06995137532552,61.33539596258425,580400
1999-09-20,61.17615509033203,61.42390347658157,61.087673523814345,61.42390347658157,341300
1999-09-21,59.93737030029297,60.76909643082553,59.76040729379668,60.64522232627812,1491900
1999-09-22,59.53923797607422,60.09667176898441,59.39766748898592,60.09667176898441,1561300
1999-09-23,58.15010070800781,60.02591040826613,58.12355623111736,60.008214090339166,2152200
1999-09-24,58.123538970947266,58.60133941308933,57.442230933078044,57.98196846957185,1745100
1999-09-27,58.380123138427734,58.964101332901244,58.29164159381053,58.73404931689653,1184200
1999-09-28,58.18552017211914,58.46866138950172,57.05295530258885,58.04394956342786,2126400
1999-09-29,57.760711669921875,58.5747413074269,57.68992648405187,58.18542278514188,1055300
1999-09-30,58.68097686767578,58.96411788995649,57.93773168418894,58.2031763925771,1157000
1999-10-01,58.09702682495117,58.415560630266164,57.63692243949618,58.07048234117492,1263800
1999-10-04,59.1234016418457,59.12340164184571,58.46863784036463,58.53942311620042,655500
1999-10-05,58.90216064453125,59.56577218852102,58.13237125350313,59.07912372292852,2400000
1999-10-06,59.95507049560547,59.972766797404645,59.03486280204836,59.14104061284341,856900
1999-10-07,59.610050201416016,60.06130633326584,59.5304167663837,60.06130633326584,529900
1999-10-08,60.362117767333984,60.362117767333984,59.441909580907314,59.68965793879142,924000
1999-10-11,60.23822784423828,60.66293920389214,60.14089815765094,60.23822784423828,209600
1999-10-12,59.017215728759766,60.185172621742716,58.99951941219941,60.185172621742716,1083900
1999-10-13,57.79613494873047,59.141054194322486,57.760742337004366,58.75173546533532,1821400
1999-10-14,58.11473083496094,58.61022793099592,57.31839621633327,57.99085656095218,1619400
1999-10-15,56.64691925048828,57.58513385057449,56.57611060142517,57.17798411846161,2300500
1999-10-18,57.28424835205078,57.42586577690134,56.39913944673479,56.770885186967504,2019900
1999-10-19,57.886070251464844,58.54105025125206,57.638239981275085,58.04538971087254,1207500
1999-10-20,58.75353240966797,58.948256379690974,58.06314742504096,58.346382290528965,1329300
1999-10-21,58.59417724609375,58.59417724609375,57.60285581836528,57.85068617529739,993200
1999-10-22,59.196067810058594,59.67402649153933,58.80661999551874,58.965939556012316,1149700
1999-10-25,58.55882263183594,59.01907939980079,58.43490734815309,58.73584446566857,619500
1999-10-26,58.16934585571289,59.01905023826743,58.16934585571289,58.87743284117501,1208500
1999-10-27,59.05448532104492,59.10759187259262,58.222482680130916,58.5234198055679,791800
1999-10-28,60.36445617675781,60.399860549882014,59.797986206770645,60.081221191764236,1030400
1999-10-29,60.93088912963867,61.17871959094459,60.541441261872244,60.860080426408416,2217100
1999-11-01,60.329105377197266,60.966384659350766,60.32910537719727,60.8955758502226,559800
1999-11-02,59.8687629699707,61.00170230470699,59.85106079286545,60.59455223128614,975300
1999-11-03,60.169715881347656,60.50605733522986,59.904183154598556,60.50605733522986,1025500
1999-11-04,60.39988708496094,60.86014413777717,60.098949781196474,60.63001561136905,578600
1999-11-05,60.9131965637207,61.37345320732917,60.576855170314516,61.161027064125264,1139100
1999-11-08,60.824676513671875,60.93088956928364,60.25820688374245,60.25820688374245,628600
1999-11-09,60.222801208496094,61.107909985810856,60.04577945303314,61.107909985810856,668000
1999-11-10,60.04579544067383,60.52375430768391,59.70945401574081,59.81566709729861,825600
1999-11-11,60.098873138427734,60.399810058413976,59.7979362184415,60.18738399724722,727400
1999-11-12,61.214111328125,61.214111328125,59.78023538319205,60.594535302536684,818200
1999-11-15,61.07256317138672,61.31154276640519,60.77162590358568,61.12566974805749,573400
1999-11-16,62.26736831665039,62.302772648315866,60.96625912794427,61.42651543959541,1382000
1999-11-17,61.86913299560547,62.15236793921911,61.7452177077745,61.99304828343644,433900
1999-11-18,62.60379409790039,62.71885833136182,62.08157949988312,62.27630358727939,645300
1999-11-19,62.42784118652344,62.68496480453354,62.18845023182437,62.36577686493479,327800
1999-11-22,63.057373046875,63.11057105563221,62.28600191989551,62.41899694178853,324000
1999-11-23,62.472206115722656,63.1105823349012,62.31261206092802,63.1105823349012,362000
1999-11-24,62.49876403808594,62.70268964070702,62.14411081613624,62.188442468879956,251600
1999-11-26,62.09980392456055,62.79137798311504,62.082071256392474,62.79137798311504,165100
1999-11-29,62.161861419677734,62.339188081836284,61.82494076157651,62.170727752785666,390700
1999-11-30,61.67414474487305,62.70263824550636,61.39928872315208,62.16179252534574,620000
1999-12-01,62.472206115722656,62.489938788477616,61.65650316899452,61.67423584174948,435500
1999-12-02,62.7647705078125,62.880032835344856,62.498780521199365,62.507646854086474,266100
1999-12-03,64.09477996826172,64.33417117854573,63.420938043017856,63.44753706638275,862700
1999-12-06,63.695762634277344,64.19227748777395,63.5716339209032,64.09474778440854,304000
1999-12-07,63.10163116455078,64.01486258368085,63.10163116455078,63.899600365732404,505300
1999-12-08,62.684940338134766,63.48290987567821,62.68494033813477,62.99526182495722,454800
1999-12-09,63.19915771484375,63.6424739165472,62.68491092086775,63.25235565904817,832800
1999-12-10,63.8198356628418,64.10355818871162,63.092796690300396,63.64250908417316,472000
1999-12-13,63.67796325683594,63.92622042352925,63.34104281632358,63.394240780615,570900
1999-12-14,63.44748306274414,63.89079974149445,63.252423724094,63.30562172554404,536300
1999-12-15,63.70454788208008,64.06806722281289,63.18143468444017,63.19916733520762,465700
1999-12-16,63.78439712524414,63.970590111014246,63.199219169966675,63.970590111014246,623500
1999-12-17,64.07649230957031,64.74210684187194,64.07649230957031,64.21849007646132,472700
1999-12-20,63.295562744140625,64.36054697427198,63.11806537245206,64.32504749993427,521700
1999-12-21,63.65047073364258,63.98771528019562,63.011481066489445,63.08247991839535,773700
1999-12-22,63.721492767333984,64.03211285742545,63.5617452924298,63.79249164506917,407800
1999-12-23,65.02611541748047,65.02611541748047,64.1830035074681,64.1830035074681,524600
1999-12-27,64.82198333740234,65.26572637777339,64.7154850077133,65.07047944001013,450400
1999-12-28,65.35446166992188,65.48758455490949,64.66222266798626,64.66222266798626,769600
1999-12-29,65.24800872802734,65.64737766066625,65.1415103459903,65.59412846964773,273900
1999-12-30,65.00836181640625,65.72722561260133,64.96398750799915,65.5852278256986,494700
1999-12-31,65.42548370361328,65.65623011927985,64.97286573442116,65.12373839081853,549000
2000-01-03,64.4669189453125,65.90464483588804,64.18292370766795,65.90464483588804,1278800
2000-01-04,62.345855712890625,64.16520096856928,62.345855712890625,63.774707352716305,1535700
2000-01-05,63.153465270996094,63.82795421992747,61.92873533741016,62.47897632206471,2007000
2000-01-06,63.47297668457031,64.28058866419781,63.1534818354869,63.27772983235267,2639500
2000-01-07,65.60296630859375,65.63846574923693,64.30723672511773,64.3604858860825,3767400
2000-01-10,65.88694763183594,66.34844026072273,65.56745273491433,66.34844026072273,762900
2000-01-11,65.39888000488281,66.31299109736523,65.32788108507836,65.40775486985837,1658700
2000-01-12,65.56741333007812,65.99340626995952,65.4076659776226,65.6029127417349,813300
2000-01-13,65.81592559814453,66.24191864408722,65.44318168294468,65.89579929425878,1192200
2000-01-14,66.7389907836914,66.7389907836914,65.95800259366949,66.7212410521,1935500
2000-01-18,65.72722625732422,66.38396602819135,65.60297819256557,66.13546989867406,656500
2000-01-19,65.63851928710938,65.77164229810269,65.08827750833696,65.6740187567076,1003400
2000-01-20,64.60010528564453,65.86921025278934,63.987739951847374,65.85146053296914,887000
2000-01-21,64.1187515258789,64.90025431455997,63.83456869363124,64.90025431455997,783200
2000-01-24,62.52027893066406,64.5806063045155,61.98743564432318,64.36746898997914,2066100
2000-01-25,62.715599060058594,63.01754332061397,61.8097662783925,62.85769047679054,1728200
2000-01-26,62.78661346435547,63.30169459320026,62.591237863759176,62.64452211846726,1001400
2000-01-27,62.78661346435547,63.43490522997046,62.058395316678364,63.15960324731204,853900
2000-01-28,61.046058654785156,62.55578079201435,60.89508644106224,62.4314507336543,1253300
2000-01-31,62.23611831665039,62.30716411381552,60.81520237334787,60.895128895158635,996600
2000-02-01,62.680030822753906,62.92869062199408,61.96957425349628,62.27151829543077,786500
2000-02-02,62.3426628112793,63.19521204630534,62.32490136888292,62.733414543999565,618100
2000-02-03,62.804447174072266,62.89325436747452,61.50786215039939,62.87549292879407,863300
2000-02-04,62.37809371948242,63.07078895156096,62.14719530878958,62.768844876039545,474000
2000-02-07,61.809757232666016,62.21826999598536,61.596620138760265,62.0406557510639,718900
2000-02-08,62.1295166015625,62.715644116671584,62.02294796245176,62.46698395874652,993100
2000-02-09,60.761871337890625,62.16502475376124,60.6908255953149,62.05845613989764,819900
2000-02-10,60.81517791748047,61.15264531830761,60.25569248979337,60.96615017574524,1263500
2000-02-11,59.39424133300781,60.56649609615928,58.8969211304587,60.56649609615928,2148400
2000-02-14,59.96259307861328,60.015877373410625,59.42975013063982,59.67841017302743,1300800
2000-02-15,61.06378936767578,61.312449359283534,59.687278699847134,60.015865117328815,1360000
2000-02-16,60.140193939208984,61.20587959672598,60.10467108395842,60.74408247846861,725800
2000-02-17,59.554100036621094,60.73523563233696,59.48305428650285,60.69083203851306,1164100
2000-02-18,58.18706130981445,59.75199449907596,58.04479465624522,59.75199449907596,1526700
2000-02-22,58.50714874267578,58.88059862826733,57.475715725327696,58.542715398446404,1518800
2000-02-23,58.18706130981445,58.898394577660596,57.83139467589138,58.596077938825985,1558900
2000-02-24,58.044761657714844,58.435994732613665,56.65766257398269,58.36486144626842,4518700
2000-02-25,56.0886344909668,57.7424845251012,55.875234486562356,57.24455118149084,3316900
2000-02-28,56.98664093017578,57.83134851144692,55.910750221398864,56.44424974641221,3068300
2000-02-29,57.79581069946289,58.115910574106074,57.15561095017654,57.582410783034106,1205000
2000-03-01,57.83140182495117,58.4893851790481,57.29790180811583,57.92031849442373,1136200
2000-03-02,57.866966247558594,58.18706624524023,57.47573291705881,57.74248291512684,576000
2000-03-03,59.11177062988281,59.4941121065803,58.613837543951185,58.80945411342432,1678200
2000-03-06,57.88473892211914,59.17403034204345,57.55574731841431,59.07622202742851,1220500
2000-03-07,55.76850891113281,57.778024697790336,55.50175902794818,57.742458046699056,3745500
2000-03-08,56.03525924682617,56.550975691814415,55.28835956787768,56.19530917802942,2618900
2000-03-09,57.09333419799805,57.155575802013935,55.37724425870299,56.24862671492535,1715100
2000-03-10,56.65769958496094,57.51129957870799,56.319816254102726,56.85331625019464,1352600
2000-03-13,56.693233489990234,57.013333302668975,55.110517749523126,55.110517749523126,1506500
2000-03-14,56.03525924682617,57.29787537076291,55.768509361487425,57.08447546249191,854300
2000-03-15,57.83140182495117,58.035910164738056,55.57291842034822,56.12420177107808,2040200
2000-03-16,60.76559066772461,60.81894061563307,58.27592643199694,58.364843011844364,4857700
2000-03-17,60.481685638427734,61.38997950402249,60.22344522566059,60.41044690387128,3710500
2000-03-20,60.87342834472656,61.17619261677464,60.34804328440782,60.570664072678476,1812000
2000-03-21,62.191341400146484,62.226960725117934,60.37475582660269,60.73094907631716,2310300
2000-03-22,61.8797721862793,62.2626805477716,61.4434347510904,62.209251474075,2434800
2000-03-23,63.331268310546875,63.544984626555475,61.692776554480986,61.76401532648385,1894400
2000-03-24,63.331268310546875,64.09708510957768,62.85040659952754,62.992884143533274,1903400
2000-03-27,62.5832405090332,63.77648954548887,62.512001760588085,63.455915177485856,1431300
2000-03-28,62.333900451660156,63.25109927259172,62.1914229649135,62.1914229649135,1575100
2000-03-29,63.11750030517578,63.384645481411006,62.08453895706625,62.60101963112102,1426600
2000-03-30,62.72568130493164,63.54492643270758,62.048913590681956,62.61882324478695,3573300
2000-03-31,62.369483947753906,63.40244513249684,62.15576784056572,63.144204836311104,1103400
2000-04-03,64.22166442871094,64.22166442871094,62.191362225473824,62.298220236170515,1411100
2000-04-04,63.65180969238281,65.16563281041654,60.60635377257378,64.15048083714686,6635600
2000-04-05,62.90384292602539,64.00804401929085,62.62779265270903,62.86822353592006,3400700
2000-04-06,63.50041198730469,63.95455881262407,62.903787726590984,63.473697468168254,2279700
2000-04-07,63.206565856933594,63.820999929084685,63.01065934117528,63.812095087459305,1027100
2000-04-10,63.86549377441406,64.39087918053374,63.20653580741648,63.38463255525366,1833500
2000-04-11,64.5422592163086,64.81830916604721,63.1709143047038,63.972349642654656,3624800
2000-04-12,62.98393249511719,65.27247634514477,62.97502765523381,64.89847307004298,3620700
2000-04-13,62.13796615600586,63.58055006504468,61.977679055001545,63.46478715876379,4333100
2000-04-14,58.42463684082031,61.69271209163285,57.854727260297146,61.22966055745778,4518600
2000-04-17,60.41042709350586,60.42823677130465,58.2732657576507,58.629459313626555,5978400
2000-04-18,61.01596450805664,61.425587153615695,60.34810149899298,60.67758058346439,1576900
2000-04-19,60.87342834472656,61.58581486719264,60.59737856727095,61.2296216059596,1536500
2000-04-20,62.021575927734375,62.02157592773438,60.91691126024816,61.04163146464177,1886300
2000-04-24,62.07508087158203,62.288887120278645,60.86351212896792,61.00604962809899,1714200
2000-04-25,63.44700622558594,63.64299529283712,62.021631191031915,62.556146828989675,2798800
2000-04-26,62.14634704589844,63.60735635144995,62.11071267259231,63.60735635144995,2051700
2000-04-27,61.78998947143555,62.4314080472636,61.059484982298045,61.059484982298045,1656700
2000-04-28,61.32672882080078,62.43139389543462,61.00601960558451,62.36012518094211,1166000
2000-05-01,61.647457122802734,62.34232730424473,61.09512441447705,61.55837120210504,1385800
2000-05-02,61.04169464111328,61.70983928473317,60.89915711714104,61.29113530806471,705000
2000-05-03,59.75886154174805,60.8457102459957,59.15307701806903,60.72989849882177,2333500
2000-05-04,59.47373580932617,60.026068286884325,59.17084380550396,60.026068286884325,1154900
2000-05-05,60.34684371948242,60.373569513866606,58.90365082273661,58.90365082273661,1352100
2000-05-08,60.40024948120117,60.64969003953061,59.86573399906664,60.01718005233809,665500
2000-05-09,60.07954788208008,60.970407133000606,59.865741661859154,60.471525952485116,1194600
2000-05-10,58.903594970703125,59.919174194335945,58.511617024739586,59.59846496582032,1832600
2000-05-11,60.293338775634766,60.38242467808103,59.22430794627954,59.29557666823655,1342700
2000-05-12,60.57841873168945,60.8813108253479,60.29334382001091,60.435881275850186,999400
2000-05-15,61.6920051574707,61.71873093587827,60.471527943525075,60.70315135639066,721400
2000-05-16,62.32453536987305,62.59179324024129,61.68311648098928,62.07509469086269,1155300
2000-05-17,61.433658599853516,61.96817419091953,61.32675548164031,61.75436795449313,896000
2000-05-18,61.25543212890625,62.03938763026514,61.23761495842082,61.58504978288669,931300
2000-05-19,60.85231018066406,61.11998896444997,60.254494230208856,60.85231018066406,1394200
2000-05-22,60.26345443725586,60.72743128515893,59.174893371021746,60.60251444149272,1233400
2000-05-23,59.638851165771484,60.35266147296204,59.39794018709466,60.29912569992275,715700
2000-05-24,60.209877014160156,60.35263902249248,59.08562619854305,59.808358865725474,1256700
2000-05-25,59.103477478027344,60.424026189794866,58.56811989217565,60.370490431209696,1199600
2000-05-26,58.88930130004883,59.38004547754924,58.55024168650309,59.085598971048995,918800
2000-05-30,60.209877014160156,60.245567516243234,59.12131670062614,59.46037647041542,822500
2000-05-31,60.138511657714844,60.58464304983439,59.96005910086703,59.97790435655181,476100
2000-06-01,60.81666946411133,61.102193733895895,60.156394590234534,60.522222560896004,791900
2000-06-02,61.39659881591797,62.22640315974595,61.39659881591796,62.101486376804104,751000
2000-06-05,61.81596374511719,62.09256519951942,61.31629660168091,61.31629660168091,750600
2000-06-06,61.46792221069336,61.6642198284369,61.13778530812468,61.387618639798276,392700
2000-06-07,61.8694953918457,62.065793185128165,61.11999472658538,61.316292519867844,895300
2000-06-08,60.9771842956543,61.51254148876803,60.74519617863834,61.51254148876803,847900
2000-06-09,60.682777404785156,61.51258159514614,60.46863438791781,61.51258159514614,818500
2000-06-12,60.370567321777344,60.923770865074744,60.334876770596864,60.89700295168938,429700
2000-06-13,60.81666946411133,60.93266369871131,59.88871558731151,60.06716825592686,954000
2000-06-14,61.24489974975586,61.37873912857962,60.76307798599029,61.05752461940258,614900
2000-06-15,61.01293182373047,61.53044426096012,60.896937656765196,61.173539131836215,647700
2000-06-16,59.71583938598633,61.22458162791063,59.71583938598633,61.16208934570075,3000700
2000-06-19,60.33190155029297,60.59972591349344,59.60877576965169,59.858745175305465,930300
2000-06-20,59.84977722167969,60.242586022060635,59.45696842129873,60.224731076588775,1360800
2000-06-21,59.95693588256836,60.13548542361234,59.50163455290621,59.5998368004804,599800
2000-06-22,59.421302795410156,60.01051643490791,59.06420361995697,59.76054701209068,888200
2000-06-23,59.67122268676758,59.983684205923296,59.2962688637807,59.54623807910529,726800
2000-06-26,60.54610061645508,60.54610061645508,59.83190302734915,59.95688760544269,1014800
2000-06-27,60.206905364990234,60.70684408095101,60.04621077771713,60.36759995226334,415600
2000-06-28,60.206905364990234,60.822901282870475,60.0372833006464,60.421164814687714,516900
2000-06-29,59.5640869140625,60.171154946160264,59.206988071652056,59.769418748448516,444300
2000-06-30,59.635536193847656,59.70695599767262,59.04632281229168,59.162379993507244,655200
2000-07-03,60.54610061645508,60.54610061645508,59.61764375061737,59.8497579670768,267700
2000-07-05,59.992671966552734,60.49261089960734,59.787339904762455,60.19800402834302,785200
2000-07-06,60.04619598388672,60.25152790592499,59.456982642385604,60.18903558182639,330700
2000-07-07,60.751548767089844,60.99259091502687,60.08198724504257,60.31410190601896,634500
2000-07-10,60.84969711303711,61.26036114871782,60.59972770001407,60.59972770001407,387500
2000-07-11,61.27815246582031,61.84058306100486,60.72464934040061,60.831778977578615,1001400
2000-07-12,61.59954071044922,62.045914193858266,61.44777372609013,61.795945043149196,977100
2000-07-13,61.706687927246094,62.09949670456074,61.49242859416538,62.010221982443774,1176200
2000-07-14,61.84950256347656,61.95663218685441,61.492403818883744,61.81379268901728,551300
2000-07-17,61.706687927246094,62.09949670456074,61.45671870531859,61.63526814955252,690600
2000-07-18,61.492496490478516,61.706756060131745,61.153252171860885,61.45678656220297,347600
2000-07-19,61.24245071411133,61.79595391298522,61.09961117891806,61.45671001690122,764300
2000-07-20,62.3316535949707,62.33165359497071,61.59960037314493,61.59960037314493,657900
2000-07-21,61.221832275390625,61.99068122043788,61.221832275390625,61.80293903618215,471000
2000-07-24,61.114471435546875,61.65087697769621,61.042950696593635,61.436314760836474,414300
2000-07-25,61.096561431884766,61.50780548015324,61.042920903849755,61.418404600094874,275600
2000-07-26,60.363460540771484,61.078667419216636,60.30087993890753,60.95350621548874,406500
2000-07-27,60.667449951171875,60.92671255780081,60.1668049176815,60.40818734454293,804400
2000-07-28,60.07747268676758,60.93572229657854,59.80926968370164,60.80162079504557,523100
2000-07-31,60.07747268676758,60.64963909330822,60.00595188594999,60.3277954896291,352300
2000-08-01,60.64957809448242,60.82837991669493,60.10423253673427,60.38137536116366,385600
2000-08-02,61.221832275390625,61.364873939585465,60.57814478651385,60.59602499453821,724600
2000-08-03,61.1859245300293,61.498827417018056,60.676339828361904,60.70316007581808,658400
2000-08-04,61.50783920288086,61.641940596491786,61.016134092974106,61.29327697310337,880100
2000-08-07,62.15159606933594,62.384038747385816,61.42744772618056,61.66883050723235,1176900
2000-08-08,62.74161911010742,62.92042110244172,61.99065074230334,62.11581213693735,807200
2000-08-09,62.43761444091797,62.82203847026497,62.31245312903755,62.598536127621365,1227000
2000-08-10,62.49122619628906,62.70578834631923,62.27666404625888,62.375005031689376,429800
2000-08-11,63.13493728637695,63.38525989244018,62.455490212776745,62.49125058507149,1093800
2000-08-14,63.92161560058594,64.06465697815369,62.9918466463956,63.09912767957141,1212700
2000-08-15,63.47469711303711,63.79654064769476,63.29589514933841,63.787600549509825,1258400
2000-08-16,63.546180725097656,63.68922221237982,62.804153009821476,63.52830053918739,1050000
2000-08-17,63.421043395996094,63.573025033680324,62.94721829027467,62.94721829027467,590600
2000-08-18,63.25822448730469,63.54462278719061,62.98972608116162,63.54462278719061,349000
2000-08-21,63.65196228027344,63.65196228027343,63.13286584997874,63.54456301883315,755100
2000-08-22,63.89363098144531,64.15317927931083,63.580383035745555,63.62513274227409,1054000
2000-08-23,63.866844177246094,64.08164298053279,63.38354686985102,63.687845174507174,602900
2000-08-24,64.17108917236328,64.22478882857448,63.669892381058915,63.81309146428874,408400
2000-08-25,64.2874526977539,64.29640264244244,63.884705186769786,64.08160396991758,134900
2000-08-28,64.5469970703125,64.91394477966952,64.1979492492168,64.28744869052339,531700
2000-08-29,64.45751953125,64.51121921428076,64.15322132740906,64.40381984821924,327200
2000-08-30,63.669898986816406,64.29639504094588,63.544599775990505,63.974197070250725,357300
2000-08-31,64.42168426513672,64.86023143504387,63.83098807709851,63.86678784607052,889600
2000-09-01,64.45751953125,64.86921710115246,64.3411702180167,64.6902181577166,302000
2000-09-05,64.64549255371094,64.79764171242796,64.04584586935559,64.11744547345772,375700
2000-09-06,64.83338928222656,65.35248599376288,64.74388984920306,64.74388984920306,715300
2000-09-07,64.60069274902344,64.86919105637598,64.30534461093563,64.60069274902344,650300
2000-09-08,64.2069091796875,64.60070678268531,64.0905598878927,64.30535858043694,419300
2000-09-11,64.22488403320312,64.72608156746446,63.8131860586313,64.1353844735136,765600
2000-09-12,64.67232513427734,64.76182461550385,63.66993094454041,64.11742835067297,617600
2000-09-13,64.18895721435547,64.4395554856887,63.91150912823653,64.26055672045068,353400
2000-09-14,63.670570373535156,64.50397826160537,63.5003042458649,64.34267350907565,663000
2000-09-15,62.514556884765625,63.661612974394345,62.49663413336517,63.5361537145912,460400
2000-09-18,62.08440399169922,62.78339121908845,61.86036962394627,62.765468469668214,1033800
2000-09-19,61.923095703125,62.19193692904305,61.70802272239055,62.19193692904305,714100
2000-09-20,61.33171463012695,62.15616199219178,60.52519003680266,61.9410887673053,3727200
2000-09-21,60.93743133544922,61.941106675091916,60.937431335449226,61.116659074671134,1943500
2000-09-22,62.371192932128906,62.44288395848767,60.79399035223599,60.90152689177414,1539300
2000-09-25,61.994815826416016,62.49665301726298,61.81558825825639,62.29950269228739,552100
2000-09-26,60.88364791870117,61.887323009501074,60.88364791870117,61.79770916210823,711500
2000-09-27,61.089752197265625,61.31378678798466,60.66856716671385,61.29586402072714,612500
2000-09-28,62.1381721496582,62.29947689420592,60.98215481373292,61.0180003125213,1042400
2000-09-29,61.152469635009766,62.012762291070864,61.152469635009766,61.905225709063224,780400
2000-10-02,61.42127990722656,61.57362332106124,60.99113379757572,61.35855026623582,481400
2000-10-03,61.38545227050781,62.389126818580344,61.3675295107208,61.600525387951926,2242400
2000-10-04,61.878318786621094,62.299503577782744,61.457133995459444,61.690129837378656,1312100
2000-10-05,61.63638687133789,62.263683626352964,61.47508199147688,61.91418971998743,652100
2000-10-06,60.90152359008789,61.92312066031597,60.345918165928765,61.51089728110114,1306700
2000-10-09,60.67750930786133,61.09869420484397,60.552049976845225,60.8119300196643,555100
2000-10-10,60.16670227050781,61.0180333273589,60.14877951141621,60.793998838713875,565500
2000-10-11,59.879913330078125,60.68643715523631,59.395999034983205,60.09498635012031,1241600
2000-10-12,57.567928314208984,59.87100390212177,57.5051986289351,59.87100390212177,2638900
2000-10-13,58.42819595336914,58.643269067307926,57.39763728241248,57.39763728241248,1456700
2000-10-16,58.903167724609375,59.037588463369325,58.50886689091353,58.63432624708948,566400
2000-10-17,57.693382263183594,59.16304903720691,57.5679229044255,59.05551244398569,906200
2000-10-18,57.22734832763672,57.818799155952405,55.488841347436036,56.779279518306645,3011000
2000-10-19,58.410282135009766,58.428204897248186,57.64856473987693,58.06974965247979,1539600
2000-10-20,58.791778564453125,58.9712406479832,57.894468146802744,57.930360563508756,1682500
2000-10-23,59.231449127197266,59.50064220003713,58.73792849365752,58.93533674707342,866900
2000-10-24,59.401851654052734,59.93126392710244,59.06087425785122,59.29417458156804,1545400
2000-10-25,59.08784484863281,60.119751022906584,58.98914077978923,59.473688026839525,1586400
2000-10-26,59.54547882080078,60.13770329370205,58.87249646523115,59.204501093978834,2003600
2000-10-27,60.981163024902344,61.10678637427678,59.58135998901583,59.904391458835796,1576000
2000-10-30,62.129722595214844,62.41686169444172,60.765811873887195,60.765811873887195,4240300
2000-10-31,62.82966232299805,63.125774698984756,61.93235209273529,62.55149615161659,4993400
2000-11-01,62.686100006103516,63.12578207027458,62.27333725198373,62.68610000610351,3410300
2000-11-02,62.389892578125,62.95519722826479,62.38091948844025,62.72189689646107,1556300
2000-11-03,62.14766311645508,62.59631791804658,61.779766179150045,62.59631791804658,1663700
2000-11-06,63.18854904174805,63.24238762372056,62.147669790279316,62.29123934220603,2280300
2000-11-07,63.02701187133789,63.20647375024261,62.793711428761746,63.098796622899776,1136900
2000-11-08,62.46171188354492,63.29620968632752,62.46171188354492,63.224424929098916,1464300
2000-11-09,62.14766311645508,62.57837172598292,61.017053016444486,61.986147387882134,3839200
2000-11-10,60.945289611816406,61.93233052131284,60.87350481839848,61.788760934477,1602200
2000-11-13,60.550453186035156,61.00808109245006,59.58135879598006,60.29920649231717,3009800
2000-11-14,61.6272087097168,61.98613246457828,60.87346882450768,60.945253575479974,1831200
2000-11-15,61.6272087097168,62.16559434200902,61.1695809222684,61.37596208131376,626600
2000-11-16,61.23244094848633,61.950289025256396,61.12476373697082,61.322171958082585,908100
2000-11-17,61.0860481262207,62.13724207103139,60.68174276283198,61.21183201705276,1289700
2000-11-20,60.196537017822266,60.951239869986004,60.08872232465602,60.84342517681976,1087400
2000-11-21,60.591915130615234,60.87942125223144,59.909088091776745,60.35831640680207,814700
2000-11-22,59.7293586730957,60.44812351874065,59.657482188531205,60.16061758048267,1096100
2000-11-24,60.41218566894531,60.520000396492506,60.12467972881945,60.36726286580064,535800
2000-11-27,60.87935256958008,61.22076570382506,60.645754109307184,61.05904369286691,777600
2000-11-28,60.5379638671875,61.166883052510016,60.340303551800424,60.663747704252,1055900
2000-11-29,60.93328857421875,61.346578352221414,60.41218407151974,60.6817208832606,1399600
2000-11-30,60.03481674194336,60.915303428670455,59.15433005521626,60.51998287544605,1858100
2000-12-01,59.693389892578125,60.59184548999803,59.45979143724895,60.34027792272045,2277400
2000-12-04,60.93328857421875,61.07704154048054,59.280129462208095,59.29809858299082,1971400
2000-12-05,62.64036560058594,62.88294877201678,61.31065043866874,61.526279924385044,2005200
2000-12-06,61.36454391479492,62.59542861703898,61.103991678553484,62.3977682998903,1846600
2000-12-07,60.94221115112305,61.59808339261383,60.82541198483017,61.31057775250828,895600
2000-12-08,60.106712341308594,62.37082168510676,59.99889761065153,61.903624518926186,1716200
2000-12-11,61.86763381958008,62.2090468438531,61.310591516818825,61.310591516818825,1062600
2000-12-12,62.17310333251953,62.48756267018401,61.544184657190584,61.544184657190584,679100
2000-12-13,62.1371955871582,62.927836595207644,62.002427233513416,62.631346217189105,813200
2000-12-14,61.33757019042969,61.90359727729026,61.11295626707233,61.705937024735775,1241700
2000-12-15,59.73310470581055,61.16324529430985,59.733104705810554,60.87541825763075,2231500
2000-12-18,61.388126373291016,61.47807234599914,60.67755318889688,60.69554238343851,2611500
2000-12-19,60.79443359375,62.11663831904683,60.767449823845986,61.325114401862336,1554800
2000-12-20,59.265323638916016,60.38964682223131,59.265323638916016,59.92192837797215,2413500
2000-12-21,60.407684326171875,60.587576179436226,59.16643053864779,59.202408909300665,2508500
2000-12-22,61.576934814453125,61.57693481445312,60.56954119785675,60.73144374338116,1895200
2000-12-26,61.88278579711914,61.91876416095467,61.00131588314855,61.56797511355821,933900
2000-12-27,62.422481536865234,62.422481536865234,61.199216768995825,61.594978899777104,1769600
2000-12-28,62.602317810058594,62.74623118433459,62.00867514117011,62.134599343661606,1100100
2000-12-29,61.469078063964844,62.836256856139656,61.469078063964844,62.836256856139656,1552800
2001-01-02,61.25320816040039,62.02674353511323,60.78548909662054,61.702938029419485,1468300
2001-01-03,63.05208206176758,64.76105432877696,60.80343434201838,61.25316388596821,4409300
2001-01-04,62.881160736083984,63.55575479347295,62.60232852569654,62.82719321149286,1516600
2001-01-05,61.18120574951172,62.40447008087508,61.16321656816813,62.278545811470025,1633900
2001-01-08,61.19919204711914,61.66691074001306,60.51560318827419,61.01930024215994,1450200
2001-01-09,60.695526123046875,61.57699641943967,60.53362341554615,61.559007229717366,1313100
2001-01-10,61.36113739013672,61.36113739013672,60.209829036877046,60.51564531821165,1700300
2001-01-11,60.983314514160156,61.32510890229261,60.58755259105941,61.23516301067881,1605100
2001-01-12,60.64154052734375,61.16322687421202,60.227789286724075,60.749475633592354,1645800
2001-01-16,61.2711181640625,61.468999050675734,60.33568124552719,60.587529646671314,1052400
2001-01-17,61.001338958740234,61.81085245126259,60.704517344815365,61.72990110201035,2434700
2001-01-18,61.43306350708008,61.87379851613527,60.78545288152961,61.199204114520185,1189400
2001-01-19,60.83525848388672,61.73572116126811,60.83525848388672,61.73572116126811,1057700
2001-01-22,61.15945053100586,61.33954314152119,60.54713565525374,60.943339398387465,851400
2001-01-23,61.37554168701172,61.6186666320747,60.81725477612634,60.87128254169589,1362700
2001-01-24,61.2855110168457,61.64569621236051,61.21347397774274,61.393566575500145,634400
2001-01-25,61.84383010864258,62.20401549075464,61.33957057368567,61.4836447265305,1228900
2001-01-26,61.44760513305664,62.00589228403107,61.19547545197142,61.735753340011186,1536000
2001-01-29,61.72132873535156,61.87116699446276,61.17384904557169,61.43894479828132,613500
2001-01-30,62.660682678222656,62.845097271393264,61.54843092656499,61.80199824418039,1213200
2001-01-31,62.626094818115234,63.10442162631145,62.412868079533716,62.81627358235569,1740200
2001-02-01,63.404151916503906,63.5367020731053,62.47055421019436,62.654968951904394,1743700
2001-02-02,62.60304260253906,63.61732495088487,62.52812569376889,63.27731236863152,1936700
2001-02-05,63.27731704711914,63.32918158853541,62.67220434985261,62.74136146853154,1516200
2001-02-06,63.15057373046875,63.669241477939465,62.989211408320855,62.989211408320855,1184400
2001-02-07,63.17363739013672,63.530938482414605,62.87972488133209,63.09871601520545,1712100
2001-02-08,62.660682678222656,63.323419737035636,62.649154292954705,63.306131555924445,1213800
2001-02-09,62.25152587890625,62.81629820098984,62.04982304844495,62.52815004410457,1531700
2001-02-12,63.17938232421875,63.213963103278566,62.2573088238337,62.286125406917996,1267200
2001-02-13,62.977691650390625,63.62314542427186,62.839381697699686,63.219735166798294,2354500
2001-02-14,62.4013786315918,63.0237798501199,62.24578052535625,63.0237798501199,1814400
2001-02-15,63.01224899291992,63.06411795749713,62.41866437871441,62.643419632699164,925400
2001-02-16,62.42066955566406,62.64576454119054,61.878130665708554,62.207115983281,1561500
2001-02-20,62.016666412353516,62.9689939797484,61.93586328818086,62.56497835888512,1179800
2001-02-21,60.77576446533203,62.03975881497798,60.660328275871876,61.84352389805628,1815400
2001-02-22,60.977745056152344,61.093176790613164,59.90998610035531,60.94888492081793,2671700
2001-02-23,60.34291076660156,60.718066410308,59.4482986852047,60.6603504961564,2489200
2001-02-26,61.583778381347656,61.583778381347656,60.17549249519662,60.54487939026304,1267800
2001-02-27,61.52607727050781,61.87237701731244,60.94890955802005,61.34138377864934,2046300
2001-02-28,60.6025276184082,61.814577290089524,60.181193822216784,61.61256974538168,2859200
2001-03-01,60.41789245605469,60.660301742729324,59.511739681490376,60.28514199710138,2547100
2001-03-02,60.48712921142578,61.173955240615214,59.45399931149057,59.748351436813195,2799900
2001-03-05,60.931549072265625,61.11624242420894,60.53907514895647,60.74685572032231,1067900
2001-03-06,61.266326904296875,61.83772145808285,61.07008767764579,61.46833463508603,1794900
2001-03-07,62.016666412353516,62.10324244637851,61.35292709285528,61.64151093731191,2587600
2001-03-08,62.68616485595703,62.78428227777667,61.762697702339544,61.762697702339544,2447400
2001-03-09,61.266326904296875,62.33408582712949,61.03545903906429,62.33408582712949,3106100
2001-03-12,58.813358306884766,62.241729631601174,58.52477460999469,60.86229991274163,4689200
2001-03-13,59.367469787597656,59.59256483761465,58.35165340582861,59.188549210261094,6299600
2001-03-14,57.826351165771484,59.044173635888086,57.21455127811306,57.860979769502286,9402900
2001-03-15,57.94756317138672,58.47855571324217,57.65897969384339,58.43238130001099,3576900
2001-03-16,56.86723709106445,58.15626060349605,56.73429114744743,57.601346016506525,4029600
2001-03-19,57.65920639038086,57.8037156795798,56.59562013871188,57.173657295507674,4135000
2001-03-20,56.04642105102539,58.208276424189584,56.04063945094416,57.832556210215344,4743300
2001-03-21,54.79790496826172,56.25455615098055,54.624492118143586,56.046462494867576,7788600
2001-03-22,54.01752471923828,54.936605312189855,52.60133665037158,54.62446498307818,12445300
2001-03-23,55.08692932128906,55.19675335534515,53.93085529070648,54.61871634005386,6343300
2001-03-26,56.1851806640625,56.329689878126516,55.37015098997846,55.49153820058369,5740500
2001-03-27,57.335514068603516,57.57250703889485,55.72278967293541,55.89619819532745,7042500
2001-03-28,56.45109939575195,57.06959885162881,56.06959283283799,56.878845570171826,5380800
2001-03-29,56.728572845458984,57.20834480009195,55.95400508165793,56.098514387746846,5104700
2001-03-30,57.30657958984375,57.39328600939488,56.38750300878818,56.83258949437882,5053600
2001-04-02,56.29500198364258,57.78633794326127,56.081126786154876,56.87882036970801,8406800
2001-04-03,54.50888442993164,56.18518800400695,54.47998081931443,56.09848599229891,6530700
2001-04-04,55.092708587646484,55.867280510497984,54.19675382630103,54.62449999887933,5376800
2001-04-05,57.4510498046875,57.50885257511112,56.12734563466369,56.2082703952705,5670100
2001-04-06,56.763214111328125,57.11003973230968,56.09847529461239,56.9366269218189,5727900
2001-04-09,57.12159729003906,57.508880893659246,56.47997607923146,57.47998169925123,3701300
2001-04-10,58.3643913269043,58.83838144771307,56.82103373464461,56.82103373464461,8755900
2001-04-11,57.9077262878418,59.248771475568915,57.57246388839232,59.242989872800266,4623500
2001-04-12,58.786354064941406,58.803698877315874,57.225656116696584,57.514674581932425,3777300
2001-04-16,58.37018585205078,58.942441322246246,58.09272611524738,58.38174465313418,2164100
2001-04-17,59.10430908203125,59.21991476852875,58.2141311837629,58.248812007697296,3424200
2001-04-18,61.5146484375,62.11002537688799,59.60134887304564,59.682273637036104,8816500
2001-04-19,61.95400619506836,61.982909809264626,61.09850948968388,61.50313803806976,3677200
2001-04-20,61.29158401489258,61.7081013964939,60.89242520216589,61.32051054944748,2753000
2001-04-23,60.82887268066406,61.233818231054734,60.62639990546872,60.94457014832554,2296500
2001-04-24,60.626346588134766,61.59821946794238,60.42386957743066,61.09492665772307,2812900
2001-04-25,61.58662414550781,61.6386910302764,60.42384707280212,60.79986999232654,2232600
2001-04-26,61.910614013671875,62.35605821846101,61.488314582379296,61.72549554785066,2626400
2001-04-27,62.610557556152344,62.64526586696311,61.95685494541937,62.27502917308317,3045100
2001-04-30,62.02634048461914,63.12548374356088,61.956919377233916,62.76102844675609,3978100
2001-05-01,63.05604553222656,63.11389423256907,62.07260438568523,62.159375229412525,3892600
2001-05-02,62.87675476074219,63.33954908268334,62.45445058356475,63.08501375036725,4863600
2001-05-03,62.55854415893555,62.587470718387436,62.05525115405638,62.4775550887582,3190400
2001-05-04,63.51881790161133,63.524599679772386,61.76597254673769,61.87010193006117,5031000
2001-05-07,63.183345794677734,63.65192623109484,63.02714937348866,63.31639742827948,2489400
2001-05-08,62.94612503051758,63.42627759191243,62.59324224815004,63.42627759191243,3099900
2001-05-09,62.83037567138672,63.24110680989208,62.53534182889988,62.651043538487336,2595900
2001-05-10,63.206382751464844,63.605541412748416,63.119607594292646,63.48405795813447,2157800
2001-05-11,62.784114837646484,63.27005334441232,62.38495153711422,63.11964328117881,3418400
2001-05-14,63.05024719238281,63.05024719238282,62.54117254843271,62.680010285224185,2258600
2001-05-15,63.183345794677734,63.48994802658399,62.55856893707156,63.11392467264092,3467400
2001-05-16,65.05763244628906,65.167548052705,62.68001452668165,62.70894108002449,8124000
2001-05-17,65.30055236816406,65.74021006221429,64.87825324170606,65.022877076657,5072100
2001-05-18,65.5606918334961,65.57227816788497,64.92912830514628,65.21304433431843,3790100
2001-05-21,65.64769744873047,65.82151923330987,64.98136955638267,65.47387124356703,4280900
2001-05-22,65.28260040283203,65.73454279611389,65.16671932476275,65.73454279611389,3840800
2001-05-23,64.37294006347656,65.18412112154985,64.34976295660805,65.06824000778843,3897400
2001-05-24,64.47722625732422,64.80749225025146,64.05425626983556,64.57572563297713,2439600
2001-05-25,63.82250213623047,64.5177977034726,63.74138446740493,64.5177977034726,2465700
2001-05-29,63.97320556640625,64.19917703907376,63.59658497176534,63.99637827386201,2103400
2001-05-30,63.15617752075195,64.07744441041403,62.95338333943467,63.74717833781685,3908700
2001-05-31,63.20250701904297,63.69500824406147,63.01129925691042,63.3010063799307,2087200
2001-06-01,63.996307373046875,63.996307373046875,62.80851071584663,63.44586555880533,2390100
2001-06-04,64.12379455566406,64.26864816462901,63.445880726647616,63.88044155354246,1067100
2001-06-05,64.8711929321289,64.99866472339579,63.99627652708833,64.14113003160467,1919600
2001-06-06,64.34397888183594,64.85965740825341,64.14697566265961,64.8075078070726,2137400
2001-06-07,64.26290130615234,64.3845778907187,63.822544794923324,63.99636659262484,2334000
2001-06-08,63.59074783325195,64.19913488827223,63.358981125597445,64.19913488827223,1405600
2001-06-11,63.35895538330078,63.648662545017366,63.04028015776082,63.47484090033569,2264700
2001-06-12,63.46328353881836,63.73560912144871,62.54780736504314,62.97657737286159,2369500
2001-06-13,63.046112060546875,63.88047064271181,63.017143977911516,63.59076329285825,2241600
2001-06-14,61.765594482421875,62.77957001611271,61.72503563789755,62.77957001611271,3475600
2001-06-15,61.887367248535156,62.229577119629916,61.278356431556425,61.713366054461254,4091800
2001-06-18,62.06143569946289,62.17743661295281,61.597423195200825,61.71342853384194,2400000
2001-06-19,61.58576965332031,62.38618585907418,61.278363525570214,62.206383276838594,4168800
2001-06-20,61.904762268066406,62.14256519262158,61.28994574879878,61.45234860949911,3386000
2001-06-21,62.142608642578125,62.49641701869124,61.48139400446655,61.68439772228166,3673100
2001-06-22,61.62054443359375,62.032352895682195,61.365341869500284,62.032352895682195,1695900
2001-06-25,60.93617248535156,61.829393155415225,60.76796816191601,61.811993471119926,2237400
2001-06-26,60.68096923828125,61.191379149030105,60.32716091004274,60.669366498748,2550400
2001-06-27,60.61136245727539,61.13337507638684,60.35615530456572,60.83176581861209,1937200
2001-06-28,61.30156707763672,61.96278145400824,60.90135674583123,60.94195747332255,2888600
2001-06-29,61.04057693481445,61.59738897550795,60.99417925028488,61.394385277101264,1571400
2001-07-02,61.603233337402344,61.81783992557342,60.64041322795895,60.7738138549463,1604000
2001-07-03,61.510345458984375,61.51034545898438,61.104333934663245,61.452340651834575,642500
2001-07-05,60.698341369628906,61.33055320760551,60.698341369628906,61.046348170130024,1072000
2001-07-06,59.48609161376953,60.68671753438189,59.34688982699933,60.68671753438189,2707600
2001-07-09,59.654319763183594,59.96752722808585,59.34691366572772,59.71232016220695,2770800
2001-07-10,59.02790832519531,60.031332545729704,58.98730760096254,59.973332143275314,2083100
2001-07-11,59.48033905029297,59.700742412544194,58.77851937742932,59.17872979126675,3559600
2001-07-12,60.98835372924805,61.07535654415508,59.86312735345033,60.00232920221338,3186600
2001-07-13,61.29582595825195,61.30742428101509,60.55340939716197,60.756413234155055,1200700
2001-07-16,60.93038558959961,61.38859210210729,60.65197731951269,61.168188689435915,912400
2001-07-17,61.568359375,61.76556160219291,60.582334963596054,60.669337768300295,1513100
2001-07-18,61.24938201904297,61.52779025203602,60.84337462212471,61.10437874512235,2256500
2001-07-19,61.7133674621582,62.06137428339084,61.13335461838819,61.933770749737945,1638000
2001-07-20,61.431236267089844,61.588005899349874,61.169947640126864,61.286077395409485,1203300
2001-07-23,60.3279914855957,61.73893504255153,60.24089532926124,61.67506482323256,1805900
2001-07-24,59.60216522216797,60.484728200351114,59.22475170278941,60.26989615185431,2675700
2001-07-25,60.35700607299805,60.52539075345527,59.55573137313691,59.63121232786871,2227400
2001-07-26,60.757652282714844,60.81571490269659,59.718314994433946,60.211853909119725,2436500
2001-07-27,60.58928298950195,60.7925044260569,60.27573944600502,60.70541268888698,1409500
2001-07-30,60.42668533325195,60.76345470233647,60.17120451120252,60.76345470233647,824500
2001-07-31,60.98414993286133,61.57640066319437,60.478999849227534,60.53125492136995,2736600
2001-08-01,61.135040283203125,61.5821271421876,60.89117472375705,61.41955010255688,2099400
2001-08-02,61.31507873535156,61.69249251672705,61.10024653772036,61.69249251672705,1675000
2001-08-03,61.18729782104492,61.3731007925782,60.59505223362396,61.3731007925782,1950900
2001-08-06,60.3512077331543,61.01313132719237,60.29894827578612,60.96667946061928,1552700
2001-08-07,60.7111930847168,60.89699610416155,60.2292694101495,60.444101521133284,2502500
2001-08-08,59.78215789794922,60.926009151663806,59.631191611040244,60.496340644191115,4010000
2001-08-09,59.892520904541016,59.95058353772689,59.30027052831818,59.79961714752765,5422800
2001-08-10,60.5196418762207,60.65318556436641,59.23643348554968,59.764813932284504,4504000
2001-08-13,60.496395111083984,60.705424179648475,60.24091415397273,60.50219827473039,2801800
2001-08-14,60.56605529785156,60.949276649895474,60.36864145944951,60.676377401602686,1329100
2001-08-15,60.13631057739258,60.873714389159744,60.10727708256603,60.565978835511494,2354500
2001-08-16,60.531192779541016,60.53119277954101,59.74152890303757,59.99120210560694,3778100
2001-08-17,59.58254623413086,60.23359614077064,59.22214289448684,59.96038765820828,3423400
2001-08-20,60.210350036621094,60.221973949126415,59.37910059266429,59.524423891013974,2005200
2001-08-21,59.00126647949219,60.39055702997959,58.97801421667,60.1638530111078,3860600
2001-08-22,59.80342483520508,60.00688094195341,58.97217563178367,59.408145400677824,5700500
2001-08-23,59.55345916748047,59.89642430384958,59.42557844764285,59.66972041494166,2266300
2001-08-24,60.82076644897461,61.01840863982633,59.51285544732616,59.72793574194606,2789300
2001-08-27,60.402164459228516,60.80906783040125,60.402164459228516,60.745125238514944,2574400
2001-08-28,59.47792053222656,60.44867911977294,59.43723018529094,60.44867911977294,2799200
2001-08-29,58.82103729248047,59.78598132044636,58.65246179830588,59.69878648760938,3113300
2001-08-30,57.69913864135742,58.97798133927487,57.44918249900199,58.44319289723035,5706100
2001-08-31,58.05949020385742,58.51871178653051,57.58864472316521,57.78047230230263,3670700
2001-09-04,58.11191177368164,59.33262723394832,57.75732238468701,57.95496004548143,8618800
2001-09-05,58.454837799072266,58.68154177298946,57.55383607668502,58.12931505394292,7027300
2001-09-06,57.1701545715332,58.245545525915716,57.158530665150344,58.013031918956194,5873600
2001-09-07,55.71690368652344,57.10038313295163,55.629708895670284,56.7399800670505,10479200
2001-09-10,56.06571578979492,56.36217650235906,55.25190902575882,55.32166135701092,8726900
2001-09-17,51.793216705322266,53.65335737183081,51.70602184932873,52.607027969737594,13237400
2001-09-18,51.96760940551758,52.60703099471344,51.27005495237357,52.17106112459151,6816000
2001-09-19,50.84571075439453,52.200124810707315,49.351787588757425,51.98504475619156,9969500
2001-09-20,48.625091552734375,50.514291130303974,48.53789683909584,50.28177337223701,10182100
2001-09-21,48.240638732910156,49.522393009263446,46.318002873369934,46.6384436649634,12533400
2001-09-24,50.22153091430664,50.50701614509958,49.231084831789545,49.790396031388525,7953200
2001-09-25,50.629371643066406,50.80415391537196,49.55153207297745,50.2506700522214,7317500
2001-09-26,50.13410949707031,50.97890093455425,49.697147489059844,50.91481281777879,3981600
2001-09-27,50.5419807434082,50.68180745705776,49.40588036060981,50.10501837386865,4621500
2001-09-28,51.47417449951172,51.70139461251882,50.71677560449199,50.83329714372217,8187100
2001-10-01,51.66643524169922,51.67808561676109,50.89155417224666,51.18286244391952,5514500
2001-10-02,52.26069641113281,52.26069641113281,51.293555366975895,51.45668726996542,4845300
2001-10-03,53.134578704833984,53.39675857816823,51.64891053596964,51.70717124837478,7744300
2001-10-04,52.959808349609375,53.58903485158694,52.66850027776885,53.54242449329043,8186900
2001-10-05,53.08796691894531,53.30935937955408,52.18491041921239,52.72674343005076,8074100
2001-10-08,52.84331130981445,53.37932183290465,52.46461416563479,52.55200307890035,4774300
2001-10-09,52.802555084228516,53.07638567120777,52.52290153008897,53.012297472339725,2580500
2001-10-10,53.9211311340332,54.06095777755009,52.47624100099588,52.55197950685734,6862500
2001-10-11,54.88243865966797,55.08635786485924,54.15416848400885,54.24156179408963,14720200
2001-10-12,54.527008056640625,54.76005525482111,53.60065111125531,54.29978826079118,6561400
2001-10-15,54.515403747558594,54.59114226181817,53.874526744951034,54.18331265425226,3774700
2001-10-16,54.73682403564453,54.94074338765995,54.200817867231166,54.70769587465061,4445000
2001-10-17,53.606502532958984,55.45339429393775,53.606502532958984,55.40678394441591,14080700
2001-10-18,53.59487533569336,53.93279387631432,53.28026198184039,53.74635682718032,2821400
2001-10-19,53.60007858276367,53.86253637805536,52.98767112735669,53.454267707647226,3465800
2001-10-22,54.8541374206543,54.91246097050337,53.48350952529228,53.600161074792034,3788200
2001-10-23,54.59160614013672,55.13985660903181,54.125013878133174,55.058202851936294,3764900
2001-10-24,54.50414276123047,54.8249286984277,54.15419729779585,54.620794215574,2824200
2001-10-25,55.396522521972656,55.40235175869054,53.50680857240713,53.95007530191251,3775300
2001-10-26,55.548187255859375,56.04977772221253,54.97077663056483,55.07576078514574,3639300
2001-10-29,54.276695251464844,55.70564598554749,53.68762190640407,55.43735422991796,3040800
2001-10-30,53.162681579589844,53.7459254708639,52.888556238723396,53.716761496381096,4090800
2001-10-31,52.8885612487793,53.90923815519613,52.841900665105825,53.61178249652545,4741700
2001-11-01,53.95008850097656,54.23587691303771,52.579465520911775,53.16270972092233,3984800
2001-11-02,54.480812072753906,54.57412877812793,53.7284269459237,53.950058014759904,2647400
2001-11-05,55.11656951904297,55.33237144607181,54.883270980325214,54.97075848856931,2273500
2001-11-06,56.07887268066406,56.07887268066406,54.737410629101326,54.97070895760731,3113200
2001-11-07,55.84565353393555,56.341410403806464,55.5598650124479,55.62985149537445,2955300
2001-11-08,56.12559127807617,56.807985923566854,55.79314226233967,56.16641819405082,3953300
2001-11-09,56.17223358154297,56.283051376063646,55.57149291612899,55.857281257483415,2739100
2001-11-12,55.717308044433594,56.06142437660913,54.82494528526892,55.52483642388453,4122500
2001-11-13,57.041255950927734,57.070415476432956,56.347194276854374,56.45217835822851,4026000
2001-11-14,57.478694915771484,57.676995729296884,56.91294755396329,57.420366959042035,2772100
2001-11-15,57.822818756103516,57.88697596202018,57.280401574134935,57.33289585615733,3540500
2001-11-16,57.74510192871094,58.01960205091199,57.242817903992204,57.91447718876295,3945800
2001-11-19,58.4635009765625,58.48686354998552,57.76264159769281,58.08386695636006,2794300
2001-11-20,57.89702224731445,58.399306882135335,57.850301514927715,58.22993141635069,3313500
2001-11-21,57.4705924987793,57.8794262258015,57.307059007970416,57.8794262258015,3219200
2001-11-23,58.34671401977539,58.37591390532467,57.49983713162221,57.55824581463456,873900
2001-11-26,58.28828048706055,58.492697406958165,57.879442191310645,58.37588455562048,2250800
2001-11-27,57.77433776855469,58.486880873161,57.47647489508673,58.113088499589914,5033100
2001-11-28,56.82817077636719,57.52318851818596,56.74640398321203,57.482305121608384,3206200
2001-11-29,57.7042236328125,57.71006093280993,56.68797198303003,56.97416009725543,2597100
2001-11-30,57.58161544799805,57.90868720559413,57.29543155906454,57.4823277965661,3416100
2001-12-03,57.12023162841797,57.295444383818264,56.77563896766746,57.295444383818264,1779200
2001-12-04,58.083885192871094,58.083885192871094,56.99171239215722,57.4122299338904,2617500
2001-12-05,59.10600662231445,59.39803235553924,58.17152516718693,58.24745470963917,2938700
2001-12-06,59.1644172668457,59.544047167674584,58.98920003880221,59.11769207857288,3566000
2001-12-07,58.930755615234375,59.129330846109546,58.50439636077271,58.884030458808624,3954900
2001-12-10,58.05467224121094,58.98915298140846,58.02546790784778,58.609518927465686,2329700
2001-12-11,57.85029220581055,58.69132318090501,57.70427935769488,58.28248898856454,3352000
2001-12-12,57.95540237426758,58.200702808150716,57.30126342795552,58.054690008559746,3120800
2001-12-13,57.003421783447266,57.69844444893223,56.95669659707067,57.4122604803039,2976500
2001-12-14,57.587459564208984,57.69843074150018,57.0034082411319,57.126058484263126,3638200
2001-12-17,57.99629592895508,58.17150864555131,57.4356027591653,57.44144451983918,2430900
2001-12-18,58.638736724853516,58.638736724853516,58.17733577869855,58.32334856712898,1557500
2001-12-19,59.08259963989258,59.088436941440705,58.03130608702939,58.171477075426026,2250900
2001-12-20,58.52778625488281,59.03007078099378,58.46354024880176,58.87237887440464,2260600
2001-12-21,58.8221321105957,58.9801597544551,58.53533888595331,58.851398639117406,2951100
2001-12-24,58.81629943847656,58.986035542045904,58.76362502639311,58.833857575837705,372500
2001-12-26,59.19093322753906,59.583084612377135,58.79878630815136,58.816344458952244,1462000
2001-12-27,59.40160369873047,59.43672444433865,59.05042750078213,59.185047350476935,1850300
2001-12-28,59.20844650268555,59.66497590486327,59.190883901070016,59.524501884618864,1401100
2001-12-31,58.412445068359375,59.389886684840974,58.33050412239365,59.31379547398234,1706300
2002-01-02,59.027008056640625,59.056274596884776,58.17833197492548,58.810451734443475,2843500
2002-01-03,59.670833587646484,59.694245927472224,58.898244235185906,58.997747795807115,1465800
2002-01-04,60.180049896240234,60.25613666165832,59.71181196865003,59.910814650782605,2288900
2002-01-07,59.78202819824219,60.36732317137199,59.635704454959736,60.209295493423305,2485200
2002-01-08,59.54793167114258,59.84643346982607,59.290404822789256,59.583052419218724,5034200
2002-01-09,59.03284454345703,60.27952108498094,58.95090361389841,59.670813847227095,3587500
2002-01-10,59.0562858581543,59.20846385863747,58.76363826169709,59.085547938531256,2766300
2002-01-11,58.57047653198242,59.17332972989143,58.44171090418692,59.0679764403721,2473600
2002-01-14,58.03203582763672,58.447594997315115,57.891566191585376,58.377357946564835,3472000
2002-01-15,58.236881256103516,58.51782495962385,57.780351645150574,58.14908606966288,2979800
2002-01-16,56.85557174682617,57.944221106672195,56.80289732559865,57.71010214850519,5160600
2002-01-17,57.49357986450195,57.79793156465183,57.07801612314966,57.265310507576594,3493700
2002-01-18,57.352378845214844,57.63357288383421,56.82513443593019,57.10633294404822,3446800
2002-01-22,56.989158630371094,57.73316023247564,56.82512804803256,57.610132826223584,1951100
2002-01-23,57.05944061279297,57.31134591558848,56.754808657576824,57.088729224585144,3672900
2002-01-24,57.45780944824219,57.79758956718811,57.27034532563362,57.37579417394452,3954400
2002-01-25,57.692138671875,58.03191430926794,57.1590349383582,57.211761595391444,3244800
2002-01-28,57.926490783691406,58.02022511738866,57.41682487008444,57.91477622672877,1713400
2002-01-29,56.35062026977539,58.119813322380786,56.29789359075957,57.96749726794489,4651500
2002-01-30,57.317230224609375,57.34066380770721,55.829235688638036,56.532225303577235,6106800
2002-01-31,58.13737869262695,58.17838633928118,57.28793266786152,57.44024869950506,3945600
2002-02-01,58.16080856323242,58.324839139389326,57.78588025501723,58.06121920906545,3651500
2002-02-04,56.825138092041016,58.05537214652562,56.69625562042377,58.05537214652562,6935100
2002-02-05,56.70790100097656,57.31715548912121,56.297820535714294,56.56144464970285,5755800
2002-02-06,56.60835266113281,57.106308230206636,56.327158744205455,56.84268390490343,4384700
2002-02-07,56.338958740234375,57.17669119033061,56.32724417155275,56.667024766865296,2955200
2002-02-08,57.1883430480957,57.24692476169358,56.15142839247063,56.59079794870201,4380000
2002-02-11,57.90891647338867,58.06123253026565,57.02431769815954,57.17663375503652,2169100
2002-02-12,57.87382888793945,58.1374491545789,57.528188759086085,57.68050497533521,1341100
2002-02-13,58.61187744140625,58.69389270195252,57.990899007917506,58.09049279814926,3350100
2002-02-14,58.75834274291992,59.04539619802113,58.43613669265529,58.81692444219609,6434900
2002-02-15,58.1629753112793,58.76718905458676,58.092579782491384,58.720258702061486,3838800
2002-02-19,57.206764221191406,58.01629679576784,57.11877544180079,57.840310285940916,3716300
2002-02-20,58.555946350097656,58.61460699228988,57.13633822165319,57.470708805221015,7177100
2002-02-21,57.71121597290039,58.93137696341978,57.69361822865096,58.291968386251,10841000
2002-02-22,58.64981460571289,58.80819880783656,57.51177920160409,57.78162177129078,8244600
2002-02-25,59.60599136352539,59.79957552033711,58.649809869320144,58.696735700091196,8931500
2002-02-26,59.318565368652344,59.89344609497818,58.86686889387491,59.688131549861815,12740300
2002-02-27,59.6295051574707,60.24544914677986,59.04288927687685,59.776159127619174,7881200
2002-02-28,59.3067741394043,60.19256402066094,59.3067741394043,59.7467353785327,5257900
2002-03-01,60.9141845703125,61.008045249717206,59.388984334174275,59.71162482522354,8306600
2002-03-04,62.134342193603516,62.32792647466215,61.05497130925815,61.125362338353504,8199400
2002-03-05,61.46559524536133,62.298588504746554,61.20748289295127,61.79996603120035,10708700
2002-03-06,62.1401481628418,62.357197397497025,61.35994887462797,61.38341401963276,7636800
2002-03-07,61.95832061767578,62.47454056230846,61.50662425004187,62.468673155119355,7721200
2002-03-08,62.17534637451172,62.70330097152033,61.887906167731074,62.468653986681055,6329100
2002-03-11,62.245784759521484,62.60362065130091,61.78822528492408,62.03460277501159,4433500
2002-03-12,62.55080032348633,62.56253513812153,61.670877197705494,61.75887040538767,7747000
2002-03-13,61.78236770629883,62.28685758562222,61.53599017700771,62.16366882097666,9755000
2002-03-14,61.81757736206055,62.058092011536424,61.57119977639537,61.788249254542585,5410700
2002-03-15,62.36332321166992,62.38094755026959,61.78756941780803,61.981446106971234,9864800
2002-03-18,62.069583892822266,62.733459503865255,61.846330276042764,62.48083347801982,4856100
2002-03-19,62.68062210083008,62.77462013846007,62.27524407769068,62.510245895195936,9935600
2002-03-20,61.652488708496094,62.23411469189137,61.6466124308454,62.23411469189137,5363300
2002-03-21,61.435096740722656,62.31047364778295,60.87109524127059,61.687722832566486,10270300
2002-03-22,61.23535919189453,61.711234562206,61.076731080266526,61.54673465554457,4597900
2002-03-25,60.51266860961914,61.446794060932575,60.41866619620604,61.21179699196336,5864700
2002-03-26,60.96503829956055,61.34691523125483,60.39516551978333,60.4304141810137,4583800
2002-03-27,61.2764892578125,61.482114158217236,60.74773631228126,60.83586255025091,5929100
2002-03-28,60.9297981262207,61.758177638784204,60.923921854436564,61.452674257957725,4062300
2002-04-01,60.72420883178711,61.041460458820815,60.31883100575215,60.72420883178711,6331300
2002-04-02,60.60673522949219,60.7183576108202,60.32473217278207,60.50098464351171,3131400
2002-04-03,60.12494659423828,60.84169968066108,59.60207022442836,60.84169968066108,7807100
2002-04-04,60.060367584228516,60.38349118935497,59.70786258621822,59.89586316008967,9099300
2002-04-05,60.47748565673828,60.79473742329054,60.06623137463573,60.524482432226776,7602400
2002-04-08,60.336490631103516,60.37174382068927,59.39648775075056,59.513990912224244,4378600
2002-04-09,60.08383560180664,60.64196526580676,59.96046070318391,60.61258836896486,7859700
2002-04-10,61.04143142700195,61.17655431655823,60.136678213314376,60.171926883236445,7545100
2002-04-11,59.77827835083008,60.99440629130512,59.70190476852381,60.76528106210554,4403800
2002-04-12,59.91932678222656,60.2483309450037,59.6373283367427,60.16020474993332,5885900
2002-04-15,59.349403381347656,60.18365897162745,59.19077993833196,60.05440791613561,5137300
2002-04-16,60.59501647949219,60.64789404312548,59.931140169643044,60.0838876150525,2597200
2002-04-17,60.16608428955078,60.75945810516718,59.92520630877375,60.75945810516718,2513800
2002-04-18,59.91343307495117,60.36580747016303,59.11443030119169,60.16018274506673,5819200
2002-04-19,60.32980728149414,60.51209337823627,60.094602453741,60.47680973806998,2323900
2002-04-22,59.61237716674805,60.24742824425673,59.45361664044819,60.094544580525834,3830300
2002-04-23,59.45952606201172,59.91229143209193,59.22432134972105,59.71237034264675,4236100
2002-04-24,58.947906494140625,59.824038711097785,58.94790649414062,59.45947597598763,2849700
2002-04-25,59.09491729736328,59.153717312866256,58.38930813902039,58.80091273369481,4995700
2002-04-26,58.118812561035156,60.56493237132768,58.065893899695226,59.33011425904578,4240300
2002-04-29,57.74250030517578,58.5069140418933,57.70133984157739,58.41871176670988,4587300
2002-04-30,58.50111389160156,58.9186004550302,57.78374097077816,58.0189458690062,3800000
2002-05-01,59.353660583496094,59.424218828839486,57.830714153279914,58.589246693806196,8628400
2002-05-02,59.42424011230469,59.59476340988436,59.04203751672452,59.206679463034114,2519700
2002-05-03,58.777400970458984,59.32424972336636,58.47751501276027,59.23017058116252,4595200
2002-05-06,57.68374252319336,59.00088280898317,57.60142153571633,58.777440769568,4666600
2002-05-07,57.74250030517578,58.4422326725024,57.6719420739523,58.118825825547894,5486400
2002-05-08,59.553619384765625,59.78882415286034,58.68924444155828,58.736286292408785,4824500
2002-05-09,59.09491729736328,59.72996823156406,58.94791501552905,59.42420097310281,3601000
2002-05-10,58.50111389160156,59.265528689302634,58.37763232941791,59.22436816857475,4668600
2002-05-13,59.53009033203125,59.535971684124064,58.40699433479174,58.75391784359562,4081200
2002-05-14,60.62377166748047,60.682571713571015,60.06516450038634,60.417969263085574,4455500
2002-05-15,60.523860931396484,60.99427065942257,60.20633503790282,60.36510022772947,3680200
2002-05-16,60.670799255371094,60.80604336716898,59.947545848400445,60.35327369763922,2364100
2002-05-17,60.898651123046875,61.022296689552974,60.43350571069421,60.775005556540776,2310500
2002-05-20,60.34519577026367,60.75146304781758,60.15678280672493,60.69258483898411,2868700
2002-05-21,59.69166946411133,60.616071766154626,59.42082596393349,60.527756651406705,2206600
2002-05-22,59.81526184082031,59.909470535471016,59.30301666303998,59.47376655300603,2705500
2002-05-23,60.20979309082031,60.30988652289731,59.46791487517778,60.05670611156569,2511400
2002-05-24,59.47965621948242,60.29219055662871,59.42077802644297,60.05667329235271,1944000
2002-05-28,58.961551666259766,59.67398849440135,58.737812622650814,59.668099324482036,2558300
2002-05-29,58.49645233154297,58.91449388401579,58.472900125359764,58.67898080643179,2816200
2002-05-30,58.49048614501953,58.70834039628168,57.82515404182371,58.2667472190527,5263000
2002-05-31,58.43752670288086,59.26772445256022,58.408085345980886,58.79080052507874,4762200
2002-06-03,57.08332443237305,58.94390741256618,57.05977672944063,58.455209472463594,5602000
2002-06-04,57.17752456665039,57.524909283898346,56.588733255690855,57.10098331338929,5598900
2002-06-05,57.83695983886719,57.87817504196119,57.17162292762359,57.277605520168215,3750000
2002-06-06,56.836055755615234,57.819336707052564,56.600538203406785,57.77223679030981,4875100
2002-06-07,56.653499603271484,56.90668004194976,55.8586322467163,56.12358653486098,5917100
2002-06-10,56.93022537231445,57.34237743578668,56.370871009464345,56.67115579406301,3823400
2002-06-11,56.15303039550781,57.61323036886077,56.08237381920184,57.20107823737921,4207100
2002-06-12,56.81248092651367,56.8890266834694,55.74676993002442,56.017613434961724,4807200
2002-06-13,56.15891647338867,56.85369043527998,55.99405561668927,56.55929476485352,3775900
2002-06-14,55.93518829345703,56.01761873788813,54.49853570401962,55.35228601008788,7309400
2002-06-17,57.15396499633789,57.230506239717194,56.17068471209021,56.25900429575595,3785900
2002-06-18,57.64263916015625,57.70151736108053,56.865435228446856,56.96552861923002,2704200
2002-06-19,56.41207504272461,57.51311604009832,55.882166635249476,56.82423151668489,6932900
2002-06-20,55.6230583190918,56.59456387550794,55.59361698715448,56.31194236210601,5505800
2002-06-21,54.75125503540039,55.68914248429447,54.35604666714157,55.31162484112191,4570700
2002-06-24,54.94598388671875,55.44736876806863,53.57159589994466,54.27353743402503,6756700
2002-06-25,53.778018951416016,55.58890526363418,53.70723799478784,55.2939726101764,7920100
2002-06-26,53.813419342041016,54.26171378015474,52.527512663629324,52.710369487062145,7571300
2002-06-27,54.7748908996582,54.78668622525719,53.264837205347405,54.361986998968526,6814900
2002-06-28,54.58020782470703,55.32343898608495,54.52122222466719,54.633298014961866,5059200
2002-07-01,53.71308517456055,55.07567587017584,53.67769472802624,54.66276782592744,4088300
2002-07-02,53.235313415527344,54.01983490383118,52.91088588267611,53.701307280753404,8246300
2002-07-03,53.45940399169922,53.63046519186442,52.556912263485536,52.96982000535914,7801400
2002-07-05,55.547611236572266,55.547611236572266,53.96677213749186,54.03165767703103,3042400
2002-07-08,54.83390426635742,55.5594409163751,54.5625666371728,55.240912960292995,4144900
2002-07-09,53.789794921875,55.146481825899,53.62463342923844,54.72767818376682,5230600
2002-07-10,52.08509063720703,54.03164278596982,51.90812930535877,54.00215223087085,8988300
2002-07-11,51.990692138671875,52.380005134414354,50.828657560867995,51.67806446044282,10064900
2002-07-12,51.111839294433594,52.32106069936182,50.79331142914513,52.20308941606209,8371300
2002-07-15,51.19437026977539,51.30054612153982,48.66384955298289,50.97022324952231,19684400
2002-07-16,50.16802978515625,51.058722867768694,49.643050193309776,50.43346728653888,11732600
2002-07-17,50.40983581542969,51.61316032182726,49.87306128824411,51.09408101527378,9671900
2002-07-18,49.460147857666016,50.99379498109947,49.460147857666016,50.468815825389285,8068300
2002-07-19,47.269805908203125,49.101509985546,47.03345597706212,48.800163710641215,16165500
2002-07-22,46.12350082397461,48.150193455924246,45.55626382745213,46.89754677910335,24645000
2002-07-23,45.5976448059082,46.80302564505634,45.35538934504069,46.283059296169284,21734000
2002-07-24,48.510589599609375,48.7469392978039,44.48084279797741,44.7585533552563,24784000
2002-07-25,48.32155990600586,49.16059790565524,46.82665296786997,48.30383444950625,20978400
2002-07-26,48.953819274902344,49.01290566379853,47.95524713095009,48.7765601082138,9383300
2002-07-29,51.240482330322266,51.63045597626744,49.79875146979534,49.869657818149484,14891900
2002-07-30,51.43548583984375,51.84909505129705,50.466454680436904,51.021872120388146,15083800
2002-07-31,51.49454879760742,51.63635696158699,50.45461174308998,51.18729251631805,10756000
2002-08-01,50.14738464355469,51.56547599708693,50.0823882639175,51.32322045225945,12715600
2002-08-02,49.16059875488281,50.31280303526301,48.46927889145482,50.046907659175176,12992600
2002-08-05,47.547523498535156,49.19014876608032,47.447076228620666,48.98334423743266,8641400
2002-08-06,49.04246520996094,49.828327481390865,48.362960272318546,48.48113759208459,12131400
2002-08-07,50.01738357543945,50.135556332602235,48.59928794947746,49.63922534291649,12801400
2002-08-08,51.553627014160156,51.61271336415241,49.8341858289885,50.27143473653016,14268400
2002-08-09,51.760459899902344,52.138618156990056,50.708706965627016,51.14004612249376,12693100
2002-08-12,51.4000244140625,51.69546081868546,50.8032461224854,51.039591639782344,8905500
2002-08-13,50.19462966918945,51.81362397126942,50.05873148456264,51.12820953541065,12022300
2002-08-14,51.683658599853516,51.908188702065154,49.45606501326806,50.22420166547055,15180300
2002-08-15,52.19178771972656,52.55812591595357,51.42365139111973,52.02634408168842,15213000
2002-08-16,51.90187072753906,52.39290287288057,51.540988798772055,51.8367933624421,8888600
2002-08-19,53.19756317138672,53.32180071353144,51.765868241575554,51.78361581707829,9593900
2002-08-20,52.653221130371094,53.0318506740392,52.20951421073313,52.84253590220515,10107600
2002-08-21,53.21525192260742,53.24483419149535,52.067533010408255,52.91944728821023,12027700
2002-08-22,53.61754608154297,53.836443134575944,52.860286944246894,53.09693155305704,9013200
2002-08-23,52.48759078979492,53.83645960497073,52.29827594755309,53.17977275858958,8041900
2002-08-26,52.84847640991211,53.07920374811026,51.824990014256514,52.64732683780833,8066100
2002-08-27,52.3574333190918,53.5051570305585,52.032046334823924,53.23301724081703,9351100
2002-08-28,51.5173225402832,52.055684484954526,51.22151798437476,51.91961691686346,8161100
2002-08-29,51.32212448120117,51.848656578765784,50.32230297490278,50.99673744849391,9045200
2002-08-30,51.18606948852539,52.079401403363235,50.90801671971716,50.99675456421775,9528400
2002-09-03,49.19826889038086,50.67729326279071,49.16868659748299,50.59446374540151,12002400
2002-09-04,49.77799987792969,50.16254677727082,49.073983455149154,49.45261299842099,11734700
2002-09-05,49.34026336669922,49.66564608244728,48.600751039601285,49.18052617641604,13496700
2002-09-06,50.00282669067383,50.28680120109711,49.636031735336665,49.87858925287043,9178300
2002-09-09,50.39332580566406,50.77787310022194,49.2811009434215,49.6242312165483,8296800
2002-09-10,51.1683235168457,51.174240877871725,50.39331622652315,50.74236379545121,8951200
2002-09-11,50.689144134521484,52.055761767351704,50.68914413452149,51.70079667600144,6677700
2002-09-12,49.77799987792969,50.53525896447336,49.541355284979744,50.47609894464092,7140200
2002-09-13,49.41709899902344,49.618248405906414,48.92606244623988,49.363856355612874,9613400
2002-09-16,49.783958435058594,49.81353621264321,48.955703931082866,49.13318865108621,5978000
2002-09-17,48.60664367675781,50.45837997696298,48.50606662107909,50.29864286793503,13073100
2002-09-18,48.16885757446289,49.04444185981175,47.78431039161627,48.16294472765456,11649100
2002-09-19,47.11579513549805,48.21027215427868,47.03297014036592,47.61866246697848,12834900
2002-09-20,47.244476318359375,48.181420724105884,46.96576460690657,47.36900621670589,9374000
2002-09-23,46.728553771972656,46.98354478217825,46.22449851338916,46.859010395866456,9102200
2002-09-24,45.702632904052734,46.728527657624724,45.42392142955802,46.08215356422843,15202100
2002-09-25,46.64553451538086,46.90052100490192,45.45359935575041,46.283802972031545,11780000
2002-09-26,47.32748031616211,47.600260647972654,46.609948558177635,46.95389074690438,11281800
2002-09-27,45.57222366333008,47.14368058777214,45.57222366333008,46.9717093861145,10727500
2002-09-30,45.06816482543945,45.6374463645353,44.237960884331855,45.097816743576246,17215400
2002-10-01,47.440120697021484,47.469772582154114,45.038462777037786,45.46542458718977,15772300
2002-10-02,46.20673370361328,47.36901755735762,45.83314391913233,46.88275589891103,13694600
2002-10-03,45.886474609375,47.08434069943891,45.66113556906086,46.53878016547138,13741400
2002-10-04,45.04443359375,46.260089563271535,44.36248035534149,46.21264831511784,16881400
2002-10-07,44.32095718383789,45.45359289361705,43.965156977228844,44.61153134898511,13419900
2002-10-08,44.706398010253906,45.364630262273465,43.526325888520326,44.647098744825215,21139100
2002-10-09,43.36033630371094,44.32099727817874,43.229875054277244,43.89996612498311,20801400
2002-10-10,44.72420883178711,44.94955248265719,42.71393245518682,43.289145107203005,21248700
2002-10-11,46.84123992919922,46.97170112988749,45.38838642898339,45.51291634120925,23525600
2002-10-14,46.81157684326172,47.08435720587451,46.005093804125636,46.22450163696312,12540500
2002-10-15,49.10055923461914,49.13020661513522,48.09245328791769,48.329654953273646,17099700
2002-10-16,47.914527893066406,48.685427207089745,47.570585902194225,48.394857709263256,17516400
2002-10-17,49.12429428100586,49.68764901909369,48.68547397156431,49.42079534602665,13087900
2002-10-18,49.341007232666016,49.566636883876406,48.385061947243514,48.77100335011397,10921300
2002-10-21,50.71847915649414,50.8491057962251,48.88971526023006,48.98471810002885,14045400
2002-10-22,50.3088493347168,50.47509996428671,49.756657155079644,50.10697033453197,10740000
2002-10-23,50.60568618774414,50.611620469764794,49.28161196934958,49.87536633042609,12054500
2002-10-24,49.29942321777344,50.99756103019948,49.15098462948435,50.87287315963499,12298300
2002-10-25,50.24942398071289,50.2850523185378,49.014418499102476,49.17473016436447,12061600
2002-10-28,49.89319610595703,50.94414423825706,49.45975780392542,50.80163987896994,8822300
2002-10-29,49.70320129394531,49.9941398045522,48.59881728063438,49.70320129394531,13946200
2002-10-30,50.08320236206055,50.43945423568155,49.37663742954226,49.80413695989445,9937800
2002-10-31,49.726951599121094,50.5582090094623,49.53695029361354,50.22570332733275,10202300
2002-11-01,50.647239685058594,50.831302054228196,49.400352127501236,49.57848021571956,9539200
2002-11-04,50.884765625,51.953525679545834,50.82539107307811,51.407272553883715,12260600
2002-11-05,51.59727096557617,51.68633505349474,50.76601369498243,50.77788679271065,10785400
2002-11-06,52.28010559082031,52.339480157598,51.00947083582381,51.941665577199544,17454500
2002-11-07,51.09257125854492,51.882261219170495,50.79569403921575,51.77538523901252,9715600
2002-11-08,50.63535690307617,51.62099103879953,50.5522316783748,51.01535922456385,9416900
2002-11-11,49.851627349853516,50.5700697523136,49.643814180544794,50.55819665549053,7270300
2002-11-12,50.05351638793945,50.67101720770616,49.75663907728735,50.029765659488696,9213000
2002-11-13,50.23162078857422,50.61162323804912,49.38849063692593,49.715057365374605,16988200
2002-11-14,50.85506057739258,50.94412463517859,50.083178116561996,50.593807215883245,8668000
2002-11-15,51.096710205078125,51.174087280679565,50.263449010832844,50.44200660278119,7217000
2002-11-18,50.537235260009766,51.638328230036784,50.53128212975443,51.483578629753254,5612900
2002-11-19,50.62656784057617,50.942015993945944,50.0849504269011,50.263503672116926,6069700
2002-11-20,51.739532470703125,51.76334046173636,50.32893965312625,50.41226535128759,8535000
2002-11-21,52.81678771972656,52.87630539278374,51.72760113414883,51.89425243507188,9367500
2002-11-22,52.48946762084961,52.9656138126684,52.435898506485415,52.52517733648579,7770100
2002-11-25,52.662071228027344,52.941804897140834,52.209728493927685,52.48351357114568,6356500
2002-11-26,51.7216682434082,52.733482704028255,51.691907124780315,52.34066227541322,5853600
2002-11-27,53.2869987487793,53.35842269934508,52.13233652296289,52.16805076870005,8264700
2002-11-29,52.912044525146484,53.44771291651475,52.864428547933855,53.38819067454421,3058100
2002-12-02,52.8941764831543,53.95955986792698,52.39421792887328,53.804810251017564,8928700
2002-12-03,52.334716796875,52.60850187283481,52.025222006066905,52.49541505460213,7011500
2002-12-04,52.227542877197266,52.61441447335777,51.60259610332981,51.74544393449777,9947600
2002-12-05,51.55501937866211,52.46565334558486,51.35860688437031,52.35851967059928,6918800
2002-12-06,51.68000411987305,51.80499264137317,50.6503302890734,50.852695900722914,9463600
2002-12-09,50.44795608520508,51.34073489856782,50.44795608520508,51.16813044974208,5605500
2002-12-10,51.03720474243164,51.191954389781664,50.543199221870346,50.79317627772934,6091300
2002-12-11,51.18006134033203,51.48360758134169,50.66820083231984,50.882468232925426,5671900
2002-12-12,50.97767639160156,51.48358352966516,50.745554239538166,51.33478704547537,5282100
2002-12-13,50.21586227416992,50.85865993118037,50.21586227416992,50.495595979071936,6491200
2002-12-16,51.602622985839844,51.602622985839844,50.459866986612596,50.549145792376,5622800
2002-12-17,50.93007278442383,51.596682830066115,50.876508216754694,51.26337553679026,4202300
2002-12-18,50.471744537353516,50.72767454646649,50.20986140033389,50.680058605025444,6711400
2002-12-19,50.001556396484375,50.81695797216672,49.73372008300719,50.21582363090336,7277200
2002-12-20,50.92643737792969,50.93240542917155,49.924018726892704,50.32379166660127,4713900
2002-12-23,50.801090240478516,51.30826488809009,50.52661930826855,50.61015374188527,4688300
2002-12-24,50.496829986572266,50.7116343137135,50.41329547627172,50.5266656912322,1449500
2002-12-26,50.44911575317383,51.135291662164256,50.18060798017285,50.657952097313995,2966200
2002-12-27,49.500362396240234,50.47891308347626,49.46456320474969,50.18057434828752,5971500
2002-12-30,49.73310470581055,49.995644452539686,49.2855962569539,49.70327354059492,5939300
2002-12-31,49.828590393066406,49.95986030603453,49.2140126662545,49.691352424338085,5609400
2003-01-02,51.42170715332031,51.51120975843731,50.091113289719765,50.21045161397295,7451400
2003-01-03,51.529029846191406,51.63643189612393,51.087490108595254,51.31422574632634,4608500
2003-01-06,52.31070327758789,52.620978055367196,51.3500523597843,51.4932582044303,5957000
2003-01-07,52.340538024902344,52.644844748941146,52.03026325270557,52.2987707923705,6756000
2003-01-08,51.41573715209961,52.030314703783915,51.26060416488221,52.030314703783915,9215000
2003-01-09,52.376338958740234,52.519540253305884,51.69015907083725,51.702095167551846,8806000
2003-01-10,52.501651763916016,52.734355623906595,51.731937245374844,51.863207023274775,7426900
2003-01-13,52.561363220214844,53.03273938994542,52.257060715634225,52.811971441793816,6227800
2003-01-14,52.77014923095703,52.85368370042842,51.994466811823116,52.38827606986293,4361500
2003-01-15,52.31671142578125,52.92532079901161,52.00047290963181,52.865653927485575,5521600
2003-01-16,52.0899658203125,52.644876271813466,51.833394223332704,52.358468968465694,6486800
2003-01-17,51.41464614868164,51.91619201063398,51.15192904649712,51.59973980411168,6485200
2003-01-21,50.56078338623047,51.58776270638415,50.42345284931366,51.557906855422104,6430900
2003-01-22,49.772705078125,50.477261301152645,49.647318532760266,50.23245574446234,8249100
2003-01-23,49.820457458496094,50.17273318467658,49.37264655244883,49.97569529272744,9120000
2003-01-24,48.60239028930664,49.81446389015093,48.471031751317696,49.73684500650571,10175000
2003-01-27,47.85602951049805,48.84121379261353,47.53360531514942,48.24413296167872,10515700
2003-01-28,48.22028732299805,48.5307675963066,47.82621147630032,48.112812506204925,7463000
2003-01-29,48.41134262084961,48.793474207303746,47.479892892920795,47.86202903474277,12052000
2003-01-30,47.34851837158203,48.70389004398295,47.34851837158203,48.5426802013282,10124300
2003-01-31,48.268035888671875,48.38148275997552,47.25299979978568,47.25299979978568,10294800
2003-02-03,48.43524169921875,48.73974991380844,48.256115468567764,48.34567858389325,5464800
2003-02-04,48.05311584472656,48.21432582765134,47.40826680228779,47.999376146838415,6720200
2003-02-05,47.8381462097168,48.775563488492615,47.52766144233173,48.25012912995417,9330800
2003-02-06,47.569454193115234,47.85605514987407,47.16941091534925,47.61124969145843,8836300
2003-02-07,47.079872131347656,47.90981499493284,46.81118729694411,47.8321960451956,7624500
2003-02-10,47.426177978515625,47.48588521020423,46.63205858648484,47.14554897867244,7264700
2003-02-11,46.99028778076172,47.77843476850685,46.691747186079965,47.66499244017799,7894600
2003-02-12,46.41111373901367,47.07386953811152,46.39916956656603,46.882803777252896,6864700
2003-02-13,46.584312438964844,46.67387560544167,45.68868988494033,46.39324647632116,8574200
2003-02-14,47.52769470214844,47.53963888521989,46.25591252730611,46.63207229737665,10643900
2003-02-18,48.27403259277344,48.39345161171911,47.69486287815383,47.766514289521226,8393400
2003-02-19,48.088924407958984,48.202371303144595,47.587373789310135,48.08295231995752,5357700
2003-02-20,47.53959655761719,48.19638482526085,47.33658662449558,48.094882136383575,5209100
2003-02-21,48.06010818481445,48.24578718866818,47.04787817908894,47.63485103477304,7826700
2003-02-24,47.14371109008789,47.88641343695413,47.07782572540148,47.8085509921704,6710800
2003-02-25,47.515037536621094,47.55696414761762,46.25124381559408,46.688477820321076,8146000
2003-02-26,46.87415313720703,47.55096968276671,46.74238249284058,47.21555682049395,6351600
2003-02-27,47.34135818481445,47.59291794598217,46.658550507553734,47.12573422676795,9911300
2003-02-28,47.503089904785156,47.78459931002659,47.089814320397295,47.41923662275509,9119400
2003-03-03,47.071773529052734,47.874373938968624,46.91604884251679,47.72463549984632,7116100
2003-03-04,46.27521896362305,46.9999532508552,46.23927859167981,46.98797160365429,5168800
2003-03-05,46.62261962890625,46.652569184045866,45.96976136773958,46.14944955925619,7606000
2003-03-06,46.04160690307617,46.65852894304766,45.957753688108646,46.31712526220628,8054100
2003-03-07,46.44889831542969,46.46686620961813,45.388746861734155,45.490567975240495,11889500
2003-03-10,45.38873291015625,46.13742540226006,45.32284760527861,45.969719015173816,7240100
2003-03-11,45.1312141418457,45.86193925743779,45.0593425368101,45.49058587600227,8543500
2003-03-12,45.370792388916016,45.38876028841964,44.50829665546948,44.98746196730846,10315700
2003-03-13,46.98198699951172,47.01792280305736,45.71819278534721,45.99970209888049,12660000
2003-03-14,47.29341506958008,47.64680036391962,46.80826371208147,47.227529753171986,12985500
2003-03-17,48.79082107543945,48.96451838626971,46.634586317315346,46.8861460490037,14688600
2003-03-18,49.198116302490234,49.32389618388873,48.57520314961701,48.99447399060495,11246200
2003-03-19,49.665279388427734,49.71319681942938,48.748880226395535,49.31788486815242,9366300
2003-03-20,49.78506851196289,49.98271990026097,48.79679329184324,49.29392631227991,14858500
2003-03-21,51.052852630615234,51.190786706322086,49.95539665379755,50.26724104288941,17259100
2003-03-24,49.319705963134766,50.15929333421745,49.10381193698828,50.04534799392261,16257600
2003-03-25,49.66156005859375,50.06935956337522,49.08584391808789,49.33771887167448,12104400
2003-03-26,49.40367126464844,49.76949149564866,49.15179639013856,49.58958283187749,9405800
2003-03-27,49.19378662109375,49.541616521634346,48.67804009970866,48.94791001925282,9004000
2003-03-28,48.91790771484375,49.26573750707279,48.69601534903212,48.90591563511115,6382700
2003-03-31,47.868385314941406,48.51606689834687,47.60451402346963,48.21621482181244,13382600
2003-04-01,48.45014190673828,48.63604889441506,47.832446815078626,48.13829290924681,9551100
2003-04-02,49.62552261352539,49.97934589579594,49.28369140210301,49.31967219002748,11873600
2003-04-03,49.39766311645508,50.28522324666038,49.39766311645508,50.08132590539622,9865400
2003-04-04,49.70950698852539,49.925400980417244,49.35568352010296,49.817453984471314,7441300
2003-04-07,49.733482360839844,51.21475285027724,49.727484036180996,50.92089899732953,11794900
2003-04-08,49.89543533325195,50.1113294177782,49.613577932983425,49.87744492210548,7796500
2003-04-09,50.135292053222656,50.4351442838943,49.187757906208596,50.0633304461059,11033600
2003-04-10,49.4516487121582,49.457647040229176,48.91191357036446,49.36169209262863,6487000
2003-04-11,49.29573059082031,50.12332610715563,49.12781398616803,49.79348665131412,8296700
2003-04-14,50.279205322265625,50.28520364625369,49.325677700290726,49.4096359346012,6729600
2003-04-15,50.615047454833984,50.64502992674977,49.91938822090086,50.123290076680966,6764500
2003-04-16,49.5955696105957,50.764996349894005,49.48762259735868,50.764996349894005,9548800
2003-04-17,50.1287956237793,50.230877597003946,49.492274525407815,49.63038893375552,8768400
2003-04-21,50.15882110595703,50.50109948667004,49.90661694782433,50.236887570163766,6019200
2003-04-22,50.99349594116211,51.05955006031468,49.66641655145434,49.85857273952595,9069700
2003-04-23,51.17365264892578,51.29374856788365,50.78934021062184,51.11960627843879,6881800
2003-04-24,50.705291748046875,51.03555794350764,50.47110140861142,50.7833536674029,8655300
2003-04-25,49.93670654296875,50.66329825217646,49.75055169186667,50.561211560396195,7864500
2003-04-28,50.915443420410156,51.131619744384125,49.95466230350682,50.09877832570089,7362400
2003-04-29,51.107574462890625,51.461860464010805,50.71124987042043,51.119582216588135,11257300
2003-04-30,50.95747375488281,51.28774438737719,50.705269588995506,50.99950778253069,10009100
2003-05-01,50.80731964111328,50.99947572978732,50.140777206352176,50.89138764357302,11239800
2003-05-02,51.527931213378906,51.66003945355814,50.56715025939127,50.59117035591158,10966000
2003-05-05,51.341796875,51.75613564915127,51.101600417791055,51.64204130116959,8211300
2003-05-06,51.635986328125,51.990276798471804,51.28170043914023,51.34775451697841,9820100
2003-05-07,51.55796813964844,51.9182604992183,51.16764950787863,51.40183977066733,8495000
2003-05-08,51.11957550048828,51.611975801937376,50.96345181611475,51.059527577162854,8723100
2003-05-09,51.744136810302734,51.81619714068105,51.161661738505515,51.25774217900993,6890700
2003-05-12,52.44670486450195,52.59682710821491,51.52795746599743,51.6120255559673,8109500
2003-05-13,52.26655197143555,52.47672216037347,52.0083415732071,52.26054579993261,6891200
2003-05-14,52.14646530151367,52.5668103724255,51.83421302090487,52.47072992831957,7835600
2003-05-15,52.43465805053711,52.66284204175047,52.03833800460191,52.36259777792894,7470100
2003-05-16,52.316246032714844,52.683103634680016,52.03960014388768,52.37638564535408,7413900
2003-05-19,51.22164535522461,52.41242886974141,51.059268079240454,51.88920504560677,9799700
2003-05-20,51.16151809692383,51.51033406356545,50.66836622932397,51.34194141438827,10805100
2003-05-21,51.23970413208008,51.37802930086878,50.824737802426,51.0592853852084,8288500
2003-05-22,51.74484634399414,51.99141981550427,51.287777616171105,51.40204594521497,6992800
2003-05-23,51.8591423034668,51.979421438285094,51.48626964416228,51.71480183565899,4639700
2003-05-27,52.845455169677734,53.025873903580916,51.48026334919634,51.55243359577103,10004400
2003-05-28,52.92366409301758,53.374718048355795,52.86953982078888,53.02590188835496,6343200
2003-05-29,52.562782287597656,53.46488951934697,52.35229151786041,53.073975467918004,8634400
2003-05-30,53.428794860839844,53.51299574566512,52.749209156935095,52.7852919730359,7883900
2003-06-02,53.72948455810547,54.673694181348395,53.55508126251659,53.77158728476487,9531700
2003-06-03,53.85581588745117,53.94001221460154,53.40476216842179,53.55511340809825,7868800
2003-06-04,54.55342102050781,54.67370471624111,53.729494911061565,53.789639053105134,8728600
2003-06-05,54.57147216796875,54.589513578460405,54.09035106422414,54.20461486012286,7943400
2003-06-06,54.649662017822266,55.62393496762857,54.57749178184013,55.01050402102294,10657300
2003-06-09,54.26475524902344,54.69175209167599,53.946006861812585,54.37300829281946,7852500
2003-06-10,54.745887756347656,54.78798591615447,54.22266842565653,54.42112855711422,6330500
2003-06-11,55.39540481567383,55.46757505432169,54.57147846410926,54.733860353978166,8546800
2003-06-12,55.58784103393555,55.7502182969986,55.028534434834214,55.69609407209561,8582500
2003-06-13,55.076622009277344,55.64795441572156,54.757878376944134,55.56977348707347,6188100
2003-06-16,56.23134231567383,56.2674251312395,55.214966852603894,55.31720914396322,8098900
2003-06-17,56.207271575927734,56.50195853580696,55.93664134988497,56.4358036648449,7674800
2003-06-18,56.08699035644531,56.35160524185072,55.70810254840943,55.924608556329176,7920100
2003-06-19,55.40141296386719,56.23736528594084,55.23301576219627,56.11107082595359,9831000
2003-06-20,55.37910079956055,56.00018998733942,55.3549850296088,55.87958813512933,8022600
2003-06-23,54.812286376953125,55.40925057398957,54.56505603849443,55.37909896181505,11290200
2003-06-24,54.987144470214844,55.210249793357434,54.6193169585326,54.637406081977765,9751300
2003-06-25,54.3238525390625,55.31276921224531,54.31782589750821,54.93891041384096,9713500
2003-06-26,54.77004623413086,54.938884126660184,54.28161707304241,54.39618761461054,7084700
2003-06-27,54.191226959228516,54.99320776966489,54.13695495222598,54.788191433303005,7029600
2003-06-30,54.21531295776367,54.73991595663913,54.1429518611477,54.492690260724224,5865400
2003-07-01,54.619346618652344,54.67361401845684,53.57616212876871,54.02237761785289,7580100
2003-07-02,55.27056121826172,55.28261910218714,54.70374406347977,54.75801144187896,4518100
2003-07-03,54.69169235229492,55.27659874842544,54.420346205869166,54.87259285023927,3271500
2003-07-07,55.69268035888672,55.957999925413674,55.23440236229248,55.23440236229248,6733800
2003-07-08,55.75298309326172,55.80725509970844,55.33088793419704,55.51178388787096,4683200
2003-07-09,55.37308120727539,55.77105586901214,55.01128480556267,55.57809748139929,7519700
2003-07-10,54.625370025634766,55.07761673250532,54.335934709512806,55.01731809168753,7534400
2003-07-11,55.1077766418457,55.28867719199949,54.67361900187029,54.685681492143,4634600
2003-07-14,55.3851318359375,56.07857753196849,55.174084345969,55.8192893012957,6303200
2003-07-15,55.22834396362305,55.77707196087859,54.91478839411245,55.722804585584086,6847200
2003-07-16,55.041439056396484,55.36102599658879,54.613312721375515,55.36102599658879,6340400
2003-07-17,54.70376205444336,55.0776163854528,54.50477240055625,54.69169956606097,8581700
2003-07-18,55.451316833496094,55.529815349700264,54.829354647826285,55.00446636805168,6411800
2003-07-21,55.0406494140625,55.48145509964259,54.829303906799,55.439185998189885,8945900
2003-07-22,55.348663330078125,55.51773989072572,54.61800381057983,55.14335278715551,8465700
2003-07-23,55.59016799926758,55.656591555335716,54.98632084009417,55.445245971022665,5297200
2003-07-24,55.095069885253906,56.13972856657363,55.0407257966788,55.96461215839898,6703400
2003-07-25,56.103485107421875,56.115560032857836,54.901825015410175,55.179594370354934,8848600
2003-07-28,55.95252990722656,56.24841398928443,55.79552821579099,56.19406530082921,5665800
2003-07-29,55.71699523925781,56.175920534009734,55.396956867769305,56.07326758598321,5964800
2003-07-30,55.65058135986328,55.90419617478429,55.40300170220925,55.843812353182656,5326400
2003-07-31,55.83780288696289,56.622802207711494,55.73514987384075,56.10349737456633,10218800
2003-08-01,55.42713165283203,55.88605678673683,55.25201542269746,55.84982282419945,6744800
2003-08-04,55.517730712890625,55.69888216635593,54.708572811710944,55.312420203908616,7649300
2003-08-05,54.364402770996094,55.58417759445697,54.364402770996094,55.40906122447528,5980900
2003-08-06,54.74483108520508,55.25206090841798,54.40667326273777,54.593869170154754,9097500
2003-08-07,55.28226089477539,55.2822608947754,54.6059497863595,54.82937510243259,6172200
2003-08-08,55.66865921020508,55.67469436347864,55.221809090651035,55.42107971637212,4950100
2003-08-11,55.81968307495117,55.95253030657619,55.31244860938222,55.584182839613135,5897700
2003-08-12,56.308799743652344,56.393338055673226,55.680797563645434,55.837799260395286,5578600
2003-08-13,56.17593002319336,56.550317117283385,55.886085814277095,56.45973907437556,7474500
2003-08-14,56.21818161010742,56.50803033551911,55.801530114001444,56.1879920098909,6255900
2003-08-15,56.43226623535156,56.54714716971809,56.17226525788573,56.32342850959526,3955800
2003-08-18,57.006683349609375,57.073195547782554,56.55924142719221,56.668079150281386,5725200
2003-08-19,57.133628845214844,57.20618882551571,56.60758398071815,57.061073478047696,7069200
2003-08-20,56.946189880371094,57.133630735934155,56.74060556928211,56.80107452810079,5287000
2003-08-21,57.1034049987793,57.47224353120118,56.8978206728246,57.19409921729762,6866500
2003-08-22,56.66202926635742,57.5871475723758,56.62575156436017,57.538778840758155,5891900
2003-08-25,56.52290725708008,56.837324469045825,56.23871989663379,56.547089293042994,4386600
2003-08-26,56.59548568725586,56.74060102791151,55.960603188678945,56.29920718791997,5630500
2003-08-27,56.55311965942383,56.661957240202156,56.383817781130915,56.5107941898506,3113800
2003-08-28,56.81925582885742,56.94018461059144,56.117855978015626,56.68623140106761,5054100
2003-08-29,57.085243225097656,57.109425264899635,56.64989269854428,56.6982613912806,4475200
2003-09-02,57.72012710571289,57.80477808667592,56.87966049962823,56.994545950849115,6002600
2003-09-03,58.05873107910156,58.18571216378692,57.65966282752574,57.81082595267904,5565500
2003-09-04,58.173606872558594,58.34290880652193,57.83500300463191,57.992213920368606,4861500
2003-09-05,57.67177200317383,58.016423852496494,57.35735463365281,57.85921747430295,7304100
2003-09-08,58.1192512512207,58.19180666284638,57.62947915706461,57.847154618214745,3895200
2003-09-09,57.714115142822266,58.04062824929072,57.53272204798558,57.913651698964436,4283000
2003-09-10,57.24851989746094,57.593171764439305,56.96433238004938,57.49642511462508,7627700
2003-09-11,57.42387771606445,57.64759630184756,57.15782900525771,57.28480554092416,6201700
2003-09-12,57.472251892089844,57.56294612380209,56.89782895014796,57.16992548468934,5043100
2003-09-15,57.33920669555664,57.568973020946935,56.98850708327681,57.52059970619112,3837800
2003-09-16,58.04669952392578,58.07693402518271,57.38762983738707,57.41181190262796,4994100
2003-09-17,58.0164794921875,58.19182949430875,57.87136399886378,58.05880503662102,4179700
2003-09-18,58.62109375,58.62109375,57.86527766445005,58.03458434264688,5946100
2003-09-19,58.449031829833984,58.76408625045601,58.29150230828259,58.60656135138537,4988400
2003-09-22,57.897708892822266,58.07341409389826,57.64324120401552,57.9946516061675,6260600
2003-09-23,58.02490997314453,58.152148368185046,57.65532879903008,57.93403200880185,5297100
2003-09-24,57.219058990478516,58.218752930082594,57.14029197579833,58.09757930785101,6193900
2003-09-25,56.49806213378906,57.40081807895222,56.47988655312791,57.29782004022082,7249000
2003-09-26,56.528419494628906,56.79500267249934,56.42541672109478,56.7223002705721,6563600
2003-09-29,56.90407180786133,57.01919012962706,56.37696080289864,56.65566418284651,6895700
2003-09-30,56.425350189208984,56.79493570483032,55.99517786925955,56.79493570483032,7710900
2003-10-01,57.44325637817383,57.48566762719529,56.54050000758592,56.6010868458338,6855900
2003-10-02,57.67353820800781,57.73412509392071,57.22518508278961,57.297892119374936,6458500
2003-10-03,58.115779876708984,58.685306315524336,57.98248606145608,58.3581318478525,6949100
2003-10-06,58.285457611083984,58.43087164894271,58.02492990468956,58.170343942548286,3654400
2003-10-07,58.58228302001953,58.58833846539469,57.89158320410521,58.04305254307725,6654000
2003-10-08,58.60658645629883,58.72170014377928,58.2430559243062,58.612641908678036,4543600
2003-10-09,58.8549690246582,59.31543744618966,58.558090197444855,59.04278966315307,6368000
2003-10-10,58.94584274291992,58.97613385482001,58.63684381766658,58.818608978987385,2693400
2003-10-13,59.315425872802734,59.38812823610915,59.04883821406622,59.07307387599498,4450500
2003-10-14,59.594120025634766,59.60018009581911,59.09730058753895,59.254830054977866,4614600
2003-10-15,59.50932312011719,59.878908978127015,59.285146651699066,59.860733382238195,5040900
2003-10-16,59.485107421875,59.6789882139143,59.1034059126209,59.18216839540843,7649400
2003-10-17,59.02644729614258,59.675556017751084,58.9293820604543,59.60275709098487,6300000
2003-10-20,59.432857513427734,59.45105607577655,58.95967637907044,59.178068383900275,4402000
2003-10-21,59.20844650268555,59.432906422453456,59.087119568302064,59.329778065394905,4534400
2003-10-22,58.365177154541016,58.82015983079561,58.213516262456146,58.70489607174771,6838900
2003-10-23,58.207481384277344,58.54113738651524,58.019423253011844,58.025490988050464,6921600
2003-10-24,58.34694290161133,58.34694290161132,57.691767137728604,57.89196050363504,6605300
2003-10-27,58.41375732421875,58.7049438823093,58.274227153402144,58.5108179674733,3797100
2003-10-28,59.22662353515625,59.28729160860465,58.49865293701728,58.571451848160855,5377400
2003-10-29,59.372230529785156,59.46322339736676,59.02037601405328,59.050705427138844,4433100
2003-10-30,59.633094787597656,59.815085173174914,59.29337107020095,59.7847557564081,7224500
2003-10-31,59.46928024291992,59.78473755386121,59.43288310255133,59.59061175802198,5322700
2003-11-03,59.76049041748047,60.148742133680685,59.724088637112885,59.724088637112885,5379000
2003-11-04,59.80287551879883,59.99700111790789,59.68154412665606,59.80893861716644,4792700
2003-11-05,59.790809631347656,59.94247057674237,59.438959755558734,59.65734725886835,4225700
2003-11-06,60.015254974365234,60.03345354287699,59.42074217581401,59.66340055539254,5902800
2003-11-07,59.51779556274414,60.27003222460272,59.51779556274414,60.22756736373142,4668600
2003-11-10,59.33583068847656,59.754416406295334,59.208436041384985,59.65735117327792,4654200
2003-11-11,59.220611572265625,59.40866980305147,59.10534768716298,59.26307648335688,3349600
2003-11-12,59.936405181884766,60.02739804298607,59.244831667567404,59.28729654552287,6125700
2003-11-13,59.88789749145508,60.00316133458069,59.62097264561744,59.742304224782956,4045600
2003-11-14,59.432857513427734,60.24575748715499,59.29332748821676,59.88784008543623,6104900
2003-11-17,59.17203140258789,59.275159728370106,58.61998337341636,59.12349879222291,5914800
2003-11-18,58.60181427001953,59.390453385888456,58.52295220976336,59.32978990658933,4693200
2003-11-19,59.074989318847656,59.16598684184046,58.6018077532766,58.668538961582904,4055300
2003-11-20,58.565364837646484,59.26906890043814,58.55929710663408,58.638163724827415,6756700
2003-11-21,58.72371292114258,58.80283375838631,58.376811696300024,58.76631466302704,4752900
2003-11-24,59.320098876953125,59.429646797002206,58.89407712421194,58.90625169490531,4876800
2003-11-25,59.4478645324707,59.68521742775257,59.25920060115312,59.38700564913295,5583100
2003-11-26,59.581764221191406,59.733913769946625,59.12531557492574,59.691312082024595,4061200
2003-11-28,59.69127655029297,59.739965491288714,59.49652542954295,59.55738428417114,864400
2003-12-01,60.31204605102539,60.34856507945095,59.843427749200856,59.843427749200856,5854300
2003-12-02,60.09904479980469,60.2755387543795,59.95298259862451,60.19033541675492,3578100
2003-12-03,60.22077941894531,60.61028182683763,60.15992053831869,60.2512111808761,6231600
2003-12-04,60.52508544921875,60.56768713489664,60.166014761824556,60.17818468206017,6236600
2003-12-05,60.12948226928711,60.45203845570525,60.001672607466624,60.342490633597755,5430200
2003-12-08,60.74417495727539,60.768519438496504,60.086892537245525,60.086892537245525,5192800
2003-12-09,60.51894760131836,60.951051345638994,60.421569755326026,60.859760775828995,9541200
2003-12-10,60.61640548706055,60.71986611054162,60.2390774147795,60.54337664377402,5558100
2003-12-11,61.09104537963867,61.121477126875575,60.56765090114644,60.60416992647727,6778500
2003-12-12,61.243228912353516,61.328432280154836,60.8172120733469,61.05456497554134,6134200
2003-12-15,61.13371276855469,61.94314982571303,60.98156315524994,61.894460835078455,7563800
2003-12-16,61.772682189941406,61.80919657535208,61.22494319261549,61.26754485667233,5991500
2003-12-17,61.991798400878906,61.991798400878906,61.53534985854565,61.67532481131642,4867400
2003-12-18,62.56999588012695,62.58217044753468,61.89445132934478,62.010086503533245,10491800
2003-12-19,62.616905212402344,62.818031295765415,62.39749578507608,62.799747951802225,10810400
2003-12-22,63.14714813232422,63.15933547885858,62.53767850815345,62.53767850815345,6459300
2003-12-23,63.05573654174805,63.30562135837184,62.818043723434414,63.01916984658747,7622800
2003-12-24,62.897216796875,63.04349274631666,62.836270809548026,62.87284212184883,3742600
2003-12-26,62.9399528503418,63.092320321282756,62.89729014447378,62.92776549861645,2088500
2003-12-29,63.79927062988281,63.841933311016554,63.12885507640254,63.15932576299321,6589900
2003-12-30,63.58594512939453,63.83582517139522,63.48233644490359,63.707837152338875,5478200
2003-12-31,63.732208251953125,63.835816923056626,63.494515583006525,63.67735824368023,5658100
2004-01-02,63.610355377197266,64.28077112896372,63.37875391121412,64.01869896737772,8231300
2004-01-05,64.34783172607422,64.37830243046437,63.87244595863454,63.89682066219218,6942600
2004-01-06,64.29908752441406,64.39660496018844,64.07967794380896,64.14672001843203,7702700
2004-01-07,64.32949829101562,64.34778162939284,63.878487578258984,64.18931828031936,6669400
2004-01-08,64.60989379882812,64.64036449842463,64.30515890355004,64.58551444921962,7701000
2004-01-09,63.80537796020508,64.4392269424068,63.762715271493626,64.21372150214097,9382200
2004-01-12,64.09791564941406,64.11619899312838,63.75051816919025,63.8785062250744,7877100
2004-01-13,63.689552307128906,64.1649376952009,63.262925587034154,64.10399168517058,8506600
2004-01-14,64.40264892578125,64.44531161007001,63.86022137558817,63.90898005759929,6643000
2004-01-15,64.57937622070312,64.67689355537027,63.97600282456807,64.64641822581618,9694800
2004-01-16,64.71906280517578,64.74345803413615,64.34704370612981,64.68246763527813,8975200
2004-01-20,64.3165512084961,64.8898274808616,64.2189749414698,64.8898274808616,8631500
2004-01-21,64.828857421875,65.03620994755968,64.05432380436932,64.34706198212382,9293800
2004-01-22,64.94470977783203,65.10327643777981,64.76175254212069,64.95080974822997,6018200
2004-01-23,64.56049346923828,65.00569358381063,64.25556009923542,64.99349829629266,6833100
2004-01-26,65.36548614501953,65.39598132861327,64.4750816884408,64.5116721864239,7087700
2004-01-27,64.82266998291016,65.3898456565121,64.79827477993801,65.35935048956962,5658700
2004-01-28,64.07866668701172,65.1215377414257,63.755438218164954,64.93858060110895,7716700
2004-01-29,64.08476257324219,64.31041016388785,63.63955805295702,64.31041016388785,12596700
2004-01-30,64.08476257324219,64.17624346403079,63.77372940572546,63.99938164928252,8248200
2004-02-02,64.21891021728516,64.5604337870381,63.74931065596521,64.15791987733527,6735300
2004-02-03,64.12742614746094,64.31038319941536,63.86518351870778,64.03594529502901,3869100
2004-02-04,63.90180969238281,64.30432380675329,63.798133506406906,63.85301925677814,8405900
2004-02-05,64.11531829833984,64.30438023899693,63.84087999981805,64.03603726059082,5332700
2004-02-06,64.65198516845703,64.73736615403152,63.93234210939019,64.17628977656645,6886500
2004-02-09,64.71906280517578,64.90202004300735,64.52390562640693,64.68246763527813,3840300
2004-02-10,64.7983169555664,64.98737408551662,64.53607416906505,64.61535514064462,3348600
2004-02-11,65.49968719482422,65.73143487527256,64.79833953049958,64.93251095446423,6889000
2004-02-12,65.4386978149414,65.60945974397995,65.3716121066886,65.47528832747435,3758000
2004-02-13,65.07275390625,65.66432515769245,64.87150149679083,65.49966324942363,4074800
2004-02-17,65.56678771972656,65.65826867972575,65.31674007258977,65.40212106114504,2929300
2004-02-18,65.35939025878906,65.61553306648791,65.18252841930786,65.53625209827028,4074000
2004-02-19,65.31672668457031,65.81681722342505,65.22524574332203,65.65215525150931,6430900
2004-02-20,65.0648193359375,65.41943045228217,64.77135160588952,65.41331518073541,9334700
2004-02-23,64.94863891601562,65.22376541870894,64.6490513340079,65.20542427380727,7350700
2004-02-24,64.7040786743164,65.13205426561564,64.39838049065007,64.72241981900292,7973900
2004-02-25,64.92420196533203,65.00979711025703,64.63072956517091,64.63684483683286,4212700
2004-02-26,64.7713623046875,64.9608937726743,64.51457216774762,64.73467533393253,4878100
2004-02-27,64.850830078125,65.21155645823167,64.64906810270527,64.814147778807,5151000
2004-03-01,65.39491271972656,65.47439251697635,64.9119093412522,65.08309946737859,5244100
2004-03-02,64.86917114257812,65.31549266356413,64.71632200950674,65.21155637257607,7420700
2004-03-03,64.82633972167969,64.96696290309403,64.57566969991879,64.72851875317734,5421600
2004-03-04,64.7408218383789,64.94258394881234,64.67968307707473,64.87532991200119,4216400
2004-03-05,64.93029022216797,65.22987779086729,64.43506067348567,64.49008877033033,6828600
2004-03-08,64.31277465820312,65.13815868368056,64.29443351657216,64.9669684756803,3972000
2004-03-09,63.97651672363281,64.42894873799679,63.8114417537244,64.35558415785269,8046900
2004-03-10,62.86994552612305,64.13553694628567,62.833258539514745,64.09273934906619,10163100
2004-03-11,62.05669021606445,63.26114100895552,61.989436286998796,62.74145537355985,14357500
2004-03-12,62.66815948486328,62.76598519232896,62.21572724930068,62.27075071131027,8724500
2004-03-15,62.02619552612305,62.576453508353,61.83054876183983,62.57033823505411,9750500
2004-03-16,62.44800567626953,62.58251358268574,61.89163757605473,62.29515663072068,8644400
2004-03-17,63.13277053833008,63.31007598939659,62.61308472083589,62.65588226663935,6934900
2004-03-18,63.163360595703125,63.297868550045926,62.57642061141264,62.924916372853374,9918500
2004-03-19,62.397064208984375,63.21727056108079,62.354217678202055,63.07649110419098,7337600
2004-03-22,61.65032196044922,62.01757869850553,61.32591176400076,62.0053388308702,9303500
2004-03-23,61.607383728027344,62.08481724392431,61.56453725018828,61.90118681323355,8777700
2004-03-24,61.64413070678711,61.950178424328456,61.28299664164876,61.6869772004462,8309600
2004-03-25,62.53167724609375,62.66021673808174,61.81552197656354,61.94406146855153,7684300
2004-03-26,62.55621337890625,62.954076738629134,62.3542252349799,62.49500470893093,5376500
2004-03-29,63.36412811279297,63.42534140259894,62.96014748560001,62.98463186753873,6766500
2004-03-30,63.65792465209961,63.69464888348683,63.168246440654904,63.26006168904048,4685000
2004-03-31,63.608951568603516,63.786459791425465,63.22333315552513,63.59671171561316,6973100
2004-04-01,63.7069091796875,63.8844174585355,63.38861686247086,63.41310124609666,7655300
2004-04-02,64.24553680419922,64.41692278016488,63.90276485226787,64.3618364321406,7605000
2004-04-05,64.67400360107422,64.76581417712143,64.12923438699545,64.23329415637797,3395500
2004-04-06,64.66175842285156,64.82702679789774,64.39243494939399,64.45364822602879,3779800
2004-04-07,64.45364379882812,64.68011609511844,64.17207582141704,64.66787624258262,5364600
2004-04-08,64.0803451538086,64.85158291297418,63.719206009821,64.83322077631637,5463200
2004-04-12,64.45989990234375,64.55783761274813,64.18445826420381,64.19669814304083,3299300
2004-04-13,63.55997848510742,64.75356721172051,63.54773863295123,64.69847620222544,6847900
2004-04-14,63.79265594482422,63.87834902476782,63.24789079235876,63.32746160375708,8778900
2004-04-15,63.584529876708984,63.98239320492344,63.29072641612604,63.79264494205022,7101300
2004-04-16,64.09835815429688,64.15347584297298,63.60840133849497,63.85337974639592,5904400
2004-04-19,63.981964111328125,64.1044509249137,63.75535836636511,63.95134007164551,3748300
2004-04-20,63.10005187988281,64.30044055677367,62.98981186503707,64.16570224167631,6431100
2004-04-21,63.26543045043945,63.387917310512215,62.8367170950364,63.204182347828876,8370700
2004-04-22,64.19023132324219,64.4107114586611,63.15520450857724,63.2041964600007,9166100
2004-04-23,64.25753784179688,64.31266015817764,63.86557457724515,64.15342362177516,4820600
2004-04-26,64.2759780883789,64.51483080826881,63.91463847152133,64.26373126771239,3700700
2004-04-27,64.34335327148438,64.66794778397458,64.15349716174316,64.25761150111246,5690900
2004-04-28,63.55327606201172,64.15347290020888,63.387918330993976,64.15347290020888,8846500
2004-04-29,63.118404388427734,63.85946021350624,62.683570210368686,63.58386260021734,11963400
2004-04-30,62.683616638183594,63.418551938917034,62.683616638183594,63.265441002002774,6158900
2004-05-03,63.26543045043945,63.40016412748981,62.87346689111759,62.87958796331929,6128000
2004-05-04,63.16133499145508,63.77990461200672,63.008224023081226,63.302199138292444,7694500
2004-05-05,63.36341857910156,63.522655234187745,63.14906423912448,63.35729283436674,3496600
2004-05-06,62.83669662475586,63.19191494485144,62.4141138243675,62.97143493048678,9045900
2004-05-07,61.948692321777344,63.10008500255727,61.94869232177734,62.51213950561164,8867700
2004-05-10,61.18921661376953,61.85677761449742,60.95035941134345,61.617925084643225,17582000
2004-05-11,61.391353607177734,61.64245776058168,61.24436843126356,61.52609196533844,8772500
2004-05-12,61.85066223144531,61.88128627273885,60.51553533381175,61.31783942449014,16597400
2004-05-13,61.38523864746094,61.905814896451865,61.2382487843347,61.44035634170205,10827100
2004-05-14,61.519901275634766,61.85674681543974,61.07282047469678,61.36679051619061,8797800
2004-05-17,60.97488021850586,61.22598432456567,60.625787571169894,60.93813509959901,6814900
2004-05-18,61.225990295410156,61.39134801919053,60.99938447071386,61.1524953778555,6481600
2004-05-19,61.06060791015625,62.10176454142911,61.02998854229597,61.74654623172757,8893400
2004-05-20,61.25654983520508,61.33617041958925,60.88908495153581,61.1708081847679,8190900
2004-05-21,61.304500579833984,61.75291763528223,61.15093219630388,61.396637860723935,6336900
2004-05-24,61.34140396118164,61.81439289411175,61.071121892913666,61.685395912403536,6829100
2004-05-25,62.207523345947266,62.25666638868473,60.97283603130339,61.169403515714734,9302200
2004-05-26,62.256629943847656,62.3180563680414,61.955637184723294,62.04163511590168,6353700
2004-05-27,62.8402099609375,62.88320893834447,62.459358527806444,62.471641941406844,5972800
2004-05-28,62.76647186279297,62.840186376340654,62.55761641767548,62.784899319546064,4535500
2004-06-01,62.75419235229492,62.82175813574194,62.32419802635703,62.600623954431875,5099400
2004-06-02,63.17189407348633,63.30703501383246,62.71118887859847,62.90161687932965,5817300
2004-06-03,62.7357292175293,63.264004620142416,62.63744792844465,62.95686797613634,7500200
2004-06-04,63.06134033203125,63.39304400609221,62.907771906932645,63.12276676476341,4636700
2004-06-07,63.87217712402344,63.939742914899306,63.34390140236776,63.374612273395684,5772300
2004-06-08,64.17316436767578,64.18544777771989,63.68174360826909,63.71860321147279,5393400
2004-06-09,63.853755950927734,64.13018195689983,63.743186485846266,63.945897952918436,5151600
2004-06-10,64.03800201416016,64.03800201416016,63.84757875966029,63.945860066761014,3496100
2004-06-14,63.638736724853516,63.86601961794244,63.45445747790732,63.86601961794244,4341700
2004-06-15,63.9520378112793,64.19774823830464,63.669472460487974,64.02575234534788,7290000
2004-06-16,63.87831497192383,63.976601004569716,63.737034658165356,63.96431290722099,3838200
2004-06-17,63.853755950927734,63.964325416009196,63.632617020764805,63.79232951177956,2779500
2004-06-18,64.07817077636719,64.2687683225883,63.79534694652102,63.85067990220187,3919400
2004-06-21,63.82606887817383,64.28105050506633,63.78918025089912,64.09659798704803,4152200
2004-06-22,64.04742431640625,64.07201830368528,63.43258870690059,63.78919448621149,4098600
2004-06-23,64.51470947265625,64.57619210380909,63.77690851717393,63.92446777010558,4784400
2004-06-24,64.31797790527344,64.58850717723134,64.23190126252778,64.42249887277528,4658200
2004-06-25,63.9736442565918,64.55158651457296,63.893712628713516,64.27491237868583,3581100
2004-06-28,63.709266662597656,64.42862318995064,63.63548470178323,64.29335860720255,6769100
2004-06-29,64.12733459472656,64.21955615278584,63.678502685276634,63.75842959920196,5171000
2004-06-30,64.33027648925781,64.49013513162204,63.875299251110185,64.12738421371628,6940800
2004-07-01,63.487937927246094,64.342559205023,63.29119068396273,64.23803825814652,10590600
2004-07-02,63.34650421142578,63.6293279936935,63.20509466570335,63.56784537856102,4276300
2004-07-06,62.9222412109375,63.272701828779184,62.750088080586416,63.14973195651342,6318600
2004-07-07,63.082122802734375,63.2788699795955,62.84848699609388,62.84848699609388,5597800
2004-07-08,62.75620651245117,63.266520674017904,62.62709172894971,62.93450922037757,8076400
2004-07-09,62.9406852722168,63.09439408237485,62.77467713038654,62.90994163385693,3660200
2004-07-12,63.06367492675781,63.198939482740954,62.59025367163924,62.897671411301864,5886500
2004-07-13,63.06367492675781,63.20508915096449,62.940709707221735,63.17434550066925,3267000
2004-07-14,62.885398864746094,63.38341431409658,62.66405762262933,62.79932223623673,7294700
2004-07-15,62.47344207763672,63.04523934019539,62.448848092160496,63.008350707392594,4528300
2004-07-16,62.58116149902344,63.06728909354199,62.43347865219282,63.0303695555226,5944900
2004-07-19,62.11964416503906,62.57500701105375,62.01503568477328,62.52577783395713,9645400
2004-07-20,62.7042350769043,62.85807274652637,62.064269807906136,62.255027015916504,5270600
2004-07-21,61.781150817871094,63.10415446837143,61.756536250565425,62.85801349006345,9341600
2004-07-22,61.85498809814453,62.13189845154087,61.30732690144216,61.63961650866864,11667800
2004-07-23,61.42427062988281,61.73810061719409,61.22735870926114,61.73194579927608,6837100
2004-07-26,61.399627685546875,61.68884296231547,61.11041240877828,61.578079764717884,8701800
2004-07-27,62.11964416503906,62.27963664322673,61.52275799806521,61.56583235433658,7015800
2004-07-28,62.384239196777344,62.575001066215556,61.57813145110219,62.02118461337479,9645100
2004-07-29,62.48263931274414,62.69801087293067,62.181119128483,62.599557314594506,7651300
2004-07-30,62.611915588378906,62.64268499236733,62.18732222604865,62.3965438447157,3943800
2004-08-02,62.728759765625,62.90721177000259,62.24878767545247,62.322626646404316,6024000
2004-08-03,62.30425262451172,62.72884607064412,62.24887332010463,62.63038771424995,5626400
2004-08-04,62.396602630615234,62.691968530269634,62.070467297983534,62.12584664363511,5963500
2004-08-05,61.3626708984375,62.45799257870778,61.319596608586835,62.45799257870778,8179900
2004-08-06,60.53197479248047,61.153474846575584,60.39659705562889,60.98733242982427,9082800
2004-08-09,60.56277847290039,60.821224485276815,60.49508956088507,60.56893329074281,5095100
2004-08-10,61.27045822143555,61.36276174913147,60.53203938937297,60.68587703728204,7344300
2004-08-11,61.356632232666016,61.44893579842871,60.74743621023931,61.03049703575833,6687400
2004-08-12,60.661190032958984,61.2150058432372,60.50119775560154,61.09193305498269,6939400
2004-08-13,60.73506546020508,60.85813832231952,60.4089305914137,60.73506546020508,4192700
2004-08-16,61.41197204589844,61.55350000940942,60.710472962645674,60.71662308644981,5697000
2004-08-17,61.688865661621094,61.89808250365179,61.44887942764466,61.65809626967537,5946900
2004-08-18,62.2857780456543,62.33500721214535,61.393517008322966,61.424286411067804,6069000
2004-08-19,62.05809783935547,62.26116463388807,61.73196282103135,62.156556174190115,5510900
2004-08-20,62.486976623535156,62.604237641950625,61.906849111612004,61.95622266763131,5462800
2004-08-23,62.27097702026367,62.610409644538215,62.215430589205305,62.499321490943224,4521700
2004-08-24,62.46847152709961,62.684474979495235,62.16606669374572,62.53635899906996,3746000
2004-08-25,62.875797271728516,63.04860475761677,62.203100072908775,62.456131365902124,6232300
2004-08-26,62.869632720947266,62.9992348114211,62.7523716687707,62.857286974127206,4238800
2004-08-27,63.04856491088867,63.1041066077156,62.77701517034925,62.89427614167665,2971100
2004-08-30,62.585777282714844,63.0054387423685,62.524057930624146,62.912869131283415,4482800
2004-08-31,62.881980895996094,62.89432664421734,62.270998197698454,62.61043093740899,5158700
2004-09-01,62.875797271728516,63.11031936260131,62.46847711201256,62.789395883045664,4624300
2004-09-02,63.59171676635742,63.71514600911509,62.838786143373774,62.857300058935046,4906000
2004-09-03,63.48066711425781,63.80775904386959,63.449807430566395,63.567068578361805,5160900
2004-09-07,63.96195983886719,64.0730479550235,63.641041230260164,63.721269705281884,4500100
2004-09-08,63.86941909790039,64.04222187837154,63.70278919059539,63.84473231375842,5085900
2004-09-09,63.56705856323242,63.918837242668495,63.486829990212236,63.79540794440268,5990800
2004-09-10,63.70899200439453,63.80156160277757,63.295494061342644,63.56704410599914,3670200
2004-09-13,63.8755989074707,64.01137388073434,63.67810932141172,63.85091212064793,4570500
2004-09-14,63.8755989074707,63.95582743325233,63.72131002122077,63.78919750785259,3690100
2004-09-15,63.28312683105469,63.69044702096471,63.27078108402909,63.659592070446486,6374500
2004-09-16,63.41277313232422,63.62877677063177,63.307857752078576,63.36339952684644,5572200
2004-09-17,63.64133834838867,63.820505866141076,63.44363707251882,63.55484433479375,4894400
2004-09-20,63.1099853515625,63.44978175420846,63.02349137899313,63.36328778163909,6733300
2004-09-21,63.24591064453125,63.56099383436368,63.10381069952514,63.25826490717301,6604900
2004-09-22,62.4613151550293,63.017351552619544,62.44896088555883,62.99263830010765,8852700
2004-09-23,62.05970764160156,62.535429308933544,62.02881962378627,62.51071606653989,7438900
2004-09-24,62.2265739440918,62.362494536446384,62.08447385747389,62.08447385747389,5528200
2004-09-27,61.880550384521484,62.140032382370684,61.7816974061583,62.0164661594167,5243000
2004-09-28,62.33161163330078,62.49224551453172,61.72615307981876,61.93620878225062,8556800
2004-09-29,62.6899299621582,62.70228423571916,62.16478613472597,62.25745497036444,7240800
2004-09-30,62.319175720214844,62.44273718171618,62.12147455367214,62.22650226730504,6375100
2004-10-01,63.11614990234375,63.1346836472842,62.53540075518636,62.60953573494816,7370500
2004-10-04,63.20886993408203,63.56102551449807,63.17798190529823,63.418930212237065,5422400
2004-10-05,63.042091369628906,63.24597225358457,62.85056947392246,63.21507949653446,5210500
2004-10-06,63.412803649902344,63.41898314624523,62.8876595865481,62.96179940193885,5244700
2004-10-07,62.671329498291016,63.2829667304445,62.665150011300675,63.270612470031324,6821900
2004-10-08,62.21416473388672,62.85052014927191,62.14620449256955,62.523073207666826,7265900
2004-10-11,62.48607635498047,62.55403667314342,62.34398093596669,62.37486899012967,3549500
2004-10-12,62.43040466308594,62.55396616761897,62.004109459379265,62.15238420753275,5207100
2004-10-13,61.8311653137207,62.68993110583577,61.6396387182379,62.66521784469048,7916000
2004-10-14,61.27508544921875,61.92996990958315,61.16387820938619,61.86818915713601,8125100
2004-10-15,61.45425796508789,61.750807486554926,61.20713022148558,61.42336522954898,7489800
2004-10-18,61.60639572143555,61.7115191257936,61.06224776878683,61.24157037898537,9897800
2004-10-19,61.27864456176758,62.06395376058036,61.229175299961575,61.82279700633668,9483600
2004-10-20,61.1487922668457,61.27246070569236,60.72212813282222,61.16734206090785,9636600
2004-10-21,61.17967987060547,61.371367266274035,60.722096506373404,61.21059460539125,12984900
2004-10-22,60.45008850097656,61.24157824932797,60.394434371793494,61.179743997297585,10885700
2004-10-25,60.40053176879883,60.57985414243279,60.14700556956468,60.30159333466525,8935700
2004-10-26,61.266326904296875,61.27869187047021,60.39444818303536,60.573770857287414,8281200
2004-10-27,61.92173385620117,62.0639568114726,60.98184142392694,61.18589388302254,10346700
2004-10-28,62.002166748046875,62.237143579581875,61.66826074534884,61.847578713680136,7890500
2004-10-29,62.07014083862305,62.23091359869222,61.89081828270916,61.90937279620287,5304700
2004-11-01,62.27420425415039,62.43497703029301,62.02068248951151,62.13816611415659,6267300
2004-11-02,62.16289520263672,62.78124689822471,62.014492116637335,62.32366796443133,7390000
2004-11-03,62.89252471923828,63.30063893620457,62.540064585334264,63.028562791560375,10058100
2004-11-04,63.88804626464844,63.96843022288669,62.76264726108649,62.805931656698675,9474700
2004-11-05,64.44462585449219,64.57447916738909,63.99941180018863,64.12926511308552,8309800
2004-11-08,64.48788452148438,64.51261914991122,64.19725853452893,64.32711179553387,5256900
2004-11-09,64.43840789794922,64.66719964650578,64.29000486200175,64.41985810816172,6609300
2004-11-10,64.54974365234375,64.80945027461011,64.40134054214151,64.47553973841772,5466600
2004-11-11,64.9825668334961,65.08769019002548,64.56827239721291,64.61155682014326,4604100
2004-11-12,65.32888793945312,65.39690703498687,64.92695820702227,65.04444659342623,4875200
2004-11-15,65.51541900634766,65.58357597226423,65.31093392597343,65.3976843126398,4601700
2004-11-16,65.14356231689453,65.3542449974756,65.02583246623794,65.32945852166978,8043800
2004-11-17,65.62069702148438,65.84377058748103,65.27988887134029,65.44719640960633,6900900
2004-11-18,65.68265533447266,65.74461915814878,65.51535253779346,65.63308238451708,4714100
2004-11-19,65.00264739990234,65.7050746088643,64.82859497591694,65.68021404192882,6968500
2004-11-22,65.14564514160156,65.26996699122168,64.7913226533522,64.8783488966012,8335900
2004-11-23,65.26370239257812,65.2885676930784,64.80992370051851,65.16424593314811,7527500
2004-11-24,65.28857421875,65.36317012770681,65.08965653743677,65.28235670736069,6210400
2004-11-26,65.22012329101562,65.48741907264136,65.2076930246321,65.32579715425766,1807300
2004-11-29,64.9404525756836,65.58693605748992,64.66072154676247,65.49990989095545,9181300
2004-11-30,64.85347747802734,65.12077369788577,64.76645124296407,65.02131243348536,7401100
2004-12-01,65.68636322021484,65.80447214039278,65.00258446971957,65.03988002658912,8612600
2004-12-02,65.79210662841797,66.05940280101099,65.49373237312588,65.54967576752817,8250700
2004-12-03,65.69884490966797,66.13397585751046,65.61803148894604,65.68019711798495,7206400
2004-12-06,65.48749542236328,65.72371344214591,65.41911702111798,65.69263062609917,3494200
2004-12-07,64.90312194824219,65.66149174093965,64.87825666515194,65.56203535114646,7572700
2004-12-08,65.276123046875,65.30720110873175,64.90936587343273,65.00260954414316,7090100
2004-12-09,65.50614929199219,65.64290610716976,64.7477787813596,64.97777456818343,8913400
2004-12-10,65.58065032958984,65.73605471425712,65.33821986891414,65.38795041022337,5999500
2004-12-13,66.17127227783203,66.17748978932889,65.59938452698515,65.82938502665195,7457100
2004-12-14,66.36395263671875,66.48205685602626,66.01584326028254,66.04070855449727,5822400
2004-12-15,66.419921875,66.55046116356979,66.1091126900514,66.27695230576386,9270700
2004-12-16,66.61260986328125,66.6934185235024,66.27693545974859,66.4074747151384,8572800
2004-12-17,66.32315826416016,66.60332089594644,66.13016082329177,66.21732126432187,8222200
2004-12-20,66.37915802001953,66.7091230529879,66.21105957876958,66.46631841552494,6136000
2004-12-21,66.87726593017578,66.90839670141698,66.37297973531223,66.46014019492101,8002500
2004-12-22,67.24449920654297,67.31920535785224,66.80247039506077,66.8398234707154,6666000
2004-12-23,67.33168029785156,67.58071196201374,67.25696937363773,67.31300375426909,3318100
2004-12-27,67.08898162841797,67.58704099302244,67.06407794770402,67.50610759312072,5591200
2004-12-28,67.48735046386719,67.53093066562427,67.1138051988228,67.1636077509125,3461100
2004-12-29,67.38774108886719,67.43132129400588,67.13248695873664,67.40641764108575,4043900
2004-12-30,67.14491271972656,67.49355898771043,67.09510543145966,67.39394441117662,2786600
2004-12-31,66.93321990966797,67.35657224024739,66.9083162725888,67.19470097417444,4262800
2005-01-03,66.81494140625,67.60561184544036,66.57213683634754,67.3316812857384,11691300
2005-01-04,66.1799545288086,66.98930199324631,65.92469561125398,66.92704522673368,10628300
2005-01-05,65.8126449584961,66.47880247085114,65.8126449584961,66.17996803066842,10885300
2005-01-06,66.0180435180664,66.40404283862262,65.8873029618822,66.07407314933793,8238900
2005-01-07,65.89356994628906,66.30447318682934,65.76282930154093,66.19863620058855,8555700
2005-01-10,66.11762237548828,66.38533046038411,65.84991429059245,65.89349445558099,6028100
2005-01-11,65.69439697265625,65.9372066461421,65.53875254728047,65.9309795391576,7592600
2005-01-12,66.01178741455078,66.1363055680252,65.34563073057879,65.73162988152664,10574200
2005-01-13,65.33946990966797,66.05543458123717,65.25230948876946,65.96827416033867,7669700
2005-01-14,65.64448547363281,65.77522600408568,65.40168095280848,65.45148347639788,5986900
2005-01-18,66.0927505493164,66.17368381745754,65.37055923402491,65.52620342267736,6601700
2005-01-19,65.52619171142578,66.14876835476475,65.51374226850746,66.08651164040742,6567900
2005-01-20,65.22113800048828,65.66939399531856,65.10907400178071,65.40790816507864,8661700
2005-01-21,64.70893859863281,65.45050059428826,64.67155051627505,65.40064664825525,7901200
2005-01-24,64.65283203125,65.00180001287575,64.57182296532464,64.87716994924718,9877700
2005-01-25,65.17632293701172,65.43805383390914,64.83982061333718,64.86474283748454,9751100
2005-01-26,65.30091094970703,65.58756386496285,65.23236299667504,65.38192000586685,7851200
2005-01-27,65.16387176513672,65.3258947728199,64.93953367890948,65.0890908182824,8393800
2005-01-28,65.0827865600586,65.21364949832987,64.65903786522915,65.14510156575966,7791600
2005-01-31,65.30717468261719,65.46296469402196,65.10776365819243,65.41934368100198,5333900
2005-02-01,65.68110656738281,65.83066373093105,65.33213351332157,65.44430257456688,4800300
2005-02-02,65.98017883300781,66.1359688324047,65.64990479497978,65.7184527750611,4660100
2005-02-03,65.9925765991211,66.02373171425212,65.7059238665414,65.8679418756113,4818700
2005-02-04,66.67813873291016,66.80900179915551,65.90542144703224,65.93034842455538,6413300
2005-02-07,66.68439483642578,66.84641311511974,66.62207974813299,66.63454086405696,3710300
2005-02-08,66.83387756347656,66.93981357102254,66.6220055483846,66.71547569955388,5046500
2005-02-09,66.51610565185547,66.97724753448016,66.44755766266353,66.93985469670831,7444900
2005-02-10,66.98966217041016,67.11429219829719,66.63446136116819,66.69677637511171,5221000
2005-02-11,67.35731506347656,67.54426483461067,66.76531537876885,66.93979929618459,4722600
2005-02-14,67.28883361816406,67.37607565691043,67.20158682508317,67.30752766156192,3689300
2005-02-15,67.59412384033203,67.68136580562171,67.25138415217222,67.3386261174619,4711000
2005-02-16,67.58171844482422,67.72504737564078,67.357380403576,67.47578235710556,4285800
2005-02-17,67.12684631347656,67.6502988240455,67.09568638836967,67.58798372816878,5746600
2005-02-18,67.33168029785156,67.35041574226938,66.95071037847684,67.12558564439189,4906500
2005-02-22,66.20742797851562,67.24416098074079,66.19493452128016,67.03181985631628,8958900
2005-02-23,66.71959686279297,66.79453859926242,66.31989171875202,66.41981562233167,6457800
2005-02-24,67.08179473876953,67.16922989378072,66.42602631132699,66.56342577344704,7124200
2005-02-25,67.67508697509766,67.71255781279842,67.01307676314524,67.09426516644933,4984900
2005-02-28,67.26293182373047,68.0623467377636,66.98813756299003,67.51899541846944,7471500
2005-03-01,67.59392547607422,67.75630234731295,67.30039109096384,67.30039109096384,5316000
2005-03-02,67.4940185546875,67.88123496072002,67.28791926930597,67.33163686636927,7239700
2005-03-03,67.60645294189453,67.86875859034241,67.22548317230321,67.71262359509554,7779800
2005-03-04,68.41207122802734,68.45578881126845,67.85623134187942,68.01861297885746,6123100
2005-03-07,68.28096771240234,68.59323775067561,68.26223227248397,68.31843859223909,4124200
2005-03-08,68.17475891113281,68.39958882926302,68.0498481067716,68.25594736032261,7533400
2005-03-09,67.4565200805664,68.21845911597978,67.45027335072534,67.96864233578313,5060900
2005-03-10,67.74378204345703,67.90616360379086,67.28786623497024,67.5814004831232,5215200
2005-03-11,67.3503189086914,67.95612281980691,67.23165967636082,67.75627042525036,3489300
2005-03-14,67.53771209716797,67.55020555751388,67.18797144522709,67.41904804817702,3474500
2005-03-15,67.18175506591797,67.75008864693835,67.15052616580388,67.69387757970523,3926400
2005-03-16,66.41979217529297,66.89444365310648,66.31986830698771,66.79451501994174,6444500
2005-03-17,66.38233947753906,66.62590963142635,66.22620451915691,66.55096313605304,4476200
2005-03-18,66.28101348876953,66.58126933296037,65.95574069893378,66.54373436968356,10700300
2005-03-21,65.94324493408203,66.3811179574158,65.82439770734793,66.3310745080509,7322400
2005-03-22,65.38651275634766,66.32480578495091,65.36774765936042,66.01829806521395,7066800
2005-03-23,65.31140899658203,66.02451084297343,65.18630047907357,65.36144763118345,7267500
2005-03-24,65.33014678955078,65.77427110326926,65.2738467870907,65.50529386849328,5058600
2005-03-28,65.53040313720703,65.82440245793636,65.40529450476564,65.43031623125391,4968200
2005-03-29,65.09873962402344,65.76179819298034,64.96737923427177,65.43652552870041,7659600
2005-03-30,65.89317321777344,65.92445155331016,65.16756260288,65.16756260288,5654100
2005-03-31,65.67420959472656,65.88063506248827,65.55536247252584,65.78680487056006,7374200
2005-04-01,65.08625793457031,66.06833772407013,64.89234080785553,65.94948575341316,7737700
2005-04-04,65.19259643554688,65.5679126697358,64.71719332695831,65.10502280664961,11559300
2005-04-05,65.42403411865234,65.4803341744192,65.14880477931776,65.23637840170665,4398700
2005-04-06,65.6930160522461,65.83063311742545,65.50536032260545,65.55540375947156,4531300
2005-04-07,66.0058364868164,66.04337148257757,65.52418112162948,65.56171134498177,3852800
2005-04-08,65.39273834228516,66.01826673112768,65.3802251019627,65.96196669448236,3649600
2005-04-11,65.34892272949219,65.56159999716242,65.29262271767311,65.5490915347586,3187600
2005-04-12,65.67420959472656,65.86812659735202,64.77970400682764,65.18004170481301,9085300
2005-04-13,65.0424575805664,65.81811160874878,64.8985839211726,65.63045114387059,8180200
2005-04-14,64.0541000366211,65.16128304785187,64.04784341723496,65.11749625695353,10780100
2005-04-15,63.036285400390625,64.2256502670851,62.98621054955605,63.98151805678829,12132300
2005-04-18,62.94233322143555,63.230283641899774,62.66690030801254,62.986151659857235,13000100
2005-04-19,63.38058853149414,63.53708381181882,63.0988989372525,63.23035439962239,7633400
2005-04-20,62.68573760986328,63.712346078471526,62.52924235823573,63.543333308090446,12009900
2005-04-21,63.925140380859375,64.03155593630433,63.02372679155396,63.19273945162225,7323400
2005-04-22,63.74363327026367,63.950208103996516,62.986196989098275,63.787451740220185,6159600
2005-04-25,64.10044860839844,64.2131253675731,63.7749358481803,63.8813562366298,4631900
2005-04-26,63.543338775634766,64.23817813471656,63.49325914459943,63.88762549332566,6071100
2005-04-27,63.787418365478516,63.95643101092169,63.061278642294454,63.292893162796794,10413200
2005-04-28,62.923583984375,63.743622028735935,62.92358398437501,63.62468415589144,7083400
2005-04-29,63.77492141723633,63.83752331716658,62.87351232366478,63.41811255656428,10176500
2005-05-02,64.21311950683594,64.22563702299931,63.76241251127337,64.00028352521802,5349200
2005-05-03,64.40715789794922,64.52609576671432,63.88133636923742,64.05034906750791,7114100
2005-05-04,64.95802307128906,65.05818228793183,64.26944517236018,64.48228111979888,8803600
2005-05-05,64.78902435302734,65.15209442797423,64.46977275085989,64.9830769073569,8842100
2005-05-06,64.74522399902344,65.13333399214943,64.72644533055643,65.05195339431683,5379900
2005-05-09,64.94552612304688,65.02690193044717,64.60749582361699,64.76399106728698,3912600
2005-05-10,64.28825378417969,64.78277940108649,64.16305948090104,64.70140358154102,6964900
2005-05-11,64.48853302001953,64.63251069000256,63.53704440712116,64.46975436216393,7684300
2005-05-12,63.80619812011719,64.68882821864192,63.806198120117195,64.4885146322081,5534400
2005-05-13,63.64347457885742,64.14426119048842,63.13643159707596,63.994027117341155,11750400
2005-05-16,64.25067901611328,64.2944974879578,63.59339716259025,63.612180601256675,5840400
2005-05-17,64.7827377319336,64.82029981944196,64.02530169982103,64.08164244315685,5973700
2005-05-18,65.62783813476562,65.76555470292747,65.01437950040614,65.05193682777556,8503700
2005-05-19,65.8156509399414,65.85320827679301,65.47135943261276,65.70297415352991,5010200
2005-05-20,65.70570373535156,65.84386043427534,65.38543661452141,65.8313029121544,6342600
2005-05-23,66.07628631591797,66.25212056125427,65.70577433513887,65.70577433513887,5310900
2005-05-24,65.83131408691406,66.01970569741944,65.70571488879096,65.88783013272982,5147900
2005-05-25,65.68061065673828,65.7559701935197,65.41058309662634,65.7559701935197,5065900
2005-05-26,66.10765075683594,66.15789045737667,65.83761835533149,65.93181659606495,4759800
2005-05-27,66.17046356201172,66.21442210936848,65.9820670498414,66.12650501465495,2107100
2005-05-31,65.70570373535156,66.15785118960437,65.66802637787006,66.13901251086362,5593300
2005-06-01,66.14535522460938,66.45934627214919,65.69320734957232,65.712046045845,7951400
2005-06-02,66.23324584960938,66.28976191582807,65.96321346505941,66.00717200249214,3463700
2005-06-03,65.76223754882812,66.21438509236697,65.54872130165938,66.10762457322276,5009600
2005-06-06,65.70570373535156,65.93177746247797,65.46707248610423,65.72454720521102,2761400
2005-06-07,65.86275482177734,66.40281976103645,65.80623873775203,65.86903598370996,6878900
2005-06-08,65.81251525878906,66.19558466057912,65.66807729126067,66.1076627730907,6071000
2005-06-09,65.9255142211914,66.0887859968606,65.54872140689105,65.76223765440255,4067300
2005-06-10,66.04486083984375,66.17673647502453,65.61155655028463,66.02602214783536,5115500
2005-06-13,66.15160369873047,66.528396629777,65.78737787843791,65.91297232803932,4816100
2005-06-14,66.29601287841797,66.50952909949413,66.05738161120962,66.11389765168565,4180400
2005-06-15,66.40279388427734,66.51583079940092,65.93180753644924,66.48443458421825,6118100
2005-06-16,66.42791748046875,66.57863177876662,66.22696348569787,66.37767778399574,6817800
2005-06-17,66.66302490234375,66.95849550597778,66.56872505918342,66.76989581965714,7295800
2005-06-20,66.61272430419922,66.80760710982399,66.34868860697429,66.43670050604926,3709900
2005-06-21,66.63787078857422,66.76360070173527,66.44298798428795,66.62529971577361,3861400
2005-06-22,66.650390625,66.84527807575853,66.43036104796784,66.76983730808249,3443200
2005-06-23,65.4119873046875,66.55614678033075,65.39941143560652,66.50585289658432,12891900
2005-06-24,64.66387939453125,65.39312150139993,64.61358551232276,65.3742624946439,9810400
2005-06-27,64.7204360961914,64.91532362949333,64.39982348941612,64.65128322893703,9047400
2005-06-28,65.36795806884766,65.38052913716159,64.85874107082343,64.86502900312391,6487600
2005-06-29,65.12903594970703,65.53766503628859,65.09760589460686,65.5250939735055,5145900
2005-06-30,64.59471893310547,65.4245487071099,64.47527217593525,65.34282475531808,9964300
2005-07-01,64.82733154296875,65.03478541174776,64.64501981878409,64.79589666779299,6487600
2005-07-05,65.1479721069336,65.29885381675288,64.62618844841971,64.65761854074744,4745900
2005-07-06,64.54441833496094,65.28623614630754,64.50670032979862,65.14793039899568,8956200
2005-07-07,64.83988189697266,64.87759989810071,63.95347529645443,63.96604636473477,13370400
2005-07-08,65.73260498046875,65.77661093299429,64.78961617238802,64.89020394746873,8886100
2005-07-11,66.1600570678711,66.24806892454747,65.77657477965842,65.77657477965842,6848700
2005-07-12,66.07209014892578,66.31726688731767,65.91492532706998,66.12867197886455,6652800
2005-07-13,66.40523529052734,66.42409908567254,66.10348171621635,66.20406464222448,6548000
2005-07-14,66.90193939208984,66.99623927148977,66.66305052106233,66.68190953768409,10958900
2005-07-15,66.87923431396484,66.98619966607613,66.64013444444653,66.91698566164473,4914200
2005-07-18,66.64645385742188,66.85409596643296,66.48286140837948,66.72825488247271,6084600
2005-07-19,67.01139831542969,67.0680253618646,66.76600484648597,66.97993564483504,3829200
2005-07-20,67.13091278076172,67.25675379099357,66.53944947151302,66.60866346729858,5790600
2005-07-21,66.8163070678711,67.31967592147868,66.70933692601183,67.26934239648678,8750400
2005-07-22,66.99884033203125,67.04288520645802,66.58355597269485,66.89187009368227,5836600
2005-07-25,66.778564453125,67.23159987352783,66.60867857073791,67.02395783908854,5809400
2005-07-26,66.58352661132812,66.82262656699014,66.47026772695577,66.70936768261778,5627100
2005-07-27,66.9169692993164,66.98618328682382,66.53314802333027,66.75337216516012,7002400
2005-07-28,67.37008666992188,67.40783805438032,66.90446865965004,67.08694168541935,6609300
2005-07-29,67.09320068359375,67.4266887006422,66.94219041207275,67.33859417501414,5551000
2005-08-01,66.8163070678711,67.14979007351127,66.75967525153067,67.14979007351127,4700800
2005-08-02,67.1435317993164,67.32600472463362,66.92330751032303,66.99252154408231,4396000
2005-08-03,67.32601928710938,67.35118846851401,66.92961548117998,67.03028740626803,3290700
2005-08-04,66.77232360839844,67.15614529235545,66.70310954732217,67.105806920567,5165000
2005-08-05,66.47659301757812,66.75344446694403,66.4073789551038,66.65906601859852,7191400
2005-08-08,66.40736389160156,66.7282649447791,66.22489093197238,66.6590508980049,6558200
2005-08-09,66.86669921875,66.96737595805678,66.5835542903792,66.61501697154536,5427100
2005-08-10,66.8478012084961,67.53364806454539,66.56465637467281,67.15612001927116,8485100
2005-08-11,67.24421691894531,67.32601315065716,66.72196725359338,66.77859430619465,5800000
2005-08-12,66.70307159423828,67.1246444169021,66.57093704387478,67.10576873835426,5361800
2005-08-15,67.08694458007812,67.13727816135047,66.52694328396521,66.73458070797786,4665800
2005-08-16,66.31925964355469,66.94847462157603,66.2122942494181,66.84779792083853,6792700
2005-08-17,66.49547576904297,66.76603855094046,66.24378867881916,66.31300274864401,6394900
2005-08-18,66.54578399658203,66.80375966679196,66.30039051494316,66.36331105885805,6723200
2005-08-19,66.7218246459961,67.0184181292874,66.58929810960863,66.81017246052454,4033600
2005-08-22,66.67768859863281,67.13204698222525,66.3684662576106,66.81021039567196,6929700
2005-08-23,66.43783569335938,66.72181489678778,66.20434713819155,66.66501713026446,6953900
2005-08-24,65.74369812011719,66.57669544398895,65.73107906404768,66.2548541463624,9086400
2005-08-25,65.92034149169922,66.00237732755411,65.75626500539728,65.84461277157706,5454900
2005-08-26,65.56698608398438,65.8762034337739,65.49756925643646,65.85727244709624,5546700
2005-08-29,66.03395080566406,66.14122957851063,65.282989766551,65.31454461249106,6547200
2005-08-30,65.63011932373047,65.83836989631862,65.28303503608353,65.83836989631862,8566800
2005-08-31,66.19174194335938,66.2485397259038,65.33981372195669,65.68058597343685,9550100
2005-09-01,66.00880432128906,66.38113182600644,65.76900351144776,66.12239519218244,7401300
2005-09-02,66.00880432128906,66.21705505369367,65.81948941286716,66.12239519218244,11825500
2005-09-06,66.78495788574219,66.84806280653278,66.21069203297517,66.24855883712699,10767100
2005-09-07,67.03731536865234,67.12566313236037,66.70916240522936,66.77226726293624,7275000
2005-09-08,66.83543395996094,67.07523454968437,66.68397639472876,66.87960787950463,5879000
2005-09-09,67.37186431884766,67.4791431999217,66.93012010300421,66.98060598160319,7449900
2005-09-12,67.40340423583984,67.52961891333827,67.28981343339008,67.33398736686512,4963100
2005-09-13,66.96162414550781,67.40336321139773,66.89851925246563,67.26452955794812,6012100
2005-09-14,66.62088775634766,67.15097973495106,66.53253989567997,67.06262705968608,6904700
2005-09-15,66.67768859863281,66.82914139316362,66.42526406468312,66.77234358609111,7019500
2005-09-16,67.13582611083984,67.23062008461227,66.76927334002968,66.95886610924158,6797100
2005-09-19,66.69979095458984,67.08530273059586,66.44067442705447,67.06634392549223,8614000
2005-09-20,66.18155670166016,66.97153898692316,66.08675786309476,66.78826251814183,11001900
2005-09-21,65.54959869384766,66.04886828863295,65.48640104853827,66.04886828863295,10702800
2005-09-22,65.75177001953125,65.97928517841659,65.37257969527788,65.56217244657128,7931300
2005-09-23,65.78968048095703,66.04247561030576,65.5179265606987,65.6759229138334,4974300
2005-09-26,66.00463104248047,66.37750053394504,65.73919321112197,66.13734754732404,6407000
2005-09-27,66.06145477294922,66.29529118349778,65.77074197213258,65.9603395830279,8162900
2005-09-28,66.1689224243164,66.38380013960777,65.82765427817274,66.23212487224728,6376500
2005-09-29,66.61135864257812,66.70615755427265,65.78977450345623,66.10576766132266,9185600
2005-09-30,66.83251953125,66.85779954986228,66.48492530241926,66.58604537686838,4172600
2005-10-03,66.5354232788086,66.99677475023432,66.45958811537743,66.82613598918213,5411100
2005-10-04,65.83395385742188,66.76297367344577,65.83395385742188,66.64921604655166,6459100
2005-10-05,65.233642578125,65.94778553561362,65.19572493380628,65.90354667668377,8901800
2005-10-06,65.03138732910156,65.54329465842545,64.58267766164799,65.30945800566548,11180100
2005-10-07,65.07561492919922,65.41688803033236,64.98081604193918,65.31576793147586,6857700
2005-10-10,64.66480255126953,65.246228471127,64.64584374413704,65.208310856862,5053100
2005-10-11,64.79752349853516,65.208315360904,64.68376582621256,64.89864357245324,7939900
2005-10-12,64.48149871826172,65.17036562270452,64.38669990110579,64.80381276792461,16982500
2005-10-13,64.43731689453125,64.74067241335138,64.19716385748328,64.48155573876831,8091400
2005-10-14,64.98707580566406,65.07555339766856,64.46252663758945,64.77219820960518,8777900
2005-10-17,65.41053771972656,65.49901535602935,65.05662717451544,65.13878360203385,10068700
2005-10-18,65.01242065429688,65.5748879737975,65.00609944237216,65.448487843663,4804500
2005-10-19,65.92247009277344,65.94775011596636,64.6900990975648,64.848095626267,12384800
2005-10-20,64.95552062988281,65.96669727055124,64.77224411037564,65.76446194241755,10696000
2005-10-21,64.63775634765625,65.2136384245937,64.46689304891434,65.16301047380087,10676100
2005-10-24,65.65664672851562,65.71359957443124,64.82763422808375,64.890916777373,11279400
2005-10-25,65.6440200805664,65.85285209926124,65.22634638687458,65.54909380216817,6667100
2005-10-26,65.51749420166016,65.97946649248426,65.37826954338017,65.46686617534846,7512100
2005-10-27,64.76439666748047,65.44786031308287,64.67580006469713,65.38457771511659,5411400
2005-10-28,65.7136459350586,65.7895879446718,64.84033455119281,64.9605748593756,8511100
2005-10-31,65.75791931152344,66.31481264561272,65.74525990157241,65.96675129421301,5342600
2005-11-01,65.9034652709961,66.11863177552178,65.79588443280824,65.97307753762352,5384200
2005-11-02,66.25790405273438,66.37814439561332,65.66304170431302,65.72632431650842,6249000
2005-11-03,66.59963989257812,66.82113146244295,66.37181861267314,66.54268698667893,6455800
2005-11-04,66.56796264648438,66.75781038492434,66.28318379659744,66.68187322080888,4155600
2005-11-07,66.83380126953125,66.99833995906874,66.55535192233779,66.75785922170898,3314800
2005-11-08,66.82743835449219,66.91603495218713,66.63759057149696,66.73251204891834,3077000
2005-11-09,66.82743835449219,67.1501858621823,66.61860144786021,66.71352775343406,4387700
2005-11-10,67.44757843017578,67.51086098609909,66.65653441076056,66.82106809053126,7604300
2005-11-11,67.72610473632812,67.78306248540534,67.39703214975057,67.43500076369845,3297100
2005-11-14,67.83995819091797,67.86527218825216,67.6437807467671,67.68807903506412,3607500
2005-11-15,67.78941345214844,68.07418780235791,67.56791692625562,67.8273820780012,7408600
2005-11-16,67.73870849609375,67.93488594449133,67.54253104769617,67.81465048974027,6907300
2005-11-17,67.95390319824219,68.01719063772215,67.62483072245368,67.80202396542855,5314800
2005-11-18,68.22541046142578,68.33327054684985,67.82569111155179,68.25079015929305,8014000
2005-11-21,68.62516021728516,68.71398677257041,68.22543587781728,68.37136798474832,5132900
2005-11-22,68.92970275878906,68.99314960282648,68.42211832512196,68.51094971559502,7228500
2005-11-23,69.27232360839844,69.4499767133187,68.7901188659834,68.7901188659834,5402800
2005-11-25,69.36751556396484,69.47537571609749,69.2977225618354,69.2977225618354,1592000
2005-11-28,69.18350219726562,69.4690154455789,69.00584907914318,69.4246021660483,7201700
2005-11-29,69.08834075927734,69.53247362695745,69.07565332335157,69.35482047988542,6523900
2005-11-30,68.66321563720703,69.3357608240455,68.56804296116604,69.14542031264689,6149900
2005-12-01,69.19620513916016,69.40558414988028,68.9297254022539,68.99317226713364,5844300
2005-12-02,69.04388427734375,69.3230560999076,68.93602419705579,69.17712405429045,5143600
2005-12-05,68.77110290527344,69.00586162013377,68.61248332945341,68.89799662965534,4607400
2005-12-06,68.96778106689453,69.33577959886895,68.82819992367963,69.03757405884433,5144600
2005-12-07,68.58709716796875,68.98682155949221,68.3269636052377,68.95509571103692,8612400
2005-12-08,68.29524230957031,68.85992759678757,68.12393530227239,68.63151502660024,7453200
2005-12-09,68.35869598388672,68.59345471572543,68.11124981496634,68.31428269307244,5127800
2005-12-12,68.34596252441406,68.65050921615656,68.15561721156321,68.5870623921004,5095700
2005-12-13,68.77110290527344,69.02489519472253,68.25717702863587,68.3713833168537,7727900
2005-12-14,69.15814971923828,69.34214904708007,68.79015106355467,68.79015106355467,7047400
2005-12-15,69.01217651367188,69.47534762775764,68.9677632430623,69.15810859749391,8461600
2005-12-16,69.00205993652344,69.46626791692525,68.99569952743597,69.30093609321617,4573100
2005-12-19,68.81120300292969,69.34536513217066,68.70946083880482,69.1863890588292,7584100
2005-12-20,68.60781860351562,68.94484761747235,68.4869950507492,68.83038447579156,5050500
2005-12-21,68.77310180664062,69.2118727986242,68.67135471474576,68.72858866682871,5923100
2005-12-22,69.12915802001953,69.15459477499813,68.77941355508494,68.90659247841299,4253800
2005-12-23,69.15465545654297,69.28183449146755,69.05926875456493,69.21824497400526,1906900
2005-12-27,68.51879119873047,69.47264908084738,68.44884123258281,69.27552000437962,8654300
2005-12-28,68.58232879638672,68.77310216891031,68.48058655552428,68.67135507647949,4159700
2005-12-29,68.47422790527344,68.77310393249272,68.39156202922985,68.63956450892914,2907700
2005-12-30,68.00995635986328,68.4105791350777,67.92729055543005,68.29611617809705,5063100
2006-01-03,68.88756561279297,69.03382099453125,67.8764744951931,68.32161074974988,9761900
2006-01-04,69.1483154296875,69.22462578407503,68.84943927279964,68.951186411983,5844500
2006-01-05,69.23729705810547,69.32632332163928,68.9066287723467,69.0020154408665,4843600
2006-01-06,69.64424896240234,69.75871195045215,69.16096510313928,69.52343042336939,9017800
2006-01-09,69.93675231933594,70.08300758156939,69.61243978982887,69.6315161412885,10420700
2006-01-10,70.00040435791016,70.0385570949395,69.61250202621584,69.66973113175985,6390700
2006-01-11,70.22297668457031,70.24205305488009,69.8732270569936,70.0194873153173,4388600
2006-01-12,69.80327606201172,70.09579657417736,69.63794428748058,70.0894361669818,6331700
2006-01-13,69.65702056884766,69.90502308189792,69.43445483297808,69.71424967882733,3712200
2006-01-17,69.31993103027344,69.48526265974716,69.14823414761968,69.40895724662542,3914400
2006-01-18,69.05921936035156,69.24999262785815,68.81121702353245,68.93204041639099,4962200
2006-01-19,69.1419448852539,69.42810016193275,69.0211213965555,69.1419448852539,4596400
2006-01-20,67.77959442138672,69.0719067380874,67.76685955279883,69.04644185784093,16440200
2006-01-23,68.02790832519531,68.29528242935561,67.83692404683399,67.88785383532127,7596300
2006-01-24,68.07876586914062,68.37797198782376,67.97690640025836,68.08512844325067,7147800
2006-01-25,68.21246337890625,68.44800493767544,67.86232747137427,68.29522056753765,9525900
2006-01-26,68.75995635986328,68.88090844507896,68.4034529664201,68.51804247557536,8234300
2006-01-27,69.46021270751953,69.56206733498324,68.73448088047827,68.89363268214395,7922800
2006-01-30,69.3328628540039,69.5174745890141,69.23737084342682,69.44744743838592,4822900
2006-01-31,68.92545318603516,69.51113544843886,68.9063557488672,69.25649162003643,5224700
2006-02-01,69.75308227539062,69.78491459256685,69.07191245741497,69.07191245741497,7068500
2006-02-02,68.94454956054688,69.63844895501504,68.87452239232556,69.58115664843031,7334800
2006-02-03,68.61988830566406,69.14827342911447,68.58805600399026,68.8172349766452,5108600
2006-02-06,68.76630401611328,68.83633119301079,68.54349247913355,68.72174170871733,3454100
2006-02-07,68.42257690429688,68.88729766394809,68.32071737197725,68.64538856008375,11363000
2006-02-08,69.1291732788086,69.20556789103962,68.54986325440423,68.5753281251479,5261200
2006-02-09,69.28832244873047,69.74668039086677,69.18010039487254,69.26922501062934,7852600
2006-02-10,69.47295379638672,69.71486768194038,68.89364367151897,69.28833709417462,7640600
2006-02-13,69.42204284667969,69.70214681584049,69.11010170601418,69.42840542405135,10955500
2006-02-14,70.2813949584961,70.37688695432004,69.4665389937245,69.57476098909345,13191000
2006-02-15,70.47245788574219,70.55521998042616,70.02046708213983,70.21781873667584,9483800
2006-02-16,70.83528900146484,70.8480238667815,70.39603328660087,70.54881767190452,5659100
2006-02-17,70.8059310913086,70.93986841215539,70.5890894591711,70.81231021750311,3941800
2006-02-21,70.5189437866211,70.99727613704111,70.41052295499615,70.92074120926853,9063600
2006-02-22,70.85693359375,71.12479842520979,70.62095951806472,70.65922453231721,5032100
2006-02-23,70.62740325927734,71.01006837580401,70.46158479048806,70.85700330236354,9454300
2006-02-24,70.64013671875,70.70391340480398,70.21282270390492,70.51895760915296,5469600
2006-02-27,70.6974868774414,71.00362157744199,70.63371023414636,70.65284274055027,2547500
2006-02-28,70.09163665771484,70.64012482395003,70.01510172782793,70.53807825076748,6669100
2006-03-01,70.44882202148438,70.62739874004684,70.21284286289789,70.30851035237082,4725400
2006-03-02,70.39774322509766,70.47427812952235,70.04059006947604,70.25743653242259,5008800
2006-03-03,70.20008087158203,70.82510417586023,70.03425756785923,70.07252747847221,6315000
2006-03-06,69.91940307617188,70.39136096772884,69.69618237927128,70.2446703007106,5497300
2006-03-07,70.05976867675781,70.09803858707424,69.70899441549895,69.74725945996536,6271500
2006-03-08,70.2192153930664,70.36590617858394,69.68985955147511,69.96410373373384,6353000
2006-03-09,69.97047424316406,70.50620914834646,69.95134172259498,70.270230041012,6042400
2006-03-10,70.6974868774414,70.81866590579418,70.0724689609656,70.14899898658126,8351400
2006-03-13,70.79959869384766,70.99092880018571,70.58275206764398,70.81873121789641,5690200
2006-03-14,71.18861389160156,71.27790221134269,70.63374659105442,70.67839075092498,4981700
2006-03-15,71.64142608642578,71.70520275495355,71.13758213311505,71.23324956883064,5835200
2006-03-16,71.92212677001953,72.04330598509645,71.70528487551712,71.74354994728732,6334700
2006-03-17,72.03649139404297,72.10680246977945,71.87669438129964,71.98536005619465,5742800
2006-03-20,72.03013610839844,72.23467618359116,71.9086887624146,72.04931097847586,6846500
2006-03-21,71.78717041015625,72.40079002878973,71.64654833318738,72.06841456409397,8855200
2006-03-22,72.26660919189453,72.34970677072103,71.76164997858776,71.78721808925603,7281700
2006-03-23,72.08761596679688,72.34329212121962,71.748847134749,72.22823809556023,6603900
2006-03-24,72.0685043334961,72.27943771169056,71.80643470423243,72.0173680824269,4651600
2006-03-27,71.876708984375,72.04929252410729,71.71691193916597,71.93423845649204,3459600
2006-03-28,71.22465515136719,72.04920751699359,71.154344144302,71.80631317381822,8467700
2006-03-29,71.56987762451172,71.81916054213673,71.25667688535005,71.35255117934643,7838700
2006-03-30,71.21833038330078,71.9086546382159,70.98822229832906,71.55709926489308,8894100
2006-03-31,71.14801025390625,71.47399747889868,70.93068868832272,71.33976859251759,6037000
2006-04-03,71.14801025390625,71.83833442096652,71.11605378188244,71.3589434510553,7856300
2006-04-04,71.58905792236328,71.71689357514906,71.03296259184832,71.16719149025865,6192100
2006-04-05,71.81912231445312,71.88943334370366,71.32694510969947,71.56344628777983,7691900
2006-04-06,71.69771575927734,71.88947410716865,71.37173339512644,71.74885196893068,5248200
2006-04-07,71.10330963134766,72.03652402327775,71.00743040494922,71.88312018701227,7292800
2006-04-10,71.27584075927734,71.48676905017881,71.05851434760592,71.22470455928213,5947700
2006-04-11,70.90512084960938,71.4995658495846,70.63666307584434,71.41007992499625,7484400
2006-04-12,71.13522338867188,71.23749091886185,70.96263992133967,71.01377612474305,3721200
2006-04-13,71.12882995605469,71.46759876862713,70.97542622286687,71.06491214027783,4230500
2006-04-17,70.84126281738281,71.3462223189459,70.54084344130922,71.14807056730643,5455900
2006-04-18,71.99813842773438,72.09401760638424,70.9690453219022,70.9690453219022,10870700
2006-04-19,72.13874816894531,72.25380218821863,71.81276096823481,72.1131800672605,6002100
2006-04-20,72.54142761230469,72.79071048326733,72.12595453516151,72.1707023661399,10126900
2006-04-21,72.56126403808594,72.93238983561186,72.36930107196673,72.88759912776018,6997100
2006-04-24,72.52926635742188,72.60605251787742,72.26052211855874,72.46528033128601,5136000
2006-04-25,72.20294189453125,72.60606319392204,71.98538839731594,72.58686787144087,8235400
2006-04-26,72.55485534667969,72.7468182899817,72.24772049558099,72.28611113151322,6018800
2006-04-27,72.7979965209961,73.00915476005635,72.1005406718709,72.234912765322,14549000
2006-04-28,72.86837005615234,73.00914219129147,72.55483522540919,72.72760280283232,4110100
2006-05-01,72.49734497070312,73.07962471058595,72.42695881023673,72.91325697840848,5649300
2006-05-02,73.04117584228516,73.07316641948474,72.64445460680159,72.76603149289625,6042300
2006-05-03,72.919677734375,72.99006391480552,72.66372843115741,72.9004823909534,4748300
2006-05-04,73.15636444091797,73.34832258049227,73.03478753524521,73.03478753524521,4126700
2006-05-05,73.9882583618164,74.11623545007404,73.44436916174499,73.49555999704805,6889900
2006-05-08,74.0649642944336,74.22493181990752,73.98817812475038,73.98817812475038,3502300
2006-05-09,74.44249725341797,74.49368804141886,74.07777143210056,74.11616696401235,3952400
2006-05-10,74.58321380615234,74.73678605551952,74.25048369616064,74.38485575299298,8291900
2006-05-11,73.70661163330078,74.51924421739771,73.48905333970481,74.51924421739771,9635700
2006-05-12,72.86202239990234,73.62346462838397,72.8300269367482,73.52748800256606,9974000
2006-05-15,73.14995574951172,73.22034185693926,72.57407163502361,72.63805767400632,7380100
2006-05-16,73.13717651367188,73.40592086535543,72.94521347285625,73.20116256666945,6972200
2006-05-17,71.65904235839844,72.84280092209875,71.61425165215532,72.7532195096125,17248200
2006-05-18,71.2943344116211,72.69565167051333,71.21755311424972,71.96620005455294,10613500
2006-05-19,71.50540924072266,71.65936227990638,70.96656626246134,71.5952155880864,22180500
2006-05-22,71.18464660644531,71.62726694895933,70.73561012871417,71.01786134934076,16605100
2006-05-23,70.79976654052734,71.80688449917663,70.78693426921447,71.60161220486842,9473200
2006-05-24,71.28722381591797,71.56947481290621,70.68423972336127,71.1076113247703,15372400
2006-05-25,71.87738800048828,71.9030427337903,71.38986486850047,71.56306123569333,8585700
2006-05-26,72.34577941894531,72.36502294699407,71.92240711962825,72.12767957561742,5280200
2006-05-30,71.0948257446289,72.08911116046666,71.07558223699174,72.03138063755517,8299800
2006-05-31,71.67214965820312,71.72346404306768,71.07557649922992,71.36423887863678,7130200
2006-06-01,72.10197448730469,72.26875978213245,71.5054010231884,71.58237508689481,5982200
2006-06-02,72.07626342773438,72.39058538320103,71.76835271028503,72.33285487659636,6554400
2006-06-05,71.00505828857422,71.98651686757216,70.8190294561902,71.94802983124406,9940600
2006-06-06,70.55596923828125,71.16537459383896,70.05561856143034,71.06273604777968,15140100
2006-06-07,70.04283905029297,71.03071370778709,70.01076325921332,70.63941254819271,9062900
2006-06-08,69.92097473144531,70.3507630345732,68.9715868661003,69.9979537132019,26005000
2006-06-09,69.81190490722656,70.40206224991353,69.71568243103059,70.19678991793204,7295800
2006-06-12,69.24738311767578,70.08772062303265,69.18323644936261,70.04281746580573,9054200
2006-06-13,68.61872863769531,69.72206878608347,68.61231250360197,69.26020501289062,13085700
2006-06-14,69.49119567871094,69.51043920319174,68.60595439994998,68.73425271995616,10351500
2006-06-15,70.78689575195312,70.85745852354604,69.57450615869297,69.6322415600303,11215100
2006-06-16,70.6545639038086,70.91153238405649,70.48110478814573,70.61601471068374,5751300
2006-06-19,70.13422393798828,70.95011443483648,69.9993139529722,70.86017444482576,7078800
2006-06-20,70.57745361328125,70.81515479240558,70.19841686285912,70.3269059737473,7217400
2006-06-21,71.12353515625,71.47044848311772,70.46825769529512,70.47467847629227,9160600
2006-06-22,70.79588317871094,71.09782648575457,70.53248905856911,71.04643083745803,4818100
2006-06-23,70.64815521240234,71.11070643026827,70.44900312190592,70.67385304687943,6711600
2006-06-26,70.92440795898438,70.9565265792993,70.44258454200943,70.62889018473643,4298800
2006-06-27,70.19204711914062,71.04647704634047,70.11495359655393,70.93084411450339,6514800
2006-06-28,70.55179595947266,70.56464242719635,70.0057304060334,70.30767386183284,3983900
2006-06-29,71.82377624511719,71.86874621185281,70.75091292209491,70.8151599328819,8164300
2006-06-30,71.81739807128906,72.13218804667343,71.68890886607768,72.09364373579103,3904500
2006-07-03,72.08078002929688,72.11290355044288,71.86235576985982,71.92017222628921,1052200
2006-07-05,71.61182403564453,71.85594618642766,71.42551835424598,71.77885756058154,3459400
2006-07-06,72.0743637084961,72.31206013479279,71.7145988745592,71.72745024435774,9406000
2006-07-07,71.28414154052734,72.2092437277918,71.11068733109498,71.72742048881814,7181800
2006-07-10,71.40618896484375,71.81091863022682,71.24558125457706,71.52824749172277,4375500
2006-07-11,71.61182403564453,71.65036834856758,70.85375483953008,71.21351483044464,5236100
2006-07-12,70.87944030761719,71.64393015484401,70.65459035255047,71.52829233490093,4850200
2006-07-13,69.57530975341797,70.53253099056006,69.5496119139922,70.51325883633116,16123600
2006-07-14,68.94568634033203,69.76157145452436,68.74653432298345,69.65878505572988,8206500
2006-07-17,69.07418060302734,69.42751962195844,68.84933072796196,68.9842406530012,8335300
2006-07-18,69.50455474853516,69.53667333151336,68.6693931694133,69.22188377073596,11280500
2006-07-19,70.6930923461914,70.9500656701855,69.44677491070311,69.66520395157356,11503300
2006-07-20,70.2948226928711,70.95652606315224,70.17918487758382,70.8601653015472,7764700
2006-07-21,69.83745574951172,70.5129305405314,69.66376489618898,70.50649609172793,9159500
2006-07-24,71.08544921875,71.14977896041596,70.1204883696267,70.1204883696267,9628100
2006-07-25,71.27201080322266,71.57436599595364,70.69303329672127,70.93748828477972,8120800
2006-07-26,71.34923553466797,71.71592060488581,71.01471289388003,71.27847131865693,6206200
2006-07-27,71.58077239990234,71.90886036555658,71.26555332359162,71.63223814118992,9135400
2006-07-28,72.09540557861328,72.26266675032637,71.5035643962959,71.70298796884926,11306000
2006-07-31,71.98603820800781,72.0825352180698,71.83164593673374,71.92170850398043,3906800
2006-08-01,71.54861450195312,71.74160368187974,71.24625938788687,71.72873969976872,5439000
2006-08-02,72.03756713867188,72.1790906484851,71.69018054248424,71.76094475141392,3929700
2006-08-03,72.429931640625,72.47496784164139,71.58076661023598,71.68369808448573,6181100
2006-08-04,72.3591537475586,72.93169642846914,71.93456888771489,72.78373369936075,7698000
2006-08-07,72.26911163330078,72.32057737522558,71.95389255308709,72.14045218653204,3623200
2006-08-08,71.94747161865234,72.53931794583812,71.50359300831828,72.35275827736093,9064600
2006-08-09,71.37489318847656,72.37845521397239,71.22693536118105,72.3076910676861,8368700
2006-08-10,71.60010528564453,71.74806321785938,71.08545747644312,71.31061405245177,7656700
2006-08-11,71.43932342529297,71.50365321492335,71.11766956909273,71.44575296862216,5275000
2006-08-14,71.50355529785156,72.13399324417433,71.33629414742157,71.80591029392215,7949500
2006-08-15,72.2177505493164,72.33997572015575,71.87679812720388,72.09552047042699,4695800
2006-08-16,72.93817901611328,73.04754498589165,72.48786587483225,72.53289718896035,6681000
2006-08-17,72.9896240234375,73.25981183138052,72.81593326348663,72.88669743814462,5959600
2006-08-18,73.3674545288086,73.3674545288086,72.90326599274505,73.14180377137576,3983200
2006-08-21,73.17401123046875,73.21269195316779,72.91612826882235,73.12888208108376,5056000
2006-08-22,73.03211212158203,73.33512397025399,72.80646657002977,73.03211212158203,3930800
2006-08-23,72.92254638671875,73.25134714912622,72.58085369500601,73.0321450012858,7033800
2006-08-24,72.72270202636719,73.07083828329314,72.6388872559863,72.98058000650387,4049000
2006-08-25,72.74848937988281,72.94835121839743,72.54218403465065,72.67757637503784,3559800
2006-08-28,73.1353759765625,73.41259947191028,72.6776357714462,72.68407928342977,3875800
2006-08-29,73.18051147460938,73.34168782492513,72.80658116138595,73.14827423706147,4967000
2006-08-30,73.34160614013672,73.5414630179483,73.21266225226925,73.33515771606675,4297200
2006-08-31,73.37387084960938,73.54794394548298,73.29006097448674,73.40610806549961,3894800
2006-09-01,73.94770812988281,73.99283731157213,73.46417907519209,73.63180385805754,4494400
2006-09-05,73.9670639038086,74.07666265790945,73.74141304467874,73.89614590557565,5085300
2006-09-06,73.586669921875,73.78008349873944,73.47707119038388,73.67047984853674,4347600
2006-09-07,73.21271514892578,73.46414976354748,72.99996618796814,73.29008153754397,7050000
2006-09-08,73.4125747680664,73.52862188796857,73.16758367121197,73.24495005738333,3220000
2006-09-11,73.47058868408203,73.65755374334746,73.12244735841979,73.27073168773695,5681400
2006-09-12,74.12821197509766,74.25715105790188,73.49639866445123,73.56086820585335,9111200
2006-09-13,74.44409942626953,74.6504048635782,74.04438048954853,74.0508289178515,4674000
2006-09-14,74.46986389160156,74.52143654504783,74.1797437372648,74.32157960133503,4182000
2006-09-15,74.65522003173828,74.93940101727671,74.564799704983,74.81668560487816,7672200
2006-09-18,74.6100082397461,74.78439381435203,74.3581223453492,74.52604791745983,7036500
2006-09-19,74.49381256103516,74.63590316462982,74.06754567779325,74.62944808449704,8697300
2006-09-20,74.97174835205078,75.05570873468322,74.68110716132308,74.71340226947339,8912900
2006-09-21,74.5131607055664,75.0621428620529,74.24189470223874,74.97817758082816,8600800
2006-09-22,74.28069305419922,74.44215877821122,74.06109710722059,74.44215877821122,5824500
2006-09-25,74.66168975830078,74.98462094663905,74.12562280304992,74.39688874618362,7954400
2006-09-26,75.30111694335938,75.33341204385005,74.63587926459168,74.70692454363876,5624600
2006-09-27,75.55298614501953,75.63694648357766,75.2300549432034,75.26880511060882,13105000
2006-09-28,75.5013427734375,75.68218352224756,75.24299673476276,75.55301296668061,11939700
2006-09-29,75.39804077148438,75.77910248122173,75.3528305612657,75.61117673146238,6476600
2006-10-02,75.32046508789062,75.69506148635112,75.22358475495457,75.40442541508139,7034700
2006-10-03,75.65635681152344,75.88240777259195,75.20425488938642,75.24946508160012,8935000
2006-10-04,76.46367645263672,76.52180665171963,75.56592779018733,75.59176288671964,9500700
2006-10-05,76.61219787597656,76.67032312540283,76.34093192937047,76.4442722761802,7159600
2006-10-06,76.54757690429688,76.57987198156901,76.19235569198825,76.4894516782514,8877700
2006-10-09,76.61219787597656,76.68969820854493,76.27634667638385,76.41843718947777,3432300
2006-10-10,76.57341766357422,76.70904812861659,76.40549704640026,76.64446289681602,6717700
2006-10-11,76.58635711669922,76.71552761310508,76.15363053344711,76.34738627805591,8384200
2006-10-12,77.15472412109375,77.23222938542716,76.77366765841776,76.78012273479114,5467800
2006-10-13,77.27098846435547,77.29682355544578,76.90284703951308,77.09660775892056,5290000
2006-10-16,77.35491943359375,77.4840948399816,77.12886863183742,77.22574895474382,6899400
2006-10-17,77.22574615478516,77.34200155255022,76.77364456766426,77.24512123315638,9414600
2006-10-18,77.43891143798828,77.81996793154293,77.18056546348126,77.61329213744524,8739600
2006-10-19,77.60032653808594,77.70366190409337,77.29031058499083,77.38719087830408,6592000
2006-10-20,77.55316925048828,77.60490272441761,77.19750778419362,77.43677140093509,8226900
2006-10-23,78.16105651855469,78.32918297575287,77.40446772685249,77.4174035673001,9888200
2006-10-24,78.38089752197266,78.40676426303706,78.0834374000967,78.1545697046297,7025100
2006-10-25,78.4972915649414,78.50375948328644,78.04463595231258,78.27743167697201,8617200
2006-10-26,78.52312469482422,78.60072488102122,78.14159661298991,78.53605559240337,6657000
2006-10-27,78.15458679199219,78.51024839241737,78.00585423174779,78.40678140553824,8672500
2006-10-30,78.0963134765625,78.28384351744218,77.83118820054152,77.98638360439703,5699600
2006-10-31,78.07051086425781,78.26450403272976,77.67605167471518,78.14810615821592,8360000
2006-11-01,77.76658630371094,78.31624103946324,77.58552403156447,78.28390637647556,7596000
2006-11-02,77.59842681884766,77.75362229108433,77.41736461230903,77.52082661594177,6938800
2006-11-03,77.45613861083984,77.99932999827323,77.33974080878795,77.89586309263882,6840900
2006-11-06,78.25154876708984,78.33561195389957,77.61135818977871,77.6372249242375,7444400
2006-11-07,78.60074615478516,78.81413809082811,78.21921796968795,78.32268491262123,9506400
2006-11-08,78.78178405761719,78.86584722262526,78.26445936975895,78.36792628076014,9262100
2006-11-09,78.34856414794922,78.82708650141977,78.18690072400602,78.74948628183961,5962600
2006-11-10,78.31623077392578,78.41322981659748,78.09636594829817,78.3226986923909,3718400
2006-11-13,78.4714126586914,78.77534063729577,78.23215398635847,78.32268509484803,5695200
2006-11-14,79.09870147705078,79.18276470437746,78.2386506426738,78.67837547326239,7650200
2006-11-15,79.33795928955078,79.60955271172372,79.07282885344588,79.11162650416284,8817400
2006-11-16,79.77114868164062,79.82934510848203,79.40902442509949,79.57068774442291,6310100
2006-11-17,79.91316986083984,79.93910365851731,79.53065252805482,79.62141834674289,6493600
2006-11-20,79.8288803100586,80.03634573608961,79.67976716285571,79.80943119923786,5772200
2006-11-21,79.8418960571289,79.95211104670794,79.65387963271058,79.84838074662437,5692600
2006-11-22,79.90668487548828,80.07525208657731,79.69921944121184,79.89372044988119,3947300
2006-11-24,79.5370864868164,79.80938376921459,79.43983604414191,79.53060180494131,2480000
2006-11-27,78.51924896240234,79.56306068824432,78.49331516808984,79.55009131790531,9329500
2006-11-28,78.61653137207031,78.7397107621075,78.2404986214215,78.44796411378506,8415800
2006-11-29,79.31023406982422,79.35561698569299,78.80453730832456,78.8304661633637,9318400
2006-11-30,79.27778625488281,79.59546654844729,78.8563707940683,79.31020473123971,12809400
2006-12-01,79.12867736816406,79.39449009232402,78.38309688935342,79.33614276739816,14513700
2006-12-04,79.61497497558594,79.81595581643765,79.09630867783963,79.12224248736379,6279300
2006-12-05,79.97798919677734,79.98447388175973,79.56954307746341,79.73162557746558,6599200
2006-12-06,79.8418960571289,80.00397866993413,79.72519637805438,79.94562635721248,4234800
2006-12-07,79.58903503417969,80.16604864912344,79.53716741912748,79.96506287738814,6432500
2006-12-08,79.7446517944336,79.99101560465033,79.30378685495107,79.53718623152236,7319600
2006-12-11,79.96504974365234,80.10120344739404,79.7900027545615,79.81593655782814,3908400
2006-12-12,79.86778259277344,79.95854840650804,79.4463670596537,79.91964523893186,8976800
2006-12-13,79.97151947021484,80.22436782180348,79.78350314148064,80.16602048514439,4444800
2006-12-14,80.5420150756836,80.6392605908205,79.8742312114385,79.88071589456894,6851000
2006-12-15,80.70455932617188,80.99058096912616,80.67205449969198,80.73056219544776,9366400
2006-12-18,80.75007629394531,81.01659706835036,80.62656388460044,80.80857903971435,6767800
2006-12-19,80.85405731201172,81.02307345679577,80.4120185207192,80.54203284729903,6186200
2006-12-20,80.88007354736328,81.0750925897013,80.78906598348296,80.88007354736328,4705700
2006-12-21,80.60050201416016,80.99703686592538,80.42498894578185,80.89952740147636,5991800
2006-12-22,80.0739974975586,80.76305612431594,80.0739974975586,80.61354583639756,6811000
2006-12-26,80.58753204345703,80.61353490729574,80.06748468576103,80.06748468576103,4076200
2006-12-27,81.21163177490234,81.25063361292368,80.76959275900658,80.84109943507369,5714600
2006-12-28,81.12701416015625,81.34803088326494,80.99049799643016,81.19201878698027,6691600
2006-12-29,80.87361145019531,81.32214750587168,80.8281026890758,81.12713333891661,4935800
2007-01-03,80.91255187988281,81.69911982988553,80.52901587808228,81.36109255466384,11525000
2007-01-04,81.04907989501953,81.22459304421518,80.53553444135422,80.91907052224792,10318700
2007-01-05,80.4380111694336,80.93205562860841,80.29499790812991,80.91255472198316,9389000
2007-01-08,80.69805908203125,80.8605732988002,80.11950886709698,80.52254591011851,8092400
2007-01-09,80.65251922607422,80.97754751423597,80.22998145955633,80.82803231948479,7438700
2007-01-10,80.88658905029297,80.96459767219991,80.28203586925218,80.43804815352497,8961200
2007-01-11,81.25060272216797,81.48462358040732,80.82806478592805,80.93857821754223,7467000
2007-01-12,81.6861572265625,81.6861572265625,81.1336048615155,81.21811543757912,5995700
2007-01-16,81.712158203125,81.7446630350667,81.44563742745908,81.60815166808545,7052400
2007-01-17,81.74467468261719,81.9721936600044,81.5366566233572,81.60816329618486,8768600
2007-01-18,81.588623046875,81.9591551912962,81.51061445242972,81.88114659685093,10423800
2007-01-19,81.66670227050781,81.77077513431172,81.42602601873641,81.47155882715761,10946400
2007-01-22,81.14631652832031,81.64067623901175,80.90564029593158,81.621162888789,10233200
2007-01-23,81.52359008789062,81.57562899625971,81.03573648801324,81.12029599208542,6596600
2007-01-24,82.00493621826172,82.03746177612675,81.55610932578186,81.64067379114958,10118500
2007-01-25,81.28941345214844,82.03745657125408,81.17232839904752,81.9789115633521,8768800
2007-01-26,81.15938568115234,81.49112777609645,80.79512296526535,81.44559493661058,9675900
2007-01-29,81.19189453125,81.51062434196128,81.10733497897736,81.19840063918059,6681200
2007-01-30,81.41300964355469,81.48455693787687,81.07476170803335,81.24388567579402,7639900
2007-01-31,82.11555480957031,82.27817275197987,81.39353074825543,81.43256242907364,9790200
2007-02-01,82.44073486328125,82.46024820912251,82.06996640419018,82.25860368515967,8707400
2007-02-02,82.3041763305664,82.49931980887033,82.16757788083558,82.4798064535809,5961000
2007-02-05,82.4017333984375,82.44076010206783,82.1220304427777,82.2456216212123,4625000
2007-02-06,82.38223266601562,82.47329829690518,82.15456858879173,82.36271931121139,7254800
2007-02-07,82.4732437133789,82.64886875308724,82.17402755810085,82.45373037148924,5930400
2007-02-08,82.26514434814453,82.33669662142366,81.81631735443082,82.3171832673847,6289600
2007-02-09,81.88137817382812,82.47330982001922,81.62119345647923,82.2976796768328,6601100
2007-02-12,81.6927490234375,81.98546430405084,81.56265665163548,81.88138643644453,9208000
2007-02-13,82.36927032470703,82.60994675932076,81.94646748075068,81.97248199443699,6416000
2007-02-14,82.92206573486328,83.14972964852753,82.41469406093866,82.46673294483367,7395600
2007-02-15,83.11064910888672,83.19521348614076,82.92851808510602,83.00657636502555,6077800
2007-02-16,83.13033294677734,83.13033294677734,82.96090389446553,83.0260723565009,5813600
2007-02-20,83.18893432617188,83.31274339311025,82.70671384516069,83.0520846142277,5611900
2007-02-21,82.99996948242188,83.14332710958053,82.74582850149258,82.95435456204106,5303800
2007-02-22,82.62200164794922,83.14331423275539,82.39392708136822,83.01950516612723,7221000
2007-02-23,82.37435150146484,82.58939032413316,82.28311673313002,82.57635962674307,5916600
2007-02-26,82.32877349853516,82.7588613058886,82.16586235423222,82.66763146281126,7599500
2007-02-27,79.239990234375,82.39395299683041,78.52318209752512,81.67713988832628,32106200
2007-02-28,79.93070983886719,80.45854024725766,79.17479989789325,79.76779872796618,19617800
2007-03-01,79.78739166259766,80.08714767685304,78.22996097350153,79.11619830767197,24877800
2007-03-02,78.82293701171875,79.80692183457357,78.82293701171875,79.5006480507168,17515400
2007-03-05,78.39287567138672,79.44202425390043,78.37983999055426,78.4580391605824,15602600
2007-03-06,79.5396957397461,79.6895761051036,78.83592372664654,79.03141401908766,9048100
2007-03-07,79.50064849853516,79.89163430009874,79.41593648255353,79.50716633719657,6965700
2007-03-08,80.02196502685547,80.20442473343229,79.68310702465212,79.97635010021126,7570300
2007-03-09,80.14575958251953,80.38035201172467,79.7156767767456,80.30215784975844,9315800
2007-03-12,80.25006103515625,80.49768427837299,79.83952161435467,79.95030501284481,6396100
2007-03-13,78.86201477050781,80.14575522394064,78.75775423633846,79.83948151515376,13714600
2007-03-14,79.27911376953125,79.29866231930302,77.87155852609584,78.86857433770146,22827500
2007-03-15,79.36380767822266,79.5267188513108,78.98585256346107,79.01191894775371,7905600
2007-03-16,79.06139373779297,79.53817587894827,78.53888770993755,79.47939656688258,8491600
2007-03-19,79.86473846435547,79.86473846435547,79.35529784337955,79.39448405022796,6829200
2007-03-20,80.21746826171875,80.21746826171875,79.68843428020098,79.7080273931477,7412600
2007-03-21,81.17754364013672,81.47145020248911,79.89087649968478,80.20438115144974,9723600
2007-03-22,81.28203582763672,81.40613213642284,80.9750688781446,81.28856852362205,6477800
2007-03-23,81.43878936767578,81.64779078907488,81.22978794627669,81.31469306081831,5276200
2007-03-26,81.22327423095703,81.47799461709286,80.707300761275,81.47799461709286,7972500
2007-03-27,80.9162826538086,81.13834946513961,80.76606553063155,81.12528407348002,7691500
2007-03-28,80.33502960205078,80.73343949709032,79.97580593177288,80.67465517695896,13868800
2007-03-29,80.53093719482422,80.80525062003215,80.04761736985387,80.77259212432257,9107700
2007-03-30,80.7203140258789,81.0272858460251,79.89737402040618,80.57662964769057,9827200
2007-04-02,80.75955963134766,80.8705905823605,80.40686868431693,80.70730801334565,6195200
2007-04-03,81.6347427368164,81.81109068222732,81.12530197538578,81.12530197538578,7328400
2007-04-04,81.7588119506836,81.86331015742347,81.55634324932197,81.69349994859788,4879800
2007-04-05,81.94170379638672,82.09845362906866,81.60860604182365,81.71964194866956,4046000
2007-04-09,82.06576538085938,82.22904784083602,81.9873880061959,82.11148427033342,3529200
2007-04-10,82.026611328125,82.20295925518839,81.94823890097459,82.06580252468768,5668800
2007-04-11,81.57599639892578,82.15074941653094,81.33433633204007,82.13768899969469,9250600
2007-04-12,81.90908813476562,81.9939932952517,81.15798715727009,81.47801966693719,5984200
2007-04-13,82.3923568725586,82.3923568725586,81.77188033475093,82.1376365514859,5935800
2007-04-16,82.97368621826172,83.13696881748302,82.58833669294488,82.6014020913567,7969000
2007-04-17,83.43736267089844,83.51574006963088,82.97364094011839,83.1303907545965,7932200
2007-04-18,83.62680053710938,83.82274162337458,83.136957787424,83.2349283305566,9222000
2007-04-19,83.7508773803711,83.77700816764055,83.12387302657098,83.1630642244875,8618600
2007-04-20,84.69611358642578,84.69611358642578,84.25161234377383,84.38234448306338,10280800
2007-04-23,84.43463897705078,84.80069295520482,84.36273480461175,84.57844732192885,7509000
2007-04-24,84.6371841430664,84.82675401817875,84.25805436705383,84.53913763815459,10591300
2007-04-25,85.38239288330078,85.62425762433207,84.6895041113942,84.92482576734503,12649900
2007-04-26,85.76150512695312,85.77458132020865,85.38237531624694,85.50004110712065,9708800
2007-04-27,85.78118133544922,85.87269481118854,85.38898499980384,85.4412798394007,7526200
2007-04-30,85.41509246826172,86.2713989209167,85.33011214192547,85.74192760128831,10288000
2007-05-01,85.82042694091797,85.84004623937541,85.1798324094339,85.52627710319128,21228200
2007-05-02,86.37602233886719,86.6048110111515,85.86616012987649,85.95767360394609,9341000
2007-05-03,86.53946685791016,86.56560929824391,86.21916461203539,86.4675626792127,9363700
2007-05-04,86.7682113647461,86.80742999236396,86.4348330815569,86.70937344910065,10687600
2007-05-07,86.96427154541016,87.02310943875742,86.76817848163547,86.81393020511129,10477600
2007-05-08,87.01657104492188,87.08194205251418,86.51325218847957,86.73549765554881,9462600
2007-05-09,87.3107681274414,87.44150022459391,86.80743908047364,86.9316380637454,9628000
2007-05-10,86.6113510131836,87.21925985908382,86.42179093547253,87.06238530490126,14855800
2007-05-11,87.30422973632812,87.30422973632812,86.67671164654766,86.70285407769677,10151200
2007-05-14,87.40876007080078,87.55910138984243,86.99694474667211,87.33685596617853,10734000
2007-05-15,87.67027282714844,88.20628735482347,87.34998070744801,87.4545603933928,21494200
2007-05-16,88.323974609375,88.34358393084243,87.49382006932743,87.79450298130958,14911200
2007-05-17,88.19977569580078,88.50700169812019,88.05597732960901,88.2128519015355,12408200
2007-05-18,88.80533599853516,88.80533599853516,88.47764103175089,88.53007342649119,9481600
2007-05-21,88.60871124267578,88.96262738398958,88.5825000472425,88.73323692201004,12668600
2007-05-22,88.5824966430664,88.95606366625712,88.5562754481847,88.72012291460035,11193000
2007-05-23,88.60871124267578,89.1264748567018,88.43831347121927,88.84465200339962,10997000
2007-05-24,88.07781219482422,89.34926968026002,87.9205150830701,88.65455827080388,28156800
2007-05-25,88.40557861328125,88.5104434393842,88.0778835320547,88.32037469201506,10227600
2007-05-29,88.62184143066406,89.06750185473653,88.19584190762666,88.58906992878619,12177200
2007-05-30,89.31656646728516,89.33622737122562,88.09754042067725,88.2024052419996,14456600
2007-05-31,89.32307434082031,89.565575375,89.18544807860823,89.39516762117833,8996400
2007-06-01,89.5328140258789,89.68355090171889,89.23789057298985,89.5328140258789,9593200
2007-06-04,89.50006866455078,89.66391618627131,89.21825572741182,89.28378873582459,7430400
2007-06-05,89.11990356445312,89.34274370020077,88.759437168859,89.30341191121835,13404800
2007-06-06,88.14339447021484,88.80533469322506,88.03197938320065,88.80533469322506,15041600
2007-06-07,86.85880279541016,88.3399800307233,86.75393803526747,88.00573485827917,26022900
2007-06-08,87.88777923583984,87.97297311249264,86.82604092261641,87.04232076419053,19097800
2007-06-11,87.97956085205078,88.31380616575996,87.67152673922817,87.86814574748105,10273100
2007-06-12,87.1144027709961,88.1237085677249,87.11440277099608,87.61905566936049,19846200
2007-06-13,88.34651184082031,88.40549449921114,87.32410576024303,87.54693580335332,17254900
2007-06-14,88.93643951416016,89.04785463729895,88.37936389846618,88.45145721349243,12749000
2007-06-15,89.36891174316406,89.80201114820001,89.36234325910007,89.48046582998853,10995200
2007-06-18,89.20475769042969,89.59847577899143,89.19818921388799,89.56567344796912,10175000
2007-06-19,89.42137145996094,89.50667160006,88.99483070775061,89.12608017792533,10656400
2007-06-20,88.48951721191406,89.65099638285297,88.38452168969415,89.64443791756077,16986200
2007-06-21,88.83075714111328,88.94887963277361,87.8464464332912,88.45672427886257,26946200
2007-06-22,87.91207885742188,88.70608395741732,87.6299045563932,88.55515910594274,22142200
2007-06-25,87.682373046875,88.43701707804392,87.2033447573696,87.80705397455044,18960000
2007-06-26,87.14430236816406,88.21391310151252,87.14430236816406,87.80706791538766,21826500
2007-06-27,88.01049041748047,88.07611513068942,86.9671235627659,87.08524604395693,20981000
2007-06-28,87.99081420898438,88.65358983776747,87.86613324860234,87.99081420898438,13935600
2007-06-29,88.06297302246094,88.66668223091786,87.1770996242255,88.16796854034659,19466600
2007-07-02,88.7651138305664,88.83072851552117,88.18109006597663,88.20733393737392,8861200
2007-07-03,89.04075622558594,89.15231024760308,88.81107970130361,88.92263372332077,7521000
2007-07-05,88.95543670654297,89.06043225016883,88.62077467577744,88.96856365272774,9392200
2007-07-06,89.32945251464844,89.44756495575227,88.8241703753281,89.00134904990696,8218700
2007-07-09,89.5591049194336,89.69691275874922,89.32943853780297,89.50004870812185,9688800
2007-07-10,88.60103607177734,89.40816755137578,88.50259905387695,89.29005514539949,12622800
2007-07-11,89.1785659790039,89.19825139650918,88.42393160682579,88.5158002261599,16698200
2007-07-12,90.77972412109375,90.99627375226065,89.45419245821233,89.46075092718235,13518100
2007-07-13,91.15377807617188,91.40969857776749,90.82567435551437,90.86504519992432,8507800
2007-07-16,91.51464080810547,91.77711962640429,91.16028338918446,91.19965421063677,11637900
2007-07-17,91.73774719238281,92.17084624659543,91.56056848603677,91.62619319592046,13299300
2007-07-18,91.42935180664062,91.6721452702989,90.74033223328544,91.42935180664062,20804700
2007-07-19,91.79681396484375,91.98055115810733,91.5605790002297,91.82305784405595,8731800
2007-07-20,91.01763916015625,91.68775887512494,90.58404172075672,91.4643889783617,19277200
2007-07-23,91.45780181884766,91.72715485620485,91.19500492003048,91.3921000879742,12709000
2007-07-24,90.18321990966797,91.20153608746803,89.94013164517486,90.99129867219526,20848000
2007-07-25,90.33438873291016,90.72857916634361,89.63799432189965,90.63660273516635,22438800
2007-07-26,88.50141906738281,90.09786914096037,86.15600522633528,89.7102549286117,46788100
2007-07-27,86.79329681396484,88.75766312268198,86.79329681396484,88.44230670895203,31428100
2007-07-30,87.73271942138672,87.93639074752048,86.80638930909701,87.32539681846961,22838700
2007-07-31,86.83271026611328,88.58027272732707,86.52393005587324,88.21893311697376,23253600
2007-08-01,87.64732360839844,87.89696810753937,86.19539970231983,86.64871553780763,42193500
2007-08-02,88.5473861694336,88.69192195533492,87.36482520509382,87.71302231894435,22635400
2007-08-03,86.84587860107422,88.50803128122925,86.41883710666555,88.3240783381461,34061000
2007-08-06,88.16635131835938,88.4357144162534,86.41878930111054,86.98379017793994,31192300
2007-08-07,88.72478485107422,89.36861978714269,87.63420014582098,87.96268879019766,25705000
2007-08-08,89.71024322509766,89.97960629671232,88.61309244828833,88.94814722843633,27549800
2007-08-09,87.23999786376953,89.23064799988497,87.22686553755368,88.44884352895272,38884900
2007-08-10,86.68156433105469,87.4567925343536,85.82749205519919,86.65527963197734,37277200
2007-08-13,86.8392562866211,87.66705411551902,86.81954776923574,87.53566065805722,17085800
2007-08-14,85.72897338867188,87.31228109805869,85.5975699060129,87.07576886382209,20864000
2007-08-15,84.6515121459961,86.25452801593293,84.4018576141438,85.54500149587821,28964000
2007-08-16,84.84864044189453,84.9209083681601,82.3258492381023,83.98800151752904,52563400
2007-08-17,85.95809173583984,86.82063396244313,84.90459906476443,86.41241032465548,33292800
2007-08-20,86.22803497314453,86.71526695648495,85.39840637993439,86.2214442402785,16906000
2007-08-21,86.04366302490234,86.68893192446166,85.87247477124198,86.1358529078525,14383300
2007-08-22,87.10371398925781,87.1761417025315,86.48479813119164,86.63623424191078,12808700
2007-08-23,87.02474212646484,87.62391618356045,86.66260340806363,87.38688084486606,14056300
2007-08-24,87.99259948730469,88.0650272012693,86.93252660846603,87.03787783729567,9666100
2007-08-27,87.65025329589844,88.09140046664575,87.55807344002363,87.80169952450407,8506400
2007-08-28,85.91852569580078,87.3736502235607,85.8000030833342,87.26829902288897,13055600
2007-08-29,87.40005493164062,87.538319689434,86.23463031027211,86.3070580561617,10693800
2007-08-30,87.28807830810547,87.63704543788259,86.74816083375114,86.85351205511473,12705200
2007-08-31,87.83455657958984,88.39422608939638,87.50534158484349,87.93990778915132,11117600
2007-09-04,88.4534683227539,88.81560676880325,87.64360237747464,87.71603006668451,11602900
2007-09-05,87.71607208251953,88.11113422141516,87.23542084944631,88.07821070203259,11230800
2007-09-06,87.920166015625,88.21645753631444,87.41317205107474,87.88724250291605,10084000
2007-09-07,86.59674835205078,87.18933155187173,86.14242987699224,87.15640803035986,18245400
2007-09-10,86.53749084472656,86.95889588821825,85.75396721496337,86.80744968314497,14392100
2007-09-11,87.62389373779297,87.74899708545325,86.78768455620659,86.84694086398851,11502400
2007-09-12,87.73575592041016,88.02546659060604,87.39336966955685,87.52505359778051,11402900
2007-09-13,88.42717742919922,88.74322111050871,88.01236319027286,88.15063795219747,8318400
2007-09-14,88.53256225585938,88.68399844543404,87.80170405837977,87.92679740385806,10337200
2007-09-17,88.26914978027344,88.61811697768572,88.02553382464343,88.30865398422993,8774100
2007-09-18,90.43537902832031,90.5209681101981,88.49959291024489,88.68395253607625,18362400
2007-09-19,90.9687728881836,91.72596404929511,90.79099381544698,90.98852500217062,13554200
2007-09-20,90.6658935546875,91.06753663117368,90.5539615559099,91.05436520577224,9651600
2007-09-21,90.95406341552734,91.69278349726346,90.95406341552734,91.26405995450686,8249600
2007-09-24,90.72322845458984,91.44874440144544,90.60450144179933,91.25747485172231,9445500
2007-09-25,90.83534240722656,90.90130296905589,90.24832963795289,90.38024069744283,13487100
2007-09-26,91.3695297241211,91.6861180752457,91.04633928257662,91.25740489276785,8384000
2007-09-27,91.76537322998047,91.76537322998047,91.38282394059004,91.71919880311133,8948300
2007-09-28,91.6202621459961,91.74558122332017,91.25749904431392,91.65324243963495,10128400
2007-10-01,92.73490142822266,92.99872356870719,91.65321454956475,91.65321454956475,10164200
2007-10-02,92.41831970214844,92.93938211162795,92.33917505834755,92.86682950008668,12705600
2007-10-03,92.08200073242188,92.51731666560761,91.9303033851035,92.26667838937749,7918300
2007-10-04,92.0159683227539,92.36553719098642,91.96320188133791,92.27319843455084,7234600
2007-10-05,92.78768920898438,93.13726825648729,92.43152819237056,92.62279779933164,9357800
2007-10-08,92.51065826416016,92.72172406604415,92.34576688050255,92.70852993738356,5129400
2007-10-09,93.37467193603516,93.42742830785258,92.5370211190311,92.7810570793189,9070400
2007-10-10,92.82073211669922,93.28902846424205,92.37223201070755,93.25604814722979,9729400
2007-10-11,92.47770690917969,93.62534473254662,91.98303265726679,93.2362034031101,21857700
2007-10-12,93.0778579711914,93.07785797119142,92.39850647312565,92.5831839640075,7714600
2007-10-15,92.35238647460938,93.0713106281675,91.68621871734645,93.05152446351347,12383600
2007-10-16,91.78514862060547,92.10832931406073,91.49493815484578,92.07535908636517,13953500
2007-10-17,91.78514862060547,92.45789826667888,90.84856670376323,92.41173390940187,20261500
2007-10-18,91.54766845703125,91.7851123748711,91.16511936361324,91.36958300260933,11615700
2007-10-19,89.09334564208984,91.61567019086324,89.09334564208986,91.06102638939498,33071200
2007-10-22,89.43679809570312,89.64148757287384,88.42654933236845,88.51899006642246,16391200
2007-10-23,90.07717895507812,90.2488515253313,89.31784595844088,89.91210568839415,13325600
2007-10-24,90.1300048828125,90.32148544175121,88.84903470320361,89.86589168249579,22583800
2007-10-25,90.39419555664062,90.65170967400068,89.37074847180024,90.26874822790123,16618800
2007-10-26,91.08747863769531,91.16011131958867,90.3545525114181,90.86298128467162,9929800
2007-10-29,91.54967498779297,91.69494034039967,91.22613767312338,91.30536965626244,8663400
2007-10-30,91.00164794921875,91.48365934576196,90.89599857934454,91.24595330118422,8531000
2007-10-31,91.74775695800781,92.1307283016533,90.63185960890361,91.41101098398285,19378200
2007-11-01,89.70091247558594,91.05450664070501,89.39057359838644,91.02809932309123,25301400
2007-11-02,89.83292388916016,89.95177187138265,88.73023506122365,89.92536456709261,20988000
2007-11-05,89.27824401855469,89.87250384190916,88.74339808720659,89.03392869427739,13954800
2007-11-06,90.1366195678711,90.20925222164352,89.17259715446363,89.68762503565928,11092400
2007-11-07,88.05010223388672,89.62159319841041,87.77277022369613,89.2584299234224,18182700
2007-11-08,87.45584869384766,88.21519206113695,86.38617673372761,88.16236738621691,38375700
2007-11-09,86.04281616210938,87.21153809499887,85.95697481116481,86.68990075887166,20911400
2007-11-12,85.68626403808594,86.92760858620444,85.66645604518293,86.06923535967101,20703800
2007-11-13,87.91144561767578,88.0831182408798,86.36636178301245,86.39276908070701,15043400
2007-11-14,87.62755584716797,88.47273073107085,87.3172170925012,88.45292273186058,13708200
2007-11-15,86.80879211425781,87.74640772775176,86.37960534532543,87.26439626682652,18693600
2007-11-16,87.03919982910156,87.423275409874,86.3505090965692,87.24447934026867,22485600
2007-11-19,85.82075500488281,87.18487952232707,85.60222873204077,86.76107374890432,21362600
2007-11-20,86.30415344238281,86.74782430838746,84.97314084436886,85.97305487632026,29928200
2007-11-21,84.6222152709961,85.84727957967839,84.6222152709961,85.50293406617365,18182400
2007-11-23,85.70156860351562,85.87373625441492,85.16519043693674,85.23803254007267,7232400
2007-11-26,84.4037094116211,86.29760009196222,84.26464851541954,85.88703068993803,11480600
2007-11-27,85.6353759765625,86.0260700328456,84.56923266441162,84.72154029533758,23078300
2007-11-28,87.95970916748047,88.23783094932229,86.3571921743918,86.40354075253198,17995800
2007-11-29,88.18479919433594,88.39007870797417,87.52922033410944,87.73450995207497,15940400
2007-11-30,88.84039306640625,89.19797516601682,87.97291621157093,89.07878450092296,18892200
2007-12-03,88.27751159667969,88.79402463055408,88.05898529706701,88.52914977883877,12645700
2007-12-04,87.69478607177734,88.19143406083867,87.64843751371615,87.74776306979673,8191700
2007-12-05,89.03241729736328,89.17810149916441,88.42981538121568,88.52915103025902,11851000
2007-12-06,90.11186218261719,90.32376018755204,88.93976945101461,88.99274647833202,12317200
2007-12-07,90.31706237792969,90.56870051018632,90.11840122637581,90.35679258737528,8477600
2007-12-10,90.98590087890625,91.13821352616064,90.39654571263276,90.5753418047892,7327600
2007-12-11,88.99930572509766,91.31699608360883,88.87349673612836,91.0786046711317,20363200
2007-12-12,89.39665222167969,90.80050752688614,88.29078373634601,90.68131684066935,15786800
2007-12-13,89.39665222167969,89.63504369844408,88.48944498437147,88.91986926815093,14104200
2007-12-14,88.37020111083984,89.48269749481028,88.35033600615519,88.96618456435733,12506900
2007-12-17,87.36371612548828,88.17159792822731,87.20479518352816,88.06565400169808,10828800
2007-12-18,87.77423858642578,88.01924831063641,86.78756114665991,87.85369901496391,13719100
2007-12-19,87.58889770507812,88.15175972023049,87.13197964879612,87.74781869555144,14342800
2007-12-20,87.8802261352539,87.96630493094749,87.18491680692169,87.9464398162235,12707000
2007-12-21,89.17528533935547,89.3810626320135,88.4849347321644,88.55130894947038,11031800
2007-12-24,89.81918334960938,89.93202864545667,89.44082090221903,89.47400294953935,3655600
2007-12-26,89.89215087890625,89.94525630472958,89.4739519810627,89.61998936987078,5743000
2007-12-27,88.73719024658203,89.60678078346587,88.51814414509869,89.5669440907287,8127800
2007-12-28,88.55789947509766,89.21505750860733,88.16625840660683,89.09557791299574,7819200
2007-12-31,87.98706817626953,88.44509375496453,87.7281854746803,88.37207503765333,6463400
2008-01-02,86.7125473022461,88.06670031233551,86.17486875222787,87.93394180214244,14811000
2008-01-03,86.78560638427734,87.13742115796273,86.38068615603926,86.76569310492381,8206300
2008-01-04,85.0796127319336,86.11514358973209,84.8472827400447,86.00894282831715,15022600
2008-01-07,85.00656127929688,85.45795232460758,84.44896951346372,85.32518369851236,19666500
2008-01-08,83.53959655761719,85.6305767707152,83.39355910475618,85.31858858767838,21236800
2008-01-09,84.27643585205078,84.5618713702993,82.98202191139782,83.7188437128204,24161600
2008-01-10,84.84728240966797,85.84299177636927,83.83166483164113,83.98433665525336,25310700
2008-01-11,83.76524353027344,84.68792864896892,83.24747836316793,84.64809705306058,22464400
2008-01-14,84.64151763916016,84.91367422180959,84.09719940944656,84.48884072858993,7932600
2008-01-15,83.1745376586914,84.24326114739624,82.89573648359122,83.96445997229607,19807000
2008-01-16,82.7430419921875,83.73210700864124,82.2717424868382,82.73640254438968,25572000
2008-01-17,80.83128356933594,83.10812790664222,80.49938209197009,83.00856151496419,30879600
2008-01-18,80.12686157226562,81.92783795156497,79.82780838099907,81.2965011832267,35591900
2008-01-22,79.22968292236328,80.20659727749893,76.95686487382977,77.29579041195284,38318000
2008-01-23,81.54239654541016,81.61549934583897,77.34233188282003,77.91386010240232,42838800
2008-01-24,82.02752685546875,82.35316335251242,81.24998447527979,81.6753070629171,20563200
2008-01-25,81.20343780517578,82.8781442998632,80.89109052527434,82.83162481585086,19580700
2008-01-28,82.09395599365234,82.27339191270475,80.41260239125596,81.09045846149823,19403800
2008-01-29,82.76518249511719,83.00442704301396,81.96769897871313,82.5724574387423,15255000
2008-01-30,82.26016998291016,84.18741687919464,82.06080276137949,82.54593423032732,24848200
2008-01-31,83.73542022705078,84.33353138557823,81.34962775112345,81.52241147562053,22253400
2008-02-01,84.68578338623047,84.80540566369312,83.70886896532622,84.06108870723168,18098700
2008-02-04,83.75537872314453,84.57279836916959,83.72215341508281,84.539567990864,11722300
2008-02-05,81.71520233154297,82.99117045141726,81.44273234928959,82.86490610023736,16359000
2008-02-06,81.25,82.35317908802091,80.950941671077,82.01425341358612,14255000
2008-02-07,81.56232452392578,82.00093618474548,80.57876295957341,80.81136043654179,21041800
2008-02-08,80.9110107421875,81.66196942727943,80.4657521874049,81.19677467903531,15522000
2008-02-11,81.28984832763672,81.46927921562394,80.25312526316687,80.87117287550343,11659200
2008-02-12,82.25346374511719,82.89809461207855,81.7151660427139,81.85472451851312,18453800
2008-02-13,83.24368286132812,83.6357750472064,82.51266000833397,82.74525749743506,12484200
2008-02-14,82.4129638671875,83.53607876904077,82.24017500911609,83.52943674890892,11294600
2008-02-15,82.11668395996094,82.27648148236125,81.67723442352052,82.12333859181852,9758200
2008-02-19,82.3497085571289,83.19530892232129,81.87031099455308,83.04883084919712,9395500
2008-02-20,82.62267303466797,82.94227301521336,81.38423644471165,81.59064169639281,15681700
2008-02-21,82.03013610839844,83.21531607264892,81.54408375148373,83.01556532769584,13487600
2008-02-22,82.42961120605469,82.59606841359529,80.93815096898389,82.03676955472604,13727300
2008-02-25,83.60809326171875,83.79452444838368,82.16990619325443,82.37631142422362,14534100
2008-02-26,84.43376159667969,84.77999547110221,83.30185449308843,83.32182854740677,13934400
2008-02-27,84.44705963134766,84.93977147260472,83.9676621296402,84.04090369683828,11539600
2008-02-28,83.78788757324219,84.20736293741774,83.48160695741875,83.96100447083639,8998300
2008-02-29,81.903564453125,83.02881115345231,81.41750741745898,83.02881115345231,17088200
2008-03-03,81.56401824951172,81.79705728567917,80.99806485314217,81.5440442006788,11889700
2008-03-04,81.4974594116211,81.51077375464689,80.13916782877574,80.90487208948036,20448800
2008-03-05,81.81043243408203,82.28982517224458,80.92487841353626,81.65062977482106,14589300
2008-03-06,80.43211364746094,81.4907789034003,80.10585390807032,81.36426981751944,13426700
2008-03-07,79.18701934814453,80.59191852184136,78.7675490331048,79.54656750955169,20097400
2008-03-10,78.55443572998047,79.43998362846186,78.20820212226675,79.42666929579632,17788000
2008-03-11,81.27103424072266,81.27103424072266,79.20030696603777,79.89942900175065,20303000
2008-03-12,80.83158874511719,82.03673682128692,80.64515755983886,81.25105891199341,13040900
2008-03-13,80.90483093261719,81.4774439089912,79.21362575586936,79.77957902418261,24138600
2008-03-14,79.91277313232422,81.47747493087797,78.90737526671107,81.47747493087797,29251700
2008-03-17,79.95935821533203,80.53863095564043,78.33473980275208,78.35471384899213,27004300
2008-03-18,82.59612274169922,82.72928656337268,80.6985052636702,81.1046615236107,23106900
2008-03-19,80.85823822021484,83.1087373770508,80.57858630805006,82.88235805944147,17636700
2008-03-20,82.17044830322266,82.55757372145165,80.695372236124,81.10252050490251,15866800
2008-03-24,83.65889739990234,84.16616517233159,82.73781034063185,82.7978840033468,15254400
2008-03-25,83.51871490478516,83.83909582383757,83.0314751829895,83.69225478145029,12026000
2008-03-26,82.71111297607422,83.2984772785056,82.55092502644888,83.29180129535531,12733600
2008-03-27,82.19715881347656,83.23171194635154,81.98357322346581,83.13826856898946,17362000
2008-03-28,81.58309173583984,82.57092306932906,81.34280733747079,82.38403633554903,11109600
2008-03-31,81.69657897949219,82.21051762965567,81.21601005907378,81.36285112834416,11656500
2008-04-01,84.14614868164062,84.40645602443864,82.66439605815444,82.69109490001621,21137400
2008-04-02,84.22620391845703,84.68007382304746,83.73228322456565,84.33967012153441,13766400
2008-04-03,84.31964874267578,84.52655830392686,83.5787727812065,83.78568234245758,11471000
2008-04-04,84.1661376953125,84.64003049016084,83.56542672568739,84.29295587008929,12506400
2008-04-07,84.13278198242188,84.91370382680525,83.93254326178307,84.60667485616602,12892400
2008-04-08,84.18614959716797,84.18614959716797,83.59211468564892,83.71225686394945,12876400
2008-04-09,83.86579895019531,84.23289648266885,83.21169020761657,84.13278221435566,15037200
2008-04-10,84.0660171508789,84.41309685827417,83.42526048985833,83.77234019725361,14355000
2008-04-11,82.32398223876953,83.23172238321206,82.10372573152961,83.13160810368609,16743600
2008-04-14,82.21051025390625,82.55091405737613,81.95687894301084,82.31062961872473,11704000
2008-04-15,82.4174575805664,82.6577370220203,81.89683769594374,82.59766843472794,12532000
2008-04-16,84.52658081054688,84.53325679270446,83.11157303779576,83.11824901995337,16747600
2008-04-17,84.56664276123047,84.56664276123047,83.87249325198937,83.9659366510135,13292100
2008-04-18,85.44606018066406,86.09429091962753,85.37923337324237,85.51288698808575,16943700
2008-04-21,85.5596923828125,85.76685707863061,85.14536299117631,85.36589101313487,10797300
2008-04-22,85.11862182617188,85.43939260366697,84.49712270889556,85.37256578323546,10086600
2008-04-23,85.07183837890625,85.70002167705258,84.81121022298582,85.19880780194484,10443200
2008-04-24,85.60649108886719,86.41510246889356,84.8312854804992,85.38595283290209,14614800
2008-04-25,86.07428741455078,86.16784601250842,85.0852328237057,86.14779846988338,12363400
2008-04-28,86.06756591796875,86.39502598693053,85.3324658366501,86.12771872047259,7899600
2008-04-29,85.65989685058594,86.06754697031779,85.49951660486609,85.79356065150759,7316400
2008-04-30,85.66661834716797,86.86283231679656,85.53964380685295,85.8938305787211,17717200
2008-05-01,86.84945678710938,86.99646863926395,85.48616327514759,85.53962676553022,18314000
2008-05-02,87.36406707763672,87.73830149874281,86.6957884121978,87.73830149874281,12615000
2008-05-05,86.62896728515625,87.210366465178,86.42848164466223,87.13017628782968,8222000
2008-05-06,87.04325103759766,87.1434887065865,85.92722746867761,86.27473504970212,12113800
2008-05-07,85.80691528320312,87.12342412968296,85.5396080867783,87.05660242913471,13406000
2008-05-08,85.70000457763672,86.27472426795853,85.5195665988882,85.95394337304639,11522500
2008-05-09,85.20549774169922,85.55968448516967,85.00501217817722,85.31242473519352,9167500
2008-05-12,86.04755401611328,86.2747765035284,85.22557414410119,85.41937556153009,9112600
2008-05-13,85.81359100341797,86.20119351484168,85.47276775381732,86.19450420786491,8277600
2008-05-14,86.20789337158203,86.92963509788184,86.04082381078439,86.06087134231078,11792400
2008-05-15,86.9095687866211,87.00980642259327,86.0408052187756,86.20787474347225,9122400
2008-05-16,86.8279037475586,87.1092892326658,86.29192701372806,87.1092892326658,9774400
2008-05-19,87.24992370605469,87.93998988020245,86.76754596179028,86.90154773078571,10824800
2008-05-20,85.96360778808594,86.80106793756524,85.54823082527292,86.77427371085886,12598800
2008-05-21,84.45618438720703,86.1311047827106,84.18820121308758,86.0440056508155,16509500
2008-05-22,84.42938995361328,84.85147318913592,84.33559481493086,84.4963908624879,10846800
2008-05-23,83.48475646972656,84.28871644483061,83.45795712236271,84.16812193741971,10704000
2008-05-27,84.03409576416016,84.20158778273567,83.32393124106427,83.65891527821528,9471600
2008-05-28,84.30879974365234,84.41599711411959,83.6857341957563,84.26190217193592,8868400
2008-05-29,84.57012939453125,85.24009792139088,84.07434900440809,84.20164466017677,12096800
2008-05-30,84.5030746459961,84.9854524960173,84.34898484534824,84.88495625868772,8060400
2008-06-02,83.853271484375,84.41604264853362,83.23689649461663,84.40264552572472,13444200
2008-06-03,83.04924774169922,84.10109748817266,82.68076834168308,84.00730236006301,18030600
2008-06-04,83.06941986083984,83.77288905887522,82.727739495125,82.95552640560156,14257600
2008-06-05,84.48968505859375,84.58348019206885,83.15644985152517,83.31053966589792,13042000
2008-06-06,81.81649017333984,83.89338985390751,81.70929284485767,83.86659052178696,24015200
2008-06-09,82.37924194335938,82.70082874369183,81.78967210610679,81.99736049315453,16553700
2008-06-10,82.37924194335938,82.94871356398784,81.87676608196095,81.90356540794272,14819800
2008-06-11,81.09965515136719,82.21850085306428,81.05275758038144,82.19170151086502,19598200
2008-06-12,81.48822021484375,82.305582135258,81.0192445776148,81.44132265112086,17194500
2008-06-13,82.47308349609375,82.62047731631468,81.5820245730866,81.72941839330754,15354800
2008-06-16,82.17835235595703,82.6540294568393,81.90366277169065,82.0912531651141,11578600
2008-06-17,81.68920135498047,82.69415339078611,81.47481179179994,82.66065294501244,15301000
2008-06-18,80.61730194091797,81.43466423860829,80.44980983438974,81.26717213208006,18091600
2008-06-19,80.81826782226562,81.28054754851345,80.35599320746987,80.76467424719145,20644400
2008-06-20,79.39408111572266,80.38113624313547,79.29336026382587,80.31399071616273,21836600
2008-06-23,79.45452117919922,79.74325157576789,79.25979555147843,79.64924680692002,13844000
2008-06-24,79.19270324707031,79.87088023202304,78.66896057636262,79.25984882382376,19038300
2008-06-25,79.17247772216797,79.9916611029595,79.08518395261012,79.36719815531903,18907600
2008-06-26,76.99698638916016,78.60178933163284,76.84255211528148,78.56821911347035,28987900
2008-06-27,76.18445587158203,77.04393067595268,75.78157769739252,76.92978279912587,25276000
2008-06-30,76.15760803222656,76.72835262458389,75.70772742248751,76.19789944168245,21139100
2008-07-01,76.39266967773438,76.56725223811603,75.04302696923969,75.45933252946315,32398600
2008-07-02,75.30485534667969,76.7216479332341,75.22427764405273,76.3993422456014,24730000
2008-07-03,75.90917205810547,76.09046547765766,74.85497149420966,75.74801665975365,20496600
2008-07-07,75.3451156616211,76.4933206331216,74.62664804356382,75.98972169178595,27897300
2008-07-08,76.37248992919922,76.47992687576676,75.02955883435827,75.37200769794788,31553000
2008-07-09,74.97581481933594,76.6813321041081,74.8348026039202,76.58061641148754,24306400
2008-07-10,75.35186767578125,75.68088437325537,74.44539017375006,74.94227326504017,32957200
2008-07-11,74.53263854980469,75.49955009463503,73.7134501713093,74.6266432696773,35470100
2008-07-14,74.19695281982422,75.46602246274949,73.8947953326044,75.31829920308601,26009300
2008-07-15,73.3912124633789,74.70728478927302,72.73317373899314,73.70008611021225,41112400
2008-07-16,75.31829071044922,75.51973242779938,73.32403717561019,73.6799182259789,31071000
2008-07-17,76.64108276367188,76.9566724136417,75.31829471909671,75.98304934800693,36225700
2008-07-18,77.29669189453125,77.39755854992396,76.45614498341068,77.06133978547574,21164900
2008-07-21,77.09496307373047,77.67325975420172,76.75201850036005,77.6060170279288,16267700
2008-07-22,77.8010482788086,78.05657791591916,76.48979667366304,76.63100799034848,24757900
2008-07-23,78.15740203857422,78.59448224869983,77.659794663804,77.96911525525317,24761000
2008-07-24,76.38890838623047,78.1977671258028,76.2342506151372,78.17086900685362,22459100
2008-07-25,76.09974670410156,76.89994892936879,76.08630021212572,76.58390249988373,19459200
2008-07-28,74.86920166015625,76.33511586741102,74.75488849677156,76.167006463507,16089700
2008-07-29,76.5570297241211,76.59737947398486,74.9835279973297,75.04404492668671,17201400
2008-07-30,77.88170623779297,77.95567476865078,76.67131676038393,77.05460590651502,24422400
2008-07-31,76.45613861083984,77.70687272076266,76.37544939748403,77.14202770610889,24805900
2008-08-01,76.06615447998047,76.83273304764852,75.70975818949223,76.73859218006069,20547400
2008-08-04,75.83082580566406,76.48981725783031,75.40046592558203,76.0796296955186,16207200
2008-08-05,78.00948333740234,78.04982794960146,76.46287488607778,76.48977300430768,22997300
2008-08-06,78.33226013183594,78.59451040397454,77.49171307234245,77.68672060577998,17770900
2008-08-07,77.05463409423828,77.94897747247171,76.81256124049331,77.65982905433205,17902100
2008-08-08,78.64157104492188,79.10555460569985,76.65788228356037,76.80581936846299,31279900
2008-08-11,79.213134765625,79.83850180804855,78.54069730625736,78.69535504894914,22528900
2008-08-12,78.38610076904297,79.02491484393484,78.05660757159416,78.98457020392335,22492600
2008-08-13,77.59928894042969,78.14396167664506,77.11513311699778,78.05654664808303,28250700
2008-08-14,78.27848052978516,78.90384270892648,77.12188678499997,77.2294741566838,24661900
2008-08-15,78.5257797241211,78.88966879464135,78.13493533639182,78.47860920430557,16610900
2008-08-18,77.400390625,78.76834028241704,77.01628650867502,78.74812508806293,23622600
2008-08-19,76.47718048095703,76.96236564562959,76.24806812052736,76.89497995969136,19249200
2008-08-20,76.84788513183594,77.18481903447926,76.07293612751559,76.733328838826,21415300
2008-08-21,76.85458374023438,77.3465040933334,76.19419138560215,76.30201264399132,16820600
2008-08-22,78.38426971435547,78.41796514683318,77.38694352270834,77.46106936119838,18078800
2008-08-25,76.71980285644531,77.97319663818942,76.59177154580283,77.94624132510671,19186300
2008-08-26,76.86800384521484,77.10385625274124,76.45694458872731,76.85452876815486,14475400
2008-08-27,77.49480438232422,77.89238395442092,76.7131151920812,76.98266336599961,15493000
2008-08-28,78.93014526367188,78.96384071514817,77.9395637694401,77.97999419824839,16556500
2008-08-29,77.79798126220703,78.86943299129751,77.76429098039647,78.51228412866726,15914200
2008-09-02,77.60260009765625,79.52312184855057,77.34652710340228,78.81555876817798,24105000
2008-09-03,77.83843231201172,77.99341894987003,77.04326849776251,77.66322533159727,17846600
2008-09-04,75.6079330444336,77.31955714761945,75.46642148338137,77.22521610691797,35201900
2008-09-05,75.70901489257812,75.8976969757076,74.50953152879687,75.19013916397206,31555500
2008-09-08,77.60260009765625,78.12147591971461,75.74272396674708,77.85192783475352,37982500
2008-09-09,75.8302993774414,78.1551450436076,75.7629136641903,77.60257396902787,31926100
2008-09-10,76.14706420898438,76.82093203384264,75.70230897680024,76.22119008101507,39044100
2008-09-11,77.400390625,77.400390625,74.94751431352138,75.32487831799533,39238000
2008-09-12,77.35323333740234,77.38692362001429,76.1537502829805,76.57828486052985,28275000
2008-09-15,73.9906234741211,77.11736699158526,73.88280225018147,74.90034320101626,44773800
2008-09-16,74.57019805908203,74.90713189059886,72.49468442304982,72.69684163723855,48722600
2008-09-17,71.9421157836914,73.8491574327091,71.09304105759014,73.60656979502548,54988700
2008-09-18,74.10520935058594,74.79929204880703,70.66174603506099,72.38684517947078,65447400
2008-09-19,76.76429748535156,78.50141311131682,76.14921245978564,78.50141311131682,20860900
2008-09-22,74.68916320800781,77.04136717805693,74.25657480197634,76.93321749811878,21955600
2008-09-23,73.33734893798828,75.28399744964138,73.17512951789945,74.52697005131859,25513500
2008-09-24,73.20213317871094,73.83073894304489,72.63435773502543,73.62796089383006,20635600
2008-09-25,74.53372192382812,75.16908859389592,73.52660221922913,73.68206614204692,27647400
2008-09-26,75.12852478027344,75.4326867812896,73.31705859426839,73.43872442604714,22037400
2008-09-29,70.8027114868164,74.34453541941792,70.30253148443612,74.23639076124756,36211100
2008-09-30,73.24269104003906,73.42518716959401,71.12030266917778,71.35011299208847,24710600
2008-10-01,73.47258758544922,73.5334231379336,71.83686051630198,72.70879895155808,22853900
2008-10-02,71.15408325195312,72.76277586116724,70.55251497338699,72.66138684814678,19546500
2008-10-03,69.75492858886719,72.95879248871131,69.68057699054637,71.47852632178156,30183100
2008-10-06,67.52442169189453,68.5653393058851,64.35435464732605,68.17330439473385,49877900
2008-10-07,64.25975036621094,68.40990108982534,63.813645596661274,67.95703567254914,38825600
2008-10-08,61.77915954589844,65.15200275172951,61.779159545898445,63.02961194178856,53470900
2008-10-09,57.824974060058594,63.88121831669903,57.72358500063717,63.4824227248046,44474300
2008-10-10,56.60830307006836,60.21095810309956,53.357129343941025,55.68905140766526,73755500
2008-10-13,64.23268127441406,64.23268127441406,59.11596672226164,59.50800158737024,44081200
2008-10-14,63.313438415527344,66.78091204175173,61.44114189262482,66.1725828830403,58571000
2008-10-15,57.36537170410156,62.22523633935073,57.29102004042438,62.07653301199637,36270200
2008-10-16,60.744998931884766,60.94101656586246,55.4795757335853,58.338717584017814,60371000
2008-10-17,59.27299118041992,62.80743352769704,59.01569653094692,59.31361529195958,44024200
2008-10-20,63.15950012207031,63.15950012207031,60.085484340220944,60.58653898910031,34524100
2008-10-21,61.19587326049805,62.834447863566815,60.918266865080994,61.98130631256062,26527300
2008-10-22,57.891693115234375,59.868811687089675,56.42239641281095,59.625056776495875,37459500
2008-10-23,59.577640533447266,59.577640533447266,55.792678600413,58.00677894449776,59594500
2008-10-24,56.25990295410156,58.128689320465014,54.269244269550455,54.53331129062185,49331600
2008-10-27,54.343719482421875,58.216708935491944,54.34371948242188,55.91458179564276,37137800
2008-10-28,61.7104606628418,61.7104606628418,55.31867985069824,56.7676632722233,53376100
2008-10-29,60.36309814453125,63.38971752504973,60.05840190201365,61.27040413525436,50631600
2008-10-30,62.63136291503906,62.739700725085626,60.749037375044374,62.31989945990184,42806500
2008-10-31,63.30842208862305,64.00582954820051,61.70370407544859,62.001627714813,39474400
2008-11-03,63.261051177978516,63.70116441419898,62.64489161410383,63.06469280594692,17957000
2008-11-04,65.14342498779297,65.33978350631305,63.86371357901895,64.43247707504854,25723700
2008-11-05,62.19120407104492,64.72353911987453,61.71723941366385,64.31728296128685,28970800
2008-11-06,58.995384216308594,62.06263403850007,58.555275862467845,61.47355854301293,43601900
2008-11-07,61.02660369873047,61.046920899079254,59.17813623572458,59.5573079889919,30916600
2008-11-10,60.214073181152344,62.123481338267695,59.38801625399143,62.06931248531344,23695900
2008-11-11,58.73806381225586,60.132879582282044,58.040655927242774,59.286509786716394,31463000
2008-11-12,56.25990295410156,58.2302547514538,56.090628957731056,57.83077059961896,35844600
2008-11-13,60.058387756347656,60.261518536848946,54.06609172152369,56.584888603754045,64432800
2008-11-14,57.02494430541992,60.59323284382874,57.02494430541992,58.90049526727662,45085800
2008-11-17,56.16508102416992,58.21668514362629,56.009351920520835,56.8624938695937,38157100
2008-11-18,57.10627365112305,57.58701635276837,55.05467361595255,56.19219509244137,42201200
2008-11-19,54.4113883972168,57.803637899890475,54.28951101491031,57.031749533892125,49759400
2008-11-20,51.499847412109375,55.65721057049948,51.032655344342395,53.76134754611234,77925200
2008-11-21,54.78031539916992,54.9095479984812,50.67213124964536,52.460957639060155,91695200
2008-11-24,57.065673828125,58.47361095876642,55.11360424953559,55.746156014851685,48461300
2008-11-25,57.68459701538086,58.541603471686415,56.31067064252365,58.10629975815366,44571400
2008-11-26,59.296600341796875,59.37822175587217,56.446716201747506,56.56234783566192,29776700
2008-11-28,60.058349609375,60.099157697995565,58.95648451356814,58.95648451356814,6958800
2008-12-01,55.5421028137207,58.74566932940157,55.40606712530366,58.69805813576333,27989600
2008-12-02,57.37851333618164,57.419321428772946,55.43324802115972,56.201829837257236,29383100
2008-12-03,58.52122116088867,58.72526693346615,56.07263556533829,56.21546916291198,49770900
2008-12-04,56.95682907104492,58.80687264105615,56.26986840760982,57.6369918430061,40456000
2008-12-05,58.89531707763672,59.1605854460451,55.3040569387314,56.43313011305591,43490800
2008-12-08,60.61611557006836,61.47992011357377,59.85433130353663,60.07198320979845,44114800
2008-12-09,59.24897384643555,60.813350148875,58.91569557285188,60.08557107042328,34188200
2008-12-10,59.60952377319336,60.48693523801647,58.86814811061138,59.89519117404686,32139600
2008-12-11,58.39878845214844,60.03797838325197,57.997489632832334,58.908910639753344,26284500
2008-12-12,58.738887786865234,59.194595834398136,56.609979077482045,56.80042392186996,34290400
2008-12-15,58.48723602294922,59.17420235383552,57.71185033827904,59.1401921158697,22944700
2008-12-16,60.92218017578125,61.04460968410967,58.7184542150998,60.92218017578125,30326100
2008-12-17,60.09242630004883,61.0786661950262,59.82035994318493,60.16724467791726,22285800
2008-12-18,58.738887786865234,60.56172516622967,58.09953278993483,60.42568942792915,26041600
2008-12-19,58.23809051513672,59.91646034086629,58.23809051513672,59.17961352802959,19707600
2008-12-22,57.96518325805664,58.62698056413584,57.03047914876503,58.53828806532915,20392200
2008-12-23,57.35796356201172,58.62697566646201,57.20104047156296,58.39500308126784,17174800
2008-12-24,57.63773727416992,57.944754376991014,57.40576451659606,57.60362194929302,4157300
2008-12-26,58.04024124145508,58.18351616289627,57.692284886375006,57.999307036833336,5294600
2008-12-29,57.931095123291016,58.183529717620296,57.030500769685055,58.1767056135052,10387800
2008-12-30,59.138671875,59.20689726641933,57.8969510122189,58.16303368243887,17764500
2008-12-31,59.711761474609375,60.29169021834645,59.104546743055266,59.227354509283224,18703600
2009-01-02,61.54021072387695,61.82676555990334,59.7458582775966,60.00511672372775,24558800
2009-01-05,61.19910430908203,61.62893414018805,60.63282890828528,61.315093193582804,25612100
2009-01-06,61.506099700927734,62.017797693106395,60.98075351401139,61.52656678777309,37258400
2009-01-07,59.943748474121094,60.844337241965206,59.5139237912628,60.63965584711987,33165500
2009-01-08,59.650360107421875,59.74587668043113,59.04996947632615,59.40474457532298,23641700
2009-01-09,58.770301818847656,59.875572901255275,58.565620253682695,59.81416634959841,24494100
2009-01-12,57.849143981933594,58.688325479412974,57.487545027307576,58.5177595419283,22622000
2009-01-13,57.596763610839844,58.19033555614343,57.19423008392906,57.72639552200451,29846500
2009-01-14,56.00025939941406,56.87355693928373,55.59090182825814,56.73710615065307,38850600
2009-01-15,56.06845474243164,56.6142680149398,54.6084102245226,55.99340528733023,44216600
2009-01-16,56.513389587402344,56.99862908048295,55.37888201812543,56.875610250250624,37613200
2009-01-20,54.27168273925781,56.32199177727969,54.23750883627524,56.18530137955492,36892100
2009-01-21,56.20588684082031,56.32207515443872,54.23075329407955,55.119223944831,34826600
2009-01-22,55.4677619934082,56.0691848125921,54.36742775690404,55.29006687315845,40157400
2009-01-23,55.03034973144531,55.72062262145363,54.02570163401322,54.33324622507454,44701000
2009-01-26,55.40626525878906,56.2400596525818,54.80484227330218,55.26274404228241,28917300
2009-01-27,55.706974029541016,56.205880322878215,55.221734187520006,55.693302364012176,23352800
2009-01-28,57.18998336791992,57.43602099750121,56.4450346521854,56.75258429626613,21080000
2009-01-29,55.72061538696289,56.68426401847196,55.59759652366833,56.43822629188284,20825600
2009-01-30,54.72966384887695,56.01452418059184,54.401611628964034,55.92567920284255,26172600
2009-02-02,54.21024703979492,54.620308381584444,53.75234529503349,54.08722811583677,22968000
2009-02-03,55.10557174682617,55.42678825272719,54.00523679496802,54.52465083034446,24065100
2009-02-04,54.463096618652344,55.84363707504862,54.2238894954388,55.22171211164082,27506400
2009-02-05,55.05087661743164,55.46093795471382,53.64982806632032,54.16924187445791,39865100
2009-02-06,56.629547119140625,56.90975336440084,55.16699346987251,55.269509984658065,30049700
2009-02-09,56.55440139770508,56.923457935854465,56.11016638618029,56.58857532713374,20793600
2009-02-10,54.121368408203125,56.54073559860562,53.724973764836754,56.19901715726419,49006600
2009-02-11,54.3674201965332,54.68180061835762,53.77282807735015,54.415260582154076,33244600
2009-02-12,54.333221435546875,54.415235722376,52.72714612148878,53.60194432416509,45482100
2009-02-13,53.684017181396484,54.64082550059152,53.629340930524116,54.319614258698486,23850300
2009-02-17,51.770347595214844,52.66564830752219,51.749845321529946,52.35126794453038,36731400
2009-02-18,51.77718734741211,52.27609342557766,51.31928060551269,52.11207000946121,35793800
2009-02-19,51.27827072143555,52.282923817296385,51.12108315148485,52.235083441979675,30933800
2009-02-20,50.63611602783203,51.309155158540015,49.77764400622676,50.35453468969075,46343700
2009-02-23,48.8642578125,51.103155654211584,48.80931431265051,50.98639940710628,36003600
2009-02-24,50.395751953125,50.684202604859294,48.86424042753207,49.15268583956769,37524300
2009-02-25,49.908180236816406,50.855937690435354,49.14585586747198,50.155420856047186,43668900
2009-02-26,49.3381233215332,50.86964039058117,49.28318507003395,50.46444393231315,31367300
2009-02-27,48.59638595581055,49.44798873920378,48.32854310264899,48.50710151162508,35756000
2009-03-02,46.58414077758789,47.95082717196296,46.41931032824194,47.834076200117124,36931600
2009-03-03,46.158355712890625,47.11297685769163,46.07594045416855,47.03056683867066,30799800
2009-03-04,47.229740142822266,47.992064454940206,46.44681332059884,46.94129452194047,31996400
2009-03-05,45.37540817260742,46.735230496188166,45.00454753890359,46.35750061749943,35056100
2009-03-06,45.67073440551758,46.44679161513888,44.48947547427098,45.698206152720985,35830500
2009-03-09,44.94276809692383,46.13089147545019,44.8122785592803,44.990842362418505,28114400
2009-03-10,47.48381423950195,47.545626962977714,45.69819309894639,45.75313657765851,31008100
2009-03-11,47.717323303222656,48.29421413356327,47.26404744535612,47.861546010807814,21875300
2009-03-12,49.29003143310547,49.44112335996884,47.284641879477434,47.64863320890401,21938300
2009-03-13,49.66777420043945,49.853201915584464,48.89858111753227,49.57849496569544,21835800
2009-03-16,49.66092300415039,50.86965393383487,49.58537699356379,50.114199067669986,24509000
2009-03-17,50.876529693603516,50.904001450033,49.351881269828894,49.647196101818594,20439900
2009-03-18,51.487728118896484,52.119562383552434,49.94247820051279,50.47129475600349,35906600
2009-03-19,50.897117614746094,52.10584835273255,50.704820614550584,52.07837660417601,25410900
2009-03-20,50.07579803466797,51.32872544486479,49.93123009336541,51.23923250565119,22996500
2009-03-23,53.531734466552734,53.545500605408776,51.06029498827321,51.321898896759144,25706800
2009-03-24,52.80198669433594,53.662514543019675,52.62300068342625,52.946559994890556,20383500
2009-03-25,53.29073715209961,54.12372694817781,51.96208279089412,53.180587136630514,30263100
2009-03-26,54.45417022705078,54.59185775583604,53.366462384737076,53.82082335136515,29403800
2009-03-27,53.5661506652832,53.98608879181252,53.23571082121705,53.79333134073282,19994100
2009-03-30,51.803775787353516,52.40270505271321,51.19796608091429,52.38204797273935,25811800
2009-03-31,52.20992660522461,53.16683810244632,51.769336906194795,52.34761416882362,28187500
2009-04-01,53.37337112426758,53.60743739816619,51.493981501827434,51.549051284882005,25416600
2009-04-02,54.8741340637207,55.59697948953,54.37158878861074,54.64695347249553,30176700
2009-04-03,55.183921813964844,55.204573638011794,54.35781208637751,54.90855190476906,20617100
2009-04-06,54.90858459472656,55.025615168829844,54.11001190785106,54.70205572681123,17834000
2009-04-07,53.621185302734375,54.20634291019413,53.483503013535376,54.20634291019413,17326400
2009-04-08,53.95164108276367,54.344041463964146,53.400901309879906,53.82083920494894,15719000
2009-04-09,55.68648147583008,55.70713330523072,54.908566139014646,55.08067172034735,19287700
2009-04-13,55.45243835449219,55.886142669018554,54.86039454290223,55.094455688195026,11991300
2009-04-14,54.571250915527344,55.30786280272991,54.440454208096845,55.05314983145939,18590000
2009-04-15,55.28030014038086,55.3904449520074,54.20635802661832,54.41288677025376,18263400
2009-04-16,55.94118881225586,56.30605173378528,54.87413231338215,55.66581888490995,19526700
2009-04-17,56.068077087402344,56.440439820991614,55.73019443061472,56.1577231827182,16835600
2009-04-20,54.14419174194336,55.2750737884728,54.026967928282296,55.19922184765217,16640200
2009-04-21,54.88206481933594,54.99929398975252,53.65464915306328,53.668443295900076,18051200
2009-04-22,54.34418869018555,55.4750659778873,54.240758962163255,54.495892639181015,20467800
2009-04-23,54.92340087890625,55.06131063850989,53.79941582054818,54.43381439311719,19521000
2009-04-24,55.66807174682617,56.04042878566264,55.11642272625037,55.23364643332537,17662200
2009-04-27,55.3440055847168,56.01287864161823,54.93027124608302,55.00611789435538,17582800
2009-04-28,55.24748611450195,55.81981626377036,54.73031670404978,54.79927157325954,16457900
2009-04-29,56.38523864746094,56.9230991012481,55.64051890552066,55.73015968402628,18084100
2009-04-30,56.3162841796875,57.274770801361,56.09562550263139,57.04722032193159,17496500
2009-05-01,56.65419387817383,56.67487981515824,55.82671957235804,56.39905504655298,12356400
2009-05-04,58.08842468261719,58.12980178294262,56.957548810811126,57.054086610044656,13866800
2009-05-05,58.0332145690918,58.30903361152199,57.65395549438376,57.96425454757323,11985000
2009-05-06,58.75045394897461,58.798722892572236,58.054002800054626,58.64702425620847,18357600
2009-05-07,58.040157318115234,59.23999330189321,57.68158909160906,59.164141420358426,19835900
2009-05-08,59.109039306640625,59.281429176171926,58.34362786504793,58.70909354670688,18463400
2009-05-11,58.21947479248047,58.60562620345471,58.06087388530553,58.44703055719818,13335600
2009-05-12,58.419464111328125,58.80561563169312,57.76437962680048,58.45393891940649,16819400
2009-05-13,57.32307815551758,57.82645889491215,57.095527523524076,57.72302391986709,17683700
2009-05-14,57.50238037109375,57.902326241693885,57.19208062444493,57.31620157528901,15029400
2009-05-15,57.25059127807617,58.05976122195322,56.904791615583335,57.50648492785514,23137600
2009-05-18,58.86893844604492,58.868938446044915,57.74854560189888,57.803874816137174,12745200
2009-05-19,58.60613250732422,59.05567317897803,58.53005615012966,58.74445555517103,17908900
2009-05-20,58.22577667236328,59.45682321464781,58.163529959608766,59.021112054826084,18083800
2009-05-21,57.47191619873047,57.630986402073866,56.918639776135244,57.59640431719933,20038800
2009-05-22,57.31285858154297,57.91454683381055,57.16762330422025,57.69323518124935,10156800
2009-05-26,58.68220901489258,58.82744425814034,56.89788126673201,56.89788126673201,13636800
2009-05-27,57.513465881347656,58.83441930635462,57.382060176081076,58.765260352815865,13708200
2009-05-28,58.10822296142578,58.40561113810928,57.077740557959594,57.94915793464661,17780200
2009-05-29,59.0556526184082,59.31154621047039,57.928347872479364,58.36405344941269,15275000
2009-06-01,60.41121292114258,60.6325245414794,59.51213677198653,59.671201695970844,12952000
2009-06-02,60.51497268676758,60.84002538429441,60.12076107575326,60.26599637702307,10553900
2009-06-03,60.13459396362305,60.24525245231015,59.53290557997023,60.18300573330186,9488600
2009-06-04,60.52185821533203,60.625599169048314,59.81642395124857,60.10689967695098,11762200
2009-06-05,60.798526763916016,61.24115011051476,60.252162416226774,61.03366810833376,16834300
2009-06-08,60.68096160888672,61.137419984283156,59.823379381869465,60.32133205448833,23538400
2009-06-09,60.68096160888672,61.01984929116132,60.47348484628714,60.84003187571842,22428400
2009-06-10,60.61874008178711,61.26192828251736,59.87872830473095,61.24118112708883,25155700
2009-06-11,60.76393127441406,61.56618393456454,60.72243699372095,60.76393127441406,21696400
2009-06-12,61.07514572143555,61.08898066526274,60.4250458266539,60.584110745271246,12743500
2009-06-15,59.81642150878906,60.36278558466688,59.47753933187179,60.328208785829375,14006100
2009-06-16,58.96574783325195,60.00314660798518,58.93808323274777,59.95473487622362,12830900
2009-06-17,58.94501876831055,59.38072448770596,58.6683779549629,58.938101296943586,13494000
2009-06-18,59.21476364135742,59.581310609817145,58.77214028965287,58.979617017740686,13378600
2009-06-19,59.19599914550781,59.74417514901066,58.9253813492698,59.64703057056534,13880400
2009-06-22,57.81511688232422,58.82125878521291,57.81511688232422,58.689422823814375,20652400
2009-06-23,57.718048095703125,58.085810717990796,57.48906202349101,57.88458101459101,12151100
2009-06-24,57.61390686035156,58.48127268757348,57.30165728014403,58.106570014935905,15355500
2009-06-25,58.78661346435547,58.911514411137425,57.294742515010725,57.37801157752645,13851400
2009-06-26,58.4743537902832,58.76579283887032,58.3008805610212,58.60619513859683,7779000
2009-06-29,59.15436553955078,59.2237537658447,58.49516944878508,58.640886312197004,7529200
2009-06-30,58.744964599609375,59.424976551319425,58.25923648297763,59.20987148614323,13421400
2009-07-01,59.001708984375,59.55682538945625,58.93232075723544,58.967017517796414,9144200
2009-07-02,57.5861930847168,58.31478303572901,57.55843672245126,58.28702667346347,16516500
2009-07-06,57.766578674316406,57.80821055045782,56.95472532566553,57.04492948863267,12392700
2009-07-07,56.58696746826172,57.724951387785374,56.580027057025596,57.704135448059624,15240600
2009-07-08,56.8506965637207,57.093558238026915,56.177618999223874,56.8506965637207,17902700
2009-07-09,56.73958206176758,57.183678090481,56.57304935973701,57.065712353146004,11452000
2009-07-10,56.51067352294922,56.857620182016475,56.219234305903456,56.48985757044293,16023500
2009-07-13,57.808204650878906,57.863717342723625,56.47593181049573,56.68410175792258,14384000
2009-07-14,58.051116943359375,58.08580843252025,57.54457249694082,57.96784784019876,10288300
2009-07-15,59.81355667114258,59.924582059193526,58.66169738701431,58.696388850293815,11620000
2009-07-16,60.528297424316406,60.71564623190752,59.695622528174,59.751135246713666,11805400
2009-07-17,60.77566909790039,60.83126211027522,60.26144698753686,60.60889536241736,9075000
2009-07-20,61.38022994995117,61.52615762828253,60.83126089243336,61.06752323783423,13142300
2009-07-21,61.963958740234375,62.03344737376318,61.220419228026095,61.936162226494275,14599300
2009-07-22,61.762474060058594,62.21415839423594,61.588749723963154,61.679089771786224,11857700
2009-07-23,62.978485107421875,63.235598791318,61.734619396099035,61.77631680261579,16519600
2009-07-24,63.214778900146484,63.2564710222764,62.58937055998168,62.81868783498264,10895100
2009-07-27,63.33286666870117,63.42320130522908,62.79779869572277,63.138296496709025,10045200
2009-07-28,63.22865295410156,63.43017364510876,62.5962996768954,62.96459410121699,11700400
2009-07-29,63.01324462890625,63.20086443990393,62.651900610760244,63.01324462890625,9063600
2009-07-30,63.5274543762207,64.26404847562156,63.42321881198425,63.638640391843865,11659200
2009-07-31,63.70115661621094,64.07640133727561,63.48574041216313,63.56217944617478,9151300
2009-08-03,64.5280990600586,64.62538416047,63.909641506740165,64.25708980867817,9843400
2009-08-04,64.75745391845703,64.79219558789588,64.30576980260463,64.34051147204346,12338900
2009-08-05,64.50727844238281,64.77828780060945,64.01390229531273,64.71574432474968,11396200
2009-08-06,64.3683090209961,64.86863572340246,64.0625579374705,64.79219662711019,10482300
2009-08-07,65.17434692382812,65.66772282952512,64.70181706600509,65.00757323919642,11813100
2009-08-10,64.97282409667969,65.18824031961992,64.62537583947818,64.96587364707655,13051400
2009-08-11,64.33357238769531,64.78525654615486,64.13900205522509,64.75746002699569,9305200
2009-08-12,65.16047668457031,65.61216070705342,64.2988060566121,64.31270696282887,13586400
2009-08-13,65.45238494873047,65.50102755254375,64.74358666271286,65.41763795958691,10209100
2009-08-14,64.9102783203125,65.40365415131015,64.2779200217978,65.36890720902113,10846500
2009-08-17,63.65951919555664,63.9166330127329,63.51359145120592,63.84019391307628,12121400
2009-08-18,64.13898468017578,64.34050011161294,63.756789272327715,63.84712395889067,8539100
2009-08-19,64.71573638916016,64.9381031507365,63.63169908918073,63.71508861288753,14296100
2009-08-20,65.17434692382812,65.28552761303597,64.57673547712136,64.72961356371702,8271000
2009-08-21,66.26849365234375,66.39401558472497,65.48049810591418,65.53628681370671,11866500
2009-08-24,66.33822631835938,66.88215823430066,66.17086551669496,66.54743131066786,9349100
2009-08-25,66.58229064941406,67.51672741629447,66.44281890191485,66.5613658970618,14622300
2009-08-26,66.56831359863281,66.84027674468751,66.15688408240169,66.42884722845639,11497200
2009-08-27,66.81934356689453,67.02854839939678,65.96858505115853,66.5961942283654,13096800
2009-08-28,66.65203094482422,67.25871581992104,66.25454573274902,67.21687695137746,10813900
2009-08-31,66.28248596191406,66.31037501337707,65.83618665420224,66.04538646201924,9890500
2009-09-01,64.99935913085938,66.70785316560062,64.83897317399088,65.9686657546858,17938600
2009-09-02,64.73436737060547,65.14579728476008,64.65068427538307,64.81107554448279,10922400
2009-09-03,65.16674041748047,65.27831791833692,64.59491902636132,65.02029893783742,7262500
2009-09-04,65.86402130126953,65.94770434745767,65.06208138658765,65.2503615901322,8118600
2009-09-08,66.2894058227539,66.40098322611074,65.98257860412944,66.38703339053943,10862500
2009-09-09,66.61717987060547,66.88217363124095,66.15693622999967,66.31034722999816,13560500
2009-09-10,67.18201446533203,67.26569753117394,66.38007436230681,66.64506275701648,12244800
2009-09-11,67.09831237792969,67.38422010530242,66.84726859178166,67.20291484220843,8116500
2009-09-14,67.1680908203125,67.25874351291668,66.52653641040774,66.55443077435655,8417900
2009-09-15,67.57247924804688,67.85838686389977,66.9169756931984,67.29354122553899,11687700
2009-09-16,68.39539337158203,68.4442071621001,67.60042288582821,67.86541127431144,10580800
2009-09-17,68.3814926147461,68.84174181594835,68.08860966142173,68.31873426202286,15803800
2009-09-18,68.53863525390625,68.78314058066168,68.40590150660343,68.69930789870995,9910900
2009-09-21,68.28020477294922,68.48978396523735,67.92392760780774,68.15445832354038,7711800
2009-09-22,68.60848236083984,68.75518553380742,68.24521812251282,68.67834025323171,8206300
2009-09-23,68.16847229003906,69.27224672145319,68.04272576836121,68.71337210736866,13199100
2009-09-24,67.7562255859375,68.47577225240205,67.4977507619555,68.28715534490661,16702600
2009-09-25,67.58161163330078,68.00775206388988,67.33011874541803,67.67941383083074,13350100
2009-09-28,68.3499755859375,68.62941237612034,67.72823152593274,67.77015050883892,6393200
2009-09-29,68.07054138183594,68.71324224248157,68.03560978579102,68.42681807839041,8171200
2009-09-30,67.82601165771484,68.31502721476572,67.11345313662184,68.19626834955218,15351500
2009-10-01,66.44988250732422,67.7213160900864,66.37303718118321,67.70734130543238,15473500
2009-10-02,66.2682113647461,66.55463033564888,65.80713966012081,65.82111443713019,15752800
2009-10-05,67.04360961914062,67.26017057607393,66.22626149476697,66.41487824277132,8742700
2009-10-06,67.96580505371094,68.30112518669006,67.45583213379102,67.46980691505864,12439600
2009-10-07,67.95877838134766,68.09849946417482,67.64441527216162,67.85398890168086,10039900
2009-10-08,68.39895629882812,68.77619024631446,68.14047605424302,68.41991314815301,9701300
2009-10-09,68.94383239746094,68.96478923970238,68.24524256371974,68.37098894698585,6494100
2009-10-12,69.11849975585938,69.43286313962454,68.85303213152355,69.16041345240967,5438300
2009-10-13,69.04161834716797,69.17434676015817,68.61547822219431,68.90888460436156,6026200
2009-10-14,70.01969909667969,70.1105139052486,69.46082479672555,69.69834290982284,9162700
2009-10-15,70.31303405761719,70.32700350246219,69.74717293981857,69.76813510180843,7667900
2009-10-16,69.91728210449219,70.07111636531685,69.48375500740327,69.7424714144276,13185400
2009-10-19,70.52564239501953,70.74240599633234,69.87534625628092,70.00121019715937,9772400
2009-10-20,70.19696807861328,70.63050043517347,69.85434067936293,70.60253008944721,9387400
2009-10-21,69.52568054199219,70.76333739393355,69.51169803959371,70.07808274567574,12893600
2009-10-22,70.44172668457031,70.68646062716375,69.36489200235935,69.65857806827131,13423200
2009-10-23,69.80540466308594,70.6724641749978,69.48375363987346,70.60953488851655,13214000
2009-10-26,69.0921859741211,70.46270135312602,68.88940490253572,69.85436347316957,16109800
2009-10-27,69.09915924072266,69.59562088765902,68.80547860475436,69.19005886572292,14503800
2009-10-28,68.3020248413086,69.27397173468039,68.26007198786178,68.95931466423275,17191500
2009-10-29,69.60260009765625,69.74244646576173,68.56073025131857,68.76350588463242,12927200
2009-10-30,67.86853790283203,69.67258649612202,67.73568533303288,69.46980534402647,29751800
2009-11-02,68.42091369628906,69.22504406297038,67.7006943944544,68.10625653901363,20615900
2009-11-03,68.38593292236328,68.47683254582881,67.87548344340017,68.00834125329428,13945600
2009-11-04,68.64463806152344,69.490720884765,68.4838152667074,68.79147835301522,14714300
2009-11-05,70.0361099243164,70.0850566709431,69.0921285704091,69.12709281862615,9811600
2009-11-06,70.18303680419922,70.34385974102267,69.52574653682899,69.67958088321792,10786100
2009-11-09,71.61647033691406,71.63045818509725,70.56061719552524,70.67249330698587,10959900
2009-11-10,71.80526733398438,71.88218449286458,71.4276754635181,71.51158121153225,9959100
2009-11-11,72.11287689208984,72.4555095571345,71.77024956184206,72.09889438944167,10532400
2009-11-12,71.4416732788086,72.30873864921281,71.2528799705379,71.994076022359,11966800
2009-11-13,71.9590835571289,72.1968235631221,71.39269322645187,71.56750393725846,11677800
2009-11-16,72.90303039550781,73.11979388077194,72.26671710872985,72.30168137045511,10497400
2009-11-17,73.13375854492188,73.16872279811824,72.62331459094953,72.78413735214234,8398000
2009-11-18,73.1058120727539,73.15475883875673,72.65829725935737,73.07084781069587,7773400
2009-11-19,72.47647094726562,72.77015145514164,71.93106276555423,72.74917503812132,12739500
2009-11-20,72.4330062866211,72.57331021116667,72.06119606954881,72.2014999940944,8680400
2009-11-23,73.28185272216797,73.64665146659993,73.05034644423053,73.09945334995199,9489200
2009-11-24,73.21173858642578,73.3520425746124,72.67155699217376,73.26786232260206,10211800
2009-11-25,73.40111541748047,73.5484361423354,73.09945716594373,73.33798025779332,6489600
2009-11-27,72.38388061523438,72.84688772802039,71.71742911801577,71.8787780541949,12916100
2009-11-30,72.6645278930664,72.77676998590736,72.05419445293799,72.33480771341954,11959000
2009-12-01,73.47129821777344,73.75190616116988,73.14858944881132,73.15560625307226,10101300
2009-12-02,73.36602020263672,73.83604409188831,73.18362087537118,73.4782622370886,7124600
2009-12-03,72.74166870117188,73.78694720845154,72.67151139884044,73.55544095615952,9723500
2009-12-04,72.9521484375,73.85010653794552,72.39793875157605,73.63263381581487,16602800
2009-12-07,72.99420166015625,73.33093307682493,72.74165042153004,72.83986419741252,8189500
2009-12-08,72.2155532836914,72.5663185429248,71.38073025399495,72.55228493529373,10719700
2009-12-09,72.57328033447266,72.65044906687969,71.89280069308707,72.2295321142728,8583800
2009-12-10,73.08550262451172,73.39417798918812,72.92414813326987,72.95221001662745,8039500
2009-12-11,73.60455322265625,73.68873878024118,73.13452923537206,73.31692860068051,9235500
2009-12-14,73.801025390625,73.92730112710751,73.60459765659759,73.88521099903146,9752400
2009-12-15,73.47830200195312,73.76593207184833,73.28889112470115,73.59756625292958,7191500
2009-12-16,73.42914581298828,73.87812459702212,73.28884195007119,73.72378713646376,6283400
2009-12-17,72.52417755126953,73.06435870869693,72.46104241331683,72.9871899719216,8223700
2009-12-18,72.63690185546875,72.98902955706518,72.13688116396689,72.855219311085,8299800
2009-12-21,73.15809631347656,73.5172683041285,72.90456377572765,72.93273465470483,5968000
2009-12-22,73.55949401855469,73.67217749169748,73.27779608178518,73.3975182422166,6849400
2009-12-23,73.55949401855469,73.74964603622222,73.36230331359855,73.70034835998318,4867200
2009-12-24,73.94681549072266,73.97498635091276,73.62990271640786,73.64398545998182,3568000
2009-12-28,74.15101623535156,74.19326981976302,73.86931313551582,74.08763048569465,8116800
2009-12-29,74.15101623535156,74.39750443281794,74.12284538806401,74.29186509874957,3356400
2009-12-30,74.10173034667969,74.17919884574522,73.86228079328424,73.89749570123787,3243500
2009-12-31,73.2918701171875,74.2214871679368,73.26369925225048,74.18627224350475,5189400
2010-01-04,74.41162872314453,74.55952171353238,73.77779778359498,73.83413413252201,8977300
2010-01-05,74.2918472290039,74.41861332478639,73.9256370484314,74.37635975053837,6549200
2010-01-06,74.3411865234375,74.54542120183658,74.2003376149754,74.29893292550716,6797200
2010-01-07,74.60877227783203,74.66510859119497,73.91155599794632,74.21438584605777,6312000
2010-01-08,74.7285385131836,74.7285385131836,74.2566886999351,74.41866442780625,4912000
2010-01-11,75.0313491821289,75.11586173989348,74.52428458162295,74.93275388459061,6858300
2010-01-12,74.74961853027344,74.94680905280725,74.35523748520582,74.54538395392377,8869900
2010-01-13,75.17924499511719,75.34826474405052,74.67922443195204,74.8834590912236,8619100
2010-01-14,75.37646484375,75.46097743752799,75.05955201990781,75.1018056302753,7039900
2010-01-15,74.65811920166016,75.34124782444754,74.32711829181122,75.31307696264736,14027400
2010-01-19,75.47502899169922,75.51728795764535,74.55245639299437,74.58062724594485,10877400
2010-01-20,74.66510772705078,75.03132331138566,74.03832124894107,75.00315246851075,11896600
2010-01-21,73.03833770751953,74.72855199247897,73.03833770751953,74.62995665171862,22253800
2010-01-22,71.57344055175781,73.14393171589428,71.5171042298869,72.80588691947001,24606900
2010-01-25,71.77066802978516,72.2002588664406,71.60164287076039,72.10870760175045,18236800
2010-01-26,71.74954986572266,72.58057158755469,71.46785195842489,71.59461816592615,18352400
2010-01-27,72.04531860351562,72.19321157024041,71.12274051626841,71.60163433029979,16203100
2010-01-28,71.27064514160156,72.27069190449085,70.78471256374206,72.24955972889491,13409200
2010-01-29,70.81287384033203,72.08757423693005,70.71427852639857,71.52416783756031,14556900
2010-02-01,71.72136688232422,72.08053863839925,71.17909259205132,71.27768791755548,9985500
2010-02-02,72.45377349853516,72.60871050319858,71.60866940242299,71.79881594348394,8891300
2010-02-03,72.27766418457031,72.58049394671106,72.07342965912308,72.27062550554751,6561600
2010-02-04,70.45364379882812,71.8832800403292,70.43251701662462,71.79876753847795,16419300
2010-02-05,70.5382308959961,70.6649917232688,69.2705688928404,70.53118683679999,28939700
2010-02-08,69.87619018554688,70.69312328773626,69.80576575186433,70.42550829052661,10929500
2010-02-09,70.88333892822266,71.47491115092012,70.31288814428473,70.53825513164914,19228000
2010-02-10,70.79176330566406,71.10868151706873,70.24948891327954,70.812895484859,11212100
2010-02-11,71.53826904296875,71.65799117850334,70.33399288267007,70.72133015170128,9934200
2010-02-12,71.31990814208984,71.3903379470944,70.41846251764495,70.7987608979026,13643000
2010-02-16,72.40447235107422,72.51715575740022,71.54528018348047,71.84107143856592,8958800
2010-02-17,72.8058853149414,72.84814427171297,72.50305542777015,72.65095371691115,8784900
2010-02-18,73.36225891113281,73.45381552090767,72.65096506634316,72.65800374937163,8677700
2010-02-19,73.42233276367188,73.70475459021651,73.01988341153898,73.21757707409573,9324500
2010-02-22,73.31637573242188,73.69764413973024,73.2245909884706,73.69764413973024,5285200
2010-02-23,72.63152313232422,73.52820620898446,72.50443364092597,73.15399975840785,10810200
2010-02-24,73.21755981445312,73.39407274109043,72.71626374921284,72.85041529721623,9658700
2010-02-25,72.93512725830078,72.96336457996004,71.96077267193571,72.1937709762183,10052900
2010-02-26,72.93512725830078,73.15400151500792,72.56797743578049,72.97042660374777,6961100
2010-03-01,73.44349670410156,73.57058622771765,73.13283761384328,73.1963796822778,5818700
2010-03-02,73.43639373779297,73.88120409646534,73.3940269988168,73.73293397690789,5673300
2010-03-03,73.4928970336914,73.97301226252604,73.30932752468506,73.67647192944312,5891900
2010-03-04,73.78235626220703,73.83177963466413,73.40108793750505,73.59878142733344,6168300
2010-03-05,74.6719741821289,74.67903081546231,74.04358906390308,74.12831175784804,6753500
2010-03-08,74.55192565917969,74.81316647946161,74.48838365212677,74.64371574057863,5728100
2010-03-09,74.63670349121094,75.00385328814562,74.42489127305213,74.44607195619346,8672300
2010-03-10,74.67904663085938,74.94028756158183,74.40368704373707,74.71435135197521,7325500
2010-03-11,75.03916931152344,75.04623133638884,74.30487494117388,74.58729668157704,7739600
2010-03-12,75.13800048828125,75.3215753893823,74.93324490373497,75.29333268254018,10139600
2010-03-15,75.24390411376953,75.28626547774454,74.74967024491062,75.05327258913685,6760400
2010-03-16,75.59691619873047,75.63222092016683,75.13092511888694,75.39216066523684,6848800
2010-03-17,75.91465759277344,76.16177993590348,75.70990739087324,75.76638741894278,6989400
2010-03-18,76.21827697753906,76.27476240496303,75.8723131613743,75.92173656368355,7495600
2010-03-19,75.9331283569336,76.52027795376769,75.63601846350849,75.9331283569336,12068000
2010-03-22,76.25151824951172,76.44959165008743,75.63607127164117,75.65729265068923,8835200
2010-03-23,77.01549530029297,77.05086245487107,76.27979048168892,76.42126989418855,9105900
2010-03-24,76.68302154541016,76.97305599345118,76.55568790070832,76.76790704381521,7075900
2010-03-25,76.71128845214844,77.48236021169485,76.62639758991263,77.10035942727193,9526500
2010-03-26,76.70426177978516,77.15700253957793,76.49203718740297,76.84574124330956,8859800
2010-03-29,77.0509033203125,77.22068518187152,76.87405126234422,76.95894219312373,5886300
2010-03-30,77.1994400024414,77.3762920182606,76.8740329409855,77.11455448898911,5781300
2010-03-31,76.83155059814453,77.13573612451107,76.62640171784221,76.98010556724087,6078200
2010-04-01,77.30558776855469,77.5178124437703,76.86699802218571,77.2772907853861,11474400
2010-04-05,77.62386322021484,77.72997007657479,77.28430508858281,77.52482115912322,4237800
2010-04-06,77.61677551269531,77.72288774958169,77.30551439038662,77.42577240688132,4407600
2010-04-07,77.14287567138672,77.60268673915768,76.7679447466135,77.49657981403939,10894000
2010-04-08,77.36917877197266,77.51065814706467,76.75373215642874,76.90228711940303,8764300
2010-04-09,77.85728454589844,77.87143572132706,77.39747388921785,77.47528376570693,6013100
2010-04-12,77.94224548339844,78.06957919127862,77.80076598446354,77.91394850419208,4366500
2010-04-13,77.9917221069336,78.12613133695442,77.48238754800633,77.81487012936685,6104100
2010-04-14,78.72743225097656,78.74865362617001,78.11906097565739,78.23931903314983,7987400
2010-04-15,78.91839599609375,78.96084412527188,78.55054639146643,78.57884334522115,8664000
2010-04-16,78.00587463378906,78.94041566143382,77.66603907759874,78.77050058409012,22103600
2010-04-19,78.47311401367188,78.52267818650407,77.6943310063951,77.77929121503475,10482500
2010-04-20,78.65719604492188,78.89083258026798,78.43064087772295,78.74215625818444,8901000
2010-04-21,78.69966888427734,78.94038135578097,78.36691484302185,78.6855061497768,9115800
2010-04-22,78.83419036865234,78.94747065002876,77.98460986433368,78.3102825710392,9946100
2010-04-23,79.26602935791016,79.32266947528176,78.62176557767974,78.79168052829561,13873100
2010-04-26,79.35099792480469,79.70499059356113,79.30851513153428,79.37223662069016,8015700
2010-04-27,77.78639221191406,79.42183748004415,77.68727464423965,79.12448477702092,19874600
2010-04-28,78.2677993774414,78.47311041962402,77.65893141382895,78.14743773700584,14833300
2010-04-29,79.07488250732422,79.29435622912146,78.52973078340938,78.5438935147185,7472600
2010-04-30,77.94920349121094,79.29437703913935,77.90672608913451,79.15985806389628,14615900
2010-05-03,78.96868896484375,79.16692400457246,78.2819422904266,78.2819422904266,8324800
2010-05-04,77.42529296875,78.26071605599897,76.95801995655115,78.23947735571731,19911700
2010-05-05,77.02882385253906,77.56688893851258,76.63942967051815,76.85182747916605,18900400
2010-05-06,74.52255249023438,77.27661555140425,70.20384218002842,76.72438774603864,34425300
2010-05-07,73.47471618652344,75.0039670817065,72.59681589567725,74.35261647736964,33885700
2010-05-10,76.46240234375,76.79515625522644,75.75441713686342,76.15796848872884,20454000
2010-05-11,76.22877502441406,77.12083800394791,75.74026884639478,75.85354368423292,16440600
2010-05-12,77.35453796386719,77.4182540996887,76.42707279760485,76.5191144180184,12985000
2010-05-13,76.53324890136719,77.49610983279416,76.44121270994472,77.13503563313357,11160700
2010-05-14,75.40746307373047,76.22872263854335,74.77735702956086,76.07296511724381,17962100
2010-05-17,75.41462707519531,75.69782240803737,74.09777877025796,75.53498873766684,17552200
2010-05-18,74.61457061767578,76.11550140390415,74.43757429200495,75.95974377307394,19213400
2010-05-19,74.17562866210938,74.74910051439255,73.34020566638203,74.31014761782394,24115100
2010-05-20,71.58438110351562,73.09946893800428,71.50650230255141,72.90123395427652,28708100
2010-05-21,72.37398529052734,72.46637503733322,70.36991396519714,70.56890434650714,30840500
2010-05-24,71.54955291748047,72.47341701027636,71.4429523803227,72.03991213524905,16537800
2010-05-25,71.39327239990234,71.47144583819176,69.46737448426971,70.02169128527932,25166200
2010-05-26,70.83892822265625,72.34553658879969,70.72521947565758,71.69172213742031,18499900
2010-05-27,72.99934387207031,73.00645202407057,71.82674820087013,72.0896956055661,18333200
2010-05-28,72.11100769042969,72.93537431928216,71.80542224704358,72.90694713595197,19442500
2010-06-01,71.29376983642578,72.69377795079515,71.22981271701576,71.54250100401944,17009600
2010-06-02,72.92119598388672,72.94962317990421,71.35773815645798,71.67753462327147,14879500
2010-06-03,72.97806549072266,73.38314362948606,72.37399693862314,73.1912613721098,11856600
2010-06-04,70.66834259033203,71.90489490453541,70.35564908161857,71.75565629953927,20047200
2010-06-07,69.8369140625,71.00951016204336,69.78716782418887,70.82474151799249,13694600
2010-06-08,70.66834259033203,70.83179207212001,69.43178485419931,69.90082511726952,25086600
2010-06-09,70.46222686767578,71.62060543042395,70.21349593971485,71.05207836964573,16076800
2010-06-10,72.40234375,72.47341438681819,71.49269598678195,71.49269598678195,13825600
2010-06-11,72.70796203613281,72.73638921936978,71.79120570898088,71.82674104350981,9066300
2010-06-14,72.587158203125,73.54655269500451,72.51609294852862,73.19122100009125,8995700
2010-06-15,74.02981567382812,74.11509724593118,72.55874244212674,73.06331287772234,9402100
2010-06-16,74.11512756347656,74.25015541905788,73.56791340701982,73.68873037240361,9602400
2010-06-17,74.30693054199219,74.34957401406673,73.4683478835803,74.2714006408473,9742800
2010-06-18,74.39238739013672,74.64157126041222,74.20728247610404,74.40662957232445,6890700
2010-06-21,74.36389923095703,75.43895571710337,74.01504185585536,75.27520866486802,10258800
2010-06-22,73.28173065185547,74.71276567293948,73.21765170044544,74.39950287004731,11915600
2010-06-23,73.32447052001953,73.81572272628287,72.8118604668408,73.38854949256806,12966900
2010-06-24,72.30636596679688,73.07528098765435,72.12126101984381,72.98272851417782,13397700
2010-06-25,72.42027282714844,72.6409777770078,71.78663147991243,72.47723069543514,10893500
2010-06-28,72.22095489501953,72.65524931049514,71.9361708703432,72.3989442314668,6770700
2010-06-29,70.29153442382812,71.35947018854759,69.86435577249858,71.33099124967214,16662900
2010-06-30,69.57952880859375,70.57626381633258,69.47984987602146,70.13485415056208,13386200
2010-07-01,69.30186462402344,69.77175866720884,68.53295549340898,69.59376948693536,18562200
2010-07-02,68.96723175048828,69.5866304618296,68.4688589151063,69.4371202407542,11305700
2010-07-06,69.38018798828125,70.21318157246075,68.7821468835363,69.76464531210272,10251400
2010-07-07,71.40214538574219,71.45910323118984,69.41578533809765,69.44426426082148,12255100
2010-07-08,72.2707748413086,72.2707748413086,71.48050193719838,71.83648052709299,9456500
2010-07-09,72.69795227050781,72.71218902493463,72.10702647344802,72.2351789904995,7377600
2010-07-12,72.79765319824219,72.83325324538858,72.29928512902005,72.51286911648472,6613100
2010-07-13,73.85132598876953,74.17170457011625,73.4526262456372,73.48822627992132,9339100
2010-07-14,73.86557006835938,74.10763294372752,73.41703892363438,73.70893859286086,8757900
2010-07-15,73.82997131347656,73.95812384731104,72.96850361506827,73.84421350157108,11495700
2010-07-16,71.97930908203125,73.47575929531502,71.8510416102255,73.40450079690626,12219700
2010-07-19,72.41401672363281,72.61354275924181,71.80118365044706,72.26437219692606,7289500
2010-07-20,72.91997528076172,72.96985680059859,71.28812922227274,71.3308832573678,9200800
2010-07-21,72.1360855102539,73.18359691878631,71.77266007817312,73.16221991160661,10812500
2010-07-22,73.57551574707031,73.9033091599832,72.84154294895292,72.86291995290982,10386600
2010-07-23,74.30239868164062,74.4662981894108,73.34039495983058,73.47578996900256,13384300
2010-07-26,75.00787353515625,75.05775504902967,74.2596453903777,74.40216788478551,9047000
2010-07-27,75.13610076904297,75.42113473165078,74.82255688616515,75.35700372106633,10259500
2010-07-28,74.88670349121094,75.21450240248484,74.60166946924743,74.993593967785,7157900
2010-07-29,74.58747100830078,75.48534408034187,74.05302365724673,75.29294542610144,11562800
2010-07-30,74.6087875366211,74.91520398690429,73.78217913097875,73.96745558471805,11706000
2010-08-02,76.0554428100586,76.24071402455917,75.44973130850514,75.59225390044517,6852300
2010-08-03,75.81311798095703,76.12666208466615,75.5779599031752,75.87725447338761,5440100
2010-08-04,76.21930694580078,76.35470199559465,75.80599974714075,75.99840381123506,7289900
2010-08-05,76.1622085571289,76.1622085571289,75.69902581033743,75.8415427421698,3631700
2010-08-06,76.02689361572266,76.05539811736045,75.04350733759051,75.47819147338096,7524700
2010-08-09,76.33326721191406,76.51141616928595,75.99121882162314,76.24775375517264,3723500
2010-08-10,76.00550842285156,76.37605603092818,75.30003431572774,75.79172740190303,8434400
2010-08-11,74.20262145996094,74.97222646485481,74.04585490267618,74.95797693662026,9496200
2010-08-12,73.71802520751953,74.01731954239332,73.24058737896151,73.29046886199482,14562800
2010-08-13,73.6468276977539,73.96749929989922,73.46867861989931,73.5470646490896,6481600
2010-08-16,73.59691619873047,73.81781922556327,72.9555786923234,73.26199519890254,5818900
2010-08-17,74.34508514404297,74.90803620603816,73.8747695340197,74.10279986221138,5461600
2010-08-18,74.51618194580078,74.9009845334432,73.88197178376348,74.29527887086208,6344900
2010-08-19,73.4401626586914,74.33090790901196,73.07674251096846,74.1670138274924,8882600
2010-08-20,73.05677795410156,73.29996959782486,72.57755426357105,73.26420435530355,8548600
2010-08-23,72.78495025634766,73.70763746641279,72.74203089185114,73.34285288173412,5552400
2010-08-24,71.812255859375,72.34870198562977,71.46177925151862,72.04829346461003,9543400
2010-08-25,71.96245574951172,72.22710445358267,71.07553306926452,71.46177491155247,9732500
2010-08-26,71.47606658935547,72.28430994654985,71.2900971112625,72.21278490328672,8258800
2010-08-27,72.65621185302734,72.69197162791836,71.09694269416332,71.90518563920897,10431400
2010-08-30,71.64768981933594,72.62759930953276,71.64054113870532,72.40587015580535,4731200
2010-08-31,71.6691665649414,72.13408741368897,71.18278875436096,71.44743734998886,10523400
2010-09-01,73.52887725830078,73.60040230996799,72.47744208205654,72.49889905185555,8511100
2010-09-02,73.87217712402344,73.87933126410834,73.4001075616094,73.60753396799177,3782600
2010-09-03,74.80200958251953,74.83776936447805,73.87932207864456,74.54451514157724,6280300
2010-09-07,74.07246398925781,74.59460717816535,73.9651791518894,74.50162516677571,4206700
2010-09-08,74.37287139892578,74.6732798313003,74.15829082893794,74.17974779453459,5742100
2010-09-09,74.56596374511719,75.10240952745616,74.36569152616536,75.08810670767761,4396500
2010-09-10,74.94503784179688,74.97364893325354,74.49442542962183,74.68754347569464,3521600
2010-09-13,75.5816650390625,75.71756644089665,75.14535518192118,75.56736221324306,4944900
2010-09-14,75.41714477539062,75.86775737942128,75.2240211900846,75.44575587902892,5077800
2010-09-15,75.77477264404297,75.86060049484283,75.08812255259485,75.24547543139789,4374300
2010-09-16,75.95352172851562,75.989281482838,75.38846522297348,75.58158317592847,5449000
2010-09-17,76.00445556640625,76.30540524361393,75.70350588919858,76.2050886845447,7777800
2010-09-20,77.0434799194336,77.18679324850766,76.0976338149229,76.24094714399695,5257500
2010-09-21,77.11511993408203,77.60953576129096,76.79266912484859,77.05779461686144,8381800
2010-09-22,76.95748901367188,77.41608068311201,76.72819317895181,77.07213419760996,5593500
2010-09-23,76.43436431884766,77.11508989528062,76.2480653107149,76.41286869997396,7547400
2010-09-24,77.79586791992188,77.86036029139527,77.15097153941335,77.22262547794872,5334900
2010-09-27,77.52354431152344,77.91048195787224,77.44472337614633,77.79583133665369,3989800
2010-09-28,77.78866577148438,78.01079998756917,76.88581671317202,77.64535795910412,7872700
2010-09-29,77.60954284667969,77.89616399210666,77.38741405572452,77.63820550790675,6281000
2010-09-30,77.32292938232422,78.47657009539826,77.00764556664168,78.03947953298902,11670500
2010-10-01,77.6167221069336,77.91051033066353,77.27277558486496,77.78153106824335,5987600
2010-10-04,77.07931518554688,77.78153688161716,76.72104003725171,77.50208270329452,5561600
2010-10-05,78.39057922363281,78.59121236974661,77.58087414087511,77.68119618077523,6493200
2010-10-06,78.65569305419922,78.69868977272343,78.29741804527323,78.41923570310858,7215600
2010-10-07,78.53387451171875,78.89931652198382,78.11111265946182,78.8849824613541,5282200
2010-10-08,78.93508911132812,79.11422647172945,78.37617595473169,78.57681439052544,4812900
2010-10-11,79.00682830810547,79.1071449009487,78.73453572737874,79.02832393987983,3527300
2010-10-12,79.00682830810547,79.27194838911501,78.25444839493696,78.77036542489887,5373500
2010-10-13,79.58010864257812,79.99570930656945,79.29349277333321,79.40813802766172,6921600
2010-10-14,79.58719635009766,79.70184695699442,79.04261690102176,79.57286775765648,8971700
2010-10-15,79.37423706054688,79.94078675131503,78.96546139397054,79.91210006769602,9377400
2010-10-18,79.61089324951172,80.0268364580979,79.28100461511745,79.37423222763373,4434900
2010-10-19,78.77182006835938,79.37422942354677,78.2913304746786,79.09454112445349,9253700
2010-10-20,79.66824340820312,80.01965107934944,78.75746471504634,78.9510929353029,7394700
2010-10-21,79.99095153808594,80.47144096450525,79.38854239260104,80.01963820895884,6992000
2010-10-22,79.86188507080078,80.09137302617681,79.71128411303131,80.02682663203308,3549800
2010-10-25,80.1128158569336,80.71522462697862,80.07696164425519,80.24907609080252,6126500
2010-10-26,80.14873504638672,80.25630870712777,79.55349886552007,79.74712707771504,5371300
2010-10-27,79.82605743408203,79.93363115326845,79.07305234263036,79.6898024964441,7608300
2010-10-28,79.67539978027344,80.22043555767833,79.30248401978973,80.1558891834772,5657500
2010-10-29,79.82605743408203,79.87625777351214,79.46748201774506,79.61808303603539,5972000
2010-11-01,79.83319854736328,80.68660944780412,79.36704959826307,80.09137318159036,9428500
2010-11-02,80.23475646972656,80.5216176227861,80.21324284074583,80.32798949053822,4073600
2010-11-03,80.53601837158203,80.58621869709556,79.64674764616365,80.37107131836609,10108800
2010-11-04,82.06352996826172,82.12807088543227,81.210119142847,81.26031945778763,9353700
2010-11-05,82.14241027832031,82.20695119024165,81.79100810231596,82.07786389497547,6347900
2010-11-08,81.91290283203125,82.00613039527634,81.59735496962908,81.85552949860863,4081700
2010-11-09,81.5328598022461,82.0492091498089,81.20297115717547,82.02769003413937,5838500
2010-11-10,81.5615234375,81.67626466485426,80.86588662257364,81.48263644994606,9956900
2010-11-11,81.09538269042969,81.22447000380303,80.70094771305993,80.96629537705634,5517900
2010-11-12,80.43561553955078,81.0308463912358,80.06986719419795,80.65075744102158,8695800
2010-11-15,80.50017547607422,81.05955221197196,80.44997514006869,80.55037581207975,6607300
2010-11-16,79.2451171875,80.13438212891779,78.93674230447452,80.02680847736507,9492400
2010-11-17,79.20211791992188,79.45311954801255,79.07303058670021,79.34554585842365,5558800
2010-11-18,80.42840576171875,80.58617970024787,79.85468334368969,79.86185637855623,7154500
2010-11-19,80.5874252319336,80.6233952550101,79.99026686012019,80.33561311402808,4474300
2010-11-22,80.45072937011719,80.47950868364276,79.52981329366992,80.25647586518554,6814800
2010-11-23,79.42182922363281,79.72400354225448,79.0692925185742,79.70242044650843,6615500
2010-11-24,80.47234344482422,80.55148521519625,79.86079789211797,79.86079789211797,4288200
2010-11-26,79.60173797607422,80.11255830685174,79.60173797607422,79.81758002641575,2330100
2010-11-29,79.60897064208984,79.7600579509024,78.7096375021862,79.32837914156742,6040400
2010-11-30,79.26362609863281,79.6881142046223,78.82475107727993,78.90389283451366,8055600
2010-12-01,81.06229400634766,81.22777372628376,80.28526882325433,80.35002366639249,7312300
2010-12-02,81.83211517333984,81.9256493279312,81.11984490139574,81.1342318156671,6146200
2010-12-03,81.97601318359375,82.03356633077115,81.5227457843261,81.54432890065434,4550500
2010-12-06,81.83211517333984,82.05515351274772,81.75297342211344,81.86089449097614,6181100
2010-12-07,81.82489013671875,82.52996391121495,81.78171843382725,82.46521459051462,7617300
2010-12-08,81.94001770019531,82.07671805576072,81.62345076692483,81.80331734462992,6518700
2010-12-09,81.96158599853516,82.2997359817624,81.66660771873761,82.27095667583971,5237500
2010-12-10,82.2278060913086,82.26377611373059,81.85368053229163,82.09110573446482,8294000
2010-12-13,82.37168884277344,82.76020127371574,82.32852262458825,82.50119298642088,4756900
2010-12-14,82.745849609375,83.01204872035959,82.44366948609034,82.47244880683623,5212500
2010-12-15,82.6595458984375,83.05525486129395,82.5084585187368,82.67393830932126,5851100
2010-12-16,82.91130065917969,83.019221709527,82.32133847158595,82.73143407163168,8109500
2010-12-17,82.89180755615234,82.92065269125449,82.55288959740791,82.87738773942476,4621200
2010-12-20,82.74763488769531,83.03608090266655,82.48082136105816,83.02886823933848,6742100
2010-12-21,83.15148162841797,83.25964960506732,82.9207258456702,83.00726132732005,4783100
2010-12-22,83.34613800048828,83.40382828899617,83.1081696866298,83.18027979644029,3487300
2010-12-23,83.45433044433594,83.49759542260863,83.21636206053546,83.29568485513562,3578800
2010-12-27,83.3172607421875,83.38937082420368,83.03602757117179,83.18746039389974,4138600
2010-12-28,83.4975814819336,83.56247893850743,83.17307769411623,83.48315615715092,4738400
2010-12-29,83.57562255859375,83.814101660297,83.55394364270396,83.61898039037334,6621900
2010-12-30,83.43108367919922,83.61897679793478,83.29378204664336,83.4888977947267,6599100
2010-12-31,83.56117248535156,83.63344289496804,83.13480573859678,83.33714965322334,3725200
2011-01-03,84.12483215332031,84.45002686639893,84.08869695699741,84.12483215332031,9108900
2011-01-04,84.29104614257812,84.3560883973719,83.9080372965991,84.34163211254786,9775600
2011-01-05,84.58007049560547,84.68847052580064,84.0453039970184,84.16092665269322,7567800
2011-01-06,84.39222717285156,84.68852039563048,84.1898832711771,84.65238519313526,7161600
2011-01-07,84.240478515625,84.62348744500264,83.69848349930757,84.48618579002061,9249800
2011-01-10,83.97310638427734,84.07427836318813,83.51060433398246,83.94420483041083,6166700
2011-01-11,84.2259750366211,84.44999773887649,83.9513608715803,84.28378361195944,5122600
2011-01-12,84.84026336669922,85.02092832041303,84.55842647998222,84.6595984129854,5255800
2011-01-13,84.69575500488281,84.82583403342328,84.42114617283455,84.81861140266889,6056800
2011-01-14,85.04985046386719,85.10765906908462,84.41390618535519,84.46449216083157,5885800
2011-01-18,85.44010162353516,85.5846314306656,85.08599422318572,85.100450511974,4665700
2011-01-19,85.3895263671875,85.62800002756633,85.17272611579646,85.52682804717303,9080300
2011-01-20,85.36060333251953,85.51958390521455,84.78970125654062,85.15825389612348,10935600
2011-01-21,85.71076202392578,85.9567691094601,85.35622808320007,85.89164747615933,9663000
2011-01-24,86.50672149658203,86.52119543487123,85.6239989474022,85.6384728856914,12299400
2011-01-25,86.45603942871094,86.52839253086164,85.89167750367248,86.31857019068096,10474000
2011-01-26,86.54286193847656,86.78163213125875,86.34750250067749,86.49945118349346,9154100
2011-01-27,86.5645751953125,86.7744030638092,86.42710043176928,86.55010678239704,7393200
2011-01-28,85.39240264892578,86.72372246013734,85.20428575140215,86.57901630509055,17156100
2011-01-31,85.81207275390625,85.84825205888572,85.2911216752487,85.55883417961076,8965000
2011-02-01,86.8901138305664,86.99141473982361,86.15934074085543,86.21722539752106,7626900
2011-02-02,86.89741516113281,87.05659532478215,86.74547196497358,86.74547196497358,4231200
2011-02-03,87.0927734375,87.23747966416778,86.50670052306147,86.84676622793833,6338100
2011-02-04,87.32431030273438,87.32431030273438,86.83953283106878,87.09277701843291,5191300
2011-02-07,87.80184936523438,88.01891424443309,87.44007824669596,87.461783630578,7317100
2011-02-08,88.3734130859375,88.43129776662161,87.78734587452507,87.87416737536425,6032000
2011-02-09,88.47468566894531,88.56151266754888,88.0912094187709,88.35168489439607,7682100
2011-02-10,88.39512634277344,88.45301102861876,87.85970679917294,88.10570843373434,7202200
2011-02-11,88.74241638183594,88.82200643356549,88.06228521985128,88.14187527158083,6887200
2011-02-14,88.71353149414062,88.78588462797268,88.48923512320421,88.62670442142802,4093900
2011-02-15,88.41682434082031,88.5398306680226,88.18529113694983,88.51811977250195,4854700
2011-02-16,88.90882873535156,89.03906650116286,88.53982633237514,88.6266478294582,5680000
2011-02-17,89.1114501953125,89.24168247759958,88.68455747379221,88.74244216826756,4856500
2011-02-18,89.64813232421875,89.6771453291747,89.0823925617399,89.1911899469085,6320900
2011-02-22,88.4078598022461,89.41603825643092,88.11773527195103,89.11866462478572,9844300
2011-02-23,87.65354919433594,88.32083182386461,87.29814950547092,88.24830206564033,14461100
2011-02-24,87.3416519165039,87.79134519754241,86.71788613756804,87.59550879545107,12247300
2011-02-25,87.86388397216797,88.00169437789903,87.57375942341783,87.71882446462564,5649800
2011-02-28,88.59648895263672,88.61824733565241,88.08152026448212,88.12503703051352,5759600
2011-03-01,87.305419921875,88.83582189179094,87.305419921875,88.77779586125696,9666700
2011-03-02,87.36345672607422,87.74787509986754,87.03706992731394,87.21839715632917,8298400
2011-03-03,88.74880981445312,88.96640472824359,88.07427222210495,88.0815268615429,7297200
2011-03-04,88.10328674316406,88.87211252659479,87.47226590938479,88.79958273198845,10366700
2011-03-07,87.55198669433594,88.67621706127277,87.18933245128078,88.32081191884019,8355500
2011-03-08,88.48040771484375,88.77053230469618,87.45772531435513,87.66806550365648,8009200
2011-03-09,88.49488067626953,88.82126724738781,88.0887042036736,88.39333794153654,7819900
2011-03-10,86.84119415283203,87.79860120675299,86.76140977053319,87.72606592563403,15698000
2011-03-11,87.3416519165039,87.6462801712405,86.47128389335221,86.50754599967898,10479900
2011-03-14,86.92823791503906,87.11681970764994,86.25370066999407,86.87021189674869,8026700
2011-03-15,85.89827728271484,86.4059909684551,84.80306000785895,84.93361574614418,14786600
2011-03-16,84.25187683105469,85.73875662086238,83.78042498212358,85.57918779196257,16469000
2011-03-17,85.36161804199219,85.57195831618326,84.79587790697342,85.18753989762601,7902300
2011-03-18,85.9472885131836,86.4850535206035,85.75108085242536,86.35424656532732,10498900
2011-03-21,87.25542449951172,87.58243936452509,86.87754053228926,86.87754053228926,7615000
2011-03-22,87.14635467529297,87.37889976641155,87.03734795101282,87.31349905843084,6360500
2011-03-23,87.66230773925781,87.86578953090624,86.79753368807764,86.97194110803581,6693400
2011-03-24,88.26551818847656,88.4035938024582,87.72775847008107,88.1129109255933,4827100
2011-03-25,88.62886810302734,88.8977507274185,88.3672540750561,88.43992340631154,6604100
2011-03-28,88.48352813720703,88.99221899281697,88.43992210364439,88.73787356501201,2663400
2011-03-29,89.02853393554688,89.09393465289452,88.28729253972834,88.4689685914448,6025800
2011-03-30,89.53727722167969,89.80615993200894,89.34106941014821,89.38466991397378,4100800
2011-03-31,89.39915466308594,89.79157562457812,89.34828558720622,89.51543000470441,4355100
2011-04-01,89.71892547607422,90.07500908330715,89.48638028746898,89.81339505308694,5203200
2011-04-04,89.93695831298828,89.99509046437652,89.71167612821407,89.84975176943222,6278900
2011-04-05,89.8569564819336,90.21303991240377,89.5735423472699,89.76248140750444,8523300
2011-04-06,90.23483276367188,90.37290829542518,89.96595583675622,90.26390158847843,4246000
2011-04-07,90.0458984375,90.29297514483596,89.46453299952687,90.14036796483815,6542200
2011-04-08,89.8569564819336,90.365647096891,89.42093516278268,90.32204662826948,6080300
2011-04-11,89.84972381591797,90.31481414822254,89.64624748857398,89.95873057537057,5467500
2011-04-12,88.99222564697266,89.45731604811034,88.78148069265794,89.32650902627068,5161400
2011-04-13,89.0576171875,89.53723915863911,88.71606526788595,89.50817032034068,4278200
2011-04-14,89.18116760253906,89.30470602370947,88.26551847792211,88.6361392857481,4338300
2011-04-15,89.60450744628906,89.77179905658586,89.06625087994105,89.37901948764814,5299500
2011-04-18,88.54974365234375,88.65157468801311,87.75691551043582,88.61520963205992,10033200
2011-04-19,89.02257537841797,89.09531107369182,88.54251535010832,88.70980689430037,5007200
2011-04-20,90.4409408569336,90.5791425625151,90.01907160460416,90.14272284150455,6708700
2011-04-21,90.76824951171875,90.78279442937188,90.33182984022169,90.65186797298503,4019100
2011-04-25,90.59373474121094,90.71011079735115,90.34642660416986,90.67374570766125,4441200
2011-04-26,91.43019104003906,91.56111755307839,90.66645767179267,90.76828878755886,6200000
2011-04-27,92.15026092529297,92.28118739753967,91.40834239943564,91.56108902549383,5703800
2011-04-28,92.68125915527344,92.76854534123436,92.04117710636444,92.05572202933497,11788000
2011-04-29,93.13223266601562,93.1904234621276,92.76855406376515,92.78309898810326,11425900
2011-05-02,92.98675537109375,93.56138250979893,92.82673901592933,93.53956234997558,10518700
2011-05-03,92.97216033935547,93.23400766548978,92.5721057936095,92.92852004322914,7708200
2011-05-04,92.35393524169922,92.92855674829175,92.01934655736281,92.86309072886799,8253900
2011-05-05,91.38656616210938,92.25940603028513,90.92105082583156,92.0702942401214,11362900
2011-05-06,91.84481811523438,92.69584347833828,91.52477974859772,92.17941250891562,9866400
2011-05-09,92.1648178100586,92.42667078854723,91.67748248040752,91.82295389095516,5464900
2011-05-10,92.70301055908203,92.86303233997023,92.23749567797553,92.34660194216067,4179600
2011-05-11,91.87382507324219,92.5575525812735,91.45922564907713,92.52118197151084,7813600
2011-05-12,92.36849975585938,92.49215658558303,91.19016665007453,91.61931128751968,6684200
2011-05-13,91.61930847167969,92.46305834560437,91.21925924473645,92.36122722970029,6677500
2011-05-16,91.2629165649414,91.95391434433786,91.131990027338,91.33565229708093,4399900
2011-05-17,90.78279876708984,91.11011769838527,90.08452614945473,90.87008492531079,25391000
2011-05-18,91.4374771118164,91.53930823964933,90.60100237657718,90.84103527048919,4534600
2011-05-19,91.77931213378906,91.99752479555619,91.25560618505077,91.72839658596054,4714900
2011-05-20,91.11153411865234,91.70264998748415,90.90719996851315,91.59318367342729,6881200
2011-05-23,90.1409683227539,90.40368532806313,89.78338345296234,89.92204119678934,5901700
2011-05-24,89.98043823242188,90.4620824399278,89.91475618685392,90.3526160757749,4244400
2011-05-25,90.23583221435547,90.5861178059392,89.61553040483874,89.64471623106314,4110900
2011-05-26,90.34529113769531,90.61530176578759,89.70309165966259,90.06068202999941,6190400
2011-05-27,90.65910339355469,90.96560469271441,90.47666134867066,90.62261275750214,4402800
2011-05-31,91.5859375,91.62242814839124,90.92914480279642,91.46187820377578,5290000
2011-06-01,89.54259490966797,91.3524232836507,89.4842176596881,91.31593263068282,8218900
2011-06-02,89.25065612792969,89.66662379339452,88.8273892212631,89.58634884324431,8832200
2011-06-03,88.53548431396484,89.03172694917605,88.18519310241403,88.21438450068409,6224000
2011-06-06,88.10491943359375,88.55007292442392,87.94436953475845,88.37493011100798,4679000
2011-06-07,87.92980194091797,88.73984539309616,87.91520902121106,88.50631970394426,3834600
2011-06-08,87.7911376953125,88.17791404303696,87.63058776206292,87.8714126619373,6860100
2011-06-09,88.38951110839844,88.79817944809095,87.88596935578548,88.00272935240254,4024900
2011-06-10,87.11247253417969,88.11225186962395,86.9957068954081,88.04657537358399,7384800
2011-06-13,87.17813873291016,87.60140577192355,86.90812240091373,87.37517933314015,5363200
2011-06-14,88.08301544189453,88.40411521671456,87.72543059937449,87.75462199414807,4853100
2011-06-15,86.75485229492188,87.61597909967156,86.51403299071059,87.31677699602534,20958800
2011-06-16,87.22917938232422,87.46270494968952,86.61617685587352,86.72563761581921,7469900
2011-06-17,87.5347671508789,88.06842904338406,87.30814643438518,87.89298092665973,7742000
2011-06-20,88.11959075927734,88.26579657559019,87.24233912921711,87.24965109325107,5679800
2011-06-21,88.88721466064453,89.12115298269008,88.26583133055163,88.44128507208579,4744500
2011-06-22,88.31698608398438,89.04802646035016,88.30236773051105,88.56554271219437,4702500
2011-06-23,87.95878601074219,87.97340436556992,86.62098065946832,87.44705993083217,9033500
2011-06-24,87.14002227783203,87.95147765023813,86.9865044475655,87.89299865113388,6643300
2011-06-27,87.8710708618164,88.25852703384437,87.0523090248286,87.19120293509091,4488800
2011-06-28,88.90184020996094,88.93108250074802,88.08307280011293,88.18541802916934,4085500
2011-06-29,89.51591491699219,89.63288408449526,88.8141166441644,89.18694889383434,5712400
2011-06-30,90.52474975585938,90.6636436632966,89.7425366154206,89.84488184296238,4754500
2011-07-01,91.80406951904297,91.90641474529325,90.50281829037822,90.71481513232769,8692000
2011-07-05,91.73829650878906,91.97222931129316,91.49705731496148,91.77485077499824,5324300
2011-07-06,92.17684173583984,92.30112278923724,91.54815239329136,91.65780394424019,9795100
2011-07-07,92.91524505615234,93.11262911156619,92.54972481157472,92.7178665781348,4400700
2011-07-08,92.39617156982422,92.41810188371127,91.74554623000219,92.13299664839126,5987200
2011-07-11,91.34349822998047,91.71633040577757,91.04377455808554,91.504328014732,6931200
2011-07-12,90.89027404785156,91.77483245503964,90.87565011332791,91.27772465177561,12501300
2011-07-13,91.23382568359375,92.06721112470993,91.00719941283795,91.3507892236725,7366800
2011-07-14,90.80249786376953,91.869815831132,90.62704978653848,91.29960539708571,6517000
2011-07-15,91.14056396484375,91.29422031813594,90.56983877192162,91.25032009788927,7853000
2011-07-18,90.45274353027344,90.7454190239518,89.79421250464272,90.65761860881918,6150200
2011-07-19,91.92349243164062,92.06251725347015,90.96496697358499,91.02350432829525,5848000
2011-07-20,91.79910278320312,92.06983385614599,91.65276498197574,92.02592804983435,3291800
2011-07-21,92.94788360595703,93.14544580331966,91.99667661259137,92.21618334224652,6881400
2011-07-22,92.63323211669922,92.94054482081788,92.35518808665311,92.83810725277831,5848500
2011-07-25,92.0185546875,92.44293626556394,91.55758030949644,91.7112365746891,5236200
2011-07-26,91.33810424804688,91.85029196970045,91.22102957885322,91.72590432050279,7202900
2011-07-27,89.88204193115234,91.01617937371866,89.7722913768122,91.00154782728298,7558600
2011-07-28,89.47230529785156,90.4820552113299,89.31864891589396,89.86742410106962,7454600
2011-07-29,88.63084411621094,89.43571881032659,88.27231257765096,88.59426245529723,16015400
2011-08-01,88.61622619628906,89.9698706717189,87.63574486468616,89.80889570814001,11630000
2011-08-02,86.67723083496094,88.53575056632765,86.64796214835306,88.038194058856,9644500
2011-08-03,86.92601013183594,86.99186048855604,85.48455944436446,86.77966670173949,16594800
2011-08-04,83.20160675048828,86.02596921135273,83.09185063344813,85.84304421042849,19368300
2011-08-05,83.59677124023438,84.55529698405081,81.40898859317677,84.2406655867203,30450400
2011-08-08,79.07484436035156,82.7040768646517,79.03825711554303,81.41628288492268,30395700
2011-08-09,82.22113800048828,82.22845098176192,77.51630637716504,80.23823150178393,32097800
2011-08-10,78.41629028320312,80.97724036886564,78.19678362531752,80.64797759082315,27711600
2011-08-11,81.40168762207031,82.5504572825182,78.89927303675312,79.16999867226761,17393500
2011-08-12,82.5357894897461,83.04065886042407,81.64311430175887,82.30895861878601,14097500
2011-08-15,84.00653076171875,84.05774957228932,83.00410467163299,83.25288015656673,13586200
2011-08-16,83.47234344482422,84.07965582902484,82.66015593882781,83.36990588392632,10846800
2011-08-17,83.60405731201172,84.48209522343643,82.96015763336662,83.92600156890536,9350200
2011-08-18,80.53824615478516,81.7309155505458,79.76264567750535,81.65774664215844,18143700
2011-08-19,79.25947570800781,81.25730036429553,79.15664110001786,79.53858220466496,15277500
2011-08-22,79.54595184326172,81.014944449019,79.33294724297546,80.92680287531923,11314800
2011-08-23,81.80087280273438,81.87432132801331,79.64145141620143,79.94993858463091,12374800
2011-08-24,82.96134185791016,83.04948341746808,81.4629745717538,81.71270058485948,9256900
2011-08-25,81.72003173828125,83.570959310614,81.38950515495604,83.28450630065488,10391700
2011-08-26,82.7777099609375,83.04947554097903,80.12617853614317,81.32341079060659,13140300
2011-08-29,84.56983184814453,84.6138997955865,83.6737462251089,83.7104732504821,7117800
2011-08-30,84.72410583496094,85.31905135886038,83.82801988863278,84.3421704105676,10480300
2011-08-31,85.16484069824219,85.91403003556005,84.5552130498999,85.31908984703728,8390900
2011-09-01,84.37158203125,85.95809093787399,84.261406478513,85.26766270423279,7690900
2011-09-02,82.4692153930664,83.20371144124657,82.22683035226453,82.80708290277806,9426300
2011-09-06,81.6833267211914,81.86695078241262,80.19230024067704,80.35389031115356,10881100
2011-09-07,83.68844604492188,83.74720144501049,82.55732193778911,82.80704779849957,7271500
2011-09-08,82.90261840820312,84.23205522284358,82.79978935092504,83.277207572389,7772800
2011-09-09,80.66236114501953,82.04321178996805,80.22166460759004,81.99914381735326,11877700
2011-09-12,81.16914367675781,81.19852418528082,79.43573290021364,79.59732289521065,10062000
2011-09-13,81.47032165527344,81.80084832577128,80.66237691143692,81.29404412659821,10836700
2011-09-14,82.55738067626953,83.60771055134873,80.69910603661289,81.88898639041834,14634500
2011-09-15,83.92351531982422,83.97492981615828,82.87318580577707,83.31388228917758,9646000
2011-09-16,84.51956176757812,84.71823839851515,83.74691857310133,84.33559963690067,12330800
2011-09-19,83.68069458007812,84.04861884002284,82.6284309720731,83.22446647667836,9727400
2011-09-20,83.7983627319336,84.8138364984496,83.50402804246599,84.0779885466319,8070700
2011-09-21,81.64238739013672,84.05597514341477,81.59087822060789,83.83521835167498,14933100
2011-09-22,78.7873306274414,79.76601087678368,77.7939358723253,79.43487554902445,19744500
2011-09-23,79.06692504882812,79.37598570886152,78.09560518005777,78.32372204985371,12056800
2011-09-26,81.11995697021484,81.18618627078452,79.0890186540763,79.77335815153687,11476000
2011-09-27,82.20162963867188,83.48200436915153,81.74540157880988,82.71672692188605,13564400
2011-09-28,80.81826782226562,83.12147233917717,80.75203851686774,82.48864197865676,11260200
2011-09-29,81.95879364013672,82.78294587794517,80.52389149055013,82.31936340209668,13212200
2011-09-30,80.15596771240234,81.7969121407154,80.1118186042045,80.80351229364129,10338600
2011-10-03,78.26482391357422,80.65633083590834,78.2206748130511,79.6261421157798,13520400
2011-10-04,79.26559448242188,79.53785481093202,76.41049895563383,77.32295505908054,18100000
2011-10-05,80.41353607177734,80.50919998512221,78.9271243337049,79.36127232353972,9967000
2011-10-06,81.74541473388672,81.83371858312546,79.81749507851266,80.4282507374028,8534300
2011-10-07,81.69386291503906,82.56952405047718,81.22292052641926,82.31933836268122,10022000
2011-10-10,84.0412368774414,84.06331142903174,82.84916056486821,82.85652062009073,7176500
2011-10-11,83.89407348632812,84.14425923513633,83.54086380168876,83.60709307371754,7836000
2011-10-12,84.6152572631836,85.44677005250558,84.18846919903588,84.45336961874635,7855800
2011-10-13,84.37244415283203,84.62999016511353,83.62187507237508,84.2767801953546,5493900
2011-10-14,85.6086196899414,85.61597974756212,84.74032376938383,85.22598090484958,5256900
2011-10-17,83.81317138671875,85.27014872678926,83.62184914516597,85.24071410392881,8397900
2011-10-18,84.99784851074219,85.66746762167296,83.02577461467025,83.5482262942538,11694400
2011-10-19,84.58578491210938,85.5423902312951,84.3135245534158,84.96842928541513,15286300
2011-10-20,84.86543273925781,85.18920235281512,83.76901412351485,84.6741105034648,7944500
2011-10-21,86.85905456542969,86.88116458360177,85.81247246923802,85.82721060698701,13012000
2011-10-24,87.61824035644531,87.82461375302077,86.97702700644689,87.09494903853276,8407500
2011-10-25,86.07784271240234,87.23498104385372,85.9156950086283,87.13179716383384,9405200
2011-10-26,87.2718276977539,87.45608541458243,85.99676182313678,87.24971204833109,9938700
2011-10-27,89.87350463867188,90.3452037280823,88.77532510020686,89.23965793294599,12948500
2011-10-28,89.94719696044922,90.09460080148558,89.44601602859109,89.60816362758874,6666900
2011-10-31,87.95722961425781,89.12173931854461,87.90563769688295,88.9964454653624,13398600
2011-11-01,85.77561950683594,86.72638965896785,85.5176599205437,86.15887856912491,15120600
2011-11-02,87.06548309326172,87.35292477662159,86.35793390167582,86.822267100258,7605000
2011-11-03,88.58370208740234,88.74584970532199,87.0875309962112,87.87615344628668,12007500
2011-11-04,88.14886474609375,88.2078285477246,87.14650261075957,88.00146086511421,7021900
2011-11-07,88.77533721923828,88.81219100001253,87.3749835193758,88.08989850775826,8694400
2011-11-08,89.61553192138672,89.73345949537443,88.36995425394487,89.18805852342184,7383200
2011-11-09,86.7411117553711,88.20042883511312,86.40944469317822,87.94984119190127,12096200
2011-11-10,87.62557983398438,88.11202279707453,86.88117724945157,87.6771717582729,9960400
2011-11-11,89.57139587402344,89.70406170759779,88.60588685490549,88.62062500392419,7260300
2011-11-14,88.96700286865234,89.60084991818009,88.5763773755224,89.42396406948157,7391200
2011-11-15,89.08492279052734,89.6082140305731,88.39211197715164,88.72377361758511,6467700
2011-11-16,87.78033447265625,89.283877419623,87.64030249650067,88.34785112629149,7142200
2011-11-17,86.8443374633789,88.08254938881413,86.07782478352868,87.75088216660376,10984300
2011-11-18,86.98103332519531,87.40215930019883,86.65595164739148,87.15095828460498,8307400
2011-11-21,85.08226776123047,85.93929355073105,84.4321044346442,85.7841424759956,18829600
2011-11-22,84.77196502685547,85.35563184949025,84.32128565288093,84.94928538289133,8396900
2011-11-23,82.99141693115234,84.1439710634985,82.99141693115234,84.04053700735119,7988400
2011-11-25,82.85100555419922,83.82624456474551,82.85100555419922,82.95443956768662,3532100
2011-11-28,85.03790283203125,85.31865712159427,84.4542362639823,84.80148143050656,6666100
2011-11-29,85.3778076171875,85.83587681360618,85.0453417666594,85.20049287268813,5325400
2011-11-30,88.7984848022461,88.94624606032276,87.48339044047947,87.48339044047947,11581500
2011-12-01,88.75416564941406,89.0644733581617,88.40692607552838,88.66551113554179,5437700
2011-12-02,88.70247650146484,89.69249543230792,88.65814923060421,89.55950798299268,5584400
2011-12-05,89.36003112792969,90.0249684276151,88.8133074089589,89.96586163725777,6285400
2011-12-06,89.68509674072266,90.20226697168869,89.16053675310488,89.3674048454913,7062300
2011-12-07,90.18750762939453,90.55691660725503,89.08667045365564,89.44129991583088,9026700
2011-12-08,88.61381530761719,89.99540108857089,88.39216769648615,89.76636935733961,9595600
2011-12-09,89.97320556640625,90.21701672489199,88.96102907158566,89.0053563234082,8999200
2011-12-12,88.83544158935547,89.36739125271545,88.2000578955346,89.3304537485405,6291500
2011-12-13,88.29607391357422,89.75892928954572,87.95621856727044,89.33041945786775,7761800
2011-12-14,87.41690063476562,88.28131589796162,87.11398834145155,87.97840360464753,10062700
2011-12-15,87.77896881103516,88.47345956671253,87.60904381979555,88.35524597564648,5261400
2011-12-16,87.6055679321289,88.47999354393399,87.36102388264766,88.25767974373743,7758400
2011-12-19,86.96824645996094,88.16873041870193,86.7385264195932,87.92418644779067,7977500
2011-12-20,89.42849731445312,89.57670270477088,88.2354252652735,88.26506747407171,7867300
2011-12-21,89.52485656738281,89.56932272048695,88.69489709177113,89.51745025326122,6679800
2011-12-22,90.05838775634766,90.07321168907346,89.59894760797644,89.76938325860647,4202800
2011-12-23,90.87348937988281,90.91054354195285,90.03611846161093,90.18432380254832,2281300
2011-12-27,90.90318298339844,91.14772702253592,90.7031050946243,90.7623895259924,3878700
2011-12-28,89.85088348388672,90.94021056349553,89.76195686284846,90.89575007981284,3871400
2011-12-29,90.79202270507812,90.91059156339642,90.0065238065796,90.05098430161179,5133600
2011-12-30,90.29551696777344,90.87352594514573,90.28810500164276,90.65121784428834,4734000
2012-01-03,91.61453247070312,92.28146784923672,91.59971419725645,91.84425811166405,7175100
2012-01-04,91.86649322509766,91.92577762937461,91.22920001330048,91.44410173855042,7625200
2012-01-05,91.85163879394531,91.97020756312338,90.84382687061208,91.48853183226014,8678900
2012-01-06,91.54045104980469,91.94802433511357,91.25144659428494,91.94802433511357,7488600
2012-01-09,91.63680267333984,91.82206225598496,91.2514595753807,91.65903291866945,5881800
2012-01-10,92.17032623291016,92.62977193704002,92.08881158131176,92.54084532065832,5274400
2012-01-11,92.10369873046875,92.22226198001972,91.74059135826852,91.91843905943321,4890300
2012-01-12,92.28153228759766,92.3852772351824,91.63683234956042,92.25930203506887,5591300
2012-01-13,92.00732421875,92.00732421875,91.0884325944145,91.67385356915804,6392100
2012-01-17,92.3481674194336,93.05215133285576,92.22959861305789,92.65940205566201,5348800
2012-01-18,93.08924865722656,93.16335136873168,92.19259284456335,92.2815138368997,6473000
2012-01-19,93.4968032836914,93.50421524990468,93.01512724595521,93.36341616022098,8095300
2012-01-20,94.2069320678711,94.2069320678711,93.45748969765683,93.52427449360054,6995400
2012-01-23,94.09562683105469,94.50374040971974,93.7765577589623,94.15498983543647,5166800
2012-01-24,93.81365203857422,93.90269653659166,93.39812237016042,93.5687839149016,4798200
2012-01-25,94.42219543457031,94.62253866284767,93.1013986360472,93.5391884161807,9642500
2012-01-26,94.28105926513672,95.07502609881524,93.97683400933948,94.86725574370975,5902300
2012-01-27,93.82846069335938,94.05849082620153,93.50197562479094,93.84330426898293,6136400
2012-01-30,93.6652603149414,93.72461765886064,92.75257251052403,93.04196008386344,5910600
2012-01-31,93.54650115966797,94.17721729703264,93.03450532924494,94.1475358050058,5951700
2012-02-01,94.16983032226562,94.67439885942518,94.06594223742793,94.28855066595979,9891000
2012-02-02,94.11788940429688,94.35534142904427,93.85076719879177,94.25145333763335,4531500
2012-02-03,95.25318908691406,95.34223926585075,94.85250290987777,95.00832090892757,8654000
2012-02-06,95.06765747070312,95.11960433749141,94.74117231872543,94.85247651967623,3852400
2012-02-07,95.35704803466797,95.54255315510746,94.64471471268743,94.94151837645698,5739300
2012-02-08,95.50547790527344,95.57225704295988,95.00089800174742,95.43868744525099,4884400
2012-02-09,95.54251861572266,95.80964634548006,95.20119565801205,95.69093171628893,5416600
2012-02-10,94.8673324584961,94.91927367398408,94.45922452570993,94.80055332194065,6380600
2012-02-13,95.41645812988281,95.5500277701435,95.03803157343347,95.48323728884336,4654100
2012-02-14,95.46834564208984,95.4906053478977,94.81536407883958,95.26058083966159,5608500
2012-02-15,94.87467956542969,95.7502577483633,94.65949308175225,95.7205819295888,9589200
2012-02-16,95.7725601196289,95.85417147855861,94.94148973161556,94.96375509473089,8699000
2012-02-17,96.13858795166016,96.25762011641177,95.86333600326259,96.19810403403596,5765200
2012-02-21,96.22784423828125,96.52541322591902,95.9377105022992,96.42869819674858,6589200
2012-02-22,96.0716323852539,96.33944906838558,95.85589652873216,96.13858371815394,6092200
2012-02-23,96.39894104003906,96.48077421029534,95.63269015106157,95.96002283208665,12890500
2012-02-24,96.4287338256836,96.63703446429976,96.15348184284082,96.54033075092804,3769100
2012-02-27,96.4584732055664,96.74116037147746,95.64758797046663,95.91539327979376,5778600
2012-02-28,96.60729217529297,96.74119487771776,96.2204432268414,96.44362574908402,4953700
2012-02-29,96.18318939208984,96.98663920301406,96.03440491262864,96.726269201839,7724200
2012-03-01,96.39151763916016,96.83043590107333,96.13857149447978,96.41383474728929,6684300
2012-03-02,96.37667846679688,96.55521541090091,96.02702848254631,96.36923185976913,3818700
2012-03-05,96.27989959716797,96.40636696596201,95.69963221021759,96.27989959716797,5286400
2012-03-06,94.81434631347656,96.30966029209387,94.61348671495048,95.17143698123402,14410100
2012-03-07,95.3946533203125,95.55831970788388,94.82182663957863,94.9557349861583,5736200
2012-03-08,95.90790557861328,96.16828684455096,95.6326538157544,95.8335190394342,4417000
2012-03-09,96.07904815673828,96.40638085325267,95.92282841164774,96.13112897278795,6248400
2012-03-12,96.3096694946289,96.46588922726008,96.04185288716144,96.09392234752906,5197000
2012-03-13,97.96118927001953,98.02815193366841,96.59980051744954,96.74858499489417,8699500
2012-03-14,98.11003112792969,98.32576701870906,97.91660100012751,98.04306843286484,5124600
2012-03-15,98.5042724609375,98.56378852426829,97.95375738877394,98.20669214428352,5716900
2012-03-16,98.42601776123047,98.84342274702809,98.40365759223651,98.78379183856659,5047200
2012-03-19,98.44097137451172,98.6869333409908,98.22480781514328,98.32170950544209,4424000
2012-03-20,97.92666625976562,98.16517862871443,97.58379122344404,97.91175568250694,5403700
2012-03-21,97.6359634399414,98.09808893086536,97.50179100401823,98.03845800083695,5031900
2012-03-22,97.02474975585938,97.30799381500911,96.79368702273672,97.07693108188647,6987900
2012-03-23,97.34524536132812,97.42723644788352,96.68186706953777,97.06200135805781,4373300
2012-03-26,98.45582580566406,98.49309654447933,97.89679884373307,97.93406958254833,4991500
2012-03-27,98.1427993774414,98.64965654479681,98.1278888030803,98.55275487160331,5777300
2012-03-28,97.62849426269531,98.28442306446073,97.20363956041436,98.18752138962647,5293700
2012-03-29,97.74028015136719,97.8222712294747,96.92781896887183,97.09926209709938,4487400
2012-03-30,98.23969268798828,98.36640412568187,97.77755590961975,98.17261216922724,4218500
2012-04-02,98.61237335205078,98.89560598855681,97.81482263919094,98.06079590464955,8683800
2012-04-03,98.1427993774414,98.68691592054586,97.68067393316934,98.50057354805733,6098700
2012-04-04,97.2781982421875,97.47200164874613,96.86079301796791,97.39001052445732,10402500
2012-04-05,97.18877410888672,97.4272979197025,96.84589897419937,96.97262185709606,4179800
2012-04-09,96.24209594726562,96.59242048481838,96.0333934193748,96.12284548378142,5360200
2012-04-10,94.66940307617188,96.20486845842964,94.60231684899243,96.05578542615565,12912700
2012-04-11,95.29550170898438,95.62346046424783,95.21351059848882,95.53401975222994,5603300
2012-04-12,96.68933868408203,96.74150863825906,95.4371119291559,95.49674285781302,7164600
2012-04-13,95.7054443359375,96.42100409827061,95.6085540297257,96.39119432099851,8826800
2012-04-16,96.20481872558594,96.67439363950014,95.91411378699397,96.32406916694497,7503100
2012-04-17,97.59867858886719,97.74030060554774,96.75640746235777,96.77131803607028,6290900
2012-04-18,97.00981903076172,97.49431594569486,96.95764908900726,97.09927108916565,5057100
2012-04-19,96.55513763427734,97.39740861345182,96.01848218229036,97.06944428975793,8957000
2012-04-20,96.99468231201172,97.40510986263044,96.93498272405516,96.97976595492167,5686800
2012-04-23,96.2783432006836,96.32311506044337,95.63658664220937,96.06940026411395,5180000
2012-04-24,96.80072021484375,97.1812924866813,96.45745024269623,96.46491981186493,4418700
2012-04-25,97.4872055053711,97.62899061818824,97.0917056572671,97.3827340622216,7342000
2012-04-26,98.39012908935547,98.52444461294635,97.37525893827609,97.42748895749543,4577100
2012-04-27,98.50205993652344,98.80801603727565,98.24834524218177,98.56921769916715,3969500
2012-04-30,98.35282135009766,98.51699236872898,98.1214925656259,98.36027952856927,3670500
2012-05-01,98.89754486083984,99.35274416124764,98.05430401257708,98.39011554840086,5453200
2012-05-02,98.800537109375,98.88262260700418,98.24086636732069,98.53189469772772,3746000
2012-05-03,98.3603286743164,98.93492752662438,98.12899977426113,98.80807011003077,5043100
2012-05-04,97.07682037353516,97.99468922539607,96.98727663639293,97.85290405056203,5934300
2012-05-07,96.89019775390625,97.19615383078585,96.59916941862653,96.63648307936097,4040500
2012-05-08,96.3230972290039,96.50965420115803,95.45001196570665,96.39025500621125,7641700
2012-05-09,95.77088165283203,96.35293847777321,95.0545035841916,95.51716691099277,11921700
2012-05-10,95.84549713134766,96.47232572885073,95.67386793152633,96.12159776408616,5325000
2012-05-11,95.65143585205078,96.38274700316134,95.31564144632995,95.36787714380013,3673800
2012-05-14,94.73361206054688,95.28582470329833,94.47243348263254,94.90524695075688,6069000
2012-05-15,94.25603485107422,95.21120555713628,94.07694176700421,94.63661263633118,6713000
2012-05-16,94.15898895263672,95.04700152565132,94.12167529923147,94.60672432717888,6043200
2012-05-17,92.95761108398438,94.21127420810811,92.94268903073154,94.18142440833526,8985300
2012-05-18,92.33306884765625,93.33644798168537,92.16833453365145,93.24659134328262,10861600
2012-05-21,93.45625305175781,93.45625305175781,92.43041687792534,92.61761392719995,5384900
2012-05-22,93.47129821777344,93.95801203317227,92.99207388923433,93.52371320018226,9856100
2012-05-23,93.38139343261719,93.44878735404492,91.96618392345329,92.81231269318991,8600000
2012-05-24,93.68841552734375,93.71836775171342,92.81981815903117,93.53865440549538,7043000
2012-05-25,93.04446411132812,93.67344373285448,92.82731475261933,93.5461510541365,6725100
2012-05-29,94.04780578613281,94.28741780457285,93.52365628104559,93.7707577817872,6828700
2012-05-30,92.84228515625,93.30653608606349,92.6550880299579,93.24663163457731,6874300
2012-05-31,92.62515258789062,93.40389345990998,92.10849231041156,92.86476472445013,7793500
2012-06-01,90.61087799072266,91.66666657209873,90.53600029980547,91.44951726947775,11815100
2012-06-04,90.43867492675781,90.81306918011435,89.9968924499425,90.67079753574193,6369000
2012-06-05,90.67076110839844,90.84298490938413,90.24395205955635,90.33380870087072,6619900
2012-06-06,92.79737091064453,92.84229639829762,91.31476697725284,91.34471920662277,6138400
2012-06-07,93.23912048339844,93.92052060690602,93.04443963051192,93.72583404121791,8806300
2012-06-08,93.9205322265625,93.9205322265625,92.74493462969838,92.93962121947271,4432700
2012-06-11,92.83475494384766,94.71420903840577,92.73740883067926,94.63184188701716,7232100
2012-06-12,94.04037475585938,94.09279545175201,92.87975564096787,93.14932004336436,4923700
2012-06-13,93.5162124633789,94.3024428177328,93.20921209271766,93.85316506507118,4687100
2012-06-14,94.62437438964844,95.0511834689613,93.5610907196541,93.68838906547103,8162700
2012-06-15,95.51699829101562,95.62201675012703,94.99193460928322,95.08944480081497,6268400
2012-06-18,95.3594741821289,95.6670155529791,94.99943216862557,95.1119474438821,4568500
2012-06-19,96.05711364746094,96.54468200987186,95.6445650468149,95.8095867761804,3869500
2012-06-20,95.98210144042969,96.37965637358903,95.34452219417287,96.10211359697843,9212800
2012-06-21,94.09181213378906,96.2670805935023,94.01679814047684,96.12456087352614,7702600
2012-06-22,94.68444061279297,94.8719642563301,94.34689462076564,94.60942657716416,5295800
2012-06-25,93.581787109375,93.82931393366415,93.25174371330064,93.80681201534392,5922300
2012-06-26,93.82170867919922,94.14424915548302,93.19912961894626,93.78420171016808,7551600
2012-06-27,94.51939392089844,94.68441559925883,94.0018269701801,94.06183589372314,3717100
2012-06-28,94.36188507080078,94.40688890697892,93.19923637222178,93.77680658665206,6460100
2012-06-29,96.34954071044922,96.43955974416309,95.59195013695212,95.82447737012835,5844400
2012-07-02,96.2820816040039,96.58962293982073,95.77951991757367,96.47710195461734,3837000
2012-07-03,96.87466430664062,96.93467321793452,96.19208726242297,96.28959172843719,2717700
2012-07-05,96.59713745117188,97.06970049540863,96.23709541274533,96.47711962318635,6637500
2012-07-06,95.68952178955078,95.8695428044411,95.16445811163531,95.8545434376856,4341400
2012-07-09,95.44194030761719,95.63696631188142,95.04439148094305,95.57695743014445,4503800
2012-07-10,94.77442169189453,96.11709128940792,94.44438406340667,95.98207407505558,6730900
2012-07-11,94.44437408447266,94.87942442007123,93.90430528412661,94.83442059429747,6839500
2012-07-12,94.1893081665039,94.63186662496643,93.5892306467198,93.91927385487739,4412400
2012-07-13,95.72705078125,95.79455653130464,94.40688301566394,94.4518868490337,3942000
2012-07-16,95.3520278930664,95.6445643301067,95.07449083005254,95.44953813115728,1991700
2012-07-17,95.87708282470703,96.12460967089528,94.72943910670843,95.65955472375538,3326900
2012-07-18,96.732177734375,96.87468605446959,95.58452850860651,95.62953234079765,3099300
2012-07-19,97.00218963623047,97.2947259230391,96.61963426042188,96.9646826362746,3845000
2012-07-20,96.19829559326172,96.66411834042319,96.02549648249055,96.43121269891672,7435600
2012-07-23,95.34931182861328,95.55216419146531,94.31249430360062,94.68063674911112,4647900
2012-07-24,94.5604248046875,95.4244374559333,93.86921697652029,95.36433093207347,7077400
2012-07-25,95.04873657226562,95.4469320786001,94.66556482395072,95.1163520814601,3872300
2012-07-26,96.60405731201172,96.94214667551427,96.11570155089261,96.2960154959555,8074000
2012-07-27,98.07656860351562,98.33953320738118,96.90452007091477,96.93457906434644,7463900
2012-07-30,97.97137451171875,98.41465863602976,97.76100743692353,97.90375897999438,4235800
2012-07-31,97.43797302246094,98.0690744101514,97.43797302246094,97.85870728092125,4783400
2012-08-01,97.25762176513672,98.046503975006,97.05476371936577,98.02396546593644,5770000
2012-08-02,96.5739517211914,97.13743754330174,95.80010450803262,96.66411724834997,10915200
2012-08-03,98.21929168701172,98.47474720053326,97.58068156356703,97.71591260236342,7768300
2012-08-06,98.34707641601562,98.88051482549179,98.33205837822547,98.37713541989791,4572700
2012-08-07,98.70767974853516,99.09084592743108,98.64005274649145,98.66260272327055,3584500
2012-08-08,98.83537292480469,99.0532489712944,98.3395028635121,98.3770708616361,3003900
2012-08-09,98.85042572021484,99.07581083380501,98.50481610579963,98.79782821761303,3355100
2012-08-10,99.1208724975586,99.13590199085114,98.26437480619336,98.53484836473736,4410400
2012-08-13,98.88796997070312,99.09833702666822,98.43718833541138,98.97813546907726,3986700
2012-08-14,98.91803741455078,99.29369454148058,98.66259331963349,99.2110495149902,3421500
2012-08-15,98.96311950683594,99.16597757573419,98.75275242210674,98.80533846121588,2834800
2012-08-16,99.60179138183594,99.73702251974768,98.79787918152032,99.00073735254,5340400
2012-08-17,99.75159454345703,99.82692884664162,99.57833943941351,99.65366224819725,2484300
2012-08-20,99.7215805053711,99.78937455827277,99.42779478171668,99.57845206408057,2266700
2012-08-21,99.26202392578125,100.20364588741276,99.11136671080196,99.86466428010716,4094500
2012-08-22,99.0360107421875,99.28460026513432,98.63676403714125,99.1113450804403,4496200
2012-08-23,98.21492004394531,98.90041195164505,98.0793205329851,98.87781394888607,4159600
2012-08-24,98.96821594238281,99.10380395686533,97.97385785855312,98.086859365028,4202400
2012-08-27,98.72715759277344,99.11134663170732,98.64429441716088,98.99834512255943,1806500
2012-08-28,98.57652282714844,98.90797560497957,98.38066959225232,98.49365963269065,3028000
2012-08-29,98.62173461914062,98.8929222539816,98.40328334121274,98.58406743483283,2400400
2012-08-30,97.86839294433594,98.22244362783638,97.66499943597479,98.2149147921214,4120700
2012-08-31,98.5915756225586,98.98328202729347,97.95879701797323,98.41078009347605,5447700
2012-09-04,98.10194396972656,98.5313291222826,97.64997230296203,98.48613310504707,4106900
2012-09-05,98.20738983154297,98.55391173355942,97.95880028117611,98.20738983154297,2828800
2012-09-06,100.05294036865234,100.06046920272347,98.80246424865526,98.80246424865526,5559400
2012-09-07,100.1433334350586,100.2563234193598,99.86461714418006,100.10566627549042,4827700
2012-09-10,99.79681396484375,100.30906205911829,99.75161797007908,100.01527659874439,2296800
2012-09-11,100.2563247680664,100.52751222844078,99.8796761561244,99.88721648478143,2824400
2012-09-12,100.46731567382812,100.67823812098865,100.24886438727303,100.5351212060243,1953900
2012-09-13,101.98900604248047,102.23006689683099,100.34682207627081,100.39201811285798,6975700
2012-09-14,102.34300994873047,102.81005077135248,102.00402833571744,102.16221439106603,5186100
2012-09-17,102.09441375732422,102.35807249171337,101.87596253023092,102.12455209552145,2606500
2012-09-18,102.15471649169922,102.29030458020492,101.8081944414973,101.8081944414973,3375400
2012-09-19,102.24507141113281,102.62926051117066,102.1094833718782,102.33547493171076,3080800
2012-09-20,102.4107666015625,102.43336460122318,101.69513645869706,101.84579362123641,6949700
2012-09-21,102.26055908203125,102.84180265395037,102.20771352176007,102.81915784760923,5318100
2012-09-24,102.14734649658203,102.4568293906614,101.81520727540996,101.84539651451011,2706900
2012-09-25,101.40755462646484,102.58513049331506,101.36226501900313,102.3058369018269,6292300
2012-09-26,101.07543182373047,101.5358954377295,100.95466335704262,101.4302158304943,5447700
2012-09-27,101.60382843017578,101.86047722672457,101.03768528108836,101.48304846066628,4975500
2012-09-28,101.18863677978516,101.51321993306414,100.66778333083995,101.09050163195205,4565400
2012-10-01,101.73979187011719,102.42671562751875,101.55107731159298,101.61901178828828,4854000
2012-10-02,101.51327514648438,102.19265408696808,101.10565699676704,101.98883925300136,6269100
2012-10-03,101.66423034667969,101.9888251498313,101.22642301309348,101.71707591485894,3319800
2012-10-04,102.29832458496094,102.4417493990853,101.87560609167757,102.01901938758687,3911800
2012-10-05,102.63040161132812,102.99272988329363,102.26806182115452,102.72852522606806,4560300
2012-10-08,102.39643859863281,102.5549637777656,102.14734570290327,102.20772418063443,2405000
2012-10-09,101.59628295898438,102.46437612135628,101.56609372260006,102.22281615742959,6034700
2012-10-10,100.60745239257812,101.49063468669331,100.448938695751,101.45288949090036,10138700
2012-10-11,100.49423217773438,101.22644523497742,100.45648698049378,101.08302039639334,3669100
2012-10-12,100.49423217773438,101.02263038445177,100.20738250056621,100.59235586869951,3271200
2012-10-15,101.1659927368164,101.29431711359997,100.44132455933345,100.65268371147225,2641800
2012-10-16,102.13226318359375,102.17755280891863,101.58122021178097,101.64159870007015,5454400
2012-10-17,102.23041534423828,102.25307168142815,101.7926078319929,101.86808672248866,3815400
2012-10-18,102.17753601074219,102.48703042386879,101.90578678525294,102.10204563546746,6305000
2012-10-19,100.61817932128906,101.8956563547435,100.39140627102769,101.8956563547435,10437500
2012-10-22,100.61054992675781,100.82975640801222,99.80928420477616,100.48203645061278,5591900
2012-10-23,98.8266372680664,99.49938962506539,98.66789276398806,99.47671348650417,8962100
2012-10-24,98.64517211914062,99.2120983956874,98.52422507861594,99.02312297017181,6097300
2012-10-25,98.85684204101562,99.28771162763803,98.33526792421871,99.16676456464086,6313100
2012-10-26,98.8644027709961,99.19700144689205,98.33527375668318,98.7812531020221,4182600
2012-10-31,98.7208023071289,99.4691378786928,98.44111073384204,99.28772878699186,3939600
2012-11-01,99.76394653320312,100.11166654148302,99.00048963639566,99.03828704466623,3807400
2012-11-02,98.77366638183594,100.24011741583425,98.6224883599497,100.20232002682675,5141300
2012-11-05,98.92491912841797,99.12146108606089,98.35043759764794,98.61500798640459,2710700
2012-11-06,99.81684112548828,100.25526558050466,99.17431994237964,99.2347934741902,4408300
2012-11-07,97.7003173828125,99.06094306518597,97.24677164397227,99.06094306518597,18648300
2012-11-08,96.74787902832031,98.02534927099529,96.74787902832031,97.64739833481629,8427500
2012-11-09,96.69498443603516,97.35261549857448,96.21120760749427,96.27168115283055,6571600
2012-11-12,96.78572845458984,97.16367961645183,96.52872443272068,96.8991207236409,3758200
2012-11-13,96.40019226074219,97.45089570061532,96.24901415012779,96.30948770120365,5407200
2012-11-14,95.06221771240234,96.78566723047393,94.835444851905,96.61937366879239,9479400
2012-11-15,94.87324523925781,95.2814329407658,94.49529430457342,94.9185975059564,7658000
2012-11-16,95.18627166748047,95.31510520321923,94.29200549725186,94.92102445214903,9350400
2012-11-19,96.72467803955078,96.76257296383464,95.87588724234712,95.96682580950255,9551500
2012-11-20,96.78536987304688,96.90662908320516,96.05783195796933,96.48222762960856,7021800
2012-11-21,97.1187515258789,97.17180672876314,96.65646701888197,96.73983122062403,4589400
2012-11-23,98.43746185302734,98.4526221410905,97.50530650559524,97.51288086767104,3345800
2012-11-26,98.15705108642578,98.15705108642578,97.60381048022624,97.85390317263621,4621000
2012-11-27,97.52042388916016,98.25554151116928,97.391590391806,97.89935002158103,4910000
2012-11-28,98.24799346923828,98.33135770325799,96.60345500167777,97.13394941638907,7397000
2012-11-29,98.62691497802734,98.93005132507909,98.14946424570597,98.69511892152742,6112800
2012-11-30,98.59654998779297,98.86937717079803,98.35403179672011,98.71022316241849,4979600
2012-12-03,98.17979431152344,99.12710994254178,98.1343250114604,99.0437457044557,5820800
2012-12-04,98.05850982666016,98.62689905857076,97.99030589416894,98.22523825979995,5760400
2012-12-05,98.70269012451172,99.14224585691105,97.88420823286214,98.30102932081914,8697300
2012-12-06,99.08164978027344,99.12711908452988,98.58903866836599,98.77850181204288,4129400
2012-12-07,99.70305633544922,99.74095126687877,99.14225298036621,99.50601888148891,3993200
2012-12-10,99.83953857421875,100.04415051760073,99.71070497745043,99.7258537084231,3480900
2012-12-11,100.4154281616211,100.88529287973806,100.17290987878124,100.19565608621716,4012700
2012-12-12,100.42303466796875,101.05205365604353,100.28662676313688,100.77922628246786,9551800
2012-12-13,99.90008544921875,100.58214782341835,99.695462111396,100.43815405102112,3844500
2012-12-14,99.62727355957031,100.03650873445496,99.47569384066365,99.80915072000394,3114300
2012-12-17,100.36995697021484,100.43058653977445,99.75609847879717,99.77124719825609,4534100
2012-12-18,101.21119689941406,101.34760478958752,100.32451092155463,100.55185740517706,6459500
2012-12-19,100.50630950927734,101.3247909019712,100.4911607981564,101.30205627138817,5511500
2012-12-20,100.93836975097656,101.0065736961956,100.24114688405697,100.46850493203114,5530500
2012-12-21,100.18804168701172,100.36289828812467,99.45824679498433,99.63309179621663,11495800
2012-12-24,99.56463623046875,99.9067281754864,99.56463623046875,99.80789723141702,1997400
2012-12-26,99.44303894042969,99.95237809835301,99.18457040056663,99.80793638493523,3982900
2012-12-27,99.28335571289062,99.6938636991399,98.3254844118502,99.54182413385777,8308600
2012-12-28,98.1202392578125,99.16932041066583,98.04421367287901,98.69039634518683,8570000
2012-12-31,99.2681655883789,99.51142661527902,97.71733159236612,97.8085646273463,12067800
2013-01-02,101.69325256347656,101.7616686509894,101.02426433033969,101.10028993860678,9636300
2013-01-03,101.58673858642578,101.90602499394213,101.34346612363076,101.59433650093706,8665200
2013-01-04,101.91375732421875,102.02018626709511,101.48044362818096,101.64008124255312,4759300
2013-01-07,101.4956283569336,101.66287547739853,101.2295618288365,101.63247218271559,6119700
2013-01-08,101.15348815917969,101.48798224127373,100.91022711757911,101.35115008035052,4269800
2013-01-09,101.64762878417969,101.85287702035885,101.41195406877038,101.41195406877038,3898000
2013-01-10,102.27861785888672,102.3090327457706,101.58683578066649,102.02014931977672,6004300
2013-01-11,102.4154281616211,102.47624631562154,102.02772547972971,102.21777786102727,4508000
2013-01-14,102.54461669921875,102.62824017372554,102.17211002189367,102.36977183429424,4298000
2013-01-15,102.68916320800781,102.82599543342238,102.0505896229729,102.0885908412213,2966100
2013-01-16,102.54461669921875,102.66625295302347,102.27853884400488,102.33935697090725,3197800
2013-01-17,103.25928497314453,103.53296092921964,102.80315451305952,102.90958340709543,6227500
2013-01-18,103.56742858886719,103.62070567569818,103.05754550132097,103.35434346607977,4922500
2013-01-22,104.0621337890625,104.08496351598434,103.43809028713996,103.59790998786492,4544900
2013-01-23,104.6100845336914,104.73945687441127,104.36655193073143,104.40460535147812,6397800
2013-01-24,105.03632354736328,105.39400503379458,104.69386576162385,104.70907785003452,6288000
2013-01-25,105.49282836914062,105.50044601828425,105.05143437280184,105.31779662288784,4461000
2013-01-28,105.51565551757812,105.6906988718301,105.24930488626079,105.66786914949633,3167700
2013-01-29,105.95707702636719,106.0712372799599,105.3558748282942,105.3558748282942,3946700
2013-01-30,105.59941864013672,106.06364256903058,105.53092944053154,105.95709994333076,5496100
2013-01-31,105.3331069946289,106.7105555998959,105.2646177695921,105.59945785164297,3935300
2013-02-01,106.3452377319336,106.45938640770954,105.81251294557572,106.00276848005316,5234900
2013-02-04,105.45484924316406,105.76685951218592,105.29502947567931,105.63748713483014,6536200
2013-02-05,106.07880401611328,106.42887907357853,105.94182569728022,105.96465541708572,5819800
2013-02-06,106.22344207763672,106.31476099304692,105.6907290506221,105.6907290506221,3113900
2013-02-07,106.00273895263672,106.26910127161955,105.26455836778106,106.23104785286871,6637600
2013-02-08,106.33757019042969,106.5658790471468,106.06360188482334,106.06360188482334,3573800
2013-02-11,106.1777572631836,106.29951191722945,105.94184237986501,106.25385247042847,2542800
2013-02-12,106.58116912841797,106.70293547615695,106.17021060786843,106.23109378173793,3498600
2013-02-13,106.444091796875,106.81699657642854,106.16251750937106,106.7180600484867,3387800
2013-02-14,106.43653869628906,106.51264554213672,105.97992084575172,106.07125138322377,3048800
2013-02-15,106.39614868164062,106.59452830363792,105.86207208779521,106.44192501225643,6111300
2013-02-19,106.79283142089844,106.93779747446489,106.44949750781393,106.4800111623592,3944000
2013-02-20,105.96115112304688,107.02930319405162,105.96115112304688,106.81567277985067,5974200
2013-02-21,105.67889404296875,105.96120065525943,105.335560119794,105.78570930000066,7517900
2013-02-22,106.6707763671875,106.6860390187241,105.94595758609152,106.23588975532672,4158500
2013-02-25,105.03041076660156,107.26590637966133,104.98463444772565,107.06753845053456,10031600
2013-02-26,105.88487243652344,106.02221295646284,105.27449470320958,105.55680124453457,9236100
2013-02-27,107.27349853515625,107.47949188370073,105.77807344111942,105.85437503523949,7404500
2013-02-28,107.02934265136719,107.81520017374496,106.95304105731569,107.15904604766375,11383200
2013-03-01,107.38031768798828,107.50238394423668,106.18245014026202,106.73178904034182,6506400
2013-03-04,107.63212585449219,107.65501401087643,106.89204441942299,107.09041232208374,3619700
2013-03-05,108.60110473632812,108.86051164128249,108.10517908615103,108.10517908615103,7962300
2013-03-06,108.98258209228516,109.15807349414949,108.71554969978402,109.03599555598116,4481000
2013-03-07,109.21144104003906,109.40218339281557,109.02832419025745,109.08936314018466,3689100
2013-03-08,109.68446350097656,109.8828429718817,109.26483969526616,109.82942953218024,5680700
2013-03-11,110.14226531982422,110.14226531982422,109.57003825803004,109.66159086248051,4373000
2013-03-12,110.17277526855469,110.4016684139719,109.8904803196672,110.088848169968,5166400
2013-03-13,110.21858215332031,110.40932453361737,109.93627551392682,110.20331950313908,4319500
2013-03-14,110.88235473632812,110.89761738552176,110.44745654923665,110.48560735122558,5361200
2013-03-15,110.72338104248047,110.7768940775487,110.39461478103343,110.72338104248048,10835400
2013-03-18,110.22637939453125,110.76922097328801,109.86703602540388,109.98172678126036,5511200
2013-03-19,110.32576751708984,110.73098249195077,109.69882409712595,110.48631823062804,9298500
2013-03-20,110.7156982421875,110.97564529407606,110.54749446361603,110.75392849481467,5924700
2013-03-21,110.01226043701172,110.54744875379389,109.7064418749163,110.18810552690506,6075700
2013-03-22,110.78443908691406,110.81502793711802,110.31041690480609,110.33335270934498,5027800
2013-03-25,110.25694274902344,111.10560281454678,109.79056178209201,110.92974602950729,9603200
2013-03-26,111.07503509521484,111.08267647879751,110.5780768389489,110.60865403951402,4877900
2013-03-27,110.83036041259766,110.92974504431096,110.14225104150412,110.36397944980828,4128900
2013-03-28,111.10559844970703,111.26614913171825,110.7386021297892,110.8685756182565,4346000
2013-04-01,111.15145874023438,111.41904707171395,110.83798712376944,111.09029269315117,8621600
2013-04-02,111.8320083618164,112.0078536026316,111.457370385415,111.526177871007,5672300
2013-04-03,110.96797180175781,111.98483556299115,110.82270388354851,111.80899045126863,7661100
2013-04-04,111.44961547851562,111.61016611469786,110.929710006821,111.13614391956948,7520100
2013-04-05,111.09799194335938,111.25090130760012,110.13465244902974,110.23403711935605,7307400
2013-04-08,111.5872802734375,111.5872802734375,110.67745404026283,111.10561648299432,3865000
2013-04-09,112.01542663574219,112.35948718622937,111.43436655714068,111.68667218325578,5492300
2013-04-10,112.98645782470703,113.20053327828207,112.35952590101937,112.37480867181955,7947100
2013-04-11,113.46044158935547,113.65923420417145,112.87174012639515,113.0170080629966,6975600
2013-04-12,113.47576141357422,113.50635028403688,112.90998397237364,113.14700688663375,8710800
2013-04-15,111.48023223876953,113.10109193266086,111.41142479883624,113.07815611934977,14177400
2013-04-16,112.66532135009766,112.68825716779305,111.90840436744493,112.3747854376428,6974100
2013-04-17,111.5872802734375,112.08425016248464,111.14383506456943,112.04601991467582,10757100
2013-04-18,110.99858856201172,111.71727536119037,110.68512846839553,111.70199259210194,8277100
2013-04-19,111.07587432861328,111.12945104612537,110.47894001174687,110.74680024415584,6028600
2013-04-22,111.21365356445312,111.40497899790897,110.38712629061453,111.2595698000701,11711700
2013-04-23,112.34624481201172,112.4227679433951,111.08349052967664,111.83349428921105,10435300
2013-04-24,112.07842254638672,112.66005926489893,112.03250631652023,112.51465008527087,4963800
2013-04-25,112.3155746459961,112.8206761270051,112.00945890587565,112.22374225947335,4160500
2013-04-26,112.40747833251953,112.6141013117913,112.13196934925068,112.15492745805867,3242600
2013-04-29,113.15746307373047,113.37939533689662,112.43042909464805,112.6523613578142,6132000
2013-04-30,113.27994537353516,113.34881971447425,112.53760189210104,113.16514312772772,8065800
2013-05-01,112.30036163330078,113.11922827766733,112.17791057397892,112.92790287656781,5372800
2013-05-02,113.23404693603516,113.30292128779486,112.43047779943969,112.5911846202123,4340700
2013-05-03,114.30545043945312,114.65749432281473,114.18299937762508,114.22891560641659,5929900
2013-05-06,114.35903930664062,114.489150885426,114.13710692871783,114.30547425441586,3110600
2013-05-07,114.99417114257812,115.00948043856543,114.36663013795439,114.61918097267402,5361800
2013-05-08,115.51455688476562,115.52986617741007,114.87170672452446,114.89466482470672,4087100
2013-05-09,115.43811798095703,115.843726991164,115.09373451461241,115.48403421945919,3948500
2013-05-10,115.59117889404297,115.63710681127276,115.0172025432476,115.49169760065867,4138200
2013-05-13,115.45343780517578,115.56822841188963,115.16261936472799,115.36925413439245,3841500
2013-05-14,116.42530822753906,116.45591514606662,115.45337215887558,115.46868145692581,5551900
2013-05-15,116.92276000976562,117.17531090126634,116.21868404447903,116.23399334390834,5770700
2013-05-16,116.6702651977539,117.17536722354097,116.50955834800864,116.81567441829075,8194700
2013-05-17,117.52899932861328,117.60575012735816,116.81526608450241,116.97642636712783,5503200
2013-05-20,117.45218658447266,117.851269448516,117.2833559952267,117.45218658447266,4464700
2013-05-21,117.81307220458984,118.20448526883791,117.337249573351,117.63655924631402,5734900
2013-05-22,117.29881286621094,119.06397665856946,116.92276422589849,117.96651233446876,12806500
2013-05-23,117.2450942993164,117.60580213397648,116.30879035111782,116.40088198191344,10474400
2013-05-24,117.2450942993164,117.28346971565888,116.44692779731126,116.7769423252171,4535300
2013-05-28,118.0969467163086,118.94114710658691,117.78995517486473,118.35021034655107,9374100
2013-05-29,117.29881286621094,117.6134748917838,116.66950052559837,117.43696202570789,7906200
2013-05-30,117.49836730957031,118.0355880493561,117.11463653678992,117.31417232284353,8231800
2013-05-31,115.96349334716797,117.98191010394576,115.8099916045967,117.12235655613283,7424700
2013-06-03,116.89200592041016,116.93038132002805,115.96338448650705,116.3010575557723,10861300
2013-06-04,116.37779998779297,117.35247885747773,115.74848797931067,116.85362211936692,7956400
2013-06-05,114.58963012695312,116.21664412683032,114.5742776239745,116.05548383240476,9426900
2013-06-06,115.31101989746094,115.32637239702684,113.82214362376963,114.64333254791883,15155100
2013-06-07,116.89969635009766,116.99178794731546,115.65640123501427,116.00943854189687,8087900
2013-06-10,116.81525421142578,117.32945172127587,116.63872973436003,117.26037132521571,4917900
2013-06-11,116.04016876220703,116.97647266695479,115.65643803765572,115.94807713568507,7012500
2013-06-12,115.01174926757812,116.922732093471,114.88895265077933,116.79225336904108,6901000
2013-06-13,116.4699478149414,116.64647238362998,114.72013661004658,114.91968408586278,6208200
2013-06-14,115.62569427490234,116.66175975274707,115.4184764951225,116.34710959592849,4639300
2013-06-17,116.4852523803711,117.09922364231964,115.92500901996213,116.37013789211164,6693100
2013-06-18,117.49836730957031,117.69790309562393,116.59275659633097,116.62346161605235,4807900
2013-06-19,115.95572662353516,117.59042296270147,115.92503332374037,117.37553473254715,9143700
2013-06-20,113.26197052001953,115.02713432684997,113.03940012526444,114.9964293086953,14309900
2013-06-21,113.61106872558594,114.03404602416911,112.68821663257785,113.84178468251322,10968600
2013-06-24,112.49595642089844,113.38035390751855,111.64231558598374,112.53441103655608,14129300
2013-06-25,113.2803726196289,113.6648952614235,112.75741572474436,113.3649680702117,7592300
2013-06-26,114.42620849609375,114.6415519072749,113.79559765344413,114.04938392959336,6326000
2013-06-27,115.2798843383789,115.67979117510737,115.01072552755579,115.11839139882501,6584600
2013-06-28,114.24169158935547,115.37987544654578,114.18016655184505,114.83385980752992,6719200
2013-07-01,114.91078186035156,115.74135244218749,114.7569751010568,114.98769110735071,4895800
2013-07-02,114.53394317626953,115.518332233631,114.12634999117061,114.70313412872984,4873800
2013-07-03,115.0030517578125,115.34143363433022,114.01098828775135,114.14172460646004,2589400
2013-07-05,116.14122772216797,116.19505479262115,114.90306428534062,115.91051177881063,5528500
2013-07-08,116.91027069091797,117.22557034797106,116.64878636853479,116.72569559300632,4915600
2013-07-09,117.50248718261719,117.65630571017641,117.06413723625047,117.44097385324082,5200200
2013-07-10,117.44097900390625,117.8870152023305,117.17180830357856,117.4871198703152,6126900
2013-07-11,118.72525787353516,118.9098212986039,118.20999875404483,118.70218744540156,5848400
2013-07-12,118.5637435913086,119.01747762099198,118.34841178960451,118.75600496673746,6349800
2013-07-15,118.92523193359375,119.10210916684048,118.6868296334119,118.86370686665865,2751600
2013-07-16,118.66376495361328,119.00214697080958,118.37921003840339,118.89448103212959,3594600
2013-07-17,118.77134704589844,119.08665840612039,118.57138777614844,118.9251537447607,6504400
2013-07-18,119.46348571777344,119.77111085704564,118.86363136456663,119.18662895977805,6823000
2013-07-19,119.45263671875,119.46804132915689,119.0291098098972,119.26782839496693,4828400
2013-07-22,119.44502258300781,119.68374133254818,119.21400026883609,119.45271901837644,3165700
2013-07-23,119.63758087158203,119.87629970423232,119.42196310336324,119.79930007288966,3394100
2013-07-24,119.4373550415039,119.89938803133776,119.06001811206328,119.83008484540557,3894500
2013-07-25,119.45263671875,119.55274906098242,118.74417739360679,119.0059970191494,5483500
2013-07-26,119.48356628417969,119.55286947540097,118.33616253382947,118.95991475539437,3859300
2013-07-29,119.30642700195312,119.46814617746712,118.93679827971644,119.25252844363862,2592500
2013-07-30,119.291015625,119.80695881879599,118.9136787741865,119.66834072553011,4211000
2013-07-31,119.23710632324219,120.1534874326891,119.02148862105273,119.45272402543164,11784600
2013-08-01,120.0456771850586,120.253598449138,119.8762615995544,120.0456771850586,4872400
2013-08-02,120.28443145751953,120.31524070958992,119.53746572368513,119.7222859852469,3620800
2013-08-05,119.96871948242188,120.13813514369511,119.74540524726457,120.06113550239094,3077100
2013-08-06,119.24475860595703,119.65289276164094,118.90592758985461,119.6451845792799,3582300
2013-08-07,119.00611114501953,119.16783033369198,118.59797670490119,118.83670726918645,4341600
2013-08-08,119.1216812133789,119.70692797747746,118.5826365950919,119.61452368585437,5071200
2013-08-09,118.67496490478516,119.32181803258031,118.07431389322055,118.96759397462368,4550300
2013-08-12,118.61338806152344,118.82130938724887,118.08974827855491,118.16674790825137,3697300
2013-08-13,118.92904663085938,119.33718084829576,118.08196896243683,118.91364201408449,4752500
2013-08-14,118.0666275024414,118.92139022599754,117.90490833159153,118.79818848899536,6372100
2013-08-15,116.3724365234375,117.12711009400175,116.25693125767835,117.12711009400175,10021900
2013-08-16,116.18953704833984,116.62186832462693,115.95021164754831,116.25130034211567,7035200
2013-08-19,115.60273742675781,116.35931672830735,115.54097416824439,116.03506845621469,4174100
2013-08-20,115.61051940917969,116.12005774766668,115.46383305899613,115.73404599671782,3845900
2013-08-21,114.75349426269531,115.74168272595853,114.64541151765515,115.37111499726875,9497100
2013-08-22,115.34019470214844,115.50232466369974,114.85382837775929,114.9233075983674,4227000
2013-08-23,115.67218780517578,115.81114626704645,115.07772689797162,115.48689807588076,9601600
2013-08-26,115.1935806274414,116.01192329037632,115.1781368658374,115.67223121591914,5770200
2013-08-27,113.8734130859375,114.8307260198487,113.80393383060976,114.40611093705994,11440200
2013-08-28,114.2902603149414,114.59907653054469,113.77300640645674,113.81160990592393,4842500
2013-08-29,114.4524154663086,115.01598898601809,114.12045121419402,114.2748534658784,4695500
2013-08-30,114.14360809326172,114.58365508850582,113.81934805869902,114.58365508850582,6326800
2013-09-03,114.34439086914062,115.18589358193574,113.95837915353081,114.93885220961967,5430300
2013-09-04,115.1704330444336,115.34800688945958,114.12049263979804,114.27489494753027,4577700
2013-09-05,115.1241226196289,115.57962536659304,115.04692734973841,115.17044213759159,6021300
2013-09-06,115.10094451904297,115.78032875461254,114.08187994582863,115.5718791768555,9001900
2013-09-09,116.16635131835938,116.40567666565313,115.40204398139514,115.41748774642281,4402500
2013-09-10,117.1854019165039,117.20857345133366,116.6527157784934,116.93836060643031,7917100
2013-09-11,118.23530578613281,118.25846553138082,117.16992216431964,117.20852566644463,7044000
2013-09-12,118.1426010131836,118.43597332979667,117.9495953901757,118.37421011681874,5555700
2013-09-13,118.65226745605469,118.73719049354855,118.28169955614564,118.38205457853573,4829600
2013-09-16,119.61727905273438,120.04189417784934,119.4011134945194,119.91836763597237,6569000
2013-09-17,119.88748931884766,120.05733538193931,119.64816398816586,119.67905151607725,4517600
2013-09-18,120.96822357177734,121.25386816529978,119.39329086448654,119.78702993137428,9637300
2013-09-19,120.68263244628906,121.14583914532083,120.60542543971613,121.10723564203437,7626600
2013-09-20,119.3553466796875,120.81731380810174,119.3553466796875,120.7941089174204,9381000
2013-09-23,118.89894104003906,119.37079338169949,118.59726572672143,119.20834738079216,8662000
2013-09-24,118.3961181640625,119.13870976308432,118.31102966629014,118.92212300568067,5774900
2013-09-25,117.90110778808594,118.65143071060646,117.7231996960433,118.55086831797038,7187200
2013-09-26,118.31105041503906,118.767428890813,117.93976045195986,118.1176685046506,5026300
2013-09-27,117.73866271972656,117.91657079539338,117.39056579359598,117.80827738371401,6634800
2013-09-30,116.80270385742188,117.220403697721,116.37726118473879,116.64025781763446,9426100
2013-10-01,117.28228759765625,117.39832385578607,116.62479601397993,116.80270411272785,8616300
2013-10-02,116.78716278076172,116.87999409425473,116.14513362660382,116.72527917279683,8895300
2013-10-03,115.77383422851562,116.61697618666673,115.38707056296846,116.53963053541153,10949200
2013-10-04,116.36176300048828,116.46232537567458,115.58823532205994,115.78161724166704,6867800
2013-10-07,115.25552368164062,115.91302635676334,115.18590908396939,115.34834314520228,6081100
2013-10-08,114.11848449707031,115.3638639535396,114.09527962173344,115.2555706009375,10388000
2013-10-09,114.3119125366211,114.72962406772163,113.67762601585781,114.24229788246932,11075200
2013-10-10,116.77176666259766,116.81043361170286,115.32526159126401,115.36394034346722,12792200
2013-10-11,117.70771789550781,117.74639664415108,116.6170409204911,116.74080819491078,8186000
2013-10-14,118.19493865966797,118.25682224163994,116.86447115498672,116.94955960481236,6470100
2013-10-15,117.0656509399414,118.19500630185081,117.0656509399414,118.04030315992857,8144700
2013-10-16,118.75193786621094,118.7828737709643,117.76182367081188,117.8623742135795,8714800
2013-10-17,118.72097778320312,118.80606626627079,117.61483930641461,117.66124906025314,9916600
2013-10-18,118.945556640625,119.10043129811076,118.39573801794475,118.99201785625284,7714400
2013-10-21,118.8913803100586,119.0694856297352,118.69004437547558,119.01528480034777,3588300
2013-10-22,119.44889068603516,119.9212660262251,119.11591079543425,119.278525034414,7501700
2013-10-23,119.11587524414062,119.27848943458659,118.7286828453226,119.10812383381271,5428400
2013-10-24,119.87478637695312,119.99093938693012,119.33271930343378,119.40241110941999,5182600
2013-10-25,120.3781509399414,120.37815093994139,119.86705398260425,119.95998822150601,4565000
2013-10-28,120.31624603271484,120.53307298178781,120.02198763964867,120.18460194336214,4968800
2013-10-29,121.1913070678711,121.19130706787108,120.50984417985731,120.57954784153704,5779100
2013-10-30,120.70337677001953,121.47776170972054,120.31618430016903,121.36934829080946,6100200
2013-10-31,120.25433349609375,120.943536200977,120.10721015907143,120.50214255753718,8157400
2013-11-01,120.6956558227539,120.92022229084661,120.09163642175608,120.47882895143049,5909900
2013-11-04,120.85052490234375,121.08284277267836,120.4401017850963,121.00539954384092,4042500
2013-11-05,120.71898651123047,120.94355316550002,119.92910978731803,120.24661076075778,5442800
2013-11-06,121.74884796142578,121.80304878362615,121.09061578320608,121.18355004669112,7548400
2013-11-07,120.68797302246094,122.19802223559361,120.5563171021767,122.13606998374921,10211000
2013-11-08,121.95794677734375,121.95794677734375,120.47886799873403,120.5408202415021,7594900
2013-11-11,122.0509262084961,122.14384870793468,121.69470360033547,121.83409916568097,3795200
2013-11-12,121.8650131225586,122.13605270901942,121.4778204654329,121.90373475150759,4094800
2013-11-13,122.39926147460938,122.44572267273404,121.19122305866998,121.20671406343637,5062900
2013-11-14,122.9181137084961,122.98006591936459,122.31409442274828,122.43025924919272,6931000
2013-11-15,123.59162902832031,123.5916290283203,122.9554329261619,123.02526770112715,6529100
2013-11-18,123.70011901855469,124.0957937565653,123.41306157166838,123.9095994508647,5236000
2013-11-19,123.61491394042969,124.080412062463,123.42870758857032,123.80887445087942,5017300
2013-11-20,123.18035888671875,124.04154342956818,122.8545068756949,123.7855143126776,8401100
2013-11-21,124.0261001586914,124.04162031314135,123.4907672950554,123.58386454493673,4579900
2013-11-22,124.44507598876953,124.46835030617119,123.73130263215822,124.00285211972644,4466400
2013-11-25,124.60787200927734,124.79407818361307,124.3673630997596,124.76303790202438,5114400
2013-11-26,124.52257537841797,124.88722187332733,124.49154692366966,124.55360383316628,5231300
2013-11-27,124.79421997070312,124.86404292601003,124.4528475157642,124.74765949541964,6272800
2013-11-29,124.69328308105469,125.36050743858308,124.58466571301078,124.99586088049169,2887900
2013-12-02,124.07272338867188,124.78649702324287,123.90980310341544,124.72442820653022,5655700
2013-12-03,123.3510971069336,123.83986941087956,122.93990188312806,123.5372915699961,8660700
2013-12-04,123.17264556884766,123.76229294053586,122.45111834411159,122.93990248887275,7138200
2013-12-05,122.67617797851562,123.27357985107848,122.5908348538638,122.93220735247114,5823000
2013-12-06,124.25889587402344,124.27440419515034,123.4597793147042,123.7701114750253,6345300
2013-12-09,124.31304168701172,124.54579643252652,124.21994452416506,124.35959026843506,3967700
2013-12-10,123.91749572753906,124.28214244562879,123.85542694165034,123.9562901985208,4047600
2013-12-11,122.82356262207031,124.05714873657638,122.76149383261948,124.01060010409104,7906700
2013-12-12,122.17179107666016,122.91659246470869,121.8614591380407,122.74591818535123,7078700
2013-12-13,122.31151580810547,122.55979098990211,121.88481207681237,122.22617269416439,8886500
2013-12-16,123.28128051757812,123.64592717937003,122.77698798790436,122.87008523315895,7076500
2013-12-17,123.1881332397461,123.58380820978417,122.88555547715137,123.5682999008128,6001100
2013-12-18,125.50018310546875,125.52345741569717,122.66836486920346,123.48300124242203,15330700
2013-12-19,125.5932388305664,125.69409018591007,125.12772914693878,125.28289509534697,8018300
2013-12-20,126.00154113769531,126.40596890110407,125.69045016114093,125.69822328197877,7978200
2013-12-23,126.47599792480469,126.65488656029231,126.25045868389701,126.43712044239408,4992800
2013-12-24,126.89595794677734,126.97372476304784,126.45264081132784,126.55375072657651,2462000
2013-12-26,127.90707397460938,127.9304052157989,127.22265925340758,127.23821736998921,4971600
2013-12-27,127.91482543945312,128.2648058653999,127.72039055088673,128.14036468855008,6176900
2013-12-30,128.0081787109375,128.0781724381406,127.86040626415334,127.97707434352493,4043600
2013-12-31,128.6925811767578,128.72368554119973,128.17927015822656,128.28038011055204,5667800
2014-01-02,127.63489532470703,128.33485648699718,127.42490222907236,128.16375275979397,9291100
2014-01-03,127.85264587402344,128.22595765699046,127.58043219574206,127.86041899980923,6127600
2014-01-06,127.46376037597656,128.37371441101328,127.32377292475529,128.31927880243816,7446800
2014-01-07,128.3035888671875,128.55245914723756,127.95360873133534,128.0624917039861,5387200
2014-01-08,127.82147216796875,128.19478374843644,127.47926494113955,128.0936738312293,9461800
2014-01-09,127.69706726074219,128.31926131634904,127.17598315103876,128.2881450865182,8212900
2014-01-10,127.68921661376953,128.08587120228952,127.17591775913647,127.98476130837527,7497200
2014-01-13,126.18051147460938,127.76709547074867,126.10273274639849,127.47155054438863,10676100
2014-01-14,127.12151336669922,127.13707147888346,126.28155331918724,126.56932499146458,7335400
2014-01-15,127.99249267578125,128.1713692946205,127.23030003187701,127.28474744959308,7780800
2014-01-16,127.53372955322266,127.80594314579956,127.17597600183093,127.72039131962087,5170900
2014-01-17,127.71510314941406,128.11206804653327,127.34926786350117,127.48936892942639,8013200
2014-01-21,127.44263458251953,128.47008963325194,126.71096420584544,128.45451889330292,9675200
2014-01-22,127.24032592773438,127.49718981851919,126.86671112159307,127.46604832309042,5418100
2014-01-23,125.87035369873047,126.4307697764108,125.37219683646184,126.4307697764108,9456000
2014-01-24,123.35618591308594,125.23206216124969,123.35618591308594,125.09196113540894,14663200
2014-01-27,122.99822235107422,123.84664412239987,122.60124543133307,123.53530038813423,14215300
2014-01-28,123.71422576904297,123.89324768250476,123.2004983196383,123.3483906347996,8308000
2014-01-29,122.28204345703125,123.17716502394299,122.00960895736533,122.71792915490113,14271200
2014-01-30,123.11495971679688,123.58198714373822,122.49226043987538,123.21615176393436,7864700
2014-01-31,122.00971984863281,122.74917032079922,121.30919032279206,121.60496338545545,10693100
2014-02-03,119.50325775146484,122.01739189484556,119.28531489626747,121.86951143217185,18172800
2014-02-04,119.93135833740234,120.28162277541519,119.29308866533935,119.83016634622302,11853400
2014-02-05,120.00920104980469,120.2660648322095,119.18412992407774,119.65115714244929,11603200
2014-02-06,121.5348892211914,121.54266865814462,120.41403269577403,120.41403269577403,10426200
2014-02-07,122.8114013671875,122.82697211603568,121.46482257835436,121.86178759647241,11528500
2014-02-10,122.78804779052734,122.84253947149,122.30546148257734,122.79582722623583,4790700
2014-02-11,124.35261535644531,124.60947935353508,122.93598553016876,123.02938630110852,7620400
2014-02-12,124.31361389160156,124.88960072030703,124.0256086002522,124.53933621260839,5249600
2014-02-13,124.76512908935547,124.905242097868,123.45747102058972,123.49639196056562,5085000
2014-02-14,125.77688598632812,125.9636991816615,124.46143794370985,124.6015508094577,5824400
2014-02-18,125.63683319091797,125.90925584366326,125.41889031792341,125.86255549616384,4966400
2014-02-19,124.94410705566406,126.36073599542867,124.8351355987591,125.33329252703868,8245400
2014-02-20,125.55903625488281,125.87817124623216,124.61721390490064,124.97525794841451,7035600
2014-02-21,125.5082015991211,126.14038453813109,125.35990942150539,125.71893321515948,5268200
2014-02-24,126.17173767089844,126.9756269003854,125.63320739094526,125.67223356802192,6704400
2014-02-25,126.04679870605469,126.62435488833472,125.75802656947043,126.2341171214429,6067800
2014-02-26,126.31214904785156,126.63994732093657,125.8672842162043,126.21069533346785,5032900
2014-02-27,126.8663101196289,126.87411058828431,125.94534272645605,126.15607447127641,5292500
2014-02-28,127.23307037353516,127.81842677323604,126.44478280010983,126.87404654171178,10010400
2014-03-03,126.03898620605469,126.58531664572708,125.25851074677686,126.11702660651622,9144400
2014-03-04,127.70924377441406,127.99801597514877,127.25656643516434,127.31900592083129,7947500
2014-03-05,127.49071502685547,127.85753957201626,127.38144890121913,127.82631387376902,4968400
2014-03-06,128.06826782226562,128.23997344651474,127.81070938589195,127.85754793632695,4651800
2014-03-07,128.2633819580078,128.69264600253558,127.84973076303963,128.5911803440704,7381900
2014-03-10,127.99014282226562,128.12282218804407,127.35794785481674,128.03696943264538,3995400
2014-03-11,127.54540252685547,128.38051766822926,127.30345684189525,128.2166124476097,5198700
2014-03-12,127.39704895019531,127.6624197469828,126.80389168790592,126.95218398075687,5250800
2014-03-13,125.69558715820312,128.0214009154471,125.48485542942885,127.79506825054992,9500500
2014-03-14,125.38349914550781,126.12496107687444,125.17277914207702,125.4459386717872,8603100
2014-03-17,126.72584533691406,126.95999044673084,125.91415578654623,125.96878289700498,6641400
2014-03-18,127.43604278564453,127.71701445104509,126.86629898687252,126.9755650840221,7094600
2014-03-19,126.58528137207031,127.66234101666069,125.77358045150432,127.42038368805451,7936400
2014-03-20,127.45166778564453,127.58434720847171,126.03119647811951,126.31998054814345,6616200
2014-03-21,127.1482925415039,128.37575244699266,127.07010521491001,127.80502313793272,7629500
2014-03-24,126.99978637695312,127.79725204279394,126.48377847966114,127.53924809414794,6336000
2014-03-25,127.74252319335938,128.0005271514647,127.10143220965283,127.72688333627906,5991100
2014-03-26,126.91382598876953,128.4774781116945,126.90601202285374,128.27420763041306,6133800
2014-03-27,126.8746337890625,127.18735919894702,126.29607865809547,126.85117997980664,7713700
2014-03-28,127.32027435302734,128.0786459644118,126.90590783501841,127.1326319576291,4536000
2014-03-31,128.4070587158203,128.57906132614386,127.93795851862636,128.0005060068998,6368400
2014-04-01,128.96231079101562,129.2437688780484,128.67303873174504,128.7434002710711,4076100
2014-04-02,129.2906036376953,129.4469784320687,128.8058751783591,129.14988063842551,5597700
2014-04-03,129.2670135498047,129.58756483878048,128.96992799902822,129.56411103029046,4452600
2014-04-04,128.1255645751953,129.8299384099044,127.89101454324823,129.7908447496282,10559700
2014-04-07,126.78080749511719,128.1646298393642,126.7495277990309,127.89099811200688,8624100
2014-04-08,126.91382598876953,127.22655164146694,126.30400261520633,126.73400933495448,5930000
2014-04-09,128.2975616455078,128.3288294145644,126.99190264048363,127.43754887508045,6008300
2014-04-10,126.24137115478516,128.46175282976785,126.08500843240952,128.31320406811213,9981500
2014-04-11,125.10779571533203,126.12417186760173,124.99834055614716,125.61597782660807,11067500
2014-04-14,126.22570037841797,126.35860925636023,125.30315219162773,125.93642881640885,6270600
2014-04-15,126.93730163574219,127.02330299447478,125.38928910827684,126.39783965184886,8489000
2014-04-16,128.23513793945312,128.24295190683125,127.38293830639111,127.77385141027823,5864200
2014-04-17,128.12710571289062,128.4713880904417,127.7984757904987,128.01756240542665,5790700
2014-04-21,128.3461456298828,128.5182867560259,128.0879339406682,128.19747720827556,3066100
2014-04-22,128.94863891601562,129.33986657538503,128.5026336534606,128.55741125664625,4044300
2014-04-23,128.82342529296875,129.09728939218815,128.67475689278214,129.0581642438255,3546100
2014-04-24,128.86260986328125,129.19123977029304,128.4713820778875,129.1129894374845,4028700
2014-04-25,127.81404113769531,128.47130053454302,127.54017708601697,128.38522999881414,5102700
2014-04-28,128.4557342529297,128.86261450741375,127.36812144791115,128.4244412822732,7236900
2014-04-29,129.10508728027344,129.31635349337716,128.70603949047032,128.80775053141016,4581400
2014-04-30,129.4573211669922,129.57469671096572,128.97220234868954,129.04262051147623,4958500
2014-05-01,129.28506469726562,129.6606517760498,129.0268530578459,129.33984229016608,3889400
2014-05-02,128.90957641601562,129.7702824606847,128.7374352070818,129.23038611805833,7036100
2014-05-05,129.0503387451172,129.2381323034083,127.89230831728774,128.29918839059198,4059700
2014-05-06,128.1114501953125,128.8547806167153,128.0723250280124,128.83914010125505,5281500
2014-05-07,129.12863159179688,129.16775675508026,127.84540503563663,128.72175138443185,5576200
2014-05-08,129.3790283203125,129.94239726428273,128.9956208075393,129.12081655938246,5997900
2014-05-09,129.66851806640625,129.7154634830919,129.003426158499,129.33205601462126,4228600
2014-05-12,130.51356506347656,130.6152761482617,130.10668490636974,130.1301576135757,3944700
2014-05-13,130.7091522216797,130.89693384097674,130.63090192075947,130.7482773721398,4133400
2014-05-14,129.9736785888672,130.77960676775683,129.8250101392874,130.74048160639538,3104700
2014-05-15,128.7530059814453,129.78584064047763,128.33830567919432,129.71542253767703,7539300
2014-05-16,129.1303253173828,129.15385822616943,128.4713799314704,128.77731971563998,5115000
2014-05-19,129.2088623046875,129.36575245764388,128.6754214206942,128.7617128003129,2879900
2014-05-20,128.1183319091797,129.2165738554009,127.89867154999598,129.20088126475787,4856600
2014-05-21,129.420654296875,129.554011520926,128.56559281739737,128.61265866471524,4898700
2014-05-22,129.57742309570312,129.74216537698607,129.12244568441457,129.50682439084179,3564100
2014-05-23,130.0874786376953,130.1188518855878,129.585422881742,129.6638619864499,2857000
2014-05-27,130.5894775390625,130.69146149773084,130.32276315325873,130.57378493697163,2561300
2014-05-28,130.29141235351562,130.65227047720373,130.18158804977602,130.64441818911075,3681500
2014-05-29,130.8325958251953,130.8404361374804,130.24424921536743,130.58941447499058,2763500
2014-05-30,130.9502716064453,131.02088230284562,130.45606855130387,130.69140960943685,2769000
2014-06-02,131.1620635986328,131.31895362808058,130.7149264162096,131.20128909848026,4453300
2014-06-03,131.0208740234375,131.16207146742872,130.80906588750796,130.95811561390494,4125200
2014-06-04,131.10716247558594,131.21698669738257,130.67570590069118,130.91888725110212,2264600
2014-06-05,131.89952087402344,132.03287805919499,130.94247569107708,131.40530568136904,5416500
2014-06-06,132.63690185546875,132.66827508417842,132.1505390058194,132.24467066189447,4118900
2014-06-09,132.762451171875,133.02916557593264,132.58986844690853,132.66830752283482,2713200
2014-06-10,132.8486328125,132.86431343276496,132.44854956689983,132.69173085033728,2821400
2014-06-11,132.06430053710938,132.42514667649465,131.86033257402556,132.37808082961402,3064100
2014-06-12,131.23265075683594,132.05633830131006,130.98946943712113,132.0171128049178,5409200
2014-06-13,131.4915771484375,131.65631951105868,131.1071982522309,131.42881872315067,2708700
2014-06-16,131.5465087890625,131.76615731518484,131.12289236729308,131.31116766251805,3068300
2014-06-17,131.78964233398438,131.94653237134585,131.19345540403378,131.3424931590645,2884700
2014-06-18,132.51922607421875,132.62121001551475,131.27978602897971,131.82890730913869,4729200
2014-06-19,132.64471435546875,132.7231653657114,132.21325773902134,132.58980822425374,3028000
2014-06-20,132.89309692382812,133.16032643527674,132.79878344756784,133.02671167955245,5370700
2014-06-23,132.75953674316406,132.92458539446812,132.50016258375751,132.8774286369527,2729200
2014-06-24,131.94203186035156,133.08956422444626,131.78483876757448,132.69657549597144,4861700
2014-06-25,132.26431274414062,132.42150586930146,131.65910661955138,131.66697407130277,3657500
2014-06-26,132.107177734375,132.35082898451915,131.30547685239105,132.34297352237874,4052400
2014-06-27,132.1778564453125,132.24073609480791,131.52549357399772,131.85560273904855,3092200
2014-06-30,131.9578094482422,132.3193645052085,131.7691704629029,131.97353236195443,6488400
2014-07-01,132.98745727539062,133.3332894676659,132.22505775871218,132.2722145134641,4911500
2014-07-02,133.14459228515625,133.23105029545184,132.97167626456505,133.0738571839323,1929800
2014-07-03,133.98561096191406,133.98561096191406,133.40398318337964,133.49830865667022,2074800
2014-07-07,133.50624084472656,133.62413276276098,133.2625895520727,133.52196376482252,2937700
2014-07-08,132.71240234375,133.30188589814676,132.39014845567544,133.28616297863556,5438700
2014-07-09,133.28602600097656,133.40391779346942,132.72012141088828,132.9716278992268,3543800
2014-07-10,132.79881286621094,133.09747627155306,131.80847317382324,131.95781087302896,4932100
2014-07-11,132.98745727539062,133.00318019133155,132.29580488391096,132.64949253762126,2830500
2014-07-14,133.84405517578125,134.09557364220942,133.64756087128197,133.7340188449841,2831200
2014-07-15,133.9148712158203,134.33143839647568,133.44327984489468,134.017040151503,5168100
2014-07-16,134.4572296142578,134.52796473876896,134.13497583405865,134.37077157549876,3197900
2014-07-17,133.30967712402344,134.65370425736,133.19178526718156,134.25284795796196,6149300
2014-07-18,134.216064453125,134.35768661465875,133.5551370207383,133.720362875861,6924600
2014-07-21,133.9014129638672,134.05878702829395,133.25622492234822,133.83847774524304,2886600
2014-07-22,134.342041015625,134.5151428784826,134.0981160227218,134.2004067614891,3798200
2014-07-23,134.20033264160156,134.39703810384734,133.91707629572971,134.39703810384734,2607900
2014-07-24,134.10597229003906,134.42857226048062,133.93287045253157,134.27907412754655,3226000
2014-07-25,133.0989227294922,133.6418322804717,132.78418646503113,133.5788850275795,5714000
2014-07-28,133.29559326171875,133.48442296466732,132.47729119574916,133.15395897854958,3606100
2014-07-29,132.7998504638672,133.9092726515429,132.7998504638672,133.67322358944853,3683100
2014-07-30,132.56370544433594,133.38200666646782,132.01293270210027,133.18530125810182,5446600
2014-07-31,130.05368041992188,131.7374774313863,130.05368041992188,131.61159515465167,9038800
2014-08-01,129.4873809814453,130.2269840258411,129.04675030871235,129.66834678973674,7435100
2014-08-04,130.08531188964844,130.305621138606,129.1253878737817,129.66829709655346,4400000
2014-08-05,128.97593688964844,129.93586125643938,128.51957841970207,129.66834450004401,8522800
2014-08-06,129.19622802734375,129.62898272290587,128.5431640333057,128.61398716963865,4781100
2014-08-07,128.68472290039062,129.7390613547557,128.35425914630378,129.70759376167805,4962400
2014-08-08,130.09317016601562,130.12464977505093,128.59821289757224,128.7791786286894,5412300
2014-08-11,130.2583465576172,130.73043241653048,130.19539937523925,130.58094636507377,5761500
2014-08-12,130.211181640625,130.43149084782775,129.8256345250445,130.04594373224725,3274300
2014-08-13,130.9979705810547,131.13172885121853,130.42358200182682,130.61242356285427,2841700
2014-08-14,131.47796630859375,131.47796630859375,130.97440068850878,131.15536639414597,2752400
2014-08-15,131.12008666992188,131.99500924817772,130.4028053073262,131.9634737886934,7032500
2014-08-18,132.4679412841797,132.51523244914725,131.8137187718678,131.8294865026085,2975200
2014-08-19,133.12216186523438,133.22463407268052,132.68076162893465,132.92510732922526,3057200
2014-08-20,133.6818084716797,133.7921585360642,132.98817262283143,132.98817262283143,3108800
2014-08-21,134.13906860351562,134.4149499923495,133.7528490918654,133.84743149843047,2652600
2014-08-22,133.89463806152344,134.3754517030614,133.72122907426342,134.0049881418474,5152200
2014-08-25,134.48580932617188,134.83262732014362,134.3439357980511,134.4385181501316,2588500
2014-08-26,134.7301483154297,135.06121058558648,134.6119203812714,134.64345584855147,3581400
2014-08-27,134.7931671142578,134.95082034923396,134.58823474694333,134.9035171623892,5162400
2014-08-28,134.60406494140625,134.6907694499787,134.07596003546826,134.31241594315782,2781900
2014-08-29,134.69085693359375,134.7854393581022,134.19427515039123,134.7066126528341,3280300
2014-09-02,134.45423889160156,134.8404700730347,134.02859440149103,134.73799787592418,3458700
2014-09-03,134.56460571289062,135.16364718679577,134.41484233760065,135.08483258687005,2847400
2014-09-04,134.51739501953125,135.22678697951417,134.17057689606872,134.71444967811115,3760900
2014-09-05,134.982421875,135.01394532388144,134.00502657803304,134.40702572164744,3403600
2014-09-08,134.83250427246094,135.06109411772172,134.58815873440358,134.81673655241795,3139800
2014-09-09,134.09170532226562,134.65922351112806,133.9104184647078,134.61981018715693,4252400
2014-09-10,134.52516174316406,134.6355117797168,133.76847921458864,134.13105275158256,4595400
2014-09-11,134.39906311035156,134.48576758193153,133.8552027274449,133.91037173994832,3026200
2014-09-12,133.9183349609375,134.3439797390337,133.52422566202097,134.29668854752555,5000800
2014-09-15,134.249267578125,134.44632203709202,133.6423364768767,134.0443232433595,5130700
2014-09-16,135.08482360839844,135.3449370280996,133.9103742940969,133.9655553349065,5946400
2014-09-17,135.24252319335938,135.7706281119752,134.73017398412856,135.23464533866687,8498600
2014-09-18,136.05438232421875,136.20414574878404,135.49474195251565,135.58144646003984,6458100
2014-09-19,136.25421142578125,136.9416140341241,136.04878755143582,136.68877352160735,9341000
2014-09-22,135.43247985839844,136.1988859489348,135.28235733772266,136.17518366210146,4894200
2014-09-23,134.48451232910156,135.40893878448065,134.48451232910156,134.9901818104058,5521800
2014-09-24,135.73275756835938,135.81967000075207,134.30266286307156,134.60290800335557,5813000
2014-09-25,133.6627197265625,135.52737719272216,133.59950956851074,135.50367489046585,8910500
2014-09-26,134.8715362548828,135.21128922368266,133.9234083415609,134.1525345319743,6062200
2014-09-29,134.57920837402344,134.77673553736415,133.48095782809315,133.67057618899543,5167800
2014-09-30,134.37384033203125,135.18765161885958,134.16050753121903,134.67407354698616,5492800
2014-10-01,132.48545837402344,134.30271130749043,132.28003439431532,134.24740995207512,11030600
2014-10-02,132.46168518066406,132.95156064873035,131.4977518463355,132.25626131089362,9093700
2014-10-03,134.0972137451172,134.29474086740777,133.03056246230855,133.44142225238062,5589100
2014-10-06,133.9788055419922,134.86372387384517,133.49683850994197,134.66619659933454,5315300
2014-10-07,131.83763122558594,133.48105992837907,131.83763122558594,133.31513167956902,7128800
2014-10-08,134.018310546875,134.17634202221234,131.43466229941234,131.8455103781845,8893200
2014-10-09,131.42669677734375,133.90763796256587,131.3160820260066,133.6548094121254,13387300
2014-10-10,130.53384399414062,132.23257262114268,130.53384399414062,131.46616633295287,12717500
2014-10-13,128.73251342773438,130.99222670046527,128.66140647814402,130.43915255457566,14117000
2014-10-14,128.8114471435547,129.9018012339138,128.39269041009013,129.31711633431024,13626400
2014-10-15,127.42871856689453,127.87908627180963,125.05049593667009,127.35761168383455,24966700
2014-10-16,127.19174194335938,127.95814862880388,125.41399671433771,125.62732951753011,18926600
2014-10-17,129.14321899414062,129.53827320461892,128.16349226805696,128.53483213429666,11730200
2014-10-20,129.3013153076172,129.3250176098804,128.19516768165047,128.27418339326448,7156500
2014-10-21,131.00010681152344,131.0554081859413,129.6727170960708,129.9334545768938,8994600
2014-10-22,129.87802124023438,131.33971453071047,129.79900557865304,131.2923099562006,6025100
2014-10-23,131.513671875,132.23267412923803,131.16602190345154,131.19763302237925,7029700
2014-10-24,132.53282165527344,132.5723174406169,131.2923453593153,131.63209832841295,5733500
2014-10-27,132.64349365234375,132.78570747562856,131.9244916183441,132.12991560401295,5062900
2014-10-28,134.0498504638672,134.07355276135655,132.848881814629,133.1175158902434,5438900
2014-10-29,133.84445190429688,134.58715624958512,133.22027113570056,134.32641884818995,7584000
2014-10-30,135.5827178955078,135.85135207922644,134.00249979442316,134.02620210145082,7449200
2014-10-31,137.0443572998047,137.1865831408891,136.52288264266596,136.95744485694823,7563500
2014-11-03,136.9732666015625,137.30511086185652,136.72833479440052,137.13919475976147,5383200
2014-11-04,137.05221557617188,137.20232605294424,136.26210713462058,136.751970510431,6466000
2014-11-05,137.91346740722656,137.96876874360947,137.24977903402433,137.94506644857375,5286200
2014-11-06,138.4981231689453,138.59294439360258,137.62110219148923,138.07146985433684,7191700
2014-11-07,138.72731018066406,138.74311573301446,138.08732395566824,138.458676071227,4018100
2014-11-10,139.01968383789062,139.10659631494823,138.52982008871535,138.75894640671783,2941900
2014-11-11,139.07496643066406,139.2487913462494,138.81422905728604,139.0433553245006,3192700
2014-11-12,139.0907440185547,139.21716431653954,138.4665633884221,138.47446013600745,2836500
2014-11-13,139.4067840576172,139.8334374604218,138.89320615753317,139.2566614723019,6508400
2014-11-14,139.3357696533203,139.5727927810392,139.15403584725547,139.34366640554086,3521100
2014-11-17,139.44635009765625,139.65967086002922,139.05919232428207,139.10659693814273,3668900
2014-11-18,139.81761169433594,140.14945583238958,139.41464862547838,139.4778587550266,4721700
2014-11-19,139.79391479492188,139.99935075561982,139.28824575152083,139.7307167135851,4011400
2014-11-20,140.04672241210938,140.07042470106222,139.08278914103323,139.14599926360685,2881700
2014-11-21,140.7581024169922,141.47100946836997,140.42541729434376,141.40763914691507,4782000
2014-11-24,140.83729553222656,141.1699806009975,140.67094695451559,141.09869353340036,2408700
2014-11-25,140.9640350341797,141.1462171232524,140.64718348073703,141.12245476757556,5510400
2014-11-26,141.00360107421875,141.06697137150175,140.71844077976945,140.9640052142342,3005600
2014-11-28,141.07498168945312,141.5423243043455,140.88487068780717,141.0908152079321,4037500
2014-12-01,140.67892456054688,141.01160974463514,140.2274154692916,140.63138774568696,6671800
2014-12-02,141.4393310546875,141.60567967438112,140.73435278389843,140.74226954230136,3920500
2014-12-03,141.7561798095703,141.89875397784942,141.32051637318338,141.46309054146246,11006600
2014-12-04,141.6531982421875,142.02549134406436,141.01950708452557,141.57398231498468,4791000
2014-12-05,142.19178771972656,142.43735219005478,141.7798988572053,142.00960564258637,4269400
2014-12-08,141.4235382080078,142.21564946333513,140.9720410775337,141.75623557150482,5568000
2014-12-09,140.9640350341797,141.01947650187535,139.58575797166858,140.02933805983744,7945400
2014-12-10,138.84910583496094,140.59967613482297,138.62731576348327,140.59967613482297,7622000
2014-12-11,139.43515014648438,140.726293571756,139.1737523439461,139.3242552078295,6867300
2014-12-12,137.03518676757812,139.15012143665624,136.9797332025526,138.43722645576364,12284400
2014-12-15,136.0767364501953,137.9302852817703,135.61732272981996,137.62927924935175,8874300
2014-12-16,135.3321075439453,138.1361738886284,135.24497489016608,135.66479256201626,12257600
2014-12-17,137.5025177001953,137.81144044407174,135.51432384464727,135.6648268379862,12901600
2014-12-18,140.82937622070312,140.86106742176963,138.91246950234063,139.39565758206456,9752400
2014-12-19,141.02218627929688,141.63343136613946,140.6252760875592,141.1333206484739,11452600
2014-12-22,142.37960815429688,142.37960815429688,141.45083986555466,141.47465350531192,7855600
2014-12-23,142.9116668701172,143.20537691449647,142.63382453268844,142.78465253799243,6224800
2014-12-24,142.9116668701172,143.30857757344202,142.84022585057954,143.03868120224195,1647600
2014-12-26,143.03860473632812,143.45139503868648,143.03860473632812,143.2767534535636,1921200
2014-12-29,142.97512817382812,143.18946327644187,142.73697940567388,142.79255270043467,2530900
2014-12-30,142.4591522216797,142.784609695059,142.2845105955982,142.59410036678813,2953300
2014-12-31,141.20486450195312,142.9830155523705,141.20486450195312,142.744878974365,4514400
2015-01-02,141.25250244140625,142.27652614208523,140.49042899623507,141.81610853540315,4997200
2015-01-05,138.7917022705078,140.67306684023052,138.49005843689997,140.5539863869438,6700200
2015-01-06,137.64065551757812,139.3473662293412,136.79127314372283,138.99809508078624,10131400
2015-01-07,139.38697814941406,139.54573987181277,138.31532743866566,138.79955856526462,5547000
2015-01-08,141.90345764160156,142.06223155422427,140.673044608018,140.71272597342477,7166700
2015-01-09,140.68093872070312,142.14156624735992,140.21258730390753,142.07805912279935,6646600
2015-01-12,139.90296936035156,141.00637968694983,139.28379016198667,140.85555181070194,4305300
2015-01-13,139.69664001464844,142.11779690014274,138.6805499303671,141.0778931508196,9913500
2015-01-14,138.17237854003906,138.69630291736814,136.8705135529638,137.68021376222347,11090600
2015-01-15,137.37869262695312,138.98221481559517,137.1802373302858,138.71231851918762,9293700
2015-01-16,138.775390625,139.01374318200934,136.7494120750927,137.106946972164,8721900
2015-01-20,138.95811462402344,139.52221524021772,137.5597982892424,139.22030120987876,7224100
2015-01-21,139.3156280517578,139.63342331247023,137.97292064749047,138.44167290013053,6259300
2015-01-22,141.35748291015625,141.5322739348629,138.64823415031486,139.76848241144975,9565100
2015-01-23,140.15771484375,141.27796248900876,140.14182145302934,141.19056702470266,4795300
2015-01-26,140.2293701171875,140.39622059427518,139.33953323436864,139.95924279534867,3730400
2015-01-27,137.9172821044922,138.83890521460492,137.1227819315903,137.84577999847755,11565100
2015-01-28,136.4315948486328,138.72770027047332,136.32830592844803,138.68003219134576,9673200
2015-01-29,138.1636199951172,138.29869573662378,135.90724168236454,136.78119700503643,9615200
2015-01-30,136.21705627441406,138.20330676579692,136.07405205812773,137.60743161838207,11138500
2015-02-02,137.6630096435547,137.79012042191255,135.14444625842683,136.61426389112918,9437900
2015-02-03,140.09422302246094,140.14983173295994,138.32249095446994,138.3463249908425,7543400
2015-02-04,140.25314331054688,141.07943044873173,139.65726805869,139.6731614598778,5935900
2015-02-05,141.8580322265625,141.92953434463897,140.69805644427854,140.8490134422928,6037800
2015-02-06,141.49261474609375,142.50163394393948,141.00796887529705,142.07260893651963,7211900
2015-02-09,140.69813537597656,141.37346586497077,140.37238715784434,140.76963753416578,3723100
2015-02-10,141.82627868652344,142.01696316922607,140.73781689016184,141.55615142836464,3572700
2015-02-11,141.9772186279297,142.28707329807227,141.15888418824255,141.49257290046424,5174500
2015-02-12,142.88291931152344,142.954421423106,142.21554202386324,142.43006048172242,3742700
2015-02-13,143.28025817871094,143.43915589946616,142.8194463023375,143.01013084111517,3998200
2015-02-17,143.4628448486328,143.5661215862237,142.77957448739798,143.05764216319585,2850900
2015-02-18,143.38348388671875,143.5503221768051,142.9862336985521,143.15307198863846,2724800
2015-02-19,143.08151245117188,143.35163956118623,142.55713950365546,142.9067214686664,2663500
2015-02-20,144.3085174560547,144.3563156163772,142.2053133084962,142.72314292025064,8914600
2015-02-23,144.13311767578125,144.13311767578125,143.65512435330393,143.96582426757868,2738600
2015-02-24,144.92184448242188,145.0413397916518,144.1092399111001,144.2207729184434,4228700
2015-02-25,144.9617156982422,145.12900917201065,144.64304120217764,144.8422082036471,2822900
2015-02-26,145.00149536132812,145.18473769951666,144.5155275390008,144.92979818004673,3045800
2015-02-27,144.3483428955078,144.94584416882802,144.3164693534618,144.93786970521927,3161300
2015-03-02,145.53529357910156,145.53529357910156,144.49166052172447,144.49166052172447,3213100
2015-03-03,144.89010620117188,145.304377253488,144.3483774187717,145.17690736720652,2825800
2015-03-04,144.02171325683594,144.5236182418758,143.50388365615953,144.5236182418758,3820200
2015-03-05,144.3323516845703,144.55541776997725,143.96589118262605,144.396086588428,2410700
2015-03-06,142.12562561035156,143.90220474372163,141.91053391310464,143.4958961143116,7297400
2015-03-09,143.2409210205078,143.55162108069968,142.2291491706769,142.2291491706769,3844900
2015-03-10,140.76319885253906,142.2131275495579,140.75522439665775,142.10956902874545,6070100
2015-03-11,140.49234008789062,141.24119744183363,140.3967317069877,140.99423242385225,5584600
2015-03-12,142.57968139648438,142.61951723008696,141.16957554904303,141.20144907840097,4024300
2015-03-13,141.4564208984375,142.20529104275727,140.42872414382842,142.1176570438221,6833900
2015-03-16,143.22500610351562,143.32857685810865,142.00610474635084,142.00610474635084,5550100
2015-03-17,142.20529174804688,142.57972682206383,141.69542452158453,142.43632020664347,5392900
2015-03-18,143.98178100585938,144.20484703737418,140.9863141853841,141.73518392954966,11294400
2015-03-19,143.12936401367188,143.71092820205888,142.85052537415302,143.54362258710998,6229200
2015-03-20,144.41502380371094,144.98163205460287,143.78455796271203,144.01599910641397,5999200
2015-03-23,144.3271484375,145.045387576604,144.31916015505362,144.48675578204978,3593900
2015-03-24,143.5132598876953,144.59860782215273,143.46537886043947,144.16765422230927,4692100
2015-03-25,141.1907958984375,143.77647846134542,141.15887930360296,143.6088828510029,8474700
2015-03-26,140.83970642089844,141.4941125496489,140.02570507958,140.57634874790836,6604500
2015-03-27,141.10302734375,141.23071809326342,140.4326691746948,140.71996727246992,3971800
2015-03-30,143.16204833984375,143.4573226529745,142.2762132231869,142.30015372548047,5399300
2015-03-31,141.7176055908203,142.9146796205214,141.59789088149017,142.46777393112902,4633800
2015-04-01,141.04727172851562,141.68570158088272,140.11355528329645,141.68570158088272,7440500
2015-04-02,141.51809692382812,141.98096702192578,140.7998451810144,141.0153219215852,3223600
2015-04-06,142.52371215820312,142.98658250769387,140.52858764002252,140.71214786333218,6284900
2015-04-07,142.387939453125,143.3136794649001,142.387939453125,142.66726154923003,6011600
2015-04-08,142.65130615234375,143.2977241087835,142.02085259084205,142.53160363347172,4738500
2015-04-09,143.17010498046875,143.3536651709906,142.0368759178341,142.5795560220272,4483800
2015-04-10,143.94422912597656,144.00009845341816,142.99454797765162,143.3855967379245,3463600
2015-04-13,143.3616180419922,144.33523944929266,143.24191548259847,143.7845833215426,3358200
2015-04-14,143.7925262451172,144.07982449862186,142.69122642107158,143.31370394078724,4811400
2015-04-15,144.3511505126953,144.75017513292963,144.00798300711597,144.31124561521887,4377800
2015-04-16,144.37510681152344,144.85392910183262,143.99203436655648,144.18357058903996,3873900
2015-04-17,142.09767150878906,143.27157140600738,141.47478734110854,143.15977199604475,8683500
2015-04-20,143.7666778564453,144.22985031085173,143.063931762143,143.1917059947837,5355800
2015-04-21,143.1517333984375,144.44542580360857,142.92015333118363,144.30167678738158,3596600
2015-04-22,143.7905731201172,143.9423034339818,142.58473629633565,143.4631563570637,5575200
2015-04-23,144.03819274902344,144.5972019852189,143.10386649556284,143.29552784956314,4893000
2015-04-24,144.17388916015625,144.39750007403453,143.5749613829809,144.14195170686898,4010000
2015-04-27,143.87841796875,144.97245544496187,143.71072501958727,144.90858054018705,4969100
2015-04-28,144.4134521484375,144.49331405364137,142.8482611622554,144.03014181093397,4534200
2015-04-29,143.7985382080078,144.30962263596453,143.13572349616777,143.58292084747816,6559400
2015-04-30,142.2892303466797,143.75860875437172,141.7062775208992,143.50306044513343,8564600
2015-05-01,143.6627655029297,143.75060870707793,142.92808242515056,143.11176233350548,3895700
2015-05-04,144.09400939941406,144.5811377107218,143.9422791111882,144.014147505017,3256900
2015-05-05,142.95204162597656,144.21378395575147,142.7683738988894,143.92629820738233,5316300
2015-05-06,142.4569854736328,143.9423270333412,141.54661562640626,143.6388663558596,7534200
2015-05-07,143.16769409179688,143.50309218293975,142.05768177162747,142.24134954375452,4142800
2015-05-08,145.2200469970703,145.35580251675725,144.6051443141907,144.6530565934663,5529600
2015-05-11,144.6051025390625,145.33978570788756,144.44539092587706,145.15611796198505,3753600
2015-05-12,144.31764221191406,144.72490872514138,143.15971758059877,143.8225324681612,4742800
2015-05-13,144.3415985107422,144.89261403145528,144.12598109280725,144.42146042411576,3851400
2015-05-14,145.77101135253906,145.8508732534215,145.12417138512316,145.18805846878607,4921400
2015-05-15,146.04556274414062,146.06957188874074,145.57336661743273,145.85348958733977,4522200
2015-05-18,146.2055206298828,146.46963323910433,145.81336341402667,146.00543643006384,2890500
2015-05-19,146.40570068359375,146.68582363160897,145.95751373651214,146.3977017067453,2766600
2015-05-20,146.22958374023438,146.74179894960085,146.10952585874563,146.6457502019751,5080800
2015-05-21,146.29367065429688,146.49375500796455,145.94953142783478,146.15761475926445,2724200
2015-05-22,145.8695068359375,146.25367762471083,145.69343161079496,146.06959120885574,2357000
2015-05-26,144.3568115234375,145.60533555536767,143.89261449912414,145.60533555536767,5529700
2015-05-27,145.27728271484375,145.49336507131085,144.42091563194,144.67702952251466,3588200
2015-05-28,145.09310913085938,145.12512945404046,144.58089386953836,144.94905431306992,3660900
2015-05-29,144.14883422851562,145.0132004734972,143.79668366068776,144.9971902989091,4923700
2015-06-01,144.38082885742188,144.98108176932166,143.90863283098315,144.8610360718124,4349000
2015-06-02,144.18067932128906,144.82896243106433,143.4763911942504,144.1246620918544,5106200
2015-06-03,144.76495361328125,145.45324388917768,144.1566897062915,144.74094448139195,5481500
2015-06-04,143.42840576171875,144.7969752560529,143.084254485508,144.2047214523415,7312500
2015-06-05,142.86021423339844,143.62854344801227,142.66012989973822,143.32441135295159,5228700
2015-06-08,142.30792236328125,142.9401954425271,142.20387464366956,142.86815583008706,4380500
2015-06-09,142.22799682617188,142.6681727257696,141.81981684425662,142.3160344485279,4722400
2015-06-10,144.10873413085938,144.49289262037266,142.76417331147377,142.76417331147377,5480900
2015-06-11,144.5728759765625,145.06908101136145,144.37279172547602,144.6128952692145,3714800
2015-06-12,143.3644256591797,144.10873349257616,143.0362844325051,143.94866847366941,4566800
2015-06-15,142.54002380371094,142.75610599976187,141.74768578167073,142.37194766127573,5502700
2015-06-16,143.42840576171875,143.54845143238876,142.36395603713996,142.51602202810463,3276900
2015-06-17,143.64459228515625,144.1728180440555,142.8522658589903,143.78865940675738,3650900
2015-06-18,145.1251678466797,145.61337410085667,144.1727644809755,144.22879395527733,6542800
2015-06-19,144.25048828125,145.03690944067793,144.22641541357282,144.95665838535936,3964000
2015-06-22,145.18136596679688,145.64679521147954,144.98075054639537,145.26963724155726,4048300
2015-06-23,145.3417205810547,145.70283779735144,145.04481395346878,145.3417205810547,3116800
2015-06-24,143.9696044921875,145.22144233252612,143.9535518355041,144.89243021575808,4328900
2015-06-25,143.3597869873047,144.53940674140995,143.31164124135665,144.4832407860021,3602700
2015-06-26,143.74493408203125,144.30665468963423,143.38381660716635,143.80913247212743,4855500
2015-06-29,140.9442901611328,143.00662140276154,140.90416465065465,142.51711956193583,8888700
2015-06-30,141.08872985839844,142.04364837249923,140.791810896925,142.03562816878917,9149800
2015-07-01,142.3567352294922,142.69378000052922,141.69872284299362,142.4931645268436,4135100
2015-07-02,142.0758056640625,142.8782671337894,141.75481372941758,142.66961931512262,4008600
2015-07-06,141.77882385253906,142.1479613528787,140.70352889765712,140.90414417631055,3748700
2015-07-07,142.54122924804688,142.62146804514805,139.98137529993545,141.93938316913378,7783800
2015-07-08,140.43080139160156,141.58634823075894,140.25425883314173,141.3215343930692,6849400
2015-07-09,140.63941955566406,142.4128651290649,140.5993062702119,142.15607153245244,4581400
2015-07-10,142.36465454101562,142.67761394145762,141.73070329102603,142.2121849430539,4504400
2015-07-13,144.12208557128906,144.20232437190316,143.48011394342467,143.5041868080679,3873800
2015-07-14,144.7078857421875,144.87639580251985,143.88937157251482,144.0017156942667,2757100
2015-07-15,144.71588134765625,145.0208205882537,144.36279638372,144.69984093626923,3407900
2015-07-16,145.3016815185547,145.44611868315485,144.84427267481075,145.40599316701423,2495100
2015-07-17,145.0142059326172,145.07846538999493,144.58849775169804,144.9740544959646,2762300
2015-07-20,145.13461303710938,145.4639379695352,144.86954752488109,145.34344696057806,2961600
2015-07-21,143.7530975341797,144.3474881086283,143.3193494171882,144.33142018601242,5026700
2015-07-22,143.21493530273438,143.7129305863926,142.8454466283781,143.31934615677758,3811500
2015-07-23,142.29933166503906,143.2391033632141,142.03426596715792,143.2391033632141,4968600
2015-07-24,140.98199462890625,142.37156984786156,140.81331205890984,142.3555019230439,4591300
2015-07-27,139.9458465576172,140.38762262703688,139.5843978667237,140.13862491233772,5370200
2015-07-28,141.45596313476562,141.59250992163726,140.00212776462706,140.45193182873166,5625900
2015-07-29,142.3795623779297,142.62053216550166,141.50405066410963,141.63256951831235,4175900
2015-07-30,142.34742736816406,142.48397404370846,141.47191572460966,142.20284060473193,3659000
2015-07-31,141.91368103027344,142.75706910105185,141.76107868959272,142.70887759807567,4483800
2015-08-03,141.1667938232422,142.06640190171186,140.355540985068,142.0262504566837,4530500
2015-08-04,140.82125854492188,141.4718681208646,140.42767431403783,141.19876260544126,4055700
2015-08-05,140.85348510742188,141.78522870902307,140.58841948336791,141.23902953502926,4565500
2015-08-06,139.93777465820312,141.08637982078062,139.47993080599812,140.9498331252721,5374100
2015-08-07,139.63259887695312,139.85750084462003,138.79725046222438,139.67276256894465,6158400
2015-08-10,141.52017211914062,141.62459525971056,140.40369019540623,140.40369019540623,4504000
2015-08-11,139.849365234375,140.4758791266607,139.42365739105853,140.2349094166519,6761100
2015-08-12,139.92974853515625,140.08235089818922,137.672677346572,138.8212947794176,8825600
2015-08-13,140.01004028320312,140.54017131764326,139.3995941641769,139.75301485380368,6562700
2015-08-14,140.4839630126953,140.62854979888544,139.80925736043056,139.8976125474819,3512200
2015-08-17,141.12652587890625,141.15062163062117,139.45581764135866,139.95382510800775,4055400
2015-08-18,140.82933044433594,141.31125771321828,140.62852435157717,140.78916677453793,4050400
2015-08-19,139.55221557617188,140.95785831553457,139.05420809998844,140.02611504394704,10988700
2015-08-20,136.7248992919922,138.59641417518185,136.7248992919922,138.35544433177495,12317200
2015-08-21,132.48622131347656,135.9190451225848,132.48622131347656,135.2099123504644,18858700
2015-08-24,127.62710571289062,131.71264930014388,121.33358788678889,125.62864243114352,35102400
2015-08-25,126.1041488647461,131.89804740257944,125.94297327368677,131.61601471016812,19357000
2015-08-26,131.07595825195312,131.26934906243878,127.0548729391944,129.2467256283825,19884300
2015-08-27,134.13006591796875,134.16230592317177,131.382189532477,132.84880237023248,15223700
2015-08-28,134.033447265625,134.26713210537957,133.15509720811232,133.54189142038067,8115700
2015-08-31,133.10671997070312,133.91254831476877,132.41371939893278,133.24372160964325,6363700
2015-09-01,129.3031463623047,131.0437252291213,128.72294930804662,130.06061423695945,14266900
2015-09-02,131.72073364257812,131.7368413596802,129.97207495558953,131.29363322002797,8260600
2015-09-03,131.88987731933594,133.35649029298384,131.4547355764503,132.42172679083203,8023700
2015-09-04,129.71409606933594,130.50380383466825,129.12584524487096,130.07671610370596,8651100
2015-09-08,132.8891143798828,132.9858098167808,131.575610647534,132.00269855511473,6821700
2015-09-09,130.96316528320312,134.3395864488768,130.72946828588783,134.1945310202054,7865700
2015-09-10,131.664306640625,132.55877668945632,130.66507496122054,130.97934755697392,8327000
2015-09-11,132.47010803222656,132.51040190468166,130.9551469588526,131.26941949046065,6202300
2015-09-14,131.97052001953125,132.62323905374663,131.648181283152,132.52654358081563,4595600
2015-09-15,133.85604858398438,134.19449476483416,132.13157768387035,132.44585001579912,6516100
2015-09-16,134.98426818847656,135.0970836369766,133.76747211565745,134.13815847270712,5511700
2015-09-17,134.4201202392578,136.53945108124353,134.15419561568143,134.91167564114957,14270000
2015-09-18,132.04486083984375,133.41747845338816,131.77034224521304,132.4162777715524,10400500
2015-09-21,133.14285278320312,133.67575013719434,132.14973485635525,132.9571506096074,7762600
2015-09-22,131.60874938964844,131.89941951300966,130.78518198676082,131.3019275038269,8979600
2015-09-23,131.27774047851562,131.91560590118613,130.70448212264475,131.81870762117484,4554900
2015-09-24,130.6964111328125,130.9951634011809,129.13002227552533,130.09084919232657,8451800
2015-09-25,131.51197814941406,132.76346362737328,130.84989083315565,132.28709094091167,10474600
2015-09-28,129.01698303222656,130.8498206003385,128.84743259017722,130.83366883246123,10013100
2015-09-29,129.3722381591797,129.96166060004808,128.52444905288235,129.1703841967369,9906200
2015-09-30,131.30198669433594,131.4069547173699,130.03434997391474,130.83368393335655,7621400
2015-10-01,131.19696044921875,131.8428830492915,129.59826874954226,131.61680767522924,6862800
2015-10-02,132.88455200195312,132.88455200195312,129.1300594966134,129.46918512280328,11877500
2015-10-05,135.3067626953125,135.4682434168778,133.6192663626049,133.82112034460886,6342100
2015-10-06,135.39561462402344,135.9930946833012,135.0403495508353,135.43598789510256,6661000
2015-10-07,136.4129180908203,136.8408475455371,135.2179459712446,136.1303299091298,8832800
2015-10-08,137.55938720703125,137.7935446224659,135.99299902443826,136.18678319719274,8160300
2015-10-09,137.87429809570312,138.04386081063203,137.34141310632438,137.76126039247907,5006100
2015-10-12,138.20535278320312,138.2537957570904,137.64016422087406,137.85008788111438,2835800
2015-10-13,137.7774200439453,138.53639280341088,137.37371217786247,137.46252840120815,5909300
2015-10-14,136.5098114013672,138.02774490757344,136.22721090979317,137.66441021854175,5424000
2015-10-15,138.32643127441406,138.32643127441406,136.60663229332403,136.77618265135143,9637200
2015-10-16,138.84347534179688,138.90810026582403,137.98721666883884,138.48804442261945,8353700
2015-10-19,139.03732299804688,139.04540881640511,138.16490510539822,138.3587798568566,4859800
2015-10-20,138.9484405517578,139.25540577212325,138.3264489459884,138.6091690415362,4140900
2015-10-21,138.52029418945312,139.7077504912027,138.39913021006598,139.2957806353475,5801400
2015-10-22,141.2022705078125,141.2911282633486,139.32011065032745,139.3928090886895,8553100
2015-10-23,142.470458984375,142.68856656327293,141.66266591906526,142.17157949451246,7642900
2015-10-26,142.18765258789062,142.54308329325326,142.06647630600617,142.36536794057196,3795900
2015-10-27,141.9049835205078,142.32503929829178,141.55763847464522,141.63033688062455,4696100
2015-10-28,143.52859497070312,143.52859497070312,141.6545223951717,142.17958269766828,7348500
2015-10-29,143.2863006591797,143.55287378061928,142.72083579955225,143.00356822936595,4726900
2015-10-30,142.5673828125,143.64982241205456,142.5350641918296,143.49633977872594,6527500
2015-11-02,143.88404846191406,144.021371757723,142.7612169717682,142.8743074698426,4178300
2015-11-03,144.6514892578125,145.07961853460037,143.6255887615745,143.72251997112883,4284900
2015-11-04,144.31216430664062,145.07149143458594,143.94058655845805,145.05534445488317,6870400
2015-11-05,144.3040771484375,144.79683115334973,143.56898288561248,144.39293483214092,5008100
2015-11-06,144.70802307128906,144.73225587279288,143.55288511313472,144.18296260411742,7642800
2015-11-09,143.31858825683594,144.27179011153015,142.76120928706533,144.19100590613704,7962300
2015-11-10,143.60940551757812,143.67403042182477,142.76122059750858,142.96316880105178,4837700
2015-11-11,143.14901733398438,143.98104322149322,143.0682330954917,143.92449178935948,2860300
2015-11-12,141.09716796875,142.45426629254814,141.03254306514626,142.24423227435102,6164400
2015-11-13,139.43310546875,141.00022535789742,139.38463987645704,140.61248829361466,8011100
2015-11-16,141.3799285888672,141.41223488414468,139.06155439106288,139.3442868599964,5012900
2015-11-17,141.4930419921875,142.3735335107079,141.16991735744756,141.84847292742916,6612200
2015-11-18,143.56903076171875,143.65788847505365,141.9049793355757,141.91305282735462,6254400
2015-11-19,143.5124969482422,143.82753570239635,143.10051465946526,143.12474746163542,5457300
2015-11-20,144.30101013183594,145.03848317163445,143.97685240915445,144.390155360447,7730000
2015-11-23,144.041748046875,144.64144132696265,143.68516697988787,144.15520453493184,2597000
2015-11-24,144.23619079589844,144.58467213078612,143.12593749858627,143.1745599253553,4369900
2015-11-25,144.1957244873047,144.51989473583222,144.0822679917777,144.26055853701018,2227400
2015-11-27,144.17124938964844,144.39816212277813,143.7336355088459,144.0902161939973,2878200
2015-11-30,143.62840270996094,144.51985519220352,143.54736944437437,144.3577762952032,3578500
2015-12-01,144.9088134765625,144.98174710845686,143.9606391644631,144.18755204090616,6058300
2015-12-02,143.67694091796875,145.09515207555307,143.5067625039178,144.77099447157607,7427100
2015-12-03,141.68344116210938,144.12276150267468,141.22150328910655,143.976894194881,7005500
2015-12-04,144.59275817871094,144.80345946354743,141.93462526094092,142.0237704902611,6251600
2015-12-07,143.71749877929688,144.317204095394,142.97192621556212,144.2685816795148,5647000
2015-12-08,142.44520568847656,143.32854612641523,141.75635496703003,142.3722596789657,6890200
2015-12-09,141.81304931640625,144.05786659894014,141.07557637417088,142.17772979763404,9545800
2015-12-10,142.53428649902344,143.5472945339191,141.69956886753508,141.96699210682527,5613800
2015-12-11,139.9815673828125,141.31874606320508,139.7546544611386,140.72714017771617,8895600
2015-12-14,140.92974853515625,140.9702713514734,139.00098860989968,140.17607608813245,12321600
2015-12-15,142.1940155029297,142.99631050662262,141.74828918652844,141.74828918652844,8039800
2015-12-16,143.96063232421875,144.25237920375818,141.79684812006124,142.98003486732065,11286600
2015-12-17,141.90220642089844,144.40635994971075,141.8940944404391,144.3739367595211,8504100
2015-12-18,138.90318298339844,141.26697696679224,138.81382956288414,141.21011006523588,10946100
2015-12-21,139.9186553955078,140.1704663770714,138.83017652274984,139.94302340051638,6466700
2015-12-22,141.34825134277344,141.5675757090295,139.86174156207522,140.6090681141545,6003700
2015-12-23,142.81039428710938,142.8185252159273,141.95747720670144,142.33114048577747,6456600
2015-12-24,142.33111572265625,142.8185003680097,142.29861680245594,142.68852947662126,1765100
2015-12-28,142.1361541748047,142.2580065290291,141.437576152585,141.73813537724044,2932200
2015-12-29,143.76075744628906,143.9800817747995,142.96470743224094,143.11904631546287,6145700
2015-12-30,142.80221557617188,143.54952942469743,142.65599526086072,143.42768949085757,2910000
2015-12-31,141.3319091796875,142.68031611600787,141.31565972897545,142.22543065366372,5773400
2016-01-04,139.1387939453125,139.1631743366044,137.56294312250455,138.94384997264382,14350800
2016-01-05,139.22000122070312,139.50431098400455,138.22899490738024,139.46369353286065,9413000
2016-01-06,137.22988891601562,138.06655646676677,136.47444388400575,137.21363945438435,8713600
2016-01-07,133.99696350097656,136.4176131280631,133.60705072213773,134.80926319815953,15400600
2016-01-08,132.5998077392578,135.1585468411819,132.40485134879594,134.8092639189863,12512400
2016-01-11,133.0790557861328,133.62329507506126,131.71438590181953,133.34711616331415,12353700
2016-01-12,133.98883056640625,134.66304079234453,132.44546612273712,134.18378695290838,10250300
2016-01-13,131.06460571289062,134.71182466214523,130.83716271183434,134.4681321910952,16369400
2016-01-14,132.8841094970703,133.7776441555411,130.46345977872699,131.60880536966403,14749500
2016-01-15,129.7761993408203,130.50766084445704,128.59774805305796,129.4348555996135,19969100
2016-01-19,130.0526123046875,131.35296840682818,129.0692069188415,131.2148062685451,10233800
2016-01-20,128.09381103515625,129.12597705673144,125.46870818149522,127.8012290290885,16436000
2016-01-21,128.89849853515625,130.27199665621455,127.50060719659876,128.2564373034315,16782400
2016-01-22,130.6782684326172,131.0440052224915,129.72738006162868,130.77580403048648,7390600
2016-01-25,128.97975158691406,130.62146333408876,128.95537077295043,130.36951998897948,5782500
2016-01-26,131.287841796875,131.43413902491926,129.6217622857035,129.62988508678592,5945200
2016-01-27,129.46739196777344,131.84867572766657,128.90660844719034,130.4995585578144,10121900
2016-01-28,130.4508819580078,130.76784517577525,128.79292337304813,130.58904413998468,8613400
2016-01-29,133.58790588378906,133.63666750968656,131.1172217622392,131.34478428391247,6182800
2016-02-01,133.5635528564453,134.07557483734118,132.3282167392936,132.791464682918,6977300
2016-02-02,131.1822052001953,132.23061707138638,130.80022270109515,132.23061707138638,7901000
2016-02-03,132.63702392578125,133.0840261886452,129.613678949428,132.00309795343892,14249300
2016-02-04,133.4009552001953,133.93735777902077,132.13310357840774,132.32816244376923,11715800
2016-02-05,131.61294555664062,133.295283144036,131.0277814215752,133.18150191784125,8292500
2016-02-08,130.32073974609375,130.69458710762092,128.4514657347797,130.12568086101908,13377600
2016-02-09,130.2313690185547,131.22289687508146,128.8253424868328,128.84972330287616,11449200
2016-02-10,129.54051208496094,131.90554982887375,129.41047283278397,130.83274460025223,8205700
2016-02-11,127.43558502197266,128.42711286803083,126.18397860589258,127.43558502197266,14806700
2016-02-12,130.02005004882812,130.02005004882812,128.1345300306017,128.5408934932882,7073000
2016-02-16,131.82432556152344,131.89746802002313,130.54021532919575,131.466723673884,5451200
2016-02-17,134.04298400878906,134.31118525857562,132.742628968845,132.82389418315356,5584200
2016-02-18,133.70973205566406,134.46556154911892,133.52279608099158,134.36803836318123,5187600
2016-02-19,133.5409393310547,133.63067412095808,132.6354382502498,133.1167373744563,4660600
2016-02-22,135.36822509765625,135.7924269439295,134.70745656549363,134.88692609862454,3450700
2016-02-23,133.90792846679688,135.2213116808006,133.65504310313835,135.09895181051297,6052800
2016-02-24,134.33226013183594,134.51988293043033,131.72180997544908,132.64363004927014,8003800
2016-02-25,136.10247802734375,136.10247802734375,134.11200580271245,134.62594267397952,5266900
2016-02-26,135.64566040039062,137.0079890397762,135.5151347654818,136.91825422172755,3798000
2016-02-29,134.5688018798828,136.40427588513626,134.5688018798828,135.54771885983038,3485000
2016-03-01,137.47293090820312,137.53002807252187,135.18062975444684,135.4253496695343,3914300
2016-03-02,137.77476501464844,137.80739018854283,136.68164119890704,137.06505234209484,3106200
2016-03-03,138.15000915527344,138.1826343259039,137.14660778002667,137.64422565346968,2968200
2016-03-04,138.6965789794922,139.1289340889179,137.79923114053034,138.29684904257192,3524900
2016-03-07,139.18609619140625,139.438981851026,138.1092907298623,138.16638792028738,3236000
2016-03-08,138.37026977539062,139.30024281884258,138.04396824869377,138.51711417572795,2832700
2016-03-09,138.6965789794922,139.16155926142338,138.30500222379706,139.0147273137414,3584000
2016-03-10,138.72930908203125,139.82243367803724,137.2935639013494,139.22692736045403,4862300
2016-03-11,140.4994659423828,140.58920075856537,139.8386970448611,139.87948786087307,3674200
2016-03-14,140.64630126953125,141.03786569311222,140.0671015939854,140.0671015939854,2658400
2016-03-15,140.83392333984375,140.85839533821448,139.75711806870638,139.99368486882622,2431600
2016-03-16,141.5110321044922,141.8944433996097,140.45053304241412,140.4831706768469,3556200
2016-03-17,142.71018981933594,143.09360106025167,141.19286367058243,141.50285891581862,4070500
2016-03-18,143.62997436523438,143.8425249021632,143.0985793113796,143.28661774049314,5112000
2016-03-21,143.89144897460938,144.05496267940197,143.2701393091681,143.57261720921468,2884900
2016-03-22,143.637939453125,144.09574763077046,143.18830196638848,143.31093717604602,3980100
2016-03-23,142.91053771972656,143.51550645389852,142.7388656633174,143.24572360518755,5039200
2016-03-24,143.01670837402344,143.01670837402344,142.00298080158083,142.12561607832583,5104900
2016-03-28,143.16384887695312,143.5480836051902,142.78779731804676,143.17203204628382,3098800
2016-03-29,143.9405517578125,144.03046685709475,142.2973308646033,142.6488704612838,5584100
2016-03-30,144.61087036132812,145.23218003108101,144.30020928927948,144.79072545837266,3858000
2016-03-31,144.40655517578125,144.94612070781216,144.23487069764417,144.64363019627064,3155400
2016-04-01,145.28952026367188,145.39580175661595,143.4010528160403,143.6463110827978,4035200
2016-04-04,144.7988739013672,145.42019594998024,144.60267744335673,145.21581632332436,2318900
2016-04-05,143.73611450195312,144.6680851308731,143.5317348686431,143.94866482983213,5439600
2016-04-06,144.73353576660156,144.77441420511533,143.2620117748895,143.76886948428594,4086700
2016-04-07,143.30288696289062,144.07135674876025,142.8041999193592,143.70347572715318,5251900
2016-04-08,143.60537719726562,144.54551897021503,143.15573929415334,144.08771036862754,2565300
2016-04-11,143.42547607421875,144.83977986683027,143.40095151230344,143.9813827767593,3237700
2016-04-12,144.77442932128906,144.929759919251,143.36012501634767,143.66260303910553,3588400
2016-04-13,146.2703399658203,146.35209676723764,145.452821848993,145.51822479525958,5400200
2016-04-14,146.42575073242188,146.74458247392073,146.13144354993497,146.3603477502755,3689700
2016-04-15,146.18045043945312,146.55678797803975,145.95956887884174,146.4340759999223,3799900
2016-04-18,147.08030700683594,147.12121514040894,145.70588359933285,145.7304259827947,2573700
2016-04-19,147.5220184326172,147.89016647718688,146.9247874554274,147.37475172474737,2992100
2016-04-20,147.87387084960938,148.42200486180352,147.26028632326245,147.26028632326245,2628900
2016-04-21,147.01478576660156,147.9801648241967,146.78571530888144,147.7838133675493,2760300
2016-04-22,147.17845153808594,147.3257182972492,146.3357965599526,146.94120437712147,2410500
2016-04-25,146.8839111328125,146.9248192540413,145.89400200946798,146.63029825796235,2485500
2016-04-26,146.96578979492188,147.47301576005236,146.5321909892307,147.12940986592417,2241000
2016-04-27,147.46478271484375,147.79202273166666,146.43396542678573,146.54031156637961,3569300
2016-04-28,145.78761291503906,147.38292944222403,145.41128823857662,146.49119000951592,3550700
2016-04-29,145.28854370117188,145.58306459473616,144.22499533644523,145.1331003846516,5496000
2016-05-02,146.1967010498047,146.3685101672642,145.22314517881497,145.6894752952007,2463100
2016-05-03,145.05142211914062,145.48502096479874,144.38056353776022,145.1986764515925,4643200
2016-05-04,144.24960327148438,144.97772290360635,143.90598503303926,144.29868802457477,3446000
2016-05-05,144.34776306152344,144.9858897755582,143.98779158521555,144.6668264185408,1778800
2016-05-06,145.0840606689453,145.13314541920334,143.72599098924786,143.73418010322783,2940800
2016-05-09,144.78956604003906,145.42769287636253,144.49504500147378,145.01045993981495,1921700
2016-05-10,146.6057586669922,146.66303253448172,145.32950515420697,145.3949556527352,2867200
2016-05-11,145.05142211914062,146.39312679848902,145.0186906118764,146.19677520514082,2697200
2016-05-12,145.14956665039062,145.72224309466156,144.31508812679,145.4686301324423,2534900
2016-05-13,143.56243896484375,145.23139616423208,143.3824531397448,144.72415771012982,3336800
2016-05-16,145.01852416992188,145.37849543620462,143.64410204418567,143.73409486075636,2393500
2016-05-17,143.62782287597656,145.00225831350366,143.1042313958247,144.73227970107143,3349500
2016-05-18,143.68511962890625,144.58503599695908,142.78519077744588,143.23515520317608,4097800
2016-05-19,142.90797424316406,143.33339650267328,142.08168459912596,143.12886825067648,5090900
2016-05-20,143.47598266601562,144.11635285859728,143.2707354882063,143.44314862957532,2749700
2016-05-23,143.49240112304688,143.9439474045032,143.3446291730938,143.5416584396979,1736000
2016-05-24,145.20010375976562,145.5038656574295,144.20670163493693,144.29701091901225,2797000
2016-05-25,146.36593627929688,146.74359677868517,145.68451382053726,145.7255657811468,2711900
2016-05-26,146.20176696777344,146.70257091076434,145.9883142728583,146.5383755664218,2263200
2016-05-27,146.54647827148438,146.62036424557513,146.18524125064997,146.31660244500665,1628300
2016-05-31,145.84866333007812,146.94057999740386,145.42175815025269,146.94057999740386,2395400
2016-06-01,145.9143524169922,146.11959964020244,144.94559153654203,145.29861074736144,2481200
2016-06-02,146.36593627929688,146.39056495020267,145.29864793994687,145.5613704660082,1965900
2016-06-03,146.18524169921875,146.37406558712777,145.1836345119383,146.02925184635313,4367200
2016-06-06,147.1048126220703,147.3347010822106,146.47266007040562,146.53834069797446,2720300
2016-06-07,147.26893615722656,147.76973969439015,147.23608959859428,147.3346167471995,1572300
2016-06-08,147.8273162841797,147.9258309814003,147.4003983840548,147.50713099091132,1713500
2016-06-09,147.67953491210938,147.81088365767488,147.07199842057952,147.26082242076157,2141800
2016-06-10,146.71900939941406,147.1541327442743,146.2264107880651,146.71079148859963,4126600
2016-06-13,145.61061096191406,146.9570324339601,145.61061096191406,146.13604342594917,5111300
2016-06-14,145.15911865234375,145.65992263514275,144.4941193121506,145.31510862642418,3643400
2016-06-15,144.96197509765625,146.00462168619126,144.80598524639544,145.52024137870242,2470100
2016-06-16,145.692626953125,145.86502752548253,143.5087945031324,144.27230780672537,5573700
2016-06-17,145.21145629882812,145.72970753689398,144.59448037775337,145.72970753689398,2748000
2016-06-20,146.2644500732422,147.4408116522182,146.23153765636485,146.75802335471937,2958400
2016-06-21,146.47833251953125,146.86497183231728,146.2068615625277,146.52768859309384,1854700
2016-06-22,146.0752716064453,147.2104991270211,145.9600906808623,146.61820105002016,2966200
2016-06-23,147.91786193847656,147.93431813808854,146.98005939903203,147.2679864064309,2949100
2016-06-24,142.82586669921875,145.34312747387006,142.5626300596196,143.59092368014137,11377900
2016-06-27,140.8350830078125,141.8880546056255,140.1522945799099,141.8880546056255,7683900
2016-06-28,142.99038696289062,143.02328683183023,141.65771005123506,142.1924302026881,5642800
2016-06-29,145.3101806640625,145.45826142484012,143.96106037181724,144.0926849253066,5578200
2016-06-30,147.25161743164062,147.3174297166702,145.49117960243137,145.6474822103254,5069000
2016-07-01,147.50657653808594,147.9096719246545,147.07058129762032,147.07058129762032,3998200
2016-07-05,146.60169982910156,146.98832649604873,146.1492483434319,146.90607057745828,3233100
2016-07-06,147.23512268066406,147.33384735857032,145.5734099901893,146.10811740652116,5395400
2016-07-07,147.07882690429688,147.84388356946147,146.46185098662522,147.37497584687557,2343300
2016-07-08,149.1436767578125,149.35755726544423,148.05779290581376,148.08247094314012,5177300
2016-07-11,149.8182373046875,150.3118231777978,149.53854450104973,149.6043567876251,2358700
2016-07-12,150.86300659179688,151.0522090950702,150.36119882470626,150.55040132797959,3128000
2016-07-13,151.03573608398438,151.2002605136583,150.58328448807407,151.10153581392646,2390500
2016-07-14,152.1544952392578,152.40950994698434,151.83366825979422,152.23675116462363,3354700
2016-07-15,152.1997833251953,152.71018531571033,151.84578552802301,152.58670501528795,3837200
2016-07-18,152.3644561767578,152.61142938499333,152.0598630048289,152.15864726349145,2134900
2016-07-19,152.6443328857422,152.6443328857422,152.1503990968561,152.3068032983113,2046300
2016-07-20,152.9407196044922,153.18769281431491,152.61965820019645,153.03950386378958,2159500
2016-07-21,152.281982421875,152.89940857310398,151.91975706996993,152.74299193827522,2837700
2016-07-22,152.71841430664062,152.7678189887611,152.10098767669288,152.29856872044385,3078300
2016-07-25,152.1421356201172,152.54552549718233,151.77991002627513,152.5208294395636,2316600
2016-07-26,151.9692840576172,152.31504147327152,151.22836454272016,151.9775118907599,4744400
2016-07-27,151.95278930664062,152.52905156547888,151.56586766965452,152.41379911371124,4146700
2016-07-28,151.7881317138672,152.0186365976188,151.08014883903746,151.705803157567,2906300
2016-07-29,151.58238220214844,151.88697536881966,151.09666362842373,151.35187722819524,4207300
2016-08-01,151.3682098388672,151.90332010604214,150.96483274317194,151.76337166860003,3295900
2016-08-02,150.62741088867188,151.37655826041728,150.08407240620303,151.22836932811774,5139500
2016-08-03,150.9484100341797,151.0060299674064,150.4133121672532,150.52856459527916,3008200
2016-08-04,151.02252197265625,151.38474753537483,150.77554885611409,151.06368625234236,2368900
2016-08-05,152.51266479492188,152.52913302870556,151.0061417240522,151.80468148120576,4187700
2016-08-08,152.5290069580078,152.87476421219324,152.31497034205628,152.71011969518656,2076700
2016-08-09,152.586669921875,153.00651540832772,152.34792464719825,152.61136597627964,1903800
2016-08-10,152.39732360839844,152.9406619528789,152.1668187158748,152.62782850092205,1618300
2016-08-11,153.3687286376953,153.59923350134224,152.79246647857798,152.8747824661245,2188700
2016-08-12,153.03948974609375,153.32762722456982,152.72666876664962,153.23707080804118,2514300
2016-08-15,153.5498809814453,153.84624624847578,153.3934642347381,153.4510841847177,1561500
2016-08-16,152.92420959472656,153.42638371159154,152.8912857044821,153.26173913721755,1614100
2016-08-17,153.2040557861328,153.3110678063228,152.37258030304616,152.93238669813553,2952000
2016-08-18,153.4016876220703,153.4593201319561,152.8912856731428,153.09709453146206,2571800
2016-08-19,153.10101318359375,153.3736296122261,152.60532173780254,153.08448677381216,2368500
2016-08-22,152.9357452392578,153.25794083601645,152.39049987963492,152.7953022976917,3152400
2016-08-23,153.0845184326172,153.77021961185412,153.04320870259863,153.4149710608462,1647900
2016-08-24,152.55569458007812,153.00180661950657,152.25001284722043,152.8861470088435,1882900
2016-08-25,152.316162109375,152.66314106951467,152.09311231025742,152.24181217633583,2034900
2016-08-26,151.8617706298828,153.28272647379217,151.29998624912128,152.5226756341365,3403500
2016-08-29,152.69618225097656,152.8696654148466,151.87003833095133,151.87003833095133,2229800
2016-08-30,152.4317626953125,152.9604941353019,152.02696036832253,152.77874152099756,1866700
2016-08-31,151.96087646484375,152.3078553113124,151.40736169029,152.21697899871685,1876400
2016-09-01,152.09312438964844,152.2418242675367,151.1017414465622,151.78744251961515,3003500
2016-09-02,152.720947265625,153.18358578846662,152.2748351488718,152.7870402840244,2652800
2016-09-06,153.10101318359375,153.2414561518446,152.38225932660077,152.9275173957797,2152300
2016-09-07,153.10101318359375,153.16709361080595,152.65488836119025,153.1423102991121,1803600
2016-09-08,152.68788146972656,152.92745759106276,152.40698303711753,152.5722092524479,2229900
2016-09-09,149.45767211914062,151.80391739522162,149.45767211914062,151.65521756781456,8242600
2016-09-12,151.43212890625,151.71301471317804,148.64801631937686,148.7802023247376,7056100
2016-09-13,149.36680603027344,150.6225481735126,149.01982713660624,150.407742711275,7477500
2016-09-14,149.06114196777344,150.1434010958464,148.71416303284735,149.39986400161408,2990400
2016-09-15,150.57293701171875,150.870349229761,148.8958664117991,149.01152601848486,3932400
2016-09-16,149.79820251464844,150.2369098359619,149.35949519333496,150.2369098359619,2844300
2016-09-19,149.80654907226562,150.9157463192233,149.54994798059764,150.55153342892314,2260400
2016-09-20,149.8644256591797,150.68389163753923,149.84786709109045,150.49351231121656,1997800
2016-09-21,151.19715881347656,151.34614808666032,149.78998316794625,150.3694069478127,4496500
2016-09-22,152.0248565673828,152.5214999317111,151.74342406454812,152.0248565673828,2323500
2016-09-23,150.99839782714844,151.9089293527387,150.8907861112651,151.81787620017968,1741500
2016-09-26,149.61607360839844,150.27827729016187,149.47535737847747,150.24516015930712,2639800
2016-09-27,150.6508026123047,150.76668733986386,149.19396423291963,149.4753967669222,3717300
2016-09-28,151.56137084960938,151.66897000283976,150.25352139315353,150.94882992529733,6413000
2016-09-29,150.00511169433594,151.82616227222638,149.53328732748864,151.3295190039749,3376400
2016-09-30,151.2964324951172,151.84275156819822,150.62595573746623,150.75839902133194,4583000
2016-10-03,150.9156951904297,151.1226331143105,150.46870220177357,150.90740958996182,1987600
2016-10-04,150.22036743164062,151.42060481023697,149.77338709351412,151.16400381700805,2811200
2016-10-05,151.19715881347656,151.4951499903352,150.74189276126322,150.78328288064463,1818200
2016-10-06,151.08123779296875,151.2633441701425,150.2120960165465,150.9322359250593,2368100
2016-10-07,150.8328399658203,151.47021199097153,150.0878688624878,151.31293722615013,2527700
2016-10-10,151.5778350830078,152.18210270994618,150.83286386165253,150.83286386165253,1879100
2016-10-11,149.9885711669922,151.3874732405262,149.36775753415654,151.3626417056516,3949800
2016-10-12,150.12921142578125,150.48515096298064,149.54151522387613,149.82294756367517,1920200
2016-10-13,149.6906280517578,150.005177768208,148.52349501697236,149.10293136422058,3460100
2016-10-14,150.06298828125,151.03146816319193,149.99677930943096,150.65069710759707,2698100
2016-10-17,149.59127807617188,150.2451963173514,149.367781595812,149.96376378977985,1801800
2016-10-18,150.12921142578125,150.73347881653012,149.92227365290324,150.60103561057315,1720700
2016-10-19,150.6508026123047,150.99018382533086,150.2948754599758,150.52664491509415,1503700
2016-10-20,150.27003479003906,151.02329185196209,150.00516081965796,150.4190366606502,2359600
2016-10-21,150.15399169921875,150.34455993854735,149.3336999234688,149.64028051362862,5607600
2016-10-24,150.76715087890625,151.21457474261277,150.5102826249594,151.09857502661325,1905700
2016-10-25,150.36947631835938,150.94119390826066,150.17890800273392,150.65120084413934,3351100
2016-10-26,150.60977172851562,150.89976479663665,149.43319916399506,149.64034248823515,5375400
2016-10-27,150.41090393066406,151.09034007727837,150.16232942231676,151.04890888538304,2027100
2016-10-28,150.2700653076172,151.06550129737832,149.6983476654492,150.6512146167379,3726600
2016-10-31,150.11260986328125,150.55175266169545,150.0131851219117,150.45232792032593,1415600
2016-11-01,149.24253845214844,150.4025480338349,148.4305405950808,150.4025480338349,3622300
2016-11-02,148.60459899902344,149.31717241129556,148.3560245262731,148.86145465175707,3552700
2016-11-03,148.40576171875,149.0520478702032,148.18204339154696,148.89461692302422,1966900
2016-11-04,148.07431030273438,148.86973343108113,148.0163041147181,148.40573449904176,4337500
2016-11-07,151.09852600097656,151.17309451356292,150.0130977299418,150.11252241339025,3402400
2016-11-08,151.94369506835938,152.49054354710623,150.8168354733665,150.96597251947424,3437500
2016-11-09,154.08148193359375,154.57033710027193,150.5931831058724,150.7423202171882,8363900
2016-11-10,155.87954711914062,156.45126489560326,154.40468720106293,154.80239896785164,8748100
2016-11-11,156.16116333007812,156.29373805205105,155.28287792229483,155.73030180517677,5003800
2016-11-14,156.40975952148438,156.9234708367833,155.93746674991746,156.6914713625823,4796400
2016-11-15,156.88198852539062,156.89028234585274,155.88770358240015,156.40141473029112,3750000
2016-11-16,156.58372497558594,156.74943705013092,156.21086964710452,156.4262940797109,3459100
2016-11-17,156.848876953125,156.8737331325588,156.38487807966536,156.6748710540671,4211200
2016-11-18,156.59381103515625,157.0092673798886,156.47748376578005,156.9594019683947,4359200
2016-11-21,157.32504272460938,157.38321271239207,156.71017530361777,156.94282989729965,2999100
2016-11-22,157.88999938964844,158.08110571774165,157.39144680998407,157.80690306679813,2756300
2016-11-23,158.36366271972656,158.40521089421466,157.7654045075218,157.8152572454184,2465900
2016-11-25,158.95361328125,158.9868442129614,158.68771511266883,158.77911602327828,1547100
2016-11-28,158.5215606689453,158.87885980577448,158.30552788116515,158.64619253137144,3159600
2016-11-29,158.86215209960938,159.0532584115713,158.43837863904972,158.56302311280396,2264900
2016-11-30,159.0367889404297,159.74307026537062,158.98693617466537,159.51041557265052,4774600
2016-12-01,159.45213317871094,159.66817858306132,159.17794316025544,159.40228044808265,8323900
2016-12-02,159.319091796875,159.51850258797413,159.06149839385102,159.4603453334744,2773600
2016-12-05,159.71810913085938,160.1834184150571,159.44390630008704,159.93414196174342,2925600
2016-12-06,159.94236755371094,160.00884208175063,159.42719313108316,159.66816488006708,2669400
2016-12-07,162.4267578125,162.6012550009481,159.8841678123994,159.9257159695268,7241300
2016-12-08,163.0915985107422,163.52367680988377,162.3687082761738,162.71769020592149,7032100
2016-12-09,164.26307678222656,164.28800314029303,163.166266312433,163.22443626706627,4392300
2016-12-12,164.58717346191406,164.8447543457862,164.25480080633676,164.38774986856768,3791700
2016-12-13,165.5426788330078,165.94983048547383,165.05244354529717,165.3183416070017,5357500
2016-12-14,164.6370391845703,166.04128365325357,164.1966564750535,165.32669823576416,7456100
2016-12-15,165.06915283203125,165.91667482579484,164.80325462939817,164.96943466668176,6033000
2016-12-16,165.0374298095703,165.686952955057,164.8292489884182,165.462114110435,4467700
2016-12-19,165.37889099121094,165.62869787432962,165.0541293368045,165.1290714017401,2729400
2016-12-20,166.06179809570312,166.22001766922736,165.76201698438308,165.84529445666686,3062600
2016-12-21,165.84515380859375,166.2198767033635,165.82849578699248,166.06997992164708,2523500
2016-12-22,165.68699645996094,165.8535386193423,165.362234801944,165.79525458141734,2250900
2016-12-23,165.7536163330078,165.76193899377708,165.4871387121634,165.67867426702745,1374200
2016-12-27,165.8868408203125,166.16162837184797,165.8202214208535,165.84520210735673,2340700
2016-12-28,164.94581604003906,166.17824284111973,164.87919665804174,166.144939503295,3818100
2016-12-29,164.8708953857422,165.312237730667,164.5711144810433,164.8708953857422,3018700
2016-12-30,164.47116088867188,165.10403867671081,163.97985723158237,165.0873806543024,4277400
2017-01-03,165.2289276123047,165.79518596747937,164.4461658101689,165.6369665343225,6669800
2017-01-04,165.83688354492188,166.0117610745157,165.37889577505481,165.51212188112117,4823200
2017-01-05,165.50375366210938,165.9367733300974,164.7959337840337,165.67029577861277,4124500
2017-01-06,166.1366729736328,166.4031506120304,165.0208264521375,165.48714961298012,4322600
2017-01-09,165.51211547851562,165.9368125883779,165.50379281794358,165.7869157536171,2303500
2017-01-10,165.21226501464844,166.0533235136365,165.05405829222124,165.4787425170774,3029200
2017-01-11,165.9867706298828,166.18662883676478,165.00415032898613,165.4038667427501,5209800
2017-01-12,165.50375366210938,165.6369924378517,164.48783023318498,165.61201175569363,3865200
2017-01-13,165.46214294433594,166.00342079746542,165.14571668136068,165.63702045537192,3468900
2017-01-17,164.95419311523438,165.4205162367047,164.537831370157,165.1040899507653,3329800
2017-01-18,164.83761596679688,165.07077753266938,164.2963507688112,164.94587408893494,4634800
2017-01-19,164.2797088623047,165.01250968773238,163.78840499359913,164.9042515549705,3050900
2017-01-20,165.00732421875,165.20736536377828,164.4655164404527,164.64889596925596,6999000
2017-01-23,164.8572998046875,165.13236912986727,164.24047652530322,164.9239844337122,3249700
2017-01-24,165.74093627929688,166.0576852544931,164.72401740831876,164.8657175501699,5205800
2017-01-25,167.05789184570312,167.1662559902532,166.4994222185847,166.71613778888855,4880800
2017-01-26,167.30795288085938,167.5163376355716,167.05788863144548,167.20793226861224,3999700
2017-01-27,167.23289489746094,167.43293607108845,167.08285129844748,167.2829051908678,3576500
2017-01-30,166.19093322753906,166.62436415006806,165.39073056039567,166.56602306075413,4718000
2017-01-31,165.34080505371094,165.7825797289317,164.67397127565053,165.6408796178983,4628100
2017-02-01,165.56585693359375,166.20767281107535,165.2074285470195,165.98262643685,3676900
2017-02-02,165.54916381835938,165.84923833542624,165.0573789127981,165.17407385172442,2640600
2017-02-03,167.02452087402344,167.1828952924657,166.2409923104419,166.35768724211616,4857300
2017-02-06,166.94119262695312,167.29127748641096,166.5244231201515,166.7328078735523,2770900
2017-02-07,167.19122314453125,167.79137213075123,167.06618468643924,167.44961815161057,2606300
2017-02-08,167.13284301757812,167.28288659991654,166.83276857169275,167.12451220920045,2291500
2017-02-09,168.14144897460938,168.4665286002185,167.34958965261714,167.39126913667837,3487600
2017-02-10,168.9916229248047,169.20833838535162,168.43315358052652,168.62486390019458,2880300
2017-02-13,170.2086181640625,170.43367719834652,169.47511267854722,169.47511267854722,2637400
2017-02-14,171.01719665527344,171.02552746658253,170.00027804854392,170.0919678481276,3586600
2017-02-15,172.0258331298828,172.1175229554125,171.11726568825236,171.20062470011553,3646000
2017-02-16,172.10916137695312,172.309215353169,171.5840403574335,172.16751522289874,4589600
2017-02-17,172.07644653320312,172.10987329830758,171.35764992578166,171.36600342869787,5747700
2017-02-21,173.0711212158203,173.26335387642823,172.5278372571368,172.64485010534736,3076400
2017-02-22,173.3887481689453,173.45561448633194,172.71174424139397,172.7869640659117,2254400
2017-02-23,173.69801330566406,173.9738193397321,173.1881687748244,173.89859951225898,3179900
2017-02-24,173.78993225097656,173.8066520185819,173.07114803874452,173.0795015458242,3703900
2017-02-27,174.09085083007812,174.15771715724316,173.5225061793471,173.62279929337072,3433700
2017-02-28,173.83177185058594,174.10759069943967,173.58102628313262,173.9404312389539,2821900
2017-03-01,176.37254333496094,176.84894816969302,175.41972091205457,175.45314768415557,7846100
2017-03-02,175.42816162109375,176.51471717940936,175.38636857011073,176.51471717940936,3336900
2017-03-03,175.44483947753906,175.78752455890265,175.02693457444556,175.5702058470889,2589000
2017-03-06,175.0854034423828,175.327795384931,174.7009381419483,174.9015242974991,2524700
2017-03-07,174.8263397216797,175.2358911275376,174.6675338142359,174.85977925663934,2741000
2017-03-08,174.35833740234375,175.1941474636649,174.20788495951223,175.1690741821012,3173100
2017-03-09,174.40838623046875,174.7594247290947,173.73973600542027,174.46689902362755,4430100
2017-03-10,174.8096160888672,175.26931403355408,174.14933195264098,175.2609605267218,3004000
2017-03-13,174.63414001464844,174.9684589067105,174.34160141900793,174.7929459520848,2261800
2017-03-14,174.29977416992188,174.583959201208,173.8317227114917,174.32486019768027,4433000
2017-03-15,175.16905212402344,175.44487093994098,174.44190154334393,174.5421946569693,5737000
2017-03-16,175.05206298828125,175.66220076802128,174.7260975713298,175.66220076802128,3018400
2017-03-17,174.90785217285156,175.46893586694094,174.88272997597667,175.46893586694094,2873200
2017-03-20,174.86611938476562,175.25134801311384,174.65675905548386,174.89962419332133,3308600
2017-03-21,172.80601501464844,175.38532293860774,172.7222657744521,175.3015864767514,6192400
2017-03-22,172.85629272460938,172.9902864233831,172.09421793846894,172.47944662785784,3898500
2017-03-23,172.77249145507812,173.60156284101322,172.43752008732943,172.53800894198633,3840000
2017-03-24,172.30352783203125,173.26658010590518,171.6754469286338,172.99860556519172,4052700
2017-03-27,171.8680877685547,172.10257032849768,170.67892256360346,170.98877177959787,4559600
2017-03-28,173.14105224609375,173.40903969393747,171.6001627560268,171.74252629581446,3538000
2017-03-29,172.77249145507812,172.9818517545057,172.47101211276888,172.95672954084148,2323900
2017-03-30,173.31678771972656,173.56800978653078,172.63844980435005,172.7640736160872,2849200
2017-03-31,172.79759216308594,173.29167934144175,172.76410014181477,173.11582386767844,4179600
2017-04-03,172.72218322753906,173.04041485418875,171.57489329953086,172.94829584533406,4436100
2017-04-04,173.05715942382812,173.15766102257626,172.35371212426233,172.5295803383209,2555400
2017-04-05,172.7305908203125,174.7320744702138,172.64685438015823,173.84438897889123,4110400
2017-04-06,172.88970947265625,173.59315691737777,172.445866719796,172.88970947265625,3186900
2017-04-07,172.8311767578125,173.40901342363543,172.4208258323465,172.67206083205338,2609300
2017-04-10,172.83944702148438,173.6182737941579,172.47097093792578,172.92319623259698,2395200
2017-04-11,172.78921508789062,172.8645817163349,171.62517252801774,172.69709606034658,3511500
2017-04-12,172.23655700683594,172.7641491344149,171.96858242566321,172.7641491344149,2181700
2017-04-13,171.14785766601562,172.46264651212738,171.13948785403605,171.96017666989664,3605200
2017-04-17,172.65524291992188,172.73060955773732,171.5581970417036,171.6168112783363,2260900
2017-04-18,171.74240112304688,172.35372947265554,171.1896869984681,171.97688357983748,2497900
2017-04-19,170.71238708496094,171.92667422201717,170.53651881733904,171.89316941945197,3606400
2017-04-20,172.26162719726562,172.68873032520182,170.98034337013058,171.131089408913,3873700
2017-04-21,172.03704833984375,172.43937256971736,171.63472410997016,172.2549712998468,3034800
2017-04-24,173.8223419189453,174.03188760539803,173.52897284205002,173.78043022372404,3220200
2017-04-25,175.75009155273438,176.00154884791877,175.04602135793755,175.13822193985015,3483600
2017-04-26,175.57411193847656,176.37876008003207,175.5489674834062,175.85909095570867,2865300
2017-04-27,175.64964294433594,175.825667017329,175.2305514073282,175.7921325321595,1951700
2017-04-28,175.247314453125,175.70831769072524,175.15511380560494,175.70831769072524,1934000
2017-05-01,175.1131591796875,175.59092954238292,174.92875792983895,175.59092954238292,1886000
2017-05-02,175.28916931152344,175.43165884972052,174.97065576163922,175.26402485123302,1359700
2017-05-03,175.36459350585938,175.57413919040516,174.73595645222198,175.28916012893976,1829400
2017-05-04,175.3394775390625,175.72503449907268,174.50967188914473,175.72503449907268,2640100
2017-05-05,175.82557678222656,175.8339540043903,174.97900412655727,175.23885148945962,1673800
2017-05-08,175.95135498046875,176.03517838735414,175.62446415706577,175.76695371704594,2311000
2017-05-09,175.69979858398438,176.28653652238077,175.3645307245999,176.13565703290342,1570100
2017-05-10,175.5825653076172,175.85916722300084,175.096417649336,175.3394978733052,1394300
2017-05-11,175.4148712158203,175.55736073744876,174.42582178699234,175.29752615155846,3093700
2017-05-12,175.18858337402344,175.41489631235433,175.02933938446944,175.1550616892896,1575100
2017-05-15,175.95973205566406,176.12737886929224,175.51549613679308,175.51549613679308,1818500
2017-05-16,175.97647094726562,176.40395234763668,175.5657695731418,176.28660727079355,1746600
2017-05-17,173.05955505371094,174.83649799712833,172.9757316814305,174.44255116878188,5717400
2017-05-18,173.47035217285156,174.30853513837826,172.54834579490938,172.69083536429008,6653800
2017-05-19,174.66232299804688,175.11626957272,173.66194476001786,173.80485410440266,4892800
2017-05-22,175.40213012695312,175.58707469379075,175.1247261040352,175.1247261040352,2246200
2017-05-23,175.79721069335938,175.99056996444511,175.4357363495093,175.78040688248487,3457500
2017-05-24,176.38572692871094,176.5034177744393,175.76363941423818,175.96540064720398,3479500
2017-05-25,177.0246124267578,177.31043121020474,176.78923074305567,176.97417532701303,2198200
2017-05-26,176.9909210205078,177.142245097389,176.80598932461933,176.9909210205078,1152200
2017-05-30,176.713623046875,176.97422335116667,176.51186176580572,176.713623046875,1066600
2017-05-31,176.53704833984375,176.88171898897383,175.96541072139073,176.88171898897383,1577500
2017-06-01,177.71395874023438,177.71395874023438,176.46139454591028,176.76403000220932,1827900
2017-06-02,178.142578125,178.39477630423613,177.60456132871798,177.75587253986032,2314000
2017-06-05,178.10057067871094,178.39480407150606,177.91562617363985,178.10057067871094,1923000
2017-06-06,177.6886749267578,178.03334545293606,177.52054702997262,177.6550544783353,2094800
2017-06-07,177.98291015625,178.15103805472572,177.49533027153493,177.95769161284545,1545800
2017-06-08,178.10057067871094,178.8067154286182,177.7054631294531,177.89880953845133,2030300
2017-06-09,178.78146362304688,179.11773212757564,177.87355790181704,178.34432098082544,4271100
2017-06-12,178.55459594726562,178.87404802004505,178.11746585827677,178.60504587507808,3682300
2017-06-13,179.37001037597656,179.38682701674608,178.84880995816758,178.89084514642215,2426500
2017-06-14,179.76512145996094,179.8996289339869,179.0421598212448,179.7146843640359,5423100
2017-06-15,179.63900756835938,179.73147984244665,178.84879228567505,178.96648310475544,2571800
2017-06-16,179.8613739013672,179.87822160678886,179.2381501621378,179.66767026763648,2372000
2017-06-19,181.0067138671875,181.08250923997946,180.29926468573657,180.53508107955355,2103300
2017-06-20,180.56881713867188,181.13310601720346,180.54355200692072,180.9815023756631,1762100
2017-06-21,180.1392822265625,180.77935359665096,179.92873091193744,180.77935359665096,2129400
2017-06-22,180.0045166015625,180.47614946474388,179.9455689191807,180.29929356656672,2697100
2017-06-23,180.01292419433594,180.18978007022693,179.44021803904735,179.76026009203304,1346800
2017-06-26,180.12242126464844,180.8719833754985,179.83607458208354,180.47614590505765,1940400
2017-06-27,179.33071899414062,180.3413753567524,179.2801887462159,179.98765077025007,1981600
2017-06-28,180.4341583251953,180.67839232987097,179.33085803561784,179.33085803561784,4693700
2017-06-29,179.06124877929688,180.69512892978767,178.29483896008207,180.66986380177238,4372600
2017-06-30,179.59178161621094,180.22343530568,179.36438268971446,179.51597340669397,2216600
2017-07-03,180.64468383789062,181.39424630812928,180.1309379076571,180.1898856171396,2134700
2017-07-05,180.7204132080078,180.93096453113426,180.0887592386285,180.85516913905664,1799000
2017-07-06,179.50758361816406,180.44243173653453,179.33914517858082,180.30767584445627,2297500
2017-07-07,180.2740936279297,180.3667367489151,179.7435000394646,179.84456058925363,1326500
2017-07-10,180.2235107421875,180.5267051540824,179.8445080890444,179.96241631305728,1156300
2017-07-11,180.21514892578125,180.4762306030598,179.1202790862902,180.15620121689778,1577600
2017-07-12,181.26785278320312,181.6636903233859,180.98150605018733,181.05730144697966,2103300
2017-07-13,181.46153259277344,181.54574539962357,181.07411255796316,181.32677668057585,1587400
2017-07-14,182.1352996826172,182.48902433955823,181.16676880178088,181.32678985276107,2395500
2017-07-17,182.10169982910156,182.3290989443484,181.95009613525772,182.18592553135235,2291000
2017-07-18,181.66371154785156,181.7563546606551,180.76255840606757,181.63002898457538,2247500
2017-07-19,182.18588256835938,182.20271742400925,181.6300239070774,181.82372755532967,1785800
2017-07-20,182.07638549804688,182.4048450864262,181.6721305087418,182.3964276588904,1372000
2017-07-21,181.71888732910156,181.7357534459021,181.0696769155965,181.4322276688808,2217300
2017-07-24,181.34799194335938,181.70210336581005,181.0023071505801,181.70210336581005,1459600
2017-07-25,181.9971160888672,182.55358214451604,181.68516369331135,182.53671602811164,1924200
2017-07-26,182.7980499267578,183.0931490176926,182.5872685375401,182.7980499267578,2041000
2017-07-27,183.56532287597656,183.5906156170047,182.6463189784169,183.19434552079514,3202400
2017-07-28,183.81825256347656,183.93628963650116,183.2112010836141,183.40511637535246,2305000
2017-07-31,184.39163208007812,184.66986517137528,184.21458284521285,184.3494732119882,1765000
2017-08-01,184.9564971923828,185.31904796556657,184.77100849262894,185.26846247746613,2307100
2017-08-02,185.39488220214844,185.5972369716083,185.01547826635212,185.3442967260523,3063300
2017-08-03,185.53819274902344,185.68152253811132,185.25153317084764,185.4285823188081,2496400
2017-08-04,185.96827697753906,186.05258184442877,185.51298180903208,186.0272890978539,1877700
2017-08-07,186.204345703125,186.31394331336068,185.9935642444912,186.12002797363976,1902800
2017-08-08,186.06948852539062,186.9041750744752,185.85870701459837,186.16223290474252,3623900
2017-08-09,185.9092254638672,186.00196980976747,185.45394322540625,185.76589563203544,3555800
2017-08-10,184.30723571777344,185.4032885535426,184.2650768706114,185.32741034769532,7832600
2017-08-11,184.39163208007812,184.83006115106883,184.23987559305075,184.44221757575392,4944500
2017-08-14,185.46234130859375,185.73213481373273,185.32743812348633,185.38646309137425,2605000
2017-08-15,185.6226043701172,185.97671571029485,185.36966402282442,185.97671571029485,1835700
2017-08-16,185.8838653564453,186.4150384963837,185.72366946566558,186.07778060393346,2476100
2017-08-17,183.64122009277344,185.54669254781678,183.6075007229407,185.4876675692618,3535800
2017-08-18,183.00643920898438,183.9614947258094,182.6852673580741,183.39522686515974,4468500
2017-08-21,183.18394470214844,183.33607060198904,182.33030638727485,182.94729581590946,3467200
2017-08-22,184.83201599121094,184.967247593495,183.6572188512086,183.75018896572945,2423200
2017-08-23,184.18130493164062,184.63770856285228,184.11368910122403,184.2573679047089,3660200
2017-08-24,183.9615020751953,184.7137102062762,183.79246900347763,184.7137102062762,1934400
2017-08-25,184.28268432617188,185.0348925522923,184.2488828661163,184.4686245974734,2373300
2017-08-28,184.19810485839844,184.7390182903668,183.85157876543917,184.67140249932157,1425000
2017-08-29,184.7475128173828,184.89119157406117,183.08251061293828,183.13321924513102,2013300
2017-08-30,185.03488159179688,185.2292818888958,184.57849097788989,184.8827556859604,1804100
2017-08-31,185.53355407714844,185.84626593824055,185.1954750009966,185.54200121790294,2173000
2017-09-01,185.87159729003906,186.2857392710031,185.79553434345274,186.04909039513694,2150200
2017-09-05,183.9699249267578,185.54195678934144,183.5557829937886,185.54195678934144,3828600
2017-09-06,184.4602508544922,184.77296284593018,184.28275765347928,184.7053470025159,1915500
2017-09-07,184.34190368652344,184.85746314481273,183.97847018490876,184.64616849627453,1982800
2017-09-08,184.4517059326172,184.80667925006867,183.84317656087276,183.91923950824165,2135800
2017-09-11,186.58154296875,186.69142026641353,185.5842388392997,185.5842388392997,3019300
2017-09-12,187.139404296875,187.26618879777416,186.84359958757537,187.06334133417502,2072900
2017-09-13,187.4268035888672,187.45215791541145,186.95350563150473,187.08029016062818,1720800
2017-09-14,187.9000701904297,187.99302743493163,187.30843498666005,187.33378930723316,1893700
2017-09-15,188.39801025390625,188.49964979696756,187.94067754069627,188.12700162612003,2377700
2017-09-18,188.99940490722656,189.19419364590172,188.58440784193925,188.79613866489777,1827300
2017-09-19,189.35511779785156,189.43133779527125,189.05868946607595,189.17725821418134,2042800
2017-09-20,189.62603759765625,189.6683863284785,188.82146340410662,189.3465644048696,1819900
2017-09-21,189.26187133789062,189.68533280990934,189.1941159516054,189.62604200077783,1741400
2017-09-22,189.0332489013672,189.25345719623365,188.71142688452093,189.05019098320813,2448400
2017-09-25,188.71145629882812,189.22806710679214,188.00850840761333,188.95705837020486,2844300
2017-09-26,188.60134887695312,189.2873546718384,188.54205804380314,188.91470635782076,1314500
2017-09-27,188.9654998779297,189.30427691107855,188.31337831978516,189.20263733962267,2381500
2017-09-28,189.3720703125,189.51604573434145,188.60983152724955,188.83850445512718,1462800
2017-09-29,189.55828857421875,189.60062438055726,188.97390970894807,189.19410500937593,2415800
2017-10-02,190.76104736328125,190.88808071478917,189.7277996942615,189.871775133646,2611200
2017-10-03,191.60797119140625,191.6418424441959,191.0744052680266,191.18450945488948,2510000
2017-10-04,191.75181579589844,191.98047567302024,191.5570142254376,191.73487371955014,1746900
2017-10-05,192.79359436035156,192.81053644258952,191.7857536970611,191.92126450892013,2258500
2017-10-06,192.71734619140625,192.78510158742708,192.44632460732294,192.53948666147403,2090300
2017-10-09,192.70040893554688,193.06459258289794,192.5394914813467,193.00530176376284,1006800
2017-10-10,193.31861877441406,193.46259411834453,192.79353070560674,193.27628296733067,1417700
2017-10-11,193.61512756347656,193.64053422751053,193.24247926028045,193.3695255034737,1423600
2017-10-12,193.37794494628906,193.78446439896783,193.22549207464678,193.51345573818878,1307300
2017-10-13,193.71670532226562,193.919971506253,193.5303812176989,193.69977616586513,1744300
2017-10-16,194.3265380859375,194.3942934970343,193.78450772018618,194.0047160370067,2373400
2017-10-17,194.6653594970703,194.75852159317805,194.38587320874703,194.54679073139008,1838000
2017-10-18,196.02890014648438,196.21521140938427,195.56308968167014,195.63930968781452,2720500
2017-10-19,196.18972778320312,196.19820528479988,195.23271348328447,195.50372215094492,2305400
2017-10-20,197.59921264648438,197.59921264648438,196.5481934554982,197.03979858031917,3275700
2017-10-23,197.19248962402344,197.98075777274136,197.15859159751292,197.98075777274136,2325100
2017-10-24,198.58251953125,198.9300356974197,198.3028252770786,198.4299590289747,3300500
2017-10-25,197.62466430664062,198.7180529072827,196.9381164721404,198.7180529072827,3813300
2017-10-26,198.2095947265625,198.69271592963042,198.12483026759028,198.26044822864958,2581500
2017-10-27,198.4807891845703,198.61640712613504,197.79424113860213,198.2943177482285,2944200
2017-10-30,197.76882934570312,198.45537744358532,197.61625591659612,197.92987404683396,2672500
2017-10-31,198.02317810058594,198.26050313154016,197.6587063459635,198.0316493755328,1772000
2017-11-01,198.4977264404297,199.20122989782843,198.10782812752961,198.84524253382622,2675700
2017-11-02,199.1504364013672,199.3284236703678,197.76038454226847,198.51474171702495,2459400
2017-11-03,199.3367919921875,199.51479210249798,198.87909774647235,199.48936536291575,2574400
2017-11-06,199.53184509277344,199.68440560482952,199.26060916035226,199.37927164747626,2549900
2017-11-07,199.5402374267578,199.93013569205763,198.92149848390414,199.7775623071191,2390700
2017-11-08,199.57424926757812,199.70138304160355,199.15892405035748,199.49795606992032,1531900
2017-11-09,198.9469451904297,199.42159499878397,197.62470274337497,198.75200250483502,4225200
2017-11-10,198.70118713378906,198.90461407530796,198.42149287240645,198.7181426122258,2506600
2017-11-13,198.89613342285156,198.99784042219426,198.02311385652024,198.04854060635589,2452400
2017-11-14,198.57400512695312,198.63334282044283,197.41280733438967,198.31125347461284,2566500
2017-11-15,197.45523071289062,198.05701437758128,197.19246607253987,197.62474669168066,2823600
2017-11-16,199.1080322265625,199.42163743097348,198.4977643621887,198.52319111210093,2933400
2017-11-17,198.29412841796875,198.78691284690996,198.26864068580443,198.61699031106158,3483300
2017-11-20,198.93978881835938,199.12670744969535,198.31956588579277,198.52348065568347,2056600
2017-11-21,200.28216552734375,200.50307639936455,199.74691041155012,199.8063774403036,2749900
2017-11-22,199.8063507080078,200.56251659465403,199.61943213249964,200.56251659465403,2860800
2017-11-24,200.06126403808594,200.40110896152984,200.01028859599464,200.1377272012229,1435500
2017-11-27,200.28216552734375,200.79194588588848,199.9932960408198,200.08675534107792,2329500
2017-11-28,202.49972534179688,202.58469307195372,200.7070151352335,200.7834912780768,4844500
2017-11-29,203.41725158691406,203.61266174116406,202.86500042584848,203.1878491667287,3376100
2017-11-30,206.322998046875,206.8752622525099,204.2584148576975,204.48780434699313,6586400
2017-12-01,205.99166870117188,206.83280248598163,203.40881327641168,206.57791228171314,9772700
2017-12-04,206.552490234375,208.6425750168474,206.51851091298695,208.16677376760558,6565800
2017-12-05,205.6178436279297,207.13017584133763,205.41394182385542,207.1216842542529,4925600
2017-12-06,205.28652954101562,206.0426957925129,205.22706249152537,205.3714972851532,3976100
2017-12-07,205.91517639160156,206.34848060256627,204.84465324226102,204.9381125384596,2718300
2017-12-08,206.9857177734375,206.9942223238199,206.10211313866108,206.62038510609594,2704300
2017-12-11,207.45301818847656,207.512498185255,206.88377076507984,207.11317323739772,1857800
2017-12-12,208.5320587158203,208.89739141228978,207.9882989823917,208.0987414678858,3282400
2017-12-13,209.26275634765625,209.84899999762055,208.71049201229954,208.74448429116302,3748700
2017-12-14,208.64259338378906,209.91703195829498,208.5576256264515,209.76409258793927,4713300
2017-12-15,209.6993408203125,210.08254513875937,209.33317155871296,209.66528370055906,5862800
2017-12-18,211.0106658935547,211.64934382126833,210.7892622230975,211.19801245853222,3285700
2017-12-19,210.67855834960938,211.47903678164784,210.28684315559224,211.4534907035135,2773600
2017-12-20,210.3976593017578,211.5302373298964,210.133661369199,211.47063411501983,2401400
2017-12-21,210.90011596679688,211.4365969600932,210.69573421119443,210.9597191909655,2446700
2017-12-22,210.67855834960938,210.8573938904857,210.31238923372658,210.83184781235136,1847000
2017-12-26,210.5508575439453,210.84038846610778,210.23578054005895,210.2868727035067,2156700
2017-12-27,210.74676513671875,210.92560074512576,210.42317702684736,210.4657451771882,2930300
2017-12-28,211.30026245117188,211.35135461909923,210.99369644966876,211.1384619234426,2743300
2017-12-29,210.66160583496094,211.70903436604317,210.4827702350492,211.67497724860013,2951800
2018-01-02,211.2065887451172,211.5897929977852,210.53384055151122,211.4790846381931,4454900
2018-01-03,211.9985809326172,212.22850872257158,211.24920734830184,211.4621000813119,5528600
2018-01-04,213.40359497070312,213.67609080255312,212.56904643718545,212.85859031306708,4932900
2018-01-05,215.2090301513672,215.31973854251103,213.71878085987564,214.06792809814274,3349200
2018-01-08,215.0982208251953,215.4218218204165,214.7831438523346,215.23447524359756,3847500
2018-01-09,216.1456298828125,216.54585606216264,215.2088971381175,215.6176473385596,5031400
2018-01-10,215.97540283203125,216.2393877262952,214.97906645983812,215.59219853410167,2357600
2018-01-11,217.67002868652344,217.72112085924377,216.17126864632027,216.29899907812106,2760400
2018-01-12,219.6285858154297,219.67967797455194,218.4108460432271,218.53857644103275,3678400
2018-01-16,219.5435028076172,222.0471234598868,218.77709415624304,221.63836005147527,8102900
2018-01-17,222.32814025878906,222.42182658038774,220.16516867857865,220.77830082434224,6144400
2018-01-18,221.5446014404297,222.5324264149605,220.8803774388503,222.46428621651216,4860200
2018-01-19,221.9911346435547,221.99963738602864,220.90902415182555,221.57361618513258,4057600
2018-01-22,223.21807861328125,223.24363884533935,221.21577376116178,221.27542297005422,3359900
2018-01-23,223.12429809570312,223.482167278891,222.6130675492629,223.09020912533623,3483300
2018-01-24,223.7208251953125,224.73475793991233,222.2723424166625,224.0871972620769,7106400
2018-01-25,224.72622680664062,225.27154653003146,223.59302163474013,224.5813681294038,5918900
2018-01-26,226.56651306152344,226.58354454234328,224.98170126841097,225.21176927191323,3861700
2018-01-29,225.07545471191406,226.5579997140605,225.0413657456973,226.26830850687455,4605600
2018-01-30,222.0592041015625,223.60992693728855,221.60762283646218,222.79197381606662,9409500
2018-01-31,222.75790405273438,224.2234176058022,221.7780607706731,224.0870877401374,5360500
2018-02-01,222.9114227294922,224.0020364222922,221.33513842290395,221.48852588145073,5182000
2018-02-02,217.211181640625,221.403242053403,217.04077574606455,221.19873417811226,9486600
2018-02-05,207.2763671875,217.28786581733266,203.6892628089921,214.90214439467726,19888200
2018-02-06,212.12442016601562,212.43967160231503,202.39408733617105,203.05869217666054,20493100
2018-02-07,211.95399475097656,215.38772348138164,210.94007554118483,211.51094220592054,12657100
2018-02-08,203.35691833496094,212.22668110708662,203.21207271538358,212.1244401994162,15829100
2018-02-09,206.2198028564453,207.9238875062535,199.17340918917097,205.6915407753677,19858000
2018-02-12,209.74729919433594,211.17873734489135,207.09744651786846,207.92392877716497,10458400
2018-02-13,210.0880584716797,210.66744094637784,208.17947919988717,208.5117751488776,6234000
2018-02-14,212.41416931152344,212.57605944495472,208.78446042846198,208.8952300989434,5764000
2018-02-15,215.14077758789062,215.14077758789062,211.7240911074001,214.39097586603154,6111500
2018-02-16,215.23037719726562,217.07549192341457,214.58115833645317,214.77762629117984,6399000
2018-02-20,213.00088500976562,214.9143395542064,212.35166604553194,213.9319865896538,8685200
2018-02-21,211.60848999023438,215.70021952901664,211.59995243779886,213.21443618943445,5894800
2018-02-22,213.12042236328125,214.7178176112572,212.30036131143055,212.385788954025,6342300
2018-02-23,216.04196166992188,216.07612492113634,213.5988786234204,214.23099652914212,5119000
2018-02-26,219.4673309326172,219.6894115362474,216.93882112768605,217.24634241430704,6120900
2018-02-27,216.93882751464844,220.27028432133784,216.90465124044596,219.6210915246448,7219200
2018-02-28,213.7269744873047,218.48501136899043,213.7269744873047,217.98100899085748,5299300
2018-03-01,210.12220764160156,215.1535910721935,208.74690522503386,213.7355878441933,8144800
2018-03-02,209.5839385986328,210.0708396749357,206.85896097818352,208.04633224162382,6393400
2018-03-05,212.56527709960938,213.24012193055992,208.25999022766987,208.2941534814637,4891000
2018-03-06,212.56527709960938,213.70993510100806,211.03622057946455,213.70993510100806,4408500
2018-03-07,211.94158935546875,212.3430758149818,209.62663579177496,210.0195847007724,5362600
2018-03-08,212.821533203125,213.30844752027375,211.18142340516732,212.8129956488437,5846600
2018-03-09,216.5970916748047,216.5970916748047,213.84648863682963,214.35902838387148,3904000
2018-03-12,215.23037719726562,217.58803175727394,215.00827051985948,217.015702995641,5512800
2018-03-13,213.7440643310547,216.94740633941183,213.25715008925704,216.20423516449122,6100900
2018-03-14,211.7451934814453,214.93998507494572,210.92513214786823,214.7606052120722,6222800
2018-03-15,212.70193481445312,214.2395417693961,211.67686785596896,212.56525574413962,5069600
2018-03-16,213.17596435546875,214.05742151195844,212.5255596556015,212.72239952963378,3430100
2018-03-19,210.4459686279297,212.55975737853808,209.08527441273208,212.491293051843,5739500
2018-03-20,211.4644775390625,212.10631628546813,210.7969662874601,210.94244816965625,3258400
2018-03-21,211.05364990234375,213.64667688406266,210.79692490077963,211.4986616687885,4341400
2018-03-22,204.84056091308594,209.69285704586218,204.6779597826829,208.8884175953845,7449700
2018-03-23,201.22068786621094,206.15855685018084,200.98106916250745,205.37123638683508,7598700
2018-03-26,206.9458770751953,207.2282745549414,202.99214260164078,204.55823028051952,6589700
2018-03-27,203.9249267578125,209.03396236978665,202.69260778084734,207.9984702139826,6513100
2018-03-28,203.91636657714844,206.00448322495734,202.8637551076583,204.56675821407353,7983700
2018-03-29,206.58644104003906,207.90435691622207,204.583907785217,205.02036638107478,6614500
2018-04-02,202.09361267089844,206.26984744586738,199.56904965566616,205.67080058673056,9217400
2018-04-03,205.5166778564453,205.60226154448304,202.3074854285918,203.1461637850018,9874500
2018-04-04,207.49368286132812,207.8702173759079,201.05817457782283,201.15231147102918,6437500
2018-04-05,209.5902862548828,210.6001061846431,208.28093638216438,208.6403644787693,4786400
2018-04-06,204.64390563964844,209.02552139778237,203.02647224000563,207.3567429788247,6985500
2018-04-09,205.15728759765625,208.5034093183897,204.9005495445692,206.38106665880053,5052000
2018-04-10,208.82017517089844,209.6674073546477,207.27120580180213,208.2553667733135,5977500
2018-04-11,206.9971923828125,208.45202365551722,206.57785320929852,207.21113854227607,4733100
2018-04-12,209.50466918945312,210.36902017158462,208.33224822347995,208.52052191909834,4742400
2018-04-13,208.45205688476562,210.9167212133127,207.38232591692253,210.8824825097277,5222500
2018-04-16,210.1978759765625,211.09645270335992,209.4276748154452,209.76998354077713,4018400
2018-04-17,212.06349182128906,212.64541926060775,211.60992688821986,212.36300868861812,3821900
2018-04-18,211.70404052734375,212.42289659998332,211.44730248476125,212.13193291223482,3645600
2018-04-19,211.01080322265625,211.87514091908048,210.08655433964782,211.31031998086934,3721800
2018-04-20,209.33425903320312,211.2008753357425,208.5722033802748,210.95255757999377,3396500
2018-04-23,209.22311401367188,209.93378465374292,208.18705358261343,209.8310396099234,2491000
2018-04-24,205.57550048828125,210.25915351743535,203.88869973403985,210.11359368905397,7088900
2018-04-25,206.09771728515625,206.6371546340237,203.8629222094339,205.74665446874306,5269200
2018-04-26,208.1698455810547,208.8205987841139,206.4573591565571,206.7227924619167,3845800
2018-04-27,208.02430725097656,208.44387117172172,207.01394642766314,208.04143577525326,3209800
2018-04-30,206.8169403076172,209.64254498237534,206.79125406136566,209.00893348786124,3475700
2018-05-01,206.149169921875,206.260485752117,203.70888390953817,206.08923967383274,4396600
2018-05-02,204.73631286621094,206.95397962712917,204.40237853952917,206.02067767117686,2729400
2018-05-03,204.72772216796875,205.35277594746017,201.31986536063064,203.71734855685258,6177500
2018-05-04,207.6561279296875,208.25549562420255,203.5119004449636,203.88009185638876,3600900
2018-05-07,208.42666625976562,209.49696999316672,207.63036655342614,208.495167266531,2983800
2018-05-08,208.42666625976562,208.90616024189234,207.07380077291893,208.2126055130854,2927200
2018-05-09,210.1221160888672,210.50743605447042,208.24695409838594,209.12031292181987,3670500
2018-05-10,211.88595581054688,212.44250868491443,210.61014869215833,210.6358349438839,3877800
2018-05-11,212.81069946289062,213.1532046146764,211.81746718580098,212.09145824199396,3293500
2018-05-14,213.4357452392578,214.2320451406509,213.0761246645737,213.55561876415248,4286300
2018-05-15,211.75758361816406,212.50251130242228,211.0554707231109,212.40833705750623,4755900
2018-05-16,212.32266235351562,212.58809569883846,211.4664190123522,211.64622279746408,2034400
2018-05-17,212.12571716308594,213.11039171954005,211.38934741178812,212.17708966999857,2058200
2018-05-18,212.08877563476562,212.54386386225144,211.59075183632712,212.06301691261334,2408800
2018-05-21,214.61328125,215.24009879363174,213.98646370636823,213.99504558156062,4060300
2018-05-22,213.10198974609375,215.03397254518705,212.87874311717562,214.9824551002134,2329300
2018-05-23,213.4884796142578,213.5485789560114,211.63377226305815,211.94289015492478,3489400
2018-05-24,212.87017822265625,213.31667151610569,211.1013425929583,213.05908427069176,3448100
2018-05-25,212.40647888183594,213.03330940377356,211.83977388276884,212.44083258001996,4207000
2018-05-29,209.04051208496094,211.41041909665998,208.06164143728822,210.69773061865595,6439600
2018-05-30,211.8312225341797,212.22621153206308,210.0108692184294,210.5174750031562,4185900
2018-05-31,209.66738891601562,211.2473317394363,209.0920888469072,211.23015488752438,5357800
2018-06-01,211.5393524169922,211.9429234253394,210.9296984143494,211.35044628108056,3565300
2018-06-04,213.1191864013672,213.52275722729587,212.55246824979525,212.70703370117764,3062500
2018-06-05,213.0762176513672,213.3595766830361,212.22615365845647,213.084812626388,2816400
2018-06-06,215.9699249267578,215.97850680038366,213.41970653548904,214.01218336810055,4102500
2018-06-07,216.83709716796875,217.55836738703337,216.1587625076303,216.5709150467968,4286800
2018-06-08,217.47256469726562,217.59277643102524,216.18457622037133,216.34772352378002,4451000
2018-06-11,217.57569885253906,218.2368702409272,217.25799907595749,217.7731868405139,4200200
2018-06-12,217.49827575683594,217.9018464393268,216.86286353072205,217.8760877236013,6531000
2018-06-13,216.53659057617188,217.8846913099324,216.40779698470834,217.60133230661788,3819000
2018-06-14,216.37353515625,217.68728267577293,215.98712803701423,217.37816484164404,5007000
2018-06-15,215.6219024658203,216.01746851227904,213.92781535661518,215.21772859986726,6340800
2018-06-18,214.75344848632812,214.8996371446469,213.38614298645064,213.95370821640495,4075500
2018-06-19,212.30252075195312,212.6034926294076,211.14159360865153,212.0617380013192,5511100
2018-06-20,211.94139099121094,213.24849387635766,211.64900062851368,213.23130447748258,4711700
2018-06-21,210.255859375,211.4941781922596,209.7656860424697,211.39958402922792,4676600
2018-06-22,211.27920532226562,211.98435111669357,211.06421976808883,211.47698835803877,3584900
2018-06-25,208.37255859375,210.16983435110924,206.98805135138858,209.98064604805307,9536000
2018-06-26,208.6821746826172,209.55931941154458,208.3382030470299,208.89716023527842,3829900
2018-06-27,207.3493194580078,211.18466856063637,207.25472526358908,209.1982035995232,6149300
2018-06-28,208.17478942871094,208.93154269122778,206.2399196638739,206.79028209433832,5524000
2018-06-29,208.7337646484375,210.65144518474065,208.6133732663909,209.3787212926178,3966200
2018-07-02,208.7337646484375,209.0003446285638,206.91928609794326,207.17727137995067,5700300
2018-07-03,207.8136444091797,210.08389139290458,207.5470644148361,209.87750053195606,3143800
2018-07-05,209.43893432617188,209.54212319561628,207.8394412413975,209.07776016143922,3294600
2018-07-06,210.3419189453125,210.85787651882129,208.80261468173032,209.2325858871609,3546000
2018-07-09,213.1280975341797,213.26569145206122,211.33941596675456,211.35661848690933,3679300
2018-07-10,214.32334899902344,214.53833450706128,213.65259526367927,213.71279750433342,3474700
2018-07-11,212.47450256347656,213.40324163632914,212.0961259276838,212.69808279295614,4409800
2018-07-12,214.38363647460938,214.50402788210897,213.41189739299728,214.18585340264843,3175400
2018-07-13,215.15753173828125,215.38112510391704,214.0654014909084,214.33199459006465,3018100
2018-07-16,215.56173706054688,215.63053401988046,214.83938867006194,215.32095426371856,1881400
2018-07-17,216.0863037109375,216.33569433025136,214.8995791181381,215.45854949550056,2960100
2018-07-18,216.73126220703125,216.85165360715695,215.86272518624423,216.1808996462168,2119600
2018-07-19,215.6649169921875,216.37867065377617,215.51013368136665,216.03469899305577,2537400
2018-07-20,215.6373291015625,216.15394155157435,214.98293493787924,215.10349229504993,2687800
2018-07-23,215.4823760986328,215.7751376600562,214.9313148335078,215.43933490690716,1792000
2018-07-24,217.16140747070312,217.54887017256436,216.17121041223865,216.34341459769507,5485300
2018-07-25,218.7198944091797,218.84043866241265,216.05928894983953,216.61036340843387,4687600
2018-07-26,219.66696166992188,220.14913854587533,219.09007054059654,219.15034921925798,4175000
2018-07-27,218.92648315429688,220.08027861007068,218.25487773737976,219.65836725294676,5852900
2018-07-30,217.7296600341797,219.38284371220752,217.55745586448978,219.15897960544424,4484200
2018-07-31,218.84901428222656,219.28813690060974,218.35823172501435,218.43572163325788,3743100
2018-08-01,217.93629455566406,219.2536753933654,217.46272327517195,218.61650556703646,3159000
2018-08-02,217.92771911621094,218.19463756444006,216.14537236061133,216.5070050780511,4132600
2018-08-03,219.0384521484375,219.13316641977127,217.87605092191728,217.87605092191728,2469400
2018-08-06,219.43453979492188,219.7703425594431,218.38407716983764,218.89208412210402,2305400
2018-08-07,220.5279541015625,221.07902830000754,220.12326719853692,220.40740990523565,2394500
2018-08-08,220.09750366210938,220.52802065582344,219.89086391366166,220.3988708130436,1876800
2018-08-09,219.70140075683594,220.62271328457143,219.56363218736138,220.21801318486467,1677300
2018-08-10,218.0998992919922,218.61651177219116,217.3249608641908,218.42708325461763,4796900
2018-08-13,217.0150604248047,218.66825769958473,216.72231194132183,218.33245487715683,3686700
2018-08-14,218.02243041992188,218.315178834105,217.17860761903657,217.63495459947987,2815800
2018-08-15,216.77389526367188,217.15275229111978,215.13793606878505,216.84277955396558,5804000
2018-08-16,220.37303161621094,220.7777186244225,218.9437121037334,219.02120200615633,7919200
2018-08-17,221.32916259765625,221.85548727083966,220.05213799912835,220.2247049766002,3902500
2018-08-20,222.1228790283203,222.37311223646861,221.72597645582533,221.84676144222715,2930700
2018-08-21,222.67515563964844,223.21875400967434,222.40767490710036,222.5543442987417,3290900
2018-08-22,221.90711975097656,222.78724107734575,221.79494535981053,222.614661039857,3850600
2018-08-23,221.31179809570312,222.23505145417545,220.8717505085686,221.57927877607966,2811900
2018-08-24,222.4852294921875,222.76995757643033,221.74316696171053,221.9588788331724,3631500
2018-08-27,224.84088134765625,224.90128701689122,223.69330529232545,223.69330529232545,4111600
2018-08-28,224.89266967773438,225.47939987886647,224.6424364355946,225.46212606987524,2713600
2018-08-29,225.48802185058594,225.8676770192234,224.72010094040596,225.03071353363995,2433900
2018-08-30,224.34902954101562,225.3326621853165,223.86583695574134,224.97889148323694,3867200
2018-08-31,224.2109832763672,224.76319211951068,223.46030997989422,223.9866344449532,3081800
2018-09-04,224.10745239257812,224.27139556930314,222.7959069787779,223.66739162010325,2945000
2018-09-05,224.2714385986328,224.60793558824528,223.40859069538357,223.667434533547,3282400
2018-09-06,224.5906219482422,225.24636825575806,223.51206238691023,224.46120006728646,3878500
2018-09-07,223.94351196289062,224.6337796287093,223.01162164880947,223.76229497669377,3796400
2018-09-10,223.42576599121094,224.90122805611807,223.3567234353209,224.7890536518116,2247600
2018-09-11,224.36634826660156,224.78052475637534,222.45946169657495,222.70105806593565,3072900
2018-09-12,224.55609130859375,225.86761020097478,223.97797182172997,224.46980128088012,4971200
2018-09-13,225.8762664794922,226.25592156838422,225.19460943370586,225.56565395150147,2472300
2018-09-14,225.97120666503906,226.47164676681354,225.2205070143425,226.07474418043907,3077700
2018-09-17,225.1859893798828,226.23002766435985,224.89262433846034,225.82448821521282,2473500
2018-09-18,226.8512420654297,227.3862033086285,225.358506393265,225.41891203866263,2998900
2018-09-19,228.1542205810547,228.64602380117634,227.01525519672413,227.01525519672413,4001000
2018-09-20,230.4149169921875,230.64787645213127,229.5089108727927,229.51754777828177,5247100
2018-09-21,230.9561004638672,231.37975363796588,230.49785527985048,231.32787881607513,3944500
2018-09-24,229.48623657226562,230.59294325532406,229.33924034092027,230.57563405989012,3778600
2018-09-25,228.88966369628906,230.09146548321232,228.71673004727828,230.01365325694854,1820400
2018-09-26,228.068359375,229.84946584887666,227.62739686438658,228.95891261193833,3365900
2018-09-27,228.47463989257812,229.4430050054669,227.90399051120357,228.47463989257812,2440100
2018-09-28,228.6043701171875,229.07126995122493,227.82622131777538,227.87809614533782,3288800
2018-10-01,230.618896484375,230.98202020983948,229.76290921669644,230.07418451020786,5828100
2018-10-02,231.34523010253906,231.73429133750147,230.0309973462822,230.0828721776105,4553400
2018-10-03,231.67379760742188,232.82372492940902,231.43170625616256,232.3827624594095,5827700
2018-10-04,230.20388793945312,231.46621924205354,228.75996837522572,231.44893643017247,8720900
2018-10-05,228.53517150878906,230.52377657147542,227.30740590928986,230.28168529092255,7477100
2018-10-08,228.97613525390625,229.30469340009745,226.59844237970293,227.6100542305561,6236400
2018-10-09,228.45738220214844,229.39981000978042,227.51495439451645,228.58706926081828,4559100
2018-10-10,221.39346313476562,228.3622625933632,221.1686678336126,228.2931049568444,12292000
2018-10-11,216.3873291015625,221.97275114546864,215.16821805645657,220.24350691873906,15270300
2018-10-12,219.00709533691406,220.139739461468,216.09333230965078,219.92358559974443,8634400
2018-10-15,218.17709350585938,220.2521788252071,218.17709350585938,218.6353387103723,5500900
2018-10-16,223.00167846679688,223.1659311640274,219.59507752623583,220.14843101056834,7099800
2018-10-17,222.1802215576172,223.08805717798685,220.19160348860044,222.13700134177793,6822400
2018-10-18,219.3356170654297,222.08508756347348,218.15975284713423,221.43662604680466,8694600
2018-10-19,220.02352905273438,221.4596587168057,219.17567804018123,219.9456560243183,6618300
2018-10-22,218.916015625,220.99236899077752,218.18929788744984,220.67226995898613,4662600
2018-10-23,217.73080444335938,218.82088120882045,214.14046186740399,215.4554713365489,7360500
2018-10-24,212.5140380859375,218.78633404730925,212.11606591302814,218.36240860236816,7624300
2018-10-25,216.0870819091797,217.09063920122563,213.04177046852246,213.97612783785092,5920200
2018-10-26,213.2840118408203,215.45551916555627,211.36339054123167,214.01938973699794,5882900
2018-10-29,211.5017852783203,216.49367057547502,208.54299395517754,215.17864780928323,6833300
2018-10-30,215.16139221191406,215.3690316034756,211.17307632292176,211.4758821188171,6151100
2018-10-31,217.31556701660156,219.07180863242309,216.623449037709,217.09928097326343,5376400
2018-11-01,219.51303100585938,219.5995507050335,217.0733312615703,218.1461016054346,3267900
2018-11-02,218.41432189941406,221.13087430065016,216.78784649448994,220.9405415106674,6413400
2018-11-05,220.16188049316406,220.5511927220406,218.44889876547592,218.74304460942247,2833700
2018-11-06,221.6758270263672,221.80559332862074,220.0320457252167,220.20507186190412,2193300
2018-11-07,226.4774627685547,226.54666269225683,222.7746464009647,223.60517749592773,4462300
2018-11-08,226.75424194335938,227.50691297998029,225.77662502375793,226.26110353933225,4023400
2018-11-09,225.01528930664062,226.19189882090558,224.10689870980903,225.94099968000893,4386500
2018-11-12,219.9369354248047,224.8682673840476,219.46975021552518,224.67793462486728,10153000
2018-11-13,218.93341064453125,220.9318918306633,218.21533930387244,219.59957544025997,3937900
2018-11-14,217.07330322265625,220.86262529786575,216.0005198163085,220.62904590216138,5610300
2018-11-15,219.07179260253906,219.7466039522927,214.85854501093985,216.45905369389848,5667000
2018-11-16,220.3128204345703,221.10197796653955,217.9626955955359,218.35293411418687,4529500
2018-11-19,216.67918395996094,220.0786156508949,215.79463384048353,219.93119283639166,4249600
2018-11-20,212.03091430664062,214.1382090665766,211.18972720764577,213.64391074845557,7341100
2018-11-21,212.1610107421875,213.87808060779216,212.10031346969225,213.1929834667045,4257600
2018-11-23,210.56533813476562,211.6233257470763,210.47862586491706,210.94690917296998,1928000
2018-11-26,213.67005920410156,213.96490492765457,212.18713685864714,212.35190747841565,3435500
2018-11-27,214.63255310058594,214.65856810903196,211.71875306252824,212.62063756438744,2932000
2018-11-28,220.13070678710938,220.13070678710938,215.57789309618113,216.037509419716,5132500
2018-11-29,219.91390991210938,221.11065376580908,218.7258465534122,219.9225904071119,3471100
2018-11-30,221.5789031982422,221.86508160750418,219.25480687932875,219.4889552564449,2991800
2018-12-03,224.3712615966797,225.7327491003543,222.8883266023964,225.62003503138453,9544200
2018-12-04,217.43356323242188,223.77282124399787,217.13005045866376,223.4259457218592,5376900
2018-12-06,216.5577850341797,216.68786010158527,210.57409374926976,213.64398443216808,8232800
2018-12-07,211.86619567871094,218.0233374145366,210.9816456114117,216.50573336172323,5963700
2018-12-10,212.21310424804688,212.88952105865087,207.47817334136045,211.54535469772196,6021000
2018-12-11,211.79684448242188,215.49980254103232,210.435343556502,215.447772512743,5646500
2018-12-12,213.227783203125,215.7253177361636,213.0283170743095,214.53725438804295,3734800
2018-12-13,213.5658721923828,214.94472040285598,212.61194455670392,213.69594721885977,4455300
2018-12-14,209.3600311279297,212.3171949016862,208.83971755456727,211.6494452551211,6591200
2018-12-17,205.03268432617188,209.34268188550223,203.8359538532162,208.16328593547996,7036700
2018-12-18,205.83917236328125,207.96381570176268,204.37359811767763,206.77575258945026,5349600
2018-12-19,202.42242431640625,209.169259319567,201.25170877472968,206.00397520054437,9545700
2018-12-20,198.49391174316406,202.37897390806052,196.81153735191563,201.70255724822223,11912800
2018-12-21,194.8557586669922,202.1425284280635,194.64707697679617,199.13390580214812,10242700
2018-12-24,189.647216796875,194.17752560632138,189.4559163932498,193.47319833304903,7024000
2018-12-26,198.87307739257812,198.89916260696165,188.66464333856544,190.5950288119429,9761100
2018-12-27,201.09046936035156,201.18611960203168,193.49936419705537,196.11668332932675,7952000
2018-12-28,200.41213989257812,203.30771783938096,199.7078126319275,202.3512291065605,7266800
2018-12-31,202.77725219726562,202.82942260991314,200.90774164720008,202.0207546775531,5079600
2019-01-02,202.91647338867188,203.4729801540931,199.24700234324294,199.3600471335867,5319500
2019-01-03,197.14273071289062,201.22957892976555,196.82969479633763,201.08175825641683,7350200
2019-01-04,203.71644592285156,204.49902898115513,199.76002430994458,199.99480453470267,7343700
2019-01-07,204.65553283691406,205.9772412133934,202.55993213021432,204.20336700082473,5101600
2019-01-08,206.88153076171875,207.52499692839697,205.02940116320858,206.8989253251869,4845800
2019-01-09,207.75111389160156,208.5858806155168,206.75983587029611,207.75980454095648,4872000
2019-01-10,208.69017028808594,208.8293002526373,206.11631901654087,206.63804974952654,3052200
2019-01-11,208.5858612060547,208.6380316336635,206.9163411817444,207.7076147807541,2047200
2019-01-14,207.76856994628906,208.38593793736808,206.638161591766,206.89032317935371,2330700
2019-01-15,209.24668884277344,209.58580985815584,207.72498959741262,207.76846937234154,3940300
2019-01-16,210.3076171875,211.21193584021495,209.68154532478587,209.87284579773575,3718500
2019-01-17,211.99449157714844,212.8727248392167,209.59454547506647,209.75976069434512,4108400
2019-01-18,214.9739532470703,215.27850258753477,212.76372992613074,213.75571605227793,5393200
2019-01-22,212.3199005126953,213.83398982908932,210.88413600471122,213.49462658478535,5218500
2019-01-23,213.816650390625,214.8608442970122,211.4323967942967,214.19081445204168,4330300
2019-01-24,213.59913635253906,214.2343522899977,212.43311989812244,213.59913635253906,2840400
2019-01-25,215.26974487304688,216.27913770626637,214.6519229540953,215.26974487304688,4110600
2019-01-28,213.27716064453125,213.3902729139502,211.57163369076503,212.95519099772525,3560300
2019-01-29,213.80789184570312,214.62583442999275,213.14655904960068,213.4946324364025,2432900
2019-01-30,217.69754028320312,218.41108086487537,215.6091527891782,216.1573601493584,5686200
2019-01-31,217.6453399658203,217.9150885878651,216.09644964508726,216.62725003214595,5649600
2019-02-01,217.9586181640625,219.15075156198498,217.3234023274527,218.1239514053715,3971400
2019-02-04,219.55967712402344,219.58578096876562,217.26243256557342,217.91505523941245,2576100
2019-02-05,220.98680114746094,221.19563195860877,219.9861048260102,220.46469756430008,3090500
2019-02-06,220.90846252441406,221.32615067592494,220.19493516812813,220.69963172630347,1913500
2019-02-07,219.19422912597656,220.44726696929337,217.68884965365714,219.62931097281466,3884800
2019-02-08,218.68951416015625,218.73301171641793,216.78385382288417,217.9846705172527,2942300
2019-02-11,218.35882568359375,219.55965553422277,217.84543241729097,219.38561221619926,2677600
2019-02-12,221.48281860351562,221.78738128259806,219.86431320234234,219.90782405330376,3080600
2019-02-13,222.587890625,223.24921029718533,221.9961723687119,222.35294269399995,2918200
2019-02-14,222.03097534179688,222.90984918623928,220.6909157934497,221.4914648130135,3811000
2019-02-15,225.68519592285156,225.7113713743993,223.5038195334404,223.52128758655874,4751100
2019-02-19,225.8247833251953,226.40940385210843,225.08311010560473,225.08311010560473,2744500
2019-02-20,226.4268035888672,226.65367518860654,225.3972006222567,225.83347577368033,2454000
2019-02-21,225.58047485351562,226.1999782393304,224.6817489229489,225.93822374620513,3197200
2019-02-22,227.01141357421875,227.22081711627843,225.99925207406238,226.21738963974815,3938500
2019-02-25,227.63967895507812,228.9223024367919,227.51750912170112,228.47731985493428,3585000
2019-02-26,227.33438110351562,228.17202237221628,226.51418126378147,226.82828675399327,3080200
2019-02-27,226.7496795654297,227.22959828638622,225.78986875164293,226.70606269449104,2777200
2019-02-28,226.23492431640625,227.1860012994702,226.04296211434817,226.7409919610329,2772900
2019-03-01,227.22962951660156,228.2068818874511,226.19129221554144,227.86657438610348,3676900
2019-03-04,225.36231994628906,228.32898602936308,223.54742680087185,228.171933345535,4823900
2019-03-05,225.28396606445312,225.86856037781993,224.58593584988645,225.31014153179575,2107200
2019-03-06,224.13206481933594,225.5107096573014,223.7656084848808,225.32745486194312,3222000
2019-03-07,222.3346405029297,223.80051928004278,221.28758233155364,223.72199291285466,4104600
2019-03-08,222.24732971191406,222.41310311265678,220.52840427007885,220.6505607998206,5495800
2019-03-11,224.03622436523438,224.09728270359173,220.28425204931892,220.62454643878144,5469400
2019-03-12,223.250732421875,224.21926384006687,222.87552884917497,223.5822925003303,6570500
2019-03-13,224.55093383789062,225.17917142343114,223.38171906471646,224.1059244482601,5272800
2019-03-14,224.71661376953125,225.06562856709337,223.91385576982844,224.53335903261035,3409600
2019-03-15,225.8927459716797,226.60100863071364,224.1351914628027,225.22819268780574,4225100
2019-03-18,226.46121215820312,226.574888610801,225.34197942315313,225.54310135348885,2786200
2019-03-19,226.36495971679688,228.18370225295962,225.59548248374983,227.44045598537537,4761400
2019-03-20,224.97463989257812,226.6185180357637,224.3275650095493,225.99767411524954,4382600
2019-03-21,226.97686767578125,227.3178966758169,224.1525711684435,224.17880211578586,3800000
2019-03-22,222.9373016357422,226.15510449629804,222.85859539966094,225.5255346614567,6226500
2019-03-25,223.03341674804688,223.75041846054773,221.7218155581162,222.70114017706265,4982500
2019-03-26,224.24888610839844,225.44681127894907,223.23459102920359,224.7647795264296,3278700
2019-03-27,223.9428253173828,225.09704103146132,222.1852974684821,224.3975309114989,3166200
2019-03-28,224.79092407226562,224.96581488910348,223.48807554597764,224.6510434403059,2434400
2019-03-29,226.58352661132812,226.76714334251818,225.21946323900238,226.1025900692211,4255900
2019-04-01,229.43414306640625,229.67022178331987,227.8514523487772,228.41983447495107,6051700
2019-04-02,228.82192993164062,229.15420647968367,228.28853160857346,229.09299202407726,2320000
2019-04-03,229.09303283691406,229.72260254415514,228.41100121111936,229.60017361113168,3265500
2019-04-04,230.64939880371094,230.7893061076866,229.18913799969394,229.28533594568523,4397000
2019-04-05,230.98178100585938,231.57636730637972,230.50084442501932,231.3315360835418,3112700
2019-04-08,230.15992736816406,230.31731320887712,229.41668087420322,229.81889802867389,3231700
2019-04-09,228.6646728515625,229.21554989275995,228.1750103004109,229.19804479011387,4161200
2019-04-10,228.74334716796875,229.1543167776335,228.2187011387746,229.00565684026307,3602600
2019-04-11,228.56845092773438,229.3116972280255,227.85143559406035,229.02315659523737,2731700
2019-04-12,230.9031219482422,231.18293672522933,230.03744664972618,230.72823104147378,3395200
2019-04-15,230.6757354736328,231.00801213728306,230.09862758696693,230.85935221974407,2190300
2019-04-16,231.30520629882812,231.99599029423217,230.78056056414897,231.96100679602944,2536000
2019-04-17,231.30520629882812,231.88231393851615,230.7718347030412,231.80362108100283,2873600
2019-04-18,232.34475708007812,232.66847460686708,231.29483786295552,231.83731303548691,3469200
2019-04-22,231.91604614257812,232.23976365983472,231.36483990484757,231.504830909712,1604200
2019-04-23,233.149658203125,233.48210675359016,231.90725490204926,232.24848793352822,3399200
2019-04-24,232.65972900390625,233.34216844227484,232.49349135989505,233.06218644177665,1899800
2019-04-25,231.44354248046875,232.07348855039945,230.08742155935738,231.03232731397856,2333800
2019-04-26,232.1522216796875,232.1522216796875,230.8573251570054,231.34730693088292,1883100
2019-04-29,232.23973083496094,232.6509460097057,231.92474444339777,232.13474427128997,1522500
2019-04-30,232.54586791992188,232.78208759520948,231.0672454288993,232.73835211107686,2259200
2019-05-01,231.1110382080078,233.43833793237621,231.10230712934063,233.14086714512487,2902500
2019-05-02,229.9998779296875,231.37351413712747,228.9499591226091,230.76981482813906,3660200
2019-05-03,231.8284912109375,232.0734687338505,230.62985023452225,231.25979625066245,2161600
2019-05-06,231.21603393554688,231.59227134956404,227.5501021727386,227.78634861651292,3282600
2019-05-07,227.06015014648438,229.6586741587236,225.56403835172475,229.21248130447296,6758100
2019-05-08,227.1827392578125,228.4513628711445,226.43904861520653,226.9640082864906,4115200
2019-05-09,226.11526489257812,226.68395991151368,223.4292429424922,225.5028076718474,7175400
2019-05-10,227.41017150878906,227.95261991079877,223.14052638707355,225.362826629418,5456100
2019-05-13,221.76690673828125,223.71798281100874,220.99696962605475,222.81681248659632,6326000
2019-05-14,223.81427001953125,225.05667364636176,222.44064650436698,222.58062417546063,4308800
2019-05-15,224.785400390625,225.40658871836322,222.00313618597667,222.37934695484972,4151400
2019-05-16,226.74525451660156,227.5501694578217,225.59910647816142,225.73033970764783,3889400
2019-05-17,225.80145263671875,227.51181460390063,224.72260605173543,224.8541661798881,3652900
2019-05-20,225.1260528564453,225.77510055154767,224.09106429232972,224.72256617894726,2613300
2019-05-21,226.96798706054688,227.06448233211503,226.01194777771747,226.46805857592037,2376700
2019-05-22,225.9417724609375,227.04690420714294,225.8277447708938,226.21367229085868,2942600
2019-05-23,223.4508514404297,223.9683526041937,222.15274219024312,223.9420405735743,4616900
2019-05-24,224.64361572265625,225.13479126051615,223.67881045429706,224.72255178048454,2258900
2019-05-28,222.31935119628906,225.59970862865725,222.31058498228114,224.64366934401158,4580100
2019-05-29,220.3897247314453,221.2755941450522,218.81970250923652,221.10017618182238,5192100
2019-05-30,220.91595458984375,221.32819411953332,219.99500703718488,220.82825230953546,3454700
2019-05-31,217.7145538330078,219.33720008002447,217.7145538330078,218.74076295429,4891100
2019-06-03,217.9601287841797,218.93371379819476,216.6795523198728,217.8197890707016,5479600
2019-06-04,222.47723388671875,222.52109172590133,219.7231302185749,219.91609400415146,3796100
2019-06-05,224.3015899658203,224.36299361182924,222.84560887478605,223.85427216709397,2792400
2019-06-06,226.04701232910156,226.59959156562948,224.1261543959628,224.64364201366257,2796200
2019-06-07,228.26612854003906,229.0292041106409,226.6434821191939,226.69610617461004,3124900
2019-06-10,228.91505432128906,230.2394881327671,228.87120988751377,229.69568867209637,3495900
2019-06-11,228.81857299804688,230.563998930227,225.37156556499738,230.37981484484897,2792100
2019-06-12,228.4416046142578,229.15205626849578,228.03811775433832,228.7485694085763,1725500
2019-06-13,229.41506958007812,229.6957489776811,228.37131481847885,229.22210584010867,1882700
2019-06-14,229.37130737304688,229.91510717146247,228.42402075826408,229.13447233581607,2260900
2019-06-17,229.52037048339844,229.958922105432,228.89763467488945,229.48530562592381,1319500
2019-06-18,232.72183227539062,233.1340719421797,230.62556907789784,230.87993655750932,6147700
2019-06-19,232.923583984375,233.49369585863687,232.10788422118156,232.7832442239752,3920800
2019-06-20,235.13380432128906,235.5021994275108,233.2217258487291,235.10749229706354,3471800
2019-06-21,234.8321990966797,236.46748341122125,234.65634995646994,234.99924773063546,4446800
2019-06-24,234.893798828125,235.54439248950936,234.83224893290824,235.03444597316692,1654200
2019-06-25,233.21450805664062,235.09596522301996,233.100208789228,235.0871915468594,7240300
2019-06-26,233.17941284179688,234.29597754717562,233.17061233180377,233.9706806473075,2141400
2019-06-27,233.11770629882812,233.7859006695826,232.54623698053794,233.381479943981,1991500
2019-06-28,233.73329162597656,234.0937637091941,233.04752266617328,233.8124157177822,2176200
2019-07-01,234.718017578125,236.28297912008736,233.86519979885858,236.0192321082834,3970200
2019-07-02,235.32464599609375,235.38619590479698,233.9882831788391,234.60370177340153,2775300
2019-07-03,236.99514770507812,237.0303229206112,235.86978228547113,235.92253169335677,1262900
2019-07-05,236.74008178710938,236.92473147334385,235.02567303945997,236.24773628545256,2157000
2019-07-08,235.67625427246094,236.00155108702495,235.15753410453235,235.53558030357615,1423400
2019-07-09,235.5003662109375,235.72896472647443,234.47172655264475,234.49810124052888,1407000
2019-07-10,236.23020935058594,237.27645045857955,235.77303895926667,236.36208284511812,1978600
2019-07-11,238.1907958984375,238.1907958984375,236.70495872644048,237.08300498584742,2238500
2019-07-12,240.3623046875,240.3623046875,238.7885435542669,238.8412929258113,2411200
2019-07-15,240.5470428466797,240.5470428466797,239.98434683927556,240.50306712876366,2624500
2019-07-16,240.38873291015625,240.889852051432,239.93153581386994,240.5645552441917,1780400
2019-07-17,239.386474609375,240.41514138977263,239.2985500145926,240.31841628626617,1550800
2019-07-18,239.3776092529297,239.7996310950674,238.04124699904494,238.8413149824326,2119000
2019-07-19,238.85238647460938,240.5154080246346,238.77317067682517,240.37461872708116,2364300
2019-07-22,239.02833557128906,239.47709974629916,238.2804042305426,239.13392082357126,1623500
2019-07-23,240.52410888671875,240.7528678973984,239.29223664644073,240.03135999060754,1722900
2019-07-24,239.873046875,240.08424423451703,239.18671587539473,239.55629111494116,2355400
2019-07-25,238.79957580566406,239.8466474563986,238.03402902314437,239.75867764828416,2348600
2019-07-26,239.2130889892578,239.38027457512294,238.55315436699283,239.02831481381,1731300
2019-07-29,239.45071411132812,239.9346554901393,239.06355026715437,239.2131204302871,1346000
2019-07-30,239.2571563720703,239.4683269073956,238.12206103906735,238.5356212392892,1670600
2019-07-31,236.274169921875,239.9346103075135,235.02470881235837,239.60023915480127,5058800
2019-08-01,233.84568786621094,239.08115411332835,233.528905222215,236.53821950251447,7225300
2019-08-02,233.00979614257812,233.76653540542827,230.91559857573674,233.36175602754236,5691500
2019-08-05,226.22564697265625,229.78928402806272,224.4922172172674,229.648494719936,6608200
2019-08-06,229.03250122070312,229.09407470614707,226.18156560094906,227.50143474902575,4991000
2019-08-07,228.98854064941406,229.38451222345884,223.81466156255198,226.25202422680744,5089500
2019-08-08,232.41131591796875,232.41131591796875,229.2876101222068,230.0619374952723,3637100
2019-08-09,231.57546997070312,232.68416881469827,229.87724452282626,231.80425591700322,3773000
2019-08-12,228.24940490722656,230.68678086892962,227.51028128055333,230.02684618231302,3072700
2019-08-13,231.56674194335938,232.8514075483578,227.57192895745183,227.95909286901028,4326300
2019-08-14,224.4481658935547,228.53976860171454,224.4305638775924,228.055800434379,6148000
2019-08-15,225.574462890625,226.09363514299852,223.43628094340806,225.46887763685794,4034800
2019-08-16,228.39231872558594,228.71874039252717,226.6190230581976,227.07780111862965,2743200
2019-08-19,230.56256103515625,231.36539557187996,230.1038099814242,231.18013434758686,1971800
2019-08-20,229.10690307617188,230.75667313292658,228.9128108975188,230.2714561480902,1975200
2019-08-21,231.1713409423828,231.72715162909233,230.6949279361183,230.99488370344199,2156300
2019-08-22,231.63894653320312,232.75056801951044,230.2185652327859,231.77127601404987,2329200
2019-08-23,226.10728454589844,232.1946809768986,225.00448090009735,230.50078340788514,6293900
2019-08-26,228.58644104003906,228.8687618954106,226.8925428314086,228.49821240728565,3145200
2019-08-27,227.43946838378906,229.87443806397357,226.94542046659106,229.8303372199207,3077200
2019-08-28,229.7244873046875,229.7862231053112,226.1514302455636,226.75134176300676,2741700
2019-08-29,232.82110595703125,233.12106171769747,231.14486991867568,231.97417046082103,3740600
2019-08-30,233.0240478515625,234.14447330577823,232.17711228714424,234.02977878613487,2442400
2019-09-03,230.63320922851562,231.32134943363917,229.40689325124862,231.20665491218583,3082900
2019-09-04,232.84751892089844,232.8651807945425,231.82412642229323,232.53873229159367,1963100
2019-09-05,236.15591430664062,237.06461241675373,235.2913439617041,235.31780985137377,3614800
2019-09-06,236.72059631347656,237.26757607587172,235.91776162481437,236.5000382206659,2470100
2019-09-09,237.1440887451172,237.6734336376821,236.4647794025453,237.1882165249307,2243400
2019-09-10,237.66456604003906,237.6910319314071,236.04123495749056,236.86173143708498,2654300
2019-09-11,239.693603515625,239.73770434421937,237.514489496124,237.95560547639883,1899800
2019-09-12,240.2495880126953,241.23768421658593,239.4908539766778,240.51424702316518,3272200
2019-09-13,240.4965362548828,241.09644777191332,240.37301080653276,240.86705875274538,2182700
2019-09-16,239.23495483398438,240.15245708010283,238.90850625325234,239.61430827749072,4077500
2019-09-17,239.57907104492188,239.596706003567,238.52921214811664,238.7233043876168,1756200
2019-09-18,239.94068908691406,240.08184946773045,237.74393955581118,239.29664989761227,3052600
2019-09-19,239.45547485351562,241.02584708787074,239.19961997767635,240.38180789130638,2965600
2019-09-20,238.10858154296875,240.32828391976344,237.96708388270304,240.00108238761362,4076900
2019-09-23,238.2059783935547,238.74544020988418,237.06519841575454,237.2243732515498,1898300
2019-09-24,236.97677612304688,239.31142151431138,236.012848008099,239.14342161186855,3733300
2019-09-25,238.4005889892578,238.88699263834363,236.49043654654602,237.35707328734628,3391800
2019-09-26,237.7814178466797,238.78072667712223,236.91475466011812,238.78072667712223,2401100
2019-09-27,236.994384765625,238.7453885442498,236.1188963702768,238.40048282006512,3171000
2019-09-30,238.04676818847656,238.62158411317535,237.45427516951617,237.45427516951617,2128800
2019-10-01,234.7923583984375,239.0283561498909,234.74815217696005,238.559656852944,3558400
2019-10-02,230.56521606445312,233.51890958123224,229.5482300642449,233.51890958123224,6690100
2019-10-03,231.7060089111328,231.72368600134826,227.61150903460063,230.202619617175,5610300
2019-10-04,234.9338836669922,235.10191050901,232.33392062389703,232.4754183323293,2937500
2019-10-07,234.12025451660156,235.6767021613833,233.6338781215701,234.27945628967288,2104200
2019-10-08,231.3257293701172,233.65154873319563,231.12234836849083,232.26315493958262,3505200
2019-10-09,232.96180725097656,233.67812088406816,232.12169998383362,232.97065929195517,2020800
2019-10-10,234.35906982421875,235.26108736192035,232.6788013893894,232.78494491258542,2100800
2019-10-11,237.14480590820312,238.89581021397774,236.66725437245796,236.7999000801826,4177000
2019-10-14,236.8795166015625,237.64891577674635,236.50810857431216,236.64960634257795,1194600
2019-10-15,238.96636962890625,239.82418055777865,237.76365312598983,237.99359017535252,3168900
2019-10-16,238.84266662597656,239.26715977498557,238.24132157249454,238.5862273163012,2415000
2019-10-17,239.10794067382812,239.78887300638115,238.51542078316973,239.36440692392725,1883400
2019-10-18,236.83645629882812,243.34935703740058,236.81874088043585,238.57969667696625,2232400
2019-10-21,237.34078979492188,237.48237809045514,236.62401761486385,237.20805920698632,1379600
2019-10-22,236.99575805664062,238.37621057644756,236.94266580627988,237.5797998158226,2534300
2019-10-23,237.36732482910156,237.95136639395335,236.5886027426325,237.2611403637112,1693400
2019-10-24,237.13731384277344,238.14609346637445,236.32318777363412,238.05759739284906,1843700
2019-10-25,238.57080078125,239.03094244512488,236.8275338742651,236.90717221963556,1825200
2019-10-28,239.64163208007812,240.32300066167983,239.0929941305787,239.61508595365768,1809600
2019-10-29,239.6946258544922,240.34061733893805,239.19908036142832,239.3406686459043,2884600
2019-10-30,240.46456909179688,240.6857957953862,238.8186553795944,239.69470448414003,2144700
2019-10-31,239.34945678710938,240.3936397007787,238.10173571018746,240.31400137738316,3021000
2019-11-01,241.88034057617188,241.88034057617188,240.42025024553143,240.57066922830592,2989400
2019-11-04,242.95108032226562,243.39353359329886,242.42898870307093,243.11038402379302,1543200
2019-11-05,243.1811981201172,243.8006435868647,242.8449292670376,243.42011319746985,1706300
2019-11-06,243.17239379882812,243.5352088512674,242.4556214041989,243.3670743878147,1605900
2019-11-07,245.16348266601562,246.048389698927,244.72988686155927,244.72988686155927,3023800
2019-11-08,245.18116760253906,245.33158665650697,244.27854525786708,245.260805984972,1512000
2019-11-11,245.26080322265625,245.48202995088363,243.69452770868392,244.0484850728046,1729000
2019-11-12,245.37567138671875,245.99508958324617,244.80048770237303,245.49954422394555,1694000
2019-11-13,246.04824829101562,246.35797097557588,244.38464670962534,244.53506569584914,2595600
2019-11-14,246.2075958251953,246.2872341859407,245.19878924533612,245.89787308549072,1582600
2019-11-15,248.1792755126953,248.18814961557163,246.90264923732218,247.23066638144596,2363300
2019-11-18,248.47178649902344,248.55157224751815,247.88666395487473,248.01966725755355,1790500
2019-11-19,247.6383819580078,248.97707237105237,247.23057919738085,248.96819827130545,1928300
2019-11-20,246.63665771484375,247.2572225486793,245.3245622905719,247.02673940705463,2463600
2019-11-21,246.21102905273438,246.8316207461129,245.71456652010312,246.75180796838742,1382100
2019-11-22,247.22164916992188,247.37237355561146,246.27306764296748,246.7961253612473,1419300
2019-11-25,248.9417266845703,248.9506007887253,247.9133587000238,247.94880100625258,1811100
2019-11-26,249.43814086914062,249.63318173613726,248.77323251190532,249.18106245074668,1300300
2019-11-27,249.9258575439453,249.9258575439453,249.12797260392463,249.6598778604709,1786300
2019-11-29,249.0747528076172,249.6244062115886,248.97721881857817,249.3850218190734,811900
2019-12-02,246.63665771484375,249.55336924976447,246.63665771484375,249.51792695424524,2544300
2019-12-03,244.25189208984375,244.3671472075612,242.5763099418445,244.18095337654444,3834300
2019-12-04,245.61709594726562,246.2465619016655,245.2270142774239,245.57277955281418,1928500
2019-12-05,245.89202880859375,246.33530116544964,244.81931728045788,246.33530116544964,1453000
2019-12-06,248.8531036376953,249.06586570420677,247.69173226599258,247.74492278262042,2686400
2019-12-09,248.0196533203125,248.8707283116181,247.96646282430504,248.6224969785212,1206100
2019-12-10,247.7535858154297,248.35645631476385,247.01776617846915,247.95750068117852,1406900
2019-12-11,247.98426818847656,248.14383973069062,247.03565892887866,247.46121009664478,1921700
2019-12-12,249.9611053466797,250.84764939535714,247.55855149503614,247.80678274645874,3768600
2019-12-13,250.10313415527344,251.43295132131738,249.1190824388967,249.94356258859605,3065500
2019-12-16,250.95408630371094,251.87607284016892,250.82995712273586,250.82995712273586,2117200
2019-12-17,251.2467803955078,251.7787126642891,250.81238211934934,251.06061357075404,1697900
2019-12-18,251.0782928466797,251.69888489927726,251.02510233419358,251.592503874305,1592600
2019-12-19,252.18653869628906,252.25747743470714,251.3975278539981,251.46843953721466,1815100
2019-12-20,252.9564971923828,253.49005356866965,252.8320160826718,253.22328894942854,3637000
2019-12-23,253.73007202148438,254.02354015983292,253.5700132939109,253.73897321894862,2564700
2019-12-24,253.4457244873047,253.99705639239602,253.32121617953945,253.99705639239602,611600
2019-12-26,254.37936401367188,254.41494168373828,253.6146205030147,253.64129697111179,931600
2019-12-27,254.61952209472656,255.08195051904872,254.23715023447426,255.06414811022506,1930200
2019-12-30,253.0187225341797,254.69051965872896,252.65412617082146,254.62826554205284,2552900
2019-12-31,253.52572631835938,253.71246162186546,252.15627077108013,252.46751436880015,1341300
2020-01-02,256.6557922363281,256.66469343641836,254.45933970064408,254.7172302630149,3865500
2020-01-03,254.6105194091797,255.31300861956893,253.59675957980087,253.7390430894227,3296700
2020-01-06,255.19740295410156,255.24185467358262,252.68970723348758,252.80531426950057,1645100
2020-01-07,254.0948028564453,255.02853353724788,253.95251931067125,254.59278169774876,1413000
2020-01-08,255.5708770751953,256.7002438545874,253.50780707079917,253.72124588567613,3136700
2020-01-09,257.4916687011719,257.7406580419763,256.4868101386317,256.9492382985562,1783100
2020-01-10,256.31781005859375,257.91847883133966,255.9621149328053,257.8473235235028,2989600
2020-01-13,257.0116271972656,257.0649801512072,256.2291081601825,256.8071165864295,1463300
2020-01-14,257.1893310546875,258.3186707389918,256.74470528543026,256.87808758864674,2198500
2020-01-15,258.1942138671875,258.98563369908373,256.9492670239876,257.0026199502815,2195100
2020-01-16,260.4884033203125,260.5239809745181,259.19010388869526,259.3323873677189,2522000
2020-01-17,260.9136962890625,261.2161810456588,260.4866717623822,261.1361139469062,2147400
2020-01-21,259.632568359375,260.9226016348648,259.22332747118503,260.17528156272067,4476900
2020-01-22,259.6148681640625,260.7358622078752,259.41023407889935,260.2287432689502,2077000
2020-01-23,259.374755859375,259.659430016165,257.6487915153464,258.67190799129463,1872600
2020-01-24,257.8266906738281,260.4690150985557,256.52777838559234,260.26440810864864,3612500
2020-01-27,253.87646484375,255.0241478610431,252.54195854709295,253.42275116529467,4129100
2020-01-28,255.593505859375,256.3942040681974,254.22340536390848,254.6415516836017,2999200
2020-01-29,255.593505859375,257.36394188395496,255.52231699824677,257.10592977590716,2126300
2020-01-30,256.7055969238281,256.9102038128658,253.42270979788523,254.1522463037827,3433200
2020-01-31,251.26084899902344,255.54016354046524,250.54019064460385,255.2999350387923,4885700
2020-02-03,252.64871215820312,254.6771604046516,252.22166041925723,252.39070003567767,3157400
2020-02-04,256.26080322265625,257.11487964977465,255.70921163117143,255.9405075933618,3004100
2020-02-05,260.54901123046875,260.70917262968493,257.9600927593957,258.6807240287627,3305900
2020-02-06,261.3319396972656,261.68782980255844,260.18428370468655,261.58104648060873,2857200
2020-02-07,259.06317138671875,260.50443334341674,258.59164707803865,260.45996067585077,3839300
2020-02-10,260.6290588378906,260.6379370830451,258.14686982641257,258.1824642588207,2877700
2020-02-11,260.62017822265625,261.9369008409865,260.03299220977647,261.8746173659994,1994500
2020-02-12,263.09344482421875,263.22689001144244,262.0347344212483,262.1237069295966,2804400
2020-02-13,262.2927551269531,263.20020958034445,261.4920568268316,261.91020319420375,2638000
2020-02-14,262.0435791015625,262.5684814834204,261.02934161246696,262.4261309331653,1861700
2020-02-18,260.6290588378906,261.456446124851,259.5703484661726,260.8069766987376,2397800
2020-02-19,261.65228271484375,262.2038744670284,261.0206238196588,261.3586760399016,1474400
2020-02-20,260.4778137207031,261.8212253064905,258.1557859829732,261.17175585330494,3493900
2020-02-21,258.4830017089844,259.6516774616923,257.5998110688631,259.42864732223876,3271800
2020-02-24,249.40127563476562,252.2739055496394,248.87492765731966,250.08819881373105,6595200
2020-02-25,241.49703979492188,251.00702074286804,240.76549442189273,250.5074354211306,9903700
2020-02-26,240.64068603515625,245.60980604793673,239.82885273837948,242.64795808669243,7477600
2020-02-27,229.7210693359375,238.8474734644722,229.6229491317735,236.28706430781236,11188900
2020-02-28,227.09823608398438,227.59782148227032,220.35380598176187,223.49407455872068,17541400
2020-03-02,238.22300720214844,238.4192748598035,226.65219977101353,229.0163143572912,8544500
2020-03-03,231.3268585205078,241.7825129434707,229.43556722230167,238.90988354939537,11482600
2020-03-04,241.66659545898438,241.8628358814818,234.59205744200696,236.81345655311,5408100
2020-03-05,233.2538604736328,237.77691876037952,231.55883666228434,235.76071735378414,5872900
2020-03-06,230.92550659179688,232.04065774664875,225.19807828131493,226.3043131274946,7372400
2020-03-09,212.96702575683594,220.4162380382697,211.5842361365322,215.44711987801148,10406900
2020-03-10,223.4494171142578,223.51185846909738,211.51284076787158,220.61246691688737,9407100
2020-03-11,210.3977813720703,218.48932414545976,208.3994393481314,217.26710930472845,7687200
2020-03-12,189.22772216796875,204.2956402421983,188.97792946105395,196.71261429434378,17322600
2020-03-13,207.07020568847656,207.40028610215234,190.28048194784938,201.30709804351557,13676000
2020-03-16,180.64547729492188,194.7588159286052,179.7711894408209,184.22287544784874,12407000
2020-03-17,190.4410400390625,191.33316089421803,177.8442979203255,184.67793332517692,16128100
2020-03-18,177.8799285888672,183.27726102330914,169.2085151362618,177.59445707112872,13369800
2020-03-19,179.59280395507812,182.86688507208302,171.57264810936437,176.96996709406608,13532100
2020-03-20,171.71136474609375,183.69268388248804,170.90605372397957,181.90309169689664,12206000
2020-03-23,166.54843139648438,171.08504131180442,162.94240357929164,170.12761641829414,15712300
2020-03-24,184.9007568359375,185.41079741840645,175.56803545943015,175.6217210673718,14123600
2020-03-25,189.75054931640625,197.00734969595635,183.71962946313926,188.41731122952652,17556100
2020-03-26,201.39187622070312,202.10770257400108,191.49541440956037,191.87122734109556,16071900
2020-03-27,193.58921813964844,199.77225125550044,191.9964815449994,194.71665675558225,10545600
2020-03-30,199.62905883789062,200.18382817156245,192.47068847925368,194.49292319030576,7691800
2020-03-31,196.1662139892578,201.10549401679086,195.45933082984652,198.60006132725903,8426600
2020-04-01,187.35250854492188,192.1844045189422,185.911885533775,188.48889034828025,8570300
2020-04-02,191.45074462890625,192.193414017138,185.38400927905238,186.39513411294746,8231900
2020-04-03,188.444091796875,191.97853418025298,186.73502771803544,190.34999848539888,6664500
2020-04-06,202.69822692871094,203.93305032696463,195.17298594535498,195.91566859405037,10322500
2020-04-07,202.7609100341797,211.3151631352123,202.62668235537367,210.688808261321,10857700
2020-04-08,209.67767333984375,210.50088451226736,202.97564238846107,205.03367714627586,7010200
2020-04-09,212.19200134277344,214.92113288245372,210.3755658835044,212.8183560436406,9393200
2020-04-13,209.3466339111328,211.78942498546817,206.6622439140788,211.53888301135757,6761900
2020-04-14,214.46481323242188,215.17171009580704,211.95939401754228,213.58791650721403,5391900
2020-04-15,210.34878540039062,211.69098029422656,207.94178037288282,209.81190198145123,6828000
2020-04-16,210.58145141601562,211.22570613020062,207.7538905763719,210.90357877310814,6126400
2020-04-17,217.04542541503906,217.25135221405725,213.30311499159237,216.3023457874821,5924500
2020-04-20,211.8616485595703,215.86360017436093,211.52143362912324,213.29411953518942,7357400
2020-04-21,206.1138916015625,208.90719510243818,205.38870808968565,207.10766514107502,6571400
2020-04-22,210.18748474121094,211.53042132328775,208.95197871416192,209.85621776144632,4318000
2020-04-23,210.45603942871094,213.90290121359365,210.24116469370156,210.8499559513122,6364800
2020-04-24,212.92706298828125,213.37470849420765,209.6771522437174,211.83480686093628,3568500
2020-04-27,216.05162048339844,216.83051924510977,213.48212614511579,214.08196944748676,3632500
2020-04-28,215.84573364257812,219.48957507179878,215.19217494765084,219.35527320666574,4709900
2020-04-29,220.6444549560547,221.73671102309086,218.630050290611,219.7760216296234,5015300
2020-04-30,217.75270080566406,219.4985157053903,216.5798716592084,218.63008225200326,4928900
2020-05-01,212.4346160888672,215.16525596877003,211.7362903046369,214.49378781769823,4723500
2020-05-04,212.5599365234375,212.8553841217973,209.17573844921182,210.58135153888844,3845500
2020-05-05,213.7955322265625,216.42769042871967,213.70599764593524,214.88778853713194,3143500
2020-05-06,212.0586700439453,215.35333503840081,211.8258992544651,215.17427953410376,3082300
2020-05-07,213.89398193359375,215.9262827231684,213.57167661834407,214.18942961099404,3411500
2020-05-08,218.1107635498047,218.27192301471342,216.06950140132687,216.90212903773633,3894800
2020-05-11,217.1618194580078,218.39732561825218,215.76516744784925,216.3739588733814,2743000
2020-05-12,213.1509246826172,218.576387019875,213.02558446450118,218.2809392926603,6433900
2020-05-13,208.441650390625,212.6316055768965,206.83012391088363,212.14815446350212,7531300
2020-05-14,211.960205078125,211.96915307271254,204.39499668928048,205.98861403373064,6964500
2020-05-15,212.51808166503906,212.82307245641445,209.37843676051872,210.05121781148736,4811100
2020-05-18,220.609375,221.7486213592853,218.3039858234271,218.4385365522634,5207700
2020-05-19,217.28134155273438,220.69010117964106,217.14679083483907,220.17878107611136,4404700
2020-05-20,220.43002319335938,221.19251400998803,219.53298161509895,220.13399783000125,3280600
2020-05-21,219.7930908203125,221.9101091022573,218.77046415712186,220.26852167412605,3378200
2020-05-22,219.6675262451172,219.86487646955013,218.13357926207337,219.6944363950156,2521100
2020-05-26,224.48452758789062,226.0722941130932,224.15262677233952,225.01377853370465,4872300
2020-05-27,229.43629455566406,229.45422552939863,224.556386897687,227.60632234003955,5326100
2020-05-28,228.1625518798828,231.38292815681203,227.7499066933319,231.3201286704321,4957600
2020-05-29,228.1086883544922,229.03265373817962,224.87036783096445,227.19371583418982,5082300
2020-06-01,228.9877471923828,229.2389176731079,226.68234437344196,227.65115066528068,2060800
2020-06-02,231.30218505859375,231.36498454154355,229.38251655701137,230.13601453802778,3045800
2020-06-03,236.0744171142578,236.81894949356732,232.92579277559312,233.54475358363035,5184500
2020-06-04,236.21788024902344,237.20463118238948,234.477645262669,235.35672824150797,3937100
2020-06-05,243.58261108398438,245.74448398029995,242.0127887521623,242.55997082471495,7866800
2020-06-08,247.83456420898438,247.92427381225838,244.8025602968038,244.8025602968038,4667600
2020-06-09,245.23318481445312,246.7043184901885,244.11188305301133,245.10758587691663,4632600
2020-06-10,242.6138458251953,245.9508414295123,242.2101935598758,245.07175824579306,6531200
2020-06-11,226.0813751220703,236.37942171484258,225.49830360419585,235.15047920202883,14257800
2020-06-12,230.3064422607422,233.51786638848282,225.54315374843617,232.33376495449346,9817200
2020-06-15,231.75074768066406,232.87204989764467,223.45311127500742,224.52057948784517,7421300
2020-06-16,236.65744018554688,239.6356238446099,232.05561397828063,239.59075535470086,9238000
2020-06-17,234.86338806152344,237.44687169718563,234.3610470629815,237.36611387998136,3669300
2020-06-18,234.5315399169922,235.25814143114917,232.43243845883038,233.26670796165362,3268700
2020-06-19,232.82492065429688,237.91684478756937,231.7543555960772,237.69193662331497,5852600
2020-06-22,234.19232177734375,234.42620754102305,230.91764653980272,231.9972164423027,2823500
2020-06-23,235.2538604736328,236.73824836619832,234.8220270602353,236.45035942393332,2948000
2020-06-24,229.0735321044922,233.47272275488865,227.553150291295,233.202843863926,5903500
2020-06-25,231.60145568847656,231.8443466455668,226.76142713559432,227.912955949117,4312300
2020-06-26,225.25001525878906,230.35091673703423,224.6382579512926,229.99106918719212,5331400
2020-06-29,230.2249755859375,230.41389073941642,225.7627919734755,226.86933619719164,3759000
2020-06-30,231.98825073242188,233.0498105955892,229.154413575326,229.4692904715828,3667900
2020-07-01,231.48440551757812,234.13833202060383,231.33148338754427,232.8878298341079,3575300
2020-07-02,232.4830780029297,235.85670038978395,231.99726869193208,234.93905752960964,3830000
2020-07-06,236.60337829589844,236.6483489449097,234.6871564287494,235.84769019209196,2989100
2020-07-07,233.04078674316406,235.56875161422568,232.80687353152345,234.89402730797215,2828700
2020-07-08,234.55213928222656,234.97496757029433,232.33004635635547,233.58054845783658,2837800
2020-07-09,231.42141723632812,234.97497600539472,229.72112636895895,234.68708706390768,3995600
2020-07-10,234.6422119140625,234.9480837433895,230.71979899025698,231.38554587019146,3110100
2020-07-13,234.8400421142578,239.77000994271464,234.4261914557543,236.65728962235158,4876000
2020-07-14,239.83311462402344,240.24693804158332,233.99450629973794,234.39034694422665,7614300
2020-07-15,241.92031860351562,243.38672481825344,240.24698691059916,243.32374391777026,5220600
2020-07-16,240.62474060058594,241.93819655285685,239.32026230547922,240.3458566817053,2478100
2020-07-17,240.157470703125,241.35494221839406,239.644296101439,241.24690546014438,3415100
2020-07-20,240.22955322265625,240.9678411610754,238.61793137569032,239.84241228285998,4017400
2020-07-21,241.59796142578125,243.33561627559462,240.97672275283793,242.03013582147895,3173200
2020-07-22,243.07449340820312,243.4076157580589,241.08471657449664,241.12975018810715,2039300
2020-07-23,240.1124725341797,242.89452905681026,239.14909894725906,242.7684953267548,2838000
2020-07-24,238.31182861328125,239.7973893033152,237.7355958133961,238.72597876551612,2637700
2020-07-27,239.4461212158203,239.77023135746245,238.00556758610205,238.38369608468454,2637900
2020-07-28,237.62742614746094,239.13999518686862,237.357334346237,238.51878404405358,1989300
2020-07-29,239.0409698486328,239.5541717454391,237.5103763769821,237.86152319362117,1917900
2020-07-30,237.04232788085938,237.52852084332267,234.03518525430982,236.32206439863205,3055600
2020-07-31,238.0056610107422,238.13169473431682,234.25121887200078,237.4744619747997,3306800
2020-08-03,240.1394500732422,240.52659091091857,238.9059847442877,239.19410105542147,2569300
2020-08-04,241.66099548339844,241.67000770310892,239.51817538955478,239.75227329179035,1909800
2020-08-05,244.89320373535156,245.1362863623054,243.0024786524334,243.08350619475138,2122900
2020-08-06,246.6038818359375,246.72093079348988,244.50609524904377,244.560113617717,1948100
2020-08-07,247.25221252441406,247.43229213114213,245.3254926186172,246.000749929412,2311300
2020-08-10,250.42141723632812,250.54745096967895,248.0265015397815,248.05351073094866,2313900
2020-08-11,249.5659942626953,253.69856394283718,248.91774642210765,252.90625797364353,4546400
2020-08-12,252.1318817138672,252.7621048789217,250.94342320659652,251.95180225169833,2641600
2020-08-13,251.57386779785156,252.2941312492749,250.50245736736397,251.3127606192876,1668300
2020-08-14,251.9158477783203,252.2399854010686,250.2052023384047,250.50233078228024,2247000
2020-08-17,251.1505584716797,252.32099276428747,250.7453933447067,252.22196827509646,2436900
2020-08-18,250.4754180908203,251.52880394891443,249.49402010241698,251.2857212454203,1678300
2020-08-19,249.78201293945312,251.86180191434264,249.36786308320944,250.90744106336618,3374300
2020-08-20,250.17828369140625,250.60144596439216,248.37759784487648,248.53066823139713,2063700
2020-08-21,252.00445556640625,252.29317187735288,249.8118362348136,249.9742718588741,2601200
2020-08-24,255.51446533203125,255.57763322693813,253.06922896078996,254.19710907211802,2622800
2020-08-25,255.00912475585938,256.46184835902255,253.56543300329116,256.46184835902255,3346000
2020-08-26,255.74002075195312,255.9024288662283,254.06174849884317,255.00012484985518,2647500
2020-08-27,257.19281005859375,258.4650623501301,255.9656619649133,256.65142200362124,3432800
2020-08-28,258.6906433105469,259.36737150804277,257.1567150484332,258.26655920533716,2715500
2020-08-31,256.50714111328125,258.36588631774237,256.15525665107555,258.2937140683143,4070100
2020-09-01,258.77191162109375,258.89821993051805,255.50557378287402,256.0108620928667,3023600
2020-09-02,262.7599182128906,263.5268820561442,259.50261426192844,259.9357025226792,3464300
2020-09-03,255.6589813232422,263.79775887878424,253.63782783663243,262.54356980719547,6118500
2020-09-04,254.2422332763672,257.86951362306877,249.94728419889861,257.075481556405,7145800
2020-09-08,248.5126495361328,251.58948280778927,248.14270148797817,251.5804784898327,4780100
2020-09-09,252.5098419189453,254.891910745148,250.29018124395512,250.92177767738377,3488900
2020-09-10,248.84642028808594,254.6031240384678,247.9982523510379,253.66472019694257,3455800
2020-09-11,250.01953125,251.58052782719747,248.09761840796583,249.89322294857283,2787500
2020-09-14,253.1233673095703,253.93543548989857,251.4450949059677,251.67067093028862,2371700
2020-09-15,253.16842651367188,255.26177825606842,252.53683027948506,254.82868998945597,2331800
2020-09-16,253.5745849609375,256.46196983370027,253.34900887825737,254.03476898117069,2651800
2020-09-17,252.25714111328125,253.68276934690962,250.01941723392693,250.5608051523664,3305300
2020-09-18,250.10182189941406,252.70667687152607,248.51901340197003,252.3629768957627,3156700
2020-09-21,245.50717163085938,246.16743883871706,241.53657013490417,245.63378195996114,5936900
2020-09-22,246.74618530273438,247.1350971952846,244.01472100359462,245.71511335481284,3169800
2020-09-23,242.01583862304688,248.35612368665085,241.56360779344843,247.98529109414258,3575900
2020-09-24,242.486328125,245.00073200727147,239.92668457026525,241.36477619626257,4432100
2020-09-25,245.7423553466797,246.29406396016964,240.79494672197734,241.274310514777,3606800
2020-09-28,249.54104614257812,250.64449082414527,248.4737876675181,248.96220484840538,2790200
2020-09-29,248.20233154296875,249.61328924393203,247.18028565402028,249.26958946513798,1971100
2020-09-30,250.98818969726562,253.40311523490325,248.7270348351281,248.7270348351281,4028500
2020-10-01,251.56715393066406,253.56600785776914,250.14714151460365,252.6434386591064,2968000
2020-10-02,250.35516357421875,251.9018140422819,247.46090066010063,247.97645081612168,4771600
2020-10-05,254.6151123046875,254.68745712147475,252.11878829467548,252.1549745040643,1862500
2020-10-06,251.1871795654297,256.4330479538284,250.75302788284935,255.54669288796157,4364400
2020-10-07,255.89041137695312,256.5687579039716,253.4574062918877,253.5026183528926,2422600
2020-10-08,257.1293640136719,257.4820896407755,255.682220113256,257.3373724905365,2148000
2020-10-09,258.6127624511719,259.40869327180707,257.23799041679194,258.32332804330736,2549100
2020-10-12,260.9010314941406,261.94115699747744,259.29109066583277,259.5353130062389,2534800
2020-10-13,259.3453369140625,260.58444501665815,258.69412339128473,260.17745381615975,2430600
2020-10-14,257.88916015625,260.43974868787836,257.3916896770004,259.7794817326473,2264000
2020-10-15,257.8077697753906,258.13336273727657,254.7506848239969,255.0853312354843,3128000
2020-10-16,258.75518798828125,260.92678245345127,258.6828134718817,258.9994830461168,2409300
2020-10-19,255.1901397705078,259.741450259073,254.51151478147727,259.361435728676,2837600
2020-10-20,256.0224609375,258.47455018123907,255.38906690958493,256.21246810055186,3339000
2020-10-21,255.13589477539062,257.3979784515872,255.0092048351271,255.65165648076172,2907100
2020-10-22,256.656005859375,257.11747976105386,253.62480824035927,255.25352503922971,2324200
2020-10-23,256.3753967285156,257.4612074493212,254.71956437326648,257.37977578725787,2161000
2020-10-26,250.63873291015625,253.7061299355398,247.6527951518578,253.4799216928411,5140600
2020-10-27,248.52154541015625,250.7021972217261,248.46725761512332,250.59362163166023,3029800
2020-10-28,240.21514892578125,244.98361036682593,239.79890573571885,243.40015212807452,5815200
2020-10-29,241.2195281982422,243.3458921704092,237.79925911591604,239.898479191133,5479400
2020-10-30,239.8351287841797,240.97522765685545,236.532492534697,239.80798488784563,5271200
2020-11-02,243.58108520507812,244.75735720732885,241.52709636486458,243.3096187030328,5062900
2020-11-03,248.51243591308594,250.12303792435745,246.29561111381824,246.71182665920708,4343000
2020-11-04,252.005126953125,256.12210735310117,249.33585771798408,249.6434977211776,6766400
2020-11-05,256.89129638671875,257.8413605684902,255.2264059690141,255.42547045446403,4316200
2020-11-06,256.26702880859375,257.3166393255579,255.0636120097772,256.92756742047715,3078200
2020-11-09,263.9579772949219,270.98852225265665,263.6593944490929,270.1922645126839,10839300
2020-11-10,266.4825134277344,266.889671920233,263.66846698405567,265.387645050144,4354500
2020-11-11,266.12054443359375,267.9573827886559,265.052847623058,267.8940378219314,2910400
2020-11-12,263.35174560546875,265.4057350615289,261.6687687641056,264.41041281556625,4361900
2020-11-13,267.0616455078125,267.7583850888436,264.59146732293925,265.0891147836773,3090400
2020-11-16,271.431884765625,271.5223459987996,269.25123334772695,270.79849045348834,4615000
2020-11-17,269.9208679199219,270.6809247146274,267.46877696890846,269.0160344576545,4049200
2020-11-18,266.708740234375,271.2238507144236,266.708740234375,270.7262033180769,3566400
2020-11-19,267.224365234375,267.6586950923614,265.0256272807845,266.07523706093076,3266600
2020-11-20,265.27655029296875,267.14462894553793,264.97730679692074,266.80910428576857,3090200
2020-11-23,268.3235778808594,269.01275406408894,266.1381009356793,266.8454315411149,2855600
2020-11-24,272.4405212402344,273.05716259943887,270.50895763252254,271.0893455054799,4022700
2020-11-25,270.9080810546875,272.0869840384156,270.2823622241494,272.0053721484883,2629200
2020-11-27,271.3614501953125,272.2320322138299,270.39115722846026,271.54282836777617,1518000
2020-11-30,268.9856872558594,270.0557470835069,267.28990838038925,269.8018341129729,4159300
2020-12-01,270.6361083984375,272.9666833049251,270.40032220845393,271.80593445909415,2841100
2020-12-02,271.3069152832031,271.45201221837135,268.74058415809236,269.42071047483745,2481700
2020-12-03,272.1050720214844,273.3202283335451,271.18915926318965,271.48843049138037,3140900
2020-12-04,274.3992614746094,274.3992614746094,272.5946682717183,272.72161080977594,2747300
2020-12-07,273.0482177734375,274.00946134152537,272.0506930307725,273.6557821568601,2589900
2020-12-08,274.0456848144531,274.6532490699501,272.0325090029322,272.05971295953026,2205400
2020-12-09,272.84869384765625,275.3152877332218,272.0234701485944,274.9706857847756,3074500
2020-12-10,272.540283203125,273.0934394410232,271.32512724705776,272.0415071937374,2413000
2020-12-11,272.8940734863281,273.12078242206746,270.8536930646738,271.5338198718919,2454300
2020-12-14,271.23455810546875,275.4966692075374,271.1438690023548,274.78933848233453,3646100
2020-12-15,274.4266052246094,274.71679928002317,271.5791556198428,272.9122051578199,4211500
2020-12-16,274.0002746582031,274.65319716759257,273.24761355160945,274.35395370156334,1977300
2020-12-17,275.2154541015625,275.41495898741374,274.6350938628072,274.9706185175528,3002900
2020-12-18,274.3049621582031,275.4316393768735,272.78762327699627,275.3680310403089,4442100
2020-12-21,274.5231628417969,275.27728519530143,270.23458932983664,271.4793612051731,6340800
2020-12-22,272.64251708984375,274.28707428735225,272.4516918894854,274.25072266897536,2698200
2020-12-23,273.7417297363281,275.1137182083001,273.61454074843533,273.6690542758382,2714400
2020-12-24,274.41412353515625,274.486826734865,273.42375733225816,274.0870423209057,1955700
2020-12-28,276.2131652832031,277.25804506676997,275.6225834688521,275.93150276054115,2382400
2020-12-29,275.72247314453125,277.75774658753807,274.97744566343226,277.51240797602424,2319600
2020-12-30,276.3312072753906,277.239802951052,276.0858686969528,276.3130176158681,2081300
2020-12-31,277.8395690917969,278.29386707624354,275.6225927094451,276.2131745435961,2797000
2021-01-04,274.68658447265625,278.6298854180036,271.43379721763245,278.5662770814336,5106600
2021-01-05,276.067626953125,277.1670196389566,273.8324900010657,274.3322063869533,3355200
2021-01-06,280.0382995605469,281.8827478978005,275.3590368062475,275.98597011711064,7290300
2021-01-07,282.119140625,283.4638730809692,280.810759783559,281.4104366465659,4107900
2021-01-08,282.60968017578125,282.964018162754,279.838446007848,282.80047755338194,3234900
2021-01-11,281.819091796875,282.5732138972501,280.22904959648855,280.29263021112104,2811400
2021-01-12,282.3371887207031,282.80058167935664,280.67446979025453,281.82837704099444,2290900
2021-01-13,282.2370910644531,283.1184300161217,281.5919958714196,282.2370910644531,1854400
2021-01-14,281.7101745605469,283.7272587599712,281.56482360345865,283.10942014382476,3232400
2021-01-15,280.0721740722656,281.1629505004837,278.1724277804566,279.9722005651373,4009100
2021-01-19,281.1629333496094,282.4536567133502,280.5084730805198,282.1082432741647,2781700
2021-01-20,283.38995361328125,283.9080738777769,281.7265484488908,282.1719354799832,2398400
2021-01-21,283.4806823730469,284.2442144177587,282.8716875498097,283.6079515836241,1930000
2021-01-22,281.75372314453125,282.7081315348923,280.953824279669,281.65372191662766,2049700
2021-01-25,281.4627990722656,281.5809697130882,277.7996479046996,280.86287502318794,4546400
2021-01-26,281.2264709472656,282.8626071856635,281.0628351317573,282.27178175177454,2256100
2021-01-27,275.6545104980469,278.7995418907917,274.60010097698336,278.6359337943135,5743100
2021-01-28,278.2088623046875,281.2539218154862,277.0817189898261,277.21808688133933,6392100
2021-01-29,272.51861572265625,277.03620307409614,271.40966990179186,276.2545012647568,5929900
2021-02-01,274.52740478515625,275.73635172005,272.8185626478001,274.7637461161024,3138600
2021-02-02,278.8905029296875,280.35393299841905,276.79985288059186,276.8180500548486,3090500
2021-02-03,279.29046630859375,279.90855999299555,277.3997909050636,278.2360565142397,2087800
2021-02-04,282.3900146484375,282.3900146484375,279.7539767259734,279.8267099354769,2638800
2021-02-05,283.1807556152344,284.0987972110905,282.57173300647105,283.92609054918387,1955600
2021-02-08,285.3169250488281,285.3169250488281,283.97163796115007,284.23524732243436,1690000
2021-02-09,285.34423828125,285.87142934775585,284.11712166935746,284.74431398788926,1798700
2021-02-10,285.8714294433594,286.5440592242017,283.8716817981547,286.48045232518024,3048000
2021-02-11,286.03497314453125,287.01667730901363,284.32610331269257,286.4076545644188,1937100
2021-02-12,286.36224365234375,286.4531463040861,285.26236872357237,285.67141678661557,2479500
2021-02-16,286.85308837890625,287.7257206099904,286.2077266630892,287.5348167059176,1836300
2021-02-17,287.7802429199219,288.0620217291349,285.29874194179905,286.0441048679218,2007400
2021-02-18,286.8349304199219,287.2348799402723,284.85337999429305,286.09866601645797,2609600
2021-02-19,286.7994689941406,288.0926556042289,286.4898045795779,287.4278303968375,2314900
2021-02-22,287.0635070800781,288.22920914728417,284.8413831718839,284.95977934779637,2978000
2021-02-23,287.2274169921875,288.22917079423945,283.7758354132663,286.66275624431574,5723400
2021-02-24,290.99761962890625,291.4620881556529,286.12534144823223,286.58069402974354,4290300
2021-02-25,285.9433898925781,291.352984053462,285.01445227770887,291.1617158430285,7648600
2021-02-26,281.8179016113281,286.3623143482446,281.2077165384344,286.344110238805,7925600
2021-03-01,287.40960693359375,288.6208610716929,285.4607111985214,285.4880312576685,4749700
2021-03-02,286.1345520019531,288.1745233480216,285.97063168861376,287.5279302503883,4075700
2021-03-03,285.04168701171875,287.66452312792853,284.89597080609326,285.9068682974562,5148100
2021-03-04,281.9363098144531,286.79950359713484,278.38456249496994,285.22397244337935,8577600
2021-03-05,287.0907897949219,287.8284590184736,280.4062148329377,284.5954656457483,7016100
2021-03-08,289.8320007324219,293.0012656082688,287.6280813810956,288.46594259856914,8230700
2021-03-09,290.1596984863281,293.0375295398703,290.0048942045215,290.942919216237,5829900
2021-03-10,294.4584655761719,295.35096717907373,291.8538605807636,291.9085007000706,6472200
2021-03-11,296.2798156738281,297.7733860724901,294.9137573888442,295.7151826961724,5745900
2021-03-12,298.9936828613281,299.1576031604969,296.4346029517212,296.58943509595133,4257200
2021-03-15,300.6148376464844,300.75143794137324,297.6277240972762,299.786092134116,4456000
2021-03-16,299.49468994140625,300.53290787265576,299.0029288300579,300.3963075639479,3270600
2021-03-17,301.23394775390625,301.47073999853325,299.0573767870094,299.81324987117836,4338200
2021-03-18,299.949951171875,303.13742043284475,299.412638260129,300.80601656822324,5376500
2021-03-19,297.50518798828125,299.4854375336296,296.5652475837436,299.4033100632441,5628800
2021-03-22,298.6275939941406,299.3029106524232,296.6108342744471,297.08535778224024,3807600
2021-03-23,295.7256164550781,298.8465989485083,295.15983098445315,297.78802090539324,5068400
2021-03-24,295.7439880371094,299.07487183547363,295.7439880371094,296.83907693647126,6099000
2021-03-25,297.66949462890625,298.06189078309836,292.5865023456669,294.4937593094603,5557900
2021-03-26,301.7030029296875,301.95854778168473,298.11663033264074,298.95620211262775,4956600
2021-03-29,302.6611022949219,303.3911426512172,300.14241572197034,300.49832919391105,5200900
2021-03-30,301.8946228027344,302.6064220653214,300.94554783619793,302.10449483383326,4568800
2021-03-31,301.3105773925781,302.6246726639197,301.0915707971085,301.70297349254855,3763700
2021-04-01,302.469482421875,302.6063615124322,300.89073597943417,301.85805201837894,5936100
2021-04-05,305.8918151855469,306.75873527145774,304.7145984759983,304.74197431346334,5632700
2021-04-06,305.1342468261719,306.0924564473136,304.5958370082414,305.42627420685875,2987500
2021-04-07,305.1342468261719,305.86431527788903,304.2855683597356,304.9243747738301,2658500
2021-04-08,305.8278503417969,305.8460916123267,304.2764790194559,305.0704059511562,2665000
2021-04-09,308.31915283203125,308.5199182168951,306.0377406627919,306.36627849678257,3034700
2021-04-12,308.0362243652344,308.3191172135974,307.2149216490428,307.7716006356473,2951500
2021-04-13,307.3426818847656,307.9176021180607,306.15633103133916,307.19666818668554,3391700
2021-04-14,308.0179748535156,309.45981488564627,307.29704091281747,307.3609271282909,3966800
2021-04-15,310.6734313964844,310.9289483184887,309.2041882080174,309.2041882080174,3881800
2021-04-16,312.0720520019531,312.59239179879177,311.2687541091465,311.95340293916615,3748900
2021-04-19,311.05865478515625,311.56985680205764,310.0544980168069,311.35077818293433,3222800
2021-04-20,308.65777587890625,310.24615137739477,307.4071558270235,309.82624145932414,3762900
2021-04-21,311.5606384277344,311.7797448484465,308.14653415931525,308.21044135945687,4191200
2021-04-22,308.65777587890625,311.4785241662021,307.7175264498076,311.3963696947372,4962500
2021-04-23,310.7666931152344,311.8256200894467,307.7542491008839,308.3202210671068,3613900
2021-04-26,310.2553405761719,311.7250673216618,309.81718332210005,311.4238063510659,2090900
2021-04-27,310.2189025878906,310.76662716292327,309.18738853266785,310.0089614660023,2732700
2021-04-28,308.8861389160156,309.90854330276693,308.6031529824838,309.6712173362619,3025100
2021-04-29,310.8944396972656,311.1591504891638,307.9732605542582,310.2736981833659,3688400
2021-04-30,309.406494140625,310.05462055061844,308.4114745409802,309.3882468679602,2909600
2021-05-03,311.3873596191406,312.3641318327075,310.8761574595675,311.0952639982619,2698400
2021-05-04,311.7342834472656,311.7708058503804,308.2015000881608,310.36498584398896,4478300
2021-05-05,312.4554443359375,313.3865566463887,310.7118687689864,312.4280594991134,3506100
2021-05-06,315.4039001464844,315.52257701811817,312.1175815637892,313.04869355454423,4276700
2021-05-07,317.56744384765625,317.94172179728463,314.7649419364753,315.0935877847645,3526500
2021-05-10,317.43963623046875,320.4977392635801,317.30271206507524,318.82720872892656,6092500
2021-05-11,313.0304870605469,315.1392026219272,311.1865101043373,314.9292336787332,8396400
2021-05-12,306.7225036621094,312.4096601132076,306.4577651294253,311.7888910167329,7034100
2021-05-13,310.784912109375,312.23636417108054,306.96911509312065,306.99649992981585,5741300
2021-05-14,314.2627868652344,314.874390567451,312.0901645855373,312.4826896909501,4677300
2021-05-17,313.7060241699219,315.0570742804848,312.2363250208434,313.4139007095148,3262200
2021-05-18,311.3873596191406,314.48198527004087,311.1682809388745,313.88862860536796,3462300
2021-05-19,309.86279296875,309.9723322743324,305.9922555932665,308.1466028921731,7223900
2021-05-20,311.7616271972656,313.0579076819043,309.7715882954651,310.1367287031967,4532800
2021-05-21,312.88043212890625,314.73736956142926,312.1852146749525,313.10911914234947,4481000
2021-05-24,314.6366271972656,315.3044031022003,313.80420339770683,314.0969293765181,2531800
2021-05-25,313.9231262207031,315.5879738259162,313.44746744030766,315.2952478460332,2623200
2021-05-26,314.0054931640625,314.78303444139294,313.45666677149023,314.27077786439895,2064500
2021-05-27,315.2220458984375,316.6490499997339,314.55427006395433,315.9081066362101,3026200
2021-05-28,316.17352294921875,316.94190794563025,315.908238203682,316.8504275593182,2641400
2021-06-01,316.3840026855469,318.9270019444357,316.1370306844119,318.82639302705235,2584300
2021-06-02,316.8320007324219,317.73761994039575,316.2740180337078,317.1887657359022,2576700
2021-06-03,316.52099609375,317.38086118400844,314.27072451850677,315.23119845836237,4436400
2021-06-04,318.2408142089844,318.32313817664345,316.9967703653897,317.48158567442186,2594200
2021-06-07,317.0424499511719,318.82621940235117,316.521036983487,318.78962167236756,2224300
2021-06-08,316.8138122558594,317.3352253046235,315.3593663165907,317.1339796322528,2748700
2021-06-09,315.3959045410156,317.30772410985486,315.3044241770368,316.99671320503717,2591200
2021-06-10,315.5697937011719,318.0853508495326,315.4051178353806,316.99679843206127,3089400
2021-06-11,315.6976318359375,317.00571397453854,314.2797844711429,316.53005535574084,3003000
2021-06-14,314.9478454589844,315.4692587178384,313.2738682629686,315.4326609674177,2527000
2021-06-15,314.1336364746094,315.1581498412674,313.182290670186,315.13986492968263,2138500
2021-06-16,311.7095031738281,314.3439815909908,310.5477554752666,314.1335795243804,4032000
2021-06-17,309.7793273925781,312.1851184993864,307.9223905321258,311.5264989869366,5169100
2021-06-18,305.0184020996094,307.1162359688199,304.76190047045645,306.2917684434413,7126600
2021-06-21,310.35003662109375,310.63401960122445,306.3467656206216,307.12544035438617,5435700
2021-06-22,310.9637451171875,311.8431751581843,309.131582890441,310.3041655972957,4042100
2021-06-23,310.35003662109375,311.6142333489447,310.2584228953713,311.09206027325257,3082700
2021-06-24,313.281494140625,313.59295842893096,311.8065887050127,312.0814298699293,3704700
2021-06-25,315.5442199707031,316.02974194913793,314.2983348455262,314.8479892255577,3638000
2021-06-28,314.03277587890625,315.5168516233537,313.13503376143996,315.4343796737235,3606300
2021-06-29,314.08782958984375,315.800926241524,313.8588091128203,315.1138648104537,2375800
2021-06-30,316.0022888183594,316.5152921637314,313.62047159679764,313.64795292042163,3778900
2021-07-01,317.2939453125,317.33059639692476,315.97481379565664,316.7626303929788,3606900
2021-07-02,318.7414855957031,319.0621197987822,317.12917277331434,317.9170176139257,3013500
2021-07-06,316.7992858886719,318.8970922283817,314.7655840018653,318.56731633372544,3910600
2021-07-07,317.806884765625,318.008423736829,315.52582369232135,316.6434438132565,3347000
2021-07-08,315.4801330566406,316.0480990804849,312.8692953424844,313.8128581142293,6379900
2021-07-09,319.46514892578125,319.7766133174212,316.81765966195366,317.48640929954627,5063100
2021-07-12,320.656005859375,320.8941959951363,318.219225718136,318.80553129644403,3999800
2021-07-13,319.71240234375,320.8575040713422,319.57499572775595,320.1979243579857,3310200
2021-07-14,320.0881042480469,321.2606876841558,319.1262017068314,320.80264684260396,3933300
2021-07-15,320.573486328125,320.62844896856444,318.466510560393,318.7046726834366,5082600
2021-07-16,317.830078125,321.4965727558635,317.46343425654044,321.4782503530375,5710400
2021-07-19,311.54217529296875,320.8459034684799,309.2506152510623,313.2929305217627,9715300
2021-07-20,316.3085632324219,317.26185992128904,311.42297015161773,311.91795489029863,5802200
2021-07-21,318.9758605957031,319.12252373904647,317.49093473241123,318.0409145266653,3056800
2021-07-22,319.2233581542969,319.72748996757485,317.77507713661544,318.77419354849263,2429300
2021-07-23,321.34075927734375,321.7257255448896,320.09413656893076,320.8182770839692,4142300
2021-07-26,322.1108703613281,322.1475431569013,320.35093982472443,320.8184270555553,2466600
2021-07-27,321.3865661621094,321.44156134094425,319.6541620825452,320.8365864006279,3902600
2021-07-28,320.23162841796875,321.94573815953436,319.63582863361887,321.7532270502853,3697700
2021-07-29,321.56988525390625,322.385665679376,321.1665686481242,321.68905079285975,2425700
2021-07-30,320.3418273925781,321.7442612642182,319.5993640471892,320.70847146868437,3576700
2021-08-02,319.3058166503906,322.56899422410476,319.0399879905675,321.23073168442284,2827100
2021-08-03,321.8175354003906,321.9092034003168,318.1693615992382,319.984287294451,3819300
2021-08-04,318.9758605957031,320.8916007009617,318.87504541954263,320.44246405600245,3118500
2021-08-05,321.37744140625,321.414114188939,319.5992170563226,319.7642026187173,2261400
2021-08-06,322.73394775390625,323.1005915399625,322.15647050363185,322.30313361267997,2123700
2021-08-09,321.8724365234375,322.7065675246037,321.32245665778373,322.2849284159623,2322500
2021-08-10,323.3207092285156,323.51319238581186,321.7441152409595,322.11075915066476,2841000
2021-08-11,325.3463439941406,325.51132950889905,324.2097398171884,324.4297205035329,3422500
2021-08-12,325.61236572265625,325.6306881330069,324.2465768900286,325.57569292880936,3118600
2021-08-13,325.7589111328125,326.6571844586605,325.401414461651,326.18055020358065,2414900
2021-08-16,326.8405456542969,326.8680432485784,323.25654334287384,324.8606349466159,3634600
2021-08-17,324.3290100097656,325.09899867312095,322.2024639014705,324.4023555839616,5019600
2021-08-18,320.9283142089844,324.52149174407003,320.7175086418467,323.2198736649187,4038000
2021-08-19,320.3418273925781,321.2584515694187,318.3527406206481,318.37106303385093,5442200
2021-08-20,322.4453125,322.98706427002236,320.0303656453719,320.44357992151885,3394800
2021-08-23,324.5480041503906,325.3376675251501,324.0613439719148,324.0980529506563,3569200
2021-08-24,324.8143005371094,325.50297225115963,324.7041175464011,325.1264950181573,1981400
2021-08-25,325.2184143066406,326.00810599737514,324.0614645591032,324.851128227706,2434700
2021-08-26,323.3635559082031,325.97132313059257,323.28091865372676,325.4846628394799,3008900
2021-08-27,325.5763854980469,325.8334884357581,323.813373909371,323.813373909371,3163700
2021-08-30,325.12652587890625,326.17332043424295,324.9428968843372,325.9345719169641,2482000
2021-08-31,324.979736328125,325.7877545987498,324.30022756986665,324.8695252700925,2913800
2021-09-01,324.63995361328125,325.3745538570742,324.40123305341587,325.3194623415565,2739200
2021-09-02,325.8519287109375,326.1365774661249,324.97962795289186,325.7692914615727,2390000
2021-09-03,325.18170166015625,325.6499794961299,324.2175441888891,324.759296053103,2465400
2021-09-07,322.7024230957031,324.76843848075134,322.28920880984265,324.7225382366011,3168500
2021-09-08,322.050537109375,323.372789397936,321.0496706449463,322.13317437464366,3075700
2021-09-09,320.7466735839844,323.68501854406884,320.38857872956294,321.89446020555886,3484700
2021-09-10,318.3500061035156,322.90441410582804,318.2306318497526,322.52793685246974,4539000
2021-09-13,320.73736572265625,321.32504570988095,319.05701904928566,320.37927099841704,5439700
2021-09-14,318.1387634277344,321.9035074668229,317.4409005069128,321.7473962263837,3902200
2021-09-15,320.29669189453125,320.88434396630225,317.5052674927636,318.08375632828125,3267300
2021-09-16,319.7090759277344,321.4537060204778,317.7073427478723,320.3793934151421,3646000
2021-09-17,318.049072265625,319.9446291589627,317.51535542294215,319.1624753538883,5380900
2021-09-20,312.3071594238281,314.8468495398723,309.1693616144886,313.0617091077966,10010600
2021-09-21,312.04022216796875,315.684131782888,311.9482272241603,314.1566394237726,6071100
2021-09-22,315.15972900390625,316.84363578404066,313.2641720044461,313.9266986894075,6862700
2021-09-23,319.8157653808594,320.8371734176524,317.02763848043685,317.2852861514449,5592200
2021-09-24,320.10107421875,320.61636965262426,318.6656043556011,318.84043974368285,3121600
2021-09-27,320.78192138671875,322.5210641418048,320.3770705648484,320.4874869782211,3426000
2021-09-28,315.5460510253906,320.0548975888473,315.0767533430573,319.585599906514,7493800
2021-09-29,316.3283386230469,318.0766924219578,315.5093980217356,316.4203616779622,4116600
2021-09-30,311.2857666015625,317.8650071201842,311.1201138884009,317.5337297753516,7926000
2021-10-01,315.78533935546875,317.25762352457195,310.72438183019733,312.8867965709285,6219800
2021-10-04,312.8683776855469,316.5674671384963,311.0832378393195,315.26080767357877,7037700
2021-10-05,315.7394104003906,317.34050468793805,313.29174340541556,313.8990618100176,3826100
2021-10-06,316.6502685546875,316.81589313312736,311.45129113390476,313.30084983759457,6276300
2021-10-07,319.880126953125,321.8492849252273,319.0887626245621,319.18078565088126,5310400
2021-10-08,319.7881164550781,320.6438716622537,318.91393979302603,320.1469978473372,3658300
2021-10-11,317.4417419433594,321.6561279056661,317.3312974382736,319.90780234194045,4098400
2021-10-12,316.33746337890625,318.4722741141725,315.7945640083964,317.91095328878987,5100300
2021-10-13,316.4386901855469,317.05519111754774,313.8897899124371,316.49389838598023,4189100
2021-10-14,321.26031494140625,321.3431272217888,318.93227612127936,319.49356871547616,4473900
2021-10-15,324.79229736328125,325.0039903872346,323.0157726524459,323.6877069853763,4206800
2021-10-18,324.47015380859375,325.0500624078174,322.3990677204538,323.402390498911,3310600
2021-10-19,326.2742919921875,326.32033298201355,324.74628732983956,325.54713088014523,2380900
2021-10-20,327.7193908691406,328.2256450193953,326.1913865131811,326.320267549768,2873800
2021-10-21,327.655029296875,327.7746965479965,326.1270245727542,327.13037548250963,2243800
2021-10-22,328.3729553222656,329.18298450872527,327.0658857548511,327.6641938295634,3872300
2021-10-25,329.1185302734375,329.431519065903,327.95874134196,328.9436363386062,2518200
2021-10-26,329.072509765625,330.388793062872,328.95284254025745,330.04821901584006,3182200
2021-10-27,326.75286865234375,329.8088490226606,326.73444102525895,329.6155555745348,3542100
2021-10-28,328.88836669921875,328.9620210257954,327.46163014436445,327.46163014436445,2490500
2021-10-29,329.7444763183594,330.01139603429,328.0507917853552,328.29009814822757,2979600
2021-11-01,330.5729675292969,331.4197959105284,329.5144180073056,330.8675287449007,2548400
2021-11-02,331.8984680175781,332.1838154194599,330.26000986542635,330.83070466918986,2629000
2021-11-03,332.8096923828125,333.06742639164804,330.3612052534245,331.29090168464217,3557400
2021-11-04,332.6163635253906,332.89249704445496,331.25403928591334,332.60714971112276,3870900
2021-11-05,334.4113464355469,335.9209515145059,333.11349057663244,334.098385695229,4489000
2021-11-08,335.3502502441406,336.56529410009585,334.4389533067234,336.03139842509967,3056000
2021-11-09,334.3929138183594,335.3317959464439,333.0490171038307,335.23055634528254,3680600
2021-11-10,332.3587646484375,334.8072525127456,331.63157529810144,333.6934479876625,3529000
2021-11-11,330.8764953613281,332.5333800337198,330.80286915163487,332.46893954343506,2461200
2021-11-12,332.5518798828125,332.97529392076956,330.9870485686457,332.00879863848,3099800
2021-11-15,332.51513671875,333.8866749411047,331.9904829680297,333.7670077044998,2555000
2021-11-16,333.1502990722656,334.6322908363353,332.93860602804347,333.04905945822946,2728600
2021-11-17,331.23553466796875,332.8279509408942,330.9501874251594,332.6990980365068,2976000
2021-11-18,330.7754211425781,331.41974209482055,328.73194868886236,331.4013425559219,3438100
2021-11-19,328.2493591308594,330.0754874516337,327.7605508426566,330.0754874516337,3542200
2021-11-22,328.5168151855469,331.3205318210099,328.41534954345997,329.6973348599021,4929200
2021-11-23,330.1953125,330.51811675192357,327.72360408641333,328.59055121063955,5789300
2021-11-24,330.2046203613281,330.3614206840742,328.14792138735197,328.38772371185314,4246700
2021-11-26,321.8948059082031,324.14517590710096,320.3638146370967,323.10299289788077,9075000
2021-11-29,323.89617919921875,325.3533722012556,321.8026094414202,325.1873682160507,5243000
2021-11-30,318.0948791503906,322.80775218349,317.5968392667232,321.59956568751323,9543500
2021-12-01,313.9999694824219,323.14901486734726,313.8708647008879,320.9908794119994,8415000
2021-12-02,319.6720275878906,320.90790976097753,314.65484133127575,315.2450869484884,8326400
2021-12-03,319.3309020996094,321.41526837030625,316.41648768036106,320.82499439616436,11365300
2021-12-06,325.3993835449219,326.506104518527,321.7194610176716,322.11606347536775,7026500
2021-12-07,329.93719482421875,330.7395757609643,328.13876158739987,328.2678664476795,5271500
2021-12-08,330.1676025390625,330.97921490339326,328.7196417233115,330.33363462871387,3355600
2021-12-09,330.2783508300781,331.2651991975486,328.65515385898715,329.02406098215283,3774500
2021-12-10,332.2336120605469,332.3258177319815,329.8172098903167,331.6433381468331,3855200
2021-12-13,329.2913818359375,332.0120952676607,328.8947794155536,331.49561989940827,4563000
2021-12-14,328.48907470703125,330.5549766406648,327.38232544498305,328.0648048739578,4079700
2021-12-15,331.84619140625,331.99375986249726,326.8935429540106,328.17549993983806,9274900
2021-12-16,331.5050354003906,334.336447819103,330.4628522651386,333.1927990307619,9493700
2021-12-17,326.748291015625,329.7974252995845,325.8982137849803,329.215311180454,10638300
2021-12-20,322.7197570800781,323.06165471434724,320.19729977936265,322.8214099437103,7303400
2021-12-21,327.9310607910156,327.99574641795573,324.78952182718695,325.3901055971072,4693300
2021-12-22,330.22247314453125,330.37953454715415,327.2472451777539,327.967951172303,2999500
2021-12-23,332.042724609375,333.0960794217965,330.9339612359082,331.1464876097496,2655000
2021-12-27,335.3321228027344,335.36906184240877,332.356894640012,332.689515183523,2594300
2021-12-28,336.32080078125,337.3649068206208,335.3044413212986,335.5076906550942,3048500
2021-12-29,337.1061096191406,337.84531327827773,336.1359383013351,336.23756294323977,3012200
2021-12-30,336.3946838378906,338.843234504099,335.9604104595262,337.89153261505425,2863200
2021-12-31,335.70172119140625,337.01376208481196,335.3228845397212,335.8772803274979,3133800
2022-01-03,337.88238525390625,338.03947490507295,334.7593155348935,336.64425036015666,5624100
2022-01-04,339.9057922363281,341.1439266937997,339.2959597666354,339.4160821285391,5462200
2022-01-05,336.41314697265625,341.4119010593101,336.31152232322285,339.75796270955584,7638000
2022-01-06,334.84246826171875,336.93065225975306,334.4451338384347,336.4316931638754,7019800
2022-01-07,334.76849365234375,336.20990580301816,333.6781997789924,334.3804363336384,5806300
2022-01-10,333.3641052246094,333.761411469849,329.34477027054976,333.6228195468289,8091800
2022-01-11,334.98095703125,335.1749856541123,330.50888066152305,333.2715820644523,7310900
2022-01-12,335.3599853515625,336.8475859735684,334.1772870255182,336.0806917034059,4493200
2022-01-13,333.742919921875,337.37416905410106,333.04993215475963,336.52409165276526,6418100
2022-01-14,331.83953857421875,332.44934303715786,329.3078039166313,330.9802122536755,8575400
2022-01-18,326.9515075683594,328.34670322479644,325.8149979191608,328.3189848527542,8166100
2022-01-19,323.7176513671875,328.52234904190306,323.58828013168136,327.9310142163148,7386500
2022-01-20,320.92724609375,328.0604013852099,320.4467847209684,324.76180100670393,8968700
2022-01-21,316.5609130859375,322.57127061003354,316.366740205626,320.94384169660174,16301600
2022-01-24,317.910888671875,318.19753420294876,306.38950481318494,312.93615801977273,29707000
2022-01-25,317.12506103515625,319.74189496537514,310.0790746902965,314.628467031789,18657900
2022-01-26,315.7379150390625,321.78526674639403,313.0286378127945,319.97292084641424,19047300
2022-01-27,315.8211669921875,321.4431788829062,314.2862389452882,318.45648330229307,12854100
2022-01-28,320.9623107910156,321.0270444878316,312.44610479137145,316.1077914664097,12008900
2022-01-31,324.63323974609375,324.8921463039285,318.7523501244051,319.73249839468656,8379100
2022-02-01,327.27783203125,327.5829608362044,323.33872723690985,325.169584722737,7636000
2022-02-02,329.2104187011719,329.7929655988086,326.1867564928463,326.95422054898984,8856400
2022-02-03,324.5407409667969,328.4613333916733,324.1708503300628,328.0914709736329,9339900
2022-02-04,324.4391174316406,326.6398376254685,321.61888383658055,324.0045211898452,8532300
2022-02-07,324.466796875,326.55656074594174,323.4773928990499,324.79969285082234,4746200
2022-02-08,327.8326721191406,328.58165293271253,324.3651579012325,325.1141387148044,4568400
2022-02-09,330.726806640625,331.12440805869505,329.79288069793904,330.43090540074695,4781700
2022-02-10,325.9926452636719,331.08758987044797,324.5871559529487,328.05467109141654,10298500
2022-02-11,321.12872314453125,327.7216262160162,320.14857498549344,325.9092522981731,8211500
2022-02-14,319.83416748046875,321.36909507663165,317.3468025525102,320.6016312785502,7315100
2022-02-15,323.8380432128906,324.3373730909564,322.10891421552634,322.6452105892275,4932200
2022-02-16,323.32940673828125,324.3002990571709,320.59236292097086,322.48795355985396,4496500
2022-02-17,317.7907409667969,321.5171618392979,317.0325044074534,321.2582552359493,4433500
2022-02-18,315.77099609375,318.75293919928083,314.55784804803034,317.54903262518565,6193700
2022-02-22,311.1684265136719,315.1042194193819,308.91805756187546,313.7428969780105,7942700
2022-02-23,307.0104675292969,313.2521934908918,306.3622360112508,313.1595809136307,5732600
2022-02-24,307.7697448730469,308.14016679285277,298.8331853488424,298.95357883159005,14167100
2022-02-25,315.3634338378906,315.80792871368186,308.43642998928874,309.0105880447678,9496300
2022-02-28,314.2521667480469,314.69668992286967,310.0385652331996,311.11280837632313,8217300
2022-03-01,308.52911376953125,313.9558638816295,306.8343918800297,312.33524332945706,8532900
2022-03-02,313.9374084472656,315.28021987644644,309.9460530963542,310.48316071119575,6836200
2022-03-03,313.1317138671875,316.79893917497344,311.78890251960127,315.52095943978276,7790700
2022-03-04,311.594482421875,311.9649044229294,308.1957962675449,309.8719791379606,6025000
2022-03-07,304.1858215332031,310.5386399705516,304.06542806672314,310.41827476544876,6590800
2022-03-08,302.3893127441406,309.6774713319664,301.95405917892873,304.2044000907892,8209800
2022-03-09,308.7513122558594,310.27007855488074,307.0566188967076,308.492014139121,4669200
2022-03-10,307.5567321777344,308.242042388969,304.38032259872057,304.97302026666614,3317400
2022-03-11,305.6213073730469,310.90918216398785,305.3157170118909,309.3996850429242,6923400
2022-03-14,305.6675720214844,309.8626630549082,304.48220494669346,307.22336100813874,5640600
2022-03-15,311.3351745605469,311.94638356099665,306.63072768243745,307.45494275106086,6648500
2022-03-16,316.1228332519531,316.17842338063963,309.8070654896378,314.11327977438185,9577100
2022-03-17,319.9105529785156,320.0401879448754,314.5022850534223,314.8079036551695,6032900
2022-03-18,322.2420959472656,322.47413178764214,318.0283171551156,318.92861734876396,5903900
2022-03-21,320.61773681640625,322.9288039423847,318.6314970975353,321.7036483209136,4329900
2022-03-22,323.1236877441406,323.66199817151795,321.9356376222824,322.1769638438691,4430800
2022-03-23,318.73345947265625,321.54573046891255,318.6777731816147,320.9053097972702,4098700
2022-03-24,322.121337890625,322.121337890625,318.7614644436453,319.73600335628043,3550000
2022-03-25,323.4950256347656,324.21897616818393,321.31388353899194,322.80818043405895,3206200
2022-03-28,324.37677001953125,324.37677001953125,320.56211492090205,322.7618098551111,2962400
2022-03-29,327.606689453125,328.29350632162044,324.97076630073906,327.3189673420158,4711800
2022-03-30,326.8177795410156,328.0707785278268,325.25850576060657,326.84562270406997,3909800
2022-03-31,321.9078369140625,326.3072541682308,321.8428884282569,325.843182649941,3978900
2022-04-01,323.0030212402344,323.31858642878524,320.43204726712713,323.1329465180266,3560200
2022-04-04,324.1448669433594,324.1820006188631,321.1655338710003,322.65985981955237,3829900
2022-04-05,321.45306396484375,325.82460984603614,320.67342719349386,322.82672589037156,4331700
2022-04-06,319.97735595703125,321.19322123653524,318.0746737997047,318.9007064872641,5431300
2022-04-07,321.1097412109375,322.158547680304,317.3229289794095,319.06781460467647,4599900
2022-04-08,322.4089050292969,324.0331546528458,319.88435590999427,320.86818484457064,4535900
2022-04-11,318.53875732421875,322.13992914470816,318.11179105877653,320.54352170895197,5344400
2022-04-12,317.62908935546875,321.83357589020375,316.4967537954131,319.6617247323283,4501400
2022-04-13,320.914794921875,321.1839360502546,316.99802957000566,317.1372453820437,3605000
2022-04-14,319.66693115234375,323.7893916348647,319.6297839553365,321.91384070862216,4179600
2022-04-18,319.4903869628906,321.31949606244257,318.12551846388493,319.2768260860403,3939000
2022-04-19,324.1513671875,324.7270210248531,319.629668065389,319.6668152489276,4261200
2022-04-20,326.3890686035156,327.81893790731317,325.2284668421549,325.95268120784385,5677000
2022-04-21,322.8422546386719,329.4994786405262,322.3501606377261,328.6452632984112,5369600
2022-04-22,314.0775146484375,321.63536977309,313.58542044920443,321.5703692495085,6855100
2022-04-25,316.2036437988281,316.6864439574995,309.3700338529928,312.3875985984511,6806600
2022-04-26,308.67364501953125,314.80159943778096,308.50649683712214,313.8545586341431,7619800
2022-04-27,309.2121276855469,312.89819959758916,307.401577807881,310.0013424613243,6894400
2022-04-28,315.0244445800781,316.1850462653852,308.71075441100623,311.2640781186819,5976600
2022-04-29,306.1110534667969,314.96877449000954,305.56325280800877,313.4739046117866,6495600
2022-05-02,307.0859375,308.5715134473042,301.25507528320964,306.7238444783784,9221700
2022-05-03,307.5594482421875,309.5742652459977,305.57248454557276,307.4944477470641,6051000
2022-05-04,316.2315979003906,316.7701331865206,306.5846871890092,308.0702353307129,10569700
2022-05-05,306.62176513671875,314.0496181939843,303.5113743369974,313.6689373245981,9101200
2022-05-06,305.535400390625,307.0023886278525,301.5243536889572,304.3005041830487,10644200
2022-05-09,299.52813720703125,303.0285022572221,298.3860947628013,301.7379277079766,7817200
2022-05-10,298.81317138671875,304.17979301277796,296.24128798114367,303.1491922082171,7716500
2022-05-11,295.68408203125,302.7498379091826,295.40554903632255,298.7294988940989,9374700
2022-05-12,294.9228210449219,296.584782211927,290.1782667500882,293.9571925351805,6790800
2022-05-13,299.1845703125,299.92734409499775,296.04629866169057,297.4204329928117,4236700
2022-05-16,299.6953125,302.28578429475255,296.8356014219846,298.70183031206466,3692600
2022-05-17,303.7063903808594,303.9570702562943,300.3267031623255,303.4556821704098,3316800
2022-05-18,292.9822998046875,301.1901004658927,291.9424051512328,301.02295227622704,3659000
2022-05-19,290.7817077636719,293.7250053551775,288.5997714841639,289.79752005206313,3836700
2022-05-20,290.76776123046875,293.2340974427403,285.0532799664142,292.97350396375606,4654000
2022-05-23,296.7427978515625,297.49665854830937,292.96417832877574,293.4667615941263,4484600
2022-05-24,297.2549133300781,297.96222274850027,291.88478096209377,294.6303446388073,5260500
2022-05-25,299.0137939453125,300.1864791478124,295.44924333499125,295.94251072289615,4612800
2022-05-26,303.82550048828125,305.0539967324663,300.5215150399351,300.5680668477685,3270200
2022-05-27,309.0560607910156,309.1119002486814,304.16990942725016,304.38395121411156,2773100
2022-05-31,307.3156433105469,309.5027548558477,304.9516689582154,307.28772358366217,4354000
2022-06-01,305.60308837890625,309.87500470656573,303.4997363607366,309.37242130285887,3721400
2022-06-02,309.7076416015625,309.7169576487033,302.81118208232215,305.78010405680516,3718800
2022-06-03,306.52447509765625,308.7395342563455,305.94744860809465,307.0084263850967,4150900
2022-06-06,306.6175842285156,309.6795513784064,305.76133203784207,308.60925744198977,1957600
2022-06-07,309.1492004394531,309.42839778595913,304.1699728078539,304.1699728078539,2424000
2022-06-08,306.5524597167969,308.9257216592165,305.78928266142435,307.6506734876578,2032900
2022-06-09,300.6146545410156,307.1202071712067,300.6146545410156,305.41704685778154,2591500
2022-06-10,292.5828552246094,296.6779113597356,292.5363317922833,296.24979921355094,4484700
2022-06-13,284.4018859863281,288.1619033306084,283.080314432357,286.18883363984406,6317200
2022-06-14,283.2105712890625,286.1236521518918,281.00482795019775,285.36047518156863,3724000
2022-06-15,285.9376220703125,289.1485048786077,281.3120637592215,285.1651288096909,7060900
2022-06-16,279.1156005859375,280.7536339062686,277.3658883396884,280.4837242335833,4943500
2022-06-17,278.6602783203125,281.3282091947155,276.4867556098917,278.24048544957594,4738000
2022-06-21,284.78912353515625,285.88987714813993,282.2984072895255,282.7275093225391,3246500
2022-06-22,284.15478515625,287.0186350416524,281.09504518295864,281.28162615026343,6361200
2022-06-23,286.1417236328125,286.4402417597027,282.4476543343768,285.14359812767265,3582600
2022-06-24,293.8657531738281,293.9590436631828,288.36195592102547,288.43659969981337,3314800
2022-06-27,293.2500915527344,294.67737636089845,292.33591870767765,294.2202614701076,1896500
2022-06-28,288.5670166015625,297.345114213029,288.4644170504343,294.77978381589696,3025900
2022-06-29,289.2294921875,290.5634863765527,288.0914165628439,289.55599465990116,2462800
2022-06-30,287.1492919921875,289.014988081849,283.81901763975856,286.15113775183545,4117800
2022-07-01,289.9758605957031,290.4049627846493,284.30412775527685,286.75752300793926,3315000
2022-07-05,288.9123840332031,288.9590435202849,283.1940204876556,286.01124003714773,3767700
2022-07-06,289.5652770996094,291.31903544636936,287.2611419896861,289.182806101156,2493300
2022-07-07,292.86749267578125,293.1659822487437,290.68460440915106,291.55217424568247,2267500
2022-07-08,292.41046142578125,293.97766735498396,291.20710826911926,292.4477833086387,2094300
2022-07-11,290.7686462402344,292.6716350953538,290.2742380864651,290.7313243602556,2633200
2022-07-12,289.1548767089844,292.4944598036279,287.87687958783647,289.7052535766479,2806000
2022-07-13,287.08392333984375,289.12686239103056,284.6211913725063,285.62868298396506,3481200
2022-07-14,285.8245544433594,286.2536564515659,281.2256217147893,282.3357128517897,2893100
2022-07-15,291.7861022949219,291.89808626194184,288.5104288588157,290.0596068562856,3027500
2022-07-18,289.9101867675781,295.22965123236276,289.05162432577345,294.67904459508384,2344900
2022-07-19,296.8722839355469,297.1429308911796,291.7861546530386,292.1687855957857,3004900
2022-07-20,297.46014404296875,298.10408026653386,295.32305044085115,296.9935252421332,3243000
2022-07-21,299.0187072753906,299.0653577702635,294.32452258892164,296.424307501003,2159800
2022-07-22,297.7589111328125,300.68929209505814,296.1537406490711,300.27866510060124,3264100
2022-07-25,298.5987243652344,299.000038218259,297.0028958841805,298.70139532117463,4002500
2022-07-26,296.34027099609375,298.15075419112105,295.92964417989265,297.60014743306755,2101700
2022-07-27,300.5119934082031,301.84651698363774,296.80703721278906,297.5909537566842,3338100
2022-07-28,303.51690673828125,304.3474734797249,298.45874588443854,300.9225070773476,2688400
2022-07-29,306.7179870605469,307.2872485377056,303.2276862526246,303.787606236662,3225600
2022-08-01,306.139404296875,307.7072373159878,304.65555928091135,305.0848407903952,2745500
2022-08-02,302.40631103515625,305.8966104434408,302.2756441045047,305.1406902879583,5394600
2022-08-03,306.2513427734375,307.1659261387057,303.43297465947825,303.95558558815736,2564600
2022-08-04,305.5047607421875,306.4379986894403,304.7488402833257,305.81274521367163,2426400
2022-08-05,306.073974609375,306.2792880459359,303.2369239805751,303.3675909311843,2672400
2022-08-08,306.4939270019531,309.01365161372973,305.8313077529439,307.7911125488724,2528800
2022-08-09,306.0179443359375,306.9791779231682,305.34601212582425,306.3632376905517,1655100
2022-08-10,310.9547424316406,311.54265812582815,309.79750857987864,310.39479424274265,2934400
2022-08-11,311.43072509765625,314.3144259897463,310.9361102873007,313.3998713291753,2401600
2022-08-12,315.2757263183594,315.3597427863291,311.87875539731147,312.4480168080841,2606900
2022-08-15,316.7129211425781,317.16088555854844,313.6239061711897,313.67055667111714,1936500
2022-08-16,318.92449951171875,320.18437553795206,316.1341291532805,316.1994625982289,3897100
2022-08-17,317.4874572753906,319.22326561944703,316.08760081206026,316.99284246422,2960300
2022-08-18,317.8421325683594,318.2341049943437,316.33963330909694,317.4875261107607,1850900
2022-08-19,315.1454162597656,316.6601742190623,314.41608729658157,316.37031453722716,2010300
2022-08-22,309.27337646484375,311.85406359694656,308.7123475978254,311.4706943467359,2684500
2022-08-23,307.730712890625,309.91872955516766,307.2912718953727,308.8527712552556,2897200
2022-08-24,308.4317932128906,309.52580083923147,307.00118541543645,307.5622142357366,2581700
2022-08-25,311.5081787109375,311.5081787109375,307.62777329584077,308.64696219044845,2498900
2022-08-26,301.95220947265625,311.99455013282017,301.84936885497706,311.82622138595843,4191000
2022-08-29,300.2409973144531,302.3261158046515,298.97868908899187,299.71737781183737,2896900
2022-08-30,297.3796691894531,301.2413829764094,296.0051613760469,301.16656391255606,2926300
2022-08-31,295.14495849609375,299.3713516617778,295.0982179753703,297.7724149473594,2981600
2022-09-01,296.46343994140625,296.6410996203639,292.38668391613857,293.87339238600214,3228000
2022-09-02,293.37774658203125,299.91365785103966,292.0219290763745,298.99730966820607,3826200
2022-09-06,291.91912841796875,294.724244852984,290.7316108646688,294.11644679730136,3320400
2022-09-07,295.7808532714844,296.35124185917,291.21788724561804,291.39554692578866,2520200
2022-09-08,297.56671142578125,297.7163210443427,293.30293716968913,294.2473354027447,3301100
2022-09-09,301.3443298339844,301.9614589204919,298.74492288270096,299.2872328789592,2479300
2022-09-12,303.4855651855469,304.52344460805966,302.2138975163431,302.2887166037132,2486900
2022-09-13,291.4796142578125,298.8290044916773,290.6380566284925,298.0903159541008,4301200
2022-09-14,291.7882080078125,293.11597567001616,289.4225609660625,292.0687082360359,2868800
2022-09-15,290.1986389160156,293.15336505661327,289.422569239001,291.38615649805195,3294600
2022-09-16,288.8045654296875,289.30145253632156,286.273265090813,286.84514160877245,4071000
2022-09-19,290.77337646484375,290.810885476365,286.2170186442624,286.2920080563121,2730000
2022-09-20,287.8388671875,288.7482674302485,285.5513042801942,288.4670214215583,2822800
2022-09-21,282.95440673828125,290.8858599126176,282.8700329249469,289.2451912276916,5110700
2022-09-22,281.74505615234375,284.0420042825147,281.15443932352633,282.72009034840386,3492500
2022-09-23,277.3761291503906,279.38244635750937,274.1323007037604,279.2136987263476,4949300
2022-09-26,274.4322509765625,277.7323278568793,273.28846961623356,276.19480211651063,4143400
2022-09-27,273.1010437011719,278.0043101577086,271.4135100056384,276.3636412716641,3681000
2022-09-28,278.19171142578125,279.410482077784,272.8665494448734,274.0853487078591,3995700
2022-09-29,273.9541015625,276.4291806572397,271.7415568665827,276.3541626544376,3351100
2022-09-30,269.3507995605469,275.1259543888885,269.10706262596324,273.0165240903813,3827200
2022-10-03,276.3729248046875,277.8542012980278,271.3852863449103,272.40718487334476,3457600
2022-10-04,284.2012023925781,284.23868277422145,279.794825616331,279.95418876576093,4163800
2022-10-05,283.87310791015625,285.52313190335656,280.1323649545811,281.0042846575996,2746900
2022-10-06,280.5355224609375,284.3606105960191,279.9542331216269,282.6355686048268,3081700
2022-10-07,274.6666564941406,278.3417664955801,273.23224461784406,278.19175908623686,3029300
2022-10-10,273.71978759765625,276.4948821631886,271.966620447136,275.89485243734634,3154500
2022-10-11,274.0291442871094,277.63862065374474,272.5572234174159,272.98847683398645,3849900
2022-10-12,273.9071960449219,276.1666338094073,273.1665435850412,274.1884419861521,4378700
2022-10-13,281.7823791503906,282.87929547319777,268.713284509691,269.2008155913737,7389600
2022-10-14,278.276123046875,285.34503956710125,277.68547783441073,283.63876614452164,5519400
2022-10-17,283.1887512207031,284.26689906579696,281.23871214000206,282.0918631787424,3555700
2022-10-18,286.3856506347656,289.1138507486636,284.1074726444217,289.0013523705204,4685500
2022-10-19,285.335693359375,287.49198906650116,283.4043944603697,285.32630895537403,2939800
2022-10-20,284.360595703125,289.10446808319756,283.82619979275387,285.7856228531333,3574700
2022-10-21,291.6327209472656,291.9329158945738,283.3118872809465,284.3156194044991,5357200
2022-10-24,295.54443359375,296.43562810418655,292.30804913469626,293.1804635744985,4331700
2022-10-25,298.77142333984375,299.04347668030596,294.66259627086635,294.887756696283,6024800
2022-10-26,298.6683654785156,301.80157495035166,298.09611709683963,298.29313612544007,4991800
2022-10-27,300.61962890625,303.8185119581332,300.11308207193053,301.6515312823687,4262200
2022-10-28,308.2367248535156,308.5275582661308,301.55754758898,301.84835237344157,5251400
2022-10-31,307.14874267578125,308.46205996679606,305.68529926217064,306.6796987412638,5128200
2022-11-01,306.2011413574219,309.40938454471325,304.69080561034485,308.9778723147591,4376400
2022-11-02,301.4639892578125,310.2726505851102,301.4264863447086,305.3101563361282,7110300
2022-11-03,300.0661315917969,301.9235556898561,297.54267319029987,299.5783362556148,4112700
2022-11-04,304.0718078613281,305.94798355158423,299.568969027812,303.5745938203679,6263700
2022-11-07,308.0867919921875,308.58397735543355,304.08113897062987,305.00986531191313,4518300
2022-11-08,311.17303466796875,312.9085024808615,307.9647910573447,309.0717275719735,6349000
2022-11-09,305.19732666015625,310.3849484185412,304.84084889640866,309.29676368694714,4799200
2022-11-10,316.3795166015625,316.59525848445423,311.3325994016219,313.52772152934097,6002300
2022-11-11,316.8766174316406,317.4206956415527,313.45260342795143,316.97979332580127,5190700
2022-11-14,314.9816589355469,318.8278237697681,314.7846685580653,315.8634635580129,3303300
2022-11-15,315.39447021484375,319.06239670391676,312.77722603944954,317.5333091112568,4824100
2022-11-16,315.26318359375,316.37012036131824,314.7753596005942,314.88795418774686,3085500
2022-11-17,315.2912902832031,315.9291830658178,312.1299392286039,312.1299392286039,3606500
2022-11-18,317.1251525878906,317.8583453302297,315.14178288620735,317.2097484405123,3659100
2022-11-21,316.824462890625,318.32845663851805,315.3956846075887,317.3978732365525,2304100
2022-11-22,320.499755859375,320.65015806470063,318.0839975307293,318.55399366501416,4389400
2022-11-23,321.4302978515625,322.0224687555762,319.58789275147126,320.17068324151353,3108500
2022-11-25,322.9061584472656,323.16935515512614,321.5055790396818,321.5619762852026,1498300
2022-11-28,318.17803955078125,322.39862521539595,317.670464275005,321.18602690623237,3089800
2022-11-29,318.1685791015625,319.005157266144,316.41076954181005,317.651566165299,2943600
2022-11-30,325.3782653808594,325.4158730976776,316.0065428321438,318.32832450729046,6940400
2022-12-01,323.7426452636719,325.9516321811492,321.18586589911325,325.9422230816241,5325900
2022-12-02,324.05303955078125,324.68284721437595,320.4058636751526,320.4058636751526,3736500
2022-12-05,319.62548828125,322.7086609870651,318.68549625281514,321.9002816120256,3827200
2022-12-06,316.26983642578125,320.2084068960361,314.63425882135834,319.38120899016513,5516300
2022-12-07,316.25103759765625,318.02760827323004,315.4050501956549,315.96905135908605,3577100
2022-12-08,318.1498107910156,319.26840401069455,316.8338272050082,317.47301513445603,3278400
2022-12-09,315.2451477050781,318.7607089986253,315.13235324226866,317.40714675862904,3815500
2022-12-12,320.1802062988281,320.2084049233413,315.8938432550779,315.9690587113073,5017300
2022-12-13,321.29876708984375,327.32412119998526,319.1273871628143,327.2865134756698,5274300
2022-12-14,319.8041687011719,323.97773664165277,317.379001285843,321.2705543357963,5498400
2022-12-15,312.82940673828125,317.1251781699627,310.93063273604804,316.3825762664439,5865600
2022-12-16,309.9276123046875,311.36904728884105,307.55349255169097,310.22909604346944,6672200
2022-12-19,308.4297790527344,311.2090025456698,306.85643350673627,309.8335219567749,3709600
2022-12-20,309.37188720703125,310.77563007771283,307.51591855368224,308.62760792443794,4721700
2022-12-21,314.28973388671875,314.97745979519715,311.9532771161294,312.34897827325267,5086800
2022-12-22,311.1430969238281,312.6410572279531,306.7999292014922,312.31131102868613,4876900
2022-12-23,312.71624755859375,312.9612066765673,309.0702668463324,310.53996405203355,3997900
2022-12-27,313.130859375,314.49693806790924,311.4350633261476,313.1025970658884,3098900
2022-12-28,309.5508728027344,314.4215934605542,309.5508728027344,313.43238376246705,3102400
2022-12-29,312.8388671875,313.58314647461344,311.02059119276794,311.3974316384046,2458800
2022-12-30,312.1510925292969,312.2170475096052,309.34360695076657,311.48219862481847,3881800
2023-01-03,312.04754638671875,314.5064544298887,309.34367907448035,313.178096665863,3910700
2023-01-04,313.3098449707031,314.7041858898923,311.08646678312994,313.3098449707031,4137300
2023-01-05,310.16314697265625,311.981422289268,309.1079826179608,311.811848464636,4350100
2023-01-06,316.8145751953125,317.6059487052461,310.8133045150052,312.95189618764425,4800800
2023-01-09,315.8818359375,319.7633462375493,315.5332578888659,318.14290682819046,3864000
2023-01-10,317.7096252441406,317.8038137947055,314.93980333195645,315.561603021537,2277500
2023-01-11,320.0931091308594,320.14020339625273,317.6153412483192,318.811817349873,3265800
2023-01-12,322.2035827636719,323.14569850274694,318.3880255208541,321.1484177360823,4332600
2023-01-13,323.18328857421875,323.6072232715519,319.48075304435355,319.5278760670005,3473400
2023-01-17,319.5279846191406,322.9101767474881,319.0286644163727,322.54273780055576,3929700
2023-01-18,313.6961975097656,320.50770288877914,313.441836676514,319.91416552677555,5164300
2023-01-19,311.4915466308594,313.2156047601594,310.8697471617962,311.8966492580892,3454200
2023-01-20,314.6221923828125,314.6787649325255,310.5487961507298,311.93488116961385,4120200
2023-01-23,316.9794006347656,318.4691920399571,314.0374848892504,315.5838776058206,3985300
2023-01-24,317.8562927246094,318.4408947592829,314.65039110593375,315.83844309478815,3360900
2023-01-25,318.0637512207031,318.3654906009625,313.56603311159864,315.15956004274557,4318600
2023-01-26,319.98724365234375,320.08154079636097,317.00766108462744,319.12921733549746,2930900
2023-01-27,320.22296142578125,322.0428070406214,318.85575359728006,320.0249575727744,2907400
2023-01-30,317.8186340332031,320.9962500440052,317.62063012323165,319.13870805877224,3032700
2023-01-31,321.37335205078125,321.401638318539,317.2999856164069,318.32775837887397,2593500
2023-02-01,321.4110412597656,323.67402875745057,316.4230189079835,319.7609420129509,6175400
2023-02-02,320.9963073730469,322.01467092854534,318.7144708874883,322.01467092854534,5169400
2023-02-03,319.6289978027344,322.1654387625769,318.66720710727714,319.43096514458045,6504300
2023-02-06,319.15753173828125,320.1758661672786,317.46970767055285,318.3748970269339,2708400
2023-02-07,322.0240478515625,322.76895812814047,316.9983278169828,317.714951818524,4969600
2023-02-08,320.0439453125,321.96746953144213,319.4970389709805,320.9396965229157,2769500
2023-02-09,317.83734130859375,323.0045188083561,316.87557968172854,322.2407610038426,3094700
2023-02-10,319.3931579589844,319.65717263569957,316.77185910608296,317.51674018743984,2523900
2023-02-13,322.9952087402344,323.00464708924244,319.5347301578926,319.5347301578926,2653900
2023-02-14,321.6657409667969,323.91929078018956,319.0915750259596,322.0240241657569,3501100
2023-02-15,322.1559753417969,322.1654136891987,319.29894729764163,320.0815531948577,1967700
2023-02-16,318.129638671875,321.42983632743335,318.05418946835874,319.1762589732838,3229600
2023-02-17,319.5010681152344,319.6332773977997,316.469333736355,317.0738013783782,3034200
2023-02-21,312.8520812988281,317.2815968462712,312.7104181963458,316.129355575074,3142900
2023-02-22,312.1627502441406,313.96667138645853,311.1522004627035,313.3244458301429,2896400
2023-02-23,313.24884033203125,314.2688437319168,309.76378307995407,313.41883609491026,5999600
2023-02-24,309.8959655761719,310.8593324609921,308.2998271323119,309.6220643223888,3764700
2023-02-27,310.78369140625,313.5415245028284,309.97147046144704,312.36095069519433,2887300
2023-02-28,308.43206787109375,310.60431264297614,308.37540262122616,310.60431264297614,3155300
2023-03-01,308.838134765625,309.61259816778363,307.23254271945274,307.9314620733398,3317500
2023-03-02,312.08709716796875,312.80489537587573,308.6492518802113,309.37650390325615,3047500
2023-03-03,315.6477355957031,315.8555177952744,312.06825558949475,313.1071377647405,3033500
2023-03-06,316.0915832519531,317.4516067417102,315.61935367419323,316.04437182321954,2641700
2023-03-07,310.604248046875,316.31824268280286,310.46258495166757,316.0821279165894,5009200
2023-03-08,310.2454528808594,311.1993660790267,308.46043963830135,310.6515923199268,3169600
2023-03-09,305.1358337402344,312.08706771296835,304.4936084688298,311.40705600718576,4760900
2023-03-10,301.9718322753906,306.82633567678823,300.7440185020874,304.62575928349435,7741600
2023-03-13,301.1124572753906,305.2208601262208,299.07242216002794,299.1668738345789,6831600
2023-03-14,304.2953796386719,305.7309475658486,301.0086505154612,304.31425845073244,4760500
2023-03-15,301.79248046875,302.04747405940043,297.4762952986465,299.2990945141903,6518000
2023-03-16,305.2964172363281,305.5986510787825,298.85519897922217,300.01689409844045,6569900
2023-03-17,301.6108703613281,304.06352671832605,300.3419301360465,303.71315136722916,5314900
2023-03-20,305.2093200683594,305.635469385556,302.39680971308354,302.39680971308354,4695000
2023-03-21,308.3531799316406,308.5615150370086,306.194083793876,308.16380277177433,3527300
2023-03-22,303.2017822265625,310.1904469916821,303.08815010018986,308.38172524873033,4378700
2023-03-23,303.8267822265625,307.78512201869904,301.610869105137,304.29078970048045,4772600
2023-03-24,305.22821044921875,305.36077158344125,301.0520578825983,302.51040375490464,4484900
2023-03-27,307.11273193359375,308.3059268529523,306.1562802030403,307.3778831490829,3550900
2023-03-28,306.6393127441406,308.3817395276139,305.72074781433616,306.80976094159183,2536500
2023-03-29,309.73590087890625,309.82115387611384,308.0408400998504,309.26241440221156,2531700
2023-03-30,311.0616455078125,311.5067238937502,309.39496407973644,311.4404288598341,2487000
2023-03-31,314.98199462890625,315.1619217194512,312.0369239666428,312.1126690524633,2837300
2023-04-03,318.09765625,318.41962355385374,315.8249271702971,315.9006722832493,3450700
2023-04-04,316.23211669921875,318.4291006530178,314.9915845742973,318.09765437475465,2449900
2023-04-05,317.06549072265625,317.6620883063042,316.06170170548774,316.2889659661837,2566600
2023-04-06,317.1412353515625,317.529497729197,315.60714379560045,316.62041178850114,2333300
2023-04-10,318.1449890136719,318.1449890136719,315.74914887104694,316.28893032870167,2834200
2023-04-11,319.03515625,319.9537210959964,318.19236541772716,318.47644572089354,2343100
2023-04-12,318.7604064941406,321.03316366450025,318.14488013521316,320.6543515365684,3363800
2023-04-13,322.3211364746094,322.51999267645357,318.24916487858354,319.1961377055028,3040900
2023-04-14,320.8722839355469,322.77570865281575,319.42341659982054,321.91395987284125,3107900
2023-04-17,321.89495849609375,321.9044085711378,320.06727930339747,321.1373630304053,2226400
2023-04-18,321.7814025878906,322.1791439496839,319.9821597306729,321.9139926749289,2191100
2023-04-19,321.014404296875,321.62048095703653,320.2568373709989,321.12803644582385,2854700
2023-04-20,320.029541015625,320.8818109466949,318.98786492239606,319.53709655374064,2179300
2023-04-21,320.35540771484375,320.8007285844071,319.1236839045937,320.4975541595404,2470100
2023-04-24,320.96185302734375,321.1134547155557,319.50271207898635,320.1659658505303,2288800
2023-04-25,317.721435546875,320.8955290992582,317.59828628030124,320.4123294294498,2745300
2023-04-26,315.4664001464844,318.79206609444566,314.8599934494393,317.9772396247369,3588400
2023-04-27,320.4407043457031,320.80072577927564,316.30015425147116,316.63178109442697,3066600
2023-04-28,323.1221618652344,323.1316460077441,319.42696067001987,319.483807694941,3651100
2023-05-01,322.4872741699219,324.60018460387647,322.39254842194885,323.1884355443415,2296200
2023-05-02,319.18048095703125,322.1461249098161,316.7549124473855,322.08927790686016,3275800
2023-05-03,316.5654296875,320.4217155631432,316.39488866434164,319.42686401299267,3924100
2023-05-04,313.93145751953125,316.07279150222007,312.07438753143856,315.7790722816822,3576800
2023-05-05,319.0478820800781,319.77743797358863,316.4043804966128,316.7075838218616,3542700
2023-05-08,318.5645446777344,319.67311880634,317.4938781805902,319.4646702058779,1789900
2023-05-09,318.1382751464844,319.0004933461838,317.5508367701105,317.7971930886134,1924900
2023-05-10,317.872802734375,320.1088898924367,315.0303381722075,319.68250864209364,3365500
2023-05-11,315.82635498046875,316.33800690880196,314.0640401046251,316.21482876725355,2744700
2023-05-12,315.7032775878906,316.8876385798694,313.91250988878835,316.8592150726645,2636400
2023-05-15,316.24334716796875,316.70763637275127,314.4336399711249,315.99701972600934,2171000
2023-05-16,313.00286865234375,315.5800388327226,312.9365375099121,315.23892789668685,2265200
2023-05-17,317.0391540527344,317.5697742831162,313.51452413596553,314.6988849139308,3068800
2023-05-18,318.4130859375,318.7731363103104,315.27690030179764,316.36650664604883,3553500
2023-05-19,317.3267822265625,319.47275194883787,316.40572724624326,319.00745763331213,3706700
2023-05-22,316.1018981933594,318.2383634501182,315.26629825651185,317.2603382916863,2555100
2023-05-23,313.9274597167969,316.2918344300153,313.42420458897385,315.0194540875508,2526200
2023-05-24,311.4585876464844,313.576043049057,310.95533266541804,313.3481627489991,2978300
2023-05-25,311.2117614746094,312.14232118572954,309.37915607334935,311.5156212550972,3499900
2023-05-26,314.145751953125,314.8863918568762,311.3731118940178,311.5725071433512,3580000
2023-05-30,313.84197998046875,314.60162943874184,312.3227390192503,313.9654248285421,3474500
2023-05-31,312.89239501953125,313.50961917138306,311.1642543273253,312.82594924581315,3067600
2023-06-01,314.24078369140625,315.22831344843485,310.80345337717364,312.3132185660274,3081300
2023-06-02,321.0110168457031,321.41931211916216,316.30127725767625,316.4247221025971,5584700
2023-06-05,319.1689147949219,321.4003397999047,319.00748022959806,321.1439454301354,3415600
2023-06-06,319.20684814453125,319.748063876738,317.59261868700014,319.07389864625185,2824900
2023-06-07,320.15643310546875,320.48874894259984,318.97898373241776,319.55821823437225,2739000
2023-06-08,321.7137145996094,322.1410192830084,319.75766409514716,320.21345382559497,2700300
2023-06-09,322.15045166015625,323.0905160416886,321.248405973133,321.4857909925071,3162300
2023-06-12,323.95458984375,324.078005708341,322.11247983857294,322.5967255566241,2035500
2023-06-13,325.33135986328125,326.29040444681056,324.3628395854441,324.49576010468047,3259300
2023-06-14,323.2424621582031,324.780712524541,321.26740247037145,324.16351723871793,3766000
2023-06-15,327.37286376953125,328.1419887770813,323.0144790675283,323.1759136021173,4722500
2023-06-16,326.37939453125,329.0250696619941,326.16049718825184,328.6634258096638,5576800
2023-06-20,324.00958251953125,325.104010797895,322.6201352020353,324.8089917587628,3387200
2023-06-21,323.029541015625,324.4380413836768,322.31577923561304,323.2103629900047,3050700
2023-06-22,322.9436950683594,323.5051838391834,321.89683929096566,322.5630281610408,2605500
2023-06-23,320.869140625,321.84937202720687,319.9745571267103,320.83106520891477,3721600
2023-06-26,320.85009765625,321.7446520563525,319.71759370256024,320.5265002040263,2301900
2023-06-27,322.83905029296875,323.23874041313206,320.81196326877773,320.81196326877773,1778800
2023-06-28,322.2680969238281,322.56311603559766,321.1260668477303,322.3632709373415,2305000
2023-06-29,324.6759338378906,324.8948312202843,321.77328542491824,322.058807538002,2902700
2023-06-30,327.23590087890625,327.9306102349488,326.1985708592669,326.63633649988685,3027500
2023-07-03,327.44512939453125,327.88289484435876,326.2174518698409,326.4268230055011,1698400
2023-07-05,326.24609375,327.1311510116042,325.713154170344,325.83687747330504,2717000
2023-07-06,322.83905029296875,324.399793452935,321.382978197751,323.8002292296643,3742400
2023-07-07,321.12603759765625,323.95253418766447,320.8976432204527,321.63995398939284,2852200
2023-07-10,323.1721496582031,323.2387743662372,320.8786216750074,321.09748993993543,2560200
2023-07-11,326.0843505859375,326.3508203974263,323.52432355558454,324.27613146187315,2477100
2023-07-12,327.0264892578125,329.18679693539167,326.5696714437872,328.24464105218357,4140200
2023-07-13,327.302490234375,328.21609683353506,327.0931190300852,327.70218041518183,2472300
2023-07-14,328.4920654296875,329.20582687908365,327.8639518690556,329.0059527622728,3293400
2023-07-17,329.13916015625,329.9480955042375,327.5879141573735,327.91148248796367,2860000
2023-07-18,332.6889343261719,333.0030056064133,328.5681646205071,328.94883155874686,4617200
2023-07-19,333.7453308105469,335.42030026325165,333.46933492503825,333.46933492503825,5864300
2023-07-20,335.4012145996094,336.79069095845466,334.3734110198431,334.46858500980875,4561300
2023-07-21,335.3803405761719,336.50417294119296,334.9707838116886,336.018436467696,2971700
2023-07-24,337.218505859375,337.69470900971777,335.75179201808174,335.9232181765731,3073700
2023-07-25,337.4566345214844,338.2756900545537,336.7232630094047,336.961364603688,2548700
2023-07-26,338.3423156738281,339.3232929352736,336.31368573871947,336.3327524651426,3084700
2023-07-27,335.9803771972656,339.39951250158583,335.2851391643394,338.9233093271935,4771000
2023-07-28,337.6089172363281,338.6279696510265,336.60887341463086,337.63748825608366,3219000
2023-07-31,338.6470947265625,338.67566575124107,337.33276946108305,337.6946884837666,2201400
2023-08-01,339.24713134765625,339.7233344915664,338.23758300777735,338.36137141048204,2581900
2023-08-02,335.9517517089844,338.29469187408256,335.35173115609655,337.6089582515151,5061000
2023-08-03,335.2373962402344,336.57078796234146,334.4088076271507,334.86597299459817,3307000
2023-08-04,333.9612731933594,338.066142142974,333.5327077847205,336.31371798678117,4269400
2023-08-07,337.74224853515625,337.98035006156874,335.1326651065163,335.28505357123566,2390800
2023-08-08,336.21844482421875,336.53275516404597,333.2660086933101,335.6470243247733,3033600
2023-08-09,334.561279296875,336.84704857238955,333.85650794541743,336.07560180521756,2873300
2023-08-10,335.1423034667969,338.9805001124485,334.4756073579183,336.3423157715867,4133500
2023-08-11,336.19940185546875,336.8851355091106,333.9231369964588,334.47554889071216,2602600
2023-08-14,336.3992919921875,336.6754978514315,335.02782512127453,335.9421557452982,3134100
2023-08-15,332.9708557128906,335.2661590945627,332.5613278526918,334.9328400384406,2818700
2023-08-16,331.21832275390625,334.7898463170804,331.1611807021061,332.675503205076,3586800
2023-08-17,328.6374206542969,332.69468209069214,328.40885237004125,332.342296297417,4804100
2023-08-18,329.1810607910156,329.9345837816585,326.85374680353704,327.1112958212373,3525400
2023-08-21,328.75177001953125,329.7532651655827,326.6724290395223,329.35264964226974,3176500
2023-08-22,327.12078857421875,329.20012996647915,326.74881540068066,328.866288482223,2816000
2023-08-23,328.9043884277344,329.4480705832079,327.39737181806913,327.6644391580664,2605400
2023-08-24,325.2799377441406,330.9456083046683,325.22271110075434,328.41800119457173,3840800
2023-08-25,327.6358337402344,328.6373290123345,324.6313188157764,326.64385683568577,3868500
2023-08-28,329.7437744140625,330.6594588796798,328.5896650181295,329.26686633711313,2382700
2023-08-29,332.5193176269531,332.64331835991874,329.4480290500996,329.6006430977377,3107700
2023-08-30,333.2632141113281,334.531805347525,332.4238516018753,332.977081032263,2792900
2023-08-31,331.7467956542969,335.0565388875713,331.6800215372648,334.71317904253635,2901400
2023-09-01,332.86273193359375,334.1789736172134,331.6895277261082,333.7688397061981,2533200
2023-09-05,330.9551086425781,333.14887394835125,330.8787870568268,332.9580990921291,1906900
2023-09-06,329.0664978027344,330.50676918018985,327.59761311153517,330.44954255270244,2748400
2023-09-07,329.7247009277344,330.2492881569565,328.4465908041125,328.55149660669355,2378600
2023-09-08,330.5068054199219,331.0123267569255,329.5243760627957,329.8009617565948,1665900
2023-09-11,331.3270568847656,332.49071356074023,330.50678910256676,331.9470314586852,1722900
2023-09-12,331.1744689941406,333.1679410843301,330.363719514283,330.6308159572936,1813800
2023-09-13,330.544921875,332.41442218562185,329.8486548269186,331.5082853458738,2025200
2023-09-14,333.7783203125,334.43645557653764,331.670395437851,332.55743719089315,3489400
2023-09-15,331.0270080566406,333.61867710751505,330.510577117178,333.0544409191776,3581700
2023-09-18,331.0365295410156,331.9737516746181,330.2332087915557,331.16085820196747,2122800
2023-09-19,330.00372314453125,330.7114042737257,328.00497924264727,330.38625269584895,2740900
2023-09-20,329.28643798828125,332.48060467509333,329.1716820523084,330.9313411691978,3411400
2023-09-21,325.7097473144531,328.6457134582319,325.60456409031167,328.1866896654194,3483700
2023-09-22,324.7534484863281,326.52268073084855,324.5048202965743,325.81499950709554,3376400
2023-09-25,325.1359558105469,325.2220227685854,322.94593259445423,323.9405327514555,3104700
2023-09-26,321.3680114746094,323.95010802410826,320.8993857436485,323.1180981630985,4657300
2023-09-27,320.7846374511719,322.42954094831424,318.3937910416706,322.17134004273737,4442200
2023-09-28,321.9226989746094,322.9268720285194,319.9622164936214,320.6794704527836,4053600
2023-09-29,320.3255920410156,324.0361609030925,319.3309918298238,323.98835565217746,3786500
2023-10-02,319.5031433105469,320.39253115940477,317.5808934819331,319.69442269498654,4192600
2023-10-03,315.5726013183594,319.3023157800341,314.6736407577075,318.3077155285422,4871100
2023-10-04,316.53839111328125,316.987871262567,314.2623013864778,315.71595421912673,4877100
2023-10-05,316.71063232421875,317.2652958100234,315.008350970021,316.3759080138429,3172200
2023-10-06,319.5126953125,320.98546475878317,314.1380776688855,315.92642597537633,4491300
2023-10-09,321.415771484375,321.6931177940504,318.0685870621873,318.41288406473814,3756300
2023-10-10,322.7164306640625,324.20831635303136,321.35841718557333,322.4773460448671,3769400
2023-10-11,323.2711181640625,324.0457500530143,321.48276974919526,323.4241358339357,2773900
2023-10-12,321.587890625,323.978736531055,319.962132919961,323.978736531055,3315000
2023-10-13,321.9800109863281,324.782075541576,320.87065492123565,322.74509923042586,5154600
2023-10-16,325.0499572753906,326.025412190294,323.6345655688391,323.9788334734617,3969300
2023-10-17,325.14556884765625,326.60876581733106,323.5006651993499,323.5580431836399,3777800
2023-10-18,321.9321594238281,325.12632577242533,321.3296616386352,324.90635746168135,4141200
2023-10-19,319.5318603515625,323.8353842130354,319.1875924515114,321.98965765021484,5201800
2023-10-20,316.9071044921875,319.816009647841,316.849694387926,319.002660902166,3960800
2023-10-23,315.1177978515625,317.99796914734907,314.696770895102,315.6727720024524,3898300
2023-10-24,317.14630126953125,318.351971779391,315.6248752078619,316.72527439946833,3583900
2023-10-25,316.1033020019531,318.34238344712776,315.6057088798203,317.89265154137854,3836300
2023-10-26,313.6824951171875,316.7444749178414,313.24231197714863,315.92157715438805,4882600
2023-10-27,310.208984375,313.7398517708778,309.2712373425321,313.7015686344668,4757300
2023-10-30,315.0315856933594,315.78749500390927,312.29491131891734,312.3140674847105,4617200
2023-10-31,316.227783203125,316.4191405144136,313.7016214016667,314.9838292730801,3645800
2023-11-01,318.3328552246094,318.98352257695666,315.86413299883105,316.6487767362681,4546200
2023-11-02,323.7966003417969,323.9209694300461,319.9882313861262,320.34227008674463,5356300
2023-11-03,325.9208679199219,326.8873200897851,324.7535095701983,325.45200896296865,4046900
2023-11-06,326.3323059082031,326.9064361287443,325.2319066863603,326.16004640100755,2766000
2023-11-07,326.81072998046875,327.31787199492464,325.62418645116674,326.03566443387524,2793700
2023-11-08,326.4088439941406,327.81544989818576,325.2797397178258,327.34659099732943,2787900
2023-11-09,324.48553466796875,327.2987466208277,324.1602010055842,327.26049268511963,3940700
2023-11-10,328.2173156738281,328.4947880712202,324.63858754105667,326.11218147808023,3268600
2023-11-13,328.7532043457031,329.451703670718,327.4709967009673,327.6145219594309,2624500
2023-11-14,333.39398193359375,334.446519751435,331.7194527851561,332.5327721532205,4815500
2023-11-15,335.1642761230469,335.6522912521555,333.92992957521164,334.22655820622447,3149400
2023-11-16,334.9250793457031,335.6714400143658,333.70985968818917,334.5040523837414,3848000
2023-11-17,335.0373229980469,335.79479188619064,334.36617284981213,335.3729127024592,2059200
2023-11-20,337.0411376953125,337.73148259219505,334.6920689602374,334.7208321117499,2904300
2023-11-21,336.3699645996094,336.743885543549,335.928890625985,336.6479986249098,1849500
2023-11-22,338.03826904296875,338.5943955871707,337.0219321290304,337.3958823150191,3486200
2023-11-24,339.2271728515625,339.37101784759716,338.49849670505097,338.6135492934172,1245100
2023-11-27,338.7669677734375,339.55319948695234,338.24920185715,339.0641967182043,2532400
2023-11-28,339.5243835449219,340.5119864833352,338.54640733579095,338.92992569659276,2759600
2023-11-29,340.04217529296875,341.4612255225182,339.77370949392724,340.3490017091812,2736300
2023-11-30,345.17193603515625,345.3445149806328,341.7681689257113,342.01743987120375,4094300
2023-12-01,348.09619140625,348.2879652386239,345.0375831215325,345.1909963353159,5852500
2023-12-04,347.703125,348.0003539750482,346.14982709288904,346.27447716511836,4211000
2023-12-05,347.003173828125,347.3387634154538,345.8430211079227,346.9552157381754,5372700
2023-12-06,346.3416748046875,348.57569132919843,345.9677245082429,347.86618062589724,5583700
2023-12-07,346.926513671875,347.4346822471047,346.06358976722254,347.0511637628797,3295600
2023-12-08,348.163330078125,348.70026171906284,346.49500885525237,346.859361596013,2930400
2023-12-11,349.6687316894531,349.84131062014075,348.0483390099649,348.62363137284217,3673200
2023-12-12,351.31781005859375,351.57667839754487,349.41935445788306,350.3589994187441,3239600
2023-12-13,356.4282531738281,356.4282531738281,350.9246895373648,351.4999817657713,4304800
2023-12-14,357.95281982421875,358.27884124255837,355.9681037243661,357.35836181533455,5507000
2023-12-15,358.0806579589844,358.8109931262124,356.83139889261975,357.22539395251806,6948400
2023-12-18,358.4170227050781,359.27225744431746,358.20561142245367,358.71491642250066,3403200
2023-12-19,360.8385314941406,360.8961864367137,358.55145435202894,358.66676423717513,3749200
2023-12-20,356.322021484375,361.6457191886733,356.1394377296888,360.0409411250789,4564700
2023-12-21,359.2818298339844,359.5220685637518,356.6680312810738,358.33049384843065,3837500
2023-12-22,359.204833984375,360.6558848802796,358.0324681463479,359.0511070483133,3330700
2023-12-26,360.6944580078125,361.4055553094743,358.99354892267615,359.08965028598635,2217800
2023-12-27,361.857177734375,362.07820792053445,360.11785169734173,360.45419178027436,3061200
2023-12-28,362.3088073730469,362.94304109570794,361.81871101326,361.81871101326,2620400
2023-12-29,362.15496826171875,362.7219279767178,360.61743498195455,362.23186105501145,3364400
2024-01-02,362.3664245605469,363.06793208812553,360.1658299632484,360.1658299632484,5776300
2024-01-03,359.59881591796875,361.43424273974557,359.300922335346,360.90572943535227,6393600
2024-01-04,359.91607666015625,362.49142889847246,359.781528890116,360.2043514159313,4251900
2024-01-05,360.0121154785156,361.559238609101,358.63792784533456,359.8102938585162,5381700
2024-01-08,362.12615966796875,362.2510884690739,357.9267923902556,358.8204732083024,4604900
2024-01-09,360.53106689453125,360.93468087226796,359.1569083703151,360.16589932563073,3230900
2024-01-10,362.2319641113281,362.7316501058605,360.63677544576143,360.8866037800194,2718700
2024-01-11,362.44329833984375,363.3561877123543,359.63729770281947,363.019847701004,4095700
2024-01-12,361.2326354980469,363.48126691502773,360.0987155172315,362.74134204470363,3816700
2024-01-16,359.0704345703125,360.8674156568407,357.51369222425103,360.3292832242767,4471600
2024-01-17,358.1670837402344,359.1568660374777,356.84096138885684,357.234956386441,4361000
2024-01-18,360.17559814453125,360.67528426616036,356.8602911400025,357.6963467560318,3953400
2024-01-19,364.02435302734375,364.7646983734118,360.0437240531616,361.3129126544389,5218600
2024-01-22,365.437744140625,366.40884033585894,364.4858380620758,365.07236901377644,5433400
2024-01-23,364.4475402832031,365.2263541582822,363.42835103081075,364.75519846571405,3110100
2024-01-24,363.53399658203125,365.9665935205747,363.3897772660482,365.5723744950951,3967200
2024-01-25,365.8319091796875,365.9088163485157,363.3704689796415,364.4761892554722,3539100
2024-01-26,366.4184265136719,367.4183958076787,365.3223305901523,365.35117444754275,3221000
2024-01-29,368.5530700683594,368.64922606927513,365.8897219648747,366.332004357857,2730900
2024-01-30,369.6875915527344,370.12990323691884,367.7645891290438,368.08190096085826,2747900
2024-01-31,366.6876525878906,370.96634401898325,366.6588087299529,370.379813117338,4476600
2024-02-01,370.27410888671875,370.32217220846206,366.3031043335011,366.71654279709315,3652500
2024-02-02,371.54339599609375,372.85102385817646,368.4857991440921,369.20692521757167,3344800
2024-02-05,368.8126525878906,371.1298742221889,367.408868917854,371.1298742221889,3761600
2024-02-06,370.2548828125,370.5337263867155,368.73572377136986,369.13956720101606,2507800
2024-02-07,371.7836608886719,372.53363060855,370.8029109408176,371.514441741605,2797600
2024-02-08,372.4375,372.7355630280354,370.66834129264214,372.55287545050555,2549800
2024-02-09,371.83172607421875,372.58169579785925,370.9086931857427,372.2836327886359,3526300
2024-02-12,373.1682434082031,374.41821266345386,371.56255272096087,371.6106160473324,2412200
2024-02-13,368.0818176269531,370.331726432168,365.8126600225387,370.24519486381536,5325300
2024-02-14,369.49530029296875,369.7452706491868,367.3607664787788,369.2164567320883,3465200
2024-02-15,373.3029479980469,373.37985520532834,370.06269271927005,370.36075582936724,3497200
2024-02-16,371.908447265625,373.89226478690796,371.43657718589816,372.85221681409706,3772300
2024-02-20,371.4269104003906,372.27437207347344,370.3194441003913,371.2535739824463,3295700
2024-02-21,371.7735900878906,371.889177091,369.1445662002347,370.7239025745276,3027600
2024-02-22,376.09747314453125,376.99307381988183,373.56472830625233,373.998069251256,4990700
2024-02-23,376.8101501464844,378.3124577423639,376.4634773423646,377.2820201484297,3451600
2024-02-26,376.26116943359375,377.8983135943734,375.8085492989553,376.97382352390264,1914100
2024-02-27,375.2501525878906,376.0109461623955,374.37380138465505,375.9242485518269,2370900
2024-02-28,375.1923828125,375.32719025292675,373.26634391653135,373.5937670021635,3313900
2024-02-29,375.5293884277344,376.6464649552949,374.08485947528357,376.2420133064581,3026900
2024-03-01,376.83905029296875,377.12794430464015,374.4989206313872,375.43305045447727,3857500
2024-03-04,375.79901123046875,376.7812802820852,374.95154959110624,374.95154959110624,3048500
2024-03-05,371.908447265625,374.89381314559074,370.6854232641407,374.6048897055188,4132400
2024-03-06,372.8617858886719,374.7396851804032,371.85062743251825,374.12333875412713,3039100
2024-03-07,374.0848693847656,375.3078933501924,373.4877727151615,374.6819366653522,2965700
2024-03-08,373.6418151855469,375.9819742096529,373.37217098136773,373.8825699888859,4256900
2024-03-11,374.0559387207031,374.27741433254545,371.243909664452,372.61140988932397,3396000
2024-03-12,376.3382568359375,376.96421339728295,373.4973386257391,374.8455595399473,3275800
2024-03-13,376.7523498535156,378.2642969595966,375.6352441222781,377.2049700257497,2788700
2024-03-14,375.6448974609375,377.89835880864706,373.4973541159817,377.66724361062955,4471900
2024-03-15,373.5820007324219,375.7636518174787,372.6552939404991,374.29633414916674,4372300
2024-03-18,374.2867126464844,375.3775087637684,374.04538059709364,374.8852114154568,2060600
2024-03-19,377.3467712402344,377.53018594709516,374.0357027270779,374.70178151315605,3303800
2024-03-20,381.2950134277344,381.51704954077223,376.37186269582014,376.62282801981775,4823900
2024-03-21,383.959228515625,384.99213659032796,382.0864897583132,382.5691537790745,4348400
2024-03-22,380.85089111328125,384.2584981010482,380.81226974093244,383.96891145712056,3156100
2024-03-25,379.3257751464844,380.484151454852,379.200277751361,380.2621447953098,2535600
2024-03-26,379.2291259765625,380.5998752945053,379.01675262962397,380.0303352866869,3395400
2024-03-27,383.77581787109375,383.7951138267168,380.7929577265243,381.30458041553834,4427300
2024-03-28,383.96893310546875,384.74118383913253,383.2738956613805,384.2585197657234,3155000
2024-04-01,381.6231689453125,384.2488627217448,381.0439956162652,384.02685609876914,3825200
2024-04-02,378.051513671875,378.5438405147574,376.74831462037974,378.379721747303,4034900
2024-04-03,377.69439697265625,379.2968456422976,376.46841105785165,378.099818400942,3547000
2024-04-04,372.635986328125,380.57098542058554,372.23056497580876,380.36827474442737,5041200
2024-04-05,375.3775634765625,376.91246145874635,372.6939518745695,372.9546093799697,4423500
2024-04-08,375.6092224121094,376.6131720259167,375.09759962555484,375.56093832463523,2431300
2024-04-09,375.3582458496094,376.4587342322615,372.35608903144583,376.1112007316151,4003900
2024-04-10,371.1783447265625,372.58771560858753,369.7496484270377,371.57413281209597,5173100
2024-04-11,371.2073059082031,372.69389009186506,368.7553640868253,372.1050540436895,3972800
2024-04-12,366.69921875,369.653120686285,365.6759732143969,369.0546219155902,5305100
2024-04-15,364.2279357910156,370.51223102373,363.5425611023362,370.03920023171946,4870700
2024-04-16,364.8746337890625,366.7570054334729,363.9672232472354,366.57359078398855,4383500
2024-04-17,364.3631896972656,367.00817989265244,363.0986119425747,366.0621475244749,4584900
2024-04-18,364.7395324707031,367.72239249225186,363.7838671659809,365.9075711164162,4579200
2024-04-19,366.82379150390625,368.0117780971083,365.0080480948745,365.75172976546327,5078600
2024-04-22,369.3060607910156,371.3053448888212,366.8335273127831,368.6879421589195,4129000
2024-04-23,371.8655700683594,372.41610277993817,369.8276735227678,370.58102321627047,3126400
2024-04-24,371.3053894042969,372.3001976849234,369.93389154924574,371.72069113384646,3575800
2024-04-25,367.90557861328125,368.51402940395377,364.5831065875977,366.81418124482605,4682800
2024-04-26,369.2481689453125,370.2429772571537,367.5289847906278,367.7414695501924,4252400
2024-04-29,370.6871643066406,370.90931678968695,369.01628995889905,370.01109803310567,3265900
2024-04-30,365.2110595703125,369.67321092082653,365.16275015303046,369.3931106203804,3463600
2024-05-01,365.9449462890625,370.3781218766929,365.06603360100326,365.45236139879637,5731600
2024-05-02,369.1708679199219,369.82762819274706,365.9546230832762,368.12775033374095,3535600
2024-05-03,373.55572509765625,374.73404413368587,371.90415668217116,373.9131085509384,4471100
2024-05-06,375.17840576171875,375.4584765316658,373.6137291859833,375.0528425666046,2596100
2024-05-07,375.4584045410156,376.4339065853095,375.0720767281512,375.87373567789456,2428600
2024-05-08,377.13897705078125,377.55427871365987,374.9272083154551,375.0720775612357,2855100
2024-05-09,380.53875732421875,380.789883702653,376.6850874624806,376.7816473234842,4141200
2024-05-10,381.6783447265625,382.373746516158,380.6352567796293,381.7459601932404,3505600
2024-05-13,380.9830627441406,383.0596009921447,380.6064026219104,382.8374779245238,2635800
2024-05-14,382.0646667480469,382.7117886087917,380.3551508837181,381.06022043647954,2702700
2024-05-15,385.6383056640625,385.8507903821935,383.3782570120812,383.66799550274953,3421200
2024-05-16,385.5706481933594,387.29949959916104,385.49339442923684,386.09220689467486,2877200
2024-05-17,386.8610534667969,386.9287401784083,385.4004610156271,386.0485177390099,2702900
2024-05-20,385.0716857910156,387.6059382930799,384.82018516997493,386.68701642300977,2094800
2024-05-21,385.7293701171875,386.00020554800744,384.7524143222647,385.2844325205936,1618300
2024-05-22,383.6787109375,385.7970422688951,382.56635231370245,384.92650202065545,2647200
2024-05-23,377.8751220703125,384.09468446343016,377.4785363374079,384.0656674351127,3361200
2024-05-24,377.8556823730469,379.41297832536435,377.39138052995787,378.4166879377939,2072200
2024-05-28,375.8824768066406,377.4494551069469,374.3541681916143,377.0528694414994,2176100
2024-05-29,371.9940185546875,373.0967244808675,371.66514911675057,372.7001388154261,2715000
2024-05-30,368.9954528808594,369.8853278436341,367.96046329866584,368.88903746120826,4063400
2024-05-31,374.8474426269531,374.9248115071759,368.79230196982775,369.47908730644036,4748400
2024-06-03,373.59967041015625,375.1956951430908,370.39799780189355,375.1763307829368,3614300
2024-06-04,374.8282165527344,375.6697398939823,371.9554126698388,372.40035027762013,2822500
2024-06-05,375.8147277832031,376.2403304348917,373.33851027456467,375.88244400479925,2181400
2024-06-06,376.5885925292969,377.8073666298678,375.09901253842764,376.0856209176996,2241900
2024-06-07,375.77606201171875,378.8036327046757,375.1957215430988,376.1533128351655,1952000
2024-06-10,376.54998779296875,376.6176745177958,374.51870711458804,375.33121348217014,1380600
2024-06-11,375.2731018066406,375.4955853389173,372.30356507054313,374.9732493824843,2522600
2024-06-12,375.00225830078125,379.08415357233883,374.03498481954813,378.76493679297926,3866700
2024-06-13,374.2187805175781,374.9829348562566,372.00371591294686,374.1607464684476,3136100
2024-06-14,373.8125305175781,373.8899289326806,371.0751593399659,372.0327507152233,2884300
2024-06-17,375.8631286621094,376.4725156982641,372.38096763067387,372.642120852378,2025300
2024-06-18,376.40478515625,377.4204104190134,375.32141415210305,376.18230164740135,1848700
2024-06-20,379.2388916015625,380.24483469083754,375.6696503697823,376.0178546271063,3588000
2024-06-21,379.3785095214844,380.4739752857945,378.5254023922944,379.6984394873278,2592100
2024-06-24,381.9378662109375,383.4986417646698,379.9214256128769,380.4740104523759,3096600
2024-06-25,379.06829833984375,382.06384763806545,377.9049945961979,381.5306704536605,2879100
2024-06-26,379.2816162109375,379.7566593236478,377.1197958004022,378.16677224156206,1501900
2024-06-27,379.5917663574219,380.3964135512239,378.2345639890247,378.67079175844196,1601100
2024-06-28,379.1749572753906,382.2674559953265,377.3039556103549,379.4076121106874,3624400
2024-07-01,379.494873046875,382.2383896250027,378.33156923847076,380.09591778560343,2536500
2024-07-02,381.26898193359375,381.26898193359375,378.7484457934154,378.84539518049905,1711600
2024-07-03,380.8230285644531,382.0154439222223,380.1541458247483,381.69554348149387,2319100
2024-07-05,381.6664123535156,381.95723089845393,379.67905368045064,381.1719912423245,2011000
2024-07-08,381.4336853027344,384.6037550122464,380.77447695135174,382.35465990010175,3374500
2024-07-09,380.9295959472656,382.9654143203728,379.5045260445699,381.2010364246937,3821600
2024-07-10,385.1176452636719,385.311514456253,380.6291577889823,380.92968018456287,4234300
2024-07-11,385.4762878417969,386.69778491478735,384.19662705912083,385.3502566092126,4020700
2024-07-12,388.0840148925781,390.3815698574216,385.95124722047456,386.66861926254927,4711800
2024-07-15,390.06170654296875,391.2444179841081,389.13105757471396,390.1683597371881,4433500
2024-07-16,397.1386413574219,397.458541806097,391.5062278533371,391.5159020831269,6547600
2024-07-17,399.33917236328125,399.73664408421405,396.0721826201353,396.0721826201353,4490600
2024-07-18,394.2884521484375,401.2101999918471,393.63891793190726,398.12740498246967,4922200
2024-07-19,390.820068359375,393.8364342878362,389.8501712095554,393.16720288654767,4284500
2024-07-22,391.9839782714844,392.5465352670949,390.1120836320864,391.8773037785779,2314000
2024-07-23,391.3439025878906,393.08973571244945,391.08204093872104,392.1198382873347,1693500
2024-07-24,386.6689453125,390.5097300914112,386.09667989442005,389.6368284960561,3701300
2024-07-25,387.4642639160156,392.2167843775455,386.3779836730088,386.6301664433199,4179800
2024-07-26,393.749267578125,395.34959244522247,389.6174949839756,389.7144906484193,2810600
2024-07-29,393.3031005859375,394.7482382272035,391.7997418701923,394.61243838495113,2039000
2024-07-30,395.1458740234375,396.4164371554327,393.07998797859904,393.6522238503519,2576400
2024-07-31,396.1932373046875,399.6072938710712,394.2534432006637,395.1942445250716,5634800
2024-08-01,391.0916442871094,398.5598346942241,388.88995878044574,397.3668801252231,5497900
2024-08-02,385.17529296875,388.3274589767499,381.7127527423768,387.89099338223025,4844900
2024-08-05,375.1659240722656,378.5508557429734,373.34251264657235,374.88464560368624,8680200
2024-08-06,378.2210998535156,382.6438286711701,374.632498010539,375.8933525177364,4058000
2024-08-07,376.0970458984375,382.90574353532287,375.6218057176895,380.8107619238901,3969400
2024-08-08,382.64385986328125,383.2452210330766,377.52280346754674,377.7846946734506,2993500
2024-08-09,383.2548828125,384.55454154305784,380.6070823296654,382.31408131962195,3380200
2024-08-12,381.91644287109375,384.1181286491148,380.79135846976607,384.0308414454234,1902000
2024-08-13,385.8155212402344,386.1452828267631,382.2075014832027,383.177398949083,3510800
2024-08-14,388.0461730957031,388.8124001830481,385.54385130518165,385.7669087212681,5230400
2024-08-15,393.6619567871094,393.91413957977795,391.04322199854573,392.5562595567187,3764100
2024-08-16,394.8141174316406,395.42565017431957,392.7368789839136,393.1542640035002,2789200
2024-08-19,397.11456298828125,397.3184269536588,395.3188301226626,395.4158743468092,2012400
2024-08-20,396.580810546875,397.347655639288,395.8236817286657,396.63904894652285,1999600
2024-08-21,396.9981994628906,397.96887896347056,395.63925408663624,397.318540286843,1439000
2024-08-22,395.5323791503906,398.4638197300017,394.11516616107434,397.6872882032692,2353500
2024-08-23,399.7548522949219,400.23050530637175,396.5807415749949,397.28934814452174,3818300
2024-08-26,400.6187438964844,402.36595470893667,399.5801099826428,400.5411025899936,3145000
2024-08-27,400.78375244140625,400.958467589393,399.2985848151826,400.201338992005,1710200
2024-08-28,399.27923583984375,401.79329177368857,396.7263444380511,400.5605396770814,2732600
2024-08-29,401.77386474609375,404.0937728237953,399.24037641888407,402.22036892096696,5024800
2024-08-30,404.0064697265625,404.33649717186944,400.0363944866842,402.3563325000277,2283800
2024-09-03,398.2211608886719,403.00660246459455,396.63894897718427,402.04563948981996,3754700
2024-09-04,398.38623046875,400.4537525938868,397.23111967646423,397.9494129136634,2131200
2024-09-05,396.4837341308594,399.58992033183426,394.07646796675147,399.27929578717936,2234700
2024-09-06,392.61065673828125,398.9491913675552,391.94088565302417,396.96899730580463,3351000
2024-09-09,397.05633544921875,398.84241133765113,394.2025360837795,395.41588514654177,3038200
2024-09-10,396.2895202636719,398.10468572234873,393.09597723534796,398.07556652974677,1970500
2024-09-11,397.2698974609375,397.9105493391803,389.05795906306236,395.21206213112873,3134600
2024-09-12,399.89080810546875,399.9199273036134,395.5324669206989,397.6873764517608,3131600
2024-09-13,402.7737121582031,404.10353819507975,400.25965606973125,400.49260964618134,5210300
2024-09-16,405.1421203613281,406.2777985238225,403.46283455211415,404.23939574544164,3881100
2024-09-17,405.02557373046875,407.1901691808464,403.6180771759849,406.0253720259266,2561700
2024-09-18,403.9869689941406,408.65593346509536,403.36572010200626,405.2585563460269,3173600
2024-09-19,409.0539245605469,410.38375032273655,407.0834469726671,409.6072188131126,4073000
2024-09-20,409.4511413574219,410.1618228869963,407.4358600802047,408.29259973684384,2902200
2024-09-23,409.9769592285156,410.5513873458311,408.8963189325087,409.98670436260477,2318700
2024-09-24,410.9698791503906,411.4761208760116,409.26614503958547,410.5220487888503,2790700
2024-09-25,408.0395202636719,411.75853623555867,407.31909350343165,411.27175497360815,2048000
2024-09-26,410.47344970703125,410.960230996416,409.09100748321106,410.10349117337535,2703700
2024-09-27,411.7682800292969,414.93235822168657,411.07702924782024,411.4177820722316,3667700
2024-09-30,411.933837890625,412.1090720430697,408.0006363302505,411.2523618386371,3819800
2024-10-01,410.356689453125,411.9630620106082,408.2051241453538,411.25238023475606,5101300
2024-10-02,410.75579833984375,411.3301967060459,408.4873808537044,410.67789669415083,2599600
2024-10-03,408.876708984375,409.9865545663719,407.2216411757625,409.22717715423806,2534400
2024-10-04,412.2160949707031,412.4107896410676,408.56523565521627,411.2035816681927,2520900
2024-10-07,408.5165100097656,411.7487443527124,407.20222452034017,410.95041604317123,2632600
2024-10-08,409.67510986328125,410.1424305839661,407.6403676955594,409.3927981150489,1872900
2024-10-09,413.8127136230469,414.4066021759508,408.9254407474686,409.7627199164809,3935100
2024-10-10,413.43310546875,413.8322697079476,411.8559387792401,413.7641131940124,2179000
2024-10-11,417.3955383300781,417.7265460758565,413.77388397345453,414.0367352010733,3753500
2024-10-14,419.4984130859375,420.01440008794293,415.89621949480824,416.9963500130472,2180600
2024-10-15,416.23687744140625,418.7584004959089,415.74035110921375,417.9795327482768,3291200
2024-10-16,419.3328857421875,419.683354018255,415.6333597334239,415.8864658069928,2583700
2024-10-17,421.0171203613281,421.44549024363516,419.8001672208581,421.1047374221496,3462800
2024-10-18,421.3473205566406,421.89270115677647,419.0975884298133,420.9772344949027,2303700
2024-10-21,418.16259765625,421.73681654864345,417.56853411654686,421.1427232879307,2702600
2024-10-22,418.1042175292969,419.18525994398885,416.0103424253059,416.4778242426069,2306100
2024-10-23,414.0625,416.5946408833473,411.88097787084405,415.883684604716,4006500
2024-10-24,412.71856689453125,413.58535053527964,410.9265978213025,413.2444802302548,1936600
2024-10-25,410.1474914550781,414.88062231683153,409.4949666009489,414.344990209288,2518800
2024-10-28,413.00103759765625,413.731461284426,412.2219011658256,412.49459148671235,2912000
2024-10-29,411.4720153808594,413.8775452750035,410.7513401782548,411.209073549886,2697700
2024-10-30,410.7415466308594,413.5658453345038,410.44938907293556,411.0044884329908,2933600
2024-10-31,406.7680969238281,408.9690867681096,406.1350392817621,408.28737582275437,4297100
2024-11-01,409.4462890625,412.25109087682426,408.36524661945697,408.71586542188123,3856400
2024-11-04,407.1380310058594,409.3293014197144,405.57006955358435,408.8813166792083,3125400
2024-11-05,411.27716064453125,411.5888151732893,406.8069718787624,407.35235244358313,3093100
2024-11-06,425.8174743652344,426.3628549202268,422.3893340526975,423.31454913045854,7271800
2024-11-07,425.973388671875,426.8109269378267,425.0384249113956,426.1097189779758,4267900
2024-11-08,428.6223449707031,430.1708693442481,425.98308903244424,426.8595915141189,5014300
2024-11-11,431.44659423828125,433.25803038549,430.2876531553211,430.34608466194004,4065100
2024-11-12,427.9211730957031,432.62508864028854,427.5900215309762,432.00177948435123,3483000
2024-11-13,428.3301086425781,430.0246817770316,426.99587303938097,428.4275043939743,2631000
2024-11-14,426.2751770019531,429.43059708905497,425.6908322433393,429.0897268364462,2528300
2024-11-15,423.4258728027344,425.37485378492687,422.46110699396814,424.7219320706929,3486900
2024-11-18,423.1139831542969,424.22488673021627,422.13949276811763,423.0945040526444,2243000
2024-11-19,421.7984313964844,423.0457779491707,418.68007988431236,419.74227087738143,3202500
2024-11-20,423.2113952636719,423.8155744836376,419.92736775321816,422.49025222838196,3956000
2024-11-21,427.77203369140625,429.3019906910277,422.56825874776115,424.7413532133433,7558000
2024-11-22,431.8551330566406,432.25467765586166,428.1130938027977,428.3761954826867,5492800
2024-11-25,436.1429443359375,436.9615127469605,434.03804139084025,435.217166510864,2976100
2024-11-26,437.42926025390625,437.8677630952094,433.3169095317469,435.16843536400813,4126500
2024-11-27,436.3183288574219,439.1443748519446,435.9577721621574,437.72159743402614,2985900
2024-11-29,438.6083679199219,439.7680138416101,436.8055547840891,436.86402182727625,3474100
2024-12-02,437.2927551269531,439.49511265811003,436.5034203857847,439.11504717728224,2661200
2024-12-03,436.4644470214844,438.1308170017081,435.2170709671859,437.6922844989262,1697400
2024-12-04,439.4367370605469,440.0311619753784,437.33183406640745,438.37454601176574,3694400
2024-12-05,437.2245788574219,439.9628942392775,436.91273482199387,438.9884039328781,1917600
2024-12-06,435.7433166503906,438.4816319197063,435.38276001009456,438.0236203049587,1973900
2024-12-09,433.72613525390625,436.84451614991093,433.45327915593714,436.23058249470944,1998600
2024-12-10,432.37164306640625,434.427803512396,431.6505296950675,433.170732322752,2461000
2024-12-11,431.2217102050781,433.39480453116494,431.0950217084019,432.7808708867083,2084300
2024-12-12,429.03875732421875,431.8160601327934,428.82436830680757,431.2021265947941,3585300
2024-12-13,428.1617736816406,430.2666761770441,427.7232709153579,429.61375462846917,2548400
2024-12-16,427.1873474121094,429.4286931520685,426.7780781022879,428.43469392147165,1987500
2024-12-17,424.45880126953125,425.6866389816269,423.3478679110153,425.0532261536199,3130300
2024-12-18,413.3983459472656,426.86581130102394,413.1644777523464,424.85836332373015,6135700
2024-12-19,413.7003479003906,418.0270870235857,413.62240176497306,416.6043395743261,4948000
2024-12-20,418.8145751953125,422.2742157519942,412.14934344712634,412.48162379197703,6069600
2024-12-23,419.1566467285156,419.6941529216392,415.3353779469391,417.6027044538444,2602700
2024-12-24,422.6847839355469,422.8118384691935,418.5605520183662,419.1567241012447,1431700
2024-12-26,423.3785705566406,423.8281526278059,421.1405621012806,421.18941545358047,1867400
2024-12-27,420.2414855957031,422.47952418394686,417.7298025819321,420.80830982536463,2429100
2024-12-30,416.10748291015625,417.9546052022805,412.9312390358737,415.8143030979173,3858300
2024-12-31,415.84356689453125,418.0327220740175,414.4167089525448,417.2215714825122,2442700
2025-01-02,414.1822509765625,419.2251532733502,412.02241317130427,418.6192283544551,4231500
2025-01-03,417.4659729003906,418.0621151563647,414.5731559185168,416.1857046154225,2203200
2025-01-06,417.4366760253906,421.3361170428116,416.41048693001034,419.12739615324017,3463300
2025-01-07,415.6775207519531,419.57699171868904,414.24087983263155,419.1665101024499,2053900
2025-01-08,416.4592590332031,416.87949330230794,413.65439660568757,415.75559777621305,2020200
2025-01-10,409.8135681152344,414.70009640128876,409.2955973099127,414.6512430484289,3415500
2025-01-13,413.3612365722656,413.6348809925114,409.01224382818083,409.256570268579,2608100
2025-01-14,415.50152587890625,415.85337145133025,411.9832192796868,415.2376640683413,2643300
2025-01-15,422.4306640625,423.44707048066556,420.730161455671,421.7661032535102,4059800
2025-01-16,421.7660217285156,423.0853903141355,420.9841891425935,422.2839925273144,2532500
2025-01-17,425.0139465332031,426.6466733359538,424.2806918888233,424.83797257924186,2771000
2025-01-21,430.2737731933594,430.5963920653947,426.56838520326005,426.60750046648377,2113800
2025-01-22,431.42742919921875,432.13135477148023,430.5182007039407,431.6327321222354,3724100
2025-01-23,435.43597412109375,435.5044183868502,431.66214109833743,431.66214109833743,2352500
2025-01-24,434.2040100097656,435.5336604433201,433.4414264704137,434.86882030844083,2022000
2025-01-27,437.13702392578125,437.32278413038404,430.70395052471827,430.80172376443613,3822400
2025-01-28,438.3982238769531,439.69851545452644,436.2180029906033,437.21524825089585,2233500
2025-01-29,437.1957702636719,439.5715083043349,435.8172478627883,438.2027721802621,2225100
2025-01-30,438.79913330078125,440.06030978832274,436.38428018102394,436.5700404084058,2322600
2025-01-31,435.4457702636719,440.30477619068705,435.10357876334683,439.98215724457015,3085400
2025-02-03,434.3507080078125,435.94431953326716,428.90509288777565,429.7947489288527,4527700
2025-02-04,435.5825500488281,436.0420574463117,433.37300003077456,434.3115873764039,1890500
2025-02-05,438.65240478515625,438.828378702985,433.50983705423647,435.76825850831074,2273400
2025-02-06,437.3716735839844,439.6887830981484,435.4456868807702,439.31726267386375,1867200
2025-02-07,433.2264099121094,438.4765086020804,432.9135474239696,437.78236919844,2259200
2025-02-10,434.8493347167969,436.3060577347624,433.2068514680052,435.8661228482332,1858100
2025-02-11,436.149658203125,436.57008024020473,433.3339852160233,433.4415149173671,1436200
2025-02-12,433.72503662109375,434.8591407738593,431.2221963654075,432.4638302165911,2444500
2025-02-13,437.27392578125,437.8507491261343,433.7934131616807,435.3869946893078,2961500
2025-02-14,435.83673095703125,438.0364945808373,435.40655257259067,437.1174798355509,2005400
2025-02-18,435.9638977050781,436.0420984064571,433.7250184869246,435.33817274921364,2451200
2025-02-19,436.6971435546875,436.82421596234167,433.6467792106302,434.8493275530818,2239400
2025-02-20,432.5126647949219,435.61187072278534,430.14668359776334,435.32833726944295,2960000
2025-02-21,425.08990478515625,430.2205738023971,424.30661159265776,429.9366173208104,3842200
2025-02-24,425.4619445800781,427.78248110008036,424.30657675774484,426.7348033835684,3629300
2025-02-25,427.028564453125,428.40914325523244,423.6211765661758,426.4508805369044,2953100
2025-02-26,425.2759094238281,429.36867131903915,423.96387699295406,427.3320912468197,2427800
2025-02-27,423.32745361328125,429.59388840243815,423.0826707708867,425.37383459001353,3296900
2025-02-28,429.2217102050781,429.66233116743086,422.0250903978183,424.02252627672755,3249900
2025-03-03,423.0728759765625,431.49341185211455,420.51735740797534,430.36741673705825,3925200
2025-03-04,416.6889953613281,422.0937904289471,415.00488800333704,420.71321144239147,3586900
2025-03-05,421.4866638183594,422.59308699954386,415.59230398282966,416.33642347297325,3018300
2025-03-06,417.0119934082031,421.1439284785243,415.19082362590524,417.27637796936625,2824100
2025-03-07,419.32275390625,420.36063062896034,413.1738109215809,415.24956436700154,3719500
2025-03-10,410.7358093261719,417.15890873052547,407.92570707185695,414.5544455782712,3442800
2025-03-11,406.0849609375,410.2854431514328,403.64693323129904,409.73713193944155,3893400
2025-03-12,405.31146240234375,408.8559133543171,401.9921925528326,408.2586276514087,2960500
2025-03-13,400.249267578125,405.5463711786447,398.75119797433393,404.72390452173136,2557200
2025-03-14,406.69195556640625,407.23049570075335,401.3557079998315,402.2564920474389,2422700
2025-03-17,410.4616394042969,411.99888277471075,406.1828402426558,406.28075935249615,2141000
2025-03-18,407.83758544921875,409.9329409088556,406.2220246763567,409.68815806809715,1844100
2025-03-19,411.6464538574219,413.67323323234615,408.1019729387456,408.8950670160464,1813800
2025-03-20,411.3526611328125,414.30965695612775,408.92443448986694,409.1985900747388,1646500
2025-03-21,411.6479187011719,412.0305237251471,406.3210867828699,408.1457355310106,2485700
2025-03-24,417.4063720703125,418.1323336309108,414.7576856440346,415.30704415931274,2474900
2025-03-25,417.7301330566406,418.73074396986397,416.29784908122156,418.2206338854786,3997600
2025-03-26,416.17041015625,420.0061308399169,415.10112177197453,418.23049001454626,2442100
2025-03-27,414.9048767089844,417.01402445428306,413.45298336178206,415.63080841368696,1646000
2025-03-28,407.72393798828125,414.3555193242628,407.3119340230524,413.9631246162076,2600600
2025-03-31,411.9029846191406,413.35484792572106,403.62332815686557,404.3688990036793,2985300
2025-04-01,411.6184997558594,413.2763950240659,407.1157055448983,410.46092493480273,2384800
2025-04-02,414.01214599609375,415.60136395905835,408.2732800671024,408.45967278501024,2299800
2025-04-03,397.52154541015625,403.7901312627635,397.3057238194584,403.1132675723644,7440100
2025-04-04,375.93951416015625,389.1143612600599,375.40976480111027,387.42703695233513,8667200
2025-04-07,372.3588562011719,384.7587032453233,359.3605824981307,364.3244491549852,12718200
2025-04-08,369.3275451660156,386.86783109684853,363.9810737178389,386.0045747150035,7283000
2025-04-09,398.36517333984375,400.0427078701768,364.9718956710511,364.9718956710511,9861100
2025-04-10,388.16278076171875,392.5871084110623,377.00879520867363,392.0083209479759,6624200
2025-04-11,394.27435302734375,396.4129293106318,385.22951716090387,386.9462699451364,3789900
2025-04-14,397.7177429199219,400.1113596487267,394.0782048698074,399.73860413123083,2286200
2025-04-15,396.0402526855469,400.26836830891136,395.86367953574444,398.08075332037856,2387300
2025-04-16,389.2320861816406,396.60923911992467,386.5539703399456,394.6668447145743,3004400
2025-04-17,384.11553955078125,387.11892359492015,382.2998087736304,384.2333433968145,4537500
2025-04-21,374.55584716796875,381.5048064284388,371.3463887514366,381.26922868818417,2881800
2025-04-22,384.6160888671875,385.39147356238124,378.06957402379385,378.92346465965676,3308100
2025-04-23,388.5813903808594,396.27626206730054,387.5900767100895,391.8988286489217,4049200
2025-04-24,393.5574645996094,394.2444889185765,386.5103509123357,388.18871864521293,4010500
2025-04-25,393.5967712402344,393.9402984359658,389.78861846858024,392.4778891758392,1790800
2025-04-28,394.8235778808594,396.6884309837729,391.33930383573374,394.36227684266515,1534700
2025-04-29,397.7091369628906,398.7986052944729,394.754875532371,394.95115535468034,1888100
2025-04-30,398.81817626953125,400.23152261171055,390.05348801547655,394.9805512663727,2487400
2025-05-01,399.8782653808594,403.32327143597,399.4856458149733,400.9873228012183,1917600
2025-05-02,405.3942565917969,406.2088793462127,402.7343996282482,404.15757077040774,2277700
2025-05-05,404.628662109375,406.76830092690443,402.8619639491944,403.21531556229735,3866000
2025-05-06,400.68304443359375,404.11825580206465,399.96657666073327,400.9087976779102,1745600
2025-05-07,403.4410095214844,405.1586151354716,400.5946976374099,402.27303530775987,2420600
2025-05-08,406.2186279296875,410.016985154129,403.951390982499,405.4530677910611,2001000
2025-05-09,404.7857360839844,407.48483103085465,403.9514643825997,406.7683332256335,1789200
2025-05-12,416.3771057128906,416.44578718157857,413.2952157537792,415.1305954639074,2398600
2025-05-13,413.70745849609375,416.1415321671247,413.6191280760323,414.8557839095608,3018000
2025-05-14,412.7651672363281,414.83612450271113,411.84256522422055,414.26684413643244,3064800
2025-05-15,415.64093017578125,415.83720998419255,410.74328019672424,410.7923726133252,3927000
2025-05-16,418.97271728515625,419.1986423366278,414.9946738221345,416.21263676380806,2430300
2025-05-19,420.436279296875,421.04526078236427,416.1046152132166,416.17337892298787,3121500
2025-05-20,419.38525390625,420.59341482700296,417.47971390544944,419.80760813955624,1971000
2025-05-21,411.3112487792969,417.0278684340529,410.6629695423748,415.5741486322769,3624800
2025-05-22,411.3800354003906,413.6686317945907,409.9557813947845,410.44689933113693,2638600
2025-05-23,408.9342956542969,410.7416362504456,406.4787056845403,406.5867672304506,3117800
2025-05-27,416.3207702636719,416.33057224119625,411.7435465144593,413.22673259368077,3126600
2025-05-28,413.9338684082031,417.28326646693097,413.2659252112367,416.2028309514502,1790900
2025-05-29,414.9554138183594,415.5054635825114,411.14433332711735,414.9554138183594,2751400
2025-05-30,415.3384704589844,416.73322869824005,412.0578060382808,414.66072526685946,2957500
2025-06-02,416.18316650390625,416.32069391869186,411.6354094721683,413.8258063293237,2636100
2025-06-03,418.44232177734375,418.79591231010266,414.96519832791193,415.5545458579706,2332600
2025-06-04,417.3913269042969,419.57189180737686,417.3127312458204,418.80574900226554,2163300
2025-06-05,416.43853759765625,419.23791578591306,415.34824020886884,418.38337538617833,3018800
2025-06-06,420.77020263671875,422.44981756472436,418.9726942260896,420.18085512543934,3081100
2025-06-09,420.7505187988281,422.08637509279527,418.85481087235956,420.9076801260865,2680200
2025-06-10,421.9783020019531,422.4596179208224,420.26922132497424,420.6621096446242,2022600
2025-06-11,421.96856689453125,424.3848589199601,420.5639766908624,422.2239278562679,3025000
2025-06-12,422.84271240234375,422.90164415683,419.38525291215416,420.5934138300433,2587700
2025-06-13,415.29913330078125,419.3361381922515,414.11063632697056,418.54049958406824,4826100
2025-06-16,418.70751953125,420.5934256542102,417.332395262144,417.49935857939573,3177100
2025-06-17,415.59381103515625,418.8450393928766,414.85713412119173,416.9198354753845,2450200
2025-06-18,415.32861328125,418.63874337988807,414.72946378645173,416.143885842763,2786700
2025-06-20,415.4458312988281,417.80003492422077,414.42139274491433,417.03171352396015,3810500
2025-06-23,419.3465881347656,419.58298549848416,413.3379046343999,415.6822786936165,4315000
2025-06-24,424.3406677246094,425.2665974252456,421.27721178466584,422.1144924791604,4958200
2025-06-25,423.424560546875,424.45885905536693,422.09479541705696,424.3012508047196,3265500
2025-06-26,427.4336242675781,427.6897414255112,424.3504787058115,424.3701985245444,2444800
2025-06-27,431.4427185058594,432.97936139979134,428.58614030871416,428.6353797363181,3621000
2025-06-30,434.0530090332031,434.6538923356563,432.09281100496924,433.8560212758878,2827800
2025-07-01,438.2296142578125,439.2934324676718,433.41280749087883,433.5999654262425,4520300
2025-07-02,438.0522766113281,438.73194908582417,436.73234124279,438.02272694116317,3141700
2025-07-03,441.381591796875,442.1400532204689,438.89932981545286,438.99783871661083,2807100
2025-07-07,437.3529052734375,441.135413279329,434.94943194770934,440.6823083259971,3657500
2025-07-08,435.75714111328125,437.72719914621024,435.432064703856,437.04752671999375,3563200
2025-07-09,437.86505126953125,438.9288993530915,435.6585960750322,437.73702275899484,3251900
2025-07-10,439.81549072265625,441.10587643167844,437.05742128215905,437.7272338518938,2262600
2025-07-11,436.9293518066406,437.8060120474002,436.13148066477453,437.0278607257837,3345500
2025-07-14,437.9241943359375,438.1015224080388,435.8556574148601,436.47620045476305,2244700
2025-07-15,433.5605163574219,438.5053812677346,433.5506865085157,437.92418769356874,3810700
2025-07-16,435.7374267578125,435.9836840150164,431.0881186000743,435.2449122434046,4230300
2025-07-17,438.5545959472656,438.9387416111306,435.36311172774816,435.43204090900196,3790800
2025-07-18,436.80157470703125,439.28484670352447,435.6781704236404,439.2355872481172,3901900
2025-07-21,436.9788818359375,439.51144299565306,436.68326500025694,437.7278179168926,2548800
2025-07-22,438.4767761230469,438.95965710937367,436.38767004107945,436.40736780816195,3091600
2025-07-23,443.6502685546875,443.68969416059576,439.8465245900031,440.7334052489205,5486500
2025-07-24,440.5954284667969,442.5860155707341,440.2406882341699,440.4969095619066,5078300
2025-07-25,442.47760009765625,442.8619320870241,439.9056432073044,441.00931957739834,3710600
2025-07-28,441.8075256347656,442.93092987067496,440.8615215912653,442.1228703402412,2864200
2025-07-29,439.9746398925781,442.31010334575313,439.1567164442205,442.09330762036114,3146200
2025-07-30,438.2796936035156,440.86151443270563,436.160995832257,440.20126334589503,3765000
2025-07-31,434.899658203125,439.69872590403054,434.0817648181887,438.78225346567575,4223300
2025-08-01,429.3714294433594,431.3817144487661,427.0852253252834,431.371850528444,5980000
2025-08-04,435.3726806640625,435.4613657257268,431.2141662483278,431.49994927341965,5065800
2025-08-05,434.71246337890625,436.54534814831624,432.81056124148097,435.36282050339366,4081600
2025-08-06,435.5303649902344,436.4960969208882,433.7171779539902,435.6683095100833,2975300
2025-08-07,433.3131103515625,438.5260414213865,431.5984724493854,437.7968030586481,5205100
2025-08-08,435.4810791015625,436.42708313415443,433.89452174557016,434.38723656484683,3684500
2025-08-11,433.5989685058594,436.41728325065327,432.8303344779219,435.88514274733336,3538100
2025-08-12,438.20086669921875,438.6640198557674,434.7124672541616,435.2544415537083,5012600
2025-08-13,442.87176513671875,443.0983946883612,439.5508422653909,439.93517422796924,6203200
2025-08-14,442.6156005859375,443.08861766063075,440.4673710917777,441.21627720221613,4553200
2025-08-15,443.2427062988281,445.72744981604916,442.69054107277896,445.5795537895624,5584400
2025-08-18,442.7694091796875,443.676554960578,442.3553003052849,443.06523132358024,3809100
2025-08-19,443.00604248046875,445.8260268292218,441.94113098080624,443.55820766890633,5794900
2025-08-20,443.0750732421875,444.21885267138657,441.4087378800356,443.4990819748398,4731400
2025-08-21,441.684814453125,442.7891448963503,439.64375903176335,441.4580204871689,3780700
2025-08-22,450.2532653808594,451.4660428524871,443.9920729939033,444.1202595766032,8534700
2025-08-25,446.7331848144531,449.80954240329106,446.69373584541125,449.26724696463896,3898200
2025-08-26,448.13323974609375,448.38961287012023,446.21053158812185,446.45703494868815,3190500
2025-08-27,449.65179443359375,450.2532783950136,447.8572424054205,447.92627058129204,2943900
2025-08-28,450.4011535644531,450.8054227448758,448.42912639599916,450.1447804035152,3576500
2025-08-29,449.7109375,450.45044769718294,447.92625529805827,449.74051670425746,3605900
2025-09-02,447.265625,447.3543927059111,443.86389605574874,445.6682877455649,6009200
2025-09-03,446.9205322265625,447.3937994946434,444.2287042763645,446.54584224550047,3948200
2025-09-04,450.6575012207031,450.8645857408357,446.2303098115101,447.2064536407895,4524200
2025-09-05,448.62628173828125,452.25483436005874,446.6444150252182,450.726495349944,5828200
2025-09-08,449.8194274902344,449.9081651055412,447.285365253732,449.01088909644216,4395200
2025-09-09,451.6040954589844,452.13652113398456,448.853109108496,449.58274953843863,5979400
2025-09-10,449.55316162109375,451.49560956571554,448.35022385705264,451.3082645793754,5412200
2025-09-11,455.4593811035156,455.85378049570926,450.21378192418086,450.46028530564496,6352100
2025-09-12,452.895751953125,455.23259925698346,452.64924856511044,454.79875088681825,3784600
2025-09-15,453.63531494140625,454.46356281069217,452.41263753277065,453.5761565286536,4862200
2025-09-16,452.3633117675781,454.35504837856826,451.37729818160835,453.6746965969894,4526100
2025-09-17,454.8086853027344,457.3624571546959,451.55482206395635,453.35924397154,5998000
2025-09-18,456.159423828125,457.87507766467223,454.21697605713734,454.8381693678165,6681000
2025-09-19,457.769287109375,458.5999012769622,455.72240031600757,457.5517431480985,5871400
2025-09-22,458.49114990234375,459.1042201160323,455.02034444370975,456.00917515655425,4074900
2025-09-23,457.7000427246094,461.78391817831545,456.86942859149036,459.03497015083224,5904600
2025-09-24,455.8707275390625,459.2327761274661,455.6531835736566,458.2736091222744,4588800
2025-09-25,454.2984924316406,455.93005709142386,452.59770237874255,454.7632440791395,4767200
2025-09-26,457.1166687011719,458.23405225445407,455.1785689196673,456.11794000722597,4167200
2025-09-29,457.8681945800781,458.599919671577,456.15750653520934,458.58015392038385,3752700
2025-09-30,458.560302734375,458.9063994872254,455.692699967515,457.45281726662625,4253300
2025-10-01,459.0744934082031,459.94466914437703,457.38357139402757,457.40336731866796,4551600
2025-10-02,459.9150390625,460.56767095517154,457.4528602403399,459.1239865617143,5458300
2025-10-03,462.28826904296875,465.1262084392857,460.4786918893009,460.5874789626253,9693900
2025-10-06,461.625732421875,463.23753133324107,459.04489871230277,463.0892127597114,7405400
2025-10-07,460.7654113769531,463.37590855680895,459.20307225419225,462.327750499714,7368700
2025-10-08,460.8643493652344,462.901338271656,459.73706783893465,462.1003877879038,4621200
2025-10-09,458.322998046875,461.5663613135793,457.4429242993507,460.9631891127318,5411000
2025-10-10,449.7894592285156,461.2895662112098,449.64114064449933,459.9249748848177,9309100
2025-10-13,455.534423828125,456.4045994893894,452.94369276726803,453.1118072286671,6272500
2025-10-14,457.5418395996094,460.02381428523387,449.4828755206263,451.92528852921487,7827400
2025-10-15,457.5418395996094,461.72460427716663,455.10932455445925,459.4799694770401,6187100
2025-10-16,454.42706298828125,459.0844474321006,452.7262728690091,458.1945057808266,8149500
2025-10-17,456.7763366699219,458.091912043272,453.94734096792155,454.32319808394874,8439900
2025-10-20,461.9595031738281,462.4639866295352,458.40840693884604,458.4282095445751,4556600
2025-10-21,464.1357116699219,466.14371415418697,461.85074436668583,462.00901428994086,5951600
2025-10-22,460.73297119140625,464.155471400889,459.447069607103,464.12579767777123,7604700
2025-10-23,462.22662353515625,462.89924805698956,459.8229311915597,460.505457016829,5144200
2025-10-24,467.09326171875,468.11209973169764,464.1950175890027,464.9269895050334,7228900
2025-10-27,470.19927978515625,470.4663432923581,468.5770357615294,469.615676441115,4720200
2025-10-28,471.9797668457031,474.21528795204966,471.65335589017053,473.6118819971674,9435500
2025-10-29,471.2082214355469,475.1846814831418,469.3485876084787,473.46351496931237,10006500
2025-10-30,469.86297607421875,474.94726522823356,468.7748892321064,468.96283287696673,9338300
2025-10-31,470.51580810546875,471.9896532910087,468.29018837256086,470.7037215554111,7990900
2025-11-03,468.3396301269531,471.1389518603301,466.19313027797557,471.00048455321183,4858700
2025-11-04,465.7974853515625,467.5878704061666,463.7202341837582,465.3227057842245,6013300
2025-11-05,467.9834899902344,469.41779024638026,465.3028632897669,465.6985229575975,7030200
2025-11-06,464.1950378417969,468.3099650971199,462.7805400878452,466.9745872077187,7125200
2025-11-07,464.76873779296875,464.8577891471767,459.82291614095874,463.2058714331695,8604400
2025-11-10,468.68585205078125,469.0617393276614,464.3632087404592,466.7866432469815,5636600
2025-11-11,474.21527099609375,474.6603768286322,468.863888394313,469.1210807777126,4839100
2025-11-12,477.5289611816406,479.1511749162535,475.2835389289853,475.2835389289853,7066900
2025-11-13,469.59588623046875,477.1827902770782,469.0815316222024,476.18372459745024,8722300
2025-11-14,466.687744140625,468.91336400388195,463.789499741329,466.2723120041485,10940200
2025-11-17,461.26708984375,467.24162030273584,459.5063786498148,465.7677751995642,7599500
2025-11-18,456.3014831542969,459.0711613285247,454.55067319661754,457.1620814591553,12817500
2025-11-19,456.7565612792969,458.37877519198315,454.4419202144642,456.50927018023054,5833400
2025-11-20,453.1361999511719,463.9477591753787,452.75041136055063,461.58367204904823,13414200
2025-11-21,458.1337890625,461.3526203547967,453.4590544074606,455.1328490974472,11821400
2025-11-24,459.98583984375,461.40211832639994,456.58874214903494,459.3024547975953,6206800
2025-11-25,466.6612243652344,467.3743205416864,459.0053769057936,461.11492412893045,7203600
2025-11-26,469.80084228515625,471.22703465610715,467.40403753747614,467.67146749759513,5689100
2025-11-28,472.6036376953125,473.0295065621462,470.26628558672587,470.26628558672587,2281800
2025-12-01,468.78070068359375,472.37589253290867,468.4142539507265,469.79090764108486,4413900
2025-12-02,470.70208740234375,471.89056081576797,468.58259629980415,469.6621391625816,5233500
2025-12-03,474.8122863769531,475.57489091435104,470.11775438263487,470.2761933261979,5994200
2025-12-04,474.4755554199219,476.6148438780173,472.92060502481627,475.10940187515183,4003800
2025-12-05,475.42633056640625,477.30810280689377,474.6934371166666,474.88161736320563,4596600
2025-12-08,473.5643615722656,475.9116275744132,472.26692736664904,475.88191649431906,4427600
2025-12-09,471.8509521484375,475.6739186739402,471.5241000564196,473.48512193382027,4266900
2025-12-10,476.7337341308594,478.12030172111275,470.8011592385972,471.5637940819165,5476200
2025-12-11,483.191162109375,483.69628071434323,477.33783731763543,477.5755561919817,6972300
2025-12-12,480.74481201171875,484.96396656403675,479.52662755217506,484.01318181453627,7089900
2025-12-15,480.51708984375,483.05253627039895,479.0710699126085,482.9039506347338,4891300
2025-12-16,477.3576354980469,480.8240691387784,475.72343545892267,479.81383199097036,5373200
2025-12-17,475.198486328125,480.1406504973689,474.8914617879895,478.17962872255765,6381600
2025-12-18,475.9017639160156,479.98224695226133,474.81230722553624,477.5557311518711,6422800
2025-12-19,477.5732116699219,479.2109398095368,476.8585628083624,477.047152805907,6439100
2025-12-22,479.8660583496094,480.8288487988711,478.2779463324835,478.2779463324835,4162000
2025-12-23,480.6303405761719,481.5137087405098,478.5955616974763,478.5955616974763,3677800
2025-12-24,483.3896789550781,483.94551360865034,479.99508919366815,480.590634976986,1544000
2025-12-26,483.4095153808594,483.9951258042235,482.1191914365948,483.2209253795215,2711500
2025-12-29,480.9876708984375,483.2904318464064,480.1539188912179,482.2780251856508,3390100
2025-12-30,479.9951171875,481.06710571813505,479.2308520669447,481.0174592303783,3042700
2025-12-31,476.99755859375,480.213463473602,476.7890978769319,480.05464924252425,3441900
2026-01-02,480.0348205566406,480.3524490265603,474.82384774172397,478.26805384245,7021100
2026-01-05,486.129150390625,488.38229511335294,480.6501957188903,480.8090099501936,7574400
2026-01-06,490.9331359863281,491.43935442315154,485.3251432161597,485.6923878504373,6061400
2026-01-07,486.3177185058594,492.5609682778752,485.86114654311314,491.9654225099753,5603700
2026-01-08,488.8686828613281,489.8513138140092,484.1837686721663,484.1837686721663,6544800
2026-01-09,491.3401184082031,492.01508645749595,488.25325200927415,489.1961717420945,6004600
2026-01-12,492.21356201171875,492.65029355365067,486.4070438075609,488.6700934836098,5722400
2026-01-13,488.2829895019531,492.27309448146127,486.9827302813653,491.8661387290362,5966400
2026-01-14,487.9256896972656,488.2830292880762,484.9182152586109,487.0125457365489,6767800
2026-01-15,490.8041076660156,492.14404770020496,488.5509631795535,488.7097773942034,8519900
2026-01-16,489.9293518066406,492.49108646397445,488.78746315111295,491.0016980976519,5845500
2026-01-20,481.44976806640625,485.60018978726174,480.82422009235836,482.73065057032886,7416300
2026-01-21,487.3279113769531,489.42300031757117,482.1249905129233,482.23422809454536,6718600
2026-01-22,490.19744873046875,492.50104342702735,488.9761393168149,489.9790038833523,5087200
2026-01-23,487.45697021484375,488.64849308651026,486.09666695573037,488.34068856663873,4915700
2026-01-26,490.5647888183594,491.34920847775174,487.9931153114652,488.4300049722648,3722800
2026-01-27,486.5931396484375,488.1123146747307,485.1037511794564,487.2186876536793,5971400
2026-01-28,486.66265869140625,487.91375471982184,485.4711357784689,486.8115914801018,4726500
2026-01-29,486.7420654296875,489.4627022656833,482.4526497300377,486.6129802492972,9706500
2026-01-30,485.5704040527344,487.01015829073015,481.1320254169227,485.6498247678454,8112100
2026-02-02,490.5350341796875,491.30951493755225,483.5349208028979,485.4115344347036,5584500
2026-02-03,488.82720947265625,493.00741784765404,484.82572043682285,489.651354706056,8799100
2026-02-04,491.2499694824219,492.98758938458303,487.6357055411172,490.4258545187103,8797100
2026-02-05,485.4512634277344,489.94921522717345,484.776081285608,489.02580168264603,7767500
2026-02-06,497.48553466796875,498.1210216255342,488.6485024884155,488.88679494665956,10635300
2026-02-09,497.6741638183594,498.6075162940681,494.78474672462505,496.57200066015685,6414800
2026-02-10,498.3493347167969,501.7252755754525,497.7138781124502,498.7862243892717,8163100
2026-02-11,497.78338623046875,501.5465828033146,495.5989680541123,500.64301685565584,5743800
2026-02-12,491.1705322265625,500.9707032965454,490.82300219749305,499.57067452916425,9160300
2026-02-13,491.77618408203125,494.25849805238187,487.7250610151601,491.5378916374165,8378100
2026-02-17,492.3421630859375,494.04999632398864,488.62860074987395,491.8258223826783,6779400
2026-02-18,493.4840087890625,495.8074509890102,491.15062763686603,493.26556395137425,4454300
2026-02-19,490.882568359375,492.97762685354115,488.92650369385706,492.05421330781917,4625400
2026-02-20,493.1820373535156,494.0966763411067,488.51946282696315,489.6627388069742,6086800
2026-02-23,485.1592102050781,494.08673247858263,484.30421827563697,491.6112879767211,8269200
2026-02-24,488.9171447753906,489.9709502021213,484.60250116533587,485.53701244402987,5335000
2026-02-25,491.929443359375,492.23763002156437,489.02648762022665,490.74639249252976,4446200
2026-02-26,491.96917724609375,495.2996137236867,489.3644872724726,494.0966906378634,6467000
2026-02-27,486.7995910644531,488.0820638566785,483.91653785949467,486.76976752692724,7198400
2026-03-02,486.3223571777344,488.1118603480499,481.3217420676023,481.5106345745685,7218500
2026-03-03,482.6837463378906,484.5428479187962,473.94511637316936,477.3550721981004,11570700
2026-03-04,484.8907775878906,486.17325033764735,481.1229393348972,483.7176780316442,7590700
2026-03-05,477.03692626953125,482.653914728998,473.36847962896405,480.9936873188957,8758600
2026-03-06,472.4538879394531,473.4480462985999,467.71173314916774,470.9526991085638,8206100
2026-03-09,475.08837890625,476.5796163739782,463.953793678158,468.12927072351846,10305600
2026-03-10,474.90948486328125,480.0492668558975,472.23519631171314,474.94922935540285,6265600
2026-03-11,472.03631591796875,474.97901609022307,469.70003776630375,474.61118236110434,6701700
2026-03-12,464.7491760253906,468.72580959348545,464.67957765651545,467.59245446371136,8000200
2026-03-13,463.6853942871094,469.3421576601554,463.05906967958373,467.1947720083408,7471700
2026-03-16,467.55267333984375,469.9386777200305,466.2404073379082,467.3240363299118,7059900
2026-03-17,468.1491394042969,472.35443995343115,467.8807275842982,470.61466292099055,6189400
2026-03-18,460.2952880859375,467.00585654075405,460.05669980500994,466.0315704947945,7090700
2026-03-19,458.36663818359375,460.6631415036641,455.4835850882847,457.28300924229126,7882800
2026-03-20,454.2060852050781,458.86879130469356,451.86475936290327,457.03559139556756,10543300
2026-03-23,460.26361083984375,465.31489094864577,459.21750141357677,461.5886848067723,9978100
2026-03-24,459.4665832519531,462.22634071818027,455.7503498597554,456.7267409656965,8188000
2026-03-25,462.42559814453125,465.5141232001578,460.0942147598558,464.00972143576183,7019700
2026-03-26,457.6134338378906,463.710823390771,457.2448053800312,459.8352077822291,8284000
2026-03-27,449.72271728515625,455.8101342100018,448.82601728741616,455.67063673307143,6938500
2026-03-30,450.39019775390625,454.43519866787983,448.7761865051099,453.9171303672951,9181600
2026-03-31,461.4790954589844,462.1067732627423,452.99057713469875,455.1226567042065,11656300
2026-04-01,463.76068115234375,466.17172544275917,462.7842900037888,464.27874949788065,7790300
2026-04-02,463.3421630859375,465.79306784651135,457.18499801200323,458.4602687432212,3955900
2026-04-06,465.0458679199219,465.29494448807407,461.7480965899747,462.44552314274273,2905300
2026-04-07,464.1591491699219,464.5875535496937,460.4030552409301,464.02962449583896,3943200
2026-04-08,477.3901062011719,478.4262732141025,473.80339762168427,477.1111416674814,4697500
2026-04-09,480.1199645996094,481.48489926550815,475.24804296122653,475.72625049097024,4213700
2026-04-10,477.47979736328125,480.6181561476087,476.8620923180629,480.4189131292332,2659000
2026-04-13,480.3491516113281,480.49859147234787,473.3949228316126,474.3414259594956,3768700
2026-04-14,483.6966857910156,484.1749237112621,480.08008943158507,480.62807608277734,4217900
2026-04-15,482.9295654296875,485.28083357909395,481.0764199991002,484.7129621257957,3474500
2026-04-16,483.83624267578125,484.98198886193245,481.5646654841154,484.0255433088247,4111500
2026-04-17,492.6034240722656,495.41420724653597,488.7560341863536,489.06504817102353,10238700
2026-04-20,492.71307373046875,493.1616139844802,490.6996919351838,491.83597768920873,3764000
2026-04-21,489.7528076171875,496.74986553287687,488.71623122933335,495.6135797313428,4322200
2026-04-22,493.1416931152344,494.51718412296526,491.6166988279149,493.6998589708704,4022400
2026-04-23,491.3874206542969,493.510458393336,486.9121169625474,490.93888041560314,4077300
2026-04-24,490.60003662109375,491.8758486909414,489.1647442402952,491.43728544026635,3372300
2026-04-27,490.22125244140625,491.93562768414057,488.6863115514494,489.99202421924474,2132100
2026-04-28,489.8126220703125,492.20476579923826,489.1647238285603,491.8459275101326,3057100
2026-04-29,487.07159423828125,489.8823470186512,485.4070433546691,489.34413523686595,3322300
2026-04-30,495.0255126953125,495.95246347914247,488.78600907141373,489.37407560366364,5352300
2026-05-01,493.40081787109375,498.29476130045276,493.2911922728974,497.2083302541766,4402600
2026-05-04,487.95867919921875,492.713065894442,487.4005133555859,491.8857941533367,3310400
2026-05-05,491.3475646972656,491.9755088920949,488.4271557578372,490.2810876862741,3386200
2026-05-06,497.4176330566406,498.44426278789234,495.2746716274558,495.35442698745527,4317300
2026-05-07,494.2879333496094,499.56063882391317,493.15164757113496,498.8728933091014,4490500
2026-05-08,494.5072021484375,496.9192694823434,493.3111150881857,496.84952156440545,3495200
2026-05-11,495.4839782714844,496.2116014501496,493.1416892681007,494.17826561033365,4249100
2026-05-12,496.2614440917969,496.77973225031496,491.5768053633875,494.88595312823173,7445700
2026-05-13,495.513916015625,495.98234948840184,493.02209328251615,494.53711055385344,3256800
2026-05-14,499.16192626953125,500.51749367676933,497.21832275510764,499.7500232122338,4920500
2026-05-15,494.0219421386719,496.38548777565615,493.73272279553174,495.9666477672068,5300700
2026-05-18,495.6575012207031,496.28579167730567,492.2567771686632,494.30118634962713,5496200
2026-05-19,492.6357421875,494.989305306172,491.2395276626953,493.4834047331635,5361300
2026-05-20,498.8786926269531,499.5668173722716,491.14978261708484,494.5205895296233,6516100
2026-05-21,501.7408752441406,502.67831966268704,495.8569369647431,497.422671837691,6576000
2026-05-22,504.74267578125,507.35554102811074,504.3138532572754,505.63026840645904,5172200
2026-05-26,503.87506103515625,506.85691459644323,502.59854552195856,506.1887549136179,3897800
2026-05-27,505.5006408691406,507.31569543810474,504.433545337818,504.5532139143156,4247800
2026-05-28,505.6701354980469,506.8269824029256,502.26944202885807,503.96479750059694,3709600
2026-05-29,509.3900146484375,509.91857114359175,505.8197702832591,506.5178471145687,5346700
2026-06-01,510.0482177734375,510.46705778164556,506.94666520865934,508.46254830187456,4424800
2026-06-02,512.651123046875,513.0899281263163,507.5450607783203,507.6946465020999,5078000
2026-06-03,506.87689208984375,511.4543673290849,506.6076073572781,509.7789768178951,4098000
2026-06-04,515.2938842773438,516.171494348051,511.2848046756607,512.2920658387947,6390700
2026-06-05,508.3129577636719,516.3410390016675,507.365530839398,516.3011697671413,6610700
2026-06-08,507.5251159667969,512.3619238354053,506.93672517539335,509.3800397734727,4825700
2026-06-09,508.02374267578125,512.1424781130482,501.71095150547455,510.08811687467005,6249400
2026-06-10,498.888671875,507.35555833628746,498.73908615624646,506.1089599557902,5153400
2026-06-11,507.9738464355469,509.3700609148294,500.20506754439197,501.8206541129297,6353900
2026-06-12,511.6637878417969,513.8976823054128,508.09354362337285,511.49426751260967,8384500
2026-06-15,517.0291748046875,519.422668046857,516.4607186379457,517.817003069613,5379400
2026-06-16,520.02099609375,521.8759198255517,518.6447466491074,518.9040488443387,4812600
2026-06-17,514.8949584960938,522.743536658086,513.897679838976,519.841482548259,6563500
2026-06-18,515.52001953125,519.52001953125,515.4299926757812,518.4299926757812,7134400
