Date,Close,Close,High,High,Low,Low,Open,Open,Volume,Volume
2020-08-20,0.003459000028669834,2.9000799655914307,0.0034990001004189253,3.0777840614318848,0.003389999968931079,2.6928958892822266,0.00342399999499321,2.7878570556640625,43536656,48819867.0
2020-08-21,0.003392999991774559,2.875027894973755,0.0035540000535547733,3.090092897415161,0.0033889999613165855,2.7309188842773438,0.0034570000134408474,2.896923065185547,60621268,49313137.0
2020-08-22,0.003441999899223447,4.484690189361572,0.0034469999372959137,4.510612964630127,0.0033539999276399612,2.8167619705200195,0.0033919999841600657,2.878570079803467,44884852,485801096.0
2020-08-23,0.003413999918848276,3.9670660495758057,0.003452999982982874,4.487058162689209,0.003387999953702092,3.716270923614502,0.003438000101596117,4.487058162689209,39485548,320749483.0
2020-08-24,0.0034179999493062496,4.602613925933838,0.0034650000743567944,4.783157825469971,0.0033859999384731054,3.8126699924468994,0.0034099998883903027,3.987412929534912,46470522,407690171.0
2020-08-25,0.0033050000201910734,5.523393154144287,0.0034340000711381435,5.760775089263916,0.0032389999832957983,4.501223087310791,0.0034179999493062496,4.5849528312683105,76826314,898847538.0
2020-08-26,0.0033030000049620867,6.081716060638428,0.0033450000919401646,6.554687976837158,0.0032510000746697187,5.136205196380615,0.0033009999897331,5.541406154632568,80416711,1054351759.0
2020-08-27,0.0032029999420046806,5.6283369064331055,0.0033140000887215137,6.789179801940918,0.0031649998854845762,5.3139262199401855,0.0032999999821186066,6.075771808624268,89847093,1289248953.0
2020-08-28,0.0032679999712854624,6.159955024719238,0.0032709999941289425,6.333745956420898,0.0031820000149309635,5.540963172912598,0.0032029999420046806,5.639485836029053,64056957,727162235.0
2020-08-29,0.0032820000778883696,6.159142971038818,0.0033009999897331,6.562905788421631,0.0032420000061392784,6.042308807373047,0.003266999963670969,6.175924777984619,78149363,527290028.0
2020-08-30,0.0032999999821186066,5.8698811531066895,0.003344000084325671,6.219505786895752,0.0032740000169724226,5.749978065490723,0.0032840000931173563,6.153439998626709,79325829,485335136.0
2020-08-31,0.0032210000790655613,6.300020217895508,0.0033080000430345535,6.459376811981201,0.003203999949619174,5.772965908050537,0.0033009999897331,5.905918121337891,85369757,512604781.0
2020-09-01,0.0032560001127421856,6.288766860961914,0.003281000070273876,6.838898181915283,0.003194000106304884,6.172324180603027,0.003220000071451068,6.298810005187988,81863764,601527409.0
2020-09-02,0.0031220000237226486,6.139464855194092,0.0032659999560564756,6.432651996612549,0.003065000055357814,5.657442092895508,0.0032579998951405287,6.282686233520508,56647412,584155028.0
2020-09-03,0.0028019999153912067,5.747868061065674,0.003134000115096569,6.318078994750977,0.00279000005684793,5.682590007781982,0.0031220000237226486,6.131178855895996,59904548,763663457.0
2020-09-04,0.0028989999555051327,5.146038055419922,0.002957999939098954,5.9813947677612305,0.002753000007942319,4.626719951629639,0.0027989998925477266,5.72661018371582,53434717,845787793.0
2020-09-05,0.0027580000460147858,4.122313022613525,0.002933999989181757,5.311783790588379,0.0027199999894946814,3.653467893600464,0.002899999963119626,5.136033058166504,62295889,805800385.0
2020-09-06,0.00278700003400445,4.799468040466309,0.002814000006765127,4.9016499519348145,0.002704000100493431,3.759744882583618,0.0027580000460147858,4.1370320320129395,89557154,924160482.0
2020-09-07,0.002810999983921647,4.594668865203857,0.002831999910995364,4.820003032684326,0.002707999898120761,4.032632827758789,0.00278700003400445,4.796048164367676,102610335,675375183.0
2020-09-08,0.002756000030785799,4.2743239402771,0.002833999926224351,4.6164398193359375,0.0027000000700354576,4.119595050811768,0.0028200000524520874,4.588957786560059,57144396,519440288.0
2020-09-09,0.002778999973088503,4.708939075469971,0.0028069999534636736,4.796722888946533,0.002704000100493431,4.158873081207275,0.0027580000460147858,4.282867908477783,77050464,534097094.0
2020-09-10,0.002804999938234687,4.5815839767456055,0.0028589998837560415,4.87014102935791,0.0027520000003278255,4.47129487991333,0.0027920000720769167,4.709848880767822,104276032,633577674.0
2020-09-11,0.0028059999458491802,4.645566940307617,0.0028250000905245543,4.748109817504883,0.002741999924182892,4.317130088806152,0.002804999938234687,4.579847812652588,134077501,633472140.0
2020-09-12,0.002819000044837594,5.1370368003845215,0.002830999903380871,5.280156135559082,0.0027809999883174896,4.516018867492676,0.0028019999153912067,4.650601863861084,117125272,753745737.0
2020-09-13,0.0027759999502450228,5.2979512214660645,0.002824000082910061,5.4788007736206055,0.0027459999546408653,4.806826114654541,0.002819000044837594,5.145040988922119,124253232,1099475714.0
2020-09-14,0.0028029999230057,5.3487091064453125,0.0028429999947547913,5.602781772613525,0.002741999924182892,5.126424789428711,0.0027759999502450228,5.296420097351074,128520946,1008259712.0
2020-09-15,0.002831999910995364,5.095705986022949,0.0028780000284314156,5.4519171714782715,0.002785000018775463,5.095705986022949,0.0027989998925477266,5.366625785827637,100194174,897864384.0
2020-09-16,0.0028260000981390476,5.080321788787842,0.0028589998837560415,5.281322956085205,0.0027910000644624233,4.986210823059082,0.002830999903380871,5.068963050842285,148555505,792360521.0
2020-09-17,0.002814000006765127,5.336300849914551,0.0028589998837560415,5.417671203613281,0.0027809999883174896,5.061747074127197,0.002824000082910061,5.080321788787842,161305349,776350363.0
2020-09-18,0.0028039999306201935,5.245763778686523,0.0028250000905245543,5.459138870239258,0.0027489999774843454,5.108552932739258,0.002814000006765127,5.341709136962891,147868185,683398180.0
2020-09-19,0.0027940000873059034,4.925411224365234,0.002814000006765127,5.255691051483154,0.0027729999274015427,4.8249831199646,0.00279600010253489,5.253236770629883,147046520,605268040.0
2020-09-20,0.0027779999654740095,4.672449111938477,0.0028059999458491802,4.974465847015381,0.002722000004723668,4.424918174743652,0.0027940000873059034,4.928915023803711,145951917,798507891.0
2020-09-21,0.002630000002682209,4.094596862792969,0.0028019999153912067,4.700902938842773,0.002615999896079302,3.9504759311676025,0.0027779999654740095,4.672449111938477,78753428,1096736657.0
2020-09-22,0.002655999967828393,4.174462795257568,0.002672000089660287,4.208596229553223,0.002604000037536025,3.918225049972534,0.002624999964609742,4.085402011871338,36467574,673117344.0
2020-09-23,0.0025599999353289604,4.031414985656738,0.002650999929755926,4.315890789031982,0.0025400000158697367,3.9741010665893555,0.002647999906912446,4.168553829193115,79707709,557062766.0
2020-09-24,0.0026279999874532223,4.381972789764404,0.0026499999221414328,4.39995002746582,0.002535999985411763,3.9931840896606445,0.0025569999124854803,4.021368026733398,111915974,437573446.0
2020-09-25,0.002698000054806471,4.42095422744751,0.0027209999971091747,4.527897834777832,0.002615999896079302,4.262062072753906,0.0026279999874532223,4.376265048980713,124575712,425191119.0
2020-09-26,0.002715999959036708,4.347661972045898,0.002753000007942319,4.464016914367676,0.0026779999025166035,4.2425432205200195,0.0026990000624209642,4.422246932983398,108180296,329745176.0
2020-09-27,0.0026920000091195107,4.310280799865723,0.0027340000960975885,4.362192153930664,0.00266400002874434,4.160518169403076,0.0026970000471919775,4.340383052825928,76293172,316361927.0
2020-09-28,0.0026519999373704195,4.397861003875732,0.002739999908953905,4.582980155944824,0.0026400000788271427,4.270126819610596,0.0027089999057352543,4.302436828613281,102662350,543507456.0
2020-09-29,0.002684999955818057,4.500452041625977,0.0027099999133497477,4.602887153625488,0.0026360000483691692,4.358147144317627,0.002662000013515353,4.42175817489624,109463113,508965929.0
2020-09-30,0.002630000002682209,4.349781036376953,0.002684999955818057,4.502908229827881,0.002616999903693795,4.253639221191406,0.0026829999405890703,4.502908229827881,106684832,378446620.0
2020-10-01,0.002615999896079302,4.3438310623168945,0.002681999932974577,4.58342981338501,0.0025839998852461576,4.257381916046143,0.0026310000102967024,4.350967884063721,116194992,445143708.0
2020-10-02,0.002583000110462308,4.123178958892822,0.0026279999874532223,4.358544826507568,0.0025390000082552433,3.933161973953247,0.0026140001136809587,4.344503879547119,128239855,554916297.0
2020-10-03,0.002598999999463558,4.0700459480285645,0.0026400000788271427,4.1315131187438965,0.0025740000419318676,4.038118839263916,0.002583000110462308,4.127322196960449,116046378,361964763.0
2020-10-04,0.002635000040754676,4.173911094665527,0.002681999932974577,4.195494174957275,0.002589999930933118,4.021516799926758,0.002606000052765012,4.067633152008057,92364518,286356969.0
2020-10-05,0.002612000098451972,4.172699928283691,0.002662000013515353,4.233528137207031,0.002598999999463558,4.120232105255127,0.0026320000179111958,4.181272983551025,127881032,332264664.0
2020-10-06,0.0026110000908374786,3.75616192817688,0.0026279999874532223,4.182002067565918,0.0025740000419318676,3.6456809043884277,0.002612000098451972,4.169270992279053,105669881,662270711.0
2020-10-07,0.0025949999690055847,3.858798027038574,0.002612000098451972,3.8777029514312744,0.0025649999734014273,3.6202709674835205,0.002592999953776598,3.7534561157226562,125523508,629063456.0
2020-10-08,0.002595999976620078,4.102642059326172,0.0026310000102967024,4.160009860992432,0.0025599999353289604,3.6646409034729004,0.0025839998852461576,3.8576250076293945,109356096,614223111.0
2020-10-09,0.002652999944984913,4.262467861175537,0.00266700005158782,4.35194206237793,0.0025949999690055847,4.020022869110107,0.002615999896079302,4.111853122711182,100051523,491506582.0
2020-10-10,0.0026549999602138996,4.252954959869385,0.002715999959036708,4.47580099105835,0.0026539999525994062,4.239728927612305,0.0026539999525994062,4.260406970977783,96632426,492038159.0
2020-10-11,0.0026740001048892736,4.262162208557129,0.002706000115722418,4.334370136260986,0.0026489999145269394,4.1786208152771,0.00266700005158782,4.2586989402771,107632465,388098955.0
2020-10-12,0.0026730000972747803,4.319948196411133,0.002707999898120761,4.437003135681152,0.0026289999950677156,4.207902908325195,0.0026740001048892736,4.255739212036133,101246789,489608532.0
2020-10-13,0.002635000040754676,4.2494001388549805,0.00267699989490211,4.344513893127441,0.002626999979838729,4.157707214355469,0.00266700005158782,4.316079139709473,76963142,420659947.0
2020-10-14,0.0026370000559836626,4.199113845825195,0.002652999944984913,4.358098030090332,0.0026179999113082886,4.093733787536621,0.0026340000331401825,4.255530834197998,87293434,520198619.0
2020-10-15,0.002592999953776598,4.096810817718506,0.002650999929755926,4.192293167114258,0.0025690000038594007,4.033811092376709,0.0026499999221414328,4.192293167114258,83794207,450623089.0
2020-10-16,0.002612000098451972,3.909528970718384,0.002615999896079302,4.157107830047607,0.0025569999124854803,3.839911937713623,0.0025949999690055847,4.100024223327637,117882236,443295515.0
2020-10-17,0.002581000095233321,3.967252016067505,0.002612000098451972,3.977368116378784,0.0025730000343173742,3.871609926223755,0.0026030000299215317,3.917128086090088,125692391,206453738.0
2020-10-18,0.0025859999004751444,4.104650974273682,0.002601000014692545,4.121717929840088,0.0025770000647753477,3.9600119590759277,0.002581000095233321,3.96835994720459,72298803,204108300.0
2020-10-19,0.002589999930933118,3.9905920028686523,0.002618999918922782,4.111244201660156,0.002572000026702881,3.9641659259796143,0.0025949999690055847,4.110964775085449,91049562,249983725.0
2020-10-20,0.002601000014692545,3.9103429317474365,0.0026229999493807554,4.138195037841797,0.002581000095233321,3.875638961791992,0.002589999930933118,3.989690065383911,65577101,502694693.0
2020-10-21,0.002630000002682209,4.141119956970215,0.0026569999754428864,4.245581150054932,0.0025939999613910913,3.9053409099578857,0.0026000000070780516,3.906003952026367,45017115,458018407.0
2020-10-22,0.0026549999602138996,4.26894998550415,0.0026889999862760305,4.331874847412109,0.002623999956995249,4.131649971008301,0.002626999979838729,4.1409149169921875,44976453,367309225.0
2020-10-23,0.0026469998992979527,4.266849994659424,0.0026910000015050173,4.474156856536865,0.0026370000559836626,4.202276229858398,0.0026489999145269394,4.273909091949463,46856082,461816708.0
2020-10-24,0.0026459998916834593,4.355343818664551,0.002652999944984913,4.430924892425537,0.002623999956995249,4.244643211364746,0.0026469998992979527,4.266852855682373,44797614,310306552.0
2020-10-25,0.002652999944984913,4.335230827331543,0.0026759998872876167,4.447239875793457,0.002623999956995249,4.267938137054443,0.002644999884068966,4.355343818664551,58532388,339106539.0
2020-10-26,0.002678999910131097,4.727015972137451,0.0028929999098181725,4.738708019256592,0.0026360000483691692,4.304171085357666,0.002652999944984913,4.335230827331543,122152251,722990810.0
2020-10-27,0.00267699989490211,4.6839518547058105,0.002707999898120761,4.9277801513671875,0.002630000002682209,4.66053581237793,0.002678999910131097,4.727015972137451,78927089,820401909.0
2020-10-28,0.0025949999690055847,4.3650970458984375,0.0026970000471919775,4.774251937866211,0.002575000049546361,4.2622761726379395,0.00267699989490211,4.683953762054443,72848720,649971738.0
2020-10-29,0.002581000095233321,4.053345203399658,0.0026229999493807554,4.403780937194824,0.002518000081181526,3.879251003265381,0.0025949999690055847,4.365097999572754,58929515,686597329.0
2020-10-30,0.002597999991849065,4.088112831115723,0.002607000060379505,4.156761169433594,0.002532999962568283,3.9371869564056396,0.002581000095233321,4.053277969360352,63444097,586577443.0
2020-10-31,0.0025760000571608543,4.18176794052124,0.0026030000299215317,4.27423095703125,0.002555999904870987,4.072735786437988,0.002597999991849065,4.088185787200928,56189318,318678917.0
2020-11-01,0.0025820001028478146,4.22561502456665,0.002589999930933118,4.22561502456665,0.002560999942943454,4.122063159942627,0.0025760000571608543,4.181673049926758,45528682,302861124.0
2020-11-02,0.002517000073567033,4.030231952667236,0.0025919999461621046,4.261608123779297,0.002515000058338046,3.985630989074707,0.0025820001028478146,4.22576904296875,50142376,503474044.0
2020-11-03,0.0025279999244958162,4.025467872619629,0.002529999939724803,4.065161228179932,0.002452000044286251,3.8863699436187744,0.002517000073567033,4.030229091644287,62871653,413471121.0
2020-11-04,0.002532999962568283,4.098083019256592,0.0025579999200999737,4.147281169891357,0.0024969999212771654,3.8941900730133057,0.0025279999244958162,4.025473117828369,52552651,836536272.0
2020-11-05,0.002616999903693795,4.235195159912109,0.0026390000712126493,4.297354221343994,0.002495999913662672,4.0256757736206055,0.002532999962568283,4.098083972930908,31611963,375265287.0
2020-11-06,0.0027600000612437725,4.579651832580566,0.0028009999077767134,4.633965015411377,0.0026080000679939985,4.206799030303955,0.002616999903693795,4.235197067260742,54267546,463200956.0
2020-11-07,0.0026710000820457935,4.241960048675537,0.002819000044837594,4.838397979736328,0.002612000098451972,4.106513977050781,0.0027600000612437725,4.579651832580566,44610219,724809168.0
2020-11-08,0.002710999920964241,4.372093200683594,0.002741999924182892,4.426574230194092,0.0026579999830573797,4.142643928527832,0.0026710000820457935,4.241960048675537,22754531,393903990.0
2020-11-09,0.0026700000744313,4.346766948699951,0.0027860000263899565,4.45768404006958,0.0026630000211298466,4.250327110290527,0.002710999920964241,4.372093200683594,28124348,396903280.0
2020-11-10,0.002753000007942319,4.415016174316406,0.0028510000556707382,4.498283863067627,0.0026549999602138996,4.308891773223877,0.0026700000744313,4.346765995025635,39633173,379322634.0
2020-11-11,0.002768999896943569,4.457201957702637,0.002836999949067831,4.62040376663208,0.002753000007942319,4.415018081665039,0.002753000007942319,4.415018081665039,33138759,404513890.0
2020-11-12,0.002778999973088503,4.399240016937256,0.0027910000644624233,4.471586227416992,0.0027469999622553587,4.320396900177002,0.002768999896943569,4.45720100402832,24028261,367161907.0
2020-11-13,0.0028210000600665808,4.5401201248168945,0.0028359999414533377,4.585021018981934,0.002776999957859516,4.37412691116333,0.002778999973088503,4.399240970611572,29217750,342519103.0
2020-11-14,0.0027729999274015427,4.4656219482421875,0.0028210000600665808,4.550857067108154,0.0027209999971091747,4.3705267906188965,0.0028210000600665808,4.5401201248168945,30334380,331350627.0
2020-11-15,0.0027749999426305294,4.379988193511963,0.002812999999150634,4.491476058959961,0.0027389999013394117,4.309564113616943,0.0027729999274015427,4.4656219482421875,25131683,325439058.0
2020-11-16,0.0028860000893473625,4.485499858856201,0.0030090000946074724,4.589541912078857,0.0027570000384002924,4.3458638191223145,0.0027749999426305294,4.379988193511963,52063283,445672648.0
2020-11-17,0.0029360000044107437,4.844666004180908,0.002976000076159835,4.910906791687012,0.0028860000893473625,4.566730976104736,0.002908000024035573,4.608518123626709,46631464,675069949.0
2020-11-18,0.0029090000316500664,4.679663181304932,0.0029990000184625387,4.927710056304932,0.0028550000861287117,4.5268378257751465,0.0029360000044107437,4.844667911529541,49460064,671452168.0
2020-11-19,0.002911000046879053,4.756765842437744,0.002959999954327941,4.848308086395264,0.002867999952286482,4.547364234924316,0.0029090000316500664,4.679657936096191,40330643,551607999.0
2020-11-20,0.002983999904245138,5.233436107635498,0.003011000109836459,5.459795951843262,0.002908000024035573,4.752435207366943,0.002911000046879053,4.756759166717529,57656465,1027776286.0
2020-11-21,0.0035069999285042286,5.7519211769104,0.0035490000154823065,5.8060431480407715,0.002983999904245138,5.141745090484619,0.002983999904245138,5.233436107635498,162641694,1022750932.0
2020-11-22,0.0033289999701082706,5.481853008270264,0.003659999929368496,5.834374904632568,0.00318100000731647,5.22339391708374,0.0035069999285042286,5.7519211769104,121660410,1048639986.0
2020-11-23,0.003648000070825219,5.9069318771362305,0.003648000070825219,5.939077854156494,0.0032319999299943447,5.422479152679443,0.0033289999701082706,5.48185396194458,101561039,997956277.0
2020-11-24,0.0042039998807013035,5.729445934295654,0.0042039998807013035,6.0756940841674805,0.003579000011086464,5.624484062194824,0.003645000047981739,5.9079060554504395,266716036,1113438978.0
2020-11-25,0.0037269999738782644,5.3098602294921875,0.004255999810993671,5.816349983215332,0.003642000025138259,5.183073043823242,0.00419999985024333,5.729334831237793,174459927,1011116414.0
2020-11-26,0.0032500000670552254,4.804576873779297,0.0037930000107735395,5.365758895874023,0.0029800001066178083,4.4594807624816895,0.0037269999738782644,5.308625221252441,175520294,1433368625.0
2020-11-27,0.003275000024586916,4.782790184020996,0.0033549999352544546,5.06801700592041,0.0030930000357329845,4.52234411239624,0.0032500000670552254,4.8059000968933105,92323023,864684858.0
2020-11-28,0.0034050000831484795,4.900475978851318,0.003470000112429261,4.944546222686768,0.0032470000442117453,4.679183006286621,0.003275000024586916,4.783547878265381,58033650,415083876.0
2020-11-29,0.003447999944910407,5.190351963043213,0.003530000103637576,5.200435161590576,0.0033579999580979347,4.81423282623291,0.0034050000831484795,4.901079177856445,46319972,451787954.0
2020-11-30,0.0035510000307112932,5.376430034637451,0.0035800000187009573,5.437084197998047,0.003413999918848276,5.146361827850342,0.003447999944910407,5.190307140350342,68622736,649773393.0
2020-12-01,0.003335000015795231,5.09356689453125,0.0035719999577850103,5.530345916748047,0.0032689999788999557,5.018441200256348,0.0035510000307112932,5.377254009246826,80163603,777715514.0
2020-12-02,0.0033740000799298286,5.4641571044921875,0.0034360000863671303,5.532001972198486,0.003292999928817153,5.030746936798096,0.003335000015795231,5.0934672355651855,58705661,607216780.0
2020-12-03,0.0034280000254511833,5.410368919372559,0.0035000001080334187,5.564023971557617,0.0033519999124109745,5.338206768035889,0.003375000087544322,5.4647440910339355,47907032,354593131.0
2020-12-04,0.00329799996688962,5.032713890075684,0.0034469999372959137,5.434473991394043,0.0032850001007318497,4.97195291519165,0.0034290000330656767,5.410147190093994,45062222,422944392.0
2020-12-05,0.0033970000222325325,5.188902854919434,0.003413999918848276,5.190218925476074,0.0032679999712854624,4.892159938812256,0.0032969999592751265,5.0297040939331055,43386583,408952852.0
2020-12-06,0.003387999953702092,5.135868072509766,0.003441999899223447,5.20137882232666,0.003343000076711178,5.009243965148926,0.0033970000222325325,5.18795919418335,40936574,299285627.0
2020-12-07,0.0033420000690966845,5.060319900512695,0.0034000000450760126,5.154355049133301,0.0033199999015778303,5.0187788009643555,0.003387999953702092,5.13498592376709,36923814,242900962.0
2020-12-08,0.0031789999920874834,4.733346939086914,0.003360999980941415,5.067212104797363,0.003137999912723899,4.712739944458008,0.003343000076711178,5.060634136199951,52702701,398505417.0
2020-12-09,0.0031580000650137663,4.861896991729736,0.0031820000149309635,4.93630313873291,0.0030159999150782824,4.6283087730407715,0.0031789999920874834,4.73314905166626,45746722,477599466.0
2020-12-10,0.0031049998942762613,4.797595977783203,0.0031649998854845762,4.912511825561523,0.003066000062972307,4.749416828155518,0.0031580000650137663,4.863699913024902,33740988,299121449.0
2020-12-11,0.0030789999291300774,4.621051788330078,0.003109999932348728,4.804924011230469,0.0030090000946074724,4.546073913574219,0.0031049998942762613,4.798059940338135,41712942,366039075.0
2020-12-12,0.003163000103086233,4.740454196929932,0.0031840000301599503,4.797782897949219,0.003074999898672104,4.615324974060059,0.0030789999291300774,4.619785785675049,35466155,282782417.0
2020-12-13,0.0032560001127421856,4.891211986541748,0.0032740000169724226,4.994999885559082,0.0031530000269412994,4.735164165496826,0.0031640001107007265,4.740725040435791,37464323,280953204.0
2020-12-14,0.0032309999223798513,4.8980817794799805,0.0032790000550448895,5.002224922180176,0.003198999911546707,4.835015773773193,0.0032560001127421856,4.891504764556885,36238516,204385757.0
2020-12-15,0.0032059999648481607,5.249607086181641,0.0032500000670552254,5.282553195953369,0.00317799998447299,4.8543829917907715,0.003229999914765358,4.89790678024292,37127782,354033042.0
2020-12-16,0.003415999934077263,5.35931396484375,0.003421999979764223,5.361889839172363,0.003186000045388937,5.124766826629639,0.0032049999572336674,5.2488250732421875,50989880,508481878.0
2020-12-17,0.0037299999967217445,5.343967914581299,0.004112999886274338,5.726208209991455,0.003406000090762973,5.292483806610107,0.003415999934077263,5.359303951263428,172736659,863948412.0
2020-12-18,0.0038580000400543213,5.367640972137451,0.003969999961555004,5.503850936889648,0.0036180000752210617,5.258786201477051,0.0037299999967217445,5.3441948890686035,101799430,607402856.0
2020-12-19,0.003926999866962433,5.338944911956787,0.004017999861389399,5.567254066467285,0.003809999907389283,5.287726879119873,0.0038590000476688147,5.36706018447876,98447179,517648631.0
2020-12-20,0.004625000059604645,5.188476085662842,0.00467800023034215,5.429289817810059,0.0038270000368356705,5.090573787689209,0.003926000092178583,5.338881969451904,508066004,519415555.0
2020-12-21,0.004786999896168709,4.890545845031738,0.0054060001857578754,5.41227912902832,0.004362999927252531,4.806443214416504,0.0046270000748336315,5.188238143920898,664160057,665375358.0
2020-12-22,0.0045079998672008514,5.154829978942871,0.00484299985691905,5.1732401847839355,0.004370000213384628,4.814806938171387,0.004784000106155872,4.8881611824035645,239288785,697260532.0
2020-12-23,0.003768000053241849,4.710612773895264,0.004734999965876341,5.184189796447754,0.003640000009909272,4.619132995605469,0.0045079998672008514,5.154473781585693,205080908,665441295.0
2020-12-24,0.004569999873638153,5.128820896148682,0.00457700015977025,5.196156024932861,0.003696999978274107,4.6553120613098145,0.003768000053241849,4.711977005004883,143405580,646511051.0
2020-12-25,0.0045819999650120735,5.214210033416748,0.004612999968230724,5.272006034851074,0.004395000170916319,5.043450832366943,0.004569999873638153,5.127845764160156,136819917,512565394.0
2020-12-26,0.004494000226259232,5.182180881500244,0.004639999940991402,5.273873805999756,0.004422999918460846,5.093932151794434,0.004581000190228224,5.214894771575928,151728507,484934518.0
2020-12-27,0.004548000171780586,5.136190891265869,0.0048050000332295895,5.394439220428467,0.004428999964147806,4.952185153961182,0.0044929999858140945,5.18195915222168,154526399,784179881.0
2020-12-28,0.004592000041157007,6.588821887969971,0.0047160000540316105,6.644753932952881,0.004523000214248896,5.122084140777588,0.004548000171780586,5.1363911628723145,99641525,1746628677.0
2020-12-29,0.004486000165343285,7.519257068634033,0.004608000162988901,7.607135772705078,0.0042779999785125256,6.198066234588623,0.004592000041157007,6.582754135131836,90876497,2717983832.0
2020-12-30,0.004635999910533428,7.254300117492676,0.00470300018787384,7.651447772979736,0.004453000146895647,7.088112831115723,0.004486999940127134,7.51915979385376,94834499,2059017629.0
2020-12-31,0.004681999795138836,9.292508125305176,0.004743000026792288,9.430130004882812,0.0045529999770224094,7.169960021972656,0.004635999910533428,7.25056791305542,85498337,2751292067.0
2021-01-01,0.005685000214725733,8.306818962097168,0.005685000214725733,9.416586875915527,0.004614999983459711,8.120194435119629,0.004681000020354986,9.288180351257324,228961515,2791211123.0
2021-01-02,0.010614999569952488,9.208836555480957,0.013698000460863113,9.761335372924805,0.005584000144153833,7.9432902336120605,0.0056859999895095825,8.305492401123047,3421562680,3049232407.0
2021-01-03,0.009770999662578106,10.033283233642578,0.013867000117897987,10.45749282836914,0.009409000165760517,8.873361587524414,0.010602000169456005,9.209648132324219,2707003608,3032883074.0
2021-01-04,0.009766999632120132,9.469611167907715,0.01142099965363741,10.50556468963623,0.007877999916672707,8.777210235595703,0.0097850002348423,10.062047958374023,1372398979,2893262630.0
2021-01-05,0.009920000098645687,9.701656341552734,0.010219000279903412,10.041343688964844,0.00897200033068657,9.08426284790039,0.009766999632120132,9.475802421569824,687256067,2080742171.0
2021-01-06,0.010464999824762344,10.096068382263184,0.010854000225663185,10.371598243713379,0.009685000404715538,9.48974323272705,0.009922999888658524,9.707113265991211,749915516,2382484175.0
2021-01-07,0.00974200014024973,9.644584655761719,0.010532000102102757,10.629005432128906,0.009162000380456448,9.4964017868042,0.010453999973833561,10.094014167785645,520644706,2521342761.0
2021-01-08,0.009846000000834465,9.307134628295898,0.010285000316798687,9.795449256896973,0.008985999971628189,8.86168384552002,0.009743000380694866,9.645126342773438,394462164,2350202788.0
2021-01-09,0.010193999856710434,9.777765274047852,0.010739999823272228,9.823150634765625,0.009739999659359455,9.053465843200684,0.009832999669015408,9.30577278137207,485842353,1478813230.0
2021-01-10,0.009859999641776085,9.305047988891602,0.010866999626159668,9.994552612304688,0.009177000261843204,8.752950668334961,0.010192999616265297,9.777318000793457,458583519,1603968712.0
2021-01-11,0.008834999985992908,8.276439666748047,0.009858000092208385,9.304654121398926,0.006769999861717224,7.22859001159668,0.009858000092208385,9.304654121398926,637956958,3251043299.0
2021-01-12,0.008062999695539474,8.264147758483887,0.009145000018179417,8.616104125976562,0.007903999648988247,7.9736528396606445,0.008829999715089798,8.272258758544922,333308457,1918790089.0
2021-01-13,0.008616000413894653,10.957710266113281,0.008646000176668167,11.299745559692383,0.007786999922245741,7.989519119262695,0.008062000386416912,8.265111923217773,240079033,2915711373.0
2021-01-14,0.009397000074386597,14.539050102233887,0.010029999539256096,14.549702644348145,0.008348999544978142,10.92501163482666,0.00861900020390749,10.9478759765625,428369039,5405054869.0
2021-01-15,0.009368999861180782,13.212381362915039,0.009796000085771084,14.855377197265625,0.008460000157356262,11.851578712463379,0.00938900001347065,14.522520065307617,398965925,6159630996.0
2021-01-16,0.009265000000596046,18.180423736572266,0.009530999697744846,19.32206153869629,0.009139999747276306,13.18575382232666,0.009367000311613083,13.198049545288086,258630480,8917081506.0
2021-01-17,0.009066999889910221,16.984254837036133,0.009367000311613083,18.15034294128418,0.008840999566018581,16.408960342407227,0.009263000451028347,18.15034294128418,254487989,6091648732.0
2021-01-18,0.009170999750494957,16.51292610168457,0.00929499976336956,18.10170555114746,0.008980999700725079,15.824629783630371,0.009069999679923058,16.99701690673828,205025648,3888179752.0
2021-01-19,0.009097999893128872,16.468509674072266,0.009612999856472015,17.467544555664062,0.009019999764859676,16.048328399658203,0.009171999990940094,16.52107810974121,249242632,3414422602.0
2021-01-20,0.009060000069439411,17.948930740356445,0.009153000079095364,18.125743865966797,0.008528999984264374,14.83346939086914,0.009096000343561172,16.452497482299805,220205442,4624508717.0
2021-01-21,0.008166000247001648,15.94483757019043,0.009088999591767788,18.060771942138672,0.008061000145971775,15.052481651306152,0.00906199961900711,17.979415893554688,215419839,4843725549.0
2021-01-22,0.008523999713361263,17.161441802978516,0.008768999949097633,17.983863830566406,0.007654000073671341,14.891925811767578,0.008165000006556511,15.931008338928223,185490003,2991599976.0
2021-01-23,0.008578999899327755,18.59819984436035,0.008808000013232231,18.753698348999023,0.00838799960911274,16.87032127380371,0.00851999968290329,17.159591674804688,154393737,2842317183.0
2021-01-24,0.008727000094950199,17.999649047851562,0.008950999937951565,18.72452735900879,0.008515999652445316,17.380525588989258,0.008577999658882618,18.60063362121582,162191977,2800444854.0
2021-01-25,0.008383000269532204,17.250455856323242,0.008879000321030617,19.05194664001465,0.008275999687612057,17.119707107543945,0.008727000094950199,17.997594833374023,180820875,3351498659.0
2021-01-26,0.008255000226199627,17.117761611938477,0.008456000126898289,17.76909828186035,0.008022000081837177,16.07543182373047,0.008382000029087067,17.244647979736328,161173749,2588253411.0
2021-01-27,0.007482000160962343,15.504860877990723,0.0082590002566576,17.116113662719727,0.007294000126421452,15.08426570892334,0.008255000226199627,17.116113662719727,204797186,2973163194.0
2021-01-28,0.03408399969339371,16.94493293762207,0.03417700156569481,17.463062286376953,0.007350999861955643,15.356571197509766,0.007480999920517206,15.498236656188965,10971544561,2960951225.0
2021-01-29,0.047162000089883804,16.841611862182617,0.07797300070524216,17.642789840698242,0.03234099969267845,16.032001495361328,0.043733999133110046,17.10266876220703,25403310432,3657663583.0
2021-01-30,0.028176000341773033,16.506908416748047,0.049901001155376434,17.050155639648438,0.022487999871373177,16.161949157714844,0.04680300131440163,16.836748123168945,8735576553,1998709420.0
2021-01-31,0.037195999175310135,16.121315002441406,0.04528899863362312,17.456100463867188,0.027101999148726463,15.813972473144531,0.02819100022315979,16.511579513549805,8548997882,2540474629.0
2021-02-01,0.03487500175833702,16.375776290893555,0.04324999824166298,16.516582489013672,0.03336700052022934,15.743364334106445,0.037053998559713364,16.123022079467773,6319224026,2228986208.0
2021-02-02,0.03152000159025192,17.263256072998047,0.034926000982522964,17.603918075561523,0.029194999486207962,16.03933334350586,0.03491000086069107,16.38133430480957,3090896595,2658383686.0
2021-02-03,0.03711999952793121,20.733652114868164,0.03910500183701515,20.733652114868164,0.03114599920809269,16.84036636352539,0.03149300068616867,17.247203826904297,3146856788,4685307862.0
2021-02-04,0.05328899994492531,19.70218276977539,0.05786899849772453,21.55594825744629,0.035944998264312744,19.043312072753906,0.03722599893808365,20.728294372558594,13040837601,4858842246.0
2021-02-05,0.04693499952554703,20.90267562866211,0.0537399984896183,21.283489227294922,0.043540000915527344,19.531709671020508,0.053043000400066376,19.688629150390625,6136160058,3387079061.0
2021-02-06,0.05759499967098236,20.395479202270508,0.05830800160765648,21.298307418823242,0.04490400105714798,19.814205169677734,0.04693099856376648,20.892112731933594,5946101275,2622835076.0
2021-02-07,0.07878199964761734,19.793615341186523,0.08435700088739395,20.77747917175293,0.054239001125097275,18.62379264831543,0.05750200152397156,20.390621185302734,14261024073,3038407999.0
2021-02-08,0.07882499694824219,23.031898498535156,0.08494500070810318,23.608169555664062,0.06470199674367905,19.233234405517578,0.07835199683904648,19.78141975402832,12844375210,4736654531.0
2021-02-09,0.07006999850273132,23.12996482849121,0.08312799781560898,24.054412841796875,0.06562100350856781,22.36963653564453,0.07877299934625626,23.030057907104492,7348840814,3446396914.0
2021-02-10,0.07289600372314453,23.585050582885742,0.0810910016298294,24.78626823425293,0.06852500140666962,22.13630485534668,0.0701109990477562,23.11301612854004,6785088422,4203061885.0
2021-02-11,0.0696759968996048,25.230295181274414,0.07430099695920944,25.577707290649414,0.06829000264406204,23.33354949951172,0.072843998670578,23.590524673461914,3818556739,4060334812.0
2021-02-12,0.07006900012493134,28.69125747680664,0.07260999828577042,29.668529510498047,0.061445001512765884,24.549880981445312,0.06965000182390213,25.174123764038086,4190843784,4562466560.0
2021-02-13,0.06644999980926514,28.016725540161133,0.07164599746465683,30.146413803100586,0.0661349967122078,27.473081588745117,0.0700249969959259,28.687116622924805,2618049766,4947621076.0
2021-02-14,0.06253699958324432,27.095735549926758,0.06644800305366516,29.372905731201172,0.05672299861907959,26.543987274169922,0.06644800305366516,28.01349449157715,3984667628,3550653217.0
2021-02-15,0.05659100040793419,27.780893325805664,0.06392399966716766,29.448110580444336,0.04854699969291687,23.612611770629883,0.06256800144910812,27.064634323120117,4944804938,5407907535.0
2021-02-16,0.05352000147104263,30.159910202026367,0.05966800078749657,30.973859786987305,0.0509830005466938,26.96091079711914,0.056487999856472015,27.76352882385254,3409478696,5274752208.0
2021-02-17,0.049375999718904495,31.986658096313477,0.054983001202344894,32.34794616699219,0.048034001141786575,29.732839584350586,0.05352199822664261,30.164308547973633,2976148723,4292546900.0
2021-02-18,0.0595409981906414,31.180639266967773,0.061799000948667526,32.57830047607422,0.04898900166153908,30.629947662353516,0.04936299845576286,31.981353759765625,4551943638,1992921511.0
2021-02-19,0.055139001458883286,34.79221725463867,0.05949699878692627,34.98970031738281,0.054315000772476196,29.62764549255371,0.05943400040268898,31.188146591186523,2949251418,3466759116.0
2021-02-20,0.05438400059938431,39.2421760559082,0.06028600037097931,42.06304931640625,0.051628001034259796,34.797115325927734,0.055132001638412476,34.797115325927734,3175468554,6056666198.0
2021-02-21,0.055980000644922256,39.69622802734375,0.058428000658750534,40.474647521972656,0.05355599895119667,38.154544830322266,0.0543689988553524,39.171199798583984,2450293068,3721239427.0
2021-02-22,0.053725000470876694,37.68947982788086,0.06046599894762039,39.696250915527344,0.047095999121665955,31.362598419189453,0.05604400113224983,39.696250915527344,3366757324,5770512363.0
2021-02-23,0.04739199951291084,34.30077362060547,0.05376800149679184,37.714168548583984,0.042410001158714294,26.75764274597168,0.05369799956679344,37.6649284362793,2394345361,7502138162.0
2021-02-24,0.05655499920248985,33.633544921875,0.05987299978733063,36.752567291259766,0.046215999871492386,31.975444793701172,0.04741400107741356,34.33086013793945,4148511571,4724242062.0
2021-02-25,0.05016700178384781,31.080659866333008,0.05780800059437752,35.07918167114258,0.049869000911712646,31.05927276611328,0.05661499872803688,33.62117385864258,2356982022,3470266685.0
2021-02-26,0.05048000067472458,31.34609031677246,0.05247199907898903,33.49775314331055,0.0487079992890358,28.10401153564453,0.05013800039887428,31.14373016357422,1694323466,5147313878.0
2021-02-27,0.05008300021290779,33.44936752319336,0.051920000463724136,35.52410888671875,0.04929700121283531,31.396251678466797,0.05050000175833702,31.396251678466797,1286229526,4507278636.0
2021-02-28,0.04805200174450874,33.60725784301758,0.050133999437093735,34.60817337036133,0.04508800059556961,29.96314811706543,0.05009699985384941,33.45447540283203,1408101260,4567616883.0
2021-03-01,0.050599001348018646,35.58492660522461,0.051479000598192215,35.58492660522461,0.04802900180220604,33.190711975097656,0.04806999862194061,33.643157958984375,1494427207,3311498739.0
2021-03-02,0.050262000411748886,36.15311813354492,0.05238199979066849,37.75641632080078,0.049299001693725586,34.59242630004883,0.050595998764038086,35.588783264160156,1346282318,3752858101.0
2021-03-03,0.050592001527547836,37.04331970214844,0.05212600156664848,38.54848861694336,0.050078000873327255,36.157447814941406,0.05027800053358078,36.15830993652344,1093877445,2683665084.0
2021-03-04,0.05004800111055374,35.3303108215332,0.05108699947595596,38.2761116027832,0.04787899926304817,34.45174026489258,0.050586998462677,37.03825378417969,1170617084,2868268909.0
2021-03-05,0.049609001725912094,33.72447204589844,0.05085400119423866,35.31525421142578,0.04814700037240982,31.58006477355957,0.0500280000269413,35.31525421142578,1173113591,3035955286.0
2021-03-06,0.05098399892449379,33.433692932128906,0.052397001534700394,34.15437698364258,0.049382999539375305,32.182193756103516,0.049600999802351,33.68503952026367,1480482384,1637892896.0
2021-03-07,0.052122000604867935,35.18865966796875,0.05214099958539009,35.219852447509766,0.050572000443935394,33.39497375488281,0.05098000168800354,33.433841705322266,945455832,1607577506.0
2021-03-08,0.061948999762535095,34.913753509521484,0.061948999762535095,35.491920471191406,0.05167200043797493,33.509830474853516,0.05212299898266792,35.17959976196289,3554150800,1855547495.0
2021-03-09,0.05799800157546997,38.194190979003906,0.06226800009608269,38.74789047241211,0.05605100095272064,34.60213088989258,0.0621040016412735,34.9309196472168,2466159943,3020766952.0
2021-03-10,0.05600399896502495,37.56694412231445,0.05861600115895271,39.415618896484375,0.05469200015068054,36.43911361694336,0.05796400085091591,38.179161071777344,1534489620,3143656899.0
2021-03-11,0.055918000638484955,36.88249588012695,0.05669799819588661,37.97154235839844,0.05450199916958809,35.9573860168457,0.055977001786231995,37.54322052001953,1233383425,2563507906.0
2021-03-12,0.05534899979829788,35.98695373535156,0.05697999894618988,37.42766571044922,0.05451299995183945,34.68550491333008,0.05592099949717522,36.88960647583008,1287767221,2198904040.0
2021-03-13,0.062431998550891876,37.15781021118164,0.062431998550891876,38.15318298339844,0.05475600063800812,34.80978012084961,0.05535300076007843,35.98869323730469,1869833076,2115307643.0
2021-03-14,0.05859199911355972,36.57925033569336,0.06305199861526489,37.87159729003906,0.05859199911355972,36.33742141723633,0.062383998185396194,37.17006301879883,2752132530,1640191647.0
2021-03-15,0.05708799883723259,34.35751724243164,0.059689000248909,38.38170623779297,0.05514099821448326,34.13330078125,0.05853100121021271,36.561100006103516,1738710876,2905566504.0
2021-03-16,0.05860700085759163,35.43083190917969,0.058921001851558685,35.45328903198242,0.05549300089478493,32.24177169799805,0.057085998356342316,34.343379974365234,1393771913,2518683414.0
2021-03-17,0.057652998715639114,36.14136505126953,0.058866001665592194,36.358436584472656,0.056471001356840134,34.562583923339844,0.05860999971628189,35.43600845336914,861926643,2111418087.0
2021-03-18,0.05738300085067749,35.5172233581543,0.058827999979257584,36.94623947143555,0.05414300039410591,35.45511245727539,0.05764000117778778,36.1085205078125,909777445,1639504240.0
2021-03-19,0.05832799896597862,38.27268981933594,0.059721000492572784,38.96683883666992,0.05660400167107582,34.89021682739258,0.05737699940800667,35.49811935424805,964747809,2491198971.0
2021-03-20,0.05896100029349327,37.35047912597656,0.06063900142908096,40.1314582824707,0.0581200011074543,37.336246490478516,0.05831500142812729,38.28895568847656,1012934488,2133559565.0
2021-03-21,0.05723400041460991,36.793609619140625,0.05952100083231926,38.154197692871094,0.056797999888658524,36.1999397277832,0.058970000594854355,37.35634994506836,759592996,1930244845.0
2021-03-22,0.054962001740932465,35.53754425048828,0.057732000946998596,37.78388214111328,0.05490899831056595,35.40290451049805,0.05725900083780289,36.7929801940918,696918565,1929884756.0
2021-03-23,0.05355599895119667,34.46046447753906,0.056081000715494156,36.40205764770508,0.0529399998486042,34.26506805419922,0.054940998554229736,35.50693893432617,1040781777,1728982595.0
2021-03-24,0.051702000200748444,30.43643569946289,0.05649400129914284,36.14900588989258,0.051242001354694366,28.338356018066406,0.05352799966931343,34.4522705078125,934537959,2729222673.0
2021-03-25,0.051447998732328415,29.982208251953125,0.052407000213861465,31.23499870300293,0.04969700053334236,28.668222427368164,0.05169900134205818,30.363176345825195,1084214116,3433822540.0
2021-03-26,0.05395200103521347,33.20038604736328,0.05402800068259239,33.43862533569336,0.05133099853992462,29.936052322387695,0.05143300071358681,29.96906089782715,776280028,1735749439.0
2021-03-27,0.0543770007789135,32.661048889160156,0.055435001850128174,33.532737731933594,0.05352799966931343,31.230958938598633,0.053939998149871826,33.20174789428711,753844053,1518535916.0
2021-03-28,0.05369799956679344,32.29789352416992,0.05475199967622757,33.24730682373047,0.05301300063729286,31.46784782409668,0.054381001740694046,32.64219665527344,460472975,1138942373.0
2021-03-29,0.054051999002695084,34.37360382080078,0.05465099960565567,34.68859100341797,0.05317499861121178,31.85914421081543,0.053677998483181,32.29410934448242,537919140,1639815517.0
2021-03-30,0.05389999970793724,34.06686019897461,0.05543399974703789,34.78227615356445,0.053697001188993454,33.61277389526367,0.054051999002695084,34.36458969116211,728906171,1281200871.0
2021-03-31,0.05365699902176857,37.02701187133789,0.05446799844503403,38.19570541381836,0.05226900056004524,33.51557922363281,0.053902000188827515,34.075130462646484,653389282,3527967413.0
2021-04-01,0.06198599934577942,37.67287826538086,0.0701109990477562,38.9946403503418,0.053644001483917236,36.192874908447266,0.053654998540878296,37.09178924560547,5816046822,2811720574.0
2021-04-02,0.05766399949789047,41.164283752441406,0.06224900111556053,41.380027770996094,0.057333000004291534,36.89369201660156,0.06196799874305725,37.634002685546875,2166925111,2824216498.0
2021-04-03,0.05580399930477142,41.64603042602539,0.059484001249074936,46.85270309448242,0.05580399930477142,41.07139205932617,0.05765800178050995,41.1817741394043,1136931403,5242091096.0
2021-04-04,0.05740400031208992,44.6522102355957,0.05810699984431267,45.21769714355469,0.05529500171542168,41.07725524902344,0.055776000022888184,41.612789154052734,938035097,3120632809.0
2021-04-05,0.059696000069379807,45.7972297668457,0.06015300005674362,45.84861373901367,0.0564350001513958,42.254981994628906,0.05741100013256073,44.66585922241211,1513832721,2937995182.0
2021-04-06,0.06445799767971039,43.430198669433594,0.06504999846220016,46.22871017456055,0.058093998581171036,41.86383056640625,0.059689000248909,45.80988311767578,2608613912,3105511689.0
2021-04-07,0.05902799963951111,39.59401321411133,0.0672990009188652,43.4764289855957,0.05764099955558777,38.046630859375,0.06445399671792984,43.42070770263672,2857060849,3804483298.0
2021-04-08,0.06146400049328804,41.36595153808594,0.06174499914050102,41.50545120239258,0.058816999197006226,39.353763580322266,0.059036001563072205,39.62665939331055,1055257541,1864637395.0
2021-04-09,0.06168400123715401,40.849308013916016,0.06391000002622604,42.0547981262207,0.06029599905014038,40.16448974609375,0.061462998390197754,41.3520393371582,1060465774,1318352700.0
2021-04-10,0.06384500116109848,41.62615203857422,0.06506799906492233,42.74890899658203,0.06081800162792206,39.98325729370117,0.061590999364852905,40.8345832824707,1369793118,1647212348.0
2021-04-11,0.07464899867773056,41.423397064208984,0.0792429968714714,41.9311408996582,0.06320299953222275,39.9872932434082,0.06374900043010712,41.613277435302734,6646627317,1534168402.0
2021-04-12,0.07076700031757355,40.49749755859375,0.07498600333929062,41.7311897277832,0.06888899952173233,39.453617095947266,0.07454399764537811,41.417293548583984,2687720380,1787924966.0
2021-04-13,0.09344500303268433,42.94791030883789,0.09518100321292877,43.321964263916016,0.07067800313234329,39.86016845703125,0.07067800313234329,40.44916915893555,7176815090,2556927711.0
2021-04-14,0.12151700258255005,42.64084243774414,0.14250999689102173,44.53425979614258,0.09245199710130692,40.11277770996094,0.09425599873065948,42.89757537841797,20977679327,2954854988.0
2021-04-15,0.18220700323581696,43.515968322753906,0.18732599914073944,44.30052185058594,0.1207360029220581,41.516822814941406,0.12116699665784836,42.57252883911133,17916620386,2266870611.0
2021-04-16,0.36586999893188477,41.5379753112793,0.4377000033855438,43.798004150390625,0.1804880052804947,40.163822174072266,0.18158699572086334,43.46696090698242,69410680685,2697585009.0
2021-04-17,0.28417301177978516,42.53594970703125,0.3744550049304962,48.360450744628906,0.23652400076389313,41.498756408691406,0.36609798669815063,41.51316452026367,31413404067,4593280503.0
2021-04-18,0.3204750120639801,37.34743118286133,0.349918007850647,43.1066780090332,0.24643999338150024,32.8703727722168,0.28510499000549316,42.56203079223633,23464350388,5942657694.0
2021-04-19,0.40731799602508545,34.81666946411133,0.431751012802124,38.69322967529297,0.30908000469207764,34.065147399902344,0.320466011762619,37.37347412109375,30641432779,2813475560.0
2021-04-20,0.31949999928474426,35.444435119628906,0.4223470091819763,35.72856521606445,0.2716180086135864,31.642417907714844,0.40843498706817627,34.715572357177734,28130646191,3357861319.0
2021-04-21,0.3069249987602234,33.871028900146484,0.3469659984111786,36.2602653503418,0.29703599214553833,33.10824966430664,0.31695300340652466,35.461788177490234,12723463706,2811533459.0
2021-04-22,0.2609669864177704,32.98847579956055,0.3087570071220398,36.71358108520508,0.25627601146698,32.81059265136719,0.3059900104999542,33.79372024536133,11879823706,3470349242.0
2021-04-23,0.2485090047121048,32.22798538208008,0.26837798953056335,33.455230712890625,0.16366900503635406,27.130443572998047,0.26102301478385925,32.95511245727539,16165566164,4380184942.0
2021-04-24,0.27021199464797974,28.932832717895508,0.2893899977207184,32.39308166503906,0.22989100217819214,28.567087173461914,0.24954399466514587,32.25593185424805,11057578568,2000992624.0
2021-04-25,0.2511110007762909,29.762489318847656,0.28877100348472595,31.26188087463379,0.22630099952220917,28.184215545654297,0.2697890102863312,28.96876335144043,6849914675,1620694353.0
2021-04-26,0.2706739902496338,33.4066276550293,0.28045201301574707,33.45232009887695,0.24802599847316742,29.784292221069336,0.25123998522758484,29.813657760620117,5118886527,2200104405.0
2021-04-27,0.2721880078315735,34.70315933227539,0.2796289920806885,34.92201614379883,0.26492801308631897,33.19032287597656,0.2714270055294037,33.41890335083008,3590611310,1844667809.0
2021-04-28,0.3236820101737976,33.967552185058594,0.34466201066970825,35.346614837646484,0.25623100996017456,32.645015716552734,0.2722730040550232,34.79204559326172,14464343767,1856657053.0
2021-04-29,0.3051689863204956,35.96815490722656,0.32388100028038025,35.96815490722656,0.2969039976596832,32.991275787353516,0.3232319951057434,33.96497344970703,5027354503,1827249049.0
2021-04-30,0.3375610113143921,36.54066467285156,0.3397569954395294,36.7950325012207,0.3029809892177582,35.13565444946289,0.3047020137310028,35.9778938293457,5290390982,2210863082.0
2021-05-01,0.3929870128631592,36.929683685302734,0.3971349895000458,37.3614616394043,0.3282899856567383,35.909568786621094,0.3375590145587921,36.51767349243164,10123343703,1596159168.0
2021-05-02,0.37604600191116333,36.6545295715332,0.4000290036201477,37.16471862792969,0.364874005317688,35.60399627685547,0.39108699560165405,36.89778137207031,8040406918,1423486755.0
2021-05-03,0.44170698523521423,37.25520706176758,0.4455670118331909,38.25682830810547,0.37363100051879883,36.62281799316406,0.37363100051879883,36.63914489746094,10526649978,1857108732.0
2021-05-04,0.5413339734077454,34.85350799560547,0.6059979796409607,37.911800384521484,0.4007999897003174,34.62866973876953,0.4402740001678467,37.256771087646484,38238126181,2627951840.0
2021-05-05,0.6576330065727234,40.49504470825195,0.6952620148658752,40.718441009521484,0.523822009563446,34.5352668762207,0.5373550057411194,34.76781463623047,42525098292,3300471923.0
2021-05-06,0.5808039903640747,41.53346633911133,0.6636160016059875,43.73299789428711,0.5451020002365112,38.05546951293945,0.6528419852256775,40.44245910644531,18989900291,4088642953.0
2021-05-07,0.684777021408081,39.92985153198242,0.7319719791412354,42.582000732421875,0.5201740264892578,38.419960021972656,0.5811100006103516,41.57681655883789,28615083657,3016255239.0
2021-05-08,0.6364390254020691,39.83269119262695,0.7375670075416565,40.591346740722656,0.6081680059432983,38.77667999267578,0.6878010034561157,39.878448486328125,25555125135,1754219539.0
2021-05-09,0.5700700283050537,40.312843322753906,0.6976249814033508,40.5498046875,0.42570599913597107,38.28005599975586,0.6358199715614319,39.889888763427734,46138063928,2294525692.0
2021-05-10,0.4499639868736267,36.541770935058594,0.569687008857727,41.78782272338867,0.4212909936904907,32.65971374511719,0.569687008857727,40.30022430419922,16514521828,3187436826.0
2021-05-11,0.4952310025691986,38.64228439331055,0.5466510057449341,38.64228439331055,0.445033997297287,35.58522415161133,0.45048800110816956,36.51004409790039,14566975476,2263017018.0
2021-05-12,0.3853760063648224,34.03139114379883,0.5199750065803528,42.41300582885742,0.3853760063648224,34.03139114379883,0.4937419891357422,38.651222229003906,8621337859,3698746095.0
2021-05-13,0.49037399888038635,40.031654357910156,0.5194609761238098,41.78797912597656,0.35717499256134033,33.15098190307617,0.3921760022640228,35.05686950683594,18663174069,7032709584.0
2021-05-14,0.5596039891242981,47.94593811035156,0.5896900296211243,47.96388626098633,0.46462199091911316,39.457359313964844,0.4870699942111969,39.967552185058594,20466177002,5633438540.0
2021-05-15,0.507972002029419,43.538631439208984,0.5626760125160217,49.69295883178711,0.49129900336265564,42.976322174072266,0.5596680045127869,47.959781646728516,9836892944,6487556686.0
2021-05-16,0.5148950219154358,42.63151168823242,0.5481449961662292,46.640377044677734,0.45102301239967346,39.453521728515625,0.5079100131988525,43.53163146972656,9541552064,4268621267.0
2021-05-17,0.4878920018672943,38.71015930175781,0.5152209997177124,42.38621139526367,0.45855098962783813,35.430057525634766,0.5134130120277405,42.38621139526367,7330830504,4779518016.0
2021-05-18,0.47611498832702637,40.645355224609375,0.5155990123748779,42.60001754760742,0.47038400173187256,37.850582122802734,0.486954003572464,38.63136672973633,4802902841,3914013746.0
2021-05-19,0.33312299847602844,25.227142333984375,0.6847350001335144,41.340518951416016,0.21826699376106262,18.63531494140625,0.47643500566482544,40.688819885253906,15072620946,10069997172.0
2021-05-20,0.400193989276886,29.150569915771484,0.43319201469421387,31.229703903198242,0.2962529957294464,21.27937889099121,0.3302519917488098,25.060495376586914,12415484460,6694931133.0
2021-05-21,0.3593820035457611,24.463970184326172,0.4119749963283539,30.980138778686523,0.314765989780426,20.029605865478516,0.39812400937080383,29.015823364257812,7452862203,6442011513.0
2021-05-22,0.34237098693847656,22.014524459838867,0.3605169951915741,24.601327896118164,0.3181689977645874,20.48414421081543,0.3587169945240021,24.468996047973633,5243222352,4379003452.0
2021-05-23,0.30807098746299744,18.029441833496094,0.3508630096912384,23.464120864868164,0.24943700432777405,13.822856903076172,0.342521995306015,22.069677352905273,7143545371,6002858936.0
2021-05-24,0.3661620020866394,23.19908905029297,0.37148499488830566,23.488632202148438,0.2962909936904907,17.208324432373047,0.3067150115966797,17.922500610351562,6821088755,4412004564.0
2021-05-25,0.34630200266838074,22.130130767822266,0.3800100088119507,24.203800201416016,0.3234969973564148,19.75786018371582,0.36604100465774536,23.25743293762207,5544552739,3303527397.0
2021-05-26,0.35369300842285156,24.5496883392334,0.3659200072288513,24.74044418334961,0.3388569951057434,21.67319107055664,0.34639599919319153,22.185699462890625,3355793260,3100578186.0
2021-05-27,0.33294498920440674,23.852981567382812,0.35346299409866333,24.8983154296875,0.32814401388168335,21.809864044189453,0.35346299409866333,24.546218872070312,2485942309,2755550527.0
2021-05-28,0.3112049996852875,21.410093307495117,0.34787899255752563,26.11575698852539,0.3015179932117462,20.127405166625977,0.33365100622177124,23.976791381835938,3289455640,4521086730.0
2021-05-29,0.3031100034713745,19.863374710083008,0.317918986082077,22.271089553833008,0.2817929983139038,18.80724334716797,0.3113979995250702,21.367643356323242,2470710737,2392272347.0
2021-05-30,0.3022240102291107,20.473987579345703,0.3103240132331848,21.245222091674805,0.2876800000667572,18.5616455078125,0.3029690086841583,19.863420486450195,1929947933,1947583708.0
2021-05-31,0.3258099853992462,23.430927276611328,0.3291630148887634,23.430927276611328,0.29433000087738037,19.09707260131836,0.30194899439811707,20.477188110351562,2440829325,2651300356.0
2021-06-01,0.3700770139694214,22.81084632873535,0.38307899236679077,23.51683807373047,0.3123599886894226,21.74542808532715,0.32574400305747986,23.29697036743164,5796031087,2230220978.0
2021-06-02,0.4233739972114563,25.957727432250977,0.4445900022983551,26.844892501831055,0.3525879979133606,22.684246063232422,0.3703019917011261,22.847124099731445,11425588479,2962777621.0
2021-06-03,0.39996299147605896,27.013458251953125,0.440762996673584,28.614927291870117,0.37881898880004883,25.750545501708984,0.4237389862537384,25.94164276123047,6809900030,2803059246.0
2021-06-04,0.37632301449775696,25.008298873901367,0.40098199248313904,26.987314224243164,0.35144200921058655,23.70758056640625,0.40098199248313904,26.987314224243164,5889983048,2801117143.0
2021-06-05,0.37217700481414795,23.816770553588867,0.393885999917984,26.388992309570312,0.36048799753189087,23.06475830078125,0.37675198912620544,25.02138328552246,3464039041,2102969701.0
2021-06-06,0.3718070089817047,24.20159912109375,0.37679800391197205,24.45808982849121,0.36725398898124695,23.624956130981445,0.3716759979724884,23.793794631958008,1836611411,1187622849.0
2021-06-07,0.33105000853538513,21.6269588470459,0.37967801094055176,25.279027938842773,0.32980599999427795,21.432226181030273,0.3715659976005554,24.202632904052734,3043974994,1861117892.0
2021-06-08,0.32768699526786804,21.745269775390625,0.3414349853992462,22.27193260192871,0.29666000604629517,19.663782119750977,0.331822007894516,21.7032527923584,3918487504,2653898124.0
2021-06-09,0.3433310091495514,23.184938430786133,0.3537620007991791,23.283065795898438,0.3131310045719147,20.435955047607422,0.3264229893684387,21.66172218322754,3154332929,2220005781.0
2021-06-10,0.32635098695755005,22.684816360473633,0.34452900290489197,24.551923751831055,0.32327800989151,22.106969833374023,0.3433389961719513,23.20025062561035,2114010549,2114395058.0
2021-06-11,0.3193590044975281,20.985857009887695,0.33322298526763916,23.192602157592773,0.31150200963020325,20.515979766845703,0.32636401057243347,22.683626174926758,1834446577,1517304438.0
2021-06-12,0.31208398938179016,20.777036666870117,0.3193320035934448,21.257568359375,0.3018040060997009,19.52117156982422,0.3188929855823517,20.963895797729492,1605633791,1455506948.0
2021-06-13,0.3243820071220398,22.07633399963379,0.3300260007381439,22.401641845703125,0.30789199471473694,19.993820190429688,0.312485009431839,20.755634307861328,1484851447,1233102638.0
2021-06-14,0.3320850133895874,22.20535659790039,0.33692699670791626,26.0310115814209,0.3200869858264923,21.305421829223633,0.32390299439430237,22.044921875,1613812023,1232810594.0
2021-06-15,0.3283810019493103,24.760835647583008,0.3304949998855591,25.985240936279297,0.31697601079940796,23.648099899291992,0.32678499817848206,25.186891555786133,1687965230,3151346883.0
2021-06-16,0.307761013507843,22.97217559814453,0.3213930130004883,24.54051399230957,0.3054850101470947,22.575315475463867,0.32037800550460815,23.96950340270996,1391720788,1694813679.0
2021-06-17,0.3064959943294525,22.51145362854004,0.31401100754737854,23.996915817260742,0.30331599712371826,22.01553726196289,0.3077490031719208,23.01753044128418,1120766442,1236017502.0
2021-06-18,0.2934719920158386,21.398895263671875,0.30775201320648193,22.565635681152344,0.2804810106754303,20.273529052734375,0.3064279854297638,22.547189712524414,1846213589,1406342364.0
2021-06-19,0.2873559892177582,20.355941772460938,0.29780301451683044,21.65412139892578,0.2861889898777008,20.313392639160156,0.29364898800849915,21.450775146484375,1003248258,997553727.0
2021-06-20,0.2809000015258789,20.67236328125,0.28972700238227844,21.017650604248047,0.2564670145511627,18.952503204345703,0.28639400005340576,20.263673782348633,1963503800,1309501356.0
2021-06-21,0.17869099974632263,15.769904136657715,0.28088900446891785,20.776973724365234,0.16649100184440613,15.381439208984375,0.2806600034236908,20.638240814208984,5640232167,2426849565.0
2021-06-22,0.19103099405765533,14.652412414550781,0.21612200140953064,16.935104370117188,0.16465400159358978,13.056846618652344,0.17868199944496155,15.723163604736328,5992850344,3026165113.0
2021-06-23,0.23217399418354034,16.14249038696289,0.24710999429225922,16.80120849609375,0.18097899854183197,14.008464813232422,0.19067099690437317,14.659878730773926,5098674891,2060945482.0
2021-06-24,0.2627820074558258,16.253658294677734,0.26868999004364014,16.59453582763672,0.22252699732780457,14.753929138183594,0.23497000336647034,15.81025505065918,3844648059,1163182954.0
2021-06-25,0.23915299773216248,14.467696189880371,0.28914499282836914,16.721202850341797,0.23000599443912506,14.467696189880371,0.263480007648468,16.232013702392578,5542163262,1273917013.0
2021-06-26,0.24478399753570557,14.499611854553223,0.2551270127296448,14.991235733032227,0.23097200691699982,13.645800590515137,0.23767299950122833,14.441859245300293,2649457302,1135392300.0
2021-06-27,0.2644500136375427,15.015593528747559,0.2668910026550293,15.040332794189453,0.24089400470256805,14.064210891723633,0.24604499340057373,14.519034385681152,2167521670,982313261.0
2021-06-28,0.2568570077419281,15.740378379821777,0.26698198914527893,16.032859802246094,0.2507619857788086,14.682417869567871,0.2649179995059967,15.0355863571167,1932994784,1109200887.0
2021-06-29,0.26276901364326477,16.25337028503418,0.27494001388549805,17.03166961669922,0.2529880106449127,15.738138198852539,0.2570610046386719,15.776033401489258,2192562738,1342798978.0
2021-06-30,0.2542150020599365,16.40219497680664,0.2635380029678345,16.622644424438477,0.23826800286769867,15.104999542236328,0.26341700553894043,16.307409286499023,2047763830,1208316036.0
2021-07-01,0.2445490062236786,15.278964042663574,0.26009199023246765,16.41434097290039,0.2386769950389862,14.895051956176758,0.2538279891014099,16.41434097290039,2463946548,883647161.0
2021-07-02,0.2452639937400818,15.340773582458496,0.2479970008134842,15.469186782836914,0.2388480007648468,14.675114631652832,0.2439820021390915,15.219060897827148,1321470954,753194773.0
2021-07-03,0.24641099572181702,15.553715705871582,0.25021401047706604,15.7769775390625,0.24245400726795197,15.068263053894043,0.24510599672794342,15.32193374633789,917015819,711235057.0
2021-07-04,0.2464829981327057,16.014026641845703,0.25256699323654175,16.579444885253906,0.24342499673366547,15.221813201904297,0.24642500281333923,15.553584098815918,973511519,752075893.0
2021-07-05,0.23161399364471436,15.23558235168457,0.2464189976453781,15.996540069580078,0.22783799469470978,14.788740158081055,0.2464189976453781,15.996540069580078,1267949362,844844586.0
2021-07-06,0.2344219982624054,16.143564224243164,0.24190999567508698,16.162343978881836,0.22984200716018677,15.210809707641602,0.23121599853038788,15.240784645080566,1265920169,1001573398.0
2021-07-07,0.22412599623203278,16.857789993286133,0.23785099387168884,17.674274444580078,0.22257600724697113,16.10146141052246,0.23430100083351135,16.13637351989746,1148903688,1424247756.0
2021-07-08,0.20759700238704681,15.337747573852539,0.22493000328540802,16.879568099975586,0.20298700034618378,15.005345344543457,0.22438299655914307,16.877674102783203,1789637577,1116757295.0
2021-07-09,0.21986399590969086,15.669268608093262,0.22913900017738342,15.901407241821289,0.19660699367523193,14.853453636169434,0.20707300305366516,15.310519218444824,3045790264,822381786.0
2021-07-10,0.213919997215271,15.290839195251465,0.2276809960603714,15.982069969177246,0.21074500679969788,15.080467224121094,0.2198459953069687,15.681145668029785,1264519098,664082424.0
2021-07-11,0.21585600078105927,15.48243522644043,0.21874499320983887,15.71493911743164,0.21093100309371948,15.164154052734375,0.21388700604438782,15.284208297729492,719870047,543030842.0
2021-07-12,0.2080480009317398,14.873132705688477,0.21896499395370483,15.649907112121582,0.20450599491596222,14.437862396240234,0.21601000428199768,15.49107837677002,973602708,668145499.0
2021-07-13,0.2000029981136322,14.18964958190918,0.20806199312210083,15.094985008239746,0.1981630027294159,14.02966594696045,0.2080090045928955,14.860331535339355,1035890377,607013676.0
2021-07-14,0.1973239928483963,13.799570083618164,0.2044830024242401,14.205731391906738,0.18775199353694916,13.198354721069336,0.19997799396514893,14.195369720458984,1319171299,859077648.0
2021-07-15,0.18488800525665283,13.08484935760498,0.20083999633789062,14.103684425354004,0.18078599870204926,12.761529922485352,0.19774900376796722,13.809198379516602,1044558931,766661233.0
2021-07-16,0.17234499752521515,12.053826332092285,0.18832199275493622,13.311599731445312,0.1716119945049286,12.015724182128906,0.18523800373077393,13.074950218200684,1144730187,810693173.0
2021-07-17,0.1861249953508377,12.292176246643066,0.20493699610233307,12.735906600952148,0.16922999918460846,11.748998641967773,0.17211799323558807,12.02747631072998,2393120423,851659386.0
2021-07-18,0.18223300576210022,12.682146072387695,0.19578799605369568,12.934033393859863,0.18088600039482117,12.27425479888916,0.1868409961462021,12.298961639404297,1424484163,675122783.0
2021-07-19,0.17355599999427795,11.425251007080078,0.1839500069618225,12.743030548095703,0.17071199417114258,11.363264083862305,0.18181799352169037,12.65831470489502,1084816777,870751781.0
2021-07-20,0.17080099880695343,10.98121166229248,0.1788949966430664,11.546499252319336,0.16072799265384674,10.42149543762207,0.17376300692558289,11.45839786529541,1809479230,940409268.0
2021-07-21,0.19034899771213531,12.305878639221191,0.21421000361442566,12.847416877746582,0.16871899366378784,10.688973426818848,0.17052699625492096,10.963041305541992,4433688120,1230601624.0
2021-07-22,0.19130299985408783,13.161491394042969,0.19640399515628815,13.340932846069336,0.18666400015354156,11.861371040344238,0.19047999382019043,12.325519561767578,1629442360,1044329360.0
2021-07-23,0.19476400315761566,13.397968292236328,0.19953100383281708,13.494525909423828,0.1835400015115738,12.36031436920166,0.1913589984178543,13.16706657409668,1447257649,955080499.0
2021-07-24,0.19731900095939636,13.805340766906738,0.20436899363994598,14.03961181640625,0.1913439929485321,13.138667106628418,0.1948229968547821,13.391894340515137,1695867808,886579432.0
2021-07-25,0.19786399602890015,13.712599754333496,0.20045100152492523,13.833035469055176,0.19169700145721436,13.095836639404297,0.19717299938201904,13.777481079101562,1256116971,777347324.0
2021-07-26,0.20441900193691254,13.951711654663086,0.2327670007944107,15.28815746307373,0.19706299901008606,13.662253379821777,0.1980299949645996,13.739113807678223,4863225852,1793449168.0
2021-07-27,0.20589900016784668,14.37607192993164,0.20929299294948578,14.532206535339355,0.19535000622272491,13.398344993591309,0.20383599400520325,13.933466911315918,2229903212,1125369355.0
2021-07-28,0.2053920030593872,14.538834571838379,0.21374599635601044,14.741687774658203,0.20201100409030914,13.972804069519043,0.20611099898815155,14.401078224182129,2076707890,1108934437.0
2021-07-29,0.20461900532245636,15.236948013305664,0.2063550055027008,15.37865924835205,0.20071600377559662,14.295145988464355,0.20559099316596985,14.530527114868164,1169322798,1062263753.0
2021-07-30,0.20882099866867065,15.838522911071777,0.2106429934501648,15.838522911071777,0.19653500616550446,14.438772201538086,0.20502300560474396,15.257331848144531,1523981522,1137541991.0
2021-07-31,0.20831400156021118,16.847204208374023,0.21434499323368073,17.00242042541504,0.20489700138568878,15.609440803527832,0.208637997508049,15.795483589172363,1349212924,1264877872.0
2021-08-01,0.2044370025396347,18.413965225219727,0.21761099994182587,19.867767333984375,0.20138899981975555,16.59880828857422,0.2077530026435852,16.783761978149414,1711494501,2765314958.0
2021-08-02,0.20360000431537628,18.017284393310547,0.2099590003490448,18.831836700439453,0.20218800008296967,17.609724044799805,0.20427900552749634,18.431352615356445,1181469976,1663229216.0
2021-08-03,0.19596700370311737,17.33682632446289,0.20507700741291046,18.513397216796875,0.19374999403953552,16.86625862121582,0.20343099534511566,18.008831024169922,1121632377,1323763207.0
2021-08-04,0.20148999989032745,19.16309356689453,0.2031099945306778,19.523395538330078,0.1944500058889389,17.130821228027344,0.19631199538707733,17.418771743774414,1095300718,1596864082.0
2021-08-05,0.2009740024805069,19.13237190246582,0.20251299440860748,19.451784133911133,0.19468499720096588,17.90880584716797,0.20157499611377716,19.157344818115234,1139204754,1640748887.0
2021-08-06,0.20468799769878387,20.400678634643555,0.21175600588321686,20.75922203063965,0.19861699640750885,18.550565719604492,0.20095999538898468,19.12693214416504,1332579279,1714827721.0
2021-08-07,0.26034098863601685,20.96709442138672,0.2619900107383728,21.682161331176758,0.20377199351787567,20.089033126831055,0.20484599471092224,20.4212589263916,6343062404,1715197695.0
2021-08-08,0.2400449961423874,19.676132202148438,0.28137901425361633,21.171062469482422,0.23534800112247467,19.247997283935547,0.26195600628852844,20.967561721801758,6984782653,1319824174.0
2021-08-09,0.2568970024585724,20.6209716796875,0.26626500487327576,21.248897552490234,0.23140999674797058,18.735897064208984,0.2401220053434372,19.661148071289062,4607903346,1388957425.0
2021-08-10,0.2573249936103821,20.608009338378906,0.2627910077571869,21.38875389099121,0.24535199999809265,20.1248722076416,0.2563660144805908,20.581571578979492,3424415504,1436590205.0
2021-08-11,0.26526299118995667,21.402421951293945,0.28248199820518494,22.396411895751953,0.2563819885253906,20.552658081054688,0.257423996925354,20.619293212890625,4732068476,1858448703.0
2021-08-12,0.26392099261283875,20.754806518554688,0.2941420078277588,22.27886962890625,0.25277501344680786,19.957048416137695,0.26485300064086914,21.378454208374023,5264857508,1646177585.0
2021-08-13,0.2868080139160156,22.714149475097656,0.28718799352645874,22.714149475097656,0.26190701127052307,20.5528507232666,0.2642489969730377,20.790307998657227,3565092106,1463855800.0
2021-08-14,0.29311299324035645,22.861026763916016,0.29845601320266724,23.477127075195312,0.27715399861335754,21.871505737304688,0.2868010103702545,22.725379943847656,4677579997,1618443546.0
2021-08-15,0.34144100546836853,23.17401695251465,0.34872201085090637,23.337629318237305,0.28706300258636475,21.872825622558594,0.2940860092639923,22.858993530273438,8046171669,1302613173.0
2021-08-16,0.3207150101661682,24.535856246948242,0.35095301270484924,25.6485538482666,0.31082800030708313,22.900766372680664,0.34016498923301697,23.169599533081055,6681324187,2668518584.0
2021-08-17,0.29944199323654175,23.533639907836914,0.339462012052536,27.387134552001953,0.2957629859447479,23.08695411682129,0.31963101029396057,24.43208885192871,5699700481,3257290651.0
2021-08-18,0.3037390112876892,23.948135375976562,0.3242270052433014,25.13239288330078,0.28201600909233093,22.729354858398438,0.2992030084133148,23.5186767578125,6347995770,2397153468.0
2021-08-19,0.3171440064907074,26.548627853393555,0.31901800632476807,26.806604385375977,0.2940880060195923,23.480201721191406,0.3033759891986847,23.88703727722168,3760495939,2276827143.0
2021-08-20,0.32749098539352417,28.146953582763672,0.33322298526763916,28.436683654785156,0.31414198875427246,26.123294830322266,0.3175710141658783,26.55137825012207,3512291078,2387493287.0
2021-08-21,0.3167969882488251,27.873336791992188,0.32935601472854614,29.349266052246094,0.31543299555778503,27.540231704711914,0.3273949921131134,28.165449142456055,2600396651,2047070057.0
2021-08-22,0.3149630129337311,27.736873626708984,0.3215410113334656,28.52391815185547,0.30654600262641907,26.605052947998047,0.31708499789237976,27.886716842651367,2237836352,1752533688.0
2021-08-23,0.3179140090942383,27.89130973815918,0.3280940055847168,28.639219284057617,0.3133679926395416,27.37611961364746,0.31492599844932556,27.694242477416992,2836628655,1729002173.0
2021-08-24,0.28873899579048157,25.081445693969727,0.31975701451301575,28.166486740112305,0.2777769863605499,24.428972244262695,0.3183859884738922,27.927942276000977,3143768703,2018934382.0
2021-08-25,0.29222598671913147,25.935373306274414,0.29681500792503357,26.528032302856445,0.27999499440193176,24.611122131347656,0.289218008518219,25.100425720214844,2518743227,1846569890.0
2021-08-26,0.2689090073108673,23.981494903564453,0.29600200057029724,26.382314682006836,0.2653129994869232,23.55915641784668,0.29279398918151855,25.99818992614746,2410285454,1685733118.0
2021-08-27,0.29443299770355225,26.569753646850586,0.29484501481056213,26.73560333251953,0.265392005443573,23.462703704833984,0.26881900429725647,23.962322235107422,2382150423,1736385099.0
2021-08-28,0.285629004240036,25.96674156188965,0.29916998744010925,26.752275466918945,0.28327301144599915,25.495515823364258,0.2946310043334961,26.568513870239258,1534807298,1084058904.0
2021-08-29,0.281125009059906,25.73291778564453,0.2916629910469055,26.46841049194336,0.27748599648475647,25.3159122467041,0.2858630120754242,25.967538833618164,1473623363,1004630100.0
2021-08-30,0.2721250057220459,26.044719696044922,0.289559006690979,27.564706802368164,0.27037501335144043,24.417465209960938,0.281233012676239,25.733837127685547,1748987269,1847373258.0
2021-08-31,0.27845299243927,31.470020294189453,0.28581899404525757,31.908222198486328,0.27004700899124146,25.6816463470459,0.2718780040740967,26.046707153320312,1745967018,5433775562.0
2021-09-01,0.29440099000930786,33.13948059082031,0.29488900303840637,33.782981872558594,0.27352601289749146,29.68352508544922,0.27806198596954346,31.45442771911621,1937809622,3610653475.0
2021-09-02,0.29595500230789185,31.814712524414062,0.30922698974609375,33.187469482421875,0.29201000928878784,31.360918045043945,0.29439300298690796,33.187469482421875,2981069411,2159617235.0
2021-09-03,0.29627299308776855,33.67427444458008,0.3044939935207367,34.00643539428711,0.2885409891605377,31.057369232177734,0.2947539985179901,31.8007755279541,2384046931,2402724194.0
2021-09-04,0.29938799142837524,32.41751480102539,0.30873098969459534,34.06256866455078,0.2933419942855835,32.111289978027344,0.296068012714386,33.57599639892578,2263193245,1508568851.0
2021-09-05,0.3145270049571991,34.408790588378906,0.3150089979171753,34.74408721923828,0.29658201336860657,32.03780746459961,0.29932400584220886,32.38362121582031,2393033527,1731805767.0
2021-09-06,0.3087649941444397,34.31120300292969,0.31975099444389343,35.014163970947266,0.30045101046562195,32.642757415771484,0.31431499123573303,34.42665481567383,2611846129,2185610406.0
2021-09-07,0.2537440061569214,27.82574462890625,0.31103000044822693,35.67061996459961,0.21652700006961823,22.762300491333008,0.3089509904384613,34.3338737487793,5653327525,5554694141.0
2021-09-08,0.2571130096912384,27.70879364013672,0.2632899880409241,28.866243362426758,0.2348639965057373,25.356224060058594,0.25426599383354187,27.87799644470215,3226346052,3210808968.0
2021-09-09,0.252595990896225,29.835569381713867,0.2595579922199249,31.80028533935547,0.2492700070142746,27.07587242126465,0.25036200881004333,27.20613670349121,1763183557,3007862034.0
2021-09-10,0.2399819940328598,29.215356826782227,0.26162201166152954,32.56816482543945,0.23590900003910065,28.109939575195312,0.2525849938392639,29.817100524902344,1840815800,3735477033.0
2021-09-11,0.24143199622631073,31.594602584838867,0.24801799654960632,32.05207061767578,0.23848700523376465,28.332056045532227,0.2398259937763214,29.178245544433594,1196337689,2273035757.0
2021-09-12,0.25061699748039246,35.77433776855469,0.25479400157928467,36.30234146118164,0.23923300206661224,30.696189880371094,0.24132899940013885,31.631860733032227,1419288866,4160379169.0
2021-09-13,0.23590600490570068,34.76799011230469,0.25203099846839905,37.931331634521484,0.22891099750995636,31.647409439086914,0.25062400102615356,35.87453079223633,1759116002,7156687508.0
2021-09-14,0.24070900678634644,37.37580108642578,0.24167799949645996,38.683414459228516,0.23396199941635132,34.139060974121094,0.23606300354003906,34.872154235839844,967948743,3761631381.0
2021-09-15,0.24769699573516846,36.46339416503906,0.248321995139122,38.003116607666016,0.23921500146389008,35.61780548095703,0.24059000611305237,37.38209533691406,980188820,2154595131.0
2021-09-16,0.24255500733852386,35.547550201416016,0.2477329969406128,36.96349334716797,0.23385199904441833,34.095645904541016,0.24754199385643005,36.486724853515625,1140048496,2430072000.0
2021-09-17,0.23993000388145447,33.021385192871094,0.259535014629364,36.89496994018555,0.2380259931087494,32.23990249633789,0.24209800362586975,35.53184509277344,2246768047,2365641231.0
2021-09-18,0.24138599634170532,34.89886474609375,0.2473279982805252,35.83445739746094,0.2382279932498932,32.5338134765625,0.2399280071258545,33.01301193237305,999151515,1805117461.0
2021-09-19,0.23314200341701508,33.801334381103516,0.24128499627113342,34.884765625,0.23133699595928192,33.09801483154297,0.24128100275993347,34.850250244140625,892763953,1453929289.0
2021-09-20,0.20707100629806519,28.051830291748047,0.2336059957742691,33.89080810546875,0.20002199709415436,27.029417037963867,0.23316100239753723,33.84331512451172,2244003542,3954630278.0
2021-09-21,0.2010270059108734,26.31650161743164,0.21809400618076324,30.261415481567383,0.19816100597381592,25.561138153076172,0.20877300202846527,28.303569793701172,1766963639,3325097631.0
2021-09-22,0.22485800087451935,31.611772537231445,0.22942300140857697,31.992185592651367,0.20022399723529816,25.979167938232422,0.20082199573516846,26.344911575317383,2016471206,2905928191.0
2021-09-23,0.22483199834823608,33.54473876953125,0.22709499299526215,33.591957092285156,0.21811500191688538,30.443761825561523,0.22474800050258636,31.601165771484375,1169581249,2239422860.0
2021-09-24,0.20945100486278534,30.842344284057617,0.22826699912548065,33.55144500732422,0.197720006108284,28.149688720703125,0.22472600638866425,33.456424713134766,1883155313,3844864517.0
2021-09-25,0.208639994263649,29.843185424804688,0.21260400116443634,32.2297248840332,0.20487500727176666,29.487117767333984,0.20934799313545227,30.84218406677246,1067132277,2036495249.0
2021-09-26,0.20496200025081635,28.828662872314453,0.20906800031661987,30.025686264038086,0.1944890022277832,26.838930130004883,0.20872999727725983,29.881675720214844,1147321467,2609528913.0
2021-09-27,0.20026199519634247,27.772104263305664,0.20928099751472473,30.219684600830078,0.20007799565792084,27.636186599731445,0.20524099469184875,28.906639099121094,838297166,1672382041.0
2021-09-28,0.1968040019273758,26.33382797241211,0.20257900655269623,28.338756561279297,0.1963520050048828,26.1771240234375,0.20000100135803223,27.752607345581055,866301240,1505382459.0
2021-09-29,0.19887599349021912,27.274255752563477,0.20414400100708008,28.58709144592285,0.19504199922084808,26.12822723388672,0.19697999954223633,26.361602783203125,926737135,1537170123.0
2021-09-30,0.204244002699852,28.58061981201172,0.20580600202083588,28.972291946411133,0.19785499572753906,27.15825653076172,0.1988690048456192,27.302152633666992,916819792,1239805621.0
2021-10-01,0.22301000356674194,31.96877670288086,0.22460700571537018,32.30791473388672,0.20199400186538696,28.526262283325195,0.20442700386047363,28.61880874633789,1435469263,1998408915.0
2021-10-02,0.21913300454616547,32.122108459472656,0.2249550074338913,33.38024139404297,0.21549299359321594,31.57383918762207,0.2227409929037094,31.94159507751465,1166058975,1447666890.0
2021-10-03,0.2217479944229126,32.105255126953125,0.2262279987335205,32.68209457397461,0.21587200462818146,31.33682632446289,0.2188110053539276,32.03999328613281,1070267896,1294791998.0
2021-10-04,0.2408519983291626,31.042125701904297,0.24792400002479553,32.11334991455078,0.21328400075435638,30.09305763244629,0.22192999720573425,32.11334991455078,3684051106,1294606337.0
2021-10-05,0.25201600790023804,31.427457809448242,0.26778700947761536,32.127662658691406,0.23358799517154694,30.639461517333984,0.241239994764328,31.11963653564453,4628329381,1258661015.0
2021-10-06,0.2551339864730835,32.28961181640625,0.27150899171829224,33.02128601074219,0.2430959939956665,29.18697166442871,0.25200799107551575,31.397581100463867,4659725421,1979276161.0
2021-10-07,0.24292300641536713,33.97454833984375,0.2567389905452728,35.308162689208984,0.2391269952058792,31.023616790771484,0.2543399930000305,32.228179931640625,2936116763,2724383950.0
2021-10-08,0.24385100603103638,33.372894287109375,0.25476399064064026,34.482086181640625,0.24169200658798218,33.166404724121094,0.24302299320697784,33.965694427490234,1952117191,1540992724.0
2021-10-09,0.24659599363803864,36.3274040222168,0.2519659996032715,36.89616012573242,0.24175700545310974,33.02848434448242,0.24349500238895416,33.30734634399414,1484990033,1925845633.0
2021-10-10,0.22980499267578125,34.4664192199707,0.24866299331188202,37.41696548461914,0.22785800695419312,34.24786376953125,0.24657200276851654,36.314212799072266,1466060853,1892396216.0
2021-10-11,0.23150299489498138,34.18463134765625,0.23938100039958954,36.075645446777344,0.2255209982395172,33.29926681518555,0.22945000231266022,34.4790153503418,1463611233,1633598821.0
2021-10-12,0.22624200582504272,35.159767150878906,0.2317180037498474,35.414695739746094,0.21644699573516846,32.11861801147461,0.2315250039100647,34.14851760864258,1881102059,1907396456.0
2021-10-13,0.23257200419902802,41.6169319152832,0.23394300043582916,43.0985107421875,0.22106100618839264,33.79595184326172,0.226174995303154,35.17316818237305,1457486924,4978924113.0
2021-10-14,0.23227299749851227,40.75510025024414,0.23987999558448792,42.427547454833984,0.23149700462818146,39.48907470703125,0.23256100714206696,41.674598693847656,1337117776,3094236878.0
2021-10-15,0.23378199338912964,43.15711212158203,0.2434689998626709,44.06806945800781,0.22574999928474426,39.517784118652344,0.2326440066099167,40.7451171875,1837803539,3509884039.0
2021-10-16,0.23729200661182404,41.757625579833984,0.2444469928741455,44.68291091918945,0.2336830049753189,41.324440002441406,0.23388099670410156,43.25580978393555,1541850812,2149299435.0
2021-10-17,0.23789800703525543,42.073951721191406,0.24197299778461456,42.85660171508789,0.22638000547885895,39.84425735473633,0.2371930032968521,41.73619079589844,1397143121,1794118104.0
2021-10-18,0.2472810000181198,41.18367004394531,0.2713940143585205,43.21934127807617,0.2374880015850067,40.2896842956543,0.23780600726604462,42.10353088378906,5003365533,1770037056.0
2021-10-19,0.24578799307346344,41.38401412963867,0.25461098551750183,41.57124710083008,0.2406509965658188,40.11100387573242,0.24737800657749176,41.182979583740234,1675967829,1476241195.0
2021-10-20,0.2540929913520813,44.348655700683594,0.2615549862384796,45.19144821166992,0.24238400161266327,41.10404586791992,0.24550199508666992,41.355506896972656,1853058770,2160124585.0
2021-10-21,0.24239100515842438,42.846519470214844,0.2582609951496124,45.50112533569336,0.2422730028629303,42.00785446166992,0.2547929883003235,44.40413284301758,1742570934,2416148968.0
2021-10-22,0.24422100186347961,43.44936752319336,0.2527720034122467,46.306541442871094,0.2364719957113266,42.74349594116211,0.24247899651527405,42.84566116333008,1829875043,2535826499.0
2021-10-23,0.2517330050468445,44.04997253417969,0.25314000248908997,44.75666427612305,0.2415889948606491,43.103580474853516,0.24451400339603424,43.47877502441406,1502684867,1228699647.0
2021-10-24,0.2770479917526245,42.385658264160156,0.2819350063800812,44.20076370239258,0.24602800607681274,41.352333068847656,0.25143200159072876,44.02895736694336,5278760541,1286707564.0
2021-10-25,0.2647069990634918,44.5266227722168,0.2794719934463501,44.77607727050781,0.2602199912071228,42.149715423583984,0.2757450044155121,42.33413314819336,3364560707,1360980395.0
2021-10-26,0.255731999874115,44.883872985839844,0.2743169963359833,46.0181999206543,0.2537209987640381,43.44990539550781,0.26478299498558044,44.51347732543945,2513384162,1763935730.0
2021-10-27,0.2376900017261505,40.41045379638672,0.2633169889450073,45.77347946166992,0.22032800316810608,39.872562408447266,0.25583600997924805,44.95084762573242,5022822846,2833846259.0
2021-10-28,0.3004469871520996,41.861690521240234,0.3388429880142212,43.114501953125,0.2333340048789978,39.983070373535156,0.2373809963464737,40.379798889160156,20359592492,1946242940.0
2021-10-29,0.2878530025482178,44.07362365722656,0.3063119947910309,44.31965637207031,0.27977100014686584,41.6749267578125,0.2999640107154846,41.87302017211914,5866664030,1613356430.0
2021-10-30,0.2683449983596802,42.747833251953125,0.2946470081806183,44.2801399230957,0.2598879933357239,42.25952911376953,0.2877640128135681,44.08383560180664,3637334331,1002560667.0
2021-10-31,0.28024399280548096,42.742095947265625,0.2847070097923279,43.362422943115234,0.25261399149894714,41.12775802612305,0.26923900842666626,42.75190734863281,4224104205,1250223353.0
2021-11-01,0.2717280089855194,49.98225402832031,0.2855510115623474,51.468780517578125,0.2640889883041382,41.8101921081543,0.2801229953765869,42.73979187011719,2784956027,4338984539.0
2021-11-02,0.2731209993362427,51.631351470947266,0.28068599104881287,53.246036529541016,0.2675969898700714,48.05802917480469,0.2718920111656189,50.06534194946289,2336414476,3755226109.0
2021-11-03,0.2694070041179657,53.443702697753906,0.277103990316391,54.552494049072266,0.2639789879322052,49.21791076660156,0.27350398898124695,51.63199234008789,2091380862,3292529595.0
2021-11-04,0.2632800042629242,53.88173294067383,0.27086499333381653,55.004974365234375,0.25471100211143494,52.25465393066406,0.2691119909286499,53.335697174072266,1902957818,2735203164.0
2021-11-05,0.26146501302719116,51.89467239379883,0.2707889974117279,53.94598388671875,0.25788798928260803,50.66057586669922,0.26365500688552856,53.877750396728516,1559898586,1836789840.0
2021-11-06,0.261898010969162,52.00921630859375,0.2676970064640045,52.437400817871094,0.2505210041999817,49.087318420410156,0.26126399636268616,51.865989685058594,1353526462,1731999303.0
2021-11-07,0.2663150131702423,52.27798080444336,0.2698490023612976,53.55031204223633,0.25896701216697693,51.41523361206055,0.26197099685668945,52.07573318481445,1155873526,1469149811.0
2021-11-08,0.2823590040206909,53.34845733642578,0.29653200507164,53.85879135131836,0.2649179995059967,51.78031921386719,0.266728013753891,52.27919006347656,4093381450,1731022445.0
2021-11-09,0.27352601289749146,50.779361724853516,0.2896679937839508,53.418670654296875,0.2717519998550415,50.606040954589844,0.2825390100479126,53.375797271728516,2353452396,1889383248.0
2021-11-10,0.2557089924812317,46.87133026123047,0.27698901295661926,52.04048156738281,0.23803000152111053,42.757930755615234,0.27359700202941895,50.76315689086914,2820521435,3209700777.0
2021-11-11,0.2611669898033142,47.64762496948242,0.2699649930000305,49.46265411376953,0.25328299403190613,45.648799896240234,0.25570499897003174,46.85951614379883,1628781435,1903460945.0
2021-11-12,0.2594139873981476,45.88080596923828,0.268436998128891,47.76028823852539,0.2494570016860962,44.07051086425781,0.26093700528144836,47.56955337524414,1563007446,2018292419.0
2021-11-13,0.26170599460601807,47.12905502319336,0.26225098967552185,47.517547607421875,0.25453999638557434,44.92832565307617,0.25961801409721375,45.905609130859375,923837904,1193417084.0
2021-11-14,0.26291200518608093,46.40182113647461,0.2712570130825043,47.80475616455078,0.2602750062942505,45.066184997558594,0.26159098744392395,47.135154724121094,1264556615,943480234.0
2021-11-15,0.2565290033817291,44.688716888427734,0.26517000794410706,47.42341232299805,0.2563669979572296,44.64331817626953,0.26287001371383667,46.40087890625,1028469310,1217037806.0
2021-11-16,0.2372490018606186,40.899314880371094,0.25709399580955505,44.84197998046875,0.22639399766921997,38.725276947021484,0.25709399580955505,44.84197998046875,2248804980,2989773813.0
2021-11-17,0.23748700320720673,42.70829391479492,0.2409060001373291,42.70829391479492,0.23285900056362152,39.033897399902344,0.23701000213623047,40.873985290527344,1543405154,1952021421.0
2021-11-18,0.2213830053806305,39.04596710205078,0.24109099805355072,43.293174743652344,0.21609899401664734,37.696529388427734,0.23755599558353424,42.73418426513672,1860661769,2184185009.0
2021-11-19,0.2331099957227707,41.26102066040039,0.23683199286460876,42.303260803222656,0.21651799976825714,38.459739685058594,0.2209949940443039,39.00419998168945,1296123511,1585574130.0
2021-11-20,0.233024001121521,42.060428619384766,0.23595300316810608,42.08418655395508,0.22545099258422852,39.97053909301758,0.23317399621009827,41.25736999511719,805305660,1072593579.0
2021-11-21,0.22632800042629242,42.005706787109375,0.2333499938249588,43.59584045410156,0.22567999362945557,40.712013244628906,0.23325499892234802,42.114776611328125,751789838,1200251789.0
2021-11-22,0.21967600286006927,39.447872161865234,0.22753100097179413,42.14490509033203,0.21689799427986145,38.84864044189453,0.22616000473499298,42.0106315612793,921753721,1419043417.0
2021-11-23,0.22651199996471405,40.79104232788086,0.23620100319385529,41.45121765136719,0.21456600725650787,38.62919998168945,0.2196660041809082,39.50371170043945,1907278849,1191444255.0
2021-11-24,0.2218250036239624,39.36941909790039,0.23024499416351318,40.958404541015625,0.21183599531650543,38.119476318359375,0.2266799956560135,40.78751754760742,1957665360,1151780975.0
2021-11-25,0.21632599830627441,38.45594787597656,0.22880999743938446,40.95637130737305,0.21431699395179749,38.08108139038086,0.21713200211524963,38.30778884887695,1344826632,1204042086.0
2021-11-26,0.20088699460029602,34.38590621948242,0.22175900638103485,39.64911651611328,0.19034400582313538,33.98723602294922,0.22104699909687042,39.46747970581055,2231733479,2209378812.0
2021-11-27,0.2053470015525818,35.18669891357422,0.20961299538612366,35.93495178222656,0.20087100565433502,34.49448776245117,0.20142899453639984,34.54508590698242,917785649,1023830346.0
2021-11-28,0.20747199654579163,35.76512145996094,0.20747199654579163,35.839019775390625,0.19306400418281555,32.43307113647461,0.20529499650001526,35.22654342651367,1027555437,1521352541.0
2021-11-29,0.21517500281333923,37.162654876708984,0.22369199991226196,37.55788803100586,0.20325200259685516,35.47723388671875,0.2074439972639084,35.79829406738281,1869737827,1277403223.0
2021-11-30,0.21471500396728516,37.96049499511719,0.22688999772071838,39.33654022216797,0.213250994682312,35.55549240112305,0.21511100232601166,37.13404083251953,1897635999,1552695148.0
2021-12-01,0.20948700606822968,36.77326583862305,0.21849599480628967,38.80066680908203,0.20629799365997314,36.31910705566406,0.2144870012998581,37.92595672607422,988030934,1247647115.0
2021-12-02,0.2097260057926178,35.75789260864258,0.22301100194454193,36.79286193847656,0.2021690011024475,35.15065383911133,0.20947599411010742,36.78253936767578,1879305770,1000369702.0
2021-12-03,0.19999299943447113,33.639530181884766,0.21199099719524384,36.79755401611328,0.19327400624752045,32.791805267333984,0.2094630002975464,35.77011489868164,1260948451,1330467954.0
2021-12-04,0.17885300517082214,29.368837356567383,0.2005620002746582,33.86583709716797,0.13282600045204163,24.720991134643555,0.20035600662231445,33.762454986572266,4388513696,2854207528.0
2021-12-05,0.17125500738620758,28.310138702392578,0.18113300204277039,29.77900505065918,0.16294899582862854,26.49066734313965,0.17826299369335175,29.379711151123047,1645331135,1471059303.0
2021-12-06,0.17839999496936798,28.249523162841797,0.180527001619339,28.889867782592773,0.1595579981803894,24.907079696655273,0.17138299345970154,28.342397689819336,1896979202,1994330966.0
2021-12-07,0.17680500447750092,30.543865203857422,0.1835390031337738,31.443294525146484,0.17550499737262726,27.790523529052734,0.1783740073442459,28.232168197631836,1085087124,1776628055.0
2021-12-08,0.1791509985923767,29.870498657226562,0.18216800689697266,30.622547149658203,0.17262999713420868,28.102445602416992,0.17660899460315704,30.543373107910156,1014713070,1356418902.0
2021-12-09,0.1694840043783188,26.951921463012695,0.18188999593257904,30.11067771911621,0.1694840043783188,26.86099624633789,0.17896099388599396,29.780275344848633,1071039221,1193183661.0
2021-12-10,0.16442200541496277,26.453914642333984,0.17461000382900238,28.39946174621582,0.16406500339508057,25.846044540405273,0.16946600377559662,26.96181869506836,845450410,1357627514.0
2021-12-11,0.16901899874210358,27.774728775024414,0.1700800061225891,28.145265579223633,0.16181699931621552,25.917293548583984,0.16449899971485138,26.47014045715332,692929162,1175903576.0
2021-12-12,0.16989099979400635,29.608980178833008,0.17289899289608002,30.02223014831543,0.16589899361133575,27.35613441467285,0.16890400648117065,27.760690689086914,593132337,897053031.0
2021-12-13,0.15756499767303467,25.971105575561523,0.17061500251293182,29.812469482421875,0.15199600160121918,25.608619689941406,0.1698800027370453,29.613889694213867,968464045,1292550086.0
2021-12-14,0.18015700578689575,26.168418884277344,0.21963199973106384,26.69297981262207,0.15544700622558594,25.091861724853516,0.15746499598026276,25.95271873474121,6411471551,1206987079.0
2021-12-15,0.18108199536800385,27.14575958251953,0.19114400446414948,27.989715576171875,0.17126600444316864,24.37153434753418,0.19114400446414948,26.17487335205078,2466135011,1580299615.0
2021-12-16,0.17345400154590607,26.04307746887207,0.18493300676345825,27.795270919799805,0.17265500128269196,25.771623611450195,0.1811710000038147,27.154754638671875,1057988990,1485488983.0
2021-12-17,0.1690099984407425,24.663026809692383,0.17655900120735168,26.20854949951172,0.16226300597190857,24.287595748901367,0.1733810007572174,26.0284366607666,1026719015,1134265516.0
2021-12-18,0.17239999771118164,25.49075698852539,0.17487399280071259,25.724895477294922,0.1662440001964569,24.256322860717773,0.16910000145435333,24.676816940307617,658993272,878905203.0
2021-12-19,0.1695760041475296,24.791400909423828,0.17437799274921417,25.856468200683594,0.1693820059299469,24.695018768310547,0.17253300547599792,25.488006591796875,541018118,744698642.0
2021-12-20,0.16732199490070343,24.050674438476562,0.17083300650119781,25.018566131591797,0.16149699687957764,23.313159942626953,0.16952300071716309,24.78410530090332,912233179,924598147.0
2021-12-21,0.1711750030517578,25.194194793701172,0.1723400056362152,25.584335327148438,0.16610799729824066,23.765161514282227,0.1670980006456375,24.042261123657227,621397179,893276894.0
2021-12-22,0.17321400344371796,27.216073989868164,0.17958499491214752,28.212661743164062,0.17005500197410583,25.019508361816406,0.1711290031671524,25.187767028808594,932537493,1332894453.0
2021-12-23,0.18448999524116516,29.111093521118164,0.18452200293540955,29.63795280456543,0.17173999547958374,26.793832778930664,0.17320899665355682,27.233430862426758,1184481683,1466897164.0
2021-12-24,0.1866219937801361,28.139497756958008,0.1952899992465973,29.667552947998047,0.17976100742816925,27.881593704223633,0.18497900664806366,29.153118133544922,1853415104,1068526285.0
2021-12-25,0.19065700471401215,28.837757110595703,0.19487600028514862,29.1444149017334,0.18557099997997284,28.009048461914062,0.18671199679374695,28.158287048339844,1010443046,721290103.0
2021-12-26,0.19001999497413635,31.332836151123047,0.19254599511623383,31.739517211914062,0.18564599752426147,28.32209014892578,0.1905670017004013,28.83884048461914,650674078,1627652480.0
2021-12-27,0.18770499527454376,30.908672332763672,0.19292299449443817,32.76809310913086,0.18723900616168976,30.835819244384766,0.18998600542545319,31.3199462890625,666773423,1724296390.0
2021-12-28,0.17411699891090393,27.907102584838867,0.18788500130176544,30.962434768676758,0.1727380007505417,27.585023880004883,0.18784700334072113,30.962434768676758,954075337,2373946823.0
2021-12-29,0.16776500642299652,26.744373321533203,0.17733900249004364,28.92106819152832,0.16675999760627747,26.560365676879883,0.1740950047969818,27.865062713623047,823628336,1772776120.0
2021-12-30,0.17131300270557404,27.56778907775879,0.17577099800109863,28.370248794555664,0.16538099944591522,26.218414306640625,0.16813699901103973,26.827425003051758,599236772,1238329221.0
2021-12-31,0.17049600183963776,26.719675064086914,0.17529399693012238,28.060705184936523,0.16730700433254242,26.356334686279297,0.171316996216774,27.569290161132812,644416694,1169307108.0
2022-01-01,0.17303499579429626,28.583581924438477,0.17342300713062286,28.583581924438477,0.1703529953956604,26.705991744995117,0.17050999402999878,26.721345901489258,371336089,769282646.0
2022-01-02,0.17440299689769745,29.73116683959961,0.17598900198936462,30.55582618713379,0.17120100557804108,27.922351837158203,0.17302699387073517,28.5828857421875,391041933,1217867246.0
2022-01-03,0.170087993144989,30.105100631713867,0.1744060069322586,30.82572364807129,0.168271005153656,28.751802444458008,0.1744060069322586,29.72490119934082,505900382,1652854634.0
2022-01-04,0.16880300641059875,28.77773094177246,0.17233900725841522,30.5336856842041,0.16812799870967865,28.77773094177246,0.1701509952545166,30.10938835144043,541922892,1433783811.0
2022-01-05,0.15941999852657318,26.796140670776367,0.17074699699878693,30.316028594970703,0.15189799666404724,25.521625518798828,0.16883499920368195,28.790210723876953,994086848,1721841153.0
2022-01-06,0.16021299362182617,26.760822296142578,0.16170600056648254,27.324682235717773,0.15514199435710907,25.648988723754883,0.15943600237369537,26.79782485961914,715345645,1444988536.0
2022-01-07,0.155022993683815,24.92523956298828,0.16029499471187592,26.806652069091797,0.15129899978637695,24.45899772644043,0.16020500659942627,26.75089454650879,969384523,2764194355.0
2022-01-08,0.15195399522781372,24.029129028320312,0.1577250063419342,25.490291595458984,0.1476690024137497,23.342363357543945,0.1550309956073761,24.925630569458008,584437036,1546276235.0
2022-01-09,0.15106500685214996,24.6273193359375,0.1537420004606247,25.285593032836914,0.14960700273513794,23.839799880981445,0.15195900201797485,24.028667449951172,408786249,1328484247.0
2022-01-10,0.1433590054512024,23.780059814453125,0.1521349996328354,25.178136825561523,0.1398400068283081,22.604368209838867,0.15107299387454987,24.626529693603516,763684873,1693703473.0
2022-01-11,0.1533990055322647,25.543930053710938,0.1646209955215454,25.959665298461914,0.14264699816703796,23.57865333557129,0.1433510035276413,23.77890968322754,1628447666,1556234288.0
2022-01-12,0.16165199875831604,27.319494247436523,0.16165199875831604,27.558557510375977,0.1520950049161911,25.511274337768555,0.15345799922943115,25.548051834106445,896008600,1416836455.0
2022-01-13,0.17204299569129944,25.828889846801758,0.17479200661182404,27.588245391845703,0.1615619957447052,25.828889846801758,0.1615619957447052,27.31721305847168,2301820074,1392401458.0
2022-01-14,0.18354900181293488,27.71286392211914,0.20323200523853302,27.83451271057129,0.17128300666809082,25.696104049682617,0.1720529943704605,25.831518173217773,5784004926,1801182212.0
2022-01-15,0.18510299921035767,27.736833572387695,0.19359999895095825,28.384349822998047,0.18267600238323212,26.942691802978516,0.18364399671554565,27.716449737548828,1878282290,1158992450.0
2022-01-16,0.17717599868774414,27.665128707885742,0.1850930005311966,28.41518211364746,0.17532700300216675,27.382957458496094,0.1850930005311966,27.724180221557617,1102750171,1280576659.0
2022-01-17,0.1711450070142746,25.727352142333984,0.17787200212478638,27.720455169677734,0.16689099371433258,25.23969841003418,0.1771869957447052,27.671783447265625,1094379303,1453899013.0
2022-01-18,0.16548499464988708,25.168928146362305,0.17378999292850494,25.988698959350586,0.16256499290466309,24.38495445251465,0.17108599841594696,25.73130226135254,979693368,1349151568.0
2022-01-19,0.16235600411891937,24.129552841186523,0.16864700615406036,25.285926818847656,0.16012200713157654,23.81003189086914,0.16548499464988708,25.170045852661133,935006164,1171940720.0
2022-01-20,0.15520399808883667,22.984886169433594,0.168845996260643,25.564138412475586,0.15517599880695343,22.983806610107422,0.1623460054397583,24.1304874420166,469269658,897265226.0
2022-01-21,0.14263999462127686,19.64629364013672,0.15715600550174713,23.4301815032959,0.14149600267410278,19.305566787719727,0.1552630066871643,22.99968147277832,1163061854,2158447179.0
2022-01-22,0.13289199769496918,18.229856491088867,0.14502699673175812,20.074378967285156,0.12281599640846252,16.52956771850586,0.1426510065793991,19.657222747802734,1693524581,2593516897.0
2022-01-23,0.14186300337314606,18.82877540588379,0.1430719941854477,19.13938331604004,0.13281899690628052,17.82668113708496,0.1329600065946579,18.23941993713379,1006234946,1570770653.0
2022-01-24,0.1377979964017868,18.0367488861084,0.14195099472999573,18.82708168029785,0.1272200047969818,15.976184844970703,0.14188100397586823,18.82708168029785,1446873574,2261885506.0
2022-01-25,0.14304900169372559,18.34864616394043,0.14723600447177887,19.012128829956055,0.13323499262332916,17.440677642822266,0.13778400421142578,18.03675079345703,1347567750,1511107520.0
2022-01-26,0.14378899335861206,18.076839447021484,0.15260300040245056,19.937612533569336,0.14215199649333954,17.641090393066406,0.14301399886608124,18.341249465942383,1253108115,1763129260.0
2022-01-27,0.1412470042705536,18.134811401367188,0.14500999450683594,18.30297088623047,0.13694700598716736,17.274730682373047,0.14375600218772888,18.07267189025879,608707586,1134516099.0
2022-01-28,0.14165599644184113,18.339580535888672,0.14241300523281097,18.466373443603516,0.1383800059556961,17.439565658569336,0.14124399423599243,18.12274169921875,506667466,994677640.0
2022-01-29,0.1430560052394867,18.710241317749023,0.14398400485515594,18.97625732421875,0.1414799988269806,18.127714157104492,0.14164899289608002,18.338991165161133,397610776,766547375.0
2022-01-30,0.13947099447250366,18.172527313232422,0.14351500570774078,18.967439651489258,0.1387539952993393,17.86893081665039,0.14305700361728668,18.715377807617188,363976741,757967482.0
2022-01-31,0.1418049931526184,19.42054557800293,0.1422639936208725,19.55442237854004,0.13685299456119537,17.1998291015625,0.1394689977169037,18.171585083007812,412307174,1115684278.0
2022-02-01,0.14263099431991577,19.61420440673828,0.14412899315357208,19.951501846313477,0.14112499356269836,19.202529907226562,0.1418049931526184,19.415050506591797,409432267,1068758718.0
2022-02-02,0.13723500072956085,18.796897888183594,0.1452530026435852,20.532360076904297,0.13691799342632294,18.721237182617188,0.14262600243091583,19.61564826965332,483194691,1153269231.0
2022-02-03,0.1375409960746765,18.81250762939453,0.13874700665473938,18.838409423828125,0.13556499779224396,18.099340438842773,0.13721300661563873,18.78936767578125,383506507,906875219.0
2022-02-04,0.14750300347805023,20.424663543701172,0.1475919932126999,20.463794708251953,0.13725000619888306,18.749555587768555,0.13752299547195435,18.807336807250977,580740990,1110480504.0
2022-02-05,0.1471409946680069,21.366989135742188,0.15014000236988068,22.252073287963867,0.14541000127792358,20.35291290283203,0.14753299951553345,20.43718910217285,587009429,1265231134.0
2022-02-06,0.15376999974250793,21.903335571289062,0.1547749936580658,21.903335571289062,0.14525799453258514,20.922809600830078,0.1471399962902069,21.36734390258789,757004142,830919540.0
2022-02-07,0.1655779927968979,22.36450958251953,0.17158600687980652,22.64606475830078,0.15174099802970886,21.44849967956543,0.1538030058145523,21.9044246673584,1791358822,1356167813.0
2022-02-08,0.15840500593185425,21.68914794921875,0.16914500296115875,23.134687423706055,0.15370899438858032,21.114368438720703,0.16560600697994232,22.37185287475586,1190116000,1444549625.0
2022-02-09,0.1591230034828186,21.93041229248047,0.16070400178432465,22.2087345123291,0.15503500401973724,21.1423397064209,0.15835699439048767,21.677759170532227,778670798,952902519.0
2022-02-10,0.15188899636268616,20.635053634643555,0.16043700277805328,22.429515838623047,0.1514970064163208,20.595378875732422,0.15914499759674072,21.93252944946289,1053630584,1497572222.0
2022-02-11,0.14484700560569763,18.96244239807129,0.15406900644302368,20.71544075012207,0.14334900677204132,18.676172256469727,0.15189500153064728,20.622386932373047,776730555,1383736959.0
2022-02-12,0.14440500736236572,18.818740844726562,0.14701299369335175,19.397598266601562,0.14167800545692444,18.385835647583008,0.14485600590705872,18.965999603271484,602699408,982928210.0
2022-02-13,0.14894799888134003,18.831485748291016,0.15735399723052979,19.25606346130371,0.14403100311756134,18.453716278076172,0.14437900483608246,18.817880630493164,1581065491,741039938.0
2022-02-14,0.14600299298763275,18.714754104614258,0.15013200044631958,18.901653289794922,0.14364899694919586,18.07620620727539,0.14886899292469025,18.809505462646484,898042727,834381954.0
2022-02-15,0.151760995388031,20.144676208496094,0.15219900012016296,20.27273178100586,0.14520299434661865,18.67030143737793,0.14599600434303284,18.713319778442383,674961496,891617857.0
2022-02-16,0.14909499883651733,19.80115509033203,0.1518239974975586,20.167482376098633,0.14677099883556366,19.116294860839844,0.15177899599075317,20.149784088134766,505588732,890277874.0
2022-02-17,0.1385519951581955,18.109920501708984,0.1498890072107315,19.994630813598633,0.1380710005760193,17.89071273803711,0.14904999732971191,19.78972053527832,721382126,1081608217.0
2022-02-18,0.1387680023908615,17.845699310302734,0.14209699630737305,18.56219482421875,0.1369599997997284,17.70753288269043,0.13859400153160095,18.126672744750977,563817289,918690491.0
2022-02-19,0.14120599627494812,17.89225959777832,0.145906001329422,18.208091735839844,0.13875100016593933,17.405229568481445,0.13876399397850037,17.84421730041504,655782652,590901300.0
2022-02-20,0.13686800003051758,16.930509567260742,0.14119699597358704,17.88433074951172,0.13585199415683746,16.74277687072754,0.14119699597358704,17.88433074951172,490138547,883758628.0
2022-02-21,0.12849000096321106,16.192121505737305,0.14134499430656433,17.6968994140625,0.1282459944486618,16.097570419311523,0.13683800399303436,16.928035736083984,913773124,1330919934.0
2022-02-22,0.13155299425125122,16.56427574157715,0.13169600069522858,16.67277717590332,0.1253650039434433,15.837447166442871,0.12848800420761108,16.190797805786133,711967119,1116940496.0
2022-02-23,0.12784600257873535,16.00956916809082,0.1353369951248169,17.39596939086914,0.12784600257873535,15.970354080200195,0.13156099617481232,16.570091247558594,587472906,1280516751.0
2022-02-24,0.12381300330162048,16.170917510986328,0.1278509944677353,16.551755905151367,0.10955499857664108,14.135740280151367,0.12782099843025208,15.998876571655273,2046477370,2249049472.0
2022-02-25,0.12757599353790283,17.25030517578125,0.12818099558353424,17.413780212402344,0.12098299711942673,15.843975067138672,0.1238429993391037,16.17131805419922,805161073,1228501074.0
2022-02-26,0.12764699757099152,18.024559020996094,0.1300709992647171,18.674514770507812,0.12619900703430176,17.22178840637207,0.12756800651550293,17.24964714050293,535575654,1418827902.0
2022-02-27,0.12311100214719772,17.473413467407227,0.12823499739170074,18.661521911621094,0.12205299735069275,17.197315216064453,0.12763899564743042,18.0146541595459,592809151,1354421088.0
2022-02-28,0.13315600156784058,18.94108772277832,0.13447900116443634,19.01320457458496,0.12195400148630142,16.750547409057617,0.12311799824237823,17.4832820892334,765755924,1791272324.0
2022-03-01,0.1339379996061325,18.880502700805664,0.13773000240325928,19.535253524780273,0.13046200573444366,18.390607833862305,0.13317400217056274,18.942350387573242,876604512,1659644223.0
2022-03-02,0.1329900026321411,18.593467712402344,0.1362140029668808,19.23042869567871,0.13123199343681335,18.41183090209961,0.13396400213241577,18.880834579467773,709536320,1205395336.0
2022-03-03,0.12961000204086304,18.019323348999023,0.13364900648593903,18.631059646606445,0.12781000137329102,17.813257217407227,0.1329980045557022,18.598176956176758,518193386,1037430689.0
2022-03-04,0.12259099632501602,16.757080078125,0.12985600531101227,18.02924156188965,0.1215440034866333,16.54886817932129,0.12963099777698517,18.023418426513672,650665594,1047537594.0
2022-03-05,0.12499599903821945,17.312721252441406,0.12537500262260437,17.736820220947266,0.12157200276851654,16.270109176635742,0.12261400371789932,16.766019821166992,334091552,757666761.0
2022-03-06,0.12076599895954132,16.978824615478516,0.12561100721359253,17.547517776489258,0.12038400024175644,16.589473724365234,0.12502500414848328,17.31479263305664,400458464,737656667.0
2022-03-07,0.11710499972105026,16.431495666503906,0.12256299704313278,17.116168975830078,0.11501500010490417,16.06224250793457,0.12076900154352188,16.98021125793457,513014829,944798572.0
2022-03-08,0.11702899634838104,16.953651428222656,0.11972399801015854,17.232316970825195,0.11583799868822098,16.35853385925293,0.11710599809885025,16.430084228515625,491414294,874178607.0
2022-03-09,0.12158799916505814,17.866676330566406,0.1237339973449707,18.04990577697754,0.11676599830389023,16.93010139465332,0.11704699695110321,16.96129608154297,519157507,857533887.0
2022-03-10,0.1168849989771843,16.97911834716797,0.12161199748516083,17.892671585083008,0.11553200334310532,16.745113372802734,0.12157200276851654,17.86496925354004,513641345,750062051.0
2022-03-11,0.11560200154781342,17.73442268371582,0.11829300224781036,18.414682388305664,0.1145699992775917,16.74955940246582,0.11689300090074539,16.981027603149414,388727358,1236681337.0
2022-03-12,0.11513599753379822,18.15392303466797,0.11723899841308594,18.669994354248047,0.11513199657201767,17.73177146911621,0.11560799926519394,17.73505973815918,235277001,994605789.0
2022-03-13,0.11160799860954285,17.24793243408203,0.11623100191354752,18.362165451049805,0.11068599671125412,17.19753074645996,0.11507999897003174,18.147037506103516,373430106,707977397.0
2022-03-14,0.11404799669981003,17.695951461791992,0.11896699666976929,17.831064224243164,0.11081700026988983,17.084516525268555,0.11160700023174286,17.246562957763672,822092169,728004973.0
2022-03-15,0.1127839982509613,17.828996658325195,0.1142129972577095,18.002614974975586,0.11093699932098389,17.083492279052734,0.11404299736022949,17.69354820251465,400614617,673341299.0
2022-03-16,0.116907998919487,19.053367614746094,0.116907998919487,19.15091896057129,0.11236400157213211,17.76290512084961,0.11277899891138077,17.827369689941406,537170937,1201525130.0
2022-03-17,0.11650200188159943,18.751731872558594,0.118709996342659,19.267126083374023,0.11628100275993347,18.66495704650879,0.11690700054168701,19.05169105529785,412838814,804681001.0
2022-03-18,0.11930599808692932,18.991891860961914,0.11937499791383743,19.180633544921875,0.11456800252199173,18.18462562561035,0.11648999899625778,18.748987197875977,410862503,751608989.0
2022-03-19,0.12356899678707123,19.35950469970703,0.1245729997754097,19.767375946044922,0.11852999776601791,18.914697647094727,0.11927799880504608,18.991165161132812,628081786,833974878.0
2022-03-20,0.11915399879217148,18.638643264770508,0.12391900271177292,19.442106246948242,0.11799100041389465,18.390905380249023,0.1235790029168129,19.362869262695312,428111799,688372541.0
2022-03-21,0.1193389967083931,18.795270919799805,0.12133199721574783,19.04840850830078,0.118306003510952,18.47439193725586,0.11914599686861038,18.636241912841797,439486516,726848268.0
2022-03-22,0.12248100340366364,20.252199172973633,0.1253499984741211,20.431427001953125,0.11901400238275528,18.711326599121094,0.11933299899101257,18.790340423583984,610507111,1206899926.0
2022-03-23,0.12972700595855713,21.003955841064453,0.13071300089359283,21.069103240966797,0.12136100232601166,19.883588790893555,0.12248700112104416,20.247600555419922,998922753,1321882560.0
2022-03-24,0.13654999434947968,21.24549102783203,0.14060500264167786,21.43069839477539,0.1284549981355667,20.375205993652344,0.129721999168396,21.004985809326172,2017926806,1230204385.0
2022-03-25,0.13101300597190857,20.547285079956055,0.13727499544620514,21.320301055908203,0.1287820041179657,20.269689559936523,0.1366029977798462,21.246753692626953,882486375,887840773.0
2022-03-26,0.13586799800395966,20.887956619262695,0.13649499416351318,21.02423667907715,0.1298779994249344,20.298011779785156,0.1310099959373474,20.549461364746094,610401998,559036946.0
2022-03-27,0.14473199844360352,22.44786262512207,0.1448580026626587,22.448711395263672,0.13570299744606018,20.77062225341797,0.13590000569820404,20.891969680786133,1445019558,766114013.0
2022-03-28,0.14265699684619904,21.970449447631836,0.15273700654506683,23.266170501708984,0.1424569934606552,21.9001407623291,0.1447249948978424,22.450679779052734,1476875507,1265796274.0
2022-03-29,0.1444700062274933,22.48617935180664,0.14855900406837463,22.91055679321289,0.14128999412059784,21.892667770385742,0.14255699515342712,21.955490112304688,961074557,1167942746.0
2022-03-30,0.14320999383926392,22.468347549438477,0.1449970006942749,22.968292236328125,0.1398800015449524,21.772602081298828,0.14445599913597107,22.482255935668945,884305263,1114497681.0
2022-03-31,0.13782599568367004,21.30251121520996,0.14722000062465668,22.999462127685547,0.13717199862003326,21.18368148803711,0.14318400621414185,22.460416793823242,1055136949,1190050413.0
2022-04-01,0.14131499826908112,22.016986846923828,0.14239400625228882,22.133127212524414,0.1332090049982071,20.722673416137695,0.137922003865242,21.309722900390625,877530017,1125808777.0
2022-04-02,0.13891300559043884,22.644535064697266,0.14406900107860565,23.76715087890625,0.13888199627399445,21.9948673248291,0.14131000638008118,22.021663665771484,682408266,1394919294.0
2022-04-03,0.14645299315452576,23.2082462310791,0.14855800569057465,23.544904708862305,0.13708800077438354,22.581714630126953,0.13890300691127777,22.614322662353516,1047399132,1135251124.0
2022-04-04,0.14859099686145782,22.65777015686035,0.15531200170516968,23.204301834106445,0.1420080065727234,21.690126419067383,0.14641299843788147,23.202627182006836,2253509569,1108582879.0
2022-04-05,0.1729069948196411,21.789714813232422,0.17804500460624695,23.103944778442383,0.14772699773311615,21.781702041625977,0.14861400425434113,22.69587516784668,5230288678,954861206.0
2022-04-06,0.14341700077056885,19.83963394165039,0.1734970062971115,21.78700828552246,0.14329099655151367,19.78291130065918,0.17248499393463135,21.786951065063477,3729047979,1143523884.0
2022-04-07,0.14610199630260468,20.4263916015625,0.14802800118923187,20.62406349182129,0.14131200313568115,19.602262496948242,0.14343200623989105,19.842571258544922,1420790611,819238353.0
2022-04-08,0.14254899322986603,19.4008846282959,0.1527159959077835,20.562768936157227,0.14160799980163574,19.247072219848633,0.14610600471496582,20.426464080810547,1683800631,776611556.0
2022-04-09,0.14430299401283264,19.787586212158203,0.1444620043039322,19.807771682739258,0.14141599833965302,19.331331253051758,0.1425440013408661,19.400577545166016,523997409,501767579.0
2022-04-10,0.14953500032424927,19.285306930541992,0.1569720059633255,20.202638626098633,0.1438630074262619,19.285306930541992,0.14430400729179382,19.78496551513672,1931829669,599807810.0
2022-04-11,0.1346540004014969,17.188892364501953,0.15129199624061584,19.2888126373291,0.13381800055503845,17.043088912963867,0.14937399327754974,19.2888126373291,1515679359,998107923.0
2022-04-12,0.13807600736618042,17.785879135131836,0.14412200450897217,18.001590728759766,0.13424299657344818,17.19546127319336,0.1346520036458969,17.19546127319336,1214105682,773573439.0
2022-04-13,0.14008000493049622,18.19849967956543,0.14260800182819366,18.268770217895508,0.1370670050382614,17.44198226928711,0.1380700021982193,17.781278610229492,890728707,657673530.0
2022-04-14,0.14392000436782837,17.930795669555664,0.14663299918174744,18.471149444580078,0.1381009966135025,17.52996826171875,0.14005300402641296,18.19687843322754,1759067761,631848192.0
2022-04-15,0.14602600038051605,18.350921630859375,0.14928700029850006,18.38031578063965,0.14276699721813202,17.831939697265625,0.1439169943332672,17.93069839477539,1140382087,507063069.0
2022-04-16,0.14371199905872345,18.63007926940918,0.14781099557876587,18.6828670501709,0.1420930027961731,18.229381561279297,0.14601700007915497,18.35045051574707,584019179,424249982.0
2022-04-17,0.13945899903774261,17.780473709106445,0.1447090059518814,18.799156188964844,0.1389950066804886,17.723121643066406,0.1436930000782013,18.627595901489258,636442285,473113233.0
2022-04-18,0.14028599858283997,18.169546127319336,0.1404609978199005,18.30853843688965,0.13438400626182556,17.16864776611328,0.13947099447250366,17.78203773498535,909718484,712879608.0
2022-04-19,0.14266499876976013,18.896812438964844,0.14414100348949432,18.931331634521484,0.13950000703334808,18.072601318359375,0.14029699563980103,18.170162200927734,679511647,565507514.0
2022-04-20,0.14087800681591034,19.088777542114258,0.1462409943342209,19.493127822875977,0.13959500193595886,18.570220947265625,0.14267699420452118,18.895793914794922,1068542289,830807797.0
2022-04-21,0.13636499643325806,18.18599510192871,0.14244799315929413,19.625219345092773,0.13525499403476715,18.137659072875977,0.14086799323558807,19.087486267089844,740549793,772305840.0
2022-04-22,0.13639500737190247,18.299129486083984,0.1379079967737198,18.519105911254883,0.13498499989509583,18.11733055114746,0.13635699450969696,18.18606185913086,505251263,629068408.0
2022-04-23,0.1342409998178482,18.7326717376709,0.13649499416351318,19.232547760009766,0.13380999863147736,18.036876678466797,0.13638700544834137,18.298917770385742,349740069,625753368.0
2022-04-24,0.13194699585437775,18.15865707397461,0.13469000160694122,19.138036727905273,0.13150200247764587,18.13157081604004,0.1342020034790039,18.725461959838867,436620221,576662878.0
2022-04-25,0.1579589992761612,18.119979858398438,0.1677349954843521,18.22469139099121,0.12386900186538696,17.189327239990234,0.1319359987974167,18.161623001098633,5177823685,799411358.0
2022-04-26,0.1377670019865036,16.65060043334961,0.16527800261974335,18.295364379882812,0.13742400705814362,16.457963943481445,0.15777699649333954,18.116680145263672,4529010503,787835544.0
2022-04-27,0.1396999955177307,16.948017120361328,0.14540499448776245,17.253524780273438,0.13627199828624725,16.556425094604492,0.13784700632095337,16.65717315673828,1765370972,616421238.0
2022-04-28,0.137363001704216,16.99651336669922,0.14261800050735474,17.361772537231445,0.1360580027103424,16.79781723022461,0.13969099521636963,16.947385787963867,1105137506,609272520.0
2022-04-29,0.13502700626850128,16.162790298461914,0.14464299380779266,17.050321578979492,0.13409900665283203,16.04500389099121,0.13737599551677704,16.993165969848633,1555397213,573927609.0
2022-04-30,0.12755699455738068,14.519939422607422,0.13652800023555756,16.4055118560791,0.12623900175094604,14.294137001037598,0.1350329965353012,16.163803100585938,916612071,689300174.0
2022-05-01,0.1327729970216751,15.381729125976562,0.13482099771499634,15.505186080932617,0.12753300368785858,14.513368606567383,0.12758900225162506,14.519187927246094,991710768,707973556.0
2022-05-02,0.13093799352645874,14.978443145751953,0.1337829977273941,15.567329406738281,0.1282999962568283,14.626652717590332,0.13279399275779724,15.375802993774414,769062732,684752563.0
2022-05-03,0.1295199990272522,14.72703742980957,0.1318330019712448,15.205557823181152,0.1273989975452423,14.555679321289062,0.13093499839305878,14.978363990783691,555706527,492425638.0
2022-05-04,0.1358090043067932,16.30525779724121,0.1358090043067932,16.308696746826172,0.12931300699710846,14.702760696411133,0.12951399385929108,14.726156234741211,838050627,747195893.0
2022-05-05,0.12842999398708344,14.58102798461914,0.13731299340724945,16.41874885559082,0.12669700384140015,14.187896728515625,0.13581299781799316,16.301307678222656,1258066467,953754626.0
2022-05-06,0.12790100276470184,14.313101768493652,0.12930500507354736,14.639582633972168,0.12456600368022919,13.94161319732666,0.12840299308300018,14.57942008972168,839005988,868156078.0
2022-05-07,0.1275320053100586,13.775653839111328,0.1319199949502945,14.352659225463867,0.1253650039434433,13.476184844970703,0.12789000570774078,14.313728332519531,746383231,593983001.0
2022-05-08,0.12420699745416641,13.254074096679688,0.12801699340343475,13.825540542602539,0.12397400289773941,13.087564468383789,0.12752699851989746,13.774421691894531,728953161,758610863.0
2022-05-09,0.104823999106884,10.767036437988281,0.12513600289821625,13.46495532989502,0.104823999106884,10.767036437988281,0.1242000013589859,13.2570219039917,1353326367,1529550074.0
2022-05-10,0.10847699642181396,11.358491897583008,0.11777500063180923,12.333800315856934,0.10088100284337997,10.44996452331543,0.1047080010175705,10.768370628356934,1723066438,1771556667.0
2022-05-11,0.08458100259304047,8.956188201904297,0.11056499928236008,11.611336708068848,0.08003599941730499,8.285613059997559,0.10844899713993073,11.350789070129395,2556008051,2370958313.0
2022-05-12,0.08267100155353546,8.745312690734863,0.089028000831604,9.430750846862793,0.07003699988126755,7.3234710693359375,0.08463600277900696,8.966532707214355,2631064083,1718065655.0
2022-05-13,0.08833099901676178,10.493300437927246,0.09425400197505951,11.72541618347168,0.08237099647521973,8.581082344055176,0.08263900130987167,8.735123634338379,1444350618,1860790600.0
2022-05-14,0.08979599922895432,11.35068130493164,0.09159799665212631,11.500017166137695,0.08448299765586853,9.828200340270996,0.08834099769592285,10.493467330932617,902479951,1414801522.0
2022-05-15,0.09284300357103348,11.795572280883789,0.09284300357103348,11.817570686340332,0.08687599748373032,10.64163589477539,0.08978500217199326,11.347429275512695,651900826,972329755.0
2022-05-16,0.08784099668264389,10.624634742736816,0.09306100010871887,11.79423999786377,0.08642800152301788,10.438908576965332,0.09286700189113617,11.79423999786377,606521740,900666870.0
2022-05-17,0.09021300077438354,11.034235954284668,0.09111200273036957,11.294475555419922,0.08748400211334229,10.483642578125,0.08783599734306335,10.62795352935791,560800173,763521915.0
2022-05-18,0.08364900201559067,9.506675720214844,0.09079699963331223,11.144734382629395,0.08364900201559067,9.506675720214844,0.09022100269794464,11.036877632141113,558257804,877968843.0
2022-05-19,0.08672299981117249,10.041605949401855,0.08712399750947952,10.32246208190918,0.08208700269460678,9.271720886230469,0.08363500237464905,9.499154090881348,613801947,853915374.0
2022-05-20,0.08397699892520905,9.684747695922852,0.08775000274181366,10.224775314331055,0.08285900205373764,9.471943855285645,0.08671899884939194,10.040569305419922,518556378,640193446.0
2022-05-21,0.08446300029754639,9.992506980895996,0.08511000126600266,10.049248695373535,0.0829320028424263,9.522651672363281,0.08397199958562851,9.684635162353516,335246011,423592840.0
2022-05-22,0.08610499650239944,10.186107635498047,0.08647999912500381,10.307510375976562,0.0840580016374588,9.897074699401855,0.08444800227880478,9.99172592163086,375026021,478292426.0
2022-05-23,0.08325300365686417,9.886960983276367,0.08810999989509583,10.703514099121094,0.08285800367593765,9.886960983276367,0.08608400076627731,10.181098937988281,507385171,865694286.0
2022-05-24,0.08363699913024902,10.181180000305176,0.08431699872016907,10.247550010681152,0.08081100136041641,9.615049362182617,0.08326700329780579,9.88709831237793,462415724,662049564.0
2022-05-25,0.08298499882221222,9.866581916809082,0.0843380019068718,10.312262535095215,0.0823189988732338,9.85363483428955,0.08362799882888794,10.180362701416016,419834752,575708120.0
2022-05-26,0.07825200259685516,9.181024551391602,0.0835999995470047,9.984594345092773,0.07606499642133713,8.906410217285156,0.0829939991235733,9.868945121765137,711890873,871673940.0
2022-05-27,0.08133500069379807,9.131902694702148,0.08538399636745453,9.912982940673828,0.07658199965953827,8.611330032348633,0.07821100205183029,9.17574691772461,1310057650,1254089101.0
2022-05-28,0.08183900266885757,9.666281700134277,0.08304800093173981,9.731382369995117,0.08115100115537643,9.018472671508789,0.08224800229072571,9.278752326965332,535539620,592729298.0
2022-05-29,0.08268599957227707,9.980676651000977,0.08303400129079819,9.990901947021484,0.0802989974617958,9.361499786376953,0.08183799684047699,9.664532661437988,394962471,575259942.0
2022-05-30,0.0878710001707077,10.454895973205566,0.0882750004529953,10.725053787231445,0.08226899802684784,9.930278778076172,0.0826840028166771,9.979769706726074,690696756,736851354.0
2022-05-31,0.08586499840021133,10.366196632385254,0.08822999894618988,10.62246036529541,0.08361200243234634,10.017511367797852,0.08786500245332718,10.45435619354248,672444588,666603022.0
2022-06-01,0.08105599880218506,9.47138500213623,0.08864700049161911,10.680344581604004,0.07980699837207794,9.343414306640625,0.08585499972105026,10.365609169006348,830748610,699424637.0
2022-06-02,0.08277200162410736,9.897680282592773,0.08300700038671494,10.019991874694824,0.08041699975728989,9.338068008422852,0.08105199784040451,9.468798637390137,434510607,506177410.0
2022-06-03,0.08044199645519257,9.376930236816406,0.08285699784755707,9.90098762512207,0.079755999147892,9.242090225219727,0.0827770009636879,9.898208618164062,403339248,414732607.0
2022-06-04,0.08177699893712997,9.43059253692627,0.08233699947595596,9.529032707214355,0.07972700148820877,9.172821998596191,0.08045399934053421,9.3787841796875,350329772,281076248.0
2022-06-05,0.08122900128364563,9.34499740600586,0.08213800191879272,9.538890838623047,0.08083599805831909,9.28165054321289,0.08177600055932999,9.431596755981445,282624184,236104496.0
2022-06-06,0.08252999931573868,9.492770195007324,0.08455900102853775,9.923117637634277,0.08112599700689316,9.340058326721191,0.08122500032186508,9.347747802734375,503707292,413763076.0
2022-06-07,0.08051300048828125,9.228157043457031,0.08252999931573868,9.495784759521484,0.07833199948072433,8.914118766784668,0.08252999931573868,9.494083404541016,509642725,446295667.0
2022-06-08,0.07943899929523468,9.003771781921387,0.08141999691724777,9.369206428527832,0.07915599644184113,8.942378997802734,0.08049199730157852,9.226099014282227,328046389,341420388.0
2022-06-09,0.0793360024690628,9.23209285736084,0.08089800179004669,9.43567943572998,0.07908199727535248,8.929593086242676,0.07943599671125412,9.004040718078613,274673852,377664094.0
2022-06-10,0.0754539966583252,8.652823448181152,0.07952100038528442,9.348003387451172,0.07480400055646896,8.629692077636719,0.07933499664068222,9.232707977294922,431520761,463759922.0
2022-06-11,0.06989499926567078,8.0161771774292,0.07639899849891663,8.83724594116211,0.0685959979891777,7.957009792327881,0.07547199726104736,8.65339183807373,497184012,453457201.0
2022-06-12,0.06433600187301636,7.450017929077148,0.07034499943256378,8.096111297607422,0.06386099755764008,7.450017929077148,0.06991899758577347,8.01622200012207,708156957,540721211.0
2022-06-13,0.05392099916934967,7.01019811630249,0.06570199877023697,7.445022106170654,0.053001999855041504,6.427669048309326,0.06427499651908875,7.441827774047852,1465281537,1019556301.0
2022-06-14,0.05559200048446655,7.365457057952881,0.05815400183200836,7.522482872009277,0.05026699975132942,6.7317938804626465,0.05394100025296211,7.010199069976807,908921329,825671035.0
2022-06-15,0.06300000101327896,8.510278701782227,0.06347200274467468,8.6143217086792,0.05067000165581703,6.863947868347168,0.05557699874043465,7.366781234741211,1122284662,1047848436.0
2022-06-16,0.0550290010869503,7.099977016448975,0.06297700107097626,8.529558181762695,0.05450800061225891,7.006138801574707,0.06297700107097626,8.510058403015137,724479688,656027695.0
2022-06-17,0.056995000690221786,7.294320106506348,0.05791100114583969,7.434043884277344,0.05489800125360489,7.062334060668945,0.05504700168967247,7.104175090789795,383830484,427132202.0
2022-06-18,0.053011998534202576,7.05811882019043,0.0577550008893013,7.397517204284668,0.049720000475645065,6.49373722076416,0.05697900056838989,7.292168140411377,652345943,573388413.0
2022-06-19,0.06039600074291229,7.516707897186279,0.06247200071811676,7.6006550788879395,0.05130799859762192,6.792972087860107,0.05300699919462204,7.055666923522949,1166163984,485916449.0
2022-06-20,0.060176998376846313,7.886880874633789,0.061156999319791794,8.007814407348633,0.05770700052380562,7.208020210266113,0.060398999601602554,7.5188188552856445,499018791,495307749.0
2022-06-21,0.06557100266218185,7.742199897766113,0.06932400166988373,8.240199089050293,0.05931499972939491,7.710966110229492,0.06017500162124634,7.8848748207092285,1051899538,430086919.0
2022-06-22,0.06171099841594696,7.408511161804199,0.06575100123882294,7.799500942230225,0.061388999223709106,7.378715991973877,0.0656059980392456,7.747150897979736,633619298,396873053.0
2022-06-23,0.06403200328350067,7.787092208862305,0.06461499631404877,7.794788837432861,0.06170300021767616,7.394391059875488,0.06170300021767616,7.410100936889648,434169751,414053779.0
2022-06-24,0.06712400168180466,8.205907821655273,0.06816200166940689,8.31084156036377,0.06400399655103683,7.741319179534912,0.06401900202035904,7.7864837646484375,514729444,478986341.0
2022-06-25,0.0685029998421669,8.1337308883667,0.06911200284957886,8.343668937683105,0.06538400053977966,7.815279006958008,0.06711000204086304,8.202811241149902,432671864,355679049.0
2022-06-26,0.07317700237035751,7.835564136505127,0.07696600258350372,8.459615707397461,0.06750400364398956,7.833862781524658,0.06848800182342529,8.131537437438965,883689355,386725611.0
2022-06-27,0.0722389966249466,7.744108200073242,0.0783889964222908,8.185613632202148,0.07101800292730331,7.743495941162109,0.07315400242805481,7.8358259201049805,962250061,363436649.0
2022-06-28,0.06595700234174728,7.310051918029785,0.07295099645853043,7.978525161743164,0.0657230019569397,7.280424118041992,0.07222100347280502,7.742589950561523,534793983,454633640.0
2022-06-29,0.06946799904108047,7.009116172790527,0.07133500277996063,7.423087120056152,0.06463500112295151,6.977881908416748,0.06599599868059158,7.310640811920166,592828738,562068690.0
2022-06-30,0.06608600169420242,7.039863109588623,0.0695130005478859,7.040419101715088,0.06274600327014923,6.662312030792236,0.0694810003042221,7.014479160308838,566648029,553377124.0
2022-07-01,0.06617499887943268,6.729926109313965,0.06786199659109116,7.204933166503906,0.0642239972949028,6.5816497802734375,0.06620799750089645,7.054670810699463,472441458,623803205.0
2022-07-02,0.06669799983501434,6.825884819030762,0.06769199669361115,6.893189907073975,0.065932996571064,6.648608207702637,0.06620500236749649,6.734045028686523,352589827,353342023.0
2022-07-03,0.06717900186777115,6.843846797943115,0.06735599786043167,6.962991237640381,0.06511099636554718,6.652778148651123,0.06669799983501434,6.825024127960205,280878240,282225615.0
2022-07-04,0.06947200000286102,7.173793792724609,0.06960500031709671,7.194104194641113,0.06592699885368347,6.683403968811035,0.06717400252819061,6.8446879386901855,379581122,414648616.0
2022-07-05,0.06715500354766846,6.8494181632995605,0.06984099745750427,7.19544792175293,0.06569699943065643,6.655978202819824,0.06943099945783615,7.168556213378906,403220687,617560339.0
2022-07-06,0.06858299672603607,6.9299798011779785,0.06905800104141235,6.992520809173584,0.06644800305366516,6.7275710105896,0.06717199832201004,6.8506951332092285,398926503,478051157.0
2022-07-07,0.07062099874019623,7.310357093811035,0.07112400233745575,7.327588081359863,0.0680529996752739,6.899003982543945,0.06857900321483612,6.930163860321045,402591742,495849189.0
2022-07-08,0.06925699859857559,7.071249961853027,0.07300899922847748,7.435816764831543,0.06854099780321121,6.968067169189453,0.07061800360679626,7.30925989151001,444369733,533020119.0
2022-07-09,0.06951200217008591,7.261516094207764,0.07000900059938431,7.3535637855529785,0.06899499893188477,7.060561180114746,0.06922399997711182,7.069156169891357,254272147,397589950.0
2022-07-10,0.06726299971342087,6.858699798583984,0.06950899958610535,7.261500835418701,0.06653299927711487,6.785855770111084,0.06950899958610535,7.261500835418701,299810124,418579710.0
2022-07-11,0.06184700131416321,6.536404132843018,0.0672679990530014,6.891271114349365,0.061535000801086426,6.527256011962891,0.0672679990530014,6.857269763946533,326125900,334860344.0
2022-07-12,0.06008699908852577,6.298569202423096,0.06286100298166275,6.614121913909912,0.06008699908852577,6.2956318855285645,0.06185099855065346,6.53653621673584,298462083,315259839.0
2022-07-13,0.06195300072431564,6.469764232635498,0.0620109997689724,6.5059919357299805,0.05839800089597702,6.094842910766602,0.0600849986076355,6.298768043518066,446505400,390364728.0
2022-07-14,0.062394000589847565,6.718585968017578,0.0626320019364357,6.746066093444824,0.059741001576185226,6.306611061096191,0.0619329996407032,6.469059944152832,348090510,336822812.0
2022-07-15,0.06304199993610382,6.805499076843262,0.06425900012254715,6.95396614074707,0.061746999621391296,6.664506912231445,0.06239999830722809,6.7188029289245605,374357844,348479784.0
2022-07-16,0.06428000330924988,7.175996780395508,0.06472499668598175,7.193378925323486,0.06187000125646591,6.5762481689453125,0.06303700059652328,6.8047709465026855,279644299,361139521.0
2022-07-17,0.06310699880123138,6.923593044281006,0.06539399921894073,7.311770915985107,0.06310100108385086,6.922561168670654,0.06428799778223038,7.178064823150635,249697026,311165509.0
2022-07-18,0.06771499663591385,7.684226989746094,0.0686739981174469,7.684226989746094,0.06311400234699249,6.922579765319824,0.06311400234699249,6.923659801483154,564795959,606829085.0
2022-07-19,0.06901299953460693,7.802577972412109,0.06989999860525131,7.9912428855896,0.06575199961662292,7.531222820281982,0.06768999993801117,7.67716121673584,552211168,835371258.0
2022-07-20,0.07011999934911728,7.464480876922607,0.07657399773597717,8.065683364868164,0.0679280012845993,7.408067226409912,0.06901499629020691,7.802506923675537,1019375521,707185779.0
2022-07-21,0.06995999813079834,7.529248237609863,0.0707319974899292,7.575039863586426,0.0672369971871376,7.208769798278809,0.07012400031089783,7.464845180511475,492434239,459368189.0
2022-07-22,0.067562997341156,7.309357166290283,0.07126999646425247,7.841454029083252,0.06700299680233002,7.2806878089904785,0.06996999680995941,7.529307842254639,479456105,494456039.0
2022-07-23,0.06812400370836258,7.331504821777344,0.06933200359344482,7.4779791831970215,0.06627699732780457,7.114515781402588,0.06753099709749222,7.3052978515625,427922351,377301985.0
2022-07-24,0.06772399693727493,7.413887023925781,0.06885399669408798,7.570953845977783,0.06758899986743927,7.325013160705566,0.06811600178480148,7.331384181976318,369141492,378461279.0
2022-07-25,0.0623060017824173,6.769231796264648,0.06787999719381332,7.425045967102051,0.0623060017824173,6.766797065734863,0.06771600246429443,7.4137701988220215,448572441,436907555.0
2022-07-26,0.06251200288534164,6.766584873199463,0.06251200288534164,6.773892879486084,0.06042499840259552,6.54750394821167,0.06231899932026863,6.770458221435547,416488015,405400043.0
2022-07-27,0.06702099740505219,7.666439056396484,0.06702099740505219,7.666439056396484,0.061886001378297806,6.662808895111084,0.06251399964094162,6.769440174102783,499204589,604025366.0
2022-07-28,0.06910800188779831,7.861245155334473,0.07057700306177139,8.03484058380127,0.065591000020504,7.509228229522705,0.06703100353479385,7.662187099456787,650983024,888303918.0
2022-07-29,0.06890899688005447,8.185586929321289,0.07200399786233902,8.403999328613281,0.06754899770021439,7.787205219268799,0.06910400092601776,7.858523845672607,696887711,836897631.0
2022-07-30,0.06964399665594101,8.208561897277832,0.07390999794006348,8.78199577331543,0.06818599998950958,8.181694030761719,0.06890500336885452,8.188569068908691,760571682,826438675.0
2022-07-31,0.06827200204133987,8.645670890808105,0.07202800363302231,9.187917709350586,0.06805399805307388,8.114802360534668,0.06964199990034103,8.209158897399902,521194035,980832901.0
2022-08-01,0.06872499734163284,8.194031715393066,0.07072100043296814,8.942521095275879,0.06718699634075165,8.077181816101074,0.06826599687337875,8.645280838012695,444088167,652869187.0
2022-08-02,0.0666939988732338,7.938991069793701,0.06889600306749344,8.253496170043945,0.06580899655818939,7.704779148101807,0.06870800256729126,8.194143295288086,336642237,620430497.0
2022-08-03,0.06619500368833542,8.00753116607666,0.06831999868154526,8.40617847442627,0.06551600247621536,7.71640682220459,0.06669200211763382,7.938897132873535,286819387,505613974.0
2022-08-04,0.06735700368881226,8.089339256286621,0.06750199943780899,8.256383895874023,0.06600700318813324,7.907597064971924,0.0661970004439354,8.006426811218262,256457805,403709111.0
2022-08-05,0.06976500153541565,8.813465118408203,0.07011699676513672,8.814355850219727,0.06725600361824036,8.079303741455078,0.06733299791812897,8.086933135986328,336216727,517996242.0
2022-08-06,0.0686739981174469,8.516014099121094,0.07099899649620056,8.859240531921387,0.06858599931001663,8.50927734375,0.06976599991321564,8.812334060668945,277979112,388196556.0
2022-08-07,0.06893999874591827,8.646408081054688,0.06989900022745132,8.860275268554688,0.06774699687957764,8.386148452758789,0.06866899877786636,8.517563819885254,204862521,343345306.0
2022-08-08,0.07005500048398972,9.268288612365723,0.07205799967050552,9.357250213623047,0.0689229965209961,8.647024154663086,0.0689459964632988,8.647198677062988,399183407,716347082.0
2022-08-09,0.06912499666213989,8.906953811645508,0.07388599961996078,9.409797668457031,0.06846199929714203,8.70015811920166,0.07006099820137024,9.269521713256836,611327142,672012621.0
2022-08-10,0.07119499891996384,9.502070426940918,0.07130900025367737,9.61666488647461,0.06738899648189545,8.573481559753418,0.06911899894475937,8.90680980682373,431172729,826401352.0
2022-08-11,0.07092999666929245,9.208972930908203,0.0746460035443306,9.623738288879395,0.07072699815034866,9.152724266052246,0.07120499759912491,9.503616333007812,563908591,679395824.0
2022-08-12,0.07234500348567963,9.479537010192871,0.07248000055551529,9.485034942626953,0.07002700120210648,9.072096824645996,0.07093100249767303,9.208537101745605,320410367,544819917.0
2022-08-13,0.07283999770879745,9.290427207946777,0.07485999912023544,9.656562805175781,0.0719510018825531,9.268205642700195,0.07234399765729904,9.47883129119873,446287445,359798888.0
2022-08-14,0.08168700337409973,8.958501815795898,0.08401300013065338,9.5442533493042,0.07275400310754776,8.86711311340332,0.07285600155591965,9.292052268981934,1530403447,553281526.0
2022-08-15,0.07671999931335449,8.80242919921875,0.08182000368833542,9.369622230529785,0.0751509964466095,8.653827667236328,0.08169800043106079,8.95942211151123,855017472,515446124.0
2022-08-16,0.08696399629116058,8.842569351196289,0.08863899856805801,8.89738941192627,0.07639399915933609,8.65876293182373,0.07669500261545181,8.796706199645996,1947377918,386335442.0
2022-08-17,0.08015400171279907,8.359841346740723,0.08811300247907639,9.150632858276367,0.079926997423172,8.348932266235352,0.08693300187587738,8.842143058776855,996272861,466651848.0
2022-08-18,0.07507900148630142,8.09457015991211,0.08208700269460678,8.557719230651855,0.07498899847269058,8.093748092651367,0.08017399907112122,8.363876342773438,621394159,348830388.0
2022-08-19,0.06793899834156036,7.325466156005859,0.07518299669027328,8.092451095581055,0.06753599643707275,7.269280910491943,0.07504499703645706,8.092451095581055,965543533,529309050.0
2022-08-20,0.06954000145196915,7.233099937438965,0.07096099853515625,7.506272792816162,0.0678969994187355,7.067327976226807,0.0678969994187355,7.323882102966309,537299425,363061870.0
2022-08-21,0.06944800168275833,7.438866138458252,0.0706460028886795,7.52101993560791,0.06784699857234955,7.185116767883301,0.06952899694442749,7.23126220703125,421455865,259531293.0
2022-08-22,0.06839100271463394,7.401978969573975,0.0694890022277832,7.438793182373047,0.0656059980392456,7.021999835968018,0.06944099813699722,7.437511920928955,453413439,321523178.0
2022-08-23,0.06876999884843826,7.638373851776123,0.06916899979114532,7.696846961975098,0.06721299886703491,7.204673767089844,0.06839500367641449,7.403388977050781,335476543,357178869.0
2022-08-24,0.06798999756574631,7.572387218475342,0.06941500306129456,7.731334209442139,0.06729800254106522,7.441400051116943,0.06877099722623825,7.638256072998047,345474347,301128081.0
2022-08-25,0.06909400224685669,7.587152004241943,0.07157900184392929,7.743137836456299,0.06795699894428253,7.48659610748291,0.06799100339412689,7.572805881500244,469798193,260711829.0
2022-08-26,0.063571996986866,6.9239630699157715,0.06929600238800049,7.651368141174316,0.06325399875640869,6.891870975494385,0.06908199936151505,7.585890769958496,620512451,409439777.0
2022-08-27,0.0635870024561882,7.048661231994629,0.06406500190496445,7.086032867431641,0.06260699778795242,6.835765838623047,0.06357099860906601,6.923879146575928,380887727,309589522.0
2022-08-28,0.061785999685525894,6.84318208694458,0.06426800042390823,7.143631935119629,0.061785999685525894,6.839034080505371,0.06355799734592438,7.049158096313477,295086067,232920698.0
2022-08-29,0.06388700008392334,7.28245210647583,0.06398200243711472,7.2932257652282715,0.06124600023031235,6.830665111541748,0.06175300106406212,6.844579219818115,315005254,311493145.0
2022-08-30,0.061524998396635056,7.0034308433532715,0.06440799683332443,7.364431858062744,0.06055000051856041,6.91701602935791,0.06389900296926498,7.281805038452148,328934727,292180056.0
2022-08-31,0.061330001801252365,7.026895046234131,0.06333299726247787,7.270737171173096,0.06105799973011017,6.996686935424805,0.06153399869799614,7.003114223480225,309748693,271811037.0
2022-09-01,0.06237199902534485,7.186677932739258,0.06247900053858757,7.192378044128418,0.060194000601768494,6.892535209655762,0.06133599951863289,7.027040958404541,328765413,293892711.0
2022-09-02,0.06163499876856804,7.302052021026611,0.06271199882030487,7.553120136260986,0.0609470009803772,7.130746841430664,0.06237199902534485,7.185596942901611,273453013,384235184.0
2022-09-03,0.0626939982175827,7.285171031951904,0.06360100209712982,7.30385684967041,0.061344001442193985,7.204555034637451,0.061629001051187515,7.301692008972168,297123402,228794553.0
2022-09-04,0.06322599947452545,7.3704328536987305,0.06371399760246277,7.376706123352051,0.06206599995493889,7.181835174560547,0.06269700080156326,7.285097122192383,250044436,251349147.0
2022-09-05,0.06273800134658813,7.364227771759033,0.06363999843597412,7.613335132598877,0.06129699945449829,7.281772136688232,0.063230000436306,7.372006893157959,231918999,348385498.0
2022-09-06,0.05898300185799599,6.879021167755127,0.06464199721813202,7.678825855255127,0.05865199863910675,6.872006893157959,0.06274999678134918,7.366550922393799,471485708,452512755.0
2022-09-07,0.061103999614715576,7.198486804962158,0.06145000085234642,7.283837795257568,0.05794399976730347,6.794155120849609,0.05896399915218353,6.877565860748291,324781387,352829091.0
2022-09-08,0.06097700074315071,7.390428066253662,0.06129299849271774,7.440145015716553,0.05992300063371658,7.0823798179626465,0.06108900159597397,7.197872161865234,268099702,371232846.0
2022-09-09,0.06401800364255905,7.770864963531494,0.06462199985980988,7.917491912841797,0.060933999717235565,7.375017166137695,0.06097399815917015,7.389877796173096,487988732,495582524.0
2022-09-10,0.06477600336074829,7.78572416305542,0.0652410015463829,7.858920097351074,0.06340400129556656,7.620790958404541,0.06400900334119797,7.767571926116943,413101249,312935484.0
2022-09-11,0.06371399760246277,7.698151111602783,0.0651869997382164,7.854189872741699,0.06300999969244003,7.588059902191162,0.06477099657058716,7.784695148468018,327741964,275936800.0
2022-09-12,0.06390500068664551,7.6618452072143555,0.06519400328397751,8.033982276916504,0.06287799775600433,7.5873308181762695,0.06371500343084335,7.698387145996094,383630739,479107652.0
2022-09-13,0.06012900173664093,7.134012222290039,0.06398099660873413,7.918828964233398,0.05952399969100952,7.050817966461182,0.06390299648046494,7.662024021148682,461644993,478905956.0
2022-09-14,0.06117299944162369,7.20316219329834,0.06142500042915344,7.283329010009766,0.05954200029373169,7.050817966461182,0.059716999530792236,7.075026035308838,369554274,318044357.0
2022-09-15,0.05879100039601326,6.926549911499023,0.0612110011279583,7.219176769256592,0.05878499895334244,6.893924236297607,0.06116800010204315,7.203431129455566,327176374,372919866.0
2022-09-16,0.060423001646995544,6.896842956542969,0.060423001646995544,6.968989849090576,0.05845300108194351,6.737572193145752,0.05879199877381325,6.9269490242004395,247011315,303068671.0
2022-09-17,0.062210001051425934,7.063626766204834,0.06231499835848808,7.1521501541137695,0.06032999977469444,6.898562908172607,0.060430001467466354,6.898562908172607,209604119,211894290.0
2022-09-18,0.05751999840140343,6.4452362060546875,0.062210001051425934,7.063504219055176,0.05723800137639046,6.432054042816162,0.062210001051425934,7.063504219055176,265405124,319664458.0
2022-09-19,0.058612000197172165,6.396911144256592,0.058743998408317566,6.552577018737793,0.05618000030517578,6.131124019622803,0.05751900002360344,6.443224906921387,301268389,408868281.0
2022-09-20,0.058416999876499176,6.280214786529541,0.06026199832558632,6.407337188720703,0.05773799866437912,6.202974796295166,0.058612000197172165,6.395543098449707,294929293,275237081.0
2022-09-21,0.05740400031208992,6.155726909637451,0.060478001832962036,6.550368785858154,0.05637799948453903,5.998857021331787,0.05842300131917,6.280350208282471,406017754,412208152.0
2022-09-22,0.059599000960588455,6.4477949142456055,0.05983800068497658,6.507036209106445,0.05694499984383583,6.099419116973877,0.05738599970936775,6.153720855712891,241738855,268433529.0
2022-09-23,0.06333599984645844,6.438068866729736,0.06403200328350067,6.620916843414307,0.05956500023603439,6.226800918579102,0.05959299951791763,6.4478349685668945,704823247,353107767.0
2022-09-24,0.06323400139808655,6.278332233428955,0.06797300279140472,6.497289180755615,0.06302899867296219,6.2524518966674805,0.06333299726247787,6.437251091003418,969527521,209263165.0
2022-09-25,0.06115199998021126,6.201147079467773,0.06367900222539902,6.355990886688232,0.06045699864625931,6.116940021514893,0.06322299689054489,6.277955055236816,367453955,194186485.0
2022-09-26,0.06108900159597397,6.550901889801025,0.06179700046777725,6.5590620040893555,0.060051001608371735,6.18363618850708,0.061167001724243164,6.202959060668945,323710024,390906165.0
2022-09-27,0.06060900166630745,6.384195804595947,0.06293100118637085,6.785360813140869,0.05992700159549713,6.2672600746154785,0.061083998531103134,6.550940036773682,337427597,342136251.0
2022-09-28,0.06062300130724907,6.393946170806885,0.06103900074958801,6.457777976989746,0.058754000812768936,6.193653106689453,0.060596998780965805,6.379978179931641,277399298,276375830.0
2022-09-29,0.06072799861431122,6.432816028594971,0.06103599816560745,6.4709930419921875,0.05942299962043762,6.282769203186035,0.06062399968504906,6.394321918487549,229157795,287031349.0
2022-09-30,0.06165299937129021,6.315189838409424,0.06204000115394592,6.553217887878418,0.05995799973607063,6.231716156005859,0.06073800101876259,6.433283805847168,369084722,325171014.0
2022-10-01,0.06062699854373932,6.272256851196289,0.06280600279569626,6.331173896789551,0.06040000170469284,6.234588146209717,0.061650000512599945,6.314994812011719,347895211,177864861.0
2022-10-02,0.05928799882531166,6.163300037384033,0.0609080009162426,6.3241868019104,0.05912800133228302,6.156941890716553,0.060628000646829605,6.27236795425415,198168354,200153796.0
2022-10-03,0.06038400158286095,6.379696846008301,0.06046700105071068,6.394762992858887,0.059078000485897064,6.121274948120117,0.05928700044751167,6.163053035736084,195766522,230762899.0
2022-10-04,0.06596200168132782,6.494706153869629,0.06625200062990189,6.525435924530029,0.060040999203920364,6.351038932800293,0.060380998998880386,6.378765106201172,826424315,201625888.0
2022-10-05,0.06473500281572342,6.435239791870117,0.06646499782800674,6.502151012420654,0.0629969984292984,6.290143966674805,0.06593800336122513,6.494809150695801,606625264,192321491.0
2022-10-06,0.06344400346279144,6.337180137634277,0.06661800295114517,6.514514923095703,0.06322299689054489,6.326623916625977,0.06474000215530396,6.43480110168457,387962671,203714376.0
2022-10-07,0.06240899860858917,6.331758975982666,0.06371700018644333,6.384946823120117,0.061569999903440475,6.271275997161865,0.06344900280237198,6.337649822235107,299717356,175682476.0
2022-10-08,0.061677999794483185,6.307404041290283,0.06257600337266922,6.386474132537842,0.06138100102543831,6.277173042297363,0.06241400167346001,6.331827163696289,169254316,125045671.0
2022-10-09,0.06215599924325943,6.475232124328613,0.062341999262571335,6.4883270263671875,0.061292000114917755,6.2905778884887695,0.06167199835181236,6.307794094085693,158280272,158042992.0
2022-10-10,0.05951299890875816,6.2617621421813965,0.0624690018594265,6.535160064697266,0.05951299890875816,6.259509086608887,0.062150999903678894,6.475750923156738,254559947,195297282.0
2022-10-11,0.06025800108909607,6.179375171661377,0.06065300107002258,6.260621070861816,0.0578869991004467,6.1512579917907715,0.05950799956917763,6.259843826293945,295967661,177284451.0
2022-10-12,0.059881001710891724,6.176181793212891,0.06086599826812744,6.236169815063477,0.059539999812841415,6.146938800811768,0.06025899946689606,6.179519176483154,199133108,141021054.0
2022-10-13,0.05967399850487709,6.116868019104004,0.060159001499414444,6.177735805511475,0.055741000920534134,5.72909688949585,0.05987099930644035,6.1763691902160645,466439562,341437050.0
2022-10-14,0.058642998337745667,6.044194221496582,0.06094300001859665,6.25717306137085,0.05831500142812729,6.020500183105469,0.05966600030660629,6.116489887237549,242691429,196246835.0
2022-10-15,0.05857999995350838,6.052940845489502,0.05956700071692467,6.093696117401123,0.058145999908447266,6.037717819213867,0.05863799899816513,6.043889045715332,182208164,122905460.0
2022-10-16,0.05891399830579758,6.18602991104126,0.059415001422166824,6.2383341789245605,0.05858299881219864,6.052292823791504,0.05858299881219864,6.052617073059082,162246280,148292090.0
2022-10-17,0.05993499979376793,6.2531352043151855,0.06005699932575226,6.273478031158447,0.0586250014603138,6.137007236480713,0.05891299992799759,6.185454845428467,174261450,174751363.0
2022-10-18,0.059776000678539276,6.15846586227417,0.06077300012111664,6.288603782653809,0.05875200033187866,6.087181091308594,0.05993499979376793,6.252985000610352,239236218,194319444.0
2022-10-19,0.058713000267744064,6.106726169586182,0.060679998248815536,6.249389171600342,0.05862800031900406,6.081790924072266,0.05977899953722954,6.158911228179932,287297160,202730656.0
2022-10-20,0.05953599885106087,5.885611057281494,0.06023700162768364,6.145793914794922,0.058449000120162964,5.850580215454102,0.05871099978685379,6.106975078582764,241388629,217674629.0
2022-10-21,0.05933399870991707,5.834850788116455,0.059526000171899796,5.892202854156494,0.05741799995303154,5.766143798828125,0.059526000171899796,5.885498046875,224787600,304088078.0
2022-10-22,0.05969399958848953,5.848344802856445,0.059845998883247375,5.867849826812744,0.0591839998960495,5.782293796539307,0.05933700129389763,5.835468769073486,159431212,205719115.0
2022-10-23,0.060346998274326324,5.960238933563232,0.06037899851799011,5.968046188354492,0.05892699956893921,5.776710033416748,0.059682998806238174,5.847780227661133,182523575,201490510.0
2022-10-24,0.059505999088287354,5.915407180786133,0.06081400066614151,5.984655857086182,0.0588579997420311,5.817637920379639,0.0603410005569458,5.959107875823975,226574582,221737506.0
2022-10-25,0.06288199871778488,6.447359085083008,0.06404899805784225,6.6007771492004395,0.059227000921964645,5.906416893005371,0.059502001851797104,5.915225982666016,475512798,390471972.0
2022-10-26,0.07280000299215317,6.465909957885742,0.07327400147914886,6.589079856872559,0.06276000291109085,6.43519401550293,0.06285600364208221,6.444806098937988,1357027720,302576415.0
2022-10-27,0.07701800018548965,6.336136817932129,0.08482500165700912,6.630463123321533,0.07203300297260284,6.302475929260254,0.07279899716377258,6.465974807739258,2652784687,311356226.0
2022-10-28,0.08389700204133987,6.521455764770508,0.08790100365877151,6.573440074920654,0.0729300007224083,6.292912006378174,0.07702799886465073,6.335812091827393,3172500998,271165868.0
2022-10-29,0.12160299718379974,6.63375997543335,0.1493919938802719,6.746541976928711,0.08338700234889984,6.5084547996521,0.08393300324678421,6.521212100982666,12157642295,327551430.0
2022-10-30,0.11780200153589249,6.652472972869873,0.1416569948196411,6.733121871948242,0.11289200186729431,6.532351970672607,0.12164399772882462,6.635000228881836,7908593943,252319816.0
2022-10-31,0.1270260065793991,6.630904197692871,0.13024500012397766,6.81748104095459,0.11507599800825119,6.58946418762207,0.11775200068950653,6.650681018829346,5814247122,367436042.0
2022-11-01,0.1425749957561493,6.473106861114502,0.15720300376415253,6.70527982711792,0.12517699599266052,6.469902038574219,0.12698499858379364,6.630858898162842,7877293443,242123432.0
2022-11-02,0.12782999873161316,6.244958877563477,0.14739100635051727,6.5099711418151855,0.12406700104475021,6.185393810272217,0.14252400398254395,6.4721760749816895,4675647398,368792454.0
2022-11-03,0.1225920021533966,6.425295829772949,0.1359899938106537,6.517474174499512,0.12141100317239761,6.2377190589904785,0.12780100107192993,6.246005058288574,2570574344,320230792.0
2022-11-04,0.12627999484539032,7.064493179321289,0.12859900295734406,7.08774995803833,0.11644499748945236,6.3975138664245605,0.12255500257015228,6.424050807952881,2957002544,553955690.0
2022-11-05,0.12438800185918808,7.019451141357422,0.13514499366283417,7.230443000793457,0.1233920007944107,6.969273090362549,0.12627899646759033,7.063234806060791,1907421740,426243616.0
2022-11-06,0.11460600048303604,6.820865154266357,0.12670199573040009,7.1377692222595215,0.11363399773836136,6.813940048217773,0.12438199669122696,7.021434783935547,1316810628,312794212.0
2022-11-07,0.11129900068044662,7.121714115142822,0.1185770034790039,7.397124767303467,0.10881400108337402,6.675329208374023,0.11462599784135818,6.820431232452393,1337977256,472779499.0
2022-11-08,0.08840999752283096,6.294655799865723,0.11229600012302399,7.184002876281738,0.08065400272607803,5.949810981750488,0.1112779974937439,7.120872974395752,3545838435,881542154.0
2022-11-09,0.07428800314664841,5.413379192352295,0.09109599888324738,6.366438865661621,0.07210899889469147,5.368237018585205,0.08840499818325043,6.297725200653076,2807794508,798754406.0
2022-11-10,0.0897890031337738,5.959506988525391,0.09325599670410156,6.154579162597656,0.07373499870300293,5.358694076538086,0.0742959976196289,5.414488792419434,2421832556,584532548.0
2022-11-11,0.08488500118255615,5.750708103179932,0.09186500310897827,5.982338905334473,0.08139699697494507,5.53661584854126,0.08977899700403214,5.959342002868652,1305192050,387393194.0
2022-11-12,0.08803900331258774,5.7687530517578125,0.09399399906396866,5.861351013183594,0.07930000126361847,5.575565814971924,0.08490899950265884,5.750805854797363,1842469589,214653294.0
2022-11-13,0.08489300310611725,5.75324821472168,0.09113699942827225,5.947144031524658,0.0838100016117096,5.65949821472168,0.08805300295352936,5.7692461013793945,949584216,230970901.0
2022-11-14,0.08587899804115295,5.853860855102539,0.09077399969100952,5.878747940063477,0.08010099828243256,5.479372024536133,0.08492600172758102,5.752806186676025,1212678659,268170466.0
2022-11-15,0.08697099983692169,5.918388843536377,0.088919997215271,6.032223224639893,0.08535999804735184,5.814581871032715,0.08587899804115295,5.854674816131592,640084422,162915088.0
2022-11-16,0.08558300137519836,5.71419095993042,0.090658999979496,5.983871936798096,0.08398599922657013,5.639423847198486,0.08696399629116058,5.918472766876221,712826081,170493582.0
2022-11-17,0.0847650021314621,5.670608997344971,0.08695399761199951,5.715310096740723,0.08317799866199493,5.591358184814453,0.08559399843215942,5.714463233947754,461654197,147312094.0
2022-11-18,0.0846719965338707,5.643681049346924,0.0865039974451065,5.762965202331543,0.08380500227212906,5.616490840911865,0.08476399630308151,5.671298027038574,337485766,131006837.0
2022-11-19,0.08458100259304047,5.6020379066467285,0.0849049985408783,5.650406837463379,0.08338700234889984,5.5398712158203125,0.0846719965338707,5.642881870269775,246661551,105805687.0
2022-11-20,0.07717400044202805,5.290356159210205,0.08568199723958969,5.642075061798096,0.07704299688339233,5.27138614654541,0.08458200097084045,5.601650238037109,499031478,178416936.0
2022-11-21,0.07471100240945816,5.189894199371338,0.07718800008296967,5.2920122146606445,0.07240399718284607,5.0975470542907715,0.07717499881982803,5.290830135345459,660061266,254127689.0
2022-11-22,0.07848799973726273,5.273522853851318,0.07896299660205841,5.308518886566162,0.07340700179338455,5.010846138000488,0.0747079998254776,5.188230991363525,556392479,256700623.0
2022-11-23,0.08178599923849106,5.4333977699279785,0.08312799781560898,5.468867778778076,0.07796599715948105,5.25800895690918,0.07850000262260437,5.274549961090088,529744394,225665002.0
2022-11-24,0.08148100227117538,5.3918681144714355,0.08366599678993225,5.508926868438721,0.08075899630784988,5.348186016082764,0.08179199695587158,5.434514999389648,360326829,199686855.0
2022-11-25,0.08947499841451645,5.269090175628662,0.09098999947309494,5.3899431228637695,0.08093699812889099,5.262621879577637,0.08146899938583374,5.3899431228637695,1022484210,143726354.0
2022-11-26,0.08898799866437912,5.302000999450684,0.09474000334739685,5.440658092498779,0.08839099854230881,5.254991054534912,0.08946499973535538,5.269083023071289,902063657,147759468.0
2022-11-27,0.0987119972705841,5.298929214477539,0.10643299669027328,5.42775297164917,0.08897899836301804,5.289426803588867,0.08897899836301804,5.301826000213623,1965264746,124381210.0
2022-11-28,0.09512200206518173,5.134754180908203,0.09932699799537659,5.3101420402526855,0.09144899994134903,5.077873229980469,0.09867600351572037,5.2984700202941895,1375600313,201131727.0
2022-11-29,0.10185299813747406,5.30893087387085,0.10471200197935104,5.337590217590332,0.09401900321245193,5.110074996948242,0.09513100236654282,5.134875774383545,1352427444,184202630.0
2022-11-30,0.10685999691486359,5.472571849822998,0.10894200205802917,5.490099906921387,0.1003040000796318,5.308945178985596,0.10182700306177139,5.308945178985596,1388624554,212215889.0
2022-12-01,0.10158400237560272,5.402163982391357,0.10738100111484528,5.47261381149292,0.10107100009918213,5.337617874145508,0.10685700178146362,5.47261381149292,891639200,165178263.0
2022-12-02,0.10214799642562866,5.629522800445557,0.10326000303030014,5.674444198608398,0.09763900190591812,5.387241840362549,0.1015940010547638,5.402873992919922,776013992,260737226.0
2022-12-03,0.09982399642467499,5.501038074493408,0.10282299667596817,5.680755138397217,0.09865099936723709,5.495598793029785,0.10215000063180923,5.628223896026611,632114946,195742543.0
2022-12-04,0.10428600013256073,5.595656871795654,0.10526400059461594,5.601613998413086,0.09980600327253342,5.499900817871094,0.09981100261211395,5.500418186187744,759219556,139696773.0
2022-12-05,0.10147400200366974,5.488790035247803,0.11101199686527252,5.725460052490234,0.10006300359964371,5.461103916168213,0.10425200313329697,5.594819068908691,1051327257,175652999.0
2022-12-06,0.10027799755334854,5.503151893615723,0.10262700170278549,5.5090508460998535,0.09850800037384033,5.439513206481934,0.10147999972105026,5.488595962524414,534648134,141564388.0
2022-12-07,0.09578300267457962,5.299137115478516,0.10095000267028809,5.509862899780273,0.09501700103282928,5.253925800323486,0.1002810001373291,5.502283096313477,622336382,215316289.0
2022-12-08,0.09854000061750412,5.430400848388672,0.09887400269508362,5.454000949859619,0.09536699950695038,5.273019790649414,0.0957849994301796,5.29931116104126,492909327,168772012.0
2022-12-09,0.0966619998216629,5.294414043426514,0.09908600151538849,5.4327569007873535,0.09600099921226501,5.274187088012695,0.09853799641132355,5.430379867553711,423432535,142580891.0
2022-12-10,0.09645699709653854,5.273628234863281,0.09735599905252457,5.31931209564209,0.0962579995393753,5.2686052322387695,0.09666299819946289,5.2950592041015625,242190274,97062172.0
2022-12-11,0.09287499636411667,5.167613983154297,0.09709300100803375,5.315065860748291,0.09266799688339233,5.157429218292236,0.09646400064229965,5.273873805999756,300470314,123645009.0
2022-12-12,0.09025800228118896,5.169508934020996,0.09300500154495239,5.193302154541016,0.08728799968957901,5.059060096740723,0.0928720012307167,5.1678972244262695,749817261,188383975.0
2022-12-13,0.09093999862670898,5.2769551277160645,0.09437999874353409,5.32987117767334,0.08771800249814987,5.014273166656494,0.0902549996972084,5.169730186462402,766352149,246802228.0
2022-12-14,0.08851400017738342,5.2152099609375,0.09223999828100204,5.348690032958984,0.0882439985871315,5.189598083496094,0.09095799922943115,5.276790142059326,549320298,225853985.0
2022-12-15,0.08472199738025665,5.22664213180542,0.08876200020313263,5.244437217712402,0.08441899716854095,5.132726192474365,0.0885080024600029,5.215489864349365,412364377,172309526.0
2022-12-16,0.07594200223684311,4.655857086181641,0.08673100173473358,5.24382209777832,0.07538799941539764,4.6154022216796875,0.08472199738025665,5.226772785186768,699338853,259854945.0
2022-12-17,0.0792670026421547,4.710334777832031,0.0793749988079071,4.714117050170898,0.07589299976825714,4.597184181213379,0.07594399899244308,4.655324935913086,495547979,184368884.0
2022-12-18,0.07864099740982056,4.663687229156494,0.079865001142025,4.711057186126709,0.07791999727487564,4.632286071777344,0.07926200330257416,4.710282802581787,256971055,81366848.0
2022-12-19,0.07142899930477142,4.47675895690918,0.07934200018644333,4.701517105102539,0.07091300189495087,4.437100887298584,0.07864800095558167,4.663804054260254,581773249,170487500.0
2022-12-20,0.07493499666452408,4.611708164215088,0.07524699717760086,4.644103050231934,0.07142200320959091,4.470351219177246,0.07144200056791306,4.477685928344727,438099132,136221750.0
2022-12-21,0.07367900013923645,4.480146884918213,0.0749640017747879,4.613985061645508,0.07201000303030014,4.452660083770752,0.07493200153112411,4.611454010009766,349830700,124008107.0
2022-12-22,0.07696700096130371,4.527610778808594,0.07736200094223022,4.527610778808594,0.07339099794626236,4.381284236907959,0.07367800176143646,4.480755805969238,593083646,130622648.0
2022-12-23,0.07712899893522263,4.47208309173584,0.0786380022764206,4.542692184448242,0.07674200087785721,4.465248107910156,0.07696100324392319,4.527463912963867,398842519,120863259.0
2022-12-24,0.07764799892902374,4.453764915466309,0.07797600328922272,4.487569808959961,0.07681799679994583,4.4385881423950195,0.07712800055742264,4.472170829772949,165055617,49798355.0
2022-12-25,0.07595200091600418,4.493043899536133,0.0776439979672432,4.493043899536133,0.07422900199890137,4.4061808586120605,0.07763200253248215,4.453722953796387,423876257,87988205.0
2022-12-26,0.07578299939632416,4.572048187255859,0.07636100053787231,4.572926998138428,0.07477200031280518,4.470311164855957,0.07596500217914581,4.49350118637085,248935710,104281742.0
2022-12-27,0.07372400164604187,4.480312824249268,0.07602199912071228,4.577006816864014,0.0731310024857521,4.472639083862305,0.07576300203800201,4.571990013122559,290428818,123898109.0
2022-12-28,0.07038100063800812,4.282458782196045,0.07382100075483322,4.4807448387146,0.07005199790000916,4.258874893188477,0.07372699677944183,4.480050086975098,496350491,187917784.0
2022-12-29,0.071042001247406,4.310527801513672,0.07130199670791626,4.348923206329346,0.06977099925279617,4.2392120361328125,0.07038000226020813,4.2826008796691895,285144119,111444526.0
2022-12-30,0.06840399652719498,4.3234758377075195,0.07130800187587738,4.335296154022217,0.06695300340652466,4.246063232421875,0.07103200256824493,4.310326099395752,419889739,97767447.0
2022-12-31,0.07029400020837784,4.314823150634766,0.07110899686813354,4.38981294631958,0.06816200166940689,4.309145927429199,0.0683939978480339,4.323922157287598,289371049,80874550.0
2023-01-01,0.07022500038146973,4.370816230773926,0.0706849992275238,4.382290840148926,0.06928899884223938,4.284706115722656,0.07028699666261673,4.313239097595215,185279750,86051504.0
2023-01-02,0.0714540034532547,4.489374160766602,0.0724790021777153,4.522180080413818,0.06935799866914749,4.329960823059082,0.07022500038146973,4.370789051055908,405800240,123129359.0
2023-01-03,0.0704680010676384,4.524363994598389,0.07219699770212173,4.5398688316345215,0.06977400183677673,4.477426052093506,0.07145600020885468,4.489439964294434,283398864,100206298.0
2023-01-04,0.07323700189590454,4.630190849304199,0.07325000315904617,4.677799224853516,0.07030999660491943,4.523980140686035,0.0704680010676384,4.524334907531738,343264145,134185735.0
2023-01-05,0.07154999673366547,4.617661952972412,0.0750269964337349,4.643754959106445,0.0714000016450882,4.555349826812744,0.07323300093412399,4.629891872406006,424927580,115007119.0
2023-01-06,0.07247000187635422,4.686106204986572,0.07257000356912613,4.699047088623047,0.0703440010547638,4.561759948730469,0.0715550035238266,4.6176347732543945,306914647,125537028.0
2023-01-07,0.07222200185060501,4.665955066680908,0.072843998670578,4.7020111083984375,0.07187599688768387,4.644496917724609,0.07246900349855423,4.686261177062988,173703551,69639293.0
2023-01-08,0.07360100001096725,4.801004886627197,0.07361199706792831,4.802947044372559,0.07154600322246552,4.614364147186279,0.07220999896526337,4.665561199188232,246133445,107178827.0
2023-01-09,0.07578399777412415,4.894874095916748,0.07921099662780762,5.062742233276367,0.07325799763202667,4.803516864776611,0.07359199970960617,4.803516864776611,853703837,249231173.0
2023-01-10,0.0777290016412735,4.918806076049805,0.07773099839687347,4.964311122894287,0.07468999922275543,4.846919059753418,0.07576899975538254,4.894225120544434,492952309,132716232.0
2023-01-11,0.07815299928188324,5.129979133605957,0.07818099856376648,5.129979133605957,0.07517799735069275,4.838012218475342,0.07773400098085403,4.9187140464782715,394318759,153231216.0
2023-01-12,0.08028600364923477,5.229477882385254,0.08071699738502502,5.2485880851745605,0.07698799669742584,5.035909175872803,0.07921399921178818,5.163208961486816,706796194,215518083.0
2023-01-13,0.08443800359964371,5.401745796203613,0.08491600304841995,5.414657115936279,0.07918400317430496,5.177680969238281,0.0802839994430542,5.230833053588867,575039277,183856813.0
2023-01-14,0.08732300251722336,6.024649143218994,0.09187000244855881,6.377741813659668,0.08436200022697449,5.4003472328186035,0.0844390019774437,5.401125907897949,1101070507,643130105.0
2023-01-15,0.08613099902868271,5.928098201751709,0.08768600225448608,6.0534210205078125,0.08313000202178955,5.7962470054626465,0.08733399957418442,6.02629280090332,501123418,291009428.0
2023-01-16,0.08363600075244904,5.810772895812988,0.08790399879217148,6.076206207275391,0.08230800181627274,5.657999038696289,0.08612699806690216,5.928088188171387,537067710,305874665.0
2023-01-17,0.08298200368881226,5.95620584487915,0.08472000062465668,6.174070835113525,0.08275599777698517,5.74049711227417,0.08365199714899063,5.811995029449463,366437449,347150007.0
2023-01-18,0.0801910012960434,5.648100852966309,0.08945800364017487,6.190423965454102,0.08017399907112122,5.626401901245117,0.08297800272703171,5.956489086151123,1094371447,393198940.0
2023-01-19,0.08166000247001648,5.805564880371094,0.08205199986696243,5.832261085510254,0.08013200014829636,5.647436141967773,0.08017099648714066,5.647436141967773,337970684,172654288.0
2023-01-20,0.0864029973745346,6.255242824554443,0.08675999939441681,6.272130012512207,0.08076699823141098,5.764325141906738,0.08164899796247482,5.8056440353393555,444441989,228801196.0
2023-01-21,0.0847650021314621,6.249409198760986,0.08870600163936615,6.439438819885254,0.08476100116968155,6.11549711227417,0.08640799671411514,6.25624418258667,716057148,359248913.0
2023-01-22,0.08830399811267853,6.205265998840332,0.09289199858903885,6.443390846252441,0.08477099984884262,6.119732856750488,0.08477099984884262,6.2487921714782715,794717541,264552957.0
2023-01-23,0.08860500156879425,6.577020168304443,0.09115000069141388,6.796453952789307,0.0873270034790039,6.205920219421387,0.08831000328063965,6.206167221069336,661273714,459481550.0
2023-01-24,0.0839499980211258,6.186763763427734,0.09059199690818787,6.691412925720215,0.08365999907255173,6.1468658447265625,0.08857700228691101,6.574902057647705,559881331,286483739.0
2023-01-25,0.08659400045871735,6.406065940856934,0.08788000047206879,6.539225101470947,0.08244600147008896,6.04372501373291,0.08396600186824799,6.187839984893799,542521010,316181967.0
2023-01-26,0.08637300133705139,6.474820137023926,0.08735799789428711,6.549321174621582,0.085548996925354,6.3287811279296875,0.08656899631023407,6.403173923492432,424196515,293122320.0
2023-01-27,0.08712299913167953,6.567625045776367,0.08774600178003311,6.6136579513549805,0.08452499657869339,6.3252692222595215,0.0863649994134903,6.474748134613037,400056534,244747281.0
2023-01-28,0.08778800070285797,6.398318767547607,0.09296900033950806,6.651823997497559,0.08712399750947952,6.345911979675293,0.08712399750947952,6.570487022399902,642333816,192797813.0
2023-01-29,0.09023299813270569,6.615758895874023,0.09085900336503983,6.6918840408325195,0.08754400163888931,6.3543171882629395,0.08778300136327744,6.398777008056641,458157342,231833527.0
2023-01-30,0.0883369967341423,6.188151836395264,0.09183699637651443,6.643761157989502,0.08539900183677673,6.1015448570251465,0.09022100269794464,6.6165571212768555,787132771,248936208.0
2023-01-31,0.09616699814796448,6.264369010925293,0.09733500331640244,6.311032772064209,0.0883290022611618,6.164976119995117,0.0883290022611618,6.187972068786621,1542889216,197930900.0
2023-02-01,0.09417100250720978,6.466094970703125,0.09659899771213531,6.480932235717773,0.08875200152397156,6.053880214691162,0.0961569994688034,6.263351917266846,1110308356,267498817.0
2023-02-02,0.09097900241613388,6.5355329513549805,0.09575299918651581,6.854850769042969,0.09095700085163116,6.4632649421691895,0.09414499998092651,6.464698791503906,776556390,374914377.0
2023-02-03,0.09298700094223022,7.011683940887451,0.09320899844169617,7.10568380355835,0.0906670019030571,6.533466815948486,0.09098400175571442,6.535589218139648,548668917,433742597.0
2023-02-04,0.09578199684619904,6.883106231689453,0.09952999651432037,7.048868179321289,0.0926629975438118,6.840476036071777,0.09297499805688858,7.010735988616943,1071858301,214142891.0
2023-02-05,0.09209500253200531,6.644723892211914,0.09672600030899048,6.888059139251709,0.09096600115299225,6.5346879959106445,0.09574700146913528,6.882102966308594,753364305,246197164.0
2023-02-06,0.0895489975810051,6.4947991371154785,0.09309700131416321,6.7830681800842285,0.08906199783086777,6.464378833770752,0.0921040028333664,6.644575119018555,488311044,231103237.0
2023-02-07,0.09257599711418152,6.942028045654297,0.09263399988412857,6.942543029785156,0.0895180031657219,6.490695953369141,0.08953700214624405,6.494757175445557,512569389,270506178.0
2023-02-08,0.09015599638223648,6.749273777008057,0.09313800185918808,6.991979122161865,0.08916900306940079,6.6534318923950195,0.09256400167942047,6.9418230056762695,462925887,254069478.0
2023-02-09,0.0814799964427948,6.231307029724121,0.09075800329446793,6.960459232330322,0.08017200231552124,6.149366855621338,0.09016299992799759,6.750669956207275,819008026,510763048.0
2023-02-10,0.08109000325202942,6.189690113067627,0.08287999778985977,6.298765182495117,0.08041500300168991,6.1541008949279785,0.08147899806499481,6.231432914733887,516764147,282715442.0
2023-02-11,0.08237200230360031,6.278796195983887,0.08251400291919708,6.285760879516602,0.08078800141811371,6.167201995849609,0.08106599748134613,6.190618991851807,244141279,139375050.0
2023-02-12,0.08214399963617325,6.176514148712158,0.08541899919509888,6.374244213104248,0.08174200356006622,6.121068000793457,0.08235500007867813,6.277932167053223,448723137,173063356.0
2023-02-13,0.08215600252151489,6.121274948120117,0.08620499819517136,6.236271858215332,0.07997799664735794,5.918479919433594,0.08214399963617325,6.176031112670898,752090969,314089739.0
2023-02-14,0.08353400230407715,6.227573871612549,0.08364800363779068,6.255843162536621,0.08127299696207047,6.047778129577637,0.08214300125837326,6.121184825897217,427664094,260324481.0
2023-02-15,0.08929099887609482,6.609522819519043,0.0893549993634224,6.609522819519043,0.08283200114965439,6.169907093048096,0.08353500068187714,6.227359771728516,846713153,309095776.0
2023-02-16,0.0850439965724945,6.3338751792907715,0.09126199781894684,6.713314056396484,0.08496599644422531,6.33200216293335,0.08928100019693375,6.6092610359191895,849757697,387445189.0
2023-02-17,0.08776599913835526,7.278363227844238,0.08841100335121155,7.38572883605957,0.08470699936151505,6.307593822479248,0.08505500108003616,6.333552837371826,447263733,724204305.0
2023-02-18,0.0889270007610321,7.242685794830322,0.08982200175523758,7.352470874786377,0.08697400242090225,7.134192943572998,0.08775900304317474,7.278721809387207,397918582,422027608.0
2023-02-19,0.08696600049734116,7.443704128265381,0.08973799645900726,7.8333048820495605,0.08628600090742111,7.199179172515869,0.08892600238323212,7.242490768432617,505191212,714852394.0
2023-02-20,0.08820799738168716,7.542162895202637,0.08862700313329697,7.5570759773254395,0.08585300296545029,7.301703929901123,0.0869939997792244,7.447235107421875,449906814,468495022.0
2023-02-21,0.08541300147771835,7.248809814453125,0.08870700001716614,7.560232162475586,0.08484499901533127,7.143787860870361,0.08822300285100937,7.54300594329834,483249308,389455278.0
2023-02-22,0.0855339989066124,7.183218955993652,0.08746399730443954,7.260941028594971,0.08325300365686417,6.901492118835449,0.08541800081729889,7.248545169830322,765182582,405083332.0
2023-02-23,0.08429200202226639,7.089574813842773,0.08636900037527084,7.377747058868408,0.08393199741840363,7.028689861297607,0.08553499728441238,7.182922840118408,351385340,346788535.0
2023-02-24,0.08089999854564667,6.614421844482422,0.08489999920129776,7.137348175048828,0.07988899946212769,6.505551815032959,0.08428800106048584,7.088986873626709,449138535,389778147.0
2023-02-25,0.08078599721193314,6.540582180023193,0.08177900314331055,6.642154216766357,0.07905799895524979,6.374598979949951,0.08091499656438828,6.614668846130371,316321963,241439674.0
2023-02-26,0.0822020024061203,6.689603805541992,0.08247300237417221,6.723769187927246,0.08057700097560883,6.510886192321777,0.08077599853277206,6.540674209594727,218231642,221715960.0
2023-02-27,0.08135399967432022,6.588034152984619,0.0822020024061203,6.775440216064453,0.08020400255918503,6.512409210205078,0.0822020024061203,6.689227104187012,267030813,255791158.0
2023-02-28,0.08074899762868881,6.344935894012451,0.08273500204086304,6.592543125152588,0.08020000159740448,6.301514148712158,0.08135899901390076,6.588064193725586,370709700,250815487.0
2023-03-01,0.08196400105953217,6.534181118011475,0.08256399631500244,6.5843400955200195,0.08054500073194504,6.332013130187988,0.08076199889183044,6.345207214355469,260501052,259834534.0
2023-03-02,0.08051999658346176,6.3269147872924805,0.08216699957847595,6.541319847106934,0.07985900342464447,6.247585773468018,0.08196800202131271,6.5343241691589355,225493749,215734915.0
2023-03-03,0.07677700370550156,6.033932209014893,0.08057200163602829,6.333823204040527,0.07423499971628189,5.869161128997803,0.0805250033736229,6.327834129333496,564252293,295249301.0
2023-03-04,0.07455600053071976,5.912603855133057,0.07715500146150589,6.051474094390869,0.0731000006198883,5.776045799255371,0.07677800208330154,6.034204006195068,267382234,181811097.0
2023-03-05,0.07479500025510788,5.980068206787109,0.07591699808835983,6.053987979888916,0.07441499829292297,5.904910087585449,0.07456500083208084,5.912928104400635,215772335,176519917.0
2023-03-06,0.07480499893426895,5.922526836395264,0.07506100088357925,6.034179210662842,0.07355199754238129,5.889021873474121,0.07479000091552734,5.979488849639893,274994083,191295906.0
2023-03-07,0.0740479975938797,5.851391792297363,0.07582999765872955,6.006412982940674,0.0730300024151802,5.762322902679443,0.07480499893426895,5.923183917999268,309277502,247925428.0
2023-03-08,0.07113000005483627,5.595501899719238,0.07423499971628189,5.897900104522705,0.07076700031757355,5.537147045135498,0.0740479975938797,5.849308013916016,321627782,304238275.0
2023-03-09,0.0659869983792305,5.380725860595703,0.07220300287008286,5.79097318649292,0.0646279975771904,5.2970452308654785,0.07113199681043625,5.595962047576904,523758954,307651777.0
2023-03-10,0.06583300232887268,5.554636001586914,0.06607100367546082,5.579728126525879,0.06302300095558167,5.177556037902832,0.06599599868059158,5.381686210632324,475760293,370467674.0
2023-03-11,0.06659399718046188,5.507718086242676,0.06819599866867065,5.678918838500977,0.06444700062274933,5.292418956756592,0.06583300232887268,5.554731845855713,449044632,307651125.0
2023-03-12,0.07100100070238113,5.916477203369141,0.07124999910593033,5.916477203369141,0.06606899946928024,5.435658931732178,0.06658200174570084,5.507452011108398,375272678,270040544.0
2023-03-13,0.07304099947214127,6.115265846252441,0.07372599840164185,6.1610188484191895,0.06851399689912796,5.731997013092041,0.07100000232458115,5.917931079864502,537268873,400047499.0
2023-03-14,0.07478699833154678,6.243840217590332,0.07763999700546265,6.544589042663574,0.07177700102329254,6.036527156829834,0.07303600013256073,6.114631175994873,652033915,394264702.0
2023-03-15,0.06986600160598755,5.885962009429932,0.07605800032615662,6.380437850952148,0.06814099848270416,5.815732955932617,0.07480499893426895,6.2452239990234375,528466415,353927875.0
2023-03-16,0.07271800190210342,6.1011128425598145,0.07347699999809265,6.1335368156433105,0.06925400346517563,5.8220062255859375,0.0698779970407486,5.8882880210876465,326147102,231972761.0
2023-03-17,0.07650899887084961,6.635837078094482,0.07729700207710266,6.635837078094482,0.07181400060653687,6.050529956817627,0.07273100316524506,6.1017680168151855,485591017,288838788.0
2023-03-18,0.07304999977350235,6.328587055206299,0.07876399904489517,6.702242851257324,0.07294599711894989,6.314120769500732,0.0765099972486496,6.6359639167785645,517840653,268812457.0
2023-03-19,0.07481300085783005,6.470154762268066,0.07660199701786041,6.609979152679443,0.07304099947214127,6.328256130218506,0.07304099947214127,6.328256130218506,338882489,204987997.0
2023-03-20,0.07148700207471848,6.095547199249268,0.07560800015926361,6.494157791137695,0.07102199643850327,6.086194038391113,0.07480700314044952,6.468975067138672,409238948,220342287.0
2023-03-21,0.07689400017261505,6.383082866668701,0.07747700065374374,6.442334175109863,0.07086200267076492,6.039056777954102,0.07149100303649902,6.097405910491943,631254174,222247826.0
2023-03-22,0.07399900257587433,6.063480854034424,0.0776429995894432,6.387455940246582,0.07213400304317474,5.9640350341796875,0.07687000185251236,6.381216049194336,693511781,244809731.0
2023-03-23,0.07741200178861618,6.325469970703125,0.07893399894237518,6.4168701171875,0.073294997215271,6.016334056854248,0.07399599999189377,6.062274932861328,637122733,184308437.0
2023-03-24,0.07468000054359436,6.028029918670654,0.07749000191688538,6.339621067047119,0.0733880028128624,5.969332218170166,0.07740399986505508,6.325592994689941,396748009,188002485.0
2023-03-25,0.07404399663209915,5.908658027648926,0.07591400295495987,6.081401824951172,0.07296399772167206,5.856514930725098,0.07468199729919434,6.0284271240234375,286831067,116202000.0
2023-03-26,0.07441700249910355,6.052051067352295,0.075375996530056,6.10505485534668,0.07372099906206131,5.893980026245117,0.07405500113964081,5.909045219421387,228916506,107617552.0
2023-03-27,0.07289499789476395,5.873617172241211,0.07583100348711014,6.105624198913574,0.07175599783658981,5.772027015686035,0.07442600280046463,6.052090167999268,435284210,147793061.0
2023-03-28,0.0738229975104332,6.064446926116943,0.07392500340938568,6.096055030822754,0.07193700224161148,5.806787014007568,0.0728989988565445,5.873514175415039,276514415,134330840.0
2023-03-29,0.07562699913978577,6.180756092071533,0.07673300057649612,6.277050971984863,0.07364200055599213,6.059021949768066,0.07382400333881378,6.063774108886719,423884022,164714200.0
2023-03-30,0.07424499839544296,6.118803977966309,0.07664100080728531,6.283161163330078,0.07368399947881699,6.037655830383301,0.07564199715852737,6.181868076324463,372289117,178190192.0
2023-03-31,0.07703500241041183,6.341023921966553,0.07772199809551239,6.374143123626709,0.07380799949169159,6.105949878692627,0.07425899803638458,6.119929790496826,378314248,196127447.0
2023-04-01,0.08405099809169769,6.40951681137085,0.08527900278568268,6.420224189758301,0.07614400237798691,6.220836162567139,0.07702499628067017,6.341041088104248,933070185,142620938.0
2023-04-02,0.07908900082111359,6.267229080200195,0.08527900278568268,6.441536903381348,0.07784800231456757,6.205499172210693,0.08185900002717972,6.350706100463867,929778146,158288937.0
2023-04-03,0.09607899934053421,6.432228088378906,0.10264000296592712,6.4938859939575195,0.07663200050592422,6.123342990875244,0.07908699661493301,6.267693996429443,3497240136,230216695.0
2023-04-04,0.09515900164842606,6.441699981689453,0.10253799706697464,6.527279853820801,0.09287100285291672,6.375819206237793,0.09608300030231476,6.430858135223389,3096545498,205914722.0
2023-04-05,0.09281700104475021,6.40403413772583,0.09893900156021118,6.576218128204346,0.09208399802446365,6.336536884307861,0.09516800194978714,6.441985130310059,1529520651,185043509.0
2023-04-06,0.08541200309991837,6.280776023864746,0.09284699708223343,6.410452842712402,0.08541200309991837,6.271100044250488,0.09282200038433075,6.4047770500183105,1410995902,155818482.0
2023-04-07,0.08245600014925003,6.184780120849609,0.08609800040721893,6.318220138549805,0.0818910002708435,6.1460371017456055,0.08543799817562103,6.280592918395996,858234171,149605230.0
2023-04-08,0.08140499889850616,6.135956764221191,0.08382599800825119,6.231032848358154,0.08103500306606293,6.117024898529053,0.0824429988861084,6.1838178634643555,507929909,120313705.0
2023-04-09,0.08329000324010849,6.216215133666992,0.0838249996304512,6.2563090324401855,0.08135399967432022,6.1127190589904785,0.08140099793672562,6.136724948883057,454428407,130492162.0
2023-04-10,0.08485200256109238,6.290450096130371,0.08527199923992157,6.309910774230957,0.08246999979019165,6.128347873687744,0.083296999335289,6.215663909912109,473882914,145028919.0
2023-04-11,0.0842370018362999,6.42575216293335,0.08570999652147293,6.486580848693848,0.08389899879693985,6.2861409187316895,0.08485099673271179,6.290742874145508,472611203,206394580.0
2023-04-12,0.08343300223350525,6.4151930809021,0.08442900329828262,6.468589782714844,0.08131899684667587,6.23820686340332,0.0842370018362999,6.425168037414551,540510658,191915042.0
2023-04-13,0.08748400211334229,6.6424479484558105,0.08838099986314774,6.64848518371582,0.08302000164985657,6.362749099731445,0.08342800289392471,6.405643939971924,810485328,205465267.0
2023-04-14,0.08878500014543533,6.7340312004089355,0.09111600369215012,6.838645935058594,0.08587899804115295,6.55544900894165,0.08748500049114227,6.642838954925537,1007326042,306241172.0
2023-04-15,0.0889739990234375,6.806902885437012,0.09044700115919113,6.8513288497924805,0.08765300363302231,6.651034832000732,0.08878500014543533,6.734531879425049,463978095,194370592.0
2023-04-16,0.09047199785709381,6.833064079284668,0.09151499718427658,6.870469093322754,0.08823099732398987,6.690176010131836,0.08896800130605698,6.8064727783203125,594760862,184532381.0
2023-04-17,0.09144899994134903,6.695542812347412,0.09459500014781952,6.832513809204102,0.08857700228691101,6.650697231292725,0.09048199653625488,6.832513809204102,1360494890,210933974.0
2023-04-18,0.09398899972438812,6.922027111053467,0.09449499845504761,6.978065013885498,0.09008599817752838,6.612998008728027,0.09145800024271011,6.696887016296387,839983343,241653739.0
2023-04-19,0.08786799758672714,6.319921016693115,0.09402099996805191,6.920839786529541,0.08684899657964706,6.274493217468262,0.09398800134658813,6.920839786529541,1277738666,301612588.0
2023-04-20,0.08393699675798416,6.11122989654541,0.09297200292348862,6.433404922485352,0.08299800008535385,6.084674835205078,0.08785700052976608,6.318785190582275,1950918834,240517995.0
2023-04-21,0.07847899943590164,5.851493835449219,0.08462899923324585,6.1652350425720215,0.07751700282096863,5.796901226043701,0.0839340016245842,6.111576080322266,853137910,213504772.0
2023-04-22,0.08037500083446503,5.953291893005371,0.08091899752616882,5.974474906921387,0.07831300050020218,5.827691078186035,0.0784820020198822,5.851184844970703,396888464,120513765.0
2023-04-23,0.07881999760866165,5.917685031890869,0.08062800019979477,5.9706830978393555,0.07743699848651886,5.799274921417236,0.08038000017404556,5.9532952308654785,365182428,133626835.0
2023-04-24,0.07878399640321732,5.891438007354736,0.0799729973077774,6.0079498291015625,0.07756900042295456,5.819149971008301,0.07881899923086166,5.91668176651001,392854009,153343402.0
2023-04-25,0.07984700053930283,6.001255989074707,0.07992599904537201,6.009573936462402,0.07775600254535675,5.795554161071777,0.07878299802541733,5.891337871551514,343833135,143709783.0
2023-04-26,0.07862299680709839,5.852431774139404,0.08337199687957764,6.212214946746826,0.07615099847316742,5.6663970947265625,0.07984799891710281,6.001087188720703,722718207,255969404.0
2023-04-27,0.08019000291824341,5.971175193786621,0.08094999939203262,6.042602062225342,0.07852700352668762,5.842123031616211,0.0786380022764206,5.8528971672058105,435944109,178453274.0
2023-04-28,0.08036399632692337,5.94859504699707,0.08057600259780884,5.97792387008667,0.07942300289869308,5.809394836425781,0.08019299805164337,5.971467971801758,258987983,144987784.0
2023-04-29,0.08162999898195267,6.040212154388428,0.08184599876403809,6.051445007324219,0.08030299842357635,5.934619903564453,0.08036600053310394,5.948914051055908,268639541,113145134.0
2023-04-30,0.07976900041103363,5.901270866394043,0.08170100301504135,6.082650184631348,0.07962799817323685,5.864462852478027,0.0816269963979721,6.040326118469238,264245527,119162982.0
2023-05-01,0.07881999760866165,5.6679229736328125,0.07999599725008011,5.9074859619140625,0.0776280015707016,5.610579013824463,0.07976000010967255,5.899717807769775,325694977,137117816.0
2023-05-02,0.07880599796772003,5.718677997589111,0.07904499769210815,5.7545599937438965,0.07783199846744537,5.634294033050537,0.07882200181484222,5.66794490814209,234651604,104107817.0
2023-05-03,0.07971300184726715,5.778507232666016,0.08052700012922287,5.806150913238525,0.07732799649238586,5.57041597366333,0.07880599796772003,5.718493938446045,306950726,124693271.0
2023-05-04,0.07844900339841843,5.669313907623291,0.07973600178956985,5.797880172729492,0.0781560018658638,5.631793022155762,0.07970300316810608,5.779534816741943,255462655,96457571.0
2023-05-05,0.08038999885320663,5.853751182556152,0.08129200339317322,5.8958740234375,0.07790999859571457,5.668396949768066,0.07845199853181839,5.6695661544799805,335482524,134145378.0
2023-05-06,0.07699800282716751,5.653782844543457,0.0803849995136261,5.894886016845703,0.07643900066614151,5.619234085083008,0.0803849995136261,5.853590965270996,341154511,117757503.0
2023-05-07,0.07671000063419342,5.641276836395264,0.0774959996342659,5.703423023223877,0.07669299840927124,5.624429225921631,0.07698699831962585,5.65313196182251,205466114,82065322.0
2023-05-08,0.07247299700975418,5.3758931159973145,0.07710699737071991,5.650324821472168,0.07094600051641464,5.227634906768799,0.07669699937105179,5.639027118682861,459549555,183507351.0
2023-05-09,0.0731389969587326,5.328574180603027,0.07330399751663208,5.403285026550293,0.07228799909353256,5.302740097045898,0.07247299700975418,5.375854969024658,249148363,111609334.0
2023-05-10,0.07322599738836288,5.470531940460205,0.07460799813270569,5.511980056762695,0.07131999731063843,5.270139217376709,0.07314299792051315,5.328268051147461,344464160,170149217.0
2023-05-11,0.07208500057458878,5.285426139831543,0.07323300093412399,5.470270156860352,0.0695670023560524,5.1975321769714355,0.07323300093412399,5.470270156860352,325440313,133681821.0
2023-05-12,0.07245899736881256,5.345987796783447,0.07256700098514557,5.349149227142334,0.06972400099039078,5.160696029663086,0.07207600027322769,5.285464763641357,365130285,128052830.0
2023-05-13,0.07177700102329254,5.351903915405273,0.07246100157499313,5.388090133666992,0.07147300243377686,5.32323694229126,0.07246100157499313,5.346107006072998,150685494,83347439.0
2023-05-14,0.07198599725961685,5.354409217834473,0.07258199900388718,5.439047813415527,0.07142200320959091,5.323538780212402,0.07177799940109253,5.351844787597656,136339325,80152673.0
2023-05-15,0.07204599678516388,5.320285797119141,0.07344099879264832,5.4272871017456055,0.0711980015039444,5.285286903381348,0.07198099792003632,5.354269027709961,225262487,107494871.0
2023-05-16,0.07272899895906448,5.299292087554932,0.07313799858093262,5.333457946777344,0.0711819976568222,5.2469329833984375,0.07204899936914444,5.320494174957275,191614182,97178715.0
2023-05-17,0.07491099834442139,5.413900852203369,0.07530800253152847,5.43195915222168,0.07246600091457367,5.238080024719238,0.07272999733686447,5.299126148223877,327166551,114115077.0
2023-05-18,0.07354599982500076,5.341458797454834,0.0749019980430603,5.461698055267334,0.07190900295972824,5.259048938751221,0.0749019980430603,5.413920879364014,308943184,116698596.0
2023-05-19,0.07352700084447861,5.370038986206055,0.07395599782466888,5.385831832885742,0.07316199690103531,5.329813003540039,0.0735350027680397,5.341423034667969,168839396,98607672.0
2023-05-20,0.07366999983787537,5.414481163024902,0.07384400069713593,5.445813179016113,0.0732249990105629,5.341625213623047,0.07354000210762024,5.370104789733887,115557983,83602754.0
2023-05-21,0.07214199751615524,5.273439884185791,0.07397899776697159,5.430837154388428,0.07208199799060822,5.2618727684021,0.07366599887609482,5.414168834686279,142232849,84108758.0
2023-05-22,0.07299800217151642,5.31261682510376,0.07386799901723862,5.334197044372559,0.07113300263881683,5.240392208099365,0.07214400172233582,5.27311897277832,210015266,90637667.0
2023-05-23,0.07286400347948074,5.400730133056641,0.07388199865818024,5.44232702255249,0.0725720003247261,5.3012189865112305,0.0729999989271164,5.312992095947266,160114643,91170740.0
2023-05-24,0.07073500007390976,5.260034084320068,0.07287599891424179,5.402216911315918,0.07006199657917023,5.203413963317871,0.0728669986128807,5.400869846343994,240278483,105438307.0
2023-05-25,0.07087499648332596,5.2444047927856445,0.0709649994969368,5.290487766265869,0.06922399997711182,5.167324066162109,0.07073400169610977,5.259590148925781,195452304,104241281.0
2023-05-26,0.07098399847745895,5.24843692779541,0.07135000079870224,5.269233226776123,0.07044299691915512,5.199319839477539,0.07087700068950653,5.244437217712402,162190615,92187777.0
2023-05-27,0.07268299907445908,5.337991237640381,0.0732870027422905,5.370300769805908,0.07091499865055084,5.237842082977295,0.07098200172185898,5.2480788230896,152865632,85933928.0
2023-05-28,0.0736130028963089,5.508674144744873,0.07391700148582458,5.557138919830322,0.07219900190830231,5.323190212249756,0.0726810023188591,5.337577819824219,190660985,93503432.0
2023-05-29,0.07318499684333801,5.460805892944336,0.07391899824142456,5.532398223876953,0.07283099740743637,5.431161880493164,0.07361599802970886,5.50884485244751,157791026,97804783.0
2023-05-30,0.07236099988222122,5.4438018798828125,0.07338300347328186,5.527162075042725,0.07227499783039093,5.424760818481445,0.07318300008773804,5.460937976837158,248138018,101319207.0
2023-05-31,0.07165999710559845,5.317827224731445,0.07263299822807312,5.460066795349121,0.07084199786186218,5.277181148529053,0.07236199826002121,5.4441938400268555,189603858,109985965.0
2023-06-01,0.07149200141429901,5.210669994354248,0.07211899757385254,5.333052158355713,0.07088200002908707,5.203869819641113,0.07166200131177902,5.317673206329346,163467169,106143989.0
2023-06-02,0.07261200249195099,5.2798848152160645,0.07319799810647964,5.2973527908325195,0.07116799801588058,5.17852783203125,0.07148999720811844,5.210442066192627,172034498,115192777.0
2023-06-03,0.07267100363969803,5.330341815948486,0.07294700294733047,5.330341815948486,0.07233399897813797,5.253009796142578,0.07260999828577042,5.280088901519775,112049190,72829815.0
2023-06-04,0.0724710002541542,5.319441795349121,0.07325000315904617,5.378437042236328,0.07246600091457367,5.317245006561279,0.07267200201749802,5.331198215484619,135558595,89142937.0
2023-06-05,0.06657300144433975,5.073203086853027,0.07263199985027313,5.319413185119629,0.06482800096273422,4.943347930908203,0.07247500121593475,5.319040775299072,506101788,174078984.0
2023-06-06,0.07037299871444702,5.208306789398193,0.07178399711847305,5.260870933532715,0.06611199676990509,5.000308990478516,0.06656800210475922,5.072847843170166,428926152,121110990.0
2023-06-07,0.06729999929666519,5.022200107574463,0.07037100195884705,5.208343029022217,0.06687799841165543,4.991734027862549,0.07037100195884705,5.208156108856201,278793457,119172236.0
2023-06-08,0.06796599924564362,5.02603816986084,0.06842599809169769,5.05515193939209,0.06715399771928787,4.989095211029053,0.06730200350284576,5.02252721786499,167825308,99375553.0
2023-06-09,0.0694890022277832,4.982104778289795,0.07091999799013138,5.067060947418213,0.0676259994506836,4.942057132720947,0.06796299666166306,5.026209831237793,274101529,91799916.0
2023-06-10,0.06185999885201454,4.526294231414795,0.07059100270271301,4.983325004577637,0.05853600054979324,4.247436046600342,0.0694890022277832,4.982219219207764,975736541,301787813.0
2023-06-11,0.06158699840307236,4.521618843078613,0.06251499801874161,4.547544956207275,0.06130300089716911,4.439938068389893,0.06186100095510483,4.526132106781006,235910036,113632369.0
2023-06-12,0.061459001153707504,4.532445907592773,0.06163499876856804,4.548452854156494,0.06040399894118309,4.450337886810303,0.06157900020480156,4.521308898925781,210832319,113772804.0
2023-06-13,0.061723001301288605,4.622073173522949,0.062453001737594604,4.695993900299072,0.060763999819755554,4.507047176361084,0.061459001153707504,4.532517910003662,204620564,115909247.0
2023-06-14,0.06038700044155121,4.569849967956543,0.062109000980854034,4.792686939239502,0.058949001133441925,4.534450054168701,0.061723001301288605,4.622070789337158,248200812,130135248.0
2023-06-15,0.06150300055742264,4.37718391418457,0.06182499974966049,4.612410068511963,0.05979600176215172,4.283473968505859,0.06038900092244148,4.569944858551025,218623835,191717237.0
2023-06-16,0.062102001160383224,4.416847229003906,0.06262999773025513,4.453419208526611,0.06095200031995773,4.297904014587402,0.06150300055742264,4.377058982849121,198520116,108807587.0
2023-06-17,0.062217000871896744,4.5261311531066895,0.06282299757003784,4.559694766998291,0.061834998428821564,4.400117874145508,0.062105998396873474,4.41698694229126,153965122,94181697.0
2023-06-18,0.06216700002551079,4.530962944030762,0.06374900043010712,4.661500930786133,0.061604999005794525,4.489461898803711,0.062213998287916183,4.525901794433594,243548821,97195546.0
2023-06-19,0.06234100088477135,4.522421836853027,0.06269799917936325,4.581550121307373,0.06169600039720535,4.449982166290283,0.06216700002551079,4.531147003173828,149792820,94392197.0
2023-06-20,0.06304500252008438,4.668923854827881,0.06305699795484543,4.673692226409912,0.06091099977493286,4.379486083984375,0.06234300136566162,4.52275276184082,190107977,120595261.0
2023-06-21,0.06570400297641754,4.829425811767578,0.06646999716758728,4.852588176727295,0.06296499818563461,4.643673896789551,0.06304500252008438,4.668569087982178,370299722,156905291.0
2023-06-22,0.06564299762248993,4.830627918243408,0.06900600343942642,4.969237804412842,0.06554999947547913,4.779750823974609,0.06569600105285645,4.828271865844727,406178282,145580309.0
2023-06-23,0.06817399710416794,5.100214958190918,0.06966300308704376,5.134511947631836,0.06553400307893753,4.828192234039307,0.06564000248908997,4.830537796020508,319058221,164328402.0
2023-06-24,0.06674200296401978,5.007446765899658,0.0683090016245842,5.132453918457031,0.065700002014637,4.950829029083252,0.06818100064992905,5.100292205810547,276939973,118793919.0
2023-06-25,0.0667639970779419,5.194805145263672,0.06796299666166306,5.238464832305908,0.06654500216245651,5.007743835449219,0.06673900038003922,5.007743835449219,191028870,152201774.0
2023-06-26,0.06474900245666504,5.026731014251709,0.06678500026464462,5.229888916015625,0.06387899816036224,5.016223907470703,0.06675399839878082,5.195071220397949,266917426,168272647.0
2023-06-27,0.06554500013589859,5.0958638191223145,0.06574299931526184,5.149453163146973,0.06455300003290176,5.009679794311523,0.06474699825048447,5.026795864105225,212409649,109751636.0
2023-06-28,0.06260199844837189,4.883011817932129,0.06556499749422073,5.096223831176758,0.061583999544382095,4.819217205047607,0.06554999947547913,5.096223831176758,274764095,128183152.0
2023-06-29,0.06340699642896652,4.986260890960693,0.06402800232172012,5.215076923370361,0.06255099922418594,4.878954887390137,0.06259399652481079,4.882914066314697,192396033,185398755.0
2023-06-30,0.06647899746894836,5.171702861785889,0.06671199947595596,5.1944580078125,0.06264299899339676,4.861045837402344,0.06340199708938599,4.985711097717285,489091093,228375938.0
2023-07-01,0.06847800314426422,5.349747180938721,0.07078900188207626,5.36018705368042,0.0664680004119873,5.1280951499938965,0.06648100167512894,5.172424793243408,635045706,175093625.0
2023-07-02,0.06803800165653229,5.501914978027344,0.06890799850225449,5.516880989074707,0.06672000139951706,5.24055814743042,0.06847900152206421,5.349830150604248,374040291,161274627.0
2023-07-03,0.06835299730300903,5.419309139251709,0.06869500130414963,5.623973846435547,0.06745900213718414,5.396595001220703,0.06804200261831284,5.5017170906066895,265466622,154150961.0
2023-07-04,0.06894099712371826,5.347219944000244,0.07142399996519089,5.504985809326172,0.06791999936103821,5.280695915222168,0.06834699958562851,5.4193291664123535,493149432,130405132.0
2023-07-05,0.06703300029039383,5.209113121032715,0.069132000207901,5.3758320808410645,0.0659400001168251,5.1354899406433105,0.06894700229167938,5.3476338386535645,313972996,120050685.0
2023-07-06,0.06502600014209747,5.0260491371154785,0.06847599893808365,5.3540191650390625,0.06500499695539474,5.0260491371154785,0.06702499836683273,5.209136962890625,281014235,128130665.0
2023-07-07,0.06542500108480453,5.114977836608887,0.06579700112342834,5.1735711097717285,0.06455300003290176,4.999240875244141,0.06503000110387802,5.026891231536865,202607383,98531631.0
2023-07-08,0.06576099991798401,5.126468181610107,0.06595700234174728,5.1943230628967285,0.06497099995613098,5.065362930297852,0.06542100012302399,5.115361213684082,148945060,80326756.0
2023-07-09,0.0654349997639656,5.079419136047363,0.06629399955272675,5.159104824066162,0.06533200293779373,5.073300838470459,0.065761998295784,5.126849174499512,146485995,76857572.0
2023-07-10,0.06524299830198288,5.135242938995361,0.06603199988603592,5.221866130828857,0.06400900334119797,5.002889156341553,0.06543699651956558,5.079652786254883,258321415,110385346.0
2023-07-11,0.06528700143098831,5.211542129516602,0.06545499712228775,5.213992118835449,0.064519003033638,5.101892948150635,0.06524699926376343,5.135094165802002,151465120,84554930.0
2023-07-12,0.0650710016489029,5.148021221160889,0.06556999683380127,5.303439140319824,0.06400000303983688,5.114293098449707,0.0652879998087883,5.211627960205078,164499091,110018525.0
2023-07-13,0.0705069974064827,5.545454978942871,0.07126700133085251,5.550838947296143,0.06467500329017639,5.110781192779541,0.06507299840450287,5.147960186004639,625261655,194557236.0
2023-07-14,0.06852900236845016,5.452579021453857,0.07273100316524506,5.676332950592041,0.0671980008482933,5.3285298347473145,0.0704990029335022,5.545279026031494,632033705,237377620.0
2023-07-15,0.07192700356245041,5.431672096252441,0.0747079998254776,5.555491924285889,0.0679749995470047,5.395592212677002,0.06852400302886963,5.452367782592773,883881437,123450298.0
2023-07-16,0.06955400109291077,5.306897163391113,0.07213500142097473,5.444285869598389,0.06939899921417236,5.286416053771973,0.07192900031805038,5.4313859939575195,389882289,110311882.0
2023-07-17,0.06990499794483185,5.303729057312012,0.07275199890136719,5.413877964019775,0.0682549998164177,5.192424774169922,0.06955800205469131,5.307147979736328,464403123,142782126.0
2023-07-18,0.06858299672603607,5.179271221160889,0.07025700062513351,5.3799967765808105,0.06774300336837769,5.130268096923828,0.0699009969830513,5.3041911125183105,284882933,138815422.0
2023-07-19,0.07015900313854218,5.197083950042725,0.07121200114488602,5.254169940948486,0.0684870034456253,5.148426055908203,0.06858900189399719,5.179849147796631,418313611,100692905.0
2023-07-20,0.07051599770784378,5.349977970123291,0.07102199643850327,5.354822158813477,0.0684870034456253,5.148426055908203,0.07014799863100052,5.196590900421143,574227832,163477901.0
2023-07-21,0.073294997215271,5.489810943603516,0.07639099657535553,5.687629222869873,0.07040700316429138,5.34567403793335,0.07052599638700485,5.350340843200684,762216251,220209203.0
2023-07-22,0.07043299823999405,5.308442115783691,0.073294997215271,5.512513160705566,0.07008100301027298,5.285521030426025,0.073294997215271,5.489882946014404,353000261,114148410.0
2023-07-23,0.0718189999461174,5.397666931152344,0.07280399650335312,5.478124141693115,0.07022000104188919,5.288041114807129,0.07043500244617462,5.3089070320129395,287153173,110419326.0
2023-07-24,0.07426799833774567,5.215538024902344,0.07722199708223343,5.410699844360352,0.07055599987506866,5.140911102294922,0.07181199640035629,5.397284030914307,1446707666,143517821.0
2023-07-25,0.0818450003862381,5.176484107971191,0.08334100246429443,5.249206066131592,0.07389000058174133,5.144341945648193,0.07426600158214569,5.216085910797119,1525713202,94297672.0
2023-07-26,0.07795800268650055,5.237875938415527,0.08207999914884567,5.292043209075928,0.07725899666547775,5.130080223083496,0.08185099810361862,5.176600933074951,846709085,101577403.0
2023-07-27,0.07756199687719345,5.233479022979736,0.0797329992055893,5.310225963592529,0.07691600173711777,5.194894790649414,0.07796400040388107,5.23799991607666,515430911,97730518.0
2023-07-28,0.07732100039720535,5.216773986816406,0.07778199762105942,5.268229007720947,0.07620099931955338,5.1686248779296875,0.07756199687719345,5.233511924743652,370256171,96971888.0
2023-07-29,0.08018799871206284,5.252099990844727,0.08131600171327591,5.255798816680908,0.0770770013332367,5.21104621887207,0.07731500267982483,5.2163591384887695,466582431,69433200.0
2023-07-30,0.07806099951267242,5.186025142669678,0.0804390013217926,5.270881175994873,0.07703900337219238,5.115447044372559,0.08019000291824341,5.252013206481934,436209339,100151395.0
2023-07-31,0.07781799882650375,5.108363151550293,0.07965599745512009,5.252073764801025,0.0771000012755394,5.073564052581787,0.078063003718853,5.185904026031494,346973531,107235439.0
2023-08-01,0.07804200053215027,5.198036193847656,0.07816799730062485,5.198036193847656,0.07604300230741501,5.004908084869385,0.07782399654388428,5.108517169952393,369078156,126524088.0
2023-08-02,0.07421299815177917,5.0575408935546875,0.0781949982047081,5.213191986083984,0.07410000264644623,5.037197113037109,0.07803799957036972,5.1984429359436035,364508311,105687249.0
2023-08-03,0.07361499965190887,4.9790191650390625,0.07489299774169922,5.067687034606934,0.07305300235748291,4.958855152130127,0.07421199977397919,5.057383060455322,374949368,108219090.0
2023-08-04,0.07341600209474564,4.988202095031738,0.07478500157594681,5.035708904266357,0.07279500365257263,4.952364921569824,0.07360800355672836,4.979124069213867,307538917,91297132.0
2023-08-05,0.0756860002875328,4.969211101531982,0.07680299878120422,4.988304138183594,0.07299800217151642,4.9333319664001465,0.07341700047254562,4.988304138183594,443213361,66736994.0
2023-08-06,0.07426600158214569,4.998167037963867,0.0762920007109642,5.034574031829834,0.07419999688863754,4.961686134338379,0.07568199932575226,4.96932315826416,311182997,74936169.0
2023-08-07,0.07342199981212616,4.960562229156494,0.07546599954366684,5.0334792137146,0.0723700001835823,4.863505840301514,0.07426200062036514,4.998311996459961,346276669,98113615.0
2023-08-08,0.07498600333929062,5.0605788230896,0.0753839984536171,5.091316223144531,0.07321000099182129,4.935422897338867,0.07342500239610672,4.960387229919434,305594303,93242098.0
2023-08-09,0.075314000248909,5.054279804229736,0.07605399936437607,5.0985798835754395,0.07446300238370895,5.00731897354126,0.07498399913311005,5.0602641105651855,347481441,193940099.0
2023-08-10,0.0758029967546463,4.999231815338135,0.07670599967241287,5.060769081115723,0.0751579999923706,4.979276180267334,0.07531899958848953,5.054597854614258,341419517,80124805.0
2023-08-11,0.07566600292921066,5.003921985626221,0.07598300278186798,5.0116400718688965,0.07516700029373169,4.964208126068115,0.07580500096082687,4.999112129211426,222363416,73349263.0
2023-08-12,0.07674200087785721,5.0349860191345215,0.07715000212192535,5.039072036743164,0.07560200244188309,4.996595859527588,0.0756710022687912,5.003891944885254,301476614,63042563.0
2023-08-13,0.07478299736976624,4.986302852630615,0.0767889991402626,5.039820194244385,0.07447300106287003,4.975060939788818,0.07673300057649612,5.035067081451416,271947904,75135778.0
2023-08-14,0.0747309997677803,4.988302230834961,0.07641399651765823,5.0420308113098145,0.07395199686288834,4.960403919219971,0.07478100061416626,4.986371994018555,347333620,86237754.0
2023-08-15,0.07086300104856491,4.812483787536621,0.0748089998960495,4.990060806274414,0.07051199674606323,4.73836088180542,0.07472400367259979,4.988225936889648,400240141,99337249.0
2023-08-16,0.0671830028295517,4.666007041931152,0.07111600041389465,4.832492828369141,0.06680700182914734,4.570713043212891,0.0708639994263649,4.812510013580322,409310897,114876395.0
2023-08-17,0.061184998601675034,4.437963962554932,0.06825099885463715,4.797299861907959,0.05834000185132027,4.347027778625488,0.06718499958515167,4.666010856628418,684430325,182208314.0
2023-08-18,0.06323400139808655,4.511816024780273,0.06365299969911575,4.549984931945801,0.06019600108265877,4.3730058670043945,0.061184000223875046,4.4379801750183105,488755203,134503745.0
2023-08-19,0.0637580007314682,4.517584800720215,0.06438399851322174,4.549933910369873,0.06320899724960327,4.461948871612549,0.06323699653148651,4.512007236480713,246572116,78725804.0
2023-08-20,0.06383000314235687,4.519974231719971,0.06458699703216553,4.530387878417969,0.06362300366163254,4.4751811027526855,0.06376100331544876,4.517654895782471,208195392,79414171.0
2023-08-21,0.06252899765968323,4.433642864227295,0.0639910027384758,4.533381938934326,0.061365000903606415,4.386838912963867,0.06383000314235687,4.519768238067627,277361290,100727327.0
2023-08-22,0.06259900331497192,4.420719146728516,0.06318899989128113,4.446288108825684,0.06107499822974205,4.2849531173706055,0.06252899765968323,4.433528900146484,271392247,106327520.0
2023-08-23,0.06377799808979034,4.488097190856934,0.06450500339269638,4.52926778793335,0.06251399964094162,4.384713172912598,0.0625929981470108,4.420626163482666,293273521,101919596.0
2023-08-24,0.0630360022187233,4.421586990356445,0.06400500237941742,4.513967037200928,0.06222600117325783,4.3792338371276855,0.06378000229597092,4.488243103027344,210634657,89023517.0
2023-08-25,0.06308399885892868,4.486454010009766,0.06309399753808975,4.487390041351318,0.06189800053834915,4.367269992828369,0.06303899735212326,4.421728134155273,202977283,94505373.0
2023-08-26,0.06286799907684326,4.504439830780029,0.06328599900007248,4.509414196014404,0.06272300332784653,4.479504108428955,0.06308399885892868,4.486580848693848,127881732,64094464.0
2023-08-27,0.06317099928855896,4.4923930168151855,0.06353200227022171,4.534092903137207,0.06275700032711029,4.469480037689209,0.06286700069904327,4.504368782043457,141407750,72388709.0
2023-08-28,0.06343799829483032,4.606011867523193,0.06354700028896332,4.612860202789307,0.06221099942922592,4.429403781890869,0.06317400187253952,4.492269992828369,169636026,106679076.0
2023-08-29,0.06639000028371811,4.672861099243164,0.06806500256061554,4.793432235717773,0.06254199892282486,4.5445661544799805,0.06343399733304977,4.6062469482421875,445903123,151248371.0
2023-08-30,0.06583800166845322,4.536325931549072,0.06643799692392349,4.676996231079102,0.06467500329017639,4.528356075286865,0.06639400124549866,4.673511028289795,260654192,97826997.0
2023-08-31,0.06378500163555145,4.2694501876831055,0.06691999733448029,4.537136077880859,0.06308499723672867,4.249265193939209,0.06584099680185318,4.536424160003662,336593454,154667296.0
2023-09-01,0.06384900212287903,4.215832233428955,0.06413000077009201,4.292116165161133,0.06259500235319138,4.165602207183838,0.06378699839115143,4.269524097442627,238777563,120746799.0
2023-09-02,0.0634939968585968,4.261870861053467,0.06465800106525421,4.270141124725342,0.06296099722385406,4.210272789001465,0.06385499984025955,4.215987205505371,208019339,69668222.0
2023-09-03,0.06317300349473953,4.261632919311523,0.06373099982738495,4.2975640296936035,0.06292799860239029,4.237326145172119,0.06349900364875793,4.262034893035889,163140788,67945949.0
2023-09-04,0.06318499892950058,4.253158092498779,0.06372199952602386,4.313476085662842,0.062456998974084854,4.2016119956970215,0.06317300349473953,4.2613959312438965,181249918,92578305.0
2023-09-05,0.06399200111627579,4.25672721862793,0.06421700119972229,4.296285152435303,0.06290800124406815,4.210845947265625,0.06318599730730057,4.253232955932617,209934446,79724505.0
2023-09-06,0.06361299753189087,4.2693891525268555,0.06449099630117416,4.272676944732666,0.06282500177621841,4.1936469078063965,0.06399700045585632,4.256875038146973,208287267,89409575.0
2023-09-07,0.0635790005326271,4.286739826202393,0.06376300007104874,4.30176305770874,0.0628570020198822,4.236167907714844,0.06361199915409088,4.269509792327881,164667102,91550865.0
2023-09-08,0.0636489987373352,4.249898910522461,0.06392200291156769,4.32417106628418,0.06267999857664108,4.218163967132568,0.06358599662780762,4.286993026733398,162864062,91436484.0
2023-09-09,0.06340499967336655,4.239696025848389,0.06381700187921524,4.272861957550049,0.06332799792289734,4.239682197570801,0.06364700198173523,4.249749183654785,108500870,55876925.0
2023-09-10,0.061326999217271805,4.151950836181641,0.06340499967336655,4.239596843719482,0.06084499880671501,4.11767578125,0.06340499967336655,4.239596843719482,240746565,93614703.0
2023-09-11,0.06046200171113014,3.9871199131011963,0.061868999153375626,4.151889801025391,0.05948600172996521,3.9218060970306396,0.06132400035858154,4.151889801025391,259096660,150489930.0
2023-09-12,0.06095099821686745,3.9869279861450195,0.06208600103855133,4.083702087402344,0.060447998344898224,3.9715230464935303,0.06046399846673012,3.9871020317077637,231017444,119246327.0
2023-09-13,0.06128000095486641,4.002867221832275,0.06158300116658211,4.0675950050354,0.06064099818468094,3.955518960952759,0.06094999983906746,3.987334966659546,191695350,110074342.0
2023-09-14,0.06207200139760971,4.058725833892822,0.06238599866628647,4.086883068084717,0.061156000941991806,3.9804799556732178,0.06128000095486641,4.002845764160156,189093769,104617463.0
2023-09-15,0.06255300343036652,4.141959190368652,0.06287399679422379,4.1686692237854,0.061514999717473984,4.051912784576416,0.062073998153209686,4.058772087097168,155088363,92364607.0
2023-09-16,0.06214800104498863,4.185608863830566,0.06288400292396545,4.222272872924805,0.06193000078201294,4.14108419418335,0.06255099922418594,4.141647815704346,144247521,78607121.0
2023-09-17,0.06151700019836426,4.0745978355407715,0.062497999519109726,4.18734884262085,0.06128599867224693,4.060370922088623,0.06215199828147888,4.1855292320251465,156292597,69631309.0
2023-09-18,0.06201599910855293,4.108242988586426,0.06280799955129623,4.217761993408203,0.06114400178194046,4.031318187713623,0.06151700019836426,4.074344158172607,207651893,107466794.0
2023-09-19,0.06270900368690491,4.1562418937683105,0.06321500241756439,4.163175106048584,0.06197400018572807,4.087499141693115,0.06201599910855293,4.10826301574707,198507548,98635960.0
2023-09-20,0.06262999773025513,4.1399030685424805,0.06300900131464005,4.166062831878662,0.06196499988436699,4.086917877197266,0.06270900368690491,4.156310081481934,187443142,94604882.0
2023-09-21,0.06134599819779396,4.013978958129883,0.06330700218677521,4.161034107208252,0.06128200143575668,4.00815486907959,0.06262899935245514,4.139848232269287,518556615,96861726.0
2023-09-22,0.06153099983930588,4.019402027130127,0.06182900071144104,4.035163879394531,0.06105399876832962,3.9965779781341553,0.06134499981999397,4.014036178588867,144488200,83094041.0
2023-09-23,0.061507001519203186,4.0325398445129395,0.06184599921107292,4.0361199378967285,0.06137799844145775,4.005505084991455,0.061528000980615616,4.019329071044922,117222607,60313482.0
2023-09-24,0.060743000358343124,3.9901950359344482,0.06174299865961075,4.056786060333252,0.06070199981331825,3.9850940704345703,0.061507001519203186,4.032537937164307,115250326,66771867.0
2023-09-25,0.06095900014042854,4.064115047454834,0.06120000034570694,4.086166858673096,0.060545001178979874,3.9727420806884766,0.06074199825525284,3.990417003631592,117409471,99085397.0
2023-09-26,0.06059899926185608,4.014101028442383,0.06111599877476692,4.087615966796875,0.05990700051188469,3.993155002593994,0.06095600128173828,4.0640177726745605,141794234,91992477.0
2023-09-27,0.060504000633955,3.990726947784424,0.06133199855685234,4.069361209869385,0.06027499958872795,3.9710500240325928,0.060593001544475555,4.013868808746338,153818653,75472569.0
2023-09-28,0.06148400157690048,4.074660778045654,0.0616610012948513,4.094013214111328,0.060405999422073364,3.9849870204925537,0.06049700081348419,3.9906959533691406,137019315,83423727.0
2023-09-29,0.062178000807762146,4.077261924743652,0.06230999901890755,4.1127119064331055,0.06138499826192856,4.063875198364258,0.06148599833250046,4.074631214141846,141947701,74285652.0
2023-09-30,0.06214100122451782,4.105618000030518,0.06250599771738052,4.115923881530762,0.061799000948667526,4.074866771697998,0.06218000128865242,4.077208995819092,124411353,51458101.0
2023-10-01,0.06319300085306168,4.261009216308594,0.06351900100708008,4.279936790466309,0.06189600005745888,4.103879928588867,0.062139999121427536,4.1054768562316895,162108911,82943342.0
2023-10-02,0.062059998512268066,4.123762130737305,0.06396099925041199,4.2976460456848145,0.061625998467206955,4.103481769561768,0.06318999826908112,4.26078987121582,275648168,115298155.0
2023-10-03,0.061386000365018845,4.074246883392334,0.062268998473882675,4.159029960632324,0.06122799962759018,4.056303977966309,0.06205400079488754,4.123037815093994,156615776,59966101.0
2023-10-04,0.06148799881339073,4.047316074371338,0.06156099960207939,4.075450897216797,0.060458000749349594,3.9947140216827393,0.061388999223709106,4.074286937713623,141610437,73143922.0
2023-10-05,0.06092299893498421,4.022737979888916,0.0616069994866848,4.072004795074463,0.06083900108933449,4.010641098022461,0.06148599833250046,4.047331809997559,114148166,56530006.0
2023-10-06,0.06142599880695343,4.07214879989624,0.06155499815940857,4.092491149902344,0.06082100048661232,4.0060319900512695,0.060920000076293945,4.0226521492004395,109783884,52328321.0
2023-10-07,0.061455000191926956,4.0564470291137695,0.0616689994931221,4.111029148101807,0.061129000037908554,4.054783821105957,0.06142500042915344,4.072028160095215,97620505,40367505.0
2023-10-08,0.06100799888372421,4.014286041259766,0.06161100044846535,4.073115825653076,0.06087600067257881,4.006164073944092,0.061455998569726944,4.055929183959961,92483679,50702115.0
2023-10-09,0.058779001235961914,3.8772189617156982,0.06103000044822693,4.027659893035889,0.0582600012421608,3.7943060398101807,0.06100999936461449,4.014153957366943,241183528,111810840.0
2023-10-10,0.05902500078082085,3.812432050704956,0.05920400097966194,3.8912088871002197,0.05860799923539162,3.7847580909729004,0.058779001235961914,3.87703800201416,123311323,73969885.0
2023-10-11,0.058469999581575394,3.738058090209961,0.05945400148630142,3.821716070175171,0.057812999933958054,3.7053520679473877,0.05904100090265274,3.8124940395355225,146066511,76263823.0
2023-10-12,0.05789700150489807,3.6735970973968506,0.05849500000476837,3.7388510704040527,0.05746600031852722,3.641685962677002,0.058469999581575394,3.737694025039673,116644185,76835167.0
2023-10-13,0.05839800089597702,3.721198081970215,0.05875600129365921,3.7621779441833496,0.05782400071620941,3.6701951026916504,0.05789700150489807,3.6736350059509277,139290300,60969633.0
2023-10-14,0.05985900014638901,3.7362759113311768,0.05993000045418739,3.7594308853149414,0.058400001376867294,3.7209739685058594,0.058400001376867294,3.7215991020202637,112567930,40015361.0
2023-10-15,0.05934999883174896,3.7549779415130615,0.059859998524188995,3.7731521129608154,0.05912499874830246,3.7120299339294434,0.059859998524188995,3.736320972442627,105304368,55133272.0
2023-10-16,0.060113999992609024,3.7862110137939453,0.061225999146699905,3.8710389137268066,0.05935100093483925,3.7422409057617188,0.05935699865221977,3.7550530433654785,255254744,104165497.0
2023-10-17,0.059119999408721924,3.6750569343566895,0.060155998915433884,3.7859818935394287,0.05880099907517433,3.662230968475342,0.060109999030828476,3.7859818935394287,154163593,72585706.0
2023-10-18,0.05867300182580948,3.6565489768981934,0.05927399918437004,3.720716953277588,0.058361999690532684,3.6366798877716064,0.059115998446941376,3.675153970718384,113718362,62395387.0
2023-10-19,0.058883000165224075,3.6488780975341797,0.058883000165224075,3.6574389934539795,0.05801299959421158,3.607706069946289,0.058667998760938644,3.65643310546875,119806282,78858521.0
2023-10-20,0.05996499955654144,3.7212750911712646,0.06033699959516525,3.7983689308166504,0.05869999900460243,3.6414990425109863,0.05887800082564354,3.6491689682006836,154146216,103783716.0
2023-10-21,0.061188001185655594,3.904405117034912,0.06136300042271614,3.9663949012756348,0.059571001678705215,3.712709903717041,0.05996499955654144,3.7212390899658203,149488431,102109347.0
2023-10-22,0.06159599870443344,3.9647159576416016,0.06166699901223183,3.9679739475250244,0.06056300178170204,3.820570945739746,0.06118899956345558,3.905255079269409,152154020,102800544.0
2023-10-23,0.06708499789237976,4.348272800445557,0.06723800301551819,4.348272800445557,0.06176900118589401,3.9311330318450928,0.061827998608350754,3.9813590049743652,618990461,279500647.0
2023-10-24,0.06655599921941757,4.186614036560059,0.06976699829101562,4.400951862335205,0.06512399762868881,4.134200096130371,0.06711100041866302,4.349508762359619,676497484,287578869.0
2023-10-25,0.06836099922657013,4.2850542068481445,0.06945399940013885,4.3470587730407715,0.06504900008440018,4.159365177154541,0.06656400114297867,4.186936855316162,536305756,191355809.0
2023-10-26,0.07186699658632278,4.236405849456787,0.07488799840211868,4.409787178039551,0.06813199818134308,4.170870780944824,0.06836400181055069,4.285378932952881,1010931815,196562760.0
2023-10-27,0.06788100302219391,4.139359951019287,0.07217899709939957,4.236472129821777,0.06762400269508362,4.065489768981934,0.07187200337648392,4.236472129821777,468362462,157567536.0
2023-10-28,0.06900099664926529,4.180108070373535,0.069691002368927,4.221337795257568,0.06770999729633331,4.135636806488037,0.0678820013999939,4.139181137084961,246982558,98811863.0
2023-10-29,0.06935899704694748,4.3125457763671875,0.07008399814367294,4.350803852081299,0.06791000068187714,4.150012969970703,0.06900200247764587,4.180193901062012,203013207,114199710.0
2023-10-30,0.06965000182390213,4.527799129486084,0.07020000368356705,4.528045177459717,0.06827399879693985,4.2440290451049805,0.06935899704694748,4.312788009643555,292736698,189424182.0
2023-10-31,0.06827700138092041,4.4511799812316895,0.07072199881076813,4.595820903778076,0.06696999818086624,4.322356224060059,0.06964799761772156,4.527864933013916,474946795,197568842.0
2023-11-01,0.06884100288152695,4.730909824371338,0.06955400109291077,4.795650959014893,0.06612899899482727,4.334122180938721,0.06827899813652039,4.4510498046875,461539028,240014626.0
2023-11-02,0.06793399900197983,4.635324001312256,0.07070399820804596,4.795106887817383,0.06718599796295166,4.557126998901367,0.06885900348424911,4.7308759689331055,501730943,215676198.0
2023-11-03,0.06814400106668472,4.6154937744140625,0.0682080015540123,4.639011859893799,0.06663999706506729,4.481236934661865,0.06793099641799927,4.635337829589844,282752934,157624901.0
2023-11-04,0.06907899677753448,4.691026210784912,0.06925699859857559,4.768822193145752,0.06805899739265442,4.595696926116943,0.06814700365066528,4.61528205871582,203958701,129760785.0
2023-11-05,0.07122399657964706,4.773220062255859,0.07159899920225143,4.899320125579834,0.06898099929094315,4.670991897583008,0.06907899677753448,4.690703868865967,447538899,205523537.0
2023-11-06,0.07638099789619446,4.968372821807861,0.076385997235775,4.985403060913086,0.07062099874019623,4.7019429206848145,0.07122399657964706,4.7727861404418945,707371164,188597116.0
2023-11-07,0.07351800054311752,4.931488037109375,0.07638899981975555,5.004222869873047,0.07189799845218658,4.737154960632324,0.07638899981975555,4.968561172485352,789220960,208520335.0
2023-11-08,0.07548099756240845,5.053585052490234,0.07668100297451019,5.0817718505859375,0.07302699983119965,4.872838020324707,0.07351700216531754,4.931319236755371,531673694,213839664.0
2023-11-09,0.07346100360155106,5.087355136871338,0.07773599773645401,5.253759860992432,0.07055699825286865,4.796288013458252,0.07547400146722794,5.052425861358643,964429145,371195493.0
2023-11-10,0.07544399797916412,5.300800800323486,0.0754539966583252,5.3093390464782715,0.0731550008058548,5.011776924133301,0.07346499711275101,5.087687015533447,649733691,285459747.0
2023-11-11,0.07840599864721298,5.553164958953857,0.08169800043106079,5.6576409339904785,0.07492200285196304,5.120489120483398,0.07544499635696411,5.300642967224121,1345253621,410791406.0
2023-11-12,0.07798100262880325,5.707890033721924,0.0799809992313385,5.846567153930664,0.07614400237798691,5.392652988433838,0.0784199982881546,5.553711891174316,727221576,396517036.0
2023-11-13,0.07478199899196625,5.368368148803711,0.07939799875020981,5.8761701583862305,0.07417599856853485,5.364659786224365,0.07797999680042267,5.708605766296387,829471613,330915168.0
2023-11-14,0.07245700061321259,5.2027268409729,0.07542700320482254,5.515987873077393,0.0702809989452362,5.0657639503479,0.0747779980301857,5.367783069610596,708265059,287416833.0
2023-11-15,0.07635600119829178,5.566057205200195,0.07640799880027771,5.631501197814941,0.07241900265216827,5.200839996337891,0.0724560022354126,5.202480792999268,503454120,273974492.0
2023-11-16,0.07927700132131577,5.358421802520752,0.08283700048923492,5.784718990325928,0.07604700326919556,5.314825057983398,0.07635299861431122,5.56646203994751,1563730284,348858975.0
2023-11-17,0.08630400151014328,5.242203235626221,0.08706100285053253,5.479097843170166,0.07932300120592117,5.08736515045166,0.07932599633932114,5.3580322265625,2031597493,255997486.0
2023-11-18,0.08038300275802612,5.291220188140869,0.08639399707317352,5.292086124420166,0.07982899993658066,5.024771213531494,0.08632700145244598,5.242760181427002,1340580447,189841324.0
2023-11-19,0.08057600259780884,5.444248199462891,0.08059799671173096,5.479985237121582,0.07798399776220322,5.193368911743164,0.08039499819278717,5.291365146636963,620299419,187907209.0
2023-11-20,0.07787899672985077,5.304597854614258,0.08203999698162079,5.559099197387695,0.07781600207090378,5.292698860168457,0.08057499676942825,5.44413423538208,668234221,217195343.0
2023-11-21,0.07211899757385254,4.8893890380859375,0.07869800180196762,5.326882839202881,0.07149200141429901,4.855857849121094,0.07787899672985077,5.304758071899414,860811107,285788399.0
2023-11-22,0.07578399777412415,5.17286491394043,0.07656099647283554,5.278530120849609,0.07188399881124496,4.87028694152832,0.072113998234272,4.888023853302002,440962821,208993295.0
2023-11-23,0.07620000094175339,5.13363790512085,0.07634799927473068,5.2166547775268555,0.07516200095415115,5.096879959106445,0.07576999813318253,5.17264986038208,279606815,122906505.0
2023-11-24,0.07821699976921082,5.24334192276001,0.07842899858951569,5.288729190826416,0.07614900171756744,5.127062797546387,0.0761990025639534,5.133674144744873,401116993,193231709.0
2023-11-25,0.07895500212907791,5.3300862312316895,0.07910499721765518,5.381474018096924,0.07776299864053726,5.230507850646973,0.07821600139141083,5.242917060852051,291859035,124787041.0
2023-11-26,0.07870399951934814,5.32512903213501,0.07897999882698059,5.4074578285217285,0.0763460025191307,5.2050018310546875,0.07895199954509735,5.33013916015625,343339848,170218507.0
2023-11-27,0.07878799736499786,5.161478042602539,0.08132000267505646,5.36693000793457,0.07708899676799774,5.049295902252197,0.07868999987840652,5.324221134185791,743996999,203213671.0
2023-11-28,0.08100900053977966,5.2706780433654785,0.08103100210428238,5.308376789093018,0.07703699916601181,5.116793155670166,0.07879199832677841,5.1611480712890625,618900678,187192411.0
2023-11-29,0.08059299737215042,5.168088912963867,0.08284199982881546,5.370061874389648,0.07978600263595581,5.160088062286377,0.08100400120019913,5.270658016204834,596560786,184196011.0
2023-11-30,0.08341699838638306,5.465794086456299,0.08421699702739716,5.567933082580566,0.08053699880838394,5.128605842590332,0.08059900254011154,5.1681108474731445,645565938,282346044.0
2023-12-01,0.08385699987411499,5.475039958953857,0.08490800112485886,5.516274929046631,0.08250399678945541,5.37985897064209,0.0834140032529831,5.46608304977417,519429439,153997357.0
2023-12-02,0.08627899736166,5.573881149291992,0.0864809975028038,5.597385883331299,0.08354800194501877,5.458980083465576,0.083856001496315,5.474730968475342,462433973,128776781.0
2023-12-03,0.08561500161886215,5.54657506942749,0.08714699745178223,5.608564853668213,0.08388999849557877,5.443553924560547,0.08628299832344055,5.573408126831055,550096321,152613977.0
2023-12-04,0.0919400006532669,5.626327037811279,0.09195400029420853,5.716184139251709,0.08543100208044052,5.490693092346191,0.08561699837446213,5.546393871307373,1364950607,276026759.0
2023-12-05,0.0942469984292984,5.911571979522705,0.09505700320005417,5.932798862457275,0.08771999925374985,5.521039962768555,0.09192100167274475,5.626979827880859,1094480332,349322266.0
2023-12-06,0.09486400336027145,6.043325901031494,0.10543199628591537,6.1947832107543945,0.09377399832010269,5.8150129318237305,0.09424799680709839,5.910768985748291,2606846041,391203869.0
2023-12-07,0.09591999650001526,6.246665954589844,0.09793899953365326,6.285830974578857,0.09330800175666809,5.93161678314209,0.09489099681377411,6.0444440841674805,1229053762,302450588.0
2023-12-08,0.10147000104188919,6.839678764343262,0.10340599715709686,6.901350021362305,0.09582500159740448,6.182971954345703,0.09591399878263474,6.24694299697876,1017561991,413408879.0
2023-12-09,0.0985419973731041,7.11761999130249,0.10461500287055969,7.6706109046936035,0.09804099798202515,6.839934825897217,0.10149600356817245,6.839934825897217,1122491938,712895503.0
2023-12-10,0.10180100053548813,7.3415751457214355,0.10263600200414658,7.3415751457214355,0.09715200215578079,6.987497806549072,0.09854300320148468,7.117362022399902,687190079,319835932.0
2023-12-11,0.09438399970531464,6.7066969871521,0.10583700239658356,7.345096111297607,0.09181500226259232,6.418455123901367,0.10181199759244919,7.342336177825928,1973481451,538631045.0
2023-12-12,0.0938350036740303,7.123778820037842,0.09745299816131592,7.3033270835876465,0.09154199808835983,6.706394195556641,0.09438200294971466,6.706394195556641,948285886,532269712.0
2023-12-13,0.09642799943685532,7.610177993774414,0.09738200157880783,7.625853061676025,0.0906049981713295,6.665576934814453,0.0938199982047081,7.123782157897949,812811810,463975500.0
2023-12-14,0.09825500100851059,7.521094799041748,0.09867899864912033,7.729955196380615,0.09497500211000443,7.142624855041504,0.09642700105905533,7.611420154571533,742258598,494202129.0
2023-12-15,0.0930040031671524,6.956742763519287,0.09861099720001221,7.554464817047119,0.0929730013012886,6.956742763519287,0.09826900064945221,7.5197601318359375,614056351,388837339.0
2023-12-16,0.09705600142478943,7.085906982421875,0.09707599878311157,7.337008953094482,0.09228499978780746,6.903770923614502,0.0930040031671524,6.956724166870117,498585277,279250108.0
2023-12-17,0.09309700131416321,6.792212963104248,0.09758500009775162,7.15267276763916,0.09277500212192535,6.771905899047852,0.09706199914216995,7.085665225982666,482463968,259799176.0
2023-12-18,0.09203600138425827,6.875728130340576,0.09365099668502808,6.879576206207275,0.08718699961900711,6.410623073577881,0.09308400005102158,6.790312767028809,685264950,307104897.0
2023-12-19,0.09029699862003326,6.715219020843506,0.09335500001907349,7.024956226348877,0.08960700035095215,6.633543968200684,0.09203799813985825,6.876213073730469,482452805,228867147.0
2023-12-20,0.09141699969768524,6.942695140838623,0.09326499700546265,7.1226677894592285,0.08974400162696838,6.64164400100708,0.09029000252485275,6.714593887329102,596172199,303998673.0
2023-12-21,0.09500399976968765,8.361507415771484,0.09721100330352783,8.36302375793457,0.09083200246095657,6.927731037139893,0.09142400324344635,6.9430389404296875,808685569,964588443.0
2023-12-22,0.09519799798727036,7.969131946563721,0.09549400210380554,8.530817985534668,0.09233099967241287,7.871650218963623,0.09500700235366821,8.370100975036621,622353150,640763569.0
2023-12-23,0.09356199949979782,8.34211540222168,0.09520000219345093,8.438288688659668,0.09242700040340424,7.621263027191162,0.09520000219345093,7.968948841094971,357245326,460523777.0
2023-12-24,0.09189499914646149,8.647969245910645,0.09480199962854385,9.156386375427246,0.09134799987077713,8.337475776672363,0.09357900172472,8.342073440551758,566323407,1079897568.0
2023-12-25,0.0944489985704422,9.228659629821777,0.09516700357198715,9.378779411315918,0.09154000133275986,8.538396835327148,0.09190300107002258,8.647509574890137,435910884,883892634.0
2023-12-26,0.09135600179433823,8.819256782531738,0.09444700181484222,9.578560829162598,0.0891219973564148,8.519404411315918,0.09444700181484222,9.222354888916016,567640365,707582624.0
2023-12-27,0.09357900172472,8.703069686889648,0.09386400133371353,8.997459411621094,0.0899209976196289,8.442439079284668,0.09135399758815765,8.819127082824707,423259088,474271917.0
2023-12-28,0.09188400208950043,8.450114250183105,0.09490100294351578,8.899014472961426,0.09137699753046036,8.313275337219238,0.0935949981212616,8.70330810546875,464569016,434449041.0
2023-12-29,0.09103800356388092,8.292625427246094,0.09301400184631348,8.67758560180664,0.08966699987649918,8.135847091674805,0.09188300371170044,8.450278282165527,407349878,474260327.0
2023-12-30,0.09014800190925598,8.37086296081543,0.09140100330114365,8.474199295043945,0.08959300071001053,8.13432788848877,0.09103100001811981,8.292732238769531,252403426,239200073.0
2023-12-31,0.08947200328111649,8.193986892700195,0.09081599861383438,8.627558708190918,0.08897099643945694,8.128181457519531,0.09014599770307541,8.369000434875488,259196255,304720310.0
2024-01-01,0.09202399849891663,8.59892463684082,0.09204600006341934,8.624625205993652,0.08883800357580185,8.099416732788086,0.08947300165891647,8.201030731201172,298687049,246624749.0
2024-01-02,0.09120400249958038,8.41269588470459,0.09432999789714813,8.801246643066406,0.09080400317907333,8.35427188873291,0.09203699976205826,8.599173545837402,496309010,340575264.0
2024-01-03,0.08204200118780136,7.641822814941406,0.09209299832582474,8.564529418945312,0.08101800084114075,6.978058815002441,0.09120500087738037,8.412877082824707,1026941029,662847385.0
2024-01-04,0.08413100242614746,7.881475925445557,0.08465500175952911,7.987429141998291,0.08155100047588348,7.537779808044434,0.08204899728298187,7.641465187072754,514230239,333627890.0
2024-01-05,0.08277300000190735,7.44556188583374,0.08475500345230103,7.945946216583252,0.08123499900102615,7.246333122253418,0.08412099629640579,7.881258010864258,547983037,348229259.0
2024-01-06,0.0806640014052391,7.13883113861084,0.08277300000190735,7.448600769042969,0.07885400205850601,6.987271785736084,0.08277300000190735,7.445598125457764,414677901,241045789.0
2024-01-07,0.07822500169277191,6.8958330154418945,0.08147399872541428,7.31396484375,0.07763499766588211,6.844491004943848,0.08066800236701965,7.139665126800537,399266341,223805100.0
2024-01-08,0.08137000352144241,7.477948188781738,0.08171699941158295,7.500977039337158,0.074972003698349,6.564640998840332,0.07822799682617188,6.89644718170166,603250657,344729757.0
2024-01-09,0.07926300168037415,7.1172099113464355,0.08218199759721756,7.521772861480713,0.07723300158977509,6.926910877227783,0.08137799799442291,7.478612899780273,957047300,293447141.0
2024-01-10,0.08294200152158737,7.9710612297058105,0.08444999903440475,8.074015617370605,0.07668299973011017,6.848066806793213,0.07926300168037415,7.1185407638549805,703451086,416263452.0
2024-01-11,0.0846249982714653,8.170188903808594,0.08763500303030014,8.56672477722168,0.08238299936056137,7.88328218460083,0.08296900242567062,7.97337007522583,778110109,535315793.0
2024-01-12,0.08004599809646606,7.569273948669434,0.085377998650074,8.206327438354492,0.07824700325727463,7.419299125671387,0.08461499959230423,8.166200637817383,607108203,350427695.0
2024-01-13,0.08092299848794937,7.612985134124756,0.08126000314950943,7.739999771118164,0.07890599966049194,7.412961006164551,0.08003599941730499,7.567115783691406,297741301,202570099.0
2024-01-14,0.07997799664735794,7.327098846435547,0.08382400125265121,7.6884331703186035,0.07985100150108337,7.327098846435547,0.0809210017323494,7.613140106201172,461353847,170845572.0
2024-01-15,0.08112499862909317,7.517786979675293,0.08163700252771378,7.676066875457764,0.07996899634599686,7.320394992828369,0.07996899634599686,7.325549125671387,272657967,194678728.0
2024-01-16,0.08130999654531479,7.490059852600098,0.08226700127124786,7.662617206573486,0.07998999953269958,7.355122089385986,0.08110599964857101,7.515417098999023,328206882,196373828.0
2024-01-17,0.08050499856472015,7.33296012878418,0.08153899759054184,7.590974807739258,0.07955600321292877,7.266695976257324,0.08131200075149536,7.488630771636963,261149597,183863749.0
2024-01-18,0.07798700034618378,7.007637023925781,0.08069299906492233,7.377193927764893,0.07739900052547455,6.8632330894470215,0.0805089995265007,7.335141181945801,314880990,242668717.0
2024-01-19,0.07853599637746811,6.874605178833008,0.07870499789714813,7.0418500900268555,0.07515200227499008,6.595668792724609,0.07798799872398376,7.007309913635254,351038255,228284379.0
2024-01-20,0.08788800239562988,6.898894786834717,0.08999799937009811,6.942978858947754,0.07823599874973297,6.783598899841309,0.07853399962186813,6.875,684267184,140211032.0
2024-01-21,0.08527299761772156,6.807318210601807,0.08999200165271759,6.964542865753174,0.08484300225973129,6.807318210601807,0.08786799758672714,6.900289058685303,948730356,115667492.0
2024-01-22,0.08034099638462067,6.332924842834473,0.08541599661111832,6.835377216339111,0.08019500225782394,6.320576190948486,0.08529199659824371,6.8084330558776855,673330908,269918505.0
2024-01-23,0.07815399765968323,6.35443115234375,0.08167699724435806,6.443181037902832,0.07609099894762039,6.001399993896484,0.0803460031747818,6.332934856414795,555482191,251031948.0
2024-01-24,0.07901600003242493,6.459842205047607,0.08051799982786179,6.532093048095703,0.07774999737739563,6.264542102813721,0.07815700024366379,6.35441780090332,372585722,182514259.0
2024-01-25,0.07793299853801727,6.434463024139404,0.07913699746131897,6.559728145599365,0.0771929994225502,6.353330135345459,0.07901600003242493,6.459924221038818,292888748,156401029.0
2024-01-26,0.07990100234746933,6.672458171844482,0.08027900010347366,6.723200798034668,0.07759500294923782,6.365406036376953,0.07792899757623672,6.433969020843506,283895680,186488222.0
2024-01-27,0.08014199882745743,6.6702470779418945,0.08067800104618073,6.740087985992432,0.07907100021839142,6.540070056915283,0.07988300174474716,6.672746181488037,212327663,141355540.0
2024-01-28,0.07881300151348114,6.839127063751221,0.08137000352144241,6.839127063751221,0.07829199731349945,6.57917594909668,0.08014000207185745,6.670121192932129,257196385,181489925.0
2024-01-29,0.08128900080919266,7.030881881713867,0.08287200331687927,7.290433883666992,0.07822299748659134,6.7207560539245605,0.07881300151348114,6.846796989440918,540569157,340006925.0
2024-01-30,0.07972300052642822,6.8419671058654785,0.08212900161743164,7.074925899505615,0.0795930027961731,6.832417964935303,0.08129999786615372,7.030881881713867,333456483,219740479.0
2024-01-31,0.07876399904489517,6.655735969543457,0.0802220031619072,6.881528854370117,0.07821399718523026,6.602621078491211,0.07972899824380875,6.840968132019043,307301569,196604220.0
2024-02-01,0.07932700216770172,6.791077136993408,0.0797789990901947,6.810060977935791,0.07768400013446808,6.5575480461120605,0.07876300066709518,6.655661106109619,257042563,157887536.0
2024-02-02,0.07923299819231033,6.936224937438965,0.07990100234746933,7.018485069274902,0.0786219984292984,6.773137092590332,0.07932700216770172,6.790939807891846,220161256,157571928.0
2024-02-03,0.07865100353956223,6.8314900398254395,0.07945500314235687,6.999074935913086,0.07861600071191788,6.824721813201904,0.07923399657011032,6.936542987823486,152907809,108609624.0
2024-02-04,0.07823800295591354,6.6672282218933105,0.0798569992184639,6.831117153167725,0.07808399945497513,6.663340091705322,0.07865799963474274,6.831117153167725,183715849,99743821.0
2024-02-05,0.07822000235319138,6.726913928985596,0.08002699911594391,6.961443901062012,0.077504001557827,6.602934837341309,0.07824800163507462,6.666592121124268,257544919,164799424.0
2024-02-06,0.07846599817276001,6.805706977844238,0.0791810005903244,6.824390888214111,0.07776299864053726,6.653200149536133,0.0782260000705719,6.72693395614624,192061699,145904731.0
2024-02-07,0.08010400086641312,6.939929962158203,0.08025500178337097,6.955843925476074,0.07821100205183029,6.672439098358154,0.07846999913454056,6.805765151977539,213373948,164416661.0
2024-02-08,0.07987099885940552,7.0146660804748535,0.08075500279664993,7.100994110107422,0.07962600141763687,6.873566150665283,0.08010099828243256,6.940086841583252,248828595,218444800.0
2024-02-09,0.08157899975776672,7.19149112701416,0.08208800107240677,7.313177108764648,0.07987000048160553,6.965021133422852,0.07987000048160553,7.015011787414551,333635097,258789600.0
2024-02-10,0.08144800364971161,7.208862781524658,0.08208300173282623,7.287110805511475,0.0804620012640953,7.073970794677734,0.08158200234174728,7.192077159881592,212946391,149811265.0
2024-02-11,0.0811930000782013,7.096012115478516,0.08327899873256683,7.331010818481445,0.08099199831485748,7.087368965148926,0.08144699782133102,7.208156108856201,304303558,169782015.0
2024-02-12,0.08234500139951706,7.346063137054443,0.08279699832201004,7.3699212074279785,0.07956799864768982,6.992568016052246,0.08120299875736237,7.0968098640441895,360525326,245642262.0
2024-02-13,0.08108899742364883,7.362933158874512,0.08295399695634842,7.443851947784424,0.08006200194358826,7.152872085571289,0.08233299851417542,7.344686985015869,419683385,241793764.0
2024-02-14,0.08554299920797348,7.658267021179199,0.08700300008058548,7.704767227172852,0.08056899905204773,7.285497188568115,0.08108600229024887,7.361873149871826,627015518,294559497.0
2024-02-15,0.08535599708557129,7.778054237365723,0.08804800361394882,7.941685199737549,0.08416599780321121,7.557400226593018,0.08554600179195404,7.657978057861328,636946996,336231658.0
2024-02-16,0.08601299673318863,7.657581806182861,0.08788000047206879,7.862547874450684,0.08439300209283829,7.558803081512451,0.0853549987077713,7.780669212341309,441121282,216737045.0
2024-02-17,0.08359300345182419,7.7043538093566895,0.08605899661779404,7.7043538093566895,0.08220499753952026,7.359714984893799,0.08601599931716919,7.657166957855225,347758664,189701668.0
2024-02-18,0.08516599982976913,7.8500590324401855,0.08569999784231186,7.913236141204834,0.08301699906587601,7.695055961608887,0.0835919976234436,7.704592227935791,300251530,205287649.0
2024-02-19,0.08947700262069702,8.029154777526855,0.09053599834442139,8.138372421264648,0.08512099832296371,7.67304801940918,0.0851690024137497,7.850647926330566,663450017,331476480.0
2024-02-20,0.08614300191402435,7.733205795288086,0.09120800346136093,8.108119010925293,0.08356799930334091,7.471696853637695,0.08947400003671646,8.028989791870117,801458657,378987928.0
2024-02-21,0.08461499959230423,7.468303203582764,0.08622200042009354,7.7329511642456055,0.08217299729585648,7.250452041625977,0.08614800125360489,7.7329511642456055,435393890,276903184.0
2024-02-22,0.0840890035033226,7.482891082763672,0.08540699630975723,7.661427974700928,0.0831649973988533,7.285481929779053,0.08460500091314316,7.469287872314453,362895383,239367257.0
2024-02-23,0.08443400263786316,7.563416004180908,0.08548299968242645,7.636072158813477,0.08303599804639816,7.279379844665527,0.08408299833536148,7.4824910163879395,400189069,249643272.0
2024-02-24,0.08615600317716599,7.809398174285889,0.08631999790668488,7.885220050811768,0.08395499736070633,7.444859981536865,0.08444800227880478,7.563381195068359,326082311,237375316.0
2024-02-25,0.08609899878501892,7.923061847686768,0.08675900101661682,7.933513164520264,0.08546099811792374,7.685474872589111,0.08615700155496597,7.809704780578613,290853292,183729022.0
2024-02-26,0.08938899636268616,8.10434341430664,0.09002400189638138,8.10434341430664,0.08429200202226639,7.593861103057861,0.08609800040721893,7.922079086303711,523738048,296502812.0
2024-02-27,0.09767100214958191,8.371495246887207,0.09995699673891068,8.44161319732666,0.08863700181245804,8.042547225952148,0.08938799798488617,8.10512924194336,1806722811,405624500.0
2024-02-28,0.1165819987654686,8.342618942260742,0.12111599743366241,8.693132400512695,0.09460700303316116,7.872698783874512,0.09767299890518188,8.370067596435547,3843947641,609235960.0
2024-02-29,0.11718499660491943,8.255024909973145,0.13440899550914764,8.881213188171387,0.11181599646806717,8.048049926757812,0.11644700169563293,8.343832969665527,4799960277,508493882.0
2024-03-01,0.13955700397491455,8.674229621887207,0.1452610045671463,8.674408912658691,0.11716700345277786,8.252628326416016,0.11716700345277786,8.252628326416016,3758449851,336431152.0
2024-03-02,0.14212100207805634,9.436100959777832,0.15006400644779205,9.459188461303711,0.13692699372768402,8.6152925491333,0.13961400091648102,8.674181938171387,3588994520,553392267.0
2024-03-03,0.15383599698543549,9.797439575195312,0.15575900673866272,9.883532524108887,0.12984000146389008,8.785393714904785,0.1421310007572174,9.440377235412598,4012808483,663668776.0
2024-03-04,0.1829099953174591,9.911170959472656,0.18430699408054352,10.269759178161621,0.14878100156784058,9.64480972290039,0.15394100546836853,9.792799949645996,6348241494,857188708.0
2024-03-05,0.15393699705600739,9.330388069152832,0.2054390013217926,10.74907112121582,0.1301030069589615,8.366874694824219,0.18280400335788727,9.896360397338867,9368269377,1345409497.0
2024-03-06,0.15779100358486176,10.514226913452148,0.17743299901485443,10.557882308959961,0.14696699380874634,8.943414688110352,0.15392500162124634,9.330403327941895,4497901224,783733356.0
2024-03-07,0.1581210047006607,10.422065734863281,0.16204099357128143,10.989618301391602,0.14708200097084045,10.267990112304688,0.15779100358486176,10.514226913452148,3006036407,585840471.0
2024-03-08,0.16534699499607086,10.665131568908691,0.1754949986934662,10.710165977478027,0.15549400448799133,10.004076957702637,0.15812000632286072,10.421942710876465,3976624455,609067054.0
2024-03-09,0.17908300459384918,10.522542953491211,0.18454299867153168,10.965413093566895,0.1643189936876297,10.449006080627441,0.16534699499607086,10.665156364440918,3451219764,449980303.0
2024-03-10,0.16991999745368958,10.278813362121582,0.17958800494670868,10.574631690979004,0.16595199704170227,9.995622634887695,0.17908300459384918,10.522547721862793,2274489696,388874905.0
2024-03-11,0.18196499347686768,11.036376953125,0.18250900506973267,11.238323211669922,0.16256700456142426,9.95882511138916,0.16990700364112854,10.278986930847168,2905703482,733295312.0
2024-03-12,0.16814400255680084,10.726625442504883,0.18310800194740295,11.142626762390137,0.16010400652885437,10.184982299804688,0.18197299540042877,11.036376953125,2524942571,566762255.0
2024-03-13,0.1691579967737198,11.32108211517334,0.17385099828243256,11.32108211517334,0.16579200327396393,10.658047676086426,0.16815200448036194,10.727691650390625,1930415342,569338750.0
2024-03-14,0.17733000218868256,11.542901992797852,0.19151200354099274,11.88243293762207,0.1656239926815033,10.751774787902832,0.1691579967737198,11.321287155151367,6047716785,954859836.0
2024-03-15,0.1632310003042221,10.838363647460938,0.18105700612068176,11.678496360778809,0.15408200025558472,10.075045585632324,0.17732900381088257,11.542890548706055,3584306802,916276315.0
2024-03-16,0.14236800372600555,9.696842193603516,0.16493600606918335,10.886320114135742,0.1384190022945404,9.521222114562988,0.1632310003042221,10.838363647460938,2400392026,587580190.0
2024-03-17,0.15433000028133392,10.115609169006348,0.15876099467277527,10.240716934204102,0.13773199915885925,9.241060256958008,0.1423639953136444,9.696842193603516,2329294453,466294928.0
2024-03-18,0.14367300271987915,9.907398223876953,0.1543319970369339,10.442526817321777,0.1401969939470291,9.614563941955566,0.15432800352573395,10.078953742980957,1657669949,461962142.0
2024-03-19,0.1287280023097992,8.764359474182129,0.14501400291919708,9.980661392211914,0.12563000619411469,8.604705810546875,0.14367300271987915,9.907398223876953,2946516944,607301835.0
2024-03-20,0.15218600630760193,9.491859436035156,0.15286800265312195,9.557973861694336,0.12345299869775772,8.510772705078125,0.1287350058555603,8.764359474182129,3190645446,530907741.0
2024-03-21,0.15529200434684753,9.172893524169922,0.1587589979171753,9.57751178741455,0.14718900620937347,9.071198463439941,0.15218600630760193,9.491859436035156,2581283877,341959124.0
2024-03-22,0.15270300209522247,8.919258117675781,0.164902001619339,9.353450775146484,0.14559100568294525,8.72485065460205,0.15530000627040863,9.172804832458496,2672448713,296569819.0
2024-03-23,0.16176800429821014,8.982089042663574,0.17461900413036346,9.217262268066406,0.151855006814003,8.880110740661621,0.15270300209522247,8.919258117675781,2912614106,189986287.0
2024-03-24,0.17645299434661865,9.369309425354004,0.17990000545978546,9.429478645324707,0.16171599924564362,8.974255561828613,0.16176800429821014,8.982227325439453,2848346890,193041938.0
2024-03-25,0.17536699771881104,9.737619400024414,0.18599900603294373,9.820472717285156,0.1701660007238388,9.29410171508789,0.17645299434661865,9.369295120239258,2654389972,300666153.0
2024-03-26,0.18248599767684937,9.690574645996094,0.18605700135231018,10.052383422851562,0.17492400109767914,9.539748191833496,0.17536699771881104,9.737619400024414,2877194654,360756482.0
2024-03-27,0.19032999873161316,9.443778038024902,0.19128499925136566,9.79432201385498,0.1798429936170578,9.314148902893066,0.18248599767684937,9.690574645996094,4055908716,325392728.0
2024-03-28,0.22005599737167358,9.516780853271484,0.22658100724220276,9.64892578125,0.1895730048418045,9.302928924560547,0.19031700491905212,9.443778038024902,6553128323,259183583.0
2024-03-29,0.21349099278450012,9.596235275268555,0.22439999878406525,9.797361373901367,0.2088100016117096,9.364839553833008,0.22005599737167358,9.516780853271484,3493454859,293826300.0
2024-03-30,0.19943399727344513,9.433736801147461,0.21651600301265717,9.693848609924316,0.19784699380397797,9.398588180541992,0.21342399716377258,9.596659660339355,2403795719,173787689.0
2024-03-31,0.22006399929523468,9.64262580871582,0.22393299639225006,9.642939567565918,0.19933399558067322,9.426131248474121,0.199413001537323,9.433736801147461,2414867092,152565004.0
2024-04-01,0.20556999742984772,9.16106128692627,0.22006799280643463,9.731353759765625,0.1981080025434494,8.94188404083252,0.22006499767303467,9.642613410949707,3408206742,305782869.0
2024-04-02,0.1823039948940277,8.57861328125,0.20557700097560883,9.161090850830078,0.18046799302101135,8.39034366607666,0.20557500422000885,9.161039352416992,3855758084,339528418.0
2024-04-03,0.17554700374603271,8.433554649353027,0.18740299344062805,8.777227401733398,0.17050600051879883,8.29648208618164,0.18230199813842773,8.578600883483887,3112605374,257058637.0
2024-04-04,0.17992599308490753,8.490893363952637,0.18809999525547028,8.707253456115723,0.17226199805736542,8.27935791015625,0.17554700374603271,8.433548927307129,2153623709,238433578.0
2024-04-05,0.17751799523830414,8.38903522491455,0.1804800033569336,8.508145332336426,0.16803699731826782,8.094186782836914,0.17992599308490753,8.490839958190918,1914940616,227938545.0
2024-04-06,0.18595099449157715,8.494186401367188,0.1876859962940216,8.547804832458496,0.1767899990081787,8.344802856445312,0.1775210052728653,8.38903522491455,1620171667,156072071.0
2024-04-07,0.19910800457000732,8.70672607421875,0.2048110067844391,8.737574577331543,0.18580299615859985,8.467881202697754,0.18594899773597717,8.493988990783691,2643420654,184130993.0
2024-04-08,0.20263999700546265,9.044649124145508,0.20869000256061554,9.081189155578613,0.19588500261306763,8.577800750732422,0.19910599291324615,8.70672607421875,2106344172,255986859.0
2024-04-09,0.18900099396705627,8.660052299499512,0.20324300229549408,9.102187156677246,0.18636099994182587,8.638287544250488,0.20263999700546265,9.044662475585938,2078490138,301146995.0
2024-04-10,0.19998399913311005,8.418901443481445,0.20167599618434906,8.686888694763184,0.1817619949579239,8.192951202392578,0.18900099396705627,8.660017013549805,2662343295,300776050.0
2024-04-11,0.19401100277900696,8.379441261291504,0.20311999320983887,8.515911102294922,0.19044199585914612,8.201009750366211,0.19998399913311005,8.418827056884766,2179869259,220806144.0
2024-04-12,0.17459699511528015,7.2410888671875,0.20042799413204193,8.482064247131348,0.16251300275325775,6.600109100341797,0.19401100277900696,8.379779815673828,3611512055,650188288.0
2024-04-13,0.1531679928302765,6.417977809906006,0.1755719929933548,7.324754238128662,0.13219499588012695,5.81012487411499,0.17461200058460236,7.241166114807129,4750917199,670503551.0
2024-04-14,0.1622850000858307,6.8693461418151855,0.16448600590229034,6.9224958419799805,0.14448200166225433,6.224710941314697,0.1531679928302765,6.417977809906006,3723264167,511526862.0
2024-04-15,0.16136899590492249,6.712531089782715,0.16888999938964844,7.203770160675049,0.1508840024471283,6.4586968421936035,0.1622850000858307,6.8693461418151855,3604719833,344174099.0
2024-04-16,0.15598900616168976,6.700047016143799,0.1622370034456253,6.811182975769043,0.1469080001115799,6.392067909240723,0.16136899590492249,6.712433815002441,2473810383,239057451.0
2024-04-17,0.14760500192642212,6.57962703704834,0.1585109978914261,6.766924858093262,0.14483599364757538,6.3566999435424805,0.15599000453948975,6.700076103210449,1972027907,202508444.0
2024-04-18,0.15244799852371216,6.785522937774658,0.15371699631214142,6.818521022796631,0.14130699634552002,6.459134101867676,0.1476060003042221,6.579668998718262,1947482132,179384204.0
2024-04-19,0.15626800060272217,6.687657833099365,0.15690599381923676,6.910538196563721,0.13964399695396423,6.298625946044922,0.15244799852371216,6.785522937774658,2186567402,279495726.0
2024-04-20,0.1628270000219345,7.234262943267822,0.16484199464321136,7.276090145111084,0.15094199776649475,6.62283182144165,0.15626800060272217,6.6876068115234375,1649509831,168418299.0
2024-04-21,0.15826000273227692,7.135028839111328,0.16547800600528717,7.287929058074951,0.1556060016155243,6.984335899353027,0.16282600164413452,7.234401226043701,1293159346,149501379.0
2024-04-22,0.16119399666786194,7.477910995483398,0.16336099803447723,7.568668842315674,0.15684300661087036,7.116386890411377,0.15825900435447693,7.135028839111328,1251987179,220628801.0
2024-04-23,0.15994399785995483,7.244586944580078,0.16286799311637878,7.53865909576416,0.15716899931430817,7.215280055999756,0.16119399666786194,7.477910995483398,1047860346,207206637.0
2024-04-24,0.15135399997234344,6.930154800415039,0.1640940010547638,7.488140106201172,0.14952899515628815,6.864323139190674,0.15994399785995483,7.244586944580078,1524749099,238265461.0
2024-04-25,0.15139399468898773,6.862369060516357,0.15418100357055664,6.989291191101074,0.14775300025939941,6.711061954498291,0.15135599672794342,6.930377960205078,1078441792,182874679.0
2024-04-26,0.14783699810504913,6.758216857910156,0.15172700583934784,6.94232702255249,0.14706100523471832,6.723820209503174,0.15139399468898773,6.862369060516357,877813549,176487967.0
2024-04-27,0.1477160006761551,6.798635005950928,0.14936399459838867,6.851877212524414,0.14329899847507477,6.546915054321289,0.14783699810504913,6.758216857910156,847646783,160600840.0
2024-04-28,0.146698996424675,6.723606109619141,0.15095999836921692,6.941548824310303,0.1463010013103485,6.70150899887085,0.1477160006761551,6.798635005950928,638063324,121036003.0
2024-04-29,0.14349199831485748,6.591732978820801,0.14794999361038208,6.8161749839782715,0.13990500569343567,6.47987699508667,0.146698996424675,6.723606109619141,1030579266,165873956.0
2024-04-30,0.13332700729370117,6.422237873077393,0.14590199291706085,6.658287048339844,0.12976199388504028,6.0707879066467285,0.14349199831485748,6.59174108505249,1342359702,268360238.0
2024-05-01,0.1301340013742447,6.883042812347412,0.13372400403022766,6.904794216156006,0.1203479990363121,6.1378350257873535,0.13332700729370117,6.422231197357178,2135887034,398713345.0
2024-05-02,0.1321060061454773,7.285116195678711,0.13425399363040924,7.397714138031006,0.12422700226306915,6.704588890075684,0.1301340013742447,6.883581161499023,1308884973,268770098.0
2024-05-03,0.1461459994316101,7.255101203918457,0.1477620005607605,7.381486892700195,0.1314219981431961,7.021543025970459,0.13210900127887726,7.285116195678711,1266276714,258847903.0
2024-05-04,0.1601569950580597,7.1270599365234375,0.16909199953079224,7.255156993865967,0.14610600471496582,7.118240833282471,0.14614200592041016,7.2550811767578125,2791346636,161650387.0
2024-05-05,0.16106800734996796,7.306784152984619,0.1631300002336502,7.3957672119140625,0.15497800707817078,7.030177116394043,0.1601569950580597,7.1270599365234375,1506950274,177269447.0
2024-05-06,0.1566080003976822,7.122262001037598,0.16894100606441498,7.46200704574585,0.15444500744342804,7.073089122772217,0.1610659956932068,7.306784152984619,1747675308,225357675.0
2024-05-07,0.15018999576568604,6.996738910675049,0.15980200469493866,7.286386013031006,0.14973799884319305,6.994541168212891,0.1566080003976822,7.122262001037598,1139969527,176649888.0
2024-05-08,0.14329400658607483,6.990118980407715,0.15192100405693054,7.179062843322754,0.14221100509166718,6.908949851989746,0.15018999576568604,6.996738910675049,1159774226,192829781.0
2024-05-09,0.15211699903011322,7.050119876861572,0.1539829969406128,7.084794044494629,0.14315800368785858,6.79024600982666,0.14329400658607483,6.99010705947876,1093467705,170326766.0
2024-05-10,0.14403100311756134,6.749961853027344,0.15304799377918243,7.144003868103027,0.14252500236034393,6.712246894836426,0.15211699903011322,7.0501580238342285,1056928481,184632969.0
2024-05-11,0.1429239958524704,6.6592278480529785,0.1460369974374771,6.8017168045043945,0.1427070051431656,6.642405986785889,0.14403100311756134,6.749966144561768,533516788,118680608.0
2024-05-12,0.1412310004234314,6.6203789710998535,0.14438900351524353,6.785958766937256,0.14001600444316864,6.601149082183838,0.14292499423027039,6.659226894378662,601107964,96206969.0
2024-05-13,0.14843399822711945,6.665497779846191,0.1568250060081482,6.818121910095215,0.1360429972410202,6.440234184265137,0.1412310004234314,6.6203789710998535,1918835792,173695911.0
2024-05-14,0.14541900157928467,6.4789018630981445,0.15476499497890472,6.692512035369873,0.1443610042333603,6.474983215332031,0.14843299984931946,6.665469169616699,1899294334,159527216.0
2024-05-15,0.15552599728107452,6.963479995727539,0.1569889932870865,7.0173468589782715,0.1454000025987625,6.470198154449463,0.14541900157928467,6.478930950164795,1767635344,239221408.0
2024-05-16,0.14963699877262115,7.029125213623047,0.15902499854564667,7.059906959533691,0.14906999468803406,6.827576160430908,0.15552900731563568,6.963543891906738,1374063837,193239228.0
2024-05-17,0.15556299686431885,7.196755886077881,0.15636399388313293,7.290482044219971,0.1495169997215271,7.008498191833496,0.14963699877262115,7.029125213623047,1112782871,235632961.0
2024-05-18,0.15307700634002686,7.161952972412109,0.1568720042705536,7.224698066711426,0.15165700018405914,7.0758137702941895,0.15556299686431885,7.196849822998047,771261615,132802922.0
2024-05-19,0.14910699427127838,6.937534809112549,0.15596400201320648,7.176050186157227,0.1479569971561432,6.9014739990234375,0.15307700634002686,7.1619648933410645,786457296,130335901.0
2024-05-20,0.16568799316883087,7.5750298500061035,0.16594499349594116,7.575379848480225,0.14809900522232056,6.868141174316406,0.14910699427127838,6.937534809112549,1512244150,260338772.0
2024-05-21,0.17047399282455444,7.613661766052246,0.17262999713420868,7.657810211181641,0.16090500354766846,7.435469150543213,0.16568799316883087,7.5750298500061035,2792364765,284995754.0
2024-05-22,0.16616299748420715,7.454471111297607,0.1740950047969818,7.690678119659424,0.1622440069913864,7.387515068054199,0.17047399282455444,7.613661766052246,1978486152,241724928.0
2024-05-23,0.1596129983663559,7.200774192810059,0.1691419929265976,7.593684196472168,0.15340299904346466,6.94857120513916,0.16616299748420715,7.454471111297607,2243999960,381531543.0
2024-05-24,0.16380299627780914,7.244290828704834,0.17270100116729736,7.375998020172119,0.15616099536418915,7.0309929847717285,0.1596129983663559,7.200774192810059,3012763365,211685490.0
2024-05-25,0.17396000027656555,7.42813777923584,0.17408600449562073,7.432281970977783,0.1629589945077896,7.2300238609313965,0.16380399465560913,7.244316101074219,1489582490,133937935.0
2024-05-26,0.16621999442577362,7.547234058380127,0.17454999685287476,7.63136100769043,0.1657080054283142,7.373899936676025,0.17396099865436554,7.42813777923584,1359410362,176701530.0
2024-05-27,0.16909000277519226,7.628291130065918,0.17303599417209625,7.762155055999756,0.1643649935722351,7.38190221786499,0.16621999442577362,7.547234058380127,1404874711,222498639.0
2024-05-28,0.16496199369430542,7.367073059082031,0.16933000087738037,7.65201997756958,0.16179600358009338,7.288393974304199,0.16909000277519226,7.628291130065918,1410223091,279082891.0
2024-05-29,0.16369499266147614,7.172421932220459,0.17026899755001068,7.543121814727783,0.16222000122070312,7.14491081237793,0.1649640053510666,7.367073059082031,1525668595,243596665.0
2024-05-30,0.15954400599002838,6.997859954833984,0.1654070019721985,7.227707862854004,0.15659500658512115,6.930857181549072,0.16369600594043732,7.172430038452148,1452218159,218551016.0
2024-05-31,0.15913599729537964,6.987146854400635,0.16222600638866425,7.045054912567139,0.1549070030450821,6.814091205596924,0.15953899919986725,6.997859954833984,945969518,176610947.0
2024-06-01,0.16019999980926514,7.058611869812012,0.16132299602031708,7.123993873596191,0.15839099884033203,6.959849834442139,0.15913599729537964,6.9871439933776855,496035603,117043124.0
2024-06-02,0.15720100700855255,6.989039897918701,0.16119399666786194,7.11710786819458,0.1549600064754486,6.9304280281066895,0.16019999980926514,7.0586137771606445,585756299,134459964.0
2024-06-03,0.15828199684619904,7.010249137878418,0.16321100294589996,7.176097869873047,0.15602700412273407,6.947174072265625,0.15720100700855255,6.989048957824707,929987302,203470309.0
2024-06-04,0.16144999861717224,7.187405109405518,0.16174399852752686,7.229269981384277,0.15716299414634705,6.947958946228027,0.15828199684619904,7.010249137878418,760727969,176200639.0
2024-06-05,0.16323499381542206,7.248727798461914,0.16472400724887848,7.288291931152344,0.16129200160503387,7.1588969230651855,0.16144999861717224,7.187405109405518,820053785,171196834.0
2024-06-06,0.16015900671482086,7.142014026641846,0.16516999900341034,7.279624938964844,0.1586569994688034,7.068439960479736,0.16323499381542206,7.24875020980835,893170339,154128107.0
2024-06-07,0.14830300211906433,6.657766819000244,0.16201899945735931,7.278182029724121,0.1431179940700531,6.168392181396484,0.16015799343585968,7.142000198364258,1581768204,363773564.0
2024-06-08,0.14605900645256042,6.388423919677734,0.14858299493789673,6.67264986038208,0.1440100073814392,6.350042819976807,0.14829599857330322,6.657566070556641,872877278,197471477.0
2024-06-09,0.14677399396896362,6.522762775421143,0.1490889936685562,6.5327558517456055,0.1451999992132187,6.378783226013184,0.1460449993610382,6.388192176818848,656320138,195475434.0
2024-06-10,0.1447400003671646,6.507446765899658,0.14781999588012695,6.568325996398926,0.1434669941663742,6.369578838348389,0.1467670053243637,6.523529052734375,752565082,220599250.0
2024-06-11,0.13810400664806366,6.379897117614746,0.14504699409008026,6.516393184661865,0.13410300016403198,6.2327880859375,0.1447419971227646,6.506753921508789,1271975142,289201631.0
2024-06-12,0.14619599282741547,6.7417168617248535,0.1503250002861023,6.916798114776611,0.13503000140190125,6.293917179107666,0.13809700310230255,6.380321025848389,1274848212,280376858.0
2024-06-13,0.1410599946975708,6.360072135925293,0.14635300636291504,6.741590976715088,0.14038099348545074,6.34522008895874,0.14619700610637665,6.741590976715088,790003626,177868866.0
2024-06-14,0.13496999442577362,6.162761211395264,0.14321300387382507,6.476306915283203,0.13216400146484375,6.051517963409424,0.14104600250720978,6.3595290184021,859600884,212559940.0
2024-06-15,0.13656599819660187,6.221013069152832,0.1372770071029663,6.248477935791016,0.1343580037355423,6.113217830657959,0.13497500121593475,6.162670135498047,476136328,108320418.0
2024-06-16,0.1369370073080063,6.388068199157715,0.1373469978570938,6.417224884033203,0.13481900095939636,6.157321929931641,0.13657599687576294,6.221358776092529,385407083,130776707.0
2024-06-17,0.12888899445533752,6.073915004730225,0.1380230039358139,6.408695220947266,0.12649500370025635,6.005823135375977,0.13694000244140625,6.387889862060547,960646592,185556256.0
2024-06-18,0.12229599803686142,5.775650978088379,0.12910300493240356,6.0800580978393555,0.11539199948310852,5.545482158660889,0.12886600196361542,6.07253885269165,1413960450,349859142.0
2024-06-19,0.12234099954366684,5.7942118644714355,0.12650799751281738,5.985485076904297,0.12157899886369705,5.73560094833374,0.12227900326251984,5.774956226348877,642487745,169602545.0
2024-06-20,0.12441900372505188,5.640769004821777,0.12826600670814514,5.9661359786987305,0.12145400047302246,5.605885028839111,0.12234099954366684,5.7942118644714355,734399819,162420088.0
2024-06-21,0.1240290030837059,5.611062049865723,0.12549999356269836,5.727128028869629,0.12161699682474136,5.556006908416748,0.12443000078201294,5.640611171722412,598393023,154582654.0
2024-06-22,0.1237889975309372,5.747869968414307,0.1253650039434433,5.797318935394287,0.12295900285243988,5.546115875244141,0.12403800338506699,5.61077880859375,328642106,120663154.0
2024-06-23,0.12225700169801712,5.64489221572876,0.12612000107765198,5.806873798370361,0.12182699888944626,5.621041774749756,0.12378299981355667,5.747808933258057,429188641,101792780.0
2024-06-24,0.11904300004243851,5.724685192108154,0.12367500364780426,5.730959892272949,0.11473099887371063,5.475926876068115,0.12224899977445602,5.645191192626953,951099440,230924758.0
2024-06-25,0.12615300714969635,5.842494964599609,0.12823599576950073,5.963014125823975,0.11889500170946121,5.709228038787842,0.11903300136327744,5.724759101867676,783244352,163348129.0
2024-06-26,0.12267900258302689,5.793276786804199,0.12852199375629425,5.943253993988037,0.12191999703645706,5.777820110321045,0.1261499971151352,5.842371940612793,526276880,135278947.0
2024-06-27,0.126910999417305,6.281444072723389,0.1281149983406067,6.363743782043457,0.12063000351190567,5.709179878234863,0.12267199903726578,5.793172836303711,616932730,260245970.0
2024-06-28,0.12278900295495987,6.174601078033447,0.12797600030899048,6.419427871704102,0.12236099690198898,6.153142929077148,0.126910001039505,6.28070592880249,634763078,179031807.0
2024-06-29,0.12169899791479111,6.07234001159668,0.12412100285291672,6.285306930541992,0.1213890016078949,6.061954021453857,0.1227950006723404,6.174863815307617,285391178,94858682.0
2024-06-30,0.12430500239133835,6.208572864532471,0.1253329962491989,6.244703769683838,0.12045200169086456,6.026980876922607,0.12169899791479111,6.071980953216553,369166834,110717916.0
2024-07-01,0.12344200164079666,6.330221176147461,0.1272359937429428,6.434625148773193,0.12324800342321396,6.192640781402588,0.12430399656295776,6.208346843719482,452573746,179707677.0
2024-07-02,0.1250160038471222,6.5148210525512695,0.1250939965248108,6.590686798095703,0.12246199697256088,6.322027206420898,0.1234389990568161,6.330423831939697,408063753,248756210.0
2024-07-03,0.11847099661827087,6.069333076477051,0.1253259927034378,6.530625820159912,0.11704500019550323,5.998508930206299,0.12501899898052216,6.5149030685424805,657681923,269805022.0
2024-07-04,0.10488700121641159,5.559063911437988,0.11894799768924713,6.122413158416748,0.10443100333213806,5.5563812255859375,0.11844799667596817,6.069485187530518,1239123198,381566518.0
2024-07-05,0.10559400171041489,5.665740966796875,0.10641799867153168,5.902950763702393,0.09379500150680542,4.987698078155518,0.10485299676656723,5.556714057922363,1709690679,604311813.0
2024-07-06,0.1136149987578392,6.241476058959961,0.11407899856567383,6.30422306060791,0.10493499785661697,5.644064903259277,0.1055850014090538,5.668899059295654,842720114,346223277.0
2024-07-07,0.10423199832439423,5.9062628746032715,0.11357700079679489,6.298780918121338,0.10373300313949585,5.889053821563721,0.11357700079679489,6.241156101226807,641031095,202810887.0
2024-07-08,0.1075809970498085,5.9447550773620605,0.1110209971666336,6.276504993438721,0.0991630032658577,5.725104808807373,0.10423500090837479,5.907637119293213,1023119021,257760504.0
2024-07-09,0.10751300305128098,6.11407995223999,0.1092199981212616,6.173305988311768,0.10613799840211868,5.859729766845703,0.10756999999284744,5.943953037261963,572733013,202718308.0
2024-07-10,0.10802199691534042,6.098880767822266,0.11043000221252441,6.252007961273193,0.1059039980173111,6.063803195953369,0.1075190007686615,6.114542007446289,552090147,167142776.0
2024-07-11,0.10666699707508087,5.904892921447754,0.11217900365591049,6.237524032592773,0.10631100088357925,5.902581214904785,0.108024001121521,6.098538875579834,546104180,141984692.0
2024-07-12,0.10768499970436096,6.099207878112793,0.10826600342988968,6.099207878112793,0.10503199696540833,5.810904026031494,0.10666400194168091,5.904808044433594,468503073,142923900.0
2024-07-13,0.11235599964857101,6.2440080642700195,0.11288899928331375,6.299224853515625,0.10744699835777283,6.081786155700684,0.10768499970436096,6.099343776702881,497448463,116024543.0
2024-07-14,0.11544899642467499,6.328077793121338,0.11649499833583832,6.348679065704346,0.11134999990463257,6.169004917144775,0.11235000193119049,6.242612838745117,551768272,146384445.0
2024-07-15,0.12522800266742706,6.498557090759277,0.12535199522972107,6.535531044006348,0.11478900164365768,6.304654121398926,0.1154709979891777,6.32836389541626,865334768,236126117.0
2024-07-16,0.12493100017309189,6.3442230224609375,0.12725700438022614,6.506251811981201,0.11937099695205688,6.1496901512146,0.1251640021800995,6.496417045593262,1023424280,227737448.0
2024-07-17,0.12188400328159332,6.259860992431641,0.12750600278377533,6.527832984924316,0.1206429973244667,6.257976055145264,0.12493299692869186,6.343821048736572,731025036,184124455.0
2024-07-18,0.11949600279331207,6.093573093414307,0.1238429993391037,6.396080017089844,0.11757300049066544,6.045522212982178,0.12187899649143219,6.258707046508789,710080580,183527904.0
2024-07-19,0.12547999620437622,6.346135139465332,0.1260560005903244,6.349836826324463,0.11790800094604492,6.016585826873779,0.11950100213289261,6.093509197235107,724349409,168630679.0
2024-07-20,0.13443000614643097,6.337130069732666,0.1356460005044937,6.396584987640381,0.12448500096797943,6.2358927726745605,0.12547500431537628,6.346166133880615,1109519614,115131117.0
2024-07-21,0.14016899466514587,6.419742107391357,0.1430869996547699,6.438455104827881,0.1264050006866455,6.12521505355835,0.13443000614643097,6.3371357917785645,1229665449,142963618.0
2024-07-22,0.13788099586963654,6.107129096984863,0.14246900379657745,6.472462177276611,0.1362140029668808,6.0917792320251465,0.1401669979095459,6.419787883758545,1468393831,364398964.0
2024-07-23,0.13039100170135498,5.918869972229004,0.13920199871063232,6.158688068389893,0.12848900258541107,5.82026481628418,0.13788199424743652,6.107129096984863,963364309,168141654.0
2024-07-24,0.12808799743652344,5.748384952545166,0.13462699949741364,5.994307041168213,0.1272439956665039,5.6867828369140625,0.13038599491119385,5.918715953826904,734879689,132448835.0
2024-07-25,0.12522099912166595,5.75399923324585,0.12864099442958832,5.773934841156006,0.12032300233840942,5.553193092346191,0.12808899581432343,5.748384952545166,970420635,167003222.0
2024-07-26,0.13431799411773682,5.870021820068359,0.1348779946565628,5.885100841522217,0.12520000338554382,5.73380708694458,0.12522199749946594,5.75399923324585,752603628,130011270.0
2024-07-27,0.1315920054912567,5.83108377456665,0.1386670023202896,5.938118934631348,0.13134099543094635,5.741860866546631,0.13431799411773682,5.870051860809326,1193072781,118935693.0
2024-07-28,0.13007499277591705,5.721426010131836,0.13179999589920044,5.839261054992676,0.1283240020275116,5.677410125732422,0.13159699738025665,5.831017017364502,755293791,87551364.0
2024-07-29,0.1286740005016327,5.654067039489746,0.1349489986896515,5.871234893798828,0.12795500457286835,5.630529880523682,0.13007600605487823,5.721409797668457,809333955,136029167.0
2024-07-30,0.12559500336647034,5.522171974182129,0.13030600547790527,5.716568946838379,0.12366200238466263,5.497265815734863,0.12866200506687164,5.653850078582764,638122391,114594609.0
2024-07-31,0.12201400101184845,5.3853302001953125,0.12720100581645966,5.5513129234313965,0.12154299765825272,5.350934982299805,0.12559300661087036,5.522322177886963,609802169,145226834.0
2024-08-01,0.11923599988222122,5.342948913574219,0.12293200194835663,5.414649963378906,0.11282800137996674,5.055552005767822,0.12202099710702896,5.385548114776611,861079384,185659075.0
2024-08-02,0.11150799691677094,5.122200012207031,0.11951299756765366,5.358197212219238,0.11056700348854065,5.016777992248535,0.11923500150442123,5.342948913574219,826720039,165653318.0
2024-08-03,0.10816899687051773,5.043665885925293,0.11449699848890305,5.200541019439697,0.10541799664497375,4.867706775665283,0.11150699853897095,5.122200012207031,808239471,151195181.0
2024-08-04,0.10373300313949585,4.683842182159424,0.10921400040388107,5.088066101074219,0.0996059998869896,4.557233810424805,0.10816899687051773,5.043663024902344,827323034,183256632.0
2024-08-05,0.0945030003786087,4.208274841308594,0.10416600108146667,4.710947036743164,0.08083099871873856,3.647516965866089,0.10373199731111526,4.683787822723389,3194029250,641150348.0
2024-08-06,0.09637100249528885,4.506931781768799,0.10138799995183945,4.601323127746582,0.09436699748039246,4.204352855682373,0.09450200200080872,4.208274841308594,1124169389,208498863.0
2024-08-07,0.09551499783992767,4.570662975311279,0.10184700042009354,4.635366916656494,0.09459400177001953,4.417646884918213,0.09637100249528885,4.506961822509766,1000135339,195816767.0
2024-08-08,0.10740400105714798,4.88088321685791,0.10777200013399124,4.8931050300598145,0.09397699683904648,4.500192165374756,0.09551499783992767,4.571073055267334,858015369,181242434.0
2024-08-09,0.10397399961948395,4.787671089172363,0.10758200287818909,4.915779113769531,0.10177399963140488,4.741820812225342,0.10740900039672852,4.88088321685791,602450305,122327254.0
2024-08-10,0.10520199686288834,4.756072044372559,0.10585899651050568,4.826968193054199,0.1031159982085228,4.7313008308410645,0.10397399961948395,4.787671089172363,371267774,70894457.0
2024-08-11,0.10056599974632263,4.496322154998779,0.11079400032758713,4.822975158691406,0.10029900074005127,4.480997085571289,0.10520300269126892,4.756113052368164,676944256,89636164.0
2024-08-12,0.1077670007944107,4.587265968322754,0.10853499919176102,4.678394794464111,0.10047099739313126,4.460031986236572,0.10056599974632263,4.496322154998779,778786434,117539002.0
2024-08-13,0.1064160019159317,4.549482822418213,0.10884299874305725,4.60799503326416,0.10357200354337692,4.406084060668945,0.1077670007944107,4.587265968322754,575505923,106974688.0
2024-08-14,0.10255499929189682,4.386328220367432,0.10673999786376953,4.551281929016113,0.10180500149726868,4.354831218719482,0.1064160019159317,4.549482822418213,564943505,107348501.0
2024-08-15,0.10026700049638748,4.282610893249512,0.10479799658060074,4.4771928787231445,0.09819500148296356,4.2351179122924805,0.10255499929189682,4.386328220367432,617034813,113713948.0
2024-08-16,0.10043899714946747,4.295183181762695,0.1020279973745346,4.384130001068115,0.09774199873209,4.225119113922119,0.10026700049638748,4.282610893249512,539609334,101658042.0
2024-08-17,0.10275500267744064,4.364744186401367,0.10363099724054337,4.381405830383301,0.10015600174665451,4.281960964202881,0.10043899714946747,4.295183181762695,305545333,57227471.0
2024-08-18,0.1001719981431961,4.391077041625977,0.10430599749088287,4.512112140655518,0.10016900300979614,4.354150772094727,0.10275500267744064,4.364744186401367,377630490,92972953.0
2024-08-19,0.10150399804115295,4.483818054199219,0.10180699825286865,4.499666213989258,0.0987119972705841,4.354802131652832,0.1001719981431961,4.391077041625977,463249309,103081435.0
2024-08-20,0.10300099849700928,4.53368616104126,0.10561899840831757,4.601950168609619,0.1012289971113205,4.462907791137695,0.10150600224733353,4.483818054199219,695089222,98177193.0
2024-08-21,0.10615699738264084,4.6698150634765625,0.10782500356435776,4.7467827796936035,0.10246200114488602,4.507748126983643,0.10300000011920929,4.523086071014404,509933481,110665822.0
2024-08-22,0.10530800372362137,4.693690776824951,0.10682199895381927,4.711424827575684,0.10427399724721909,4.60994815826416,0.10615699738264084,4.6698150634765625,391690266,114452997.0
2024-08-23,0.11292699724435806,4.898672103881836,0.11523900181055069,4.949835777282715,0.10530500113964081,4.689216136932373,0.10530800372362137,4.693690776824951,860650259,138077995.0
2024-08-24,0.11263100057840347,4.986936092376709,0.11494699865579605,5.097871780395508,0.1112470030784607,4.853682994842529,0.11292699724435806,4.898702144622803,673199379,125289778.0
2024-08-25,0.10969799757003784,4.824508190155029,0.11275800317525864,4.988411903381348,0.1081169992685318,4.7615838050842285,0.11263100057840347,4.986936092376709,584876309,120675968.0
2024-08-26,0.10529199987649918,4.562509059906006,0.11029200255870819,4.861638069152832,0.10463900119066238,4.538105010986328,0.10969900339841843,4.824508190155029,560759055,115544759.0
2024-08-27,0.09905599802732468,4.380867004394531,0.1064779981970787,4.653777122497559,0.0973920002579689,4.264977931976318,0.10529199987649918,4.562482833862305,615156838,138385247.0
2024-08-28,0.09962700307369232,4.258794784545898,0.10175800323486328,4.443668842315674,0.09729199856519699,4.182110786437988,0.09905599802732468,4.380867004394531,657073357,132944785.0
2024-08-29,0.10042499750852585,4.250732898712158,0.10249199718236923,4.400683879852295,0.09853500127792358,4.1864471435546875,0.09962700307369232,4.25878381729126,461885564,95517992.0
2024-08-30,0.10204300284385681,4.2784857749938965,0.10238199681043625,4.332068920135498,0.09727499634027481,4.11636209487915,0.10042499750852585,4.250732898712158,572514236,99822021.0
2024-08-31,0.10133200138807297,4.25848388671875,0.10224100202322006,4.315579891204834,0.10047399997711182,4.227060794830322,0.10204300284385681,4.278487205505371,303734469,52421111.0
2024-09-01,0.09535399824380875,4.073627948760986,0.1014610007405281,4.258711814880371,0.09434299916028976,4.047452926635742,0.10133200138807297,4.25848388671875,424515197,92291455.0
2024-09-02,0.09911499917507172,4.208609104156494,0.09973999857902527,4.227211952209473,0.09416700154542923,4.0617852210998535,0.09535399824380875,4.073614120483398,463950026,98721986.0
2024-09-03,0.09671899676322937,4.062910079956055,0.10070600360631943,4.279738903045654,0.0967010036110878,4.0628662109375,0.09911499917507172,4.208609104156494,395659305,106086436.0
2024-09-04,0.09802500158548355,4.109951972961426,0.09945599734783173,4.192819118499756,0.09297899901866913,3.9111149311065674,0.09671500325202942,4.062910079956055,579587111,148690104.0
2024-09-05,0.0983090028166771,4.016057968139648,0.09909900277853012,4.123764991760254,0.09622500091791153,3.980285882949829,0.09802500158548355,4.110412120819092,452927311,80593906.0
2024-09-06,0.0924839973449707,3.9594709873199463,0.09937900304794312,4.091670036315918,0.08937299996614456,3.838773012161255,0.0983090028166771,4.016057968139648,802922234,128523727.0
2024-09-07,0.09526100009679794,4.076632976531982,0.09561800211668015,4.1313347816467285,0.09181199967861176,3.9391870498657227,0.0924839973449707,3.9594709873199463,412044016,72200009.0
2024-09-08,0.0960799977183342,4.1641058921813965,0.096902996301651,4.2014851570129395,0.09404700249433517,4.0629119873046875,0.09526100009679794,4.076632976531982,381739751,69211726.0
2024-09-09,0.10382899641990662,4.285942077636719,0.10461899638175964,4.3282060623168945,0.09583199769258499,4.115846157073975,0.0960799977183342,4.1641740798950195,698093518,96199112.0
2024-09-10,0.1027119979262352,4.256246089935303,0.1045209988951683,4.286902904510498,0.10166099667549133,4.2028021812438965,0.10382899641990662,4.285942077636719,465166360,76475859.0
2024-09-11,0.10137800127267838,4.191651821136475,0.10296999663114548,4.256381988525391,0.0980909988284111,4.067048072814941,0.1027119979262352,4.256246089935303,532198021,104250706.0
2024-09-12,0.10279899835586548,4.292720794677734,0.10320699959993362,4.297976970672607,0.10063599795103073,4.191226005554199,0.10137800127267838,4.191514015197754,439730013,87501819.0
2024-09-13,0.10711400210857391,4.425520896911621,0.10829000174999237,4.469523906707764,0.1018650010228157,4.279193878173828,0.10279899835586548,4.292720794677734,675630464,108819117.0
2024-09-14,0.10546699911355972,4.439149856567383,0.1075579971075058,4.442901134490967,0.10464300215244293,4.354160785675049,0.10711299628019333,4.425520896911621,426157956,72242882.0
2024-09-15,0.10293299704790115,4.40186882019043,0.10635899752378464,4.552270889282227,0.10257700085639954,4.378057956695557,0.10546699911355972,4.439149856567383,428890116,94593170.0
2024-09-16,0.09969300031661987,4.198472023010254,0.10313200205564499,4.402130126953125,0.09845799952745438,4.152810096740723,0.10293799638748169,4.40186882019043,528755469,105436892.0
2024-09-17,0.10113699734210968,4.1564249992370605,0.10246700048446655,4.281866073608398,0.0988439992070198,4.141442775726318,0.09969600290060043,4.198469161987305,480290242,113298700.0
2024-09-18,0.10358499735593796,4.169034957885742,0.1035899966955185,4.173799991607666,0.09957800060510635,3.9827499389648438,0.10113699734210968,4.1564249992370605,549512848,143736318.0
2024-09-19,0.10503099858760834,4.255255222320557,0.10707399994134903,4.349271774291992,0.10358499735593796,4.169034957885742,0.10358499735593796,4.169034957885742,656532122,152750587.0
2024-09-20,0.10547100007534027,4.337357997894287,0.10729599744081497,4.400172233581543,0.10374800115823746,4.195855140686035,0.10503099858760834,4.255270004272461,595150523,138092209.0
2024-09-21,0.11004900187253952,4.4660258293151855,0.11037299782037735,4.474554061889648,0.10415200144052505,4.29099178314209,0.10547100007534027,4.337357997894287,502306053,92182639.0
2024-09-22,0.1063390001654625,4.314034938812256,0.11005000025033951,4.471959114074707,0.10401999950408936,4.244255065917969,0.11004900187253952,4.4660258293151855,480950368,95020812.0
2024-09-23,0.1081560030579567,4.455470085144043,0.10908400267362595,4.457672119140625,0.10471999645233154,4.2550201416015625,0.1063390001654625,4.314150810241699,644419670,129488645.0
2024-09-24,0.10977499932050705,4.640799045562744,0.11046800017356873,4.676723003387451,0.1069829985499382,4.405288219451904,0.1081560030579567,4.455470085144043,708492630,166402679.0
2024-09-25,0.10850399732589722,4.635497093200684,0.11088400334119797,4.764047145843506,0.10817000269889832,4.600622177124023,0.10977499932050705,4.640812873840332,696620734,158784444.0
2024-09-26,0.11817599833011627,4.8162841796875,0.12016300112009048,4.871750831604004,0.10714499652385712,4.5750322341918945,0.10850399732589722,4.635497093200684,1347684388,167873396.0
2024-09-27,0.12371399998664856,4.892055034637451,0.12807999551296234,4.959981918334961,0.11717300117015839,4.813892841339111,0.11817599833011627,4.8162841796875,1367867354,159241377.0
2024-09-28,0.12867100536823273,4.805895805358887,0.1319500058889389,4.9268059730529785,0.12061599642038345,4.758756160736084,0.12371399998664856,4.892066955566406,1449764972,117362803.0
2024-09-29,0.1246739998459816,4.768427848815918,0.13030199706554413,4.851449012756348,0.12464199960231781,4.694986820220947,0.12867000699043274,4.8058929443359375,856945778,116622382.0
2024-09-30,0.11442799866199493,4.43708610534668,0.12466900050640106,4.768427848815918,0.1137389987707138,4.412438869476318,0.12466900050640106,4.768427848815918,976744755,174515107.0
2024-10-01,0.10704299807548523,4.1590070724487305,0.11927399784326553,4.556908130645752,0.10395500063896179,4.089645862579346,0.11442700028419495,4.43708610534668,1332235464,285793267.0
2024-10-02,0.10475900024175644,4.1038079261779785,0.10941100120544434,4.265391826629639,0.10250899940729141,4.017632961273193,0.10704299807548523,4.1590070724487305,910153432,187345315.0
2024-10-03,0.10509900003671646,4.1271071434021,0.10663799941539764,4.167281150817871,0.10152900218963623,4.000950813293457,0.10475800186395645,4.1038079261779785,825842052,187929672.0
2024-10-04,0.10926400125026703,4.19361686706543,0.11043699830770493,4.209506034851074,0.10495900362730026,4.111705780029297,0.10509900003671646,4.1271071434021,670077063,136319044.0
2024-10-05,0.10948699712753296,4.137217044830322,0.11006300151348114,4.22816801071167,0.10772699862718582,4.0817389488220215,0.10926400125026703,4.19361686706543,391880787,91568603.0
2024-10-06,0.1114799976348877,4.188560962677002,0.11265599727630615,4.193426132202148,0.10851199924945831,4.106607913970947,0.10948699712753296,4.137217044830322,435305366,83174499.0
2024-10-07,0.10865499824285507,4.135059833526611,0.11520899832248688,4.2682390213012695,0.10865499824285507,4.135059833526611,0.1114799976348877,4.188560962677002,849108258,151415535.0
2024-10-08,0.10704399645328522,4.09792423248291,0.10970400273799896,4.180113792419434,0.1053519994020462,4.073520183563232,0.10865200310945511,4.135059833526611,615072081,136614966.0
2024-10-09,0.10793899744749069,4.0237321853637695,0.11113200336694717,4.144097805023193,0.1063769981265068,3.960855007171631,0.10704399645328522,4.097940921783447,667785123,132527915.0
2024-10-10,0.10598000138998032,4.066133975982666,0.10845000296831131,4.068947792053223,0.10330799967050552,3.9656450748443604,0.10793700069189072,4.023701190948486,749185963,134888627.0
2024-10-11,0.11073300242424011,4.167765140533447,0.11134400218725204,4.192625999450684,0.1057019978761673,4.05278205871582,0.10598000138998032,4.066133975982666,650490847,116589153.0
2024-10-12,0.11141599714756012,4.207736015319824,0.11205799877643585,4.25800895690918,0.10945700109004974,4.155821800231934,0.11073300242424011,4.167765140533447,519024338,108316314.0
2024-10-13,0.11133600026369095,4.157303810119629,0.11200500279664993,4.2120680809021,0.10879900306463242,4.091302871704102,0.11141599714756012,4.207736015319824,573648913,105235244.0
2024-10-14,0.11665400117635727,4.373050212860107,0.11745599657297134,4.393191814422607,0.1094290018081665,4.137793064117432,0.11133600026369095,4.157303810119629,1038038455,144748060.0
2024-10-15,0.11752700060606003,4.403149127960205,0.11879199743270874,4.522443771362305,0.11051200330257416,4.30419921875,0.11665400117635727,4.3730387687683105,1367247373,194272421.0
2024-10-16,0.12577299773693085,4.316714763641357,0.12944400310516357,4.405463218688965,0.11593099683523178,4.294114112854004,0.11752499639987946,4.403149127960205,2270276586,117023413.0
2024-10-17,0.12965799868106842,4.188973903656006,0.13064900040626526,4.3447699546813965,0.12076199799776077,4.15331506729126,0.12577299773693085,4.316714763641357,1557107117,105605045.0
2024-10-18,0.13721300661563873,4.306358814239502,0.14052699506282806,4.306595802307129,0.12964700162410736,4.175714015960693,0.1296599954366684,4.189016819000244,2216997635,98028201.0
2024-10-19,0.14452700316905975,4.43390417098999,0.14654399454593658,4.475691795349121,0.13718999922275543,4.3062849044799805,0.13721300661563873,4.3063178062438965,1898579280,105923539.0
2024-10-20,0.14208300411701202,4.571722984313965,0.1452459990978241,4.585089206695557,0.13757699728012085,4.361738204956055,0.14452600479125977,4.433901786804199,1456913937,116461746.0
2024-10-21,0.14369000494480133,4.377028942108154,0.1495330035686493,4.607481002807617,0.13843299448490143,4.337555885314941,0.142084002494812,4.571731090545654,2075196142,133806727.0
2024-10-22,0.13950799405574799,4.321435928344727,0.14788299798965454,4.427627086639404,0.13684800267219543,4.283112049102783,0.14369000494480133,4.377028942108154,1647303198,117279362.0
2024-10-23,0.138496994972229,4.194595813751221,0.14060400426387787,4.323945999145508,0.1332789957523346,4.113789081573486,0.13951100409030914,4.321436882019043,1430747359,117950740.0
2024-10-24,0.14198699593544006,4.2046799659729,0.14350199699401855,4.253075122833252,0.13644999265670776,4.144590854644775,0.13990099728107452,4.208096981048584,1349772912,102930671.0
2024-10-25,0.13101300597190857,3.9875540733337402,0.14239999651908875,4.212436199188232,0.12854799628257751,3.878434896469116,0.14198799431324005,4.2046799659729,1458877964,175175937.0
2024-10-26,0.13735699653625488,4.029809951782227,0.13783100247383118,4.054423809051514,0.130839005112648,3.94438099861145,0.13101300597190857,3.9874839782714844,947921669,109688224.0
2024-10-27,0.14431199431419373,4.124960899353027,0.14585700631141663,4.126934051513672,0.13605700433254242,4.0068159103393555,0.13735699653625488,4.029809951782227,1129296560,82672865.0
2024-10-28,0.1611499935388565,4.130046844482422,0.16200999915599823,4.2171630859375,0.1411760002374649,4.011054039001465,0.14431099593639374,4.124960899353027,3078140199,145099368.0
2024-10-29,0.17583900690078735,4.189741134643555,0.17922699451446533,4.242685794830322,0.16082599759101868,4.122018814086914,0.16115200519561768,4.130046844482422,3785378330,162106563.0
2024-10-30,0.16814599931240082,4.191606044769287,0.17753499746322632,4.213045120239258,0.1652500033378601,4.122191905975342,0.17583900690078735,4.189741134643555,2319205433,126490852.0
2024-10-31,0.16137200593948364,3.956449031829834,0.17299699783325195,4.209660053253174,0.1565459966659546,3.9067230224609375,0.16814599931240082,4.191606044769287,2213630995,155197828.0
2024-11-01,0.1591850072145462,3.906809091567993,0.16824199259281158,3.989569902420044,0.15442000329494476,3.8591349124908447,0.16137200593948364,3.956450939178467,2406203136,142144666.0
2024-11-02,0.15931600332260132,3.901505947113037,0.16329799592494965,3.94193696975708,0.15603500604629517,3.832479953765869,0.15918900072574615,3.906809091567993,1342216649,88224793.0
2024-11-03,0.15145400166511536,3.7885890007019043,0.1596270054578781,3.9258029460906982,0.1428229957818985,3.673923969268799,0.15931600332260132,3.901505947113037,2214868458,157820157.0
2024-11-04,0.1583459973335266,3.7471671104431152,0.15989400446414948,3.83040189743042,0.14858099818229675,3.6845738887786865,0.15145400166511536,3.7885890007019043,2541759238,112550409.0
2024-11-05,0.17017999291419983,3.857814073562622,0.17883999645709991,3.911849021911621,0.15817900002002716,3.7471799850463867,0.15834499895572662,3.7471799850463867,4095671194,118786223.0
2024-11-06,0.19665800034999847,4.11768913269043,0.2133360058069229,4.127407073974609,0.16969400644302368,3.857461929321289,0.17018799483776093,3.857814073562622,12194137333,301386360.0
2024-11-07,0.19315899908542633,4.163136959075928,0.20347799360752106,4.195718765258789,0.18625499308109283,4.053821086883545,0.19665800034999847,4.11768913269043,4338342915,203636243.0
2024-11-08,0.20213200151920319,4.3314127922058105,0.20656399428844452,4.384537220001221,0.1912889927625656,4.124578952789307,0.19315899908542633,4.163139820098877,4089504352,316263436.0
2024-11-09,0.21876099705696106,4.632638931274414,0.2197369933128357,4.634102821350098,0.19782499969005585,4.269525051116943,0.2021310031414032,4.3314008712768555,4290391407,228370247.0
2024-11-10,0.27909499406814575,5.252132892608643,0.29661399126052856,5.466256141662598,0.21730199456214905,4.5908708572387695,0.21879400312900543,4.632638931274414,14901681717,1024286321.0
2024-11-11,0.3495210111141205,5.710699081420898,0.34960201382637024,5.758357048034668,0.2761420011520386,4.990261077880859,0.27909499406814575,5.252132892608643,19590715363,790196066.0
2024-11-12,0.3822210133075714,5.334292888641357,0.4358629882335663,5.830973148345947,0.33343198895454407,5.135797023773193,0.3495210111141205,5.710699081420898,39936467957,976518885.0
2024-11-13,0.399522989988327,5.0765581130981445,0.43162399530410767,5.421718120574951,0.3566089868545532,4.940690994262695,0.38221800327301025,5.333869934082031,28286313456,705801156.0
2024-11-14,0.36164599657058716,4.768950939178467,0.41470399498939514,5.210712909698486,0.35580798983573914,4.709554195404053,0.399522989988327,5.0765581130981445,15564516841,473465083.0
2024-11-15,0.37918901443481445,5.140809059143066,0.38424599170684814,5.169055938720703,0.3544690012931824,4.716891765594482,0.3617129921913147,4.768950939178467,11623194182,429347535.0
2024-11-16,0.3637480139732361,5.7608561515808105,0.3898789882659912,5.787892818450928,0.3613030016422272,5.143639087677002,0.37918999791145325,5.149099826812744,7524229950,659267040.0
2024-11-17,0.3665600121021271,5.41603422164917,0.37355801463127136,6.125935077667236,0.3416990041732788,5.322024822235107,0.36375001072883606,5.762208938598633,7832273719,698713110.0
2024-11-18,0.37174099683761597,6.00641393661499,0.3799059987068176,6.095530033111572,0.3592349886894226,5.409971237182617,0.36656999588012695,5.41603422164917,8396330143,670940436.0
2024-11-19,0.3913559913635254,5.805377006530762,0.4183340072631836,6.034246921539307,0.3680199980735779,5.67975378036499,0.3717400133609772,6.00641393661499,12889618537,407677228.0
2024-11-20,0.37749698758125305,5.716891765594482,0.39559900760650635,6.0716729164123535,0.36656901240348816,5.551713943481445,0.3913399875164032,5.805377006530762,8029529786,580714093.0
2024-11-21,0.38761699199676514,5.937807083129883,0.3949440121650696,5.955491065979004,0.37001198530197144,5.4909539222717285,0.37749698758125305,5.716896057128906,8052510566,567055125.0
2024-11-22,0.41292399168014526,6.662622928619385,0.41919198632240295,6.676760196685791,0.38152000308036804,5.890710830688477,0.3876259922981262,5.93800687789917,13591947495,942446028.0
2024-11-23,0.4300119876861572,8.50830078125,0.47745999693870544,9.387110710144043,0.40556600689888,6.615413188934326,0.41292399168014526,6.662622928619385,20873625275,3276644224.0
2024-11-24,0.4298819899559021,8.8135347366333,0.45242801308631897,10.287908554077148,0.400967001914978,8.17457389831543,0.4300119876861572,8.50830078125,12213185937,3405320353.0
2024-11-25,0.39333999156951904,8.24442195892334,0.4370419979095459,9.338971138000488,0.3815149962902069,8.128591537475586,0.4298950135707855,8.81363296508789,9773285006,1278225222.0
2024-11-26,0.3876180052757263,8.07812786102295,0.40837201476097107,8.453028678894043,0.3673189878463745,7.583653926849365,0.3933109939098358,8.24442195892334,8847260920,984978319.0
2024-11-27,0.40152499079704285,8.464702606201172,0.408051997423172,8.567083358764648,0.38169100880622864,7.867549896240234,0.38761499524116516,8.078103065490723,6388400976,829929419.0
2024-11-28,0.4020180106163025,8.621152877807617,0.4273050129413605,8.719005584716797,0.39225900173187256,8.01606559753418,0.40151500701904297,8.464715003967285,5955119388,673383472.0
2024-11-29,0.42583900690078735,9.038749694824219,0.43708598613739014,9.048937797546387,0.3999919891357422,8.451301574707031,0.4020189940929413,8.621170997619629,6768739922,823758070.0
2024-11-30,0.42197099328041077,8.967267990112305,0.43470099568367004,9.199931144714355,0.4153609871864319,8.618816375732422,0.42583900690078735,9.03831672668457,5601447294,921189074.0
2024-12-01,0.4400230050086975,9.307755470275879,0.4492810070514679,9.377215385437012,0.41769400238990784,8.718488693237305,0.421968013048172,8.96717643737793,8333397829,791968765.0
2024-12-02,0.42467001080513,9.986504554748535,0.4602450132369995,10.176344871520996,0.40511199831962585,8.477810859680176,0.4400489926338196,9.30880355834961,13072433718,1740978849.0
2024-12-03,0.4078820049762726,9.829697608947754,0.4280489981174469,10.331896781921387,0.3914720118045807,9.255152702331543,0.42467200756073,9.986783027648926,9362620939,1796116462.0
2024-12-04,0.4319570064544678,10.528636932373047,0.43562600016593933,11.60030746459961,0.40195900201797485,9.712268829345703,0.4078510105609894,9.829697608947754,8065078709,2522338803.0
2024-12-05,0.4305860102176666,10.524624824523926,0.46340399980545044,11.209031105041504,0.40901100635528564,9.934617042541504,0.43190300464630127,10.528653144836426,15284058219,1683790657.0
2024-12-06,0.43570899963378906,10.705370903015137,0.44178199768066406,10.875263214111328,0.4212599992752075,10.041525840759277,0.4278939962387085,10.393248558044434,6668459793,1099610157.0
2024-12-07,0.4538869857788086,10.629205703735352,0.4660390019416809,10.913064956665039,0.43212801218032837,10.33354663848877,0.4357120096683502,10.704195022583008,8127914572,777967117.0
2024-12-08,0.4672969877719879,10.412901878356934,0.48350998759269714,10.801326751708984,0.4482400119304657,10.220648765563965,0.45389100909233093,10.738398551940918,8171222257,647567269.0
2024-12-09,0.41471898555755615,8.513443946838379,0.4672990143299103,10.420669555664062,0.3847210109233856,7.878520965576172,0.4672990143299103,10.420669555664062,11830538830,1499721447.0
2024-12-10,0.39452001452445984,8.396628379821777,0.42240700125694275,8.703577995300293,0.3668400049209595,7.610950946807861,0.4147219955921173,8.513406753540039,11257345383,1230641205.0
2024-12-11,0.41449201107025146,9.006820678710938,0.41878798604011536,9.2571439743042,0.3766329884529114,8.056782722473145,0.39451199769973755,8.396639823913574,6670843571,887182489.0
2024-12-12,0.40654799342155457,9.064152717590332,0.4233590066432953,9.647730827331543,0.40174400806427,8.928762435913086,0.41449499130249023,9.006811141967773,5601004925,954962376.0
2024-12-13,0.40908101201057434,9.09039306640625,0.4116869866847992,9.221778869628906,0.39986199140548706,8.805413246154785,0.40654799342155457,9.064179420471191,3815608761,627788025.0
2024-12-14,0.39797601103782654,8.551411628723145,0.41275399923324585,9.197182655334473,0.388139009475708,8.364982604980469,0.40908101201057434,9.09039306640625,3165759137,543775536.0
2024-12-15,0.4062719941139221,9.029330253601074,0.40983501076698303,9.223221778869629,0.3929089903831482,8.379759788513184,0.3979719877243042,8.551411628723145,2654366167,638430486.0
2024-12-16,0.4019339978694916,8.751370429992676,0.41359400749206543,9.174510955810547,0.3927359879016876,8.613651275634766,0.4062950015068054,9.02885627746582,3891164219,630039846.0
2024-12-17,0.394336998462677,8.476944923400879,0.4098989963531494,8.954907417297363,0.3915959894657135,8.391226768493652,0.40193501114845276,8.751370429992676,3618256203,540709622.0
2024-12-18,0.358038991689682,7.6892218589782715,0.3961629867553711,8.5382080078125,0.3564940094947815,7.685387134552002,0.39434099197387695,8.477280616760254,5749656033,709483921.0
2024-12-19,0.31506600975990295,6.9653239250183105,0.36703601479530334,7.776832103729248,0.3027690052986145,6.799716949462891,0.3580470085144043,7.689308166503906,9565836573,978016274.0
2024-12-20,0.3177129924297333,7.293115139007568,0.3280569911003113,7.3462300300598145,0.26444000005722046,6.072368144989014,0.3150539994239807,6.96536111831665,11414899319,924291708.0
2024-12-21,0.32095101475715637,6.970913887023926,0.34940600395202637,7.7894182205200195,0.3152489960193634,6.845085144042969,0.3177190124988556,7.293115139007568,6875286934,556917437.0
2024-12-22,0.31219199299812317,6.830101013183594,0.3240320086479187,7.2533721923828125,0.30571800470352173,6.695582866668701,0.3209039866924286,6.970914840698242,4115525341,380242082.0
2024-12-23,0.3242189884185791,7.3676838874816895,0.32788199186325073,7.540092945098877,0.30327799916267395,6.664820194244385,0.3121989965438843,6.830270767211914,4390431993,478366374.0
2024-12-24,0.3369239866733551,7.5558271408081055,0.3394339978694916,7.618183135986328,0.3163929879665375,7.161909103393555,0.3242180049419403,7.367669105529785,3138423654,392313973.0
2024-12-25,0.33431899547576904,7.492839813232422,0.3413659930229187,7.660735130310059,0.326898992061615,7.362005233764648,0.33692601323127747,7.5558390617370605,2538802504,293342421.0
2024-12-26,0.31225600838661194,6.928015232086182,0.3373810052871704,7.572203159332275,0.3089979887008667,6.88495397567749,0.33430400490760803,7.492839813232422,2514756816,311602625.0
2024-12-27,0.31103599071502686,6.8976030349731445,0.3238469958305359,7.271920204162598,0.30976399779319763,6.821508884429932,0.31225499510765076,6.927761077880859,2157162506,307254090.0
2024-12-28,0.32391899824142456,7.104069232940674,0.3258579969406128,7.152982234954834,0.311055988073349,6.795557022094727,0.311055988073349,6.897633075714111,1410132054,219926523.0
2024-12-29,0.31431999802589417,6.862186908721924,0.3289330005645752,7.1317620277404785,0.31166699528694153,6.807802200317383,0.3239170014858246,7.103998184204102,1654780626,205139312.0
2024-12-30,0.31351399421691895,6.6966681480407715,0.3224799931049347,7.085008144378662,0.30654698610305786,6.548233985900879,0.31431999802589417,6.862185001373291,2526977895,331498848.0
2024-12-31,0.31568101048469543,6.634932041168213,0.32786598801612854,6.89803409576416,0.3094030022621155,6.566824913024902,0.3135179877281189,6.696602821350098,2204579838,211894654.0
2025-01-01,0.32430601119995117,7.028347015380859,0.3264780044555664,7.114743232727051,0.311722993850708,6.519655227661133,0.31568199396133423,6.634947776794434,1532271286,231933496.0
2025-01-02,0.3386099934577942,7.168960094451904,0.3441779911518097,7.342212200164795,0.32429200410842896,7.028051853179932,0.32430601119995117,7.028343200683594,3205163576,288205887.0
2025-01-03,0.3792789876461029,7.74745512008667,0.3877969980239868,7.966928005218506,0.33588600158691406,7.136919021606445,0.3386099934577942,7.168881893157959,4823481336,492168497.0
2025-01-04,0.39474600553512573,7.68438196182251,0.3979969918727875,7.865242004394531,0.378042995929718,7.62491512298584,0.37928301095962524,7.74741792678833,4431717187,282573463.0
2025-01-05,0.3825629949569702,7.679114818572998,0.3973050117492676,7.718759059906006,0.37631601095199585,7.474041938781738,0.39474600553512573,7.684340953826904,2594267525,233645715.0
2025-01-06,0.38795700669288635,7.76667594909668,0.3937020003795624,7.981669902801514,0.3765510022640228,7.551534175872803,0.3824940025806427,7.679114818572998,2937148475,376165033.0
2025-01-07,0.34843701124191284,7.015230178833008,0.3978079855442047,7.877315998077393,0.34842199087142944,7.014815807342529,0.3879519999027252,7.766932010650635,5280516863,512248161.0
2025-01-08,0.34224799275398254,6.761236190795898,0.3551110029220581,7.124827861785889,0.32681000232696533,6.4567718505859375,0.34843599796295166,7.015194892883301,4416730765,488975074.0
2025-01-09,0.3209120035171509,6.557372093200684,0.34628599882125854,6.828740119934082,0.3151029944419861,6.471333026885986,0.34224700927734375,6.761380195617676,3614560190,333718501.0
2025-01-10,0.3339810073375702,6.736066818237305,0.33853399753570557,6.800893783569336,0.32089099287986755,6.509853839874268,0.3209089934825897,6.557353973388672,3222794655,315163497.0
2025-01-11,0.34095498919487,6.73646879196167,0.3478110134601593,6.868025779724121,0.3300749957561493,6.593245029449463,0.3339790105819702,6.7360358238220215,1461005907,167199506.0
2025-01-12,0.33595898747444153,6.628734111785889,0.3429889976978302,6.805016040802002,0.3322780132293701,6.5489420890808105,0.34095001220703125,6.736443042755127,1436724129,147948026.0
2025-01-13,0.3382990062236786,6.396489143371582,0.34521400928497314,6.792050838470459,0.31139901280403137,6.041914939880371,0.33595600724220276,6.628666877746582,3713750868,387765090.0
2025-01-14,0.3561199903488159,6.664538860321045,0.3610909879207611,6.682316780090332,0.33605799078941345,6.3740410804748535,0.3382970094680786,6.396625995635986,3143614167,213602044.0
2025-01-15,0.3857100009918213,7.164988040924072,0.3873539865016937,7.18480920791626,0.3487440049648285,6.563243865966797,0.3561199903488159,6.664535999298096,4079184871,498691508.0
2025-01-16,0.3767479956150055,7.1502227783203125,0.3893490135669708,7.371554851531982,0.368461012840271,6.866825103759766,0.38571301102638245,7.165280818939209,4097841421,403292323.0
2025-01-17,0.41593900322914124,7.512493133544922,0.4205009937286377,7.591952800750732,0.3759729862213135,7.149649143218994,0.37670600414276123,7.150208950042725,6276540245,353928552.0
2025-01-18,0.39608100056648254,7.043352127075195,0.43351200222969055,7.580073833465576,0.387239009141922,6.852603912353516,0.4159129858016968,7.512386798858643,7331618418,357923556.0
2025-01-19,0.35775700211524963,6.232108116149902,0.40896499156951904,7.221158027648926,0.3521200120449066,6.1414642333984375,0.3960849940776825,7.0431060791015625,9531626101,617631749.0
2025-01-20,0.3546079993247986,6.374917984008789,0.3849729895591736,6.869900226593018,0.34724700450897217,6.069569110870361,0.35773900151252747,6.2316060066223145,8850825869,759638337.0
2025-01-21,0.3715769946575165,6.627902030944824,0.4001699984073639,6.83955717086792,0.3358989953994751,6.162096977233887,0.35457301139831543,6.3748250007629395,9507969594,337199062.0
2025-01-22,0.3630560040473938,6.440516948699951,0.37334200739860535,6.686152935028076,0.355989009141922,6.426140785217285,0.37158799171447754,6.627902030944824,2940097446,199490157.0
2025-01-23,0.3523530066013336,6.354040145874023,0.36408698558807373,6.4908061027526855,0.34299299120903015,6.212457180023193,0.3629800081253052,6.439992904663086,3093003294,251938168.0
2025-01-24,0.350739985704422,6.315302848815918,0.3638930022716522,6.527091026306152,0.34328800439834595,6.21025276184082,0.35230201482772827,6.354040145874023,2122786422,194127903.0
2025-01-25,0.3537760078907013,6.322443008422852,0.35958799719810486,6.401471138000488,0.34595999121665955,6.253273963928223,0.35074499249458313,6.315333843231201,1500843148,141149093.0
2025-01-26,0.336326003074646,6.184237957000732,0.3570230007171631,6.462948799133301,0.3363009989261627,6.183279037475586,0.3537850081920624,6.322443008422852,1263299832,155157041.0
2025-01-27,0.33382201194763184,5.943115234375,0.33674100041389465,6.203790187835693,0.3078100085258484,5.519750118255615,0.33632299304008484,6.184235095977783,4453314117,421359851.0
2025-01-28,0.31907400488853455,5.655594825744629,0.3386459946632385,6.028219223022461,0.31583499908447266,5.606818199157715,0.3338179886341095,5.9433112144470215,2019292120,194297100.0
2025-01-29,0.32386401295661926,5.7635297775268555,0.33350899815559387,5.869219779968262,0.31794100999832153,5.5590667724609375,0.31907400488853455,5.655611038208008,1981300959,216166779.0
2025-01-30,0.331508994102478,6.126862049102783,0.33808401226997375,6.24724006652832,0.32287099957466125,5.733512878417969,0.323870986700058,5.7637128829956055,1365524939,198393555.0
2025-01-31,0.32872799038887024,6.318368911743164,0.3406769931316376,6.487727165222168,0.3243130147457123,6.035582065582275,0.33150699734687805,6.126813888549805,1796042122,314381911.0
2025-02-01,0.30835700035095215,5.921681880950928,0.33189401030540466,6.476463794708252,0.30426400899887085,5.867547035217285,0.32872700691223145,6.318353176116943,1577548524,247497057.0
2025-02-02,0.26750901341438293,5.148262023925781,0.3145889937877655,6.034733772277832,0.25455498695373535,4.941940784454346,0.3083769977092743,5.9216108322143555,5607210222,513053386.0
2025-02-03,0.28500398993492126,5.185870170593262,0.2924639880657196,5.275869846343994,0.21172000467777252,4.010571002960205,0.26750999689102173,5.148315906524658,11007373557,1137490117.0
2025-02-04,0.26414400339126587,4.750216007232666,0.2884669899940491,5.227540016174316,0.2562919855117798,4.591136932373047,0.2850160002708435,5.185870170593262,4306969827,445306523.0
2025-02-05,0.25623300671577454,4.692637920379639,0.2690280079841614,4.855924129486084,0.2543720006942749,4.64512300491333,0.2641279995441437,4.750216007232666,1818131454,205438832.0
2025-02-06,0.24808399379253387,4.492766857147217,0.2656950056552887,4.831255912780762,0.2439420074224472,4.465463161468506,0.25623300671577454,4.692564964294434,1892595490,194634715.0
2025-02-07,0.24661299586296082,4.590202808380127,0.26121699810028076,4.934070110321045,0.23954400420188904,4.468080043792725,0.24807900190353394,4.49277400970459,2042225149,312014325.0
2025-02-08,0.25326600670814514,4.7452287673950195,0.25394999980926514,4.760420799255371,0.24499200284481049,4.509909152984619,0.24661299586296082,4.590192794799805,989182891,163493250.0
2025-02-09,0.24929000437259674,4.77225923538208,0.25983598828315735,4.870952129364014,0.24030600488185883,4.520455837249756,0.25326499342918396,4.744631767272949,1242077795,210431570.0
2025-02-10,0.25525999069213867,4.841084003448486,0.2559249997138977,4.908328056335449,0.24206100404262543,4.6173810958862305,0.24928900599479675,4.77225923538208,1342589439,204227048.0
2025-02-11,0.2531220018863678,4.808444023132324,0.26923298835754395,5.203351974487305,0.24903100728988647,4.761879920959473,0.255264014005661,4.841084003448486,1721245015,266391361.0
2025-02-12,0.26412200927734375,5.228726863861084,0.2670300006866455,5.321436882019043,0.24889099597930908,4.7839789390563965,0.2531229853630066,4.808451175689697,1949247514,410877108.0
2025-02-13,0.26249200105667114,5.1322340965271,0.26691800355911255,5.271078109741211,0.25404998660087585,5.075535774230957,0.26412999629974365,5.228713035583496,1492303517,213266580.0
2025-02-14,0.271928995847702,5.187249183654785,0.28529301285743713,5.3660430908203125,0.26120999455451965,5.108065128326416,0.26249098777770996,5.1322340965271,2320487584,215723868.0
2025-02-15,0.27172398567199707,5.023991107940674,0.2826789915561676,5.216403007507324,0.2689409852027893,4.9865570068359375,0.2719320058822632,5.187249183654785,1624562147,146405481.0
2025-02-16,0.2657400071620941,4.880805969238281,0.27381598949432373,5.037980079650879,0.26423799991607666,4.836386203765869,0.27172601222991943,5.024003982543945,969472255,129697267.0
2025-02-17,0.2581480145454407,4.888372898101807,0.2684989869594574,5.063983917236328,0.25448399782180786,4.805593013763428,0.2657580077648163,4.880771160125732,1369340298,190334706.0
2025-02-18,0.2509010136127472,4.758245944976807,0.25939399003982544,4.912479877471924,0.24260300397872925,4.574808120727539,0.2581480145454407,4.888358116149902,1601424562,232676332.0
2025-02-19,0.2547680139541626,4.882347106933594,0.25522300601005554,4.89955997467041,0.2492779940366745,4.708448886871338,0.25090301036834717,4.7583088874816895,1007520306,163800095.0
2025-02-20,0.2548600137233734,5.047636032104492,0.25745999813079834,5.066722869873047,0.2505120038986206,4.8819708824157715,0.2547670006752014,4.882347106933594,1119395680,205098723.0
2025-02-21,0.23930799961090088,5.05633020401001,0.26093098521232605,5.332779884338379,0.2349189966917038,4.958871841430664,0.25485798716545105,5.047634124755859,2024664109,324488845.0
2025-02-22,0.2467229962348938,5.044673919677734,0.24766500294208527,5.205317974090576,0.23834000527858734,5.0298590660095215,0.239314004778862,5.05633020401001,932077730,205003103.0
2025-02-23,0.24302299320697784,4.959229946136475,0.24743500351905823,5.1215081214904785,0.24065500497817993,4.909000873565674,0.2467239946126938,5.044644832611084,707579811,138020156.0
2025-02-24,0.21035900712013245,4.413650989532471,0.24382799863815308,4.975611209869385,0.20832200348377228,4.4036688804626465,0.24302199482917786,4.9589948654174805,2239353273,268518335.0
2025-02-25,0.2123890072107315,4.633916854858398,0.21392099559307098,4.740054130554199,0.1967640072107315,4.1767802238464355,0.21037299931049347,4.413650989532471,3432761745,443038772.0
2025-02-26,0.2055409997701645,4.740311145782471,0.21350200474262238,4.915520191192627,0.19636400043964386,4.591565132141113,0.21126799285411835,4.633890151977539,2020402428,303761713.0
2025-02-27,0.20682400465011597,4.926065921783447,0.21123899519443512,5.170651912689209,0.20125499367713928,4.717429161071777,0.2028529942035675,4.740311145782471,1369944972,339203641.0
2025-02-28,0.20196300745010376,4.712969779968262,0.20685899257659912,4.927924156188965,0.18187600374221802,4.459143161773682,0.20682300627231598,4.926065921783447,2620914147,383459549.0
2025-03-01,0.20653699338436127,4.662499904632568,0.20869700610637665,4.810215950012207,0.19946299493312836,4.533425807952881,0.20196300745010376,4.713008880615234,1197948866,173379363.0
2025-03-02,0.2392670065164566,5.196681976318359,0.24166999757289886,5.208687782287598,0.2019049972295761,4.581133842468262,0.20653699338436127,4.66249418258667,3319886568,349301392.0
2025-03-03,0.19907599687576294,4.473834991455078,0.23965300619602203,5.237656116485596,0.19428199529647827,4.445067882537842,0.2392590045928955,5.196682929992676,2824331185,343429623.0
2025-03-04,0.19914600253105164,4.328348159790039,0.20162899792194366,4.506259918212891,0.1837339997291565,4.037293910980225,0.19908200204372406,4.473936080932617,2366639397,349907358.0
2025-03-05,0.20472000539302826,4.529809951782227,0.20595699548721313,4.542202949523926,0.19658300280570984,4.282945156097412,0.19914300739765167,4.328310012817383,1433656840,193403415.0
2025-03-06,0.2017270028591156,4.434199810028076,0.2192309945821762,4.657467842102051,0.19956600666046143,4.354115009307861,0.20471900701522827,4.529837131500244,1799078197,192264678.0
2025-03-07,0.19797299802303314,4.403337001800537,0.20833100378513336,4.663315773010254,0.19154700636863708,4.232250213623047,0.2017270028591156,4.434199810028076,1829178903,284517067.0
2025-03-08,0.19217200577259064,4.289371013641357,0.20066900551319122,4.43834114074707,0.19150599837303162,4.270266056060791,0.19797299802303314,4.403339862823486,949946399,138076719.0
2025-03-09,0.16780300438404083,4.016472816467285,0.19399699568748474,4.345590114593506,0.16628700494766235,3.9948620796203613,0.19217100739479065,4.289371967315674,1797791194,209350800.0
2025-03-10,0.1540600061416626,3.880053997039795,0.18028299510478973,4.274082183837891,0.15136399865150452,3.794934034347534,0.16780300438404083,4.016432762145996,2202314258,264507937.0
2025-03-11,0.16416600346565247,4.037774085998535,0.1683170050382614,4.118596076965332,0.14534999430179596,3.6901888847351074,0.15405799448490143,3.880265951156616,2372945325,277027335.0
2025-03-12,0.17238099873065948,3.973094940185547,0.1725129932165146,4.083128929138184,0.1597909927368164,3.8637681007385254,0.1641550064086914,4.037774085998535,1618464957,207945794.0
2025-03-13,0.1650650054216385,3.980884075164795,0.17271099984645844,4.093749046325684,0.16209499537944794,3.8339409828186035,0.17238099873065948,3.973094940185547,1437934838,192155069.0
2025-03-14,0.17179900407791138,4.180880069732666,0.17570200562477112,4.226062774658203,0.16492700576782227,3.977632999420166,0.1650650054216385,3.9808430671691895,1042050428,219506459.0
2025-03-15,0.1760679930448532,4.352015018463135,0.17761200666427612,4.421785831451416,0.17156100273132324,4.180665969848633,0.17176499962806702,4.180834770202637,731309597,160948642.0
2025-03-16,0.16823500394821167,4.305270195007324,0.17669899761676788,4.354262828826904,0.16622699797153473,4.193236827850342,0.17606699466705322,4.351573944091797,935490545,162587697.0
2025-03-17,0.17346499860286713,4.375901222229004,0.1759919971227646,4.460416793823242,0.1681929975748062,4.301013946533203,0.1682330071926117,4.305266857147217,1002401452,184807112.0
2025-03-18,0.16802899539470673,4.454755783081055,0.17347200214862823,4.479540824890137,0.16323700547218323,4.239490032196045,0.17347200214862823,4.375886917114258,1046683878,170292364.0
2025-03-19,0.1780650019645691,4.5421528816223145,0.17851699888706207,4.584366798400879,0.16700400412082672,4.44202995300293,0.16802899539470673,4.454755783081055,1238919491,234896808.0
2025-03-20,0.1693509966135025,4.396971225738525,0.17900599539279938,4.557958126068115,0.16704200208187103,4.330316066741943,0.17806999385356903,4.542098045349121,959535286,161051268.0
2025-03-21,0.16706199944019318,4.493344783782959,0.1714009940624237,4.578708171844482,0.16495899856090546,4.3844099044799805,0.1693509966135025,4.396932125091553,743835419,196554833.0
2025-03-22,0.16734300553798676,4.444769859313965,0.1695459932088852,4.539848804473877,0.1668040007352829,4.420246124267578,0.1670680046081543,4.493351936340332,438263314,127988352.0
2025-03-23,0.17225299775600433,4.495940208435059,0.17225299775600433,4.509232997894287,0.16718000173568726,4.404338836669922,0.16734200716018677,4.444769859313965,564898047,133977749.0
2025-03-24,0.18288899958133698,4.616262912750244,0.18894599378108978,4.769000053405762,0.17087900638580322,4.474890232086182,0.1722469925880432,4.495940208435059,1472602266,203250294.0
2025-03-25,0.1909099966287613,4.639867782592773,0.19335000216960907,4.714719772338867,0.18128299713134766,4.591874122619629,0.18288999795913696,4.616265773773193,1549790934,142380354.0
2025-03-26,0.19479799270629883,4.693815231323242,0.20537899434566498,4.7635498046875,0.18985199928283691,4.601158142089844,0.19090799987316132,4.639976978302002,2068603477,193795237.0
2025-03-27,0.19049499928951263,4.628855228424072,0.2003840059041977,4.755866050720215,0.18831199407577515,4.506442070007324,0.19479799270629883,4.693815231323242,1282332601,181647553.0
2025-03-28,0.18018999695777893,4.279852867126465,0.19258099794387817,4.640932083129883,0.17748400568962097,4.2505669593811035,0.19049499928951263,4.628841876983643,1407200953,201467516.0
2025-03-29,0.16956500709056854,4.052915096282959,0.18220700323581696,4.296564102172852,0.16658300161361694,4.007613182067871,0.18019099533557892,4.279850959777832,1120659030,141037037.0
2025-03-30,0.16631899774074554,4.0395050048828125,0.1722099930047989,4.166622161865234,0.16497400403022766,3.9967501163482666,0.16957099735736847,4.052786827087402,831596449,117738042.0
2025-03-31,0.16671499609947205,4.022634983062744,0.16821199655532837,4.08921480178833,0.16049200296401978,3.9546189308166504,0.16631899774074554,4.039504051208496,1321114553,151445156.0
2025-04-01,0.17408600449562073,4.1754021644592285,0.1751450002193451,4.274867057800293,0.16621500253677368,4.018369197845459,0.16671599447727203,4.022633075714111,1149373221,149732002.0
2025-04-02,0.1641950011253357,3.9694559574127197,0.17869800329208374,4.228366851806641,0.1624089926481247,3.9239919185638428,0.17408600449562073,4.1754021644592285,1734215164,252690552.0
2025-04-03,0.1620599925518036,4.051623821258545,0.1672399938106537,4.100612163543701,0.15573500096797943,3.8594069480895996,0.1641950011253357,3.969435930252075,1201472795,185239064.0
2025-04-04,0.171097993850708,4.032867908477783,0.17257900536060333,4.126009941101074,0.16042999923229218,3.9563710689544678,0.1620589941740036,4.051633834838867,1645454216,168775413.0
2025-04-05,0.16902700066566467,3.956533908843994,0.17141300439834595,4.0638508796691895,0.16637800633907318,3.8988029956817627,0.171097993850708,4.032867908477783,607481980,101144547.0
2025-04-06,0.14884500205516815,3.677018880844116,0.16976900398731232,3.9704151153564453,0.14645199477672577,3.616641044616699,0.16902700066566467,3.9563820362091064,1267445532,178792671.0
2025-04-07,0.14952099323272705,3.5914759635925293,0.1526000052690506,3.7054600715637207,0.1315069943666458,3.309644937515259,0.14884500205516815,3.677018880844116,3512035481,415741805.0
2025-04-08,0.14210699498653412,3.371997117996216,0.15672700107097626,3.698667049407959,0.14151400327682495,3.3439130783081055,0.14951999485492706,3.5914900302886963,1829881699,183788658.0
2025-04-09,0.16037100553512573,3.639357089996338,0.16402600705623627,3.748565912246704,0.13672000169754028,3.257528066635132,0.1421090066432953,3.371997117996216,2265462273,307869528.0
2025-04-10,0.15366600453853607,3.4621849060058594,0.16037699580192566,3.6418190002441406,0.14941899478435516,3.4035139083862305,0.16037100553512573,3.639375925064087,1231567926,213146891.0
2025-04-11,0.16008900105953217,3.5592501163482666,0.16213999688625336,3.5926899909973145,0.15336300432682037,3.4521610736846924,0.15366800129413605,3.4621849060058594,864574135,150718490.0
2025-04-12,0.1676110029220581,3.7127699851989746,0.16933399438858032,3.7516419887542725,0.15787699818611145,3.5274240970611572,0.16008900105953217,3.5592501163482666,867802910,123941445.0
2025-04-13,0.16279199719429016,3.665757894515991,0.1684889942407608,3.809804916381836,0.16132000088691711,3.621476888656616,0.1676110029220581,3.712770938873291,874509965,169916266.0
2025-04-14,0.15850099921226501,3.6716148853302,0.16864100098609924,3.7919540405273438,0.15768900513648987,3.6419548988342285,0.16279199719429016,3.665776014328003,988651639,153288010.0
2025-04-15,0.15354999899864197,3.523082971572876,0.16106100380420685,3.7313120365142822,0.15325799584388733,3.518605947494507,0.158502995967865,3.6716148853302,777400544,136635150.0
2025-04-16,0.1546880006790161,3.5573348999023438,0.1570030003786087,3.6149730682373047,0.15094399452209473,3.4875569343566895,0.153547003865242,3.523082971572876,823568608,134742804.0
2025-04-17,0.15573999285697937,3.6304900646209717,0.15935100615024567,3.694089889526367,0.15318100154399872,3.5424139499664307,0.15469099581241608,3.557352066040039,586169227,121723874.0
2025-04-18,0.1576160043478012,3.67856502532959,0.15876999497413635,3.738039016723633,0.15377399325370789,3.6163389682769775,0.15574100613594055,3.6305480003356934,477534244,83911006.0
2025-04-19,0.15733300149440765,3.8793280124664307,0.16055600345134735,3.8891050815582275,0.15652300417423248,3.6492300033569336,0.15761800110340118,3.6784090995788574,477710096,103399796.0
2025-04-20,0.15518400073051453,3.8790690898895264,0.15928299725055695,3.9443750381469727,0.15274499356746674,3.7958850860595703,0.15733300149440765,3.8795149326324463,637644889,127865979.0
2025-04-21,0.15938800573349,3.785083055496216,0.16293400526046753,3.9717350006103516,0.1551399976015091,3.7741539478302,0.15518400073051453,3.8790690898895264,1038358279,135960196.0
2025-04-22,0.1786479949951172,4.017457962036133,0.17937099933624268,4.032319068908691,0.15795400738716125,3.695091962814331,0.15938700735569,3.785064935684204,1568128902,211950458.0
2025-04-23,0.17860500514507294,4.093155860900879,0.1850219964981079,4.191796779632568,0.17565800249576569,4.0069708824157715,0.17865200340747833,4.017428874969482,1860794550,234460359.0
2025-04-24,0.18245700001716614,4.26455020904541,0.18314500153064728,4.284289836883545,0.17026099562644958,3.936491012573242,0.17860500514507294,4.093171119689941,1479272164,204354619.0
2025-04-25,0.1818300038576126,4.255543231964111,0.18603500723838806,4.369482040405273,0.17812000215053558,4.230021953582764,0.1824599951505661,4.264616966247559,1731253893,204320518.0
2025-04-26,0.18188999593257904,4.267284870147705,0.19244299829006195,4.354250907897949,0.18041099607944489,4.215753078460693,0.18183200061321259,4.255618095397949,1467785872,141439179.0
2025-04-27,0.1796720027923584,4.095620155334473,0.18314500153064728,4.285973072052002,0.17700299620628357,4.069188117980957,0.18189099431037903,4.267244815826416,1113159755,166642412.0
2025-04-28,0.17895199358463287,4.238255977630615,0.18267199397087097,4.26550817489624,0.17437300086021423,4.019762992858887,0.1796730011701584,4.095712184906006,1345897366,186662324.0
2025-04-29,0.17463600635528564,4.146282196044922,0.1805409938097,4.324203968048096,0.17279499769210815,4.107154846191406,0.17895199358463287,4.238243103027344,966758883,137272809.0
2025-04-30,0.1723400056362152,4.068164825439453,0.17634999752044678,4.171250820159912,0.1672690063714981,4.041238784790039,0.1746399998664856,4.146282196044922,970750123,143326262.0
2025-05-01,0.180758997797966,4.176702976226807,0.1832900047302246,4.222681045532227,0.1722940057516098,4.06753396987915,0.1723410040140152,4.068169116973877,1018176528,131901670.0
2025-05-02,0.18157699704170227,4.163290977478027,0.1840820014476776,4.281560897827148,0.17944000661373138,4.131536960601807,0.1807660013437271,4.1767377853393555,1008214455,122376082.0
2025-05-03,0.1757570058107376,4.033395767211914,0.18205299973487854,4.1706390380859375,0.17550800740718842,4.025578022003174,0.18157699704170227,4.1632890701293945,577738365,91527901.0
2025-05-04,0.17055200040340424,3.920790910720825,0.177264004945755,4.049499034881592,0.17017099261283875,3.9057741165161133,0.1757570058107376,4.033353805541992,626186290,136558495.0
2025-05-05,0.17060400545597076,3.9187569618225098,0.1745380014181137,4.015308856964111,0.16866600513458252,3.8903191089630127,0.17055200040340424,3.920945882797241,689655044,132399727.0
2025-05-06,0.1721159964799881,3.9675021171569824,0.17240199446678162,3.9731099605560303,0.16439799964427948,3.8311429023742676,0.17060400545597076,3.9187569618225098,831221260,138431043.0
2025-05-07,0.1720069944858551,3.9670701026916504,0.17406299710273743,4.00459098815918,0.16948099434375763,3.88559889793396,0.1721149981021881,3.9674880504608154,677248571,114986637.0
2025-05-08,0.19757699966430664,4.441946029663086,0.19793899357318878,4.4846038818359375,0.17189300060272217,3.9670770168304443,0.17201000452041626,3.96708607673645,1943565536,294174684.0
2025-05-09,0.20529000461101532,4.792686939239502,0.21263499557971954,4.853381156921387,0.193339005112648,4.437596797943115,0.1975809931755066,4.443027019500732,2387581238,385565650.0
2025-05-10,0.24868899583816528,5.311709880828857,0.24910999834537506,5.312051773071289,0.20361000299453735,4.792699813842773,0.20529499650001526,4.792699813842773,3238796872,431310444.0
2025-05-11,0.23150800168514252,5.0924458503723145,0.25873899459838867,5.351193904876709,0.223580002784729,4.961215972900391,0.24868200719356537,5.3117828369140625,3518175098,315974202.0
2025-05-12,0.23100200295448303,5.072290897369385,0.25154098868370056,5.3662109375,0.22218500077724457,4.928921222686768,0.2315090000629425,5.09251594543457,4628696012,366177384.0
2025-05-13,0.24121500551700592,5.201260089874268,0.24289900064468384,5.268420219421387,0.21802300214767456,4.837019920349121,0.23100200295448303,5.072290897369385,2734212256,285729406.0
2025-05-14,0.23280799388885498,4.985311985015869,0.2467689961194992,5.257902145385742,0.22874200344085693,4.9550981521606445,0.24121500551700592,5.201260089874268,2249826077,246472486.0
2025-05-15,0.21918900310993195,4.768424987792969,0.23643699288368225,5.019043922424316,0.21492299437522888,4.691592216491699,0.232806995511055,4.985298156738281,2477683429,288768171.0
2025-05-16,0.22128699719905853,4.754538059234619,0.23029600083827972,4.946407794952393,0.2183160036802292,4.726859092712402,0.21919399499893188,4.768418788909912,1759584218,193560066.0
2025-05-17,0.21469800174236298,4.610406875610352,0.22204500436782837,4.761284828186035,0.21148799359798431,4.562997817993164,0.22128699719905853,4.754512786865234,1499656753,171955589.0
2025-05-18,0.2341810017824173,4.804838180541992,0.23715700209140778,4.917015075683594,0.2143779993057251,4.547843933105469,0.21469800174236298,4.610443115234375,2360198976,199139782.0
2025-05-19,0.22442099452018738,4.596532821655273,0.2351430058479309,4.808948040008545,0.21454499661922455,4.420077800750732,0.23396100103855133,4.804838180541992,2122215648,229348803.0
2025-05-20,0.22612600028514862,4.675634860992432,0.23032699525356293,4.725056171417236,0.21804599463939667,4.526021957397461,0.22442099452018738,4.596546173095703,1815889701,186585691.0
2025-05-21,0.23405799269676208,4.744808197021484,0.2375829964876175,4.868981838226318,0.2232930064201355,4.628596782684326,0.2261269986629486,4.675609111785889,2813244924,268392873.0
2025-05-22,0.24502800405025482,4.946420192718506,0.24543899297714233,4.971556186676025,0.2340639978647232,4.7413458824157715,0.23406800627708435,4.744823932647705,2739121621,233591006.0
2025-05-23,0.22481399774551392,4.554623126983643,0.25361698865890503,5.1143879890441895,0.22377799451351166,4.542837142944336,0.24502800405025482,4.946420192718506,3466192197,369140174.0
2025-05-24,0.2252970039844513,4.547797203063965,0.23036199808120728,4.631708145141602,0.2240539938211441,4.517449855804443,0.22481399774551392,4.554869174957275,1223553027,153380008.0
2025-05-25,0.22498400509357452,4.525113105773926,0.22627100348472595,4.559806823730469,0.21623100340366364,4.363696098327637,0.2252970039844513,4.547797203063965,1528958070,178319052.0
2025-05-26,0.22602500021457672,4.46865177154541,0.2302750051021576,4.6127848625183105,0.22301000356674194,4.4346442222595215,0.22498300671577454,4.525117874145508,1172026172,179248901.0
2025-05-27,0.22616399824619293,4.5374369621276855,0.2320069968700409,4.613452911376953,0.2201099991798401,4.383840084075928,0.22603000700473785,4.4686689376831055,1406054690,184485978.0
2025-05-28,0.22078199684619904,4.5749831199646,0.2276570051908493,4.658393859863281,0.21721599996089935,4.422947883605957,0.22616100311279297,4.537511825561523,1203668237,194435295.0
2025-05-29,0.21483300626277924,4.34134578704834,0.22783400118350983,4.6768951416015625,0.21458299458026886,4.341073036193848,0.22078199684619904,4.575018882751465,1561923823,214789670.0
2025-05-30,0.19343599677085876,4.048573970794678,0.21629999577999115,4.353537082672119,0.1921350061893463,4.036497116088867,0.2148369997739792,4.341247081756592,2466944860,310465863.0
2025-05-31,0.1925790011882782,4.081821918487549,0.1953520029783249,4.1186017990112305,0.1860630065202713,3.9125280380249023,0.19344200193881989,4.048605918884277,1529424800,200872762.0
2025-06-01,0.19363200664520264,4.064271926879883,0.19478000700473785,4.096866130828857,0.18726800382137299,3.9858999252319336,0.1925780028104782,4.081748962402344,939280532,126721689.0
2025-06-02,0.1953900009393692,4.145421981811523,0.1960649937391281,4.165862083435059,0.18887199461460114,3.9595439434051514,0.19363200664520264,4.064271926879883,1007324701,159635335.0
2025-06-03,0.1931380033493042,4.141016006469727,0.2002509981393814,4.219786167144775,0.1921900063753128,4.115155220031738,0.19539600610733032,4.145698070526123,1062603805,171359663.0
2025-06-04,0.18823599815368652,4.0176100730896,0.19690999388694763,4.2119269371032715,0.18742699921131134,3.9942150115966797,0.1931390017271042,4.140982151031494,779255975,179838859.0
2025-06-05,0.17162799835205078,3.8261899948120117,0.1923760026693344,4.073861122131348,0.16923299431800842,3.7548110485076904,0.1882369965314865,4.0176100730896,1718819551,233117439.0
2025-06-06,0.1789730042219162,3.8906478881835938,0.1842530071735382,3.9886279106140137,0.17018400132656097,3.8192451000213623,0.1716269999742508,3.8261919021606445,1247591143,157282081.0
2025-06-07,0.18516799807548523,4.028441905975342,0.18857300281524658,4.05794095993042,0.1780339926481247,3.8764901161193848,0.17896999418735504,3.8906819820404053,836264651,105780334.0
2025-06-08,0.18417300283908844,4.024810791015625,0.18675099313259125,4.112636089324951,0.18122300505638123,3.989717960357666,0.18516799807548523,4.028639793395996,689923176,121303803.0
2025-06-09,0.1949329972267151,4.157787799835205,0.19542500376701355,4.159237861633301,0.18045400083065033,3.9694418907165527,0.18417300283908844,4.024846076965332,1177667689,197241492.0
2025-06-10,0.19828200340270996,4.286640167236328,0.19830000400543213,4.310053825378418,0.18988700211048126,4.100607872009277,0.1949329972267151,4.157327175140381,1400212022,310685691.0
2025-06-11,0.19301100075244904,4.192241191864014,0.20433199405670166,4.336733818054199,0.19159400463104248,4.153278827667236,0.19828200340270996,4.286640167236328,1630500550,287917607.0
2025-06-12,0.18154799938201904,3.9283010959625244,0.1936189979314804,4.198781967163086,0.18053199350833893,3.914241075515747,0.19301100075244904,4.192241191864014,1254786513,257821735.0
2025-06-13,0.18038000166416168,3.8416519165039062,0.18154799938201904,3.9283010959625244,0.17079199850559235,3.6838219165802,0.18154799938201904,3.9283010959625244,1883491191,333986742.0
2025-06-14,0.1784670054912567,3.785244941711426,0.18044200539588928,3.8417530059814453,0.17497800290584564,3.723587989807129,0.18038199841976166,3.841676950454712,777784368,124560905.0
2025-06-15,0.17566899955272675,3.8218910694122314,0.17857599258422852,3.83113694190979,0.1717579960823059,3.7400639057159424,0.1784670054912567,3.785240888595581,760010233,88702203.0
2025-06-16,0.1726980060338974,3.8513100147247314,0.1810149997472763,3.990787982940674,0.1726980060338974,3.793549060821533,0.17566899955272675,3.8218910694122314,1204577500,161081451.0
2025-06-17,0.16966800391674042,3.7247750759124756,0.17589500546455383,3.893665075302124,0.1643030047416687,3.6697299480438232,0.17269699275493622,3.8513100147247314,1273076742,185799317.0
2025-06-18,0.170632004737854,3.6224279403686523,0.1720609962940216,3.783478021621704,0.16437900066375732,3.579425096511841,0.16966800391674042,3.7247750759124756,970407002,202038124.0
2025-06-19,0.17096300423145294,3.54790997505188,0.17184700071811676,3.653939962387085,0.16793599724769592,3.501534938812256,0.170633003115654,3.622400999069214,542107459,198808274.0
2025-06-20,0.16247500479221344,3.4376869201660156,0.17188100516796112,3.573946952819824,0.1588670015335083,3.3407630920410156,0.17096099257469177,3.5479159355163574,1099193747,245999059.0
2025-06-21,0.1541689932346344,3.319669008255005,0.16423299908638,3.5051119327545166,0.15177999436855316,3.253796100616455,0.16247500479221344,3.4376869201660156,813191920,179498676.0
2025-06-22,0.15132200717926025,3.1523730754852295,0.15724900364875793,3.3603169918060303,0.14377400279045105,3.0240108966827393,0.15419700741767883,3.319941997528076,1841758169,307653165.0
2025-06-23,0.16436299681663513,3.4198780059814453,0.16499100625514984,3.4200050830841064,0.14915800094604492,3.1248779296875,0.15132099390029907,3.1523609161376953,1346692450,274002105.0
2025-06-24,0.16573099792003632,3.437391996383667,0.16742700338363647,3.5186450481414795,0.1620270013809204,3.391442060470581,0.16436299681663513,3.4198780059814453,1072291444,176742980.0
2025-06-25,0.16457800567150116,3.356421947479248,0.16736499965190887,3.455833911895752,0.16299200057983398,3.3468739986419678,0.16573399305343628,3.437391996383667,839304495,147942057.0
2025-06-26,0.1599860042333603,3.2972519397735596,0.16790400445461273,3.427622079849243,0.1583700031042099,3.2774739265441895,0.16457800567150116,3.356421947479248,916611999,152964255.0
2025-06-27,0.16106800734996796,3.3604369163513184,0.16259700059890747,3.3850998878479004,0.15746499598026276,3.288796901702881,0.1599860042333603,3.2972500324249268,638328531,153035450.0
2025-06-28,0.16369199752807617,3.4042139053344727,0.16489799320697784,3.4241769313812256,0.160631000995636,3.333559989929199,0.16106900572776794,3.3604180812835693,400589442,85286542.0
2025-06-29,0.16960200667381287,3.547437906265259,0.16977599263191223,3.576914072036743,0.1627119928598404,3.3817598819732666,0.16369199752807617,3.404370069503784,543918306,121875869.0
2025-06-30,0.16513599455356598,3.399553060531616,0.1697939932346344,3.5543360710144043,0.16262699663639069,3.3571949005126953,0.16960200667381287,3.547437906265259,838074434,166440298.0
2025-07-01,0.15775099396705627,3.283790111541748,0.1661520004272461,3.416351079940796,0.15706300735473633,3.2630980014801025,0.16513599455356598,3.399553060531616,687516950,150937550.0
2025-07-02,0.16872000694274902,3.542109966278076,0.17243899405002594,3.618757963180542,0.15703600645065308,3.2495269775390625,0.15775099396705627,3.2838170528411865,1151068316,269381005.0
2025-07-03,0.17203399538993835,3.5397400856018066,0.1751910001039505,3.6611340045928955,0.1677580028772354,3.5063509941101074,0.16871699690818787,3.542109966278076,1280276705,234862400.0
2025-07-04,0.16287100315093994,3.3577089309692383,0.17266100645065308,3.5578598976135254,0.16158199310302734,3.322087049484253,0.17203299701213837,3.5397400856018066,1005469062,216355237.0
2025-07-05,0.1642719954252243,3.355695962905884,0.1649550050497055,3.3887810707092285,0.1623850017786026,3.3127620220184326,0.16287200152873993,3.3577089309692383,444944070,103137885.0
2025-07-06,0.17198599874973297,3.3957769870758057,0.17471100389957428,3.438524007797241,0.1632709950208664,3.3313450813293457,0.1642719954252243,3.355695962905884,1092475819,150417427.0
2025-07-07,0.16796599328517914,3.369813919067383,0.1767289936542511,3.433419942855835,0.1659040004014969,3.3308451175689697,0.17198599874973297,3.3957769870758057,1238654782,135115213.0
2025-07-08,0.1709890067577362,3.4486050605773926,0.17177699506282806,3.467672109603882,0.16613100469112396,3.3294079303741455,0.16796700656414032,3.369813919067383,852173993,165560188.0
2025-07-09,0.18075500428676605,3.6188080310821533,0.18478600680828094,3.655885934829712,0.17010299861431122,3.4189939498901367,0.1709890067577362,3.4486050605773926,1657071962,243714698.0
2025-07-10,0.1947930008172989,3.8834149837493896,0.19574199616909027,3.8857779502868652,0.17892099916934967,3.5927300453186035,0.18075500428676605,3.6188080310821533,1741316233,329879593.0
2025-07-11,0.20118799805641174,3.917196035385132,0.2129340022802353,4.102505207061768,0.19177600741386414,3.820207118988037,0.19478699564933777,3.8834149837493896,3859031770,492739010.0
2025-07-12,0.19732800126075745,3.8889429569244385,0.2061060070991516,4.041780948638916,0.19224399328231812,3.8097500801086426,0.20118799805641174,3.917196035385132,1645230470,285897509.0
2025-07-13,0.19859500229358673,3.98730206489563,0.20360900461673737,4.05760383605957,0.19626200199127197,3.8803300857543945,0.19732800126075745,3.8889429569244385,1460860601,229590572.0
2025-07-14,0.19743099808692932,3.950788974761963,0.21038900315761566,4.187922954559326,0.1955299973487854,3.913240909576416,0.19859500229358673,3.98730206489563,2642688097,367974701.0
2025-07-15,0.19916200637817383,4.078707218170166,0.19917899370193481,4.093292236328125,0.1887509971857071,3.8114430904388428,0.19743099808692932,3.950788974761963,2108544271,343961652.0
2025-07-16,0.2127469927072525,4.1577677726745605,0.21973200142383575,4.263058185577393,0.19572100043296814,4.0160908699035645,0.19916200637817383,4.078707218170166,2865490732,400881906.0
2025-07-17,0.2180279940366745,4.266907215118408,0.22205500304698944,4.295923233032227,0.2073819935321808,4.079722881317139,0.2127469927072525,4.1577677726745605,3524415111,473135547.0
2025-07-18,0.2361290007829666,4.229214191436768,0.2525370121002197,4.608788967132568,0.2167550027370453,4.157649993896484,0.2180200070142746,4.266907215118408,6909551812,681469261.0
2025-07-19,0.24149300158023834,4.415104866027832,0.2566330134868622,4.446663856506348,0.23608200252056122,4.144276142120361,0.23613899946212769,4.22915506362915,4276687151,285627546.0
2025-07-20,0.27292901277542114,4.4912872314453125,0.27696600556373596,4.582372188568115,0.24024200439453125,4.3554911613464355,0.24149300158023834,4.415034770965576,6077966743,424712664.0
2025-07-21,0.2717190086841583,4.503505229949951,0.2867560088634491,4.670223236083984,0.26493000984191895,4.406247138977051,0.27292901277542114,4.4912872314453125,6129417334,502774678.0
2025-07-22,0.2703790068626404,4.547214984893799,0.2744089961051941,4.547214984893799,0.25819501280784607,4.286787033081055,0.2717190086841583,4.503517150878906,4399161114,560492839.0
2025-07-23,0.2406489998102188,4.115471839904785,0.27087700366973877,4.550323009490967,0.23208700120449066,4.011944770812988,0.2703779935836792,4.547214984893799,4422461834,537550921.0
2025-07-24,0.23197400569915771,4.000131130218506,0.24647800624370575,4.199174880981445,0.22327899932861328,3.9114201068878174,0.24066300690174103,4.115420818328857,4245820253,514375236.0
2025-07-25,0.23681199550628662,4.088868141174316,0.23681199550628662,4.097097873687744,0.22198200225830078,3.88517689704895,0.23197400569915771,4.000131130218506,3502127057,370438950.0
2025-07-26,0.23551400005817413,4.124812126159668,0.23986400663852692,4.192951202392578,0.23318499326705933,4.075061798095703,0.23680800199508667,4.088812828063965,1499470254,197121411.0
2025-07-27,0.24080300331115723,4.239684104919434,0.24357399344444275,4.247478008270264,0.2347390055656433,4.119171142578125,0.23551300168037415,4.124798774719238,1975404021,201448520.0
2025-07-28,0.2252259999513626,3.948425054550171,0.2482140064239502,4.306766986846924,0.224932000041008,3.940851926803589,0.24080300331115723,4.239709854125977,2900653769,335013712.0
2025-07-29,0.22379299998283386,3.9029300212860107,0.2324489951133728,4.077889919281006,0.21831299364566803,3.827219009399414,0.22523200511932373,3.948482036590576,2219777443,328652637.0
2025-07-30,0.2198999971151352,3.8067150115966797,0.2261440008878708,3.9144630432128906,0.2110079973936081,3.6577820777893066,0.22379299998283386,3.9029300212860107,2295849760,354611051.0
2025-07-31,0.2098730057477951,3.6885859966278076,0.22551299631595612,3.917509078979492,0.20921799540519714,3.674182891845703,0.2198999971151352,3.8067150115966797,1775122878,282314212.0
2025-08-01,0.20121599733829498,3.5524909496307373,0.21203500032424927,3.7199618816375732,0.19677700102329254,3.4755361080169678,0.20985400676727295,3.688472032546997,3400021925,429041410.0
2025-08-02,0.19121399521827698,3.506546974182129,0.2032189965248108,3.626297950744629,0.189627006649971,3.4354779720306396,0.20121599733829498,3.5524909496307373,2202580408,270871924.0
2025-08-03,0.19886399805545807,3.6039528846740723,0.19992800056934357,3.619088888168335,0.1895419955253601,3.4753100872039795,0.19121399521827698,3.5065979957580566,1383820507,181461269.0
2025-08-04,0.21041299402713776,3.7199230194091797,0.21118800342082977,3.7533180713653564,0.19865299761295319,3.6014440059661865,0.19886299967765808,3.6039600372314453,1808700824,227879151.0
2025-08-05,0.1997389942407608,3.618730068206787,0.21087799966335297,3.720853090286255,0.1964469999074936,3.54612398147583,0.21041299402713776,3.7199339866638184,1606059547,223102014.0
2025-08-06,0.20525500178337097,3.673978090286255,0.20701800286769867,3.695204973220825,0.19574099779129028,3.5563619136810303,0.1997399926185608,3.6187520027160645,1273212150,188762333.0
2025-08-07,0.22238999605178833,3.863389015197754,0.2228730022907257,3.8647658824920654,0.20354300737380981,3.6473770141601562,0.20525500178337097,3.673978090286255,2060907648,281688383.0
2025-08-08,0.23021399974822998,3.9782629013061523,0.23223599791526794,3.9960238933563232,0.2200150042772293,3.8218250274658203,0.22239099442958832,3.8633859157562256,2813209061,417196312.0
2025-08-09,0.24032500386238098,4.139029026031494,0.24609799683094025,4.159371852874756,0.22995799779891968,3.974759101867676,0.2302190065383911,3.9782509803771973,3167912055,293774813.0
2025-08-10,0.23409900069236755,4.063408851623535,0.24312999844551086,4.1743340492248535,0.22997799515724182,3.978416919708252,0.24032500386238098,4.139004230499268,2275130914,293149311.0
2025-08-11,0.22255000472068787,3.8637399673461914,0.24140800535678864,4.153816223144531,0.221561998128891,3.8249928951263428,0.2341029942035675,4.063408851623535,2818659723,359887062.0
2025-08-12,0.23566600680351257,4.148653984069824,0.2378000020980835,4.224984169006348,0.21919700503349304,3.843271017074585,0.22255100309848785,3.8637399673461914,2721898586,521556324.0
2025-08-13,0.24520200490951538,4.281787872314453,0.24965700507164001,4.310699939727783,0.2316019982099533,4.101747035980225,0.23566600680351257,4.148653984069824,4066944826,542637432.0
2025-08-14,0.22389300167560577,3.988956928253174,0.25477901101112366,4.363553047180176,0.21813300251960754,3.9134140014648438,0.24520200490951538,4.281787872314453,5430971906,592821432.0
2025-08-15,0.2286130040884018,3.891083002090454,0.23284900188446045,4.0989179611206055,0.22067099809646606,3.829047918319702,0.22389400005340576,3.9889678955078125,3284438866,414246269.0
2025-08-16,0.2312459945678711,3.9670538902282715,0.23541100323200226,3.9953980445861816,0.22639699280261993,3.891083002090454,0.2286130040884018,3.891083002090454,2012788849,175378331.0
2025-08-17,0.23456500470638275,4.056697845458984,0.24234800040721893,4.1889448165893555,0.22872599959373474,3.9318490028381348,0.2312449961900711,3.9670369625091553,2308822296,279321276.0
2025-08-18,0.22242499887943268,3.9148130416870117,0.2355320006608963,4.060318946838379,0.2204589992761612,3.8419759273529053,0.23456500470638275,4.0566911697387695,3221260023,377172985.0
2025-08-19,0.20904800295829773,3.715419054031372,0.22556200623512268,3.9590420722961426,0.20896600186824799,3.714900016784668,0.2224240005016327,3.9148669242858887,2965240262,324226089.0
2025-08-20,0.22145000100135803,3.880340099334717,0.22272199392318726,3.9026520252227783,0.208529993891716,3.704371929168701,0.2090499997138977,3.715419054031372,3332092604,295603920.0
2025-08-21,0.21474899351596832,3.7936270236968994,0.224030002951622,3.9106979370117188,0.2140990048646927,3.7754409313201904,0.22145000100135803,3.880340099334717,2146370687,186024612.0
2025-08-22,0.24059000611305237,4.175912857055664,0.24172499775886536,4.195868015289307,0.20875099301338196,3.6962080001831055,0.21474699676036835,3.7936320304870605,4553800466,509083926.0
2025-08-23,0.23600900173187256,4.226393222808838,0.24059300124645233,4.2422308921813965,0.22927099466323853,4.0313801765441895,0.2405879944562912,4.176280975341797,2633509850,342847888.0
2025-08-24,0.231797993183136,4.109203815460205,0.244501993060112,4.277969837188721,0.22837400436401367,4.015392780303955,0.2360209971666336,4.226469993591309,3243609548,418509833.0
2025-08-25,0.20982399582862854,3.7359769344329834,0.2341099977493286,4.140028953552246,0.2072010040283203,3.705754041671753,0.2318039983510971,4.109255790710449,3601938683,499629332.0
2025-08-26,0.21846500039100647,3.8882479667663574,0.21982400119304657,3.9224729537963867,0.20824599266052246,3.7196810245513916,0.20982399582862854,3.7359530925750732,2273426712,293071443.0
2025-08-27,0.21891899406909943,3.8341710567474365,0.22326500713825226,3.9274020195007324,0.21631599962711334,3.831610918045044,0.2184620052576065,3.8882479667663574,2291320646,276129371.0
2025-08-28,0.22434000670909882,3.9804909229278564,0.22587800025939941,4.017605781555176,0.21723699569702148,3.8130691051483154,0.21892599761486053,3.8342130184173584,1900714656,388250634.0
2025-08-29,0.2140350043773651,3.7769110202789307,0.2246280014514923,3.9908840656280518,0.21003800630569458,3.7285969257354736,0.22433799505233765,3.980407953262329,2575985418,462384074.0
2025-08-30,0.21597999334335327,3.8101580142974854,0.21841999888420105,3.821460008621216,0.2120019942522049,3.721658945083618,0.21403400599956512,3.7767679691314697,1092661803,194359990.0
2025-08-31,0.21381500363349915,3.74202299118042,0.22094599902629852,3.8695199489593506,0.2135629951953888,3.7382729053497314,0.21598100662231445,3.8102469444274902,1044727824,234742138.0
2025-09-01,0.2102539986371994,3.689126968383789,0.21962599456310272,3.880920886993408,0.20545299351215363,3.6230380535125732,0.213811993598938,3.74202299118042,2726790335,374576026.0
2025-09-02,0.21481800079345703,3.8170011043548584,0.2152629941701889,3.820535898208618,0.2069990038871765,3.6817829608917236,0.21025200188159943,3.6891520023345947,2083072411,258689520.0
2025-09-03,0.2205599993467331,3.8643898963928223,0.22324000298976898,3.8998730182647705,0.21265900135040283,3.794403076171875,0.21481800079345703,3.816988945007324,1806352077,202485380.0
2025-09-04,0.21247699856758118,3.7666831016540527,0.22089199721813202,3.8741559982299805,0.21078899502754211,3.7357029914855957,0.2205599993467331,3.8643898963928223,1600512717,192000270.0
2025-09-05,0.2179040014743805,3.82886004447937,0.22065100073814392,3.89090895652771,0.21210500597953796,3.7596309185028076,0.21246899664402008,3.7666571140289307,2429307965,257901755.0
2025-09-06,0.21588599681854248,3.8251469135284424,0.2187259942293167,3.8824400901794434,0.2125519961118698,3.791843891143799,0.2179040014743805,3.82886004447937,1195532222,148034765.0
2025-09-07,0.2284429967403412,3.9948670864105225,0.22905200719833374,4.077169895172119,0.21586699783802032,3.8248250484466553,0.21588599681854248,3.8251469135284424,1913782985,355080566.0
2025-09-08,0.24188099801540375,4.045086860656738,0.2436400055885315,4.073800086975098,0.226950004696846,3.9862709045410156,0.2284429967403412,3.9948549270629883,3729000010,360862281.0
2025-09-09,0.24068999290466309,4.139011859893799,0.24853099882602692,4.176276206970215,0.23408900201320648,4.011549949645996,0.24188099801540375,4.045086860656738,4216668251,419415341.0
2025-09-10,0.2453950047492981,4.21365213394165,0.24803900718688965,4.223106861114502,0.23697000741958618,4.058006763458252,0.24069100618362427,4.138999938964844,2829953595,354551304.0
2025-09-11,0.25565800070762634,4.241763114929199,0.2568559944629669,4.255407810211182,0.24430200457572937,4.148754119873047,0.24539199471473694,4.2136101722717285,3760658715,292488930.0
2025-09-12,0.27542799711227417,4.320271968841553,0.27838701009750366,4.3216681480407715,0.2551650106906891,4.163090229034424,0.2556520104408264,4.241775035858154,4643519794,299400992.0
2025-09-13,0.28946399688720703,4.500833034515381,0.3056420087814331,4.6162261962890625,0.27314698696136475,4.310919761657715,0.27542001008987427,4.320271968841553,9024886352,501095005.0
2025-09-14,0.27858999371528625,4.322048187255859,0.2942120134830475,4.500790119171143,0.2731879949569702,4.289690971374512,0.28946301341056824,4.500789165496826,5708225877,283184602.0
2025-09-15,0.2686299979686737,4.152833938598633,0.28168100118637085,4.400432109832764,0.25982901453971863,4.114698886871338,0.2785870134830475,4.321849822998047,5721394577,339037089.0
2025-09-16,0.269771009683609,4.255425930023193,0.27156201004981995,4.292720794677734,0.2589690089225769,4.125566005706787,0.2686290144920349,4.152833938598633,4384096063,324439363.0
2025-09-17,0.28246399760246277,4.400455951690674,0.2835659980773926,4.428213119506836,0.2622460126876831,4.146777153015137,0.269771009683609,4.255476951599121,4837069879,348631477.0
2025-09-18,0.278779000043869,4.53749418258667,0.28790199756622314,4.593057155609131,0.27646100521087646,4.381008148193359,0.28244900703430176,4.400506019592285,4420244724,449678874.0
2025-09-19,0.26538699865341187,4.358479976654053,0.2840220034122467,4.874237060546875,0.26371100544929504,4.331878185272217,0.2787800133228302,4.537506103515625,3402582767,687456875.0
2025-09-20,0.26774901151657104,4.3580708503723145,0.26914501190185547,4.45630407333374,0.2635659873485565,4.303096771240234,0.26538801193237305,4.3584818840026855,1791655632,294729423.0
2025-09-21,0.2611590027809143,4.271018981933594,0.26968398690223694,4.386442184448242,0.26082998514175415,4.247257232666016,0.26774901151657104,4.3580708503723145,1759685373,226005248.0
2025-09-22,0.24131600558757782,4.036866188049316,0.26204100251197815,4.276430130004883,0.2358579933643341,3.9382009506225586,0.2611599862575531,4.271018981933594,5600811076,502093098.0
2025-09-23,0.2373879998922348,3.9731099605560303,0.24340100586414337,4.058322906494141,0.234702005982399,3.946686029434204,0.24131500720977783,4.036866188049316,2979805692,257229934.0
2025-09-24,0.24124400317668915,3.9947450160980225,0.2501550018787384,4.108613014221191,0.23208600282669067,3.913738965988159,0.23738600313663483,3.9731099605560303,3426936081,283160677.0
2025-09-25,0.22270600497722626,3.8005480766296387,0.24193400144577026,4.004283905029297,0.2215700000524521,3.7886040210723877,0.24124500155448914,3.9947450160980225,4513449818,406371843.0
2025-09-26,0.23262900114059448,3.9277079105377197,0.2332880049943924,3.96954607963562,0.22203600406646729,3.7853469848632812,0.22271400690078735,3.8005480766296387,3136341383,261337827.0
2025-09-27,0.23083600401878357,3.8925979137420654,0.23421500623226166,3.9277210235595703,0.2282470017671585,3.8568220138549805,0.23262900114059448,3.9277079105377197,1404236029,151876104.0
2025-09-28,0.2373879998922348,3.996964931488037,0.23747199773788452,4.014097213745117,0.22541700303554535,3.7990779876708984,0.23083800077438354,3.8925979137420654,1629383714,197272471.0
2025-09-29,0.23505699634552002,3.983712911605835,0.2386849969625473,4.020794868469238,0.22916999459266663,3.871954917907715,0.2373889982700348,3.9970009326934814,2451434578,274838183.0
2025-09-30,0.23290500044822693,3.907707929611206,0.23565100133419037,3.9894371032714844,0.22679699957370758,3.814802885055542,0.2350669950246811,3.98370099067688,2112968133,206562308.0
2025-10-01,0.24836499989032745,4.121088027954102,0.24836499989032745,4.121581077575684,0.2308329939842224,3.8891611099243164,0.23290500044822693,3.907707929611206,2935493861,280950394.0
2025-10-02,0.2619369924068451,4.3088788986206055,0.26341500878334045,4.3373589515686035,0.24705499410629272,4.104229927062988,0.24837200343608856,4.121100902557373,3466616007,367515728.0
2025-10-03,0.2586030066013336,4.320178031921387,0.26496899127960205,4.377396106719971,0.2535470128059387,4.188098907470703,0.26194000244140625,4.3088788986206055,3285893533,327374794.0
2025-10-04,0.250916987657547,4.201498985290527,0.2594049870967865,4.32674503326416,0.2473369985818863,4.1426591873168945,0.2586039900779724,4.320165157318115,2121406683,226165346.0
2025-10-05,0.25295400619506836,4.135800838470459,0.26466500759124756,4.365485191345215,0.24981500208377838,4.092994213104248,0.250914990901947,4.20144510269165,3422890843,292655150.0
2025-10-06,0.26631298661231995,4.387514114379883,0.27004700899124146,4.414820194244385,0.2513220012187958,4.118031024932861,0.25295400619506836,4.135798931121826,3938750191,378617545.0
2025-10-07,0.24731600284576416,4.146091938018799,0.267863005399704,4.427138805389404,0.24725699424743652,4.120973110198975,0.26631200313568115,4.387709140777588,4263519773,370128509.0
2025-10-08,0.25556299090385437,4.197646141052246,0.26093098521232605,4.238286972045898,0.2441360056400299,4.080702781677246,0.24731600284576416,4.14611291885376,3136056857,291087856.0
2025-10-09,0.2485630065202713,4.075096130371094,0.2557089924812317,4.197659969329834,0.24194100499153137,3.9746859073638916,0.2555620074272156,4.197646141052246,3221293489,305329649.0
2025-10-10,0.19315500557422638,2.962415933609009,0.25362399220466614,4.285317897796631,0.11478400230407715,1.4103939533233643,0.2485630065202713,4.075088977813721,8989277920,1139341579.0
2025-10-11,0.1854429990053177,3.000314950942993,0.20023399591445923,3.314361095428467,0.1790120005607605,2.9004509449005127,0.19315500557422638,2.962415933609009,6948749972,864188141.0
2025-10-12,0.20779499411582947,3.2469899654388428,0.21404899656772614,3.3040459156036377,0.18175600469112396,2.9237799644470215,0.1854410022497177,3.000277042388916,5183180935,427368745.0
2025-10-13,0.21399100124835968,3.3771069049835205,0.21827000379562378,3.4411211013793945,0.20474599301815033,3.205383062362671,0.20779499411582947,3.2470901012420654,4745994514,477219506.0
2025-10-14,0.20453199744224548,3.2507400512695312,0.21554400026798248,3.3937759399414062,0.19510400295257568,3.0885820388793945,0.21399100124835968,3.3771069049835205,4841725506,435483489.0
2025-10-15,0.19632700085639954,3.138685941696167,0.20797300338745117,3.3360660076141357,0.19509799778461456,3.1105470657348633,0.20453199744224548,3.250765085220337,2877365449,307547964.0
2025-10-16,0.18836699426174164,3.015078067779541,0.20123499631881714,3.2005999088287354,0.1852090060710907,2.9800150394439697,0.19632799923419952,3.138685941696167,3498982322,372522780.0
2025-10-17,0.18484200537204742,2.8918559551239014,0.19079700112342834,3.0540850162506104,0.17621099948883057,2.7845969200134277,0.18836599588394165,3.0151150226593018,3317944601,397906017.0
2025-10-18,0.18959900736808777,2.9324910640716553,0.19022299349308014,2.964359998703003,0.18453200161457062,2.8918559551239014,0.18485000729560852,2.8918559551239014,1238849111,146148632.0
2025-10-19,0.19532300531864166,3.0078349113464355,0.1985349953174591,3.056874990463257,0.18629500269889832,2.888869047164917,0.18959900736808777,2.9324910640716553,1982258702,205544790.0
2025-10-20,0.20011399686336517,3.087536096572876,0.20244699716567993,3.1266798973083496,0.19194099307060242,2.9527060985565186,0.19532400369644165,3.007848024368286,2148033213,240039585.0
2025-10-21,0.1943890005350113,3.0065131187438965,0.20543499290943146,3.1882340908050537,0.19233199954032898,2.9557321071624756,0.20015600323677063,3.0880050659179688,2783675973,291727812.0
2025-10-22,0.19000199437141418,2.9219770431518555,0.19531400501728058,3.028286933898926,0.18650099635124207,2.8565618991851807,0.19438600540161133,3.0066521167755127,2573427089,261170195.0
2025-10-23,0.19484399259090424,3.003082036972046,0.1972160041332245,3.034053087234497,0.18983200192451477,2.9155449867248535,0.19000199437141418,2.9219770431518555,1769172845,189733289.0
2025-10-24,0.19769799709320068,3.078372001647949,0.19968299567699432,3.1016550064086914,0.19440199434757233,2.996103048324585,0.19485799968242645,3.003067970275879,1546313970,195912168.0
2025-10-25,0.19659100472927094,3.092258930206299,0.19971799850463867,3.1035799980163574,0.1962520033121109,3.0323030948638916,0.19769799709320068,3.078372001647949,1136645097,114041408.0
2025-10-26,0.20566999912261963,3.196014881134033,0.20641100406646729,3.2201249599456787,0.1947930008172989,3.060062885284424,0.19659000635147095,3.092258930206299,1679630618,168511027.0
2025-10-27,0.20038199424743652,3.1401870250701904,0.2093150019645691,3.2432448863983154,0.19980299472808838,3.1236019134521484,0.20566800236701965,3.1959919929504395,1984421014,214612699.0
2025-10-28,0.19375699758529663,3.053065061569214,0.202906996011734,3.190061092376709,0.1912200003862381,3.008435010910034,0.20038199424743652,3.1401870250701904,2809894306,717773716.0
2025-10-29,0.19238999485969543,3.0796608924865723,0.197270005941391,3.1728010177612305,0.1890770047903061,3.0387260913848877,0.19375500082969666,3.0529279708862305,2590886109,302356286.0
2025-10-30,0.18271000683307648,2.873090982437134,0.1944890022277832,3.1156809329986572,0.17678600549697876,2.790792942047119,0.19238300621509552,3.0797300338745117,3112664146,338490725.0
2025-10-31,0.18643300235271454,2.882333993911743,0.1877560019493103,2.92215895652771,0.18251000344753265,2.838711977005005,0.18271300196647644,2.873051881790161,1579798665,205051611.0
2025-11-01,0.18728099763393402,2.9667699337005615,0.18838299810886383,2.9667699337005615,0.18529899418354034,2.868199110031128,0.18643200397491455,2.8823189735412598,849876271,155492059.0
2025-11-02,0.18657299876213074,2.987847089767456,0.18867699801921844,3.0107059478759766,0.18248000741004944,2.8832170963287354,0.18727999925613403,2.9667699337005615,967206772,168517501.0
2025-11-03,0.16724300384521484,2.5833070278167725,0.18657800555229187,2.9891629219055176,0.16382700204849243,2.5250189304351807,0.18657200038433075,2.987804889678955,3648984899,359353589.0
2025-11-04,0.1626950055360794,2.5136098861694336,0.17088499665260315,2.6583340167999268,0.15249599516391754,2.355437994003296,0.16724200546741486,2.5832600593566895,4796083616,381431655.0
2025-11-05,0.16738000512123108,2.6720540523529053,0.16846300661563873,2.675671100616455,0.15530499815940857,2.3982489109039307,0.1626950055360794,2.513598918914795,2522587575,243753165.0
2025-11-06,0.1614059954881668,2.6639440059661865,0.16738000512123108,2.6736509799957275,0.15773099660873413,2.5454978942871094,0.1673790067434311,2.6720430850982666,1870692567,267608836.0
2025-11-07,0.17867299914360046,3.2420198917388916,0.18138399720191956,3.331070899963379,0.16048599779605865,2.66382098197937,0.16140800714492798,2.6639440059661865,2931787387,773850024.0
2025-11-08,0.17618200182914734,3.2495250701904297,0.18300899863243103,3.5225250720977783,0.1733119934797287,3.090938091278076,0.17867399752140045,3.242069959640503,2236137677,652290082.0
2025-11-09,0.1792600005865097,3.2328670024871826,0.18096399307250977,3.302485942840576,0.17167900502681732,3.0437939167022705,0.17618200182914734,3.2498860359191895,1608940509,405201899.0
2025-11-10,0.18181400001049042,3.260983943939209,0.18501900136470795,3.3049368858337402,0.1776600033044815,3.131890058517456,0.17925900220870972,3.2328670024871826,2127003685,389675190.0
2025-11-11,0.17202499508857727,3.0523529052734375,0.18534600734710693,3.3655500411987305,0.17186999320983887,3.0486979484558105,0.18181300163269043,3.260996103286743,2107396312,336791668.0
2025-11-12,0.1700810045003891,2.9233651161193848,0.17828400433063507,3.1437430381774902,0.16748100519180298,2.8808999061584473,0.17202000319957733,3.0523180961608887,1803938275,274400389.0
2025-11-13,0.1642960011959076,2.861380100250244,0.17679500579833984,3.039310932159424,0.16032199561595917,2.7699599266052246,0.1700810045003891,2.923388957977295,2729846444,297813266.0
2025-11-14,0.15746599435806274,2.8097660541534424,0.16571900248527527,2.9123029708862305,0.15541699528694153,2.770862102508545,0.1642960011959076,2.8614230155944824,3090051874,327570450.0
2025-11-15,0.16313700377941132,2.831317901611328,0.16429300606250763,2.9457969665527344,0.15746499598026276,2.8097660541534424,0.15746599435806274,2.8097660541534424,1245164553,181931855.0
2025-11-16,0.15866099298000336,2.7873780727386475,0.1653279960155487,2.8927249908447266,0.1544169932603836,2.7042601108551025,0.16313700377941132,2.831268072128296,1764383845,210707779.0
2025-11-17,0.15189200639724731,2.6619250774383545,0.1639450043439865,2.842276096343994,0.15091900527477264,2.6318230628967285,0.15866099298000336,2.7873239517211914,2792290270,258099004.0
2025-11-18,0.16170400381088257,2.7538230419158936,0.1625330001115799,2.796741008758545,0.15010200440883636,2.630242109298706,0.15189200639724731,2.661937952041626,2444487369,238270949.0
2025-11-19,0.1543249934911728,2.68806791305542,0.1620970070362091,2.7633979320526123,0.14731000363826752,2.572930097579956,0.16170400381088257,2.7538230419158936,2265496568,211966433.0
2025-11-20,0.14909200370311737,2.539591073989868,0.1590999960899353,2.802243947982788,0.14643600583076477,2.513089895248413,0.1543249934911728,2.6879971027374268,2500681053,257210266.0
2025-11-21,0.1401820033788681,2.3453900814056396,0.15062600374221802,2.585705041885376,0.13411399722099304,2.282442092895508,0.14909300208091736,2.5395660400390625,3788412140,315312918.0
2025-11-22,0.14030399918556213,2.309506893157959,0.1419059932231903,2.353961944580078,0.13589799404144287,2.263585090637207,0.1401820033788681,2.3453779220581055,1508164780,153603995.0
2025-11-23,0.14483100175857544,2.2557220458984375,0.14742599427700043,2.361644983291626,0.13976000249385834,2.254889965057373,0.14030399918556213,2.309506893157959,1345739666,147343524.0
2025-11-24,0.15179400146007538,2.3393540382385254,0.1535950005054474,2.393855094909668,0.14377999305725098,2.244986057281494,0.14483100175857544,2.2557339668273926,1886500747,201874598.0
2025-11-25,0.1529719978570938,2.294471025466919,0.15473900735378265,2.345741033554077,0.1463090032339096,2.1854329109191895,0.15179499983787537,2.33935809135437,1584986684,189254262.0
2025-11-26,0.15477800369262695,2.3444418907165527,0.15660199522972107,2.3683650493621826,0.14890000224113464,2.243720054626465,0.1529719978570938,2.2944579124450684,1505665002,155874654.0
2025-11-27,0.15268899500370026,2.337851047515869,0.15546299517154694,2.3870370388031006,0.1523589938879013,2.311160087585449,0.15477800369262695,2.3444418907165527,922512953,133816506.0
2025-11-28,0.15027999877929688,2.2849929332733154,0.155008003115654,2.3672399520874023,0.14862999320030212,2.267896890640259,0.15268999338150024,2.3378660678863525,1307624427,155255001.0
2025-11-29,0.1485690027475357,2.2603209018707275,0.15080100297927856,2.2981510162353516,0.14761899411678314,2.234407901763916,0.1502790004014969,2.2849929332733154,648320199,93285705.0
2025-11-30,0.14666900038719177,2.2185781002044678,0.15048199892044067,2.2910170555114746,0.14666900038719177,2.2185781002044678,0.1485690027475357,2.2603209018707275,717631352,87401395.0
2025-12-01,0.13558800518512726,2.042915105819702,0.14667099714279175,2.2185781002044678,0.13236600160598755,1.9700260162353516,0.14666900038719177,2.2185781002044678,1935250412,285257152.0
2025-12-02,0.14597199857234955,2.247905969619751,0.14724600315093994,2.2798140048980713,0.13470099866390228,2.0346720218658447,0.13558800518512726,2.042915105819702,1442143940,217334497.0
2025-12-03,0.15194399654865265,2.366935968399048,0.1529189944267273,2.3951311111450195,0.14539000391960144,2.2478580474853516,0.14597000181674957,2.2478880882263184,1522255570,203676190.0
2025-12-04,0.14750300347805023,2.2741360664367676,0.1527310013771057,2.3687660694122314,0.1459839940071106,2.250988006591797,0.15192000567913055,2.3668580055236816,1232527768,174834951.0
2025-12-05,0.13963200151920319,2.1272780895233154,0.14828400313854218,2.3058950901031494,0.13766099512577057,2.091114044189453,0.14750300347805023,2.2741360664367676,1279447426,170542244.0
2025-12-06,0.13974300026893616,2.1290860176086426,0.1405850052833557,2.162471055984497,0.13856500387191772,2.0904829502105713,0.13963200151920319,2.1272780895233154,637344481,111020018.0
2025-12-07,0.13857600092887878,2.0915310382843018,0.14283199608325958,2.154299020767212,0.13527099788188934,2.0550920963287354,0.13974499702453613,2.1290860176086426,1065448744,155758808.0
2025-12-08,0.14259900152683258,2.1314139366149902,0.1446080058813095,2.1728830337524414,0.13824500143527985,2.0875110626220703,0.13857099413871765,2.0915639400482178,1167700280,186904585.0
2025-12-09,0.14803700149059296,2.291780948638916,0.15291300415992737,2.382498025894165,0.13962699472904205,2.092374086380005,0.14259999990463257,2.1314139366149902,1669844829,250719147.0
2025-12-10,0.14351500570774078,2.1941299438476562,0.15012100338935852,2.3126819133758545,0.14282500743865967,2.190717935562134,0.14803700149059296,2.291780948638916,1454774688,201717000.0
2025-12-11,0.1403840035200119,2.067172050476074,0.14354300498962402,2.19406795501709,0.13653500378131866,2.0142099857330322,0.1434990018606186,2.19406795501709,1459697025,263162943.0
2025-12-12,0.13694900274276733,2.0130269527435303,0.14138999581336975,2.092672109603882,0.13470900058746338,1.9527310132980347,0.1403840035200119,2.0671839714050293,1065894918,196583935.0
2025-12-13,0.139165997505188,2.0396690368652344,0.13990400731563568,2.0537140369415283,0.13694700598716736,2.0105230808258057,0.13694900274276733,2.013040065765381,519857549,96666885.0
2025-12-14,0.1341640055179596,1.9549089670181274,0.13923799991607666,2.044888973236084,0.1333959996700287,1.944303035736084,0.139165997505188,2.0396690368652344,831077847,145101774.0
2025-12-15,0.12973199784755707,1.9018629789352417,0.13807499408721924,2.0071609020233154,0.12731799483299255,1.8409650325775146,0.13416500389575958,1.954807996749878,1383279585,196243639.0
2025-12-16,0.131740003824234,1.898476004600525,0.13293300569057465,1.9361449480056763,0.12821799516677856,1.8746229410171509,0.12973199784755707,1.9018629789352417,1026120710,152826283.0
2025-12-17,0.12617500126361847,1.811722993850708,0.13592199981212616,1.947922945022583,0.12511299550533295,1.7954410314559937,0.131741002202034,1.898476004600525,1368935538,201751708.0
2025-12-18,0.12204699963331223,1.7585159540176392,0.1304199993610382,1.881917953491211,0.12023399770259857,1.7250150442123413,0.12617599964141846,1.8117480278015137,1762583322,213586750.0
2025-12-19,0.1322139948606491,1.8489179611206055,0.13311299681663513,1.8745390176773071,0.12073300033807755,1.741461992263794,0.12204799801111221,1.7585159540176392,1479134848,208177671.0
2025-12-20,0.13195200264453888,1.8327770233154297,0.13245199620723724,1.865828037261963,0.13077199459075928,1.8276790380477905,0.1322149932384491,1.8489179611206055,537943591,90010238.0
2025-12-21,0.1310579925775528,1.799973964691162,0.13299700617790222,1.8481149673461914,0.12890799343585968,1.753983974456787,0.13195200264453888,1.8327770233154297,662389637,120673201.0
2025-12-22,0.13243399560451508,1.78267502784729,0.1349879950284958,1.8466880321502686,0.12999999523162842,1.7580729722976685,0.1310569941997528,1.799973964691162,1123402771,179263339.0
2025-12-23,0.12919500470161438,1.7635560035705566,0.13349999487400055,1.7973790168762207,0.12821300327777863,1.731742024421692,0.13243399560451508,1.78267502784729,920201581,133582010.0
2025-12-24,0.1285180002450943,1.736646056175232,0.13018099963665009,1.7714929580688477,0.12671500444412231,1.7152220010757446,0.1291929930448532,1.7635589838027954,638034560,109252136.0
2025-12-25,0.12354499846696854,1.6823999881744385,0.12885800004005432,1.7505069971084595,0.1232530027627945,1.6798230409622192,0.1285170018672943,1.736646056175232,726734769,108947071.0
2025-12-26,0.12201300263404846,1.7221879959106445,0.1272439956665039,1.7488130331039429,0.1207749992609024,1.6568050384521484,0.12354499846696854,1.6824209690093994,1170409215,153401795.0
2025-12-27,0.12422399967908859,1.9138540029525757,0.12448500096797943,1.9143879413604736,0.12191899865865707,1.7221510410308838,0.12201300263404846,1.7221879959106445,481541479,197988446.0
2025-12-28,0.12382499873638153,1.848762035369873,0.12472499907016754,1.9140700101852417,0.12281499803066254,1.830085039138794,0.12422499805688858,1.9139139652252197,458322998,121317276.0
2025-12-29,0.12273000180721283,1.8222349882125854,0.12781700491905212,1.8999489545822144,0.12222900241613388,1.8201069831848145,0.12382499873638153,1.848749041557312,1128737873,162962402.0
2025-12-30,0.1232760027050972,1.810837984085083,0.12488599866628647,1.842371940612793,0.1223910003900528,1.7946799993515015,0.12273000180721283,1.8222349882125854,915801292,129480706.0
2025-12-31,0.11729399859905243,1.7891989946365356,0.12353900074958801,1.8386260271072388,0.11618799716234207,1.7652829885482788,0.1232760027050972,1.8108500242233276,1037180935,122637575.0
2026-01-01,0.12668000161647797,1.996027946472168,0.1269569993019104,2.0170350074768066,0.11729300022125244,1.764219045639038,0.11729300022125244,1.7891860008239746,1303368853,223301764.0
2026-01-02,0.1416729986667633,2.1611979007720947,0.14453600347042084,2.161371946334839,0.1258700042963028,1.968369960784912,0.12668299674987793,1.996014952659607,3130956326,262707293.0
2026-01-03,0.14305800199508667,2.1250391006469727,0.14412899315357208,2.213409900665283,0.13961699604988098,2.1112968921661377,0.1416729986667633,2.1611649990081787,1603761211,182431908.0
2026-01-04,0.1493079960346222,2.139849901199341,0.15390799939632416,2.177495002746582,0.14303100109100342,2.1201679706573486,0.14305900037288666,2.1250391006469727,2329346323,141622365.0
2026-01-05,0.15181800723075867,2.2084009647369385,0.15353499352931976,2.2303290367126465,0.14647899568080902,2.097357988357544,0.1493069976568222,2.1398520469665527,2074134256,229622369.0
2026-01-06,0.15063300728797913,2.2341198921203613,0.15609100461006165,2.2567079067230225,0.14388099312782288,2.1185929775238037,0.15181699395179749,2.208383083343506,2233301980,238295109.0
2026-01-07,0.1462550014257431,2.143120050430298,0.15361599624156952,2.240257978439331,0.14525899291038513,2.1224420070648193,0.15063199400901794,2.2340950965881348,1527678668,163737516.0
2026-01-08,0.14199499785900116,2.1099050045013428,0.147380992770195,2.153027057647705,0.13840200006961823,2.088948965072632,0.1462559998035431,2.143120050430298,1645615672,143541675.0
2026-01-09,0.14047999680042267,2.0802130699157715,0.14379599690437317,2.1340630054473877,0.1385270059108734,2.052845001220703,0.14198699593544006,2.1099278926849365,1302798478,136192247.0
2026-01-10,0.13947300612926483,2.090096950531006,0.14051499962806702,2.126497983932495,0.13904699683189392,2.0692501068115234,0.14047999680042267,2.08022403717041,468571514,71589713.0
2026-01-11,0.13773700594902039,2.0661659240722656,0.14086200296878815,2.1204710006713867,0.13592399656772614,2.040721893310547,0.1394750028848648,2.090082883834839,816409422,80170064.0
2026-01-12,0.1365399956703186,2.0523300170898438,0.142084002494812,2.146857976913452,0.13549800217151642,2.0302600860595703,0.1377359926700592,2.0661680698394775,1327503214,135923962.0
2026-01-13,0.1480949968099594,2.2817161083221436,0.15018999576568604,2.336014986038208,0.13620199263095856,2.0514469146728516,0.1365399956703186,2.0523300170898438,1732372910,299518636.0
2026-01-14,0.14722299575805664,2.2260570526123047,0.15106900036334991,2.294274091720581,0.14566199481487274,2.2007970809936523,0.1480959951877594,2.2817161083221436,1778999507,198000996.0
2026-01-15,0.13999499380588531,2.1170480251312256,0.1472260057926178,2.23484206199646,0.1390019953250885,2.101315975189209,0.14722099900245667,2.2260570526123047,1541885031,161571685.0
2026-01-16,0.13805900514125824,2.119088888168335,0.1403149962425232,2.1512420177459717,0.13535399734973907,2.0594680309295654,0.13999499380588531,2.1170480251312256,1398269621,149996540.0
2026-01-17,0.13779200613498688,2.177090883255005,0.13974200189113617,2.230257987976074,0.13691799342632294,2.1143150329589844,0.13805900514125824,2.119088888168335,617323254,152161073.0
2026-01-18,0.13165900111198425,2.067770004272461,0.13823600113391876,2.1992568969726562,0.13164299726486206,2.067379951477051,0.13779200613498688,2.177090883255005,808975310,127421786.0
2026-01-19,0.12906700372695923,2.028562068939209,0.1316639930009842,2.067863941192627,0.12464100122451782,1.9277000427246094,0.13165800273418427,2.067758083343506,1914066465,236277771.0
2026-01-20,0.12326700240373611,1.8968919515609741,0.12913499772548676,2.047636032104492,0.12316299974918365,1.8953100442886353,0.12906800210475922,2.0285730361938477,1323990723,173871868.0
2026-01-21,0.12647999823093414,1.949450969696045,0.12853899598121643,1.9945210218429565,0.12074299901723862,1.8783869743347168,0.12326700240373611,1.8968919515609741,1594881270,149771175.0
2026-01-22,0.12420699745416641,1.924347996711731,0.1277420073747635,1.9779419898986816,0.1232369989156723,1.9063910245895386,0.12647999823093414,1.949450969696045,827497183,94532990.0
2026-01-23,0.12464600056409836,1.9242219924926758,0.1272979974746704,1.977705955505371,0.12218300253152847,1.9015430212020874,0.12420699745416641,1.924347996711731,904439765,109695890.0
2026-01-24,0.12409599870443344,1.9266730546951294,0.1246889978647232,1.935276985168457,0.12300200015306473,1.8996950387954712,0.12464600056409836,1.9242219924926758,377237700,62929346.0
2026-01-25,0.11929900199174881,1.821653962135315,0.1241379976272583,1.9348609447479248,0.11783300340175629,1.786105990409851,0.12409599870443344,1.9266730546951294,1040862578,129875776.0
2026-01-26,0.12229999899864197,1.8743879795074463,0.12351000308990479,1.8921350240707397,0.11927500367164612,1.8187390565872192,0.11930099874734879,1.8216749429702759,1151054520,117541454.0
2026-01-27,0.126010000705719,1.8749890327453613,0.12628600001335144,1.8912830352783203,0.12143900245428085,1.8276599645614624,0.12229999899864197,1.8743879795074463,1096515615,100986918.0
2026-01-28,0.12487299740314484,1.867864966392517,0.12727199494838715,1.891294002532959,0.12379000335931778,1.8321199417114258,0.126010000705719,1.8750020265579224,1064072731,131902635.0
2026-01-29,0.11709900200366974,1.7326500415802002,0.12490200251340866,1.869621992111206,0.11448899656534195,1.6977930068969727,0.12487500160932541,1.8678480386734009,1681357064,159989970.0
2026-01-30,0.11566299945116043,1.6865910291671753,0.11835300177335739,1.7426209449768066,0.11245600134134293,1.654899001121521,0.11709900200366974,1.7326630353927612,1638538810,190156803.0
2026-01-31,0.10409899801015854,1.5440330505371094,0.11566299945116043,1.6872919797897339,0.099590003490448,1.4586050510406494,0.11566299945116043,1.6865910291671753,2644125762,273108145.0
2026-02-01,0.10434400290250778,1.496878981590271,0.10653399676084518,1.5571659803390503,0.10163599997758865,1.469161033630371,0.10409799963235855,1.5440330505371094,1460160286,161114052.0
2026-02-02,0.10786399990320206,1.542801022529602,0.1100350022315979,1.5720709562301636,0.09973599761724472,1.4539740085601807,0.10434100031852722,1.496824026107788,1987430619,179626770.0
2026-02-03,0.10564599931240082,1.492959976196289,0.109995998442173,1.558053970336914,0.10234799981117249,1.4335360527038574,0.10786399990320206,1.5428520441055298,1957004305,227670507.0
2026-02-04,0.10376700013875961,1.4607069492340088,0.109095998108387,1.5291670560836792,0.10145100206136703,1.426928997039795,0.10564400255680084,1.493054986000061,1647515646,177137371.0
2026-02-05,0.08828599750995636,1.2440760135650635,0.1042879968881607,1.470404028892517,0.08736100047826767,1.2420220375061035,0.10376700013875961,1.4607069492340088,3236639682,309295306.0
2026-02-06,0.09848900139331818,1.3667919635772705,0.10141599923372269,1.4037710428237915,0.0815730020403862,1.1303210258483887,0.08828599750995636,1.244088053703308,3019798108,305933199.0
2026-02-07,0.0982770025730133,1.3722529411315918,0.09925399720668793,1.389070987701416,0.09495600312948227,1.3196330070495605,0.09848800301551819,1.3667960166931152,1554578203,164204110.0
2026-02-08,0.09673800319433212,1.3371039628982544,0.09853900223970413,1.3725210428237915,0.09529700130224228,1.3286030292510986,0.0982770025730133,1.3722529411315918,813743324,92616355.0
2026-02-09,0.09602099657058716,1.3186039924621582,0.09711399674415588,1.3477400541305542,0.0925849974155426,1.2790759801864624,0.09673599898815155,1.3370850086212158,945795680,114029629.0
2026-02-10,0.09269899874925613,1.2822790145874023,0.09641499817371368,1.3251659870147705,0.09211999922990799,1.266271948814392,0.09602200239896774,1.3186039924621582,840498107,93146689.0
2026-02-11,0.09104900062084198,1.2546149492263794,0.09348499774932861,1.293550968170166,0.08832599967718124,1.228732943534851,0.09269899874925613,1.2822790145874023,1032329246,125069142.0
2026-02-12,0.0929889976978302,1.2815330028533936,0.09437000006437302,1.3014039993286133,0.09088300168514252,1.251481056213379,0.09104900062084198,1.2546149492263794,851954055,101435313.0
2026-02-13,0.09658200293779373,1.3293770551681519,0.0974470004439354,1.338183045387268,0.0918010026216507,1.2523460388183594,0.0929889976978302,1.2815200090408325,879500779,95982477.0
2026-02-14,0.1111690029501915,1.4210809469223022,0.11311999708414078,1.4364290237426758,0.09635999798774719,1.3293780088424683,0.09658300131559372,1.3293780088424683,1609438576,100800556.0
2026-02-15,0.10265699774026871,1.3567869663238525,0.11709900200366974,1.436684012413025,0.10175900161266327,1.3322869539260864,0.11116799712181091,1.4210610389709473,2563783568,118816058.0
2026-02-16,0.10098200291395187,1.3755500316619873,0.10336100310087204,1.3854169845581055,0.09883400052785873,1.3362319469451904,0.10265699774026871,1.356788992881775,1222534498,95204030.0
2026-02-17,0.1006309986114502,1.3464939594268799,0.10300400108098984,1.3785040378570557,0.09859699755907059,1.3414570093154907,0.10098200291395187,1.3755630254745483,986666468,92642485.0
2026-02-18,0.09851299971342087,1.3108880519866943,0.10222700238227844,1.3697060346603394,0.09766499698162079,1.3019139766693115,0.1006309986114502,1.3464939594268799,729291583,92182307.0
2026-02-19,0.09828999638557434,1.2860859632492065,0.09900499880313873,1.319471001625061,0.09620299935340881,1.2652109861373901,0.09851299971342087,1.3108899593353271,800628206,91162449.0
2026-02-20,0.10012300312519073,1.3413519859313965,0.10211700201034546,1.361585021018982,0.09592899680137634,1.2766209840774536,0.09829100221395493,1.2860859632492065,1090061835,127195093.0
2026-02-21,0.09847799688577652,1.358886957168579,0.10086599737405777,1.3947540521621704,0.09847299754619598,1.3290170431137085,0.10012300312519073,1.3413530588150024,500345490,88537108.0
2026-02-22,0.09545300155878067,1.3123029470443726,0.09848099946975708,1.3644880056381226,0.09475699812173843,1.304697036743164,0.09847799688577652,1.358886957168579,528956200,74065701.0
2026-02-23,0.09257300198078156,1.2642070055007935,0.09745000302791595,1.312311053276062,0.09173399955034256,1.2437059879302979,0.09545200318098068,1.312311053276062,1060468925,143106129.0
2026-02-24,0.09146200120449066,1.2396880388259888,0.09333200007677078,1.2781130075454712,0.0903410017490387,1.2305409908294678,0.09257300198078156,1.2642120122909546,812929133,126832827.0
2026-02-25,0.1007390022277832,1.6564899682998657,0.10574600100517273,1.7457070350646973,0.09105300158262253,1.2373470067977905,0.09146200120449066,1.2396880388259888,1718365946,677570670.0
2026-02-26,0.09702900052070618,1.6055690050125122,0.10144399851560593,1.6902810335159302,0.09566500037908554,1.5245039463043213,0.10073799639940262,1.6564929485321045,1132980994,516306491.0
2026-02-27,0.0933699980378151,1.5994930267333984,0.09899099916219711,1.6747679710388184,0.09254299849271774,1.5509190559387207,0.09702900052070618,1.60555899143219,1000779753,339449295.0
2026-02-28,0.09406399726867676,1.6706390380859375,0.09466099739074707,1.6728930473327637,0.08791700005531311,1.4611200094223022,0.0933699980378151,1.5994900465011597,1541167339,344188188.0
2026-03-01,0.09192900359630585,1.537121057510376,0.09746900200843811,1.6751830577850342,0.09066899865865707,1.5069630146026611,0.09406399726867676,1.6706390380859375,1305707878,238437416.0
2026-03-02,0.09354700148105621,1.509255051612854,0.09724400192499161,1.5944329500198364,0.09086800366640091,1.5009709596633911,0.09192900359630585,1.537121057510376,1243748292,268198748.0
2026-03-03,0.09003300219774246,1.5302129983901978,0.09367299824953079,1.5524699687957764,0.08872299641370773,1.478590965270996,0.09354700148105621,1.5091689825057983,1332806985,191181419.0
2026-03-04,0.09902799874544144,1.5421899557113647,0.10401999950408936,1.5715429782867432,0.08880200237035751,1.5111390352249146,0.09003300219774246,1.5302129983901978,2557379537,215234509.0
2026-03-05,0.09353599697351456,1.5302679538726807,0.09910299628973007,1.5517419576644897,0.09291499853134155,1.4859650135040283,0.09902799874544144,1.5421899557113647,1361504900,160885285.0
2026-03-06,0.09126199781894684,1.487705945968628,0.09425400197505951,1.5462110042572021,0.09006600081920624,1.4570280313491821,0.09353599697351456,1.5302729606628418,1016580083,140652556.0
2026-03-07,0.0899370014667511,1.4464149475097656,0.09194199740886688,1.5157289505004883,0.0895410031080246,1.4332319498062134,0.09126199781894684,1.487705945968628,549955367,120567117.0
2026-03-08,0.08916299790143967,1.451653003692627,0.09120500087738037,1.4805099964141846,0.08743999898433685,1.4274139404296875,0.0899370014667511,1.446416974067688,902261216,132967722.0
2026-03-09,0.09038200229406357,1.4922740459442139,0.09253399819135666,1.5282089710235596,0.08912499994039536,1.4515899419784546,0.08916299790143967,1.451653003692627,1143463665,163467272.0
2026-03-10,0.09454700350761414,1.4861780405044556,0.10013800114393234,1.5395469665527344,0.09038399904966354,1.4803210496902466,0.09038399904966354,1.4923030138015747,2001286838,152918169.0
2026-03-11,0.09288600087165833,1.5219180583953857,0.09462899714708328,1.5513620376586914,0.09163500368595123,1.476181983947754,0.09454700350761414,1.4861780405044556,1392246716,129160568.0
2026-03-12,0.0947360023856163,1.5165899991989136,0.09571799635887146,1.5259439945220947,0.0919089987874031,1.4867019653320312,0.09288699924945831,1.5219180583953857,1086419780,99813791.0
2026-03-13,0.09594500064849854,1.464547038078308,0.10159599781036377,1.545775055885315,0.09472300112247467,1.4494880437850952,0.0947360023856163,1.5165899991989136,2062953190,164733899.0
2026-03-14,0.09599100053310394,1.414059042930603,0.09637899696826935,1.4645839929580688,0.09414699673652649,1.40658700466156,0.09594500064849854,1.464547038078308,796905714,104441998.0
2026-03-15,0.09739399701356888,1.439507007598877,0.09795500338077545,1.4439419507980347,0.09466999769210815,1.4001870155334473,0.09599100053310394,1.414059042930603,970107780,120608241.0
2026-03-16,0.10314100235700607,1.6413739919662476,0.1034030020236969,1.6519060134887695,0.09712599962949753,1.433292031288147,0.09739600121974945,1.4395109415054321,2434118912,418835366.0
2026-03-17,0.10015899688005447,1.6210410594940186,0.1041639968752861,1.6414649486541748,0.09864699840545654,1.5850729942321777,0.10314100235700607,1.6413739919662476,1527791766,239277399.0
2026-03-18,0.09518299996852875,1.5756490230560303,0.10173299908638,1.6499769687652588,0.09341000020503998,1.5426900386810303,0.10016100108623505,1.6210370063781738,1574300234,243865168.0
2026-03-19,0.09355200082063675,1.5245039463043213,0.0959319993853569,1.5771280527114868,0.0918859988451004,1.4997470378875732,0.09518299996852875,1.5757249593734741,959041027,200499277.0
2026-03-20,0.09417100250720978,1.4998860359191895,0.09526699781417847,1.5508760213851929,0.09299000352621078,1.497926950454712,0.09355200082063675,1.5244790315628052,760919548,162961325.0
2026-03-21,0.09121599793434143,1.4641669988632202,0.09490899741649628,1.51447594165802,0.09111600369215012,1.4633170366287231,0.09417200088500977,1.4998879432678223,522903398,118768705.0
2026-03-22,0.09010399878025055,1.4115079641342163,0.09275200217962265,1.4804279804229736,0.08930499851703644,1.3951770067214966,0.09122399985790253,1.464290976524353,938057621,130045581.0
2026-03-23,0.09418799728155136,1.4198030233383179,0.09563399851322174,1.4863760471343994,0.08935000002384186,1.4046460390090942,0.09010399878025055,1.4115079641342163,1613527933,207380669.0
2026-03-24,0.09510300308465958,1.4003620147705078,0.09548400342464447,1.426334023475647,0.09249600023031235,1.3627909421920776,0.09419099986553192,1.4198169708251953,1055241754,209541525.0
2026-03-25,0.0961190015077591,1.3612769842147827,0.09771999716758728,1.4091429710388184,0.09450399875640869,1.3483790159225464,0.09510300308465958,1.4003499746322632,1200850547,215377826.0
2026-03-26,0.09202200174331665,1.3228590488433838,0.0961880013346672,1.3670730590820312,0.09065999835729599,1.3012839555740356,0.0961190015077591,1.3612769842147827,1220182628,211245674.0
2026-03-27,0.09001699835062027,1.290624976158142,0.09257800132036209,1.3374990224838257,0.08935800194740295,1.27155601978302,0.09202200174331665,1.3228590488433838,855528672,151860410.0
2026-03-28,0.09088700264692307,1.2572089433670044,0.09499599784612656,1.3039000034332275,0.08969999849796295,1.255066990852356,0.09001799672842026,1.2905950546264648,979449553,106481161.0
2026-03-29,0.09039700031280518,1.2580100297927856,0.09149900078773499,1.2739859819412231,0.0886249989271164,1.2332309484481812,0.09088700264692307,1.2572089433670044,736546723,80043575.0
2026-03-30,0.09071099758148193,1.2423030138015747,0.09363099932670593,1.282979965209961,0.09033899754285812,1.2333120107650757,0.09039700031280518,1.2580100297927856,1173367524,115228956.0
2026-03-31,0.09220799803733826,1.2516200542449951,0.09259399771690369,1.273597002029419,0.08942200243473053,1.2265700101852417,0.09071099758148193,1.2423030138015747,1084425209,128141776.0
2026-04-01,0.09219100326299667,1.255020022392273,0.09434600174427032,1.2993810176849365,0.09163700044155121,1.2484159469604492,0.09220799803733826,1.2516200542449951,991662262,119966855.0
2026-04-02,0.09037400037050247,1.2363569736480713,0.09259700030088425,1.2680989503860474,0.08922900259494781,1.2052479982376099,0.09219100326299667,1.255020022392273,1039856118,116348448.0
2026-04-03,0.09153500199317932,1.2373789548873901,0.09243100136518478,1.2596800327301025,0.08998200297355652,1.2312860488891602,0.09037400037050247,1.2363569736480713,678899030,72075491.0
2026-04-04,0.0920180007815361,1.2517399787902832,0.09294299781322479,1.2632310390472412,0.09080100059509277,1.2342950105667114,0.09153500199317932,1.2373789548873901,482063762,70464351.0
2026-04-05,0.0922669991850853,1.2430139780044556,0.09232000261545181,1.253108024597168,0.08979800343513489,1.2166930437088013,0.0920180007815361,1.2517399787902832,659625530,105616221.0
2026-04-06,0.09059499949216843,1.2425119876861572,0.0933689996600151,1.3137810230255127,0.0900920033454895,1.2373319864273071,0.0922669991850853,1.2430280447006226,1118708956,105427778.0
2026-04-07,0.09503600001335144,1.3175729513168335,0.09583699703216553,1.326498031616211,0.0901229977607727,1.2079310417175293,0.09059499949216843,1.2424739599227905,1483465291,177652859.0
2026-04-08,0.09239699691534042,1.2689659595489502,0.09519600123167038,1.3341209888458252,0.09228000044822693,1.2675219774246216,0.09503600001335144,1.3175339698791504,1434291416,155632692.0
2026-04-09,0.09252999722957611,1.2997419834136963,0.09460599720478058,1.3461560010910034,0.09104999899864197,1.2384940385818481,0.09239699691534042,1.2689659595489502,1472976981,153984506.0
2026-04-10,0.0937340036034584,1.305346965789795,0.09515900164842606,1.3217179775238037,0.09205999970436096,1.2847830057144165,0.09252999722957611,1.2998290061950684,1303958868,122569605.0
2026-04-11,0.09311199933290482,1.2874699831008911,0.09477099776268005,1.3136450052261353,0.09242899715900421,1.2678790092468262,0.0937340036034584,1.3053760528564453,1023168856,123374379.0
2026-04-12,0.09083399921655655,1.2232530117034912,0.09322600066661835,1.287585973739624,0.09044300019741058,1.2182830572128296,0.09311199933290482,1.2874699831008911,1255120519,142752259.0
2026-04-13,0.09412600100040436,1.2305430173873901,0.0942860022187233,1.2398439645767212,0.09077999740839005,1.1508369445800781,0.09083399921655655,1.2232660055160522,1505950736,371993632.0
2026-04-14,0.0930119976401329,1.1652259826660156,0.09744399785995483,1.2305649518966675,0.09258200228214264,1.1509079933166504,0.09412600100040436,1.2305209636688232,2377788953,279649599.0
2026-04-15,0.09491900354623795,1.1805880069732666,0.09641499817371368,1.1950279474258423,0.09275399893522263,1.1484620571136475,0.09301099926233292,1.1652129888534546,1330401093,225935009.0
2026-04-16,0.09919600188732147,1.3309979438781738,0.09964700043201447,1.3503220081329346,0.09463299810886383,1.1728880405426025,0.09491900354623795,1.1805880069732666,2821086478,425110559.0
2026-04-17,0.09954500198364258,1.3362669944763184,0.10199899971485138,1.3540940284729004,0.09678799659013748,1.2871390581130981,0.09919799864292145,1.330957055091858,2698889767,272153182.0
2026-04-18,0.09490399807691574,1.273911952972412,0.09967900067567825,1.339110016822815,0.09445299953222275,1.2718650102615356,0.09954500198364258,1.336258053779602,1628522617,193970597.0
2026-04-19,0.09306000173091888,1.2403279542922974,0.09599599987268448,1.288432002067566,0.09274300187826157,1.237650990486145,0.09490200132131577,1.273911952972412,1874450943,187491048.0
2026-04-20,0.09524600207805634,1.2806999683380127,0.09602099657058716,1.2931920289993286,0.09305799752473831,1.239137053489685,0.0930590033531189,1.2403279542922974,1385975118,177552704.0
2026-04-21,0.09515099972486496,1.2798010110855103,0.09587600082159042,1.2914299964904785,0.09372100234031677,1.258923053741455,0.09524399787187576,1.2807060480117798,1043337281,150907673.0
2026-04-22,0.0957380011677742,1.2712949514389038,0.098471999168396,1.3250479698181152,0.09493300318717957,1.2709519863128662,0.09515199810266495,1.279790997505188,1646535784,153917546.0
2026-04-23,0.09720300137996674,1.2413779497146606,0.0979439988732338,1.2755869626998901,0.09538599848747253,1.218284010887146,0.09573899954557419,1.2713079452514648,1613587143,130853349.0
2026-04-24,0.0984560027718544,1.253991961479187,0.09916000068187714,1.2666800022125244,0.09700299799442291,1.2299070358276367,0.09720300137996674,1.2413779497146606,1600279263,124810363.0
2026-04-25,0.09804800152778625,1.2465640306472778,0.0990080013871193,1.273669958114624,0.0974700003862381,1.238716959953308,0.0984560027718544,1.253978967666626,902226862,103119277.0
2026-04-26,0.09928900003433228,1.2622979879379272,0.09978599846363068,1.2733019590377808,0.09757000207901001,1.2382160425186157,0.09804800152778625,1.2465640306472778,1062539949,109497345.0
2026-04-27,0.09897799789905548,1.2341959476470947,0.10070399940013885,1.2729729413986206,0.09709899872541428,1.2157039642333984,0.09928900003433228,1.2623059749603271,1599145745,132359402.0
2026-04-28,0.09937900304794312,1.2291350364685059,0.10048100352287292,1.2388420104980469,0.09816599637269974,1.218446969985962,0.09898000210523605,1.2341959476470947,1800926086,121375634.0
2026-04-29,0.10401800274848938,1.2112770080566406,0.11035700142383575,1.2576459646224976,0.09932900220155716,1.184757947921753,0.09937900304794312,1.2291350364685059,4576701689,142137021.0
2026-04-30,0.10649300366640091,1.203423023223877,0.10814599692821503,1.2239710092544556,0.10400299727916718,1.1996229887008667,0.10401800274848938,1.2112770080566406,2544825095,112861020.0
2026-05-01,0.10839399695396423,1.2027250528335571,0.11040300130844116,1.2271759510040283,0.1064710021018982,1.195909023284912,0.10649300366640091,1.20340895652771,2242834148,133839543.0
2026-05-02,0.10844600200653076,1.2268630266189575,0.10914900153875351,1.2385029792785645,0.10729099810123444,1.1966520547866821,0.10839399695396423,1.2027310132980347,1160422010,106120236.0
2026-05-03,0.10827399790287018,1.2101110219955444,0.10944999754428864,1.2273379564285278,0.10722699761390686,1.2045279741287231,0.10844600200653076,1.2268630266189575,1023645466,118874547.0
2026-05-04,0.11017200350761414,1.2281349897384644,0.11346899718046188,1.2611420154571533,0.1077990010380745,1.201483964920044,0.10827399790287018,1.2101110219955444,2664862403,168454969.0
2026-05-05,0.11488399654626846,1.2793099880218506,0.11618299782276154,1.290518045425415,0.1100969985127449,1.2263449430465698,0.11016800254583359,1.2281349897384644,1813436313,157248009.0
2026-05-06,0.1124270036816597,1.3183350563049316,0.11687500029802322,1.331516981124878,0.11209200322628021,1.2707589864730835,0.11488399654626846,1.2793099880218506,2419876400,189598470.0
2026-05-07,0.10780999809503555,1.3083850145339966,0.11244100332260132,1.3368040323257446,0.10738900303840637,1.2910250425338745,0.11242800205945969,1.3183350563049316,1654526434,175437638.0
2026-05-08,0.10945600271224976,1.3714369535446167,0.10960700362920761,1.3892070055007935,0.10580600053071976,1.2950570583343506,0.10780999809503555,1.3083850145339966,1287284889,186113588.0
2026-05-09,0.10871700197458267,1.3460769653320312,0.11103600263595581,1.3909649848937988,0.10817500203847885,1.3405059576034546,0.10945600271224976,1.3714369535446167,842193893,130540774.0
2026-05-10,0.11251799762248993,1.3823779821395874,0.11269599944353104,1.415653944015503,0.10757199674844742,1.3305339813232422,0.10871700197458267,1.3460769653320312,1381684972,183251185.0
2026-05-11,0.11127500236034393,1.3629000186920166,0.1125440001487732,1.3842060565948486,0.10858000069856644,1.3379050493240356,0.11251799762248993,1.3823779821395874,1467112252,156195087.0
2026-05-12,0.11001600325107574,1.3346500396728516,0.11149600148200989,1.3672679662704468,0.10762699693441391,1.3048059940338135,0.11127500236034393,1.3628989458084106,1220750077,139760825.0
2026-05-13,0.11270999908447266,1.3278729915618896,0.11450400203466415,1.432979941368103,0.10992100089788437,1.3195569515228271,0.11001600325107574,1.3346500396728516,1961859469,218741944.0
2026-05-14,0.11529000103473663,1.3629909753799438,0.11825499683618546,1.4180330038070679,0.11209399998188019,1.314378023147583,0.11270999908447266,1.3278729915618896,2701345396,184189644.0
2026-05-15,0.1133589968085289,1.317389965057373,0.1172190010547638,1.3734760284423828,0.11100000143051147,1.2933659553527832,0.11529099941253662,1.3629909753799438,1734943099,155567098.0
2026-05-16,0.10936199873685837,1.2681479454040527,0.11335799843072891,1.318034052848816,0.10788200050592422,1.2482659816741943,0.11335700005292892,1.317389965057373,1040833248,126348815.0
2026-05-17,0.10877499729394913,1.2485430240631104,0.11262000352144241,1.2918790578842163,0.10708300024271011,1.2268630266189575,0.10936199873685837,1.2681479454040527,958511707,119445491.0
2026-05-18,0.10465099662542343,1.2497470378875732,0.10894999653100967,1.2535909414291382,0.102633997797966,1.215796947479248,0.10877499729394913,1.2486200332641602,1572790953,161300100.0
2026-05-19,0.10292299836874008,1.2242820262908936,0.10525699704885483,1.2570780515670776,0.10263100266456604,1.220885992050171,0.10465099662542343,1.2497470378875732,678087083,82927148.0
2026-05-20,0.1035740002989769,1.2474230527877808,0.10463300347328186,1.2553520202636719,0.10196900367736816,1.2197870016098022,0.10292299836874008,1.2242820262908936,718673911,90563489.0
2026-05-21,0.10549400001764297,1.2877559661865234,0.10635799914598465,1.3058029413223267,0.10356999933719635,1.2466789484024048,0.1035740002989769,1.2474230527877808,915330742,135798372.0
2026-05-22,0.10225500166416168,1.2573399543762207,0.10652700066566467,1.3421980142593384,0.10177899897098541,1.25239098072052,0.10549499839544296,1.2877570390701294,782017162,176852824.0
2026-05-23,0.10298199951648712,1.29169499874115,0.1047390028834343,1.3332589864730835,0.09818100184202194,1.2047460079193115,0.10225500166416168,1.2573399543762207,1148990404,165741234.0
2026-05-24,0.10219399631023407,1.2446399927139282,0.10346099734306335,1.2945200204849243,0.10058099776506424,1.2302919626235962,0.10298199951648712,1.29169499874115,576461248,100644633.0
2026-05-25,0.1020670011639595,1.2612190246582031,0.10348699986934662,1.2925360202789307,0.10166999697685242,1.2400020360946655,0.10219399631023407,1.244642972946167,512022709,106131589.0
2026-05-26,0.10090900212526321,1.2484179735183716,0.10364799946546555,1.3046610355377197,0.10028599947690964,1.2353620529174805,0.1020670011639595,1.2612080574035645,794020531,173913659.0
2026-05-27,0.10041599720716476,1.2288579940795898,0.10284800082445145,1.2742949724197388,0.09983500093221664,1.2229779958724976,0.10090900212526321,1.2484179735183716,804090270,184688273.0
2026-05-28,0.09941300004720688,1.2127519845962524,0.10064300149679184,1.2328519821166992,0.0967549979686737,1.177135944366455,0.10041599720716476,1.2288579940795898,965939870,181196760.0
2026-05-29,0.09963899850845337,1.1921030282974243,0.1009640023112297,1.2303669452667236,0.09752800315618515,1.1802949905395508,0.09941300004720688,1.2127519845962524,713308044,166538121.0
2026-05-30,0.10038500279188156,1.18709397315979,0.10161300003528595,1.217947006225586,0.0994340032339096,1.1844420433044434,0.09963899850845337,1.192088007926941,573303190,138472265.0
2026-05-31,0.10025600343942642,1.1863269805908203,0.1011900007724762,1.2005959749221802,0.09908299893140793,1.158066987991333,0.10038500279188156,1.18709397315979,519375538,132455419.0
2026-06-01,0.10073599964380264,1.155519962310791,0.1013370007276535,1.2032610177993774,0.0977730005979538,1.1263240575790405,0.10025499761104584,1.1863269805908203,1085202118,209434278.0
2026-06-02,0.09257800132036209,1.076833963394165,0.10104600340127945,1.1585570573806763,0.09139999747276306,1.0610630512237549,0.10073599964380264,1.155519962310791,1479233067,212584724.0
2026-06-03,0.0913579985499382,1.103538990020752,0.09434399753808975,1.1287529468536377,0.09077899903059006,1.0597590208053589,0.09257599711418152,1.076794981956482,956689831,198206870.0
2026-06-04,0.08838000148534775,1.0360089540481567,0.09164299815893173,1.1138319969177246,0.08676200360059738,1.010817050933838,0.0913579985499382,1.1035490036010742,1454997905,186190228.0
2026-06-05,0.08135999739170074,0.9437029957771301,0.08857300132513046,1.0396610498428345,0.07918299734592438,0.9123830199241638,0.08838000148534775,1.0360480546951294,1953394364,195568722.0
2026-06-06,0.0818530023097992,0.9428079724311829,0.08288100361824036,0.9606800079345703,0.07809499651193619,0.8925899863243103,0.08135999739170074,0.9437029957771301,938400078,125645735.0
2026-06-07,0.08608900010585785,0.9706199765205383,0.08690399676561356,0.9907330274581909,0.08168300241231918,0.9406189918518066,0.0818530023097992,0.9428079724311829,824946985,109221735.0
2026-06-08,0.08628799766302109,0.973468005657196,0.08743300288915634,0.9934210181236267,0.08444099873304367,0.9519219994544983,0.08608999848365784,0.9706329703330994,653338940,92072590.0
2026-06-09,0.08478700369596481,0.9577919840812683,0.08663000166416168,0.9769099950790405,0.08326900005340576,0.9330189824104309,0.08628799766302109,0.9734839797019958,760706416,85079930.0
2026-06-10,0.082955002784729,0.9159449934959412,0.08508200198411942,0.9631540179252625,0.08191700279712677,0.9038079977035522,0.08478599786758423,0.9577919840812683,603745819,87391247.0
2026-06-11,0.08597499877214432,0.9504430294036865,0.08687800168991089,0.9704149961471558,0.08291900157928467,0.9158729910850525,0.08295299857854843,0.9159449934959412,620809279,90450219.0
2026-06-12,0.08596400171518326,0.9563630223274231,0.09169399738311768,0.9715989828109741,0.08513499796390533,0.9405660033226013,0.08597499877214432,0.9504380226135254,1233803732,91218463.0
2026-06-13,0.0878710001707077,0.9799330234527588,0.08870799839496613,0.99378901720047,0.08584699779748917,0.95626300573349,0.08596500009298325,0.9563630223274231,594340596,86893932.0
2026-06-14,0.08876600116491318,0.994521975517273,0.08890599757432938,0.9947090148925781,0.08573800325393677,0.9486500024795532,0.0878710001707077,0.9799330234527588,548008068,74177665.0
2026-06-15,0.08810900151729584,1.0103050470352173,0.09074600040912628,1.0442440509796143,0.0878639966249466,0.9867209792137146,0.08876600116491318,0.994521975517273,991467900,130972304.0
2026-06-16,0.08711499720811844,1.0117789506912231,0.0888499990105629,1.0307329893112183,0.08632899820804596,0.9895709753036499,0.08810900151729584,1.0103050470352173,695949486,83249847.0
2026-06-18,0.08342500030994415,0.972536027431488,0.08643200248479843,1.007328987121582,0.0819069966673851,0.944042980670929,0.08579599857330322,1.0021779537200928,534177121,90937004.0
2026-06-19,0.08352799713611603,0.960578978061676,0.08383099734783173,0.9799190163612366,0.0818910002708435,0.9464619755744934,0.08342500030994415,0.972536027431488,364426485,68455695.0
2026-06-21,0.08358000218868256,0.9710000157356262,0.0836779922246933,0.9717332720756531,0.08339281380176544,0.966257631778717,0.08359745144844055,0.968109130859375,339330848,56385844.0
