Date,Close,Close,High,High,Low,Low,Open,Open,Volume,Volume
2019-01-14,4697.931640625,12525.4287109375,4772.109841188768,12686.010340786333,4673.205856478424,12284.554400020963,4735.020528875874,12605.719525861918,16698738,5964696.0
2019-01-15,4821.5615234375,12605.7197265625,4858.650836626984,12686.010542765258,4697.931751658642,12324.70000370953,4697.931751658642,12565.57431846112,20752209,2581716.0
2019-01-16,4809.19873046875,12525.4287109375,4883.376506986372,12605.719525861918,4784.472522254863,12485.282370403647,4846.2876187275615,12605.719525861918,8801733,2550467.0
2019-01-17,4883.3759765625,12525.4287109375,4945.1906422589755,12605.719525861918,4809.19820810194,12404.991555479231,4809.19820810194,12485.282370403647,23447428,2515207.0
2019-01-18,4883.3759765625,12204.263671875,4920.46486079278,12485.282459180287,4846.28709233222,12204.263671875,4908.101758028695,12445.137051432625,10682212,1724048.0
2019-01-21,5192.451171875,12324.7001953125,5217.176956172814,12485.282763286134,5019.36940960423,11883.098833188764,5068.82097819986,12204.263969136031,35021865,2162456.0
2019-01-22,5093.54736328125,12445.1376953125,5204.814032574867,12485.283105137185,5093.54736328125,12324.70053276675,5192.451352028045,12324.70053276675,20023453,2104086.0
2019-01-23,5118.2734375,12445.1376953125,5142.999648114171,12445.1376953125,5068.821440333718,12324.70053276675,5081.184545640804,12445.1376953125,8635420,1162915.0
2019-01-24,5241.90234375,12364.8466796875,5241.90234375,12445.137498064305,5118.2725834935,12324.700337427414,5130.635686737747,12364.8466796875,17253490,615360.0
2019-01-25,5229.5400390625,12364.8466796875,5266.628927389239,12364.8466796875,5204.813830803328,12284.55492823901,5241.9027191300665,12364.8466796875,11629370,517888.0
2019-01-28,5204.8134765625,12645.865234375,5241.902362364961,12726.156984282507,5180.08769404819,12364.846442377888,5217.176579850651,12364.846442377888,10093425,3647207.0
2019-01-29,5266.62890625,13087.466796875,5278.9915862679445,13167.758548032574,5142.999137636423,12565.574613173329,5192.451129894257,12686.01084030217,13932217,5926473.0
2019-01-30,5390.2587890625,13488.923828125,5402.621469342363,13930.525198376668,5241.902809145903,13087.46693426603,5266.629017829682,13087.46693426603,23590840,8987998.0
2019-01-31,5414.984375,13207.9033203125,5476.79947037933,13609.359257530838,5402.621271111731,13167.757913204994,5439.710582776536,13488.923036208318,25781817,2811232.0
2019-02-01,5402.62109375,13288.1953125,5427.347300714804,13408.631536042154,5365.532207364791,13127.612748038808,5390.258414329595,13127.612748038808,13865341,1926848.0
2019-02-04,5402.62109375,13288.1953125,5402.62109375,13288.1953125,5402.62109375,13288.1953125,5402.62109375,13288.1953125,0,0.0
2019-02-05,5402.62109375,13288.1953125,5402.62109375,13288.1953125,5402.62109375,13288.1953125,5402.62109375,13288.1953125,0,0.0
2019-02-06,5402.62109375,13288.1953125,5402.62109375,13288.1953125,5402.62109375,13288.1953125,5402.62109375,13288.1953125,0,0.0
2019-02-07,5402.62109375,13288.1953125,5402.62109375,13288.1953125,5402.62109375,13288.1953125,5402.62109375,13288.1953125,0,0.0
2019-02-08,5402.62109375,13288.1953125,5402.62109375,13288.1953125,5402.62109375,13288.1953125,5402.62109375,13288.1953125,0,0.0
2019-02-11,5452.0732421875,13609.359375,5464.436346029474,13729.796530433709,5414.984354723586,13368.485997204227,5427.34745856556,13368.485997204227,14888754,4465332.0
2019-02-12,5439.7109375,13569.2138671875,5476.7998275213595,13649.50468150171,5365.532733395243,13529.068460030396,5476.7998275213595,13649.50468150171,28672642,3196946.0
2019-02-13,5439.7109375,13529.0693359375,5464.436722826893,13569.214745693722,5427.347832805534,13408.632173597136,5439.7109375,13569.214745693722,27374663,4660170.0
2019-02-14,5464.4365234375,13529.0693359375,5464.4365234375,13810.088137302755,5427.3476347694605,13408.632173597136,5439.710739012815,13488.923926181278,17746212,6056981.0
2019-02-15,5452.0732421875,13448.77734375,5476.799449871449,13649.505322026642,5439.710562407535,13448.77734375,5464.436346029474,13609.359912985648,16844082,3636592.0
2019-02-18,5452.0732421875,13448.77734375,5452.0732421875,13448.77734375,5452.0732421875,13448.77734375,5452.0732421875,13448.77734375,0,0.0
2019-02-19,5427.34765625,13609.359375,5464.436545064831,14131.25247111721,5414.984551957715,13569.213967545978,5464.436545064831,14050.961656209167,47933760,4405510.0
2019-02-20,5452.0732421875,13288.1953125,5452.0732421875,13649.504916198113,5390.258571101646,13288.1953125,5390.258571101646,13569.214100503345,34049979,4035635.0
2019-02-21,5464.4365234375,13207.9033203125,5464.4365234375,13488.923036208318,5427.3476347694605,13127.612506097488,5439.710739012815,13248.048727420008,28095728,5399018.0
2019-02-22,5563.34033203125,13007.17578125,5662.2438906412835,13288.195506426162,5439.710565722201,12806.447806012027,5464.436349359206,13207.903756487973,26166672,6399748.0
2019-02-25,5550.9775390625,13167.7587890625,5637.518422731731,13248.049608618081,5550.9775390625,13007.17621687964,5588.066428626165,13007.17621687964,17434730,2253229.0
2019-02-26,5452.0732421875,13047.3212890625,5550.977224799277,13207.903857090341,5452.0732421875,12967.030471584414,5550.977224799277,13167.7584483513,23849390,1994380.0
2019-02-27,5452.0732421875,13167.7587890625,5489.162129651414,13248.049608618081,5439.710562407535,13047.32162665743,5452.0732421875,13047.32162665743,41333681,1625052.0
2019-02-28,5316.08056640625,12926.884765625,5452.073006542169,13207.903553408665,5316.08056640625,12926.884765625,5439.710327296536,13207.903553408665,20503846,2013539.0
2019-03-01,5390.2587890625,13408.6318359375,5402.621469342363,13408.6318359375,5328.443691415077,12886.738723033963,5353.169900098857,12926.885064850907,9167973,3098557.0
2019-03-04,5476.7998046875,13207.9033203125,5476.7998046875,13609.359257530838,5377.895815668199,13207.9033203125,5390.258920311121,13488.923036208318,12887448,2409654.0
2019-03-05,5476.7998046875,13488.923828125,5538.614479778034,13729.797217983029,5452.073595401656,13207.90409573089,5452.073595401656,13328.341257195749,16813524,4650055.0
2019-03-06,5476.7998046875,13529.0693359375,5513.888694554228,13689.651908034088,5439.710914820772,13368.486763840912,5476.7998046875,13569.214745693722,8043859,2878562.0
2019-03-07,5489.16162109375,13609.359375,5513.887826486875,13649.504782454022,5464.435839762596,13408.631404658248,5476.798942459158,13569.213967545978,11116136,2349143.0
2019-03-08,5489.16162109375,13609.359375,5489.16162109375,13609.359375,5489.16162109375,13609.359375,5489.16162109375,13609.359375,0,0.0
2019-03-11,5390.2587890625,13127.61328125,5427.347678026143,13408.632080667634,5377.89568472061,12967.030710266341,5427.347678026143,13408.632080667634,5372489,3142266.0
2019-03-12,5575.70263671875,13127.61328125,5588.065739736542,13408.632080667634,5365.532005726191,13007.176119744334,5427.34709675317,13288.195852233657,23875381,3664962.0
2019-03-13,5588.06591796875,13248.048828125,5637.517907555216,13448.776798260002,5563.340135206515,13248.048828125,5588.06591796875,13408.63139084733,21160247,3230992.0
2019-03-14,5563.34033203125,13328.3408203125,5637.518107004278,13328.3408203125,5563.34033203125,13207.903662795392,5612.791899305262,13288.195412164017,12116051,1725202.0
2019-03-15,5563.34033203125,13087.466796875,5612.791899305262,13328.341117276042,5526.251444544736,13087.466796875,5563.34033203125,13328.341117276042,11325827,1955765.0
2019-03-18,5625.15478515625,12686.0107421875,5637.517888526636,13087.466695655437,5563.3401164283105,12525.429107257663,5588.065899107088,13087.466695655437,16671271,6776228.0
2019-03-19,5600.4296875,12485.283203125,5699.333254374598,12926.885513877434,5588.066582617408,12445.137792985244,5649.881682968322,12686.011186895486,22621237,3147300.0
2019-03-20,5674.60693359375,12726.1572265625,5674.60693359375,12967.030614727428,5563.340272328267,12244.409517160962,5625.154942788422,12485.28290532589,28027587,5546125.0
2019-03-21,5637.5185546875,12284.5546875,5761.148330814163,12846.593204338486,5637.5185546875,12284.5546875,5711.696335551089,12806.447795936807,27407504,2573779.0
2019-03-22,5662.24365234375,12445.1376953125,5711.695641598568,12565.574857858252,5625.154766418135,12284.555122942065,5674.606755672952,12284.555122942065,14413137,2631661.0
2019-03-25,5476.7998046875,11963.390625,5575.7033696447625,12244.409420119968,5452.073595401656,11923.244283064283,5538.614479778034,12123.972260456167,23225127,3798277.0
2019-03-26,5476.7998046875,11923.244140625,5563.340689063878,12164.118457075032,5476.7998046875,11883.098732240549,5513.888694554228,12164.118457075032,15086222,1831897.0
2019-03-27,5538.61376953125,12364.8466796875,5588.065757699401,12485.282907252707,5489.161781363099,12043.68154003691,5489.161781363099,12043.68154003691,8668261,3627060.0
2019-03-28,5538.61376953125,12244.4091796875,5563.339975646317,12364.846336986386,5513.887987478166,12244.4091796875,5513.887987478166,12324.699995838986,6132085,544746.0
2019-03-29,5538.61376953125,12164.1181640625,5575.702654641867,12404.991541638645,5526.251090535699,12164.1181640625,5550.976872588783,12364.846134221227,8746939,828906.0
2019-04-01,5538.61376953125,12284.5546875,5575.702654641867,12284.5546875,5513.887987478166,12083.826712419945,5550.976872588783,12204.263870696645,6239670,1669772.0
2019-04-02,5550.9775390625,12284.5546875,5588.066428626165,12485.282662580054,5526.251754040734,12284.5546875,5575.703324084266,12445.137254178377,10995695,2495025.0
2019-04-03,5563.34033203125,12284.5546875,5575.703011818748,12324.700095901677,5526.251444544736,12204.263870696645,5526.251444544736,12324.700095901677,11629125,699612.0
2019-04-04,5600.4296875,12244.4091796875,5625.155473203138,12404.991745062127,5575.703477734816,12244.4091796875,5588.066582617408,12364.846336986386,11259372,1556877.0
2019-04-05,5625.828125,12364.8466796875,5689.324829291515,12485.282907252707,5625.828125,12244.409519050607,5676.625749793885,12364.8466796875,10119803,1961346.0
2019-04-08,5676.6259765625,12485.283203125,5676.6259765625,12525.429546336461,5600.4293185272245,12364.846972705733,5625.828349739363,12404.992382845488,11736288,2811303.0
2019-04-09,5651.2265625,12244.4091796875,5702.02418588178,12565.574310436754,5613.128453863943,12244.4091796875,5689.324671136058,12565.574310436754,10465987,1189000.0
2019-04-10,5575.03076171875,12083.8271484375,5638.527468988757,12244.409720910136,5562.331246024291,12043.681738587265,5600.429357506524,12244.409720910136,8321691,1659895.0
2019-04-11,5587.73046875,12083.8271484375,5600.429549278162,12164.118901209667,5549.631920362042,12043.681738587265,5575.030952620681,12123.972558287735,4927431,810497.0
2019-04-12,5562.3310546875,12164.1181640625,5613.128680116821,12164.1181640625,5549.631539429888,12003.53560132119,5613.128680116821,12043.681008738606,3731593,715094.0
2019-04-15,5562.3310546875,12164.1181640625,5562.3310546875,12164.1181640625,5562.3310546875,12164.1181640625,5562.3310546875,12164.1181640625,0,0.0
2019-04-16,5460.73583984375,12043.681640625,5511.533025954888,12083.827050148695,5422.637296858753,11963.390821577612,5422.637296858753,12083.827050148695,9946536,799644.0
2019-04-17,5460.73583984375,11762.6630859375,5524.23254028322,12123.972712249562,5460.73583984375,11762.6630859375,5498.833947227651,12123.972712249562,9610187,1320138.0
2019-04-18,5473.435546875,11561.9345703125,5549.631770389484,12003.535930144546,5435.337435117758,11481.642820206522,5460.736466690016,11762.662545969944,13744443,2138787.0
2019-04-19,5486.134765625,11321.0595703125,5511.533360220955,11722.51549741627,5448.036655930507,11200.623352024337,5486.134765625,11561.93387303205,6311323,3464958.0
2019-04-22,5435.3369140625,11441.498046875,5498.834051304885,11521.788868366732,5371.840212421218,11240.77006007395,5498.834051304885,11321.060881565681,10488502,766443.0
2019-04-23,5409.9384765625,11361.2060546875,5448.0365857663355,11642.225790174363,5384.539446692533,11240.769824968873,5409.9384765625,11401.352397665409,7050196,1886792.0
2019-04-24,5460.73583984375,11642.224609375,5460.73583984375,11642.224609375,5409.938218131516,11321.059496555732,5422.637296858753,11401.351241296352,5523277,1328837.0
2019-04-25,5460.73583984375,11521.7880859375,5486.134432899319,11642.225243068091,5435.336811187085,11441.49726989821,5460.73583984375,11642.225243068091,3932819,604317.0
2019-04-26,5536.9326171875,11883.0986328125,5536.9326171875,11883.0986328125,5435.3373634405225,11361.205528966424,5460.736394677836,11401.351870086628,7625600,1339737.0
2019-04-29,5536.9326171875,11883.0986328125,5536.9326171875,11883.0986328125,5536.9326171875,11883.0986328125,5536.9326171875,11883.0986328125,0,0.0
2019-04-30,5536.9326171875,11883.0986328125,5536.9326171875,11883.0986328125,5536.9326171875,11883.0986328125,5536.9326171875,11883.0986328125,0,0.0
2019-05-01,5536.9326171875,11883.0986328125,5536.9326171875,11883.0986328125,5536.9326171875,11883.0986328125,5536.9326171875,11883.0986328125,0,0.0
2019-05-02,5562.3310546875,11762.6630859375,5613.128680116821,11923.244727377656,5536.932459773403,11722.51674250575,5549.631539429888,11883.099317017617,10282604,882956.0
2019-05-03,5613.12890625,11722.5166015625,5625.82842201923,11802.808354388917,5511.533651298444,11682.37119168514,5562.331278774222,11762.662944511558,12720925,652810.0
2019-05-06,5460.73583984375,11441.498046875,5536.932054611552,11561.935212184317,5422.637296858753,11321.060881565681,5524.23254028322,11401.352636129133,12212643,856216.0
2019-05-07,5448.03662109375,11160.4775390625,5511.533324978177,11521.78807710566,5448.03662109375,11160.4775390625,5498.834245561963,11441.497261127917,4528595,2062781.0
2019-05-08,5409.9384765625,10999.8955078125,5448.0365857663355,11240.768880073723,5359.14085242368,10959.749168209279,5359.14085242368,11160.4771339389,9012478,2178771.0
2019-05-09,5333.7421875,10839.3134765625,5448.036513597476,11160.477677529796,5282.944564034085,10678.73090954302,5409.9384048983175,11120.332269042843,14490551,3379469.0
2019-05-10,5308.34375,10919.6044921875,5384.539975896396,10959.749901404786,5282.945153234921,10718.876513029392,5333.742782366238,10959.749901404786,11088704,1797078.0
2019-05-13,5397.2392578125,11441.498046875,5422.637853475154,11481.643457620865,5295.6440039596055,11080.187484018767,5321.043035223399,11080.187484018767,9956757,2457754.0
2019-05-14,5409.9384765625,12204.263671875,5409.9384765625,12204.263671875,5333.742258154829,11561.93434869745,5333.742258154829,11561.93434869745,5347481,6619053.0
2019-05-15,5448.03662109375,12445.1376953125,5486.13473054463,12806.448249878054,5397.238996625537,12404.992285487817,5397.238996625537,12645.86567750762,9093896,4818381.0
2019-05-16,5409.9384765625,12204.263671875,5460.73610070132,12525.428799999601,5409.9384765625,12204.263671875,5460.73610070132,12364.8462359373,5469818,2565330.0
2019-05-17,5384.53955078125,12404.9921875,5435.337175902039,12565.574758601984,5359.140956021417,12244.409616398018,5409.938581142207,12284.55502590559,5233573,3588932.0
2019-05-20,5371.8408203125,12445.1376953125,5422.6380131334245,12525.429448033567,5346.441788300885,12364.846875663132,5346.441788300885,12445.1376953125,9056419,2618928.0
2019-05-21,5409.9384765625,12364.8466796875,5435.337070831351,12525.429249512794,5371.8403673586645,12324.700337427414,5384.539446692533,12445.137498064305,8293451,2493228.0
2019-05-22,5473.435546875,12404.9921875,5549.631770389484,12645.865577617129,5397.239323360516,12364.846777992427,5409.9388391466455,12404.9921875,16917738,3176002.0
2019-05-23,5498.83447265625,12445.1376953125,5524.233068138724,12445.1376953125,5460.73636163197,12284.555122942065,5460.73636163197,12324.70053276675,6477390,1294160.0
2019-05-24,5422.6376953125,12605.7197265625,5511.533430940666,12686.010542765258,5422.6376953125,12284.55459560815,5498.834351280305,12445.137161085326,9370780,3440242.0
2019-05-27,5409.9384765625,12686.0107421875,5435.337070831351,12806.447901456551,5397.238961627516,12605.719924722582,5422.637555896368,12686.0107421875,5218961,2749411.0
2019-05-28,5422.6376953125,12846.59375,5435.337210573989,13007.176323499152,5384.539585129161,12686.011176500848,5409.938615652139,12846.59375,5807081,6205945.0
2019-05-29,5384.53955078125,12605.7197265625,5422.637660721561,12766.302292039674,5371.8404712018955,12605.7197265625,5422.637660721561,12686.010542765258,5261040,2315002.0
2019-05-30,5371.8408203125,12605.7197265625,5422.6380131334245,12686.010542765258,5359.141304306692,12565.57431846112,5359.141304306692,12686.010542765258,4538184,1216120.0
2019-05-31,5295.64404296875,12244.4091796875,5384.539781844578,12605.719718512497,5295.64404296875,12244.4091796875,5359.141185994831,12605.719718512497,8280174,2063305.0
2019-06-03,5168.64990234375,12204.263671875,5282.944666253828,12364.8462359373,5168.64990234375,11963.390292317375,5257.545636228869,12164.118264127337,7645902,1407627.0
2019-06-04,5168.64990234375,12445.1376953125,5206.74801178007,12525.429448033567,5155.950822932389,12204.264303292697,5194.048932368709,12204.264303292697,5162868,1020187.0
2019-06-05,5143.25146484375,12525.4287109375,5232.147201441133,12565.574118399709,5143.25146484375,12445.13696294144,5206.748170641234,12525.4287109375,6235736,1703925.0
2019-06-06,5130.5517578125,12645.865234375,5206.747976163928,12645.865234375,5105.153163562396,12445.13725921373,5143.25127273811,12525.429009121237,6328815,1741327.0
2019-06-07,5219.44775390625,12886.73828125,5219.44775390625,12926.884621690644,5168.650127247095,12726.156651773987,5168.650127247095,12726.156651773987,3705144,3827206.0
2019-06-10,5232.1474609375,12926.884765625,5295.6441698842,13167.758145592663,5206.748428877897,12886.738424737345,5282.945089455552,13087.466396889007,5591032,3476644.0
2019-06-11,5257.5458984375,12726.1572265625,5270.24541408334,12967.030614727428,5232.14730274696,12686.01088430861,5232.14730274696,12926.88520554522,3745467,1571145.0
2019-06-12,5232.1474609375,12645.865234375,5270.245573425751,12726.156984282507,5232.1474609375,12565.574417539157,5244.846976967301,12726.156984282507,3075157,2287977.0
2019-06-13,5232.1474609375,12525.4287109375,5244.846976967301,12645.864933324125,5181.349832419447,12404.991555479231,5206.748428877897,12645.864933324125,3043931,1564909.0
2019-06-14,5257.5458984375,12525.4287109375,5321.043041065559,12645.864933324125,5219.44778710112,12364.846148017023,5232.14730274696,12364.846148017023,5354154,618811.0
2019-06-17,5257.5458984375,12806.4482421875,5295.64400977388,12846.593651988076,5244.8468183928,12605.720260112921,5282.944929729179,12806.4482421875,4780787,4328839.0
2019-06-18,5232.1474609375,12686.0107421875,5270.245573425751,12886.73871892147,5232.1474609375,12645.865333455042,5257.546057395949,12846.59331018901,2587984,3745822.0
2019-06-19,5244.8466796875,12565.57421875,5282.944790016337,12766.302190735725,5232.147164377512,12565.57421875,5257.54575939636,12766.302190735725,4466636,2139013.0
2019-06-20,5409.9384765625,12445.1376953125,5409.9384765625,12565.574857858252,5244.846524812174,12404.992285487817,5244.846524812174,12525.429448033567,10351272,1448777.0
2019-06-21,5409.9384765625,12364.8466796875,5448.0365857663355,12605.7200678896,5384.539446692533,12284.55492823901,5409.9384765625,12525.429249512794,7559883,39682132.0
2019-06-24,5409.9384765625,11923.244140625,5422.637555896368,12364.846432068949,5384.539446692533,11883.098732240549,5409.9384765625,12364.846432068949,5300695,3475264.0
2019-06-25,5359.14111328125,11923.244140625,5409.9387398926565,12204.263865459483,5346.441597728114,11842.9533238561,5397.239224339521,11923.244140625,4661540,2438797.0
2019-06-26,5295.64404296875,11883.0986328125,5384.539781844578,12043.681198078342,5295.64404296875,11883.0986328125,5346.441670269386,11923.244040861046,9789495,1049675.0
2019-06-27,5232.1474609375,11602.080078125,5333.742717973605,11923.244282082565,5232.1474609375,11561.934669264263,5295.6441698842,11883.098873221828,7496132,1353291.0
2019-06-28,5308.34375,12204.263671875,5308.34375,12204.263671875,5181.349894972288,11521.788007878138,5257.546120868684,11602.079756445113,8559271,3225387.0
2019-07-01,5371.8408203125,12043.681640625,5384.5399007171545,12123.97245967239,5321.043191890422,11963.390821577612,5333.74270789623,12043.681640625,8034656,1113007.0
2019-07-02,5371.8408203125,11883.0986328125,5409.93893272877,12043.681198078342,5333.74270789623,11642.225251449563,5371.8408203125,12043.681198078342,7234668,422485.0
2019-07-03,5333.7421875,11842.953125,5371.840296199159,11923.24394042073,5308.3431579664875,11722.515968797255,5359.140781432403,11802.807717289636,6449080,588633.0
2019-07-04,5371.8408203125,11842.953125,5409.93893272877,11842.953125,5346.441788300885,11842.953125,5371.8408203125,11842.953125,10505151,0.0
2019-07-05,5409.9384765625,11842.953125,5435.337070831351,11842.953125,5384.539446692533,11842.953125,5384.539446692533,11842.953125,9288870,0.0
2019-07-08,5359.14111328125,11842.953125,5435.337335397791,11842.953125,5333.742517776115,11842.953125,5397.239224339521,11842.953125,8420811,0.0
2019-07-09,5359.14111328125,11842.953125,5359.14111328125,11842.953125,5359.14111328125,11842.953125,5359.14111328125,11842.953125,0,0.0
2019-07-10,5359.14111328125,11842.953125,5448.036850950927,11842.953125,5359.14111328125,11842.953125,5409.9387398926565,11842.953125,8959476,0.0
2019-07-11,5435.3369140625,11842.953125,5448.036428631198,11842.953125,5359.14069785252,11842.953125,5384.539291388813,11842.953125,9597682,0.0
2019-07-12,5422.6376953125,11842.953125,5524.232946202154,11842.953125,5422.6376953125,11842.953125,5448.036725835477,11842.953125,18587857,0.0
2019-07-15,5448.03662109375,11802.80859375,5460.7361361110825,11963.391169587752,5397.238996625537,11802.80859375,5448.03662109375,11842.95400444151,10078006,488792.0
2019-07-16,5524.23291015625,11722.5166015625,5575.0305352696205,11883.099174143636,5473.4352850428795,11722.5166015625,5473.4352850428795,11802.808354388917,17412251,1240301.0
2019-07-17,5613.12890625,11682.3701171875,5638.527502187317,11722.515523372445,5511.533651298444,11602.07930481761,5536.932682836905,11722.515523372445,28122176,762314.0
2019-07-18,5638.52685546875,11521.7880859375,5638.52685546875,11682.370651087736,5562.330640795085,11481.642677917855,5562.330640795085,11682.370651087736,18061381,1054780.0
2019-07-19,5638.52685546875,11280.9150390625,5702.023991430868,11642.225588090203,5638.52685546875,11240.769629853128,5689.324477118225,11561.934769671461,16334430,1639796.0
2019-07-22,5638.52685546875,11240.76953125,5740.122098767701,11561.934668251099,5625.827776757203,11160.477780463887,5663.925884094035,11321.060348964436,20322254,1794032.0
2019-07-23,5765.521484375,11321.0595703125,5778.221000433438,11361.204976408555,5625.8285501368,11200.623352024337,5663.926662710959,11240.76875812039,25518807,796026.0
2019-07-24,5740.1220703125,11280.9150390625,5841.717313107818,11561.934769671461,5740.1220703125,11280.9150390625,5790.919691710159,11561.934769671461,19184161,831107.0
2019-07-25,5740.1220703125,11280.9150390625,5740.1220703125,11280.9150390625,5740.1220703125,11280.9150390625,5740.1220703125,11280.9150390625,0,0.0
2019-07-26,5740.1220703125,11280.9150390625,5740.1220703125,11280.9150390625,5740.1220703125,11280.9150390625,5740.1220703125,11280.9150390625,0,0.0
2019-07-29,5740.1220703125,11280.9150390625,5740.1220703125,11280.9150390625,5740.1220703125,11280.9150390625,5740.1220703125,11280.9150390625,0,0.0
2019-07-30,5740.1220703125,11280.9150390625,5740.1220703125,11280.9150390625,5740.1220703125,11280.9150390625,5740.1220703125,11280.9150390625,0,0.0
2019-07-31,5638.52685546875,11321.0595703125,5638.52685546875,11321.0595703125,5536.932047770894,10999.89538847245,5549.631126482443,11080.18620066456,13594814,1168413.0
2019-08-01,5587.73046875,11160.4775390625,5625.8285815368,11441.497261127917,5562.331436491361,11080.186723084757,5613.129065407481,11401.351853139045,6802430,1329218.0
2019-08-02,5575.03076171875,11240.76953125,5613.1288732009825,11441.497508607768,5498.834538754284,11080.18696274945,5498.834538754284,11200.624122392783,12331257,2429028.0
2019-08-05,5536.9326171875,11160.4775390625,5575.030728442332,11521.78807710566,5498.834505932668,11160.4775390625,5562.331212823675,11280.914696100772,11249608,1820462.0
2019-08-06,5536.9326171875,11160.4775390625,5536.9326171875,11160.4775390625,5536.9326171875,11160.4775390625,5536.9326171875,11160.4775390625,0,0.0
2019-08-07,5409.9384765625,10759.0224609375,5473.435180035187,11080.187616899486,5397.238961627516,10718.877049710185,5435.337070831351,10839.314216463863,6050667,2523525.0
2019-08-08,5486.134765625,10718.876953125,5524.232875319493,10879.459529659023,5409.938546236013,10638.586131393851,5448.036655930507,10799.168707927873,11018772,1675353.0
2019-08-09,5486.134765625,10718.876953125,5486.134765625,10718.876953125,5486.134765625,10718.876953125,5486.134765625,10718.876953125,0,0.0
2019-08-12,5562.3310546875,10678.73046875,5575.030569945112,10879.458435970853,5460.736239429985,10678.73046875,5486.134834344082,10839.313029141009,14360100,1259198.0
2019-08-13,5638.52685546875,10357.5654296875,5663.925884094035,10718.875960150046,5511.53301914561,10237.129208247743,5536.932047770894,10678.73055300346,15445999,3124511.0
2019-08-14,5663.92578125,10357.5654296875,5740.121994540115,10598.438805638652,5663.92578125,10357.5654296875,5714.723401977106,10518.14799134548,10824991,1566980.0
2019-08-15,5663.92578125,10277.2744140625,5663.92578125,10357.565226782775,5549.63102571374,10116.691855550334,5587.729567959885,10156.83726191047,10896750,1071083.0
2019-08-16,5663.92578125,10277.2744140625,5663.92578125,10277.2744140625,5663.92578125,10277.2744140625,5663.92578125,10277.2744140625,0,0.0
2019-08-19,5663.92578125,10277.2744140625,5663.92578125,10277.2744140625,5663.92578125,10277.2744140625,5663.92578125,10277.2744140625,0,0.0
2019-08-20,5625.828125,10277.2744140625,5676.625749793885,10277.2744140625,5600.429094802497,10277.2744140625,5613.128609901249,10277.2744140625,9530209,0.0
2019-08-21,5714.7236328125,10678.73046875,5765.520819990375,10678.73046875,5638.52698084348,10397.710754797827,5663.926010033521,10437.8570946993,21599370,2776365.0
2019-08-22,5727.4228515625,10638.5849609375,5816.318584694602,10799.167519804241,5727.4228515625,10638.5849609375,5765.520960676099,10759.02118028384,16779137,1534017.0
2019-08-23,5752.822265625,10598.439453125,5790.920377283315,10678.73120539504,5714.724153966686,10598.439453125,5765.521345777009,10678.73120539504,10088648,1100333.0
2019-08-26,5917.9140625,10357.5654296875,5917.9140625,10598.438805638652,5676.625883545273,10357.5654296875,5702.02447874009,10437.857177052309,51566795,1288722.0
2019-08-27,5917.9140625,10558.2939453125,6032.2083942783765,10558.2939453125,5879.815951907208,10357.565966112112,5968.711688490767,10397.711375337853,40098925,1641569.0
2019-08-28,5930.61376953125,10357.5654296875,5943.312849738432,10598.438805638652,5854.417110282425,10357.5654296875,5917.914253722921,10558.293398492066,16733476,869080.0
2019-08-29,5930.61376953125,10277.2744140625,5956.0123655467605,10437.856972574667,5841.7180300752425,10277.2744140625,5943.312849738432,10437.856972574667,17000244,885943.0
2019-08-30,5867.11669921875,10357.5654296875,5956.012439782758,10437.857177052309,5867.11669921875,10317.420022540915,5930.613843450677,10397.710836834087,13991085,368305.0
2019-09-02,5867.11669921875,10357.5654296875,5867.11669921875,10357.5654296875,5867.11669921875,10357.5654296875,5867.11669921875,10357.5654296875,0,0.0
2019-09-03,5790.92041015625,10357.5654296875,5943.312857654586,10437.857177052309,5790.92041015625,10317.420022540915,5879.816149730662,10437.857177052309,30633204,386583.0
2019-09-04,5841.7177734375,10357.5654296875,5841.7177734375,10397.710836834087,5752.822037886851,10277.274615394328,5765.521117536139,10357.5654296875,11597407,331629.0
2019-09-05,5740.1220703125,10317.419921875,5867.115906006101,10397.710735384782,5740.1220703125,10277.274515120109,5854.416391756413,10357.565328629891,12681550,481759.0
2019-09-06,5740.1220703125,10277.2744140625,5765.520663210784,10397.710633142911,5714.723477414217,10277.2744140625,5740.1220703125,10397.710633142911,10820847,274616.0
2019-09-09,5740.1220703125,10116.6923828125,5778.220177460471,10357.56576659879,5727.422556062813,10116.6923828125,5765.520663210784,10277.274949693916,7161223,747998.0
2019-09-10,5727.4228515625,9875.8193359375,5816.318584694602,10237.129890478795,5727.4228515625,9875.8193359375,5740.122366467404,10116.69272794113,16916157,908922.0
2019-09-11,5752.822265625,9795.52734375,5765.521345777009,9956.109912183882,5727.423234118694,9715.236526068898,5752.822265625,9875.819094502778,6639208,665638.0
2019-09-12,5867.11669921875,9956.109375,5867.11669921875,10156.837341444116,5765.521442688127,9795.526815230383,5765.521442688127,9795.526815230383,16427193,857335.0
2019-09-13,5917.9140625,10156.837890625,5968.711688490767,10277.275050232163,5829.018325916441,10036.401664089512,5867.116436509234,10036.401664089512,26256590,954998.0
2019-09-16,5943.3125,10196.9833984375,6006.809639703962,10397.711377683165,5905.21439041807,10156.837989202704,5917.913905479087,10357.565968448369,16358034,975942.0
2019-09-17,5917.9140625,10036.4013671875,5943.312657694818,10196.982997817742,5867.116436509234,10036.4013671875,5917.9140625,10156.837590160183,15650246,622191.0
2019-09-18,6333.3759765625,10196.9833984375,6420.333083792191,10357.565968448369,6333.3759765625,10036.401761498317,6405.840232587243,10036.401761498317,21804019,849291.0
2019-09-19,6376.85400390625,10196.9833984375,6376.85400390625,10277.275149978777,6318.882603870738,10156.837989202704,6347.868303888495,10277.275149978777,9489708,841901.0
2019-09-20,6391.3466796875,10076.5478515625,6449.318078142715,10237.13043242325,6376.853830073696,10076.5478515625,6376.853830073696,10237.13043242325,13014550,1560137.0
2019-09-23,6391.3466796875,10076.5478515625,6463.810927756519,10237.13043242325,6376.853830073696,10076.5478515625,6391.3466796875,10076.5478515625,12422415,774428.0
2019-09-24,6420.3330078125,10036.4013671875,6420.3330078125,10116.692182502622,6347.868752645316,10036.4013671875,6405.840156779063,10076.546774845061,12389209,577221.0
2019-09-25,6420.3330078125,9915.9638671875,6420.3330078125,10076.546425319253,6362.361603678753,9875.818460922466,6391.347305745627,10036.40101905422,11638300,1165474.0
2019-09-26,6550.7685546875,9875.8193359375,6550.7685546875,9996.255565403466,6420.332897625139,9795.527583221825,6420.332897625139,9996.255565403466,14266109,1803326.0
2019-09-27,6579.75390625,10196.9833984375,6594.246756263767,10317.420559213573,6521.782506194934,9915.964600722244,6550.768206222468,10036.401761498317,14000791,3618528.0
2019-09-30,6608.73974609375,10357.5654296875,6681.203997695655,10518.14799134548,6594.246895773369,10196.982868029521,6594.246895773369,10237.129208247743,20904124,3107923.0
2019-10-01,6681.20361328125,10317.419921875,6681.20361328125,10437.857075211301,6594.246516362188,10277.274515120109,6637.72506482172,10357.565328629891,12571790,1274989.0
2019-10-02,6666.71142578125,10277.2744140625,6710.1899785580845,10317.419820422638,6608.740022078804,10196.982668270608,6652.2185748556385,10317.419820422638,18294820,1130238.0
2019-10-03,6652.21826171875,10116.6923828125,6652.21826171875,10237.129541241478,6565.261160258374,10036.401565907625,6608.7397109885615,10196.983199717375,19990115,1269170.0
2019-10-04,6565.26123046875,10317.419921875,6666.71118325745,10437.857075211301,6565.26123046875,10156.837361783806,6666.71118325745,10156.837361783806,15809329,3304558.0
2019-10-07,6492.796875,10437.857421875,6608.739676339285,10518.148238051414,6492.796875,10317.420264538721,6579.753976004464,10317.420264538721,16688702,3035582.0
2019-10-08,6579.75390625,10397.7119140625,6579.75390625,10598.439903662977,6478.303956153634,10317.421091451002,6478.303956153634,10518.149081051479,15993145,2060377.0
2019-10-09,6637.72509765625,10317.419921875,6637.72509765625,10437.857075211301,6550.768000307041,10317.419921875,6565.260849865243,10397.710735384782,11963459,1524425.0
2019-10-10,6594.2470703125,10357.5654296875,6652.218473128434,10437.857177052309,6594.2470703125,10277.274615394328,6637.72562242445,10357.5654296875,9938094,2543387.0
2019-10-11,6594.2470703125,10237.1298828125,6637.72562242445,10397.711521980198,6579.754219608517,10196.983539948877,6608.739921016484,10397.711521980198,7481873,1535492.0
2019-10-14,6797.14697265625,10317.419921875,6884.104076784049,10357.565328629891,6666.711316464552,10196.982768538697,6666.711316464552,10277.274515120109,38370827,1914067.0
2019-10-15,6768.16064453125,10277.2744140625,6826.132041914815,10317.419820422638,6753.667795185359,10237.129007702364,6826.132041914815,10277.2744140625,12274275,1321447.0
2019-10-16,6753.66845703125,10558.2939453125,6840.625561628219,10638.585696835667,6753.66845703125,10277.27514766063,6797.147009329734,10317.42055688637,9556021,5377312.0
2019-10-17,6724.6826171875,10598.439453125,6753.668318123653,10678.73120539504,6695.696916251347,10518.148633926652,6753.668318123653,10638.585795795867,17285943,2166954.0
2019-10-18,6666.71142578125,10678.73046875,6768.1613822605295,10839.313029141009,6652.2185748556385,10638.585061920154,6739.1756804093075,10638.585061920154,13265948,5114750.0
2019-10-21,6565.26123046875,10558.2939453125,6666.71118325745,10678.731106061408,6550.768380070364,10518.14853608676,6637.725482460679,10678.731106061408,15878537,1660847.0
2019-10-22,6623.23291015625,10478.0029296875,6652.218612170063,10558.29374662808,6565.261506128624,10397.711179675252,6565.261506128624,10558.29374662808,6854419,2914155.0
2019-10-23,6637.72509765625,10437.857421875,6637.72509765625,10598.439054227827,6608.739398539847,10357.565672626928,6637.72509765625,10478.002829963207,4890684,3201302.0
2019-10-24,6652.21826171875,10518.1484375,6681.203962205542,10598.439255198915,6623.232561231958,10478.003028650543,6637.725411475354,10518.1484375,11827905,1597456.0
2019-10-25,6724.6826171875,10598.439453125,6739.1754676555765,10678.73120539504,6623.232663910964,10518.148633926652,6652.218364847117,10598.439453125,12199539,2281563.0
2019-10-28,6666.71142578125,10518.1484375,6782.654233186141,10678.731005969505,6666.71142578125,10518.1484375,6739.1756804093075,10638.585597120047,6782512,2273709.0
2019-10-29,6623.23291015625,10357.5654296875,6695.6971651907825,10598.438805638652,6623.23291015625,10357.5654296875,6666.711463176969,10478.002584198894,9504245,2650796.0
2019-10-30,6681.20361328125,10397.7119140625,6695.696462767761,10478.00366974573,6608.739365848699,10317.421091451002,6623.232215335209,10357.566502756752,11763739,1580665.0
2019-10-31,6666.71142578125,10478.0029296875,6710.1899785580845,10718.87631358091,6637.725723930027,10437.857521217209,6666.71142578125,10518.148338157791,5805409,3409814.0
2019-11-01,6652.21826171875,10879.458984375,6724.682512935729,10879.458984375,6623.232561231958,10437.857620843515,6666.711111962146,10558.293847403915,13110881,4135285.0
2019-11-04,6753.66845703125,11040.0419921875,6782.654158563572,11200.62456706326,6652.21850166812,10799.168596409718,6666.711352434281,10919.604827762752,23186058,6419074.0
2019-11-05,6739.17529296875,10999.8955078125,6782.653843245968,11120.3317274073,6724.682442876345,10999.8955078125,6753.668143061156,11080.1863208757,10443817,2658067.0
2019-11-06,6826.13232421875,10919.6044921875,6927.582273835589,11120.33247134561,6739.1752245471735,10919.6044921875,6753.668074492436,10999.896243693755,35432169,3608782.0
2019-11-07,6811.6396484375,10919.6044921875,6869.6110497007985,11040.041652911039,6782.653947805851,10879.459082970216,6840.625349069149,11040.041652911039,19559258,1885186.0
2019-11-08,6782.654296875,10839.3134765625,6855.118552183494,10999.896043581983,6768.161445813302,10839.3134765625,6826.132850060097,10999.896043581983,23139941,1834123.0
2019-11-11,6797.14697265625,10759.0224609375,6913.089778159981,10879.459627691178,6768.161271280317,10718.877049710185,6869.611226096082,10879.459627691178,44256144,2871696.0
2019-11-12,6753.66845703125,10759.0224609375,6811.6398600958955,10799.168805236546,6753.66845703125,10678.731638482868,6797.147009329734,10759.0224609375,14404687,2101563.0
2019-11-13,6739.17529296875,10759.0224609375,6797.146693338374,10919.605038918493,6710.189592783939,10759.0224609375,6768.160993153562,10759.0224609375,15131627,2261130.0
2019-11-14,6652.21826171875,10759.0224609375,6739.175363179125,10839.314216463863,6623.232561231958,10718.877049710185,6739.175363179125,10759.0224609375,23723523,1482002.0
2019-11-15,6594.2470703125,10799.16796875,6652.218473128434,10839.313376867716,6579.754219608517,10718.876219442911,6652.218473128434,10799.16796875,19394467,2111797.0
2019-11-18,6550.7685546875,10959.7490234375,6623.232808611035,10999.895362510413,6550.7685546875,10839.31280543359,6579.754256256913,10919.603617436198,12389339,2866924.0
2019-11-19,6594.2470703125,11040.0419921875,6594.2470703125,11080.187402638512,6521.782816792583,10959.750238213765,6550.76851820055,10999.896581736488,8210602,1475373.0
2019-11-20,6550.7685546875,10999.8955078125,6608.739957826328,11120.3317274073,6536.275703902793,10959.749168209279,6579.754256256913,11080.1863208757,6788040,1675996.0
2019-11-21,6492.796875,10999.8955078125,6565.261125837053,10999.8955078125,6405.839773995535,10839.312948614477,6536.275425502232,10999.8955078125,20312412,1435854.0
2019-11-22,6478.30419921875,10678.73046875,6579.754153121505,10999.895589532018,6405.839946431069,10678.73046875,6550.768452006432,10959.749249630544,16919383,2358306.0
2019-11-25,6492.796875,10678.73046875,6521.782575334822,10759.021282409689,6434.825474330357,10558.293315188836,6478.304024832589,10718.875875579844,12003754,1489273.0
2019-11-26,6565.26123046875,10759.0224609375,6579.754080867136,10799.168805236546,6492.796978476821,10638.586227255553,6536.275529671979,10678.731638482868,9607049,2351975.0
2019-11-27,6550.7685546875,10638.5849609375,6608.739957826328,10799.167519804241,6507.29000233338,10598.438621417099,6565.261405472207,10718.87577383506,5197273,1416230.0
2019-11-28,6405.83984375,10357.5654296875,6565.261197327489,10638.585145856874,6405.83984375,10317.420022540915,6536.275496677036,10638.585145856874,9683249,2483006.0
2019-11-29,6420.3330078125,10277.2744140625,6434.825858845938,10397.710633142911,6347.868752645316,10196.982668270608,6420.3330078125,10357.565226782775,6417123,1872405.0
2019-12-02,6202.93994140625,10116.6923828125,6478.30409768363,10558.293741932643,6202.93994140625,10036.401565907625,6420.332696362077,10277.274949693916,11249625,1680660.0
2019-12-06,6333.3759765625,10156.837890625,6347.868827767449,10156.837890625,6304.3902741526035,10076.547072934674,6318.883125357552,10116.692481779837,4330356,550398.0
2019-12-09,6217.43310546875,10116.6923828125,6333.37591396234,10196.983199717375,6202.940254407052,10076.546974360062,6333.37591396234,10196.983199717375,13520110,930627.0
2019-12-10,6115.98291015625,9915.9638671875,6217.432863642254,10116.691831584289,6115.98291015625,9915.9638671875,6202.9400131442535,10076.546425319253,13805527,2299365.0
2019-12-11,6318.88232421875,10036.4013671875,6318.88232421875,10036.4013671875,6115.982433074111,9915.964211143171,6144.96813180906,9956.10961880073,11403586,694662.0
2019-12-12,6318.88232421875,9956.109375,6391.346571056121,10076.54652809512,6304.389474851276,9956.109375,6318.88232421875,10076.54652809512,8976310,895903.0
2019-12-13,6318.88232421875,9915.9638671875,6362.360872321173,10036.40101905422,6260.910926748853,9915.9638671875,6347.8680229536985,9996.25467971757,8102661,1183978.0
2019-12-16,6202.93994140625,10156.837890625,6318.882744049358,10156.837890625,6202.93994140625,9915.964504482346,6318.882744049358,9956.10991332751,15519099,1750014.0
2019-12-17,6101.48974609375,9915.9638671875,6202.939694366092,10196.982644114356,6086.996896340558,9915.9638671875,6202.939694366092,10196.982644114356,19694291,838795.0
2019-12-18,6086.99755859375,9915.9638671875,6159.461815243676,9996.25467971757,6086.99755859375,9875.818460922466,6086.99755859375,9915.9638671875,10375650,1462188.0
2019-12-19,6000.0400390625,9996.2548828125,6130.475692085598,10076.54663004548,6000.0400390625,9915.964068651154,6115.982841749697,9956.109475731828,15556175,1170186.0
2019-12-20,6086.99755859375,9915.9638671875,6115.98326125372,10076.546425319253,6000.040450613839,9915.9638671875,6000.040450613839,10036.40101905422,6265666,3545200.0
2019-12-23,6101.48974609375,9956.109375,6159.461145106517,10076.54652809512,6101.48974609375,9956.109375,6130.475445600134,9996.254781674497,6010235,2013170.0
2019-12-24,6014.533203125,9956.109375,6101.490309676205,10076.54652809512,6000.040352033133,9915.963968325503,6086.997458584337,10036.40112142062,7684878,1147540.0
2019-12-25,6086.99755859375,9875.8193359375,6115.98326125372,9956.110155581477,6014.533301943824,9755.382173399836,6014.533301943824,9956.110155581477,9791874,2979581.0
2019-12-26,6043.5185546875,9835.6728515625,6101.489955691696,9915.964603123219,6043.5185546875,9795.527442317984,6086.997105440647,9835.6728515625,6976638,974134.0
2019-12-27,6058.01123046875,9434.216796875,6058.01123046875,9875.819093281481,6029.025530801436,9394.071388039414,6043.518380635092,9835.672751374219,7729661,4706128.0
2019-12-30,6072.50390625,9233.48828125,6159.461002759546,9474.362586362255,6058.011056831742,9113.052061765493,6086.996755668258,9394.070840300963,11162432,3649789.0
2019-12-31,6029.02587890625,9193.34375,6101.490132258489,9313.78091402225,6029.02587890625,9153.198339683153,6086.997281588041,9233.489160316847,7131867,1503231.0
2020-01-01,6029.02587890625,9193.34375,6029.02587890625,9193.34375,6029.02587890625,9193.34375,6029.02587890625,9193.34375,0,0.0
2020-01-02,6144.96875,9554.654296875,6159.461600825472,9554.654296875,6029.0259433962265,9193.34373833828,6058.01164504717,9233.489148604203,9266247,1867431.0
2020-01-03,6159.46142578125,9394.072265625,6231.9256778492645,9634.94567421237,6144.968575367648,9353.926853039065,6217.432827435662,9554.6548490405,11305531,1482037.0
2020-01-06,6072.50390625,9113.052734375,6144.968153341289,9394.0715336517,6072.50390625,9113.052734375,6130.475303923031,9353.926124193842,8485969,2456957.0
2020-01-07,6086.99755859375,9032.7607421875,6130.476112583706,9193.343308820396,6043.519004603794,8992.615333797192,6086.99755859375,9153.197900430088,8729595,2253812.0
2020-01-08,6000.0400390625,8631.3046875,6086.997141077898,8992.615224775773,6000.0400390625,8430.576714910309,6029.025739734299,8992.615224775773,13542161,6353743.0
2020-01-09,6101.48974609375,8751.7421875,6130.475445600134,8912.324758483657,6014.532647574599,8671.450435472325,6072.504046587366,8711.596778022007,10727413,2649582.0
2020-01-10,6202.93994140625,8912.32421875,6275.4041930581925,8952.469625796772,6130.475689754308,8671.449910326104,6130.475689754308,8791.887064538052,27949580,1738768.0
2020-01-13,6173.95458984375,8832.033203125,6260.911696742958,8912.324956940587,6159.461738693883,8832.033203125,6217.433143293354,8912.324956940587,9502457,1545060.0
2020-01-14,6231.92578125,8751.7421875,6275.404333212209,8912.324758483657,6159.461527979651,8751.7421875,6173.954378633721,8912.324758483657,14823445,1711957.0
2020-01-15,6217.43310546875,8751.7421875,6260.911658653847,8751.7421875,6217.43310546875,8671.450435472325,6231.925956530449,8751.7421875,11792391,1332300.0
2020-01-16,6376.85400390625,8832.033203125,6420.3325539328835,8872.178613496937,6231.9255038174715,8751.742382381124,6246.41835382635,8832.033203125,26569329,1760628.0
2020-01-17,6376.85400390625,8671.4501953125,6449.318253950639,8872.178170214896,6347.868303888495,8671.4501953125,6391.346853915128,8872.178170214896,15533767,1939021.0
2020-01-20,6376.85400390625,8591.1591796875,6405.839703924005,8751.741742506125,6333.3754538796165,8551.013772250755,6376.85400390625,8671.449994560991,14013865,1351935.0
2020-01-21,6536.27587890625,8751.7421875,6550.768730078991,8992.615577439641,6391.347367178839,8751.7421875,6405.84021835158,8751.7421875,17038935,3546806.0
2020-01-22,6492.796875,8912.32421875,6550.768275669643,8952.469625796772,6478.304024832589,8791.887064538052,6536.275425502232,8832.032471584824,16233616,2194764.0
2020-01-23,6492.796875,8912.32421875,6492.796875,8912.32421875,6492.796875,8912.32421875,6492.796875,8912.32421875,0,0.0
2020-01-24,6492.796875,8912.32421875,6492.796875,8912.32421875,6492.796875,8912.32421875,6492.796875,8912.32421875,0,0.0
2020-01-27,6492.796875,8912.32421875,6492.796875,8912.32421875,6492.796875,8912.32421875,6492.796875,8912.32421875,0,0.0
2020-01-28,6492.796875,8912.32421875,6492.796875,8912.32421875,6492.796875,8912.32421875,6492.796875,8912.32421875,0,0.0
2020-01-29,6492.796875,8912.32421875,6492.796875,8912.32421875,6492.796875,8912.32421875,6492.796875,8912.32421875,0,0.0
2020-01-30,6159.46142578125,8912.32421875,6405.8398828125,9113.05218705549,6144.968575367648,8832.032471584824,6347.868481158089,8832.032471584824,29253923,3883124.0
2020-01-31,6029.02587890625,8430.5771484375,6246.418638962966,8992.61568720478,6029.02587890625,8430.5771484375,6101.490132258489,8912.324867268755,26230901,3041937.0
2020-02-03,5898.58984375,8021.09228515625,6029.025491400492,8189.70394397274,5652.211398187961,7844.4515441614385,5840.618444794226,7948.83054555135,46900897,4569457.0
2020-02-04,6130.4755859375,7627.6650390625,6246.418386617169,8189.703564734035,5840.6185842383275,7627.6650390625,5985.547085087914,8109.411813597142,30772035,4331814.0
2020-02-05,6130.4755859375,7683.86865234375,6260.911236702128,7788.247649452209,6101.489885767583,7603.577833853924,6202.939836362293,7707.95636442654,23341320,2738547.0
2020-02-06,6318.88232421875,8069.2666015625,6376.853721688647,8069.2666015625,6058.011035604214,7675.839717294718,6130.4752824415855,7707.956511840723,39413918,2620879.0
2020-02-07,6202.93994140625,7956.859375,6318.882744049358,8109.411931542673,6202.93994140625,7940.8012111534035,6304.389893718969,8069.26652192618,26182476,1809252.0
2020-02-10,6086.99755859375,7772.18896484375,6173.954666573661,7868.538412893317,6072.504707263764,7748.101719465318,6115.98326125372,7788.247594965211,19876384,1714980.0
2020-02-11,6144.96875,7916.712890625,6173.954451650943,7997.004641492684,6101.490197523585,7788.24758215139,6115.983048349057,7804.3057457105915,14087398,2112333.0
2020-02-12,6275.404296875,8470.72265625,6347.86854972575,8470.72265625,6173.954342883949,7948.830454494108,6217.4328945944,7980.946782839491,35711178,3629797.0
2020-02-13,6202.93994140625,8470.72265625,6304.389893718969,8791.887805847251,6188.447091075862,8310.140081451374,6246.418492397415,8591.159820616896,21405034,3661403.0
2020-02-14,6304.3896484375,8350.2861328125,6347.868197737069,8470.722359894115,6246.418249371408,8269.99438168641,6260.911099137931,8470.722359894115,29541876,1376318.0
2020-02-17,6362.361328125,8310.1396484375,6434.825580153759,8390.431398188932,6318.882776907745,8229.848831757732,6376.854178530752,8310.1396484375,31526002,2480876.0
2020-02-18,6304.3896484375,8310.1396484375,6405.839596803161,8390.431398188932,6289.896798670977,8269.994240097616,6391.346747036638,8350.285989849048,17565018,2125578.0
2020-02-19,6260.9111328125,8390.4306640625,6318.882532190393,8510.867811616085,6231.925433123553,8310.138921336249,6304.38968234592,8350.285259235166,14915158,2358937.0
2020-02-20,6275.404296875,8751.7421875,6347.86854972575,8791.887596977991,6260.91144630485,8430.577045532684,6318.88284858545,8430.577045532684,19853196,5626736.0
2020-02-21,6144.96875,8631.3046875,6289.897258254717,8791.887252186083,6130.475899174528,8551.013871692785,6289.897258254717,8751.741844282475,28604613,2097458.0
2020-02-24,5826.1259765625,8029.12060546875,6029.025886194029,8390.431135352725,5826.1259765625,8029.12060546875,6000.040184818096,8350.285728270423,39476491,3942398.0
2020-02-25,6029.02587890625,7988.97509765625,6029.02587890625,8013.0623416019225,5753.661716167743,7724.014014646416,5797.140268179087,7724.014014646416,38787536,4009621.0
2020-02-26,5942.068359375,8189.70361328125,6058.011156631098,8350.286183435264,5898.589810403963,7788.247654432057,5898.589810403963,7788.247654432057,16520171,2710974.0
2020-02-27,6058.01123046875,8109.412109375,6058.01123046875,8310.140094930946,5927.575581965834,8029.121288381307,5956.561281633149,8189.703863440407,13158949,1244311.0
2020-02-28,5913.0830078125,7908.68359375,6014.53296137791,8013.062587117652,5898.590157303156,7828.392778137692,5942.068708831189,7948.829934627805,22830946,2718935.0
2020-03-02,6000.0400390625,8013.0625,6029.025739734299,8021.091581473939,5927.575787383001,7852.47993744958,5942.0686377189,7908.683507767152,16248544,2126434.0
2020-03-03,6058.01123046875,7972.91748046875,6130.475479637036,8229.84903320474,6029.025530801436,7972.91748046875,6101.489779969722,8189.703623882193,18826236,3021683.0
2020-03-05,5985.546875,8189.70361328125,6072.503972457627,8350.286183435264,5985.546875,8109.4118616684,6058.011122881357,8149.558204010668,14674785,4259010.0
2020-03-06,5985.546875,8109.412109375,6000.0397245762715,8229.849273937254,5913.082627118644,8029.121288381307,5942.068326271186,8149.55845294356,12431553,2728336.0
2020-03-09,5579.74755859375,7547.37353515625,5768.154619013799,7868.538197692494,5579.74755859375,7547.37353515625,5666.704663403003,7547.37353515625,39945496,5882657.0
2020-03-10,5550.76171875,7627.6650390625,5666.704522274804,7699.927241857033,5434.818915225196,7226.209082593072,5478.297466546997,7386.791185259339,23038211,3416835.0
2020-03-11,5275.3974609375,7242.26708984375,5652.211565290178,7748.101565412702,5188.440359933035,7202.121215142062,5637.718715122768,7683.868445811501,25988089,6161510.0
2020-03-12,4913.076171875,6736.4326171875,5101.483222713864,6945.189672811881,4913.076171875,6736.4326171875,5043.511822455752,6824.752515190574,50357214,6379828.0
2020-03-13,4956.5546875,7145.91748046875,5188.4402869152045,7145.91748046875,4579.740588450292,6270.743403623038,4594.233438413743,6278.772485072794,37963387,5439263.0
2020-03-16,4768.14794921875,7129.859375,5014.526414679901,7129.859375,4753.65509830927,6672.199395998411,4971.047861951462,7065.626256348742,13841952,3857682.0
2020-03-17,4840.61181640625,7105.77197265625,4840.61181640625,7539.34472595265,4565.247671161584,6752.490971064348,4637.71191991018,6752.490971064348,30409053,3642673.0
2020-03-18,4782.64013671875,7033.51025390625,4913.07577681108,7186.06327623527,4782.64013671875,6921.102174460642,4913.07577681108,7145.917866816013,17195596,2303483.0
2020-03-19,4666.69775390625,6800.66552734375,4753.654854910714,6977.306263098525,4637.712053571428,6744.4619537627705,4695.683454241072,6832.782321640158,12616346,3133567.0
2020-03-20,4637.7119140625,6792.63623046875,4724.6690124511715,6985.335124006362,4623.219064331055,6752.490822038344,4681.190463256836,6824.752557213074,14142426,2356604.0
2020-03-23,4318.86962890625,6318.91845703125,4521.7695443582215,6792.636637581205,4318.86962890625,6318.91845703125,4405.826735528523,6543.733690787349,31276523,5508367.0
2020-03-24,4289.8837890625,6045.927734375,4347.855191617398,6262.7143335185765,4188.4338345914275,5989.724164124897,4347.855191617398,6029.869571446399,24107287,7115117.0
2020-03-25,4536.26220703125,6302.85986328125,4536.26220703125,6359.06390115901,4362.348001010882,6238.626743783214,4434.812253519369,6326.947108142078,22523934,2925936.0
2020-03-26,4362.34765625,6102.1318359375,4507.276149813123,6262.714399999801,4362.34765625,6102.1318359375,4492.78330045681,6262.714399999801,15049768,2533783.0
2020-03-27,4231.91259765625,6118.1904296875,4391.333962636451,6415.267867538546,4202.926894932577,6061.986388348823,4376.841111274614,6061.986388348823,17492818,3922442.0
2020-03-30,3942.055419921875,5732.79248046875,4086.983928007238,6021.8408290671105,3942.055419921875,5692.647070886691,4057.998226390165,5780.967438503067,23699651,7522204.0
2020-03-31,3927.5625,5692.64697265625,4086.983856088561,5877.316786618811,3811.6196955719556,5499.9480769158245,4000.026752767528,5732.792381545572,18505728,3958737.0
2020-04-01,4130.46240234375,5909.43310546875,4144.95525287829,5909.43310546875,3869.59109272204,5620.384762262208,3898.5767937911187,5620.384762262208,20834916,3316161.0
2020-04-02,4130.46240234375,5909.43310546875,4130.46240234375,5909.43310546875,4130.46240234375,5909.43310546875,4130.46240234375,5909.43310546875,0,0.0
2020-04-03,4275.39111328125,6182.42333984375,4333.362518207097,6214.539667194472,4130.462600966632,6021.840770018455,4144.955452198094,6086.073891255741,16754592,5426197.0
2020-04-06,4565.248046875,6535.7041015625,4565.248046875,6575.8499758202315,4391.333835565476,6262.714395981885,4405.826686507937,6262.714395981885,26005912,6052280.0
2020-04-07,4623.21923828125,6415.267578125,4695.683489664969,6583.879227998554,4550.754986897531,6302.8599670545755,4681.1906393882255,6583.879227998554,40901167,4729202.0
2020-04-08,4550.75537109375,6856.869140625,4594.233925594645,6856.869140625,4463.798262091958,6222.5684410878075,4492.783965092556,6343.00512922865,16186036,11200756.0
2020-04-09,4579.74072265625,6993.3642578125,4666.697824985166,7226.209028051694,4550.755021879945,6985.33517606658,4637.712124208861,7226.209028051694,23329286,10638147.0
2020-04-10,4507.2763671875,6848.84033203125,4623.2191676296225,6993.364270250695,4478.29066707697,6824.752620214811,4579.740617463826,6993.364270250695,26735584,5165230.0
2020-04-13,4565.248046875,7065.62646484375,4652.205152529762,7226.209032942511,4492.783792162699,6824.75261269561,4507.276643105159,6824.75261269561,20481366,11108554.0
2020-04-14,4608.7265625,7266.3544921875,4637.712264150943,7314.529449566193,4492.7837558962265,7105.771922972976,4637.712264150943,7145.917798544528,22838621,10484935.0
2020-04-15,4739.162109375,7274.38330078125,4782.640660837155,7370.732745384075,4608.726454988532,7234.237893253332,4637.712155963302,7266.354219275666,33533707,7131420.0
2020-04-16,4782.64013671875,7186.0634765625,4782.64013671875,7258.325682067473,4637.711647727273,7121.830819701064,4710.175892223011,7258.325682067473,14766498,7261368.0
2020-04-17,4927.5693359375,7258.3251953125,4971.047888901654,7346.645559109927,4811.626528033088,7234.237950604791,4840.612230009191,7306.499684727918,24634377,8599665.0
2020-04-20,4826.119140625,7547.37353515625,4971.047643346471,7748.101507558381,4811.626290352852,7266.354280486102,4927.56909253003,7266.354280486102,35438283,11083648.0
2020-04-21,4536.26220703125,7491.16943359375,4768.147815058406,7804.305478416766,4536.26220703125,7306.499625916113,4753.654964556709,7354.674581479586,34691862,9780264.0
2020-04-22,4666.69775390625,7611.60693359375,4681.19060407366,7740.072710015269,4420.319301060268,7346.645832347014,4420.319301060268,7346.645832347014,17004722,7997014.0
2020-04-23,4681.19091796875,7627.6650390625,4768.1480248040825,7780.218059922246,4652.2052156903055,7627.6650390625,4753.655173664861,7756.1308145026815,11605029,5998159.0
2020-04-24,4652.20458984375,7667.810546875,4681.190288222839,7667.810546875,4608.726042275117,7499.198893694247,4637.711740654206,7627.665137325223,8664290,4992645.0
2020-04-27,4550.75537109375,7948.830078125,4695.6838860967355,8013.062731774414,4550.75537109375,7748.1016358630795,4666.698183096139,7772.18888098161,15783148,8985737.0
2020-04-28,4579.74072265625,8269.994140625,4623.219273820709,8269.994140625,4521.769321103639,7948.8299446972715,4579.74072265625,7948.8299446972715,9424403,8011199.0
2020-04-29,4623.21923828125,8269.994140625,4666.697789111481,8269.994140625,4594.233537727763,8269.994140625,4608.726388004507,8269.994140625,8894190,0.0
2020-04-30,4623.21923828125,8269.994140625,4623.21923828125,8269.994140625,4623.21923828125,8269.994140625,4623.21923828125,8269.994140625,0,0.0
2020-05-01,4623.21923828125,8269.994140625,4623.21923828125,8269.994140625,4623.21923828125,8269.994140625,4623.21923828125,8269.994140625,0,0.0
2020-05-04,4594.2333984375,7884.59619140625,4652.204797786869,8229.848557778823,4594.2333984375,7884.59619140625,4623.219098112185,7988.975182686744,7372630,11677957.0
2020-05-05,4579.74072265625,7756.13037109375,4623.219273820709,7884.5961391896935,4536.262171491792,7635.693684345314,4608.726423432556,7884.5961391896935,8171836,5874030.0
2020-05-06,4623.21923828125,7988.97509765625,4637.712088557994,7988.97509765625,4550.754986897531,7675.839060219259,4608.726388004507,7675.839060219259,12447847,4748171.0
2020-05-07,4724.66943359375,8189.70361328125,4739.162284617044,8189.70361328125,4623.219476430694,7988.975633856654,4623.219476430694,7997.00471571077,20287077,6624777.0
2020-05-08,4811.62646484375,8109.412109375,4927.569271225527,8350.286438499506,4753.655061652861,8029.121288381307,4753.655061652861,8189.703863440407,41136076,11241204.0
2020-05-11,4869.59765625,8149.55810546875,4927.569056919643,8189.703514253906,4782.640555245535,8005.033700770512,4898.583356584822,8109.411763611919,45113304,8195422.0
2020-05-12,4985.54052734375,8350.2861328125,4985.54052734375,8591.159520047408,4811.626322901526,8029.120994451502,4869.597724382267,8149.558154604796,38841524,11444122.0
2020-05-13,5072.49755859375,8269.994140625,5115.976109095982,8470.722112981699,4927.569056919643,8149.557917053971,5043.511858258928,8350.28588941067,34265493,6470565.0
2020-05-14,5014.5263671875,8149.55810546875,5086.990621048591,8269.994331824219,4956.554964098627,8149.55810546875,5014.5263671875,8229.848923039062,23972417,5637279.0
2020-05-15,5014.5263671875,8149.55810546875,5014.5263671875,8149.55810546875,5014.5263671875,8149.55810546875,5014.5263671875,8149.55810546875,0,0.0
2020-05-18,5014.5263671875,8149.55810546875,5014.5263671875,8149.55810546875,5014.5263671875,8149.55810546875,5014.5263671875,8149.55810546875,0,0.0
2020-05-19,5072.49755859375,8269.994140625,5072.49755859375,8269.994140625,5000.033307756697,8149.557917053971,5043.511858258928,8269.994140625,29821113,6773444.0
2020-05-20,5072.49755859375,8269.994140625,5072.49755859375,8269.994140625,5072.49755859375,8269.994140625,5072.49755859375,8269.994140625,0,0.0
2020-05-21,5101.4833984375,8189.70361328125,5115.976249001243,8269.994431822415,5000.0334444913,8109.4118616684,5029.019145618786,8229.849022551833,28403397,4067860.0
2020-05-22,5000.03369140625,8109.412109375,5115.976501641758,8189.703863440407,4985.540840126811,8109.412109375,5072.497947803442,8149.55845294356,25059185,4079153.0
2020-05-25,5014.5263671875,8189.70361328125,5058.004919504155,8350.286183435264,4985.540665643063,8029.121043127236,5000.033516415282,8109.4118616684,13804454,7293593.0
2020-05-26,5101.4833984375,8591.1591796875,5101.4833984375,8591.1591796875,5029.019145618786,8229.848646613504,5043.5119961825285,8269.994054050248,29787160,11297919.0
2020-05-27,5014.5263671875,8269.994140625,5159.454874909682,8711.59642626706,5014.5263671875,8269.994140625,5159.454874909682,8671.4500853384,35160249,7799736.0
2020-05-28,5014.5263671875,8350.2861328125,5072.497770276373,8430.57695086691,5000.033516415282,8229.848972659205,5029.019217959718,8310.139790713616,11186271,5201204.0
2020-05-29,4985.54052734375,8229.8486328125,5014.526228084121,8350.285787992414,4971.047676973565,8229.8486328125,5014.526228084121,8350.285787992414,14213162,3886789.0
2020-06-01,5173.947265625,8390.4306640625,5231.918663559174,8430.576068889834,5000.033071822479,8189.702706854246,5000.033071822479,8269.993516508915,55770371,7015585.0
2020-06-02,5188.4404296875,8430.5771484375,5304.383232585545,8671.450541317277,5188.4404296875,8350.286328501476,5217.426130412011,8390.431738469488,45595514,9995059.0
2020-06-03,5231.91845703125,8510.869140625,5246.4113059426945,8510.869140625,5188.439910296918,8430.577385360846,5217.425608119806,8430.577385360846,14299997,2204022.0
2020-06-04,5217.42626953125,8510.869140625,5304.383374023438,8591.159962817426,5217.42626953125,8470.72279645706,5260.904821777343,8510.869140625,28071734,5263227.0
2020-06-05,5188.4404296875,8470.72265625,5217.426130412011,8510.86899975344,5159.454728962989,8390.431835386544,5202.933280049756,8390.431835386544,22326133,4319390.0
2020-06-08,5188.4404296875,8470.72265625,5188.4404296875,8470.72265625,5188.4404296875,8470.72265625,5188.4404296875,8470.72265625,0,0.0
2020-06-09,5188.4404296875,8470.72265625,5188.4404296875,8470.72265625,5188.4404296875,8470.72265625,5188.4404296875,8470.72265625,0,0.0
2020-06-10,5391.3408203125,9032.7607421875,5463.8050786500335,9313.780467062985,5202.933748634913,8791.887358773989,5231.919451969926,8912.324517016577,33481703,10070363.0
2020-06-11,5072.49755859375,8430.5771484375,5463.804513113839,9153.198260148532,5072.49755859375,8430.5771484375,5420.325962611607,9032.761097172792,32051076,9550809.0
2020-06-12,5115.97607421875,8390.4306640625,5115.97607421875,8390.4306640625,4956.554723464058,7988.974749645992,4956.554723464058,8029.120154473326,32632576,9593006.0
2020-06-15,4927.5693359375,8430.5771484375,5144.962100758272,8751.742294325004,4898.583633961397,8390.431738469488,5130.469249770221,8551.014311413239,29345994,9511884.0
2020-06-16,5043.51171875,8591.1591796875,5072.497418283046,8711.59633506938,4971.047469917385,8510.868364814009,5000.033169450431,8711.59633506938,19113311,3367116.0
2020-06-17,5014.5263671875,8470.72265625,5072.497770276373,8671.450641480353,5000.033516415282,8390.431835386544,5043.512068731937,8631.305231048626,7027178,2724826.0
2020-06-18,5014.5263671875,8350.2861328125,5043.512068731937,8430.57695086691,4985.540665643063,8269.99438168641,5029.019217959718,8350.2861328125,7461221,2511947.0
2020-06-19,5072.49755859375,8350.2861328125,5072.49755859375,8470.722359894115,5014.526157924107,8350.2861328125,5043.511858258928,8390.431541839704,10120545,6557435.0
2020-06-22,5072.49755859375,8430.5771484375,5144.961809430803,8591.159721381251,5058.004708426339,8390.431738469488,5086.99040876116,8510.868901445227,8530232,3754652.0
2020-06-23,5072.49755859375,8430.5771484375,5115.976109095982,8510.868901445227,5058.004708426339,8350.286328501476,5072.49755859375,8430.5771484375,11977378,3714406.0
2020-06-24,5086.990234375,8310.1396484375,5159.454482727921,8470.7222148687,5072.497384704416,8269.994240097616,5101.483084045584,8430.576806528816,18665250,4318081.0
2020-06-25,5029.0185546875,8229.8486328125,5058.004252409041,8269.994040181924,5014.525705826729,8149.557818073652,5043.511403548271,8189.703225443076,8810738,2394042.0
2020-06-26,5029.0185546875,8189.70361328125,5072.497101269812,8350.286183435264,5000.032856965958,8149.558204010668,5058.004252409041,8350.286183435264,6502201,2541875.0
2020-06-29,4884.0908203125,7868.53857421875,5014.526480202151,8149.558308872115,4855.1051181148,7796.276836601901,4985.540778004451,8149.558308872115,19386141,8177668.0
2020-06-30,4811.62646484375,7788.24755859375,4956.554972820972,8029.120944324861,4797.133614046028,7643.723153926414,4927.569271225527,8029.120944324861,11056019,4129252.0
2020-07-01,4898.58349609375,7868.53857421875,4898.58349609375,7900.654902048461,4811.626392612796,7764.160042236342,4826.119243192955,7764.160042236342,6724231,4037598.0
2020-07-02,4884.0908203125,7715.9853515625,4913.0765225102,7908.6837801085685,4855.1051181148,7707.9562698120735,4898.58367141135,7908.6837801085685,5295165,4266090.0
2020-07-03,4884.0908203125,7764.16015625,4913.0765225102,7828.393279388509,4869.59796921365,7740.072910024006,4898.58367141135,7740.072910024006,4037557,2636064.0
2020-07-06,4927.5693359375,8021.09228515625,4971.047888901654,8021.09228515625,4884.090782973345,7772.1893380206775,4898.583633961397,7828.393379804794,9662174,2967586.0
2020-07-07,4956.5546875,7948.830078125,4985.5403874269,8149.558053851086,4927.5689875731,7948.830078125,4971.047537463451,8109.411712248534,11587532,3531372.0
2020-07-08,4971.0478515625,7916.712890625,4985.540702441691,7972.917396153882,4942.062149804118,7900.654727065799,4942.062149804118,7908.6838088454,5907497,2129326.0
2020-07-09,5058.0048828125,8013.0625,5072.497733479585,8069.2660703175725,4985.540629477077,7916.712589241091,5000.033480144162,7916.712589241091,12286504,2812410.0
2020-07-10,5058.0048828125,8013.0625,5058.0048828125,8013.0625,5058.0048828125,8013.0625,5058.0048828125,8013.0625,0,0.0
2020-07-13,4985.54052734375,8069.2666015625,5043.511928824491,8149.558354659586,4971.047676973565,8029.121191549809,5000.033377713935,8149.558354659586,7554788,2741867.0
2020-07-14,4971.0478515625,8069.2666015625,4985.540702441691,8069.2666015625,4927.569298924927,7988.975781537117,4971.0478515625,8029.121191549809,11554555,1985991.0
2020-07-15,4971.0478515625,8069.2666015625,4971.0478515625,8069.2666015625,4971.0478515625,8069.2666015625,4971.0478515625,8069.2666015625,0,0.0
2020-07-16,5072.49755859375,8109.412109375,5072.49755859375,8109.412109375,5014.526157924107,8029.121288381307,5072.49755859375,8069.266698878153,12306342,2654723.0
2020-07-17,5072.49755859375,8029.12060546875,5086.99040876116,8109.411419633351,5043.511858258928,8029.12060546875,5072.49755859375,8109.411419633351,12869272,2434870.0
2020-07-20,4985.54052734375,7916.712890625,5086.990479935047,8069.26637750909,4985.54052734375,7916.712890625,5072.497629564862,8029.120968611087,9939850,2851513.0
2020-07-21,5014.5263671875,7884.59619140625,5014.5263671875,7940.800694282654,4971.047814870845,7860.5089472042055,5014.5263671875,7940.800694282654,9974292,3533931.0
2020-07-22,4971.0478515625,7812.3349609375,5043.512105958455,7900.654862021754,4971.0478515625,7804.30587902075,5043.512105958455,7884.596698188253,8861310,2428064.0
2020-07-23,4942.06201171875,7748.1015625,4985.540563141496,7820.363763707208,4913.076310770253,7699.9270727190815,4971.047712667248,7804.305600446902,10435199,3279723.0
2020-07-24,4782.64013671875,7475.11181640625,4927.568625710227,7732.043842921986,4753.654438920455,7210.150707799635,4927.568625710227,7715.985678740225,26954947,10260644.0
2020-07-27,4449.3046875,7065.62646484375,4666.6974246742675,7210.150402903965,4449.3046875,6953.218853788952,4608.726028094463,6985.33518079437,32484632,7809958.0
2020-07-28,4724.66943359375,7475.11181640625,4739.162284617044,7523.286775487388,4492.78381722105,7073.655845718816,4608.7266254074,7073.655845718816,21063126,5432231.0
2020-07-29,4536.26220703125,7386.791015625,4608.726459539736,7386.791015625,4449.305104021067,7105.771759242713,4608.726459539736,7226.208916646428,15908457,4360255.0
2020-07-30,4594.2333984375,7475.11181640625,4608.726248274842,7475.11181640625,4550.754848925473,7258.325666880773,4579.740548600158,7258.325666880773,8912208,2267592.0
2020-07-31,4565.248046875,7346.64599609375,4608.7265997023815,7434.966365144536,4492.783792162699,7306.500119323836,4550.75519593254,7322.558749953314,9180420,1489808.0
2020-08-03,4695.68310546875,7426.93701171875,4695.68310546875,7467.082420485905,4550.7546145592205,7330.587564141744,4550.7546145592205,7346.645727648605,13643891,4077142.0
2020-08-04,4753.65478515625,7499.19873046875,4782.640485065739,7539.344605680568,4695.683385337271,7467.082403527964,4724.669085246761,7467.082403527964,8315975,2478734.0
2020-08-05,4797.1337890625,7659.78125,4797.1337890625,7667.810331684626,4695.68382977719,7467.082356497306,4753.655235083082,7507.22823145627,9558818,3850411.0
2020-08-06,4739.162109375,7587.51904296875,4797.133511324541,7667.810326294402,4739.162109375,7555.402716252822,4782.640660837155,7643.723081257456,9920174,3803251.0
2020-08-07,4724.66943359375,7547.37353515625,4768.147986663631,7587.518943022345,4724.66943359375,7499.198579181109,4739.162284617044,7579.489861449127,6645755,2490741.0
2020-08-10,4768.14794921875,7756.13037109375,4797.133651037709,7948.8297230413855,4739.162247399791,7587.518729724452,4782.64080012823,7611.606440302789,12017576,3677064.0
2020-08-11,4782.64013671875,7699.92724609375,4811.625834517045,7836.422103415557,4753.654438920455,7635.694125070397,4797.132985617897,7756.130818770324,10665067,2105157.0
2020-08-12,4884.0908203125,7812.3349609375,4898.58367141135,7836.422206687751,4782.640862620549,7699.927347567148,4782.640862620549,7699.927347567148,18189383,4571920.0
2020-08-13,4913.076171875,7980.94677734375,4927.569021939527,7988.975859424567,4869.597621681416,7812.335120574886,4913.076171875,7812.335120574886,8881474,4389374.0
2020-08-14,4971.0478515625,8021.09228515625,4985.540702441691,8149.558533081128,4884.090746287355,7988.975956442961,4898.583597166546,8029.121367334572,18487385,6928477.0
2020-08-17,4956.5546875,7916.712890625,4985.5403874269,8029.120968611087,4884.090437682748,7868.538399947396,4971.047537463451,8029.120968611087,12546845,3060858.0
2020-08-18,4927.5693359375,7932.77197265625,4971.047888901654,7980.946463245193,4898.583633961397,7884.5965489956325,4956.555037913603,7908.683794290104,8826837,1368904.0
2020-08-19,4942.06201171875,8189.70361328125,4942.06201171875,8189.70361328125,4898.583460296005,7627.665084278043,4927.569161244502,7948.830224586071,12680577,4746874.0
2020-08-20,4942.06201171875,8029.12060546875,4971.047712667248,8189.703166869587,4913.076310770253,7988.97519838645,4942.06201171875,8189.703166869587,13647468,3860550.0
2020-08-21,5014.5263671875,8069.2666015625,5014.5263671875,8109.412011575191,4927.569262554191,7988.975781537117,4942.0621133264085,8069.2666015625,16701938,2082857.0
2020-08-24,5159.45458984375,8109.412109375,5173.9474398152215,8149.55845294356,5043.511790071981,8029.121288381307,5043.511790071981,8149.55845294356,27137561,4481873.0
2020-08-25,5231.91845703125,8029.12060546875,5304.38270158847,8189.703166869587,5173.947061385475,8029.12060546875,5188.439910296918,8109.411419633351,40170876,3922989.0
2020-08-26,5188.4404296875,8069.2666015625,5260.904681498778,8149.558354659586,5188.4404296875,7988.975781537117,5217.426130412011,8029.121191549809,17015682,4529080.0
2020-08-27,5188.4404296875,8069.2666015625,5217.426130412011,8189.703764672277,5144.961878600733,8069.2666015625,5188.4404296875,8109.412011575191,11700287,3173396.0
2020-08-28,5188.4404296875,8109.412109375,5260.904681498778,8229.849273937254,5188.4404296875,8109.412109375,5217.426130412011,8109.412109375,19645442,4813252.0
2020-08-31,5202.93310546875,8069.2666015625,5275.397354848537,8189.703764672277,5188.440255592793,8029.121191549809,5217.425955344707,8149.558354659586,12736223,2895650.0
2020-09-01,5246.412109375,8069.2666015625,5246.412109375,8109.412011575191,5188.4407048515195,8013.063027544732,5231.919258244129,8069.2666015625,16470639,3275855.0
2020-09-02,5246.412109375,8069.2666015625,5246.412109375,8069.2666015625,5246.412109375,8069.2666015625,5246.412109375,8069.2666015625,0,0.0
2020-09-03,5275.3974609375,8430.5771484375,5318.876011439732,8430.5771484375,5246.411760602678,8069.266592581984,5275.3974609375,8109.412002549997,16101608,11503337.0
2020-09-04,5231.91845703125,8350.2861328125,5246.4113059426945,8390.431541839704,5173.947061385475,8229.848972659205,5173.947061385475,8269.99438168641,16470932,2744461.0
2020-09-07,5130.46923828125,8069.2666015625,5260.904896881621,8390.431747807437,5130.46923828125,8069.2666015625,5260.904896881621,8350.286337794745,24893646,4301826.0
2020-09-08,5159.45458984375,8069.2666015625,5173.9474398152215,8109.412011575191,5086.990339986394,8005.033945542194,5159.45458984375,8069.2666015625,11319775,6084838.0
2020-09-09,5144.9619140625,8029.12060546875,5159.4547645246475,8069.266012551051,5101.4833626760565,7940.80070988769,5101.4833626760565,7948.82979130415,12082328,2797856.0
2020-09-10,5159.45458984375,8069.2666015625,5217.425989729635,8149.558354659586,5159.45458984375,8029.121191549809,5188.440289786692,8069.2666015625,10176776,2357378.0
2020-09-11,5159.45458984375,8069.2666015625,5159.45458984375,8069.2666015625,5159.45458984375,8069.2666015625,5159.45458984375,8069.2666015625,0,0.0
2020-09-14,5260.90478515625,8029.12060546875,5289.890486451876,8109.411419633351,5202.9333825649965,8021.09152405229,5217.42623321281,8029.12060546875,14897466,5126698.0
2020-09-15,5246.412109375,8149.55810546875,5289.890662767611,8189.703514253906,5231.919258244129,8029.120946041606,5260.90496050587,8029.120946041606,12018129,4807742.0
2020-09-16,5246.412109375,8149.55810546875,5260.90496050587,8189.703514253906,5217.426407113259,8069.266354826763,5231.919258244129,8149.55810546875,8501287,1379662.0
2020-09-17,5246.412109375,8029.12060546875,5347.862067291091,8189.703166869587,5231.919258244129,8029.12060546875,5231.919258244129,8149.557759787286,24100847,3356561.0
2020-09-18,5434.8193359375,8029.12060546875,5449.3121875,8109.411419633351,5260.9051171875,8021.09152405229,5275.3979687500005,8069.266012551051,38326076,8343899.0
2020-09-21,5521.77587890625,8109.412109375,5579.747279209728,8149.55845294356,5463.804478602772,8029.121288381307,5507.28302883038,8109.412109375,35176315,5569949.0
2020-09-22,5565.25439453125,8029.12060546875,5579.747244517009,8109.411419633351,5507.282994588216,8029.12060546875,5521.775844573975,8069.266012551051,32424205,6080566.0
2020-09-23,5565.25439453125,8350.2861328125,5623.225794474284,8350.2861328125,5536.268694559733,8069.266403478707,5594.240094502767,8109.411812505911,22001104,14529114.0
2020-09-24,5681.197265625,8229.8486328125,5695.69011579241,8430.576602731262,5565.254464285714,8189.703225443076,5608.733014787947,8350.285787992414,40188731,5682916.0
2020-09-25,5681.197265625,8149.55810546875,5724.675816127232,8269.994331824219,5608.733014787947,8109.411763611919,5710.182965959822,8269.994331824219,21155490,3361155.0
2020-09-28,5797.14013671875,8149.55810546875,5826.125837402344,8229.848923039062,5695.690184326172,8109.411763611919,5724.675885009766,8189.703514253906,28179806,5809401.0
2020-09-29,5695.6904296875,8149.55810546875,5811.633237416508,8350.286082466206,5695.6904296875,8149.55810546875,5797.140386450382,8229.848923039062,25953616,11661547.0
2020-09-30,5724.67626953125,8229.8486328125,5739.169120846519,8310.139447551348,5666.704864270174,8149.557818073652,5695.690566900712,8149.557818073652,15520367,4039823.0
2020-10-01,5753.662109375,8269.994140625,5797.140664357683,8310.13954848201,5710.183554392318,8189.703324910981,5768.154961035894,8269.994140625,25908474,6012284.0
2020-10-02,5753.662109375,8510.869140625,5797.140664357683,8671.450785009854,5695.690702731424,8269.994807904264,5768.154961035894,8310.140219000477,35411094,21679431.0
2020-10-05,5900.03955078125,8751.7421875,5933.37273828906,8832.033006455984,5833.372255175505,8631.305025994334,5833.372255175505,8711.596778022007,30400545,7299424.0
2020-10-06,5950.03955078125,8631.3046875,5983.373198520205,8791.887252186083,5900.039539467879,8591.159279596392,5983.373198520205,8791.887252186083,20116399,7669633.0
2020-10-07,5866.7060546875,8470.72265625,5933.372891722143,8671.450641480353,5866.7060546875,8470.72265625,5916.706067389714,8591.159820616896,20489360,9533554.0
2020-10-08,5883.37255859375,8430.5771484375,5966.70621542222,8551.014311413239,5866.705735169046,8390.431738469488,5966.70621542222,8551.014311413239,19439962,7838161.0
2020-10-09,5850.0390625,8470.72265625,5900.0395340626255,8631.305231048626,5850.0390625,8430.577245818271,5883.372710208417,8510.86899975344,10953513,4841669.0
2020-10-12,5850.0390625,8310.1396484375,5916.705897621773,8591.159372960015,5816.705414791583,8269.994240097616,5883.372710208417,8510.868556280248,13654257,7868208.0
2020-10-13,5833.3720703125,8229.8486328125,5866.70571705901,8350.285787992414,5783.371600192736,8229.8486328125,5866.70571705901,8350.285787992414,11463548,3936817.0
2020-10-14,5883.37255859375,8189.70361328125,5916.705745148109,8310.139841092998,5800.03844147023,8109.4118616684,5800.03844147023,8269.994431822415,13924164,9768793.0
2020-10-15,5866.7060546875,8149.55810546875,5900.039703352359,8269.994331824219,5850.039230355071,8109.411763611919,5900.039703352359,8189.703514253906,12054240,7283418.0
2020-10-16,5950.03955078125,8269.994140625,5966.706374650727,8390.43129726768,5900.039539467879,8109.41157612531,5916.705903042295,8189.703324910981,25877472,5706835.0
2020-10-19,6083.3740234375,8149.55810546875,6116.707673050408,8350.286082466206,6000.040359700317,8109.411763611919,6000.040359700317,8350.286082466206,29948371,7311407.0
2020-10-20,6233.37548828125,8189.70361328125,6250.041852903806,8229.849022551833,6083.374064022437,8109.4118616684,6100.040888940082,8229.849022551833,29777416,5859512.0
2020-10-21,6183.375,8149.55810546875,6350.042788516725,8229.848923039062,6183.375,8149.55810546875,6300.04231387318,8189.703514253906,26867567,3079232.0
2020-10-22,6266.7080078125,8310.1396484375,6266.7080078125,8350.285989849048,6133.373883021923,8149.558015077965,6216.7079987004345,8189.703423417849,20520865,7223383.0
2020-10-23,6283.375,8269.994140625,6333.37547075235,8390.43129726768,6216.7081659585865,8189.703324910981,6333.37547075235,8350.28588941067,18681200,3067344.0
2020-10-26,6133.37451171875,8109.412109375,6283.375475020763,8310.140094930946,6133.37451171875,8109.412109375,6266.70865017664,8269.9946844341,25101007,6068678.0
2020-10-27,5966.7060546875,7956.859375,6133.373824149693,8109.411931542673,5966.7060546875,7956.859375,6133.373824149693,8069.26652192618,26969404,13072887.0
2020-10-28,5850.0390625,7772.18896484375,5983.373193038606,7980.946491064346,5833.372238645792,7756.1308012581285,5916.705897621773,7948.830163893103,19344403,7897042.0
2020-10-29,5933.37255859375,7699.92724609375,5966.706205387096,7844.451185226496,5833.372078508762,7651.752288692275,5833.372078508762,7667.810452314153,17647158,7246159.0
2020-10-30,5933.37255859375,7547.37353515625,5983.373028783768,7828.392789826398,5866.705725302108,7507.228127290155,5966.706205387096,7828.392789826398,16223130,8751652.0
2020-11-02,6000.0400390625,7627.6650390625,6000.0400390625,7667.810448095107,5933.372743399336,7547.373754461446,5983.373215146708,7547.373754461446,10441695,3171385.0
2020-11-03,6083.3740234375,7788.24755859375,6116.707673050408,7812.334803859694,6000.040359700317,7667.810399192358,6033.374009313225,7707.956274504768,10154112,3341722.0
2020-11-04,6150.041015625,7900.65478515625,6200.041487548108,7988.975618452922,6066.707356048216,7756.130845524971,6200.041487548108,7788.247639415355,13249933,6522021.0
2020-11-05,6100.04052734375,7844.451171875,6183.374646992125,7916.712908050461,6066.707339779463,7836.422090077726,6166.70782306245,7908.683826253187,19199579,3962057.0
2020-11-06,6000.0400390625,7852.47998046875,6133.374170093765,7876.567225022527,5983.373215146708,7804.305491361197,6100.040522262183,7844.450898950825,11291151,2420448.0
2020-11-09,6083.3740234375,8069.2666015625,6100.040848243954,8069.2666015625,6016.70718450677,7908.684028440031,6033.374009313225,7932.772207519349,10493278,6253295.0
2020-11-10,6033.3740234375,8029.12060546875,6166.708161906184,8189.703166869587,6033.3740234375,8021.09152405229,6133.37451221524,8189.703166869587,19163691,6655527.0
2020-11-11,6083.3740234375,7948.830078125,6116.707673050408,8069.26630371765,6016.70718450677,7940.800996418823,6066.707658926133,8029.120895186767,26451506,6417051.0
2020-11-12,6233.37548828125,7997.0048828125,6233.37548828125,8029.1212109000535,6083.374064022437,7972.917636746834,6100.040888940082,7988.975800790611,29828009,3083492.0
2020-11-13,6433.3759765625,8029.12060546875,6433.3759765625,8069.266012551051,6266.7082003790665,7997.00427980291,6266.7082003790665,8013.06244263583,45561296,4696715.0
2020-11-16,6350.04248046875,7868.53857421875,6533.37708497288,8109.411966013279,6333.375656396095,7707.956468534348,6500.043436827572,8069.266556226141,56753269,7192824.0
2020-11-17,6516.71044921875,7988.97509765625,6516.71044921875,8029.120504232371,6366.709488525232,7916.712432747609,6383.3763130795205,7948.829691080129,28126919,5298986.0
2020-11-18,6550.0439453125,8046.88720703125,6666.711254171989,8104.778198416297,6483.376648652753,8022.076782151945,6550.0439453125,8104.778198416297,31989165,8234514.0
2020-11-19,6500.04296875,8146.12890625,6600.043445689679,8179.210433840133,6466.709323005096,8038.617065110281,6583.376622817226,8063.427489988678,37915904,7265961.0
2020-11-20,6433.3759765625,8170.9404296875,6500.043271153895,8237.101563809698,6416.709152914651,8154.39918507133,6483.376447506046,8187.4807132180495,20131642,6253509.0
2020-11-23,6400.04296875,8228.8310546875,6466.709804912875,8311.532468648236,6350.042496406542,8195.750489103206,6433.376156683904,8220.560913291427,25490484,8018124.0
2020-11-24,6450.04296875,8187.48046875,6500.043441000059,8270.181883933386,6400.042956795008,8137.858658554377,6466.709792833353,8270.181883933386,24222082,5528299.0
2020-11-25,6483.37646484375,8154.39892578125,6533.376935921007,8253.641584894493,6433.375993766494,8137.858642776641,6533.376935921007,8187.480452876058,18432644,5340648.0
2020-11-26,6500.04296875,8170.9404296875,6500.04296875,8228.831422044423,6400.042491810321,8104.778334479682,6416.70885438774,8154.39918507133,35122117,3970732.0
2020-11-27,6666.71142578125,8476.9365234375,6666.71142578125,8559.63793999122,6466.709990948796,8237.101454346102,6500.043640136719,8237.101454346102,45177927,23258323.0
2020-11-30,6783.37841796875,8352.8837890625,6866.712537011332,8559.638300233923,6733.37840683826,8352.8837890625,6800.045241777266,8559.638300233923,52347616,7195608.0
2020-12-01,6950.04638671875,8352.8837890625,6950.04638671875,8435.586170182458,6683.378119045613,8187.480948993881,6683.378119045613,8270.18236902819,57751565,9810324.0
2020-12-02,7116.7138671875,8931.7958984375,7133.380690746926,8931.7958984375,6950.046091888296,8352.883121226087,6966.712915447722,8352.883121226087,51105939,29466446.0
2020-12-03,7000.046875,9428.0078125,7183.381482041412,9552.060900959179,6950.046402090049,9097.20021733261,7183.381482041412,9179.90259666727,63481246,26136350.0
2020-12-04,6983.3798828125,9552.060546875,7050.047178423049,9800.165753510748,6950.046235007225,9179.902256378584,7000.046706715137,9303.954379153662,52081243,18474845.0
2020-12-07,6966.71337890625,9469.3583984375,7016.713852910794,9676.11290245604,6933.379729569888,9428.007689850914,6983.380203574432,9428.007689850914,23340528,14161868.0
2020-12-08,7116.7138671875,9386.6572265625,7183.381161425203,9593.411735984082,6933.37926832887,9262.604136475295,6966.712915447722,9510.709355564066,46386997,16495910.0
2020-12-09,7133.38037109375,9428.0078125,7250.047670486711,9758.81540766739,7116.713548281179,9345.305433165338,7166.714016718891,9386.657103375483,36468092,20008374.0
2020-12-10,7016.71337890625,9345.3056640625,7183.381154033964,9593.411847110889,7000.046555363973,9303.95495391632,7150.0475069494105,9510.709465732876,38468502,11443813.0
2020-12-11,7166.71435546875,9634.76171875,7166.71435546875,9634.76171875,6950.046108959085,9345.304850746674,7050.047050561263,9428.007224927154,24426097,13504619.0
2020-12-14,7283.38232421875,9841.5166015625,7300.049149338207,9882.867309744359,7200.0486589165575,9634.762099567604,7200.0486589165575,9717.46351593132,39658397,17590223.0
2020-12-15,7166.71435546875,9634.76171875,7283.381660376236,9841.516212572846,7133.380708268024,9593.411012202545,7283.381660376236,9758.814799477934,37000611,14857947.0
2020-12-16,7416.7158203125,9676.11328125,7466.716291325466,9758.815662746363,7166.714385837779,9552.061150633936,7216.7148568507455,9634.762571044645,55155175,13133125.0
2020-12-17,7366.7158203125,9800.166015625,7433.3826547983945,10213.67502477278,7266.714878141075,9634.762219748764,7366.7158203125,9676.112928446419,47284700,22700654.0
2020-12-18,7700.0517578125,9924.2177734375,7700.0517578125,10006.920148849402,7383.383012393271,9841.51635911118,7500.050323785861,9924.2177734375,49496731,15428123.0
2020-12-21,7750.05126953125,9924.2177734375,7900.052220269721,10130.972270338882,7683.384436033623,9841.51635911118,7766.718553274468,10048.270856012561,76144249,13508118.0
2020-12-22,7733.38525390625,9924.2177734375,7900.05257528765,9924.2177734375,7666.717957117634,9924.2177734375,7800.052550694866,9924.2177734375,64493456,0.0
2020-12-23,7633.38427734375,10255.025390625,7783.3852342064365,10544.48226400271,7633.38427734375,10213.67468330978,7766.718870372865,10255.025390625,39121891,21497135.0
2020-12-24,7600.05078125,10006.919921875,7716.718552486327,10461.779612523913,7366.716159367502,9634.761643676595,7683.384903561662,10420.428906298659,45280727,13487840.0
2020-12-25,7700.0517578125,10172.32421875,7716.71858233931,10213.674927052027,7533.3839728394805,9800.165921860551,7600.050810651641,10006.920424456288,36220526,11170411.0
2020-12-28,7683.38427734375,10875.2890625,7833.384764689115,10875.2890625,7616.716984927996,10255.025559312098,7833.384764689115,10337.727936388512,46916603,32592303.0
2020-12-29,7650.05078125,11123.3955078125,7683.384428111971,11330.150013989794,7616.71713438803,10751.237204476243,7683.384428111971,10875.289331531245,30860100,17844085.0
2020-12-30,7633.38427734375,11082.0439453125,7716.718397986947,11412.851542842485,7633.38427734375,10999.342526472821,7633.38427734375,11123.395615817974,36202200,11063644.0
2020-12-31,7666.7177734375,11247.447265625,7700.051421033197,11330.149642032256,7650.050949639652,10916.63968216716,7683.384597235348,11040.692766235248,39690495,13191685.0
2021-01-01,7666.7177734375,11247.447265625,7666.7177734375,11247.447265625,7666.7177734375,11247.447265625,7666.7177734375,11247.447265625,0,0.0
2021-01-04,7983.38671875,11660.9560546875,8116.720384424913,11867.710550358866,7700.051183231911,11371.500145181819,7800.052122930664,11495.552265933293,11982606,1643259.0
2021-01-05,8383.388671875,11743.6591796875,8383.388671875,11909.062979006225,7983.386752565849,11495.553000166592,8050.053125390645,11536.904670810502,9628013,1141888.0
2021-01-06,8433.3896484375,11495.552734375,8666.724256077954,11909.062703653763,8333.388707767263,11412.851317170616,8500.056021627559,11867.711033965956,6239576,1881961.0
2021-01-07,8633.390625,11578.2548828125,8650.057908770616,11743.658675023273,8416.722380112706,11288.79800617225,8500.05603719548,11495.552506164315,5350131,2246517.0
2021-01-08,8866.724609375,11536.904296875,9116.726483628083,11743.658799050645,8666.723662326554,11412.851211135368,8733.390951539383,11743.658799050645,7313804,2102242.0
2021-01-11,8783.3916015625,12074.4658203125,9066.727141177133,12115.817490966934,8733.391591285254,11619.606092884464,9000.059847080736,11660.95680245326,6612395,1783905.0
2021-01-12,8716.7255859375,12074.4658203125,8833.392907422594,12198.518910104529,8566.724612515201,11867.71131138288,8783.392889811908,12198.518910104529,4680990,1216001.0
2021-01-13,8666.7236328125,11743.6591796875,8866.724579179852,12074.465817239314,8633.389988319603,11743.6591796875,8716.72363925683,12074.465817239314,5274226,1538336.0
2021-01-14,8800.0595703125,11743.6591796875,8800.0595703125,11826.360598804044,8616.724957573066,11495.553000166592,8766.72592066986,11743.6591796875,5695321,1615103.0
2021-01-15,8916.7265625,11867.7109375,9066.72752019231,12074.465439915983,8850.05926561672,11743.658812701775,8966.726574867389,11743.658812701775,5634207,1327397.0
2021-01-18,8733.392578125,12198.5185546875,8950.060848125917,12570.67685213471,8733.392578125,11867.710965604289,8916.727197311146,11991.764051781895,3913518,1975459.0
2021-01-19,8133.388671875,11454.2021484375,8733.392542943437,12487.974679991188,8133.388671875,11371.500730347454,8733.392542943437,12239.869464635429,6273965,2017978.0
2021-01-20,8133.388671875,11578.2548828125,8250.055988961618,11785.009382804566,7633.384832257833,10833.938298406823,8133.388671875,11619.605590593794,6560501,1598098.0
2021-01-21,8600.056640625,11867.7109375,8600.056640625,12074.465439915983,8133.387442799185,11536.904310285792,8333.38839606881,11826.360229233924,4161338,1196771.0
2021-01-22,8533.390625,11867.7109375,8650.058862487322,12198.518525799815,8433.390593711156,11702.307143350092,8566.724275626348,11867.7109375,3506903,1352839.0
2021-01-25,8400.0556640625,11702.3076171875,8600.056616777534,11950.413799001219,8383.388380992044,11660.956907247097,8466.7229551642,11702.3076171875,3089598,872638.0
2021-01-26,8533.390625,11164.74609375,8533.390625,11743.658896881583,7916.720389888054,10916.639920203883,8383.389657476531,11743.658896881583,5598687,1231221.0
2021-01-27,8000.052734375,10585.8330078125,8416.721917476185,11206.09650293591,7950.052726991674,10420.429216895807,8266.720974736158,10833.938213644746,6447351,1728106.0
2021-01-28,7450.04931640625,9882.8671875,7666.7175594353275,10172.324063363832,7450.04931640625,9882.8671875,7500.049786404125,9882.8671875,5758499,1115863.0
2021-01-29,7816.71923828125,9841.5166015625,7833.385602873475,10337.727983001614,7100.047609307088,9221.253095577813,7100.047609307088,9221.253095577813,5545124,1457393.0
2021-02-01,7333.38232421875,9510.708984375,7833.385204211326,10213.674865624034,7316.715500179655,9510.708984375,7666.717884410511,9800.16586291952,4570951,1451264.0
2021-02-02,7783.384765625,9634.76171875,7800.052049045291,9758.814799477934,7316.715099003112,9303.954144199219,7533.383339336326,9510.708638022064,4071435,1090777.0
2021-02-03,8083.38720703125,10296.3759765625,8116.720855532239,10296.3759765625,7800.052575658061,9841.516279285974,7900.052600570883,9924.217692941496,5610225,2014860.0
2021-02-04,8016.71923828125,10420.4296875,8116.720175404799,10709.885613862341,7933.3855843066585,10296.376598438635,8100.0538128459075,10585.83348588661,3136176,1850664.0
2021-02-05,8250.0546875,10503.130859375,8266.721049915994,10585.833237167994,8016.719169545677,10337.728025960232,8066.720097973775,10420.429442667617,3361118,713809.0
2021-02-08,7966.7197265625,10048.271484375,8400.056227183384,10585.83359436894,7950.053362964831,9841.516974544353,8266.721636041535,10461.780504036295,6296250,1446611.0
2021-02-09,7966.7197265625,10048.271484375,7966.7197265625,10048.271484375,7966.7197265625,10048.271484375,7966.7197265625,10048.271484375,0,0.0
2021-02-10,7966.7197265625,10048.271484375,7966.7197265625,10048.271484375,7966.7197265625,10048.271484375,7966.7197265625,10048.271484375,0,0.0
2021-02-11,7966.7197265625,10048.271484375,7966.7197265625,10048.271484375,7966.7197265625,10048.271484375,7966.7197265625,10048.271484375,0,0.0
2021-02-12,7966.7197265625,10048.271484375,7966.7197265625,10048.271484375,7966.7197265625,10048.271484375,7966.7197265625,10048.271484375,0,0.0
2021-02-15,7966.7197265625,10048.271484375,7966.7197265625,10048.271484375,7966.7197265625,10048.271484375,7966.7197265625,10048.271484375,0,0.0
2021-02-16,7966.7197265625,10048.271484375,7966.7197265625,10048.271484375,7966.7197265625,10048.271484375,7966.7197265625,10048.271484375,0,0.0
2021-02-17,8600.056640625,10751.2373046875,8600.056640625,10751.2373046875,8333.38839606881,10337.728288478631,8383.388404238702,10461.780416689911,5223378,1182372.0
2021-02-18,8733.392578125,10792.587890625,8766.726228939773,10999.342396364182,8533.390673236365,10585.833384885818,8666.725276495456,10875.289308486424,6602328,1393359.0
2021-02-19,8950.060546875,10792.587890625,9133.395159890268,10999.342396364182,8600.057685395772,10668.534802747243,8633.391335088563,10668.534802747243,8485035,964042.0
2021-02-22,8900.0595703125,10668.5341796875,9050.060532931691,10875.288673351883,8766.725892756647,10627.183473171737,8950.060504912346,10792.587260320357,5596990,1123264.0
2021-02-23,9133.39453125,10627.18359375,9166.727258058365,10792.587382775326,8866.725352062174,10544.482179780127,8916.726283454947,10751.23667579039,8933165,1115137.0
2021-02-24,9133.39453125,10627.18359375,9133.39453125,10627.18359375,9133.39453125,10627.18359375,9133.39453125,10627.18359375,0,0.0
2021-02-25,9133.39453125,10627.18359375,9133.39453125,10627.18359375,9133.39453125,10627.18359375,9133.39453125,10627.18359375,0,0.0
2021-02-26,9216.728515625,10420.4296875,9266.728528197127,10503.131106150488,8900.059314427801,10255.025889113393,8933.392963005936,10337.728268849512,6321278,894344.0
2021-03-01,9450.0625,10792.587890625,9483.39614633798,10833.938599555711,9300.061551774132,10461.780297008061,9350.06156098606,10503.131005938772,6240170,1221820.0
2021-03-02,9366.7294921875,10709.8857421875,9566.730463455964,10916.640252376672,9333.395843544398,10668.535032366795,9550.064099429486,10916.640252376672,3960689,1212812.0
2021-03-03,9333.3955078125,10627.18359375,9466.730097588725,10709.885007719875,9300.061860368443,10544.482179780127,9333.3955078125,10668.534300734937,4657460,1046557.0
2021-03-04,9050.0595703125,10420.4296875,9400.062392922307,10709.885613862341,8966.725915630193,10255.025889113393,9333.395100940432,10709.885613862341,6547747,1208790.0
2021-03-05,9116.7275390625,11123.3955078125,9166.727551465554,11123.3955078125,8933.39293279778,10668.534825353949,9033.393878194029,10709.885534372284,5383247,5278518.0
2021-03-08,9200.0615234375,11702.3076171875,9283.39610782645,11867.711418034763,9083.394210001179,11619.606197306692,9233.395173075045,11867.711418034763,4188176,4073096.0
2021-03-09,9100.060546875,11247.447265625,9183.394201990282,11578.254849082838,9000.059608382613,11247.447265625,9066.726900710872,11536.904141422006,3444517,3413455.0
2021-03-10,9316.7294921875,11288.7978515625,9366.729504925073,11578.25472423839,9033.393938630908,11040.692647187152,9133.394884696201,11123.395022702658,6105753,2641954.0
2021-03-11,9416.7294921875,11412.8515625,9500.06315338806,11536.904652058822,9366.729479585192,11330.150143517876,9416.7294921875,11536.904652058822,4654717,1624588.0
2021-03-12,9416.7294921875,11371.5009765625,9483.396789384007,11536.904777409529,9383.395843589245,11288.798595596163,9466.730425379954,11495.553106383537,4620753,1609927.0
2021-03-15,9633.3974609375,11330.1494140625,9633.3974609375,11454.201534548987,9400.062848287631,11288.797746148097,9466.730143499057,11371.500120891329,6581796,1890088.0
2021-03-16,9550.0634765625,11247.447265625,9716.730788317614,11330.149642032256,9450.06253715538,10999.342058574417,9700.064425378137,11330.149642032256,3605715,2414759.0
2021-03-17,9666.7314453125,11536.904296875,9666.7314453125,11743.658799050645,9550.064134923112,11330.149794699353,9550.064134923112,11371.50050291736,4011594,3060394.0
2021-03-18,9733.3984375,11454.2021484375,9783.398448786858,11702.30736379326,9666.731142057442,11371.500730347454,9766.73208522128,11660.956654748237,3690923,1357171.0
2021-03-19,9733.3984375,11082.0439453125,9783.398448786858,11371.500833422646,9666.731142057442,11082.0439453125,9666.731142057442,11330.150124002806,2804561,2573910.0
2021-03-22,9550.0634765625,11206.0966796875,9750.064434786655,11330.149765103084,9500.062546563897,11123.395263467515,9733.398071847178,11164.745971577508,4419849,1744611.0
2021-03-23,9450.0625,10999.341796875,9566.72980188789,11288.797704699598,9416.72885366202,10916.63942243542,9550.06343901394,11247.446998022593,4271830,1678971.0
2021-03-24,9200.0615234375,10544.482421875,9383.39613614891,10833.938338500868,9133.395144752585,10420.429336986428,9333.39612198768,10709.885253612296,4546460,2879907.0
2021-03-25,9183.3955078125,10420.4296875,9333.396476585252,10751.237284273217,9166.72822206541,10420.4296875,9233.395523873347,10585.83348588661,3732948,1593291.0
2021-03-26,9166.7275390625,10503.130859375,9250.062120408356,10627.183945521685,8916.726556795355,10006.92043695948,9100.061162812013,10337.728025960232,4047227,1729046.0
2021-03-29,9416.7294921875,10833.9384765625,9433.3967767817,10957.991563031934,9166.72758799567,10503.130886701081,9216.728521188124,10709.885390093064,4774711,1326719.0
2021-03-30,9433.396484375,10916.6396484375,9566.730154044928,11082.043439655365,9316.729178192518,10751.236818305228,9416.729200297435,10916.6396484375,3728734,1378972.0
2021-03-31,9383.396484375,10916.6396484375,9516.731087873344,11082.043439655365,9366.73011923281,10751.236818305228,9450.063786124172,10751.236818305228,2972376,1069631.0
2021-04-01,9733.3984375,11288.7978515625,9733.3984375,11412.850934292965,9400.06288087733,10751.236735596845,9416.72924444291,10916.639564456687,5539609,2602815.0
2021-04-02,9866.732421875,11247.447265625,9900.066070657364,11454.20176501475,9750.065111431804,11164.745850303336,9866.732421875,11371.500349693088,5059465,1402426.0
2021-04-05,10133.400390625,11288.7978515625,10133.400390625,11454.201641507925,9933.398522039615,11164.745729917619,10083.399463183634,11454.201641507925,7381819,1501196.0
2021-04-06,10466.7373046875,11123.3955078125,10483.403668983156,11288.798343885835,10166.734462054243,11040.693128690207,10233.40176041719,11247.447634867502,9399423,1650399.0
2021-04-07,10600.0703125,11536.904296875,10683.403969904502,11619.605713311015,10483.403008015677,11040.692915002084,10500.069371260535,11164.746000741716,6679929,2845611.0
2021-04-08,10400.0693359375,11412.8515625,10600.07029754414,11619.606071040946,10333.40204187192,11288.798472941178,10600.07029754414,11578.255361549884,6325944,1590994.0
2021-04-09,10450.0703125,11412.8515625,10483.403962615123,11495.552981482124,10283.402982514575,11330.150143517876,10366.736647507287,11454.202271991062,4780734,1553378.0
2021-04-12,10550.0703125,11785.009765625,10583.403959612444,11991.764272333214,10450.06937116267,11371.500752208574,10533.403028648727,11536.90454979227,4701352,4687148.0
2021-04-13,10366.736328125,11454.2021484375,10600.07095115201,11867.711161058975,10300.069029948667,11330.150021302432,10600.07095115201,11826.360452013952,6379648,2021929.0
2021-04-14,10416.7353515625,11412.8515625,10450.06899748298,11495.552981482124,10200.067113374422,11206.097053959053,10266.73440521538,11247.447763450115,4269398,1767673.0
2021-04-15,10200.0673828125,11082.0439453125,10416.735626723941,11495.552961682164,10183.40101970705,11082.0439453125,10416.735626723941,11495.552961682164,5345153,2571637.0
2021-04-16,10066.734375,10916.6396484375,10216.735335126017,11206.096523340158,9933.399779070136,10585.833027087363,10133.401672964932,10999.342024589227,5007967,2572077.0
2021-04-19,10166.734375,10833.9384765625,10266.735321688146,10999.342271493208,9983.400686956964,10709.885390093064,10150.068010847053,10999.342271493208,3957465,1344949.0
2021-04-20,10166.734375,10751.2373046875,10333.402619480243,10999.342522195695,10033.400700005961,10709.885634198106,10233.401672792097,10875.28943289878,3660154,1350019.0
2021-04-21,10166.734375,10751.2373046875,10166.734375,10751.2373046875,10166.734375,10751.2373046875,10166.734375,10751.2373046875,0,0.0
2021-04-22,9733.3984375,10213.6748046875,10166.734016696386,10751.23688943042,9733.3984375,10213.6748046875,10133.401289565229,10627.183804924947,3742620,2017347.0
2021-04-23,10100.0673828125,10420.4296875,10100.0673828125,10420.4296875,9700.064541005946,10048.27138140154,9733.398187872333,10213.675179788148,4725673,1681065.0
2021-04-26,9866.732421875,10006.919921875,10100.067963351543,10544.48198605998,9833.398773092636,9965.569215649746,10100.067963351543,10544.48198605998,4030966,1333668.0
2021-04-27,9866.732421875,10006.919921875,9983.400652908347,10213.674414086829,9733.398747335697,9841.516135888423,9866.732421875,10006.919921875,2843390,957140.0
2021-04-28,10083.400390625,10089.6220703125,10266.734993395825,10379.078957174816,9866.732140024013,10006.920651829341,9866.732140024013,10006.920651829341,4917838,836224.0
2021-04-29,10116.7333984375,10172.32421875,10316.735272765694,10296.376343656078,10116.7333984375,10089.62184106034,10166.733406724516,10255.025635354052,5355617,682667.0
2021-04-30,10116.7333984375,10172.32421875,10116.7333984375,10172.32421875,10116.7333984375,10172.32421875,10116.7333984375,10172.32421875,0,0.0
2021-05-03,10116.7333984375,10172.32421875,10116.7333984375,10172.32421875,10116.7333984375,10172.32421875,10116.7333984375,10172.32421875,0,0.0
2021-05-04,10416.7353515625,9965.5693359375,10450.06899748298,10048.270749386242,9866.7315747597,9841.516254678816,9866.7315747597,9882.866961403186,6899582,1157298.0
2021-05-05,10566.7373046875,10503.130859375,10800.072848362604,10627.183945521685,10500.070006494612,10048.271145313172,10516.737291337915,10048.271145313172,7317651,2062020.0
2021-05-06,10533.4033203125,10172.32421875,10700.071560489663,10585.833223941476,10450.069660518984,10172.32421875,10566.736968347934,10503.130846251815,5349367,1118492.0
2021-05-07,10533.4033203125,10006.919921875,10566.736968347934,10172.323707861575,10400.0696487609,9924.217548338931,10433.403296796334,10089.621334325508,7003569,1229912.0
2021-05-10,11066.740234375,10089.6220703125,11150.073890148089,10172.32444988129,10516.736449210463,9882.867563018972,10533.402812129047,9924.218272260552,10291187,1193284.0
2021-05-11,10900.072265625,10172.32421875,11133.407796254021,10461.78013794979,10900.072265625,10048.271132758315,11066.740501788587,10172.32421875,5764975,1431498.0
2021-05-12,11066.740234375,10296.3759765625,11066.740234375,10379.078351303597,10816.738346465649,10172.323856079214,10850.071992892901,10172.323856079214,5968848,827883.0
2021-05-13,10983.40625,10089.6220703125,11266.740855269703,10420.429666416394,10933.405321560007,10089.6220703125,10933.405321560007,10255.025868364448,7606506,1386992.0
2021-05-14,11000.0732421875,10130.97265625,11133.407831540968,10379.078830851036,10950.073231475004,10089.6219475117,11133.407831540968,10213.675034812219,6123230,1571002.0
2021-05-17,10966.7392578125,10048.271484375,11166.740215106038,10337.728374789293,10933.405611498563,10048.271484375,11166.740215106038,10172.324574707645,5424678,875328.0
2021-05-18,11100.07421875,9924.2177734375,11166.740593044113,10130.972270338882,10866.738686655206,9882.86706627434,10950.073265555546,10006.920148849402,6515168,1180384.0
2021-05-19,11500.076171875,9676.11328125,11500.076171875,10006.920885064144,11133.407890394885,9593.411860839291,11233.407912348499,9924.218503567781,8306133,2019180.0
2021-05-20,11500.076171875,9469.3583984375,11583.4107509565,9800.165989301411,11416.742513383615,9428.007689850914,11566.743466904154,9676.11290245604,4896712,1772219.0
2021-05-21,11550.0771484375,9676.11328125,11750.07811371399,9882.867793362428,11416.742557859761,9345.305677435857,11466.743489621473,9469.358769137574,5622782,1198710.0
2021-05-24,11583.4111328125,9758.8154296875,11666.744794051043,9882.867557340966,11466.74382296051,9676.113050166226,11600.07749682415,9800.166138905322,5793651,850195.0
2021-05-25,11933.412109375,9841.5166015625,11933.412109375,10048.271103557396,11583.410207769928,9800.165893380641,11600.076570450614,9924.218017926216,6445032,1059635.0
2021-05-26,12500.0830078125,9634.76171875,12500.0830078125,9841.516212572846,12200.081096636932,9634.76171875,12250.082028892944,9841.516212572846,9522273,1217108.0
2021-05-27,12166.748046875,9634.76171875,12583.418206741264,9800.16550602539,12016.747083912,9552.060305655088,12500.083622413906,9717.463131844912,7971888,1190928.0
2021-05-28,12566.75,9676.11328125,12566.75,9758.815662746363,12066.74713365671,9593.411860839291,12200.080801739537,9634.762571044645,7460042,1314997.0
2021-05-31,12666.751953125,9717.4638671875,12766.7529026162,9717.4638671875,12333.416375411185,9469.358648042511,12666.751953125,9676.113157510941,8596007,1283545.0
2021-06-01,12733.41796875,10006.919921875,12950.086210503718,10172.323707861575,12700.08432228096,9924.217548338931,12866.751634036074,10006.919921875,4618575,1817867.0
2021-06-02,12833.4189453125,9841.5166015625,12900.086243225895,10089.621811739255,12533.417025292378,9800.165893380641,12633.41797216247,10048.271103557396,6697491,1259650.0
2021-06-03,13716.7587890625,10503.130859375,13716.7587890625,10503.130859375,13283.42317965668,9882.867350812796,13333.423194429224,9882.867350812796,8225902,3506180.0
2021-06-04,13850.091796875,10833.9384765625,14233.427347435556,10833.9384765625,13700.090849213037,10461.780178239807,13733.424495425705,10751.23705963995,9303128,3342626.0
2021-06-07,13250.0888671875,10668.5341796875,13833.42541233785,11123.394834617595,13000.086964642986,10585.832766655974,13833.42541233785,10999.34175398474,87232122,19475302.0
2021-06-08,13250.0888671875,10668.5341796875,13250.0888671875,10668.5341796875,13250.0888671875,10668.5341796875,13250.0888671875,10668.5341796875,0,0.0
2021-06-09,12850.0859375,10006.919921875,12933.419597699227,10089.621334325508,12250.08211112135,9758.814723437916,12366.749419518294,9924.217548338931,86613066,17536316.0
2021-06-10,12633.4169921875,9841.5166015625,12983.419818788007,10089.621811739255,12566.749699445492,9758.815185198784,12833.417949823443,10006.920395375539,43995159,13697495.0
2021-06-11,13133.421875,9965.5693359375,13316.756485210222,10048.270749386242,12583.418044369331,9841.516254678816,12733.419005396772,9841.516254678816,70695759,8552887.0
2021-06-14,13100.087890625,10089.6220703125,13300.088860014104,10213.675159122868,12966.753297305506,9924.218272260552,13133.421538954875,10048.27136107092,69532871,13005748.0
2021-06-15,13100.087890625,9965.5693359375,13316.756144474111,10213.674537369296,12883.41963677589,9924.217668127558,13100.087890625,10089.621456110612,70391180,8441384.0
2021-06-16,12900.0859375,9965.5693359375,13183.421486621934,10172.323830644926,12883.419573711713,9924.217668127558,13083.420542121816,9965.5693359375,58546525,10322060.0
2021-06-17,13300.0888671875,10255.025390625,13333.422515535352,10420.429180971465,12633.417741410733,9841.516395301629,12666.751389758585,9882.867102616849,72861185,19811120.0
2021-06-18,13516.7578125,10172.32421875,13666.758777442421,10420.429429647764,13483.42416244722,10130.972549362366,13666.758777442421,10420.429429647764,73595908,11391037.0
2021-06-21,13550.0908203125,10337.7275390625,13650.091765731047,10503.130364686942,13366.756214006899,10089.621378454709,13466.757159425448,10172.323752352493,53219640,21131663.0
2021-06-22,14000.09375,10379.0791015625,14150.094708434777,10585.833611732276,13633.424535917175,10337.728391745673,13666.75818452381,10420.429811379327,100264269,16130569.0
2021-06-23,13966.759765625,10172.32421875,14150.09436825895,10461.78013794979,13833.4251744039,10089.62184106034,14083.4270726484,10420.429429647764,66968410,9772518.0
2021-06-24,14000.09375,10048.271484375,14250.09565425468,10213.675284456647,13900.092804180098,9965.570064876998,14150.094708434777,10130.972903873002,63553559,11456249.0
2021-06-25,14033.4267578125,10048.271484375,14066.760404897053,10130.972903873002,13766.758501726179,9882.867684293355,14000.093110727947,10048.271484375,53034970,9980887.0
2021-06-28,14366.7626953125,10048.271484375,14433.429991278568,10130.972903873002,14166.76080741429,10006.920774626,14200.094455397324,10089.622194124002,52628298,8156974.0
2021-06-29,14483.4296875,9965.5693359375,14600.096992604473,10130.972162834983,14166.760498853484,9965.5693359375,14400.096029652537,10089.621456110612,51766596,9448719.0
2021-06-30,14450.095703125,9965.5693359375,14816.76489380765,10172.323830644926,14450.095703125,9924.217668127558,14500.095712548966,9965.5693359375,73515875,9566529.0
2021-07-01,14483.4296875,10006.919921875,14566.763345347465,10048.270628100254,14250.095077291058,9882.866842113677,14466.763324166552,9965.569215649746,69288812,9291401.0
2021-07-02,14483.4296875,9924.2177734375,14600.096992604473,10089.621563175722,14450.096040242994,9924.2177734375,14600.096992604473,10006.920148849402,50228711,7614096.0
2021-07-05,14483.4296875,9924.2177734375,14483.4296875,9924.2177734375,14483.4296875,9924.2177734375,14483.4296875,9924.2177734375,0,0.0
2021-07-06,14483.4296875,9924.2177734375,14483.4296875,9924.2177734375,14483.4296875,9924.2177734375,14483.4296875,9924.2177734375,0,0.0
2021-07-07,14483.4296875,9924.2177734375,14483.4296875,9924.2177734375,14483.4296875,9924.2177734375,14483.4296875,9924.2177734375,0,0.0
2021-07-08,14483.4296875,9924.2177734375,14483.4296875,9924.2177734375,14483.4296875,9924.2177734375,14483.4296875,9924.2177734375,0,0.0
2021-07-09,13950.09375,8931.7958984375,14200.094733890604,9345.304887719141,13733.425494156023,8931.7958984375,13883.426452726446,9345.304887719141,107649962,15254253.0
2021-07-12,13950.09375,8931.7958984375,13950.09375,8931.7958984375,13950.09375,8931.7958984375,13950.09375,8931.7958984375,0,0.0
2021-07-13,13410.0888671875,8725.0419921875,13770.092074618608,8725.0419921875,13185.087437911878,8352.883684519662,13545.089724752874,8435.586064604535,26302601,12821536.0
2021-07-14,13410.0888671875,8725.0419921875,13410.0888671875,8725.0419921875,13410.0888671875,8725.0419921875,13410.0888671875,8725.0419921875,0,0.0
2021-07-15,13185.087890625,8849.0947265625,13252.58832172533,8849.0947265625,12825.085591423242,8518.28714167315,12870.085878823462,8642.340226278056,33802966,6931869.0
2021-07-16,13185.087890625,8849.0947265625,13185.087890625,8849.0947265625,13185.087890625,8849.0947265625,13185.087890625,8849.0947265625,0,0.0
2021-07-19,12217.58203125,8352.8837890625,12915.086504206849,8600.989971336725,12195.081886961068,8253.642085021329,12600.08448416182,8518.287590216767,46402800,13103804.0
2021-07-20,12555.083984375,8518.287109375,12555.083984375,8518.287109375,11925.079954883238,8311.532609874492,12465.083408733319,8435.585694009034,32531398,8959867.0
2021-07-21,12600.083984375,8476.9365234375,12870.085705132453,8600.98960935369,12555.083697582091,8435.58581516064,12645.084271167909,8518.287231714361,25661161,5137230.0
2021-07-22,12757.5859375,8559.6376953125,12825.086372712376,8683.69077768261,12375.083471296532,8435.58557402797,12600.084922004455,8518.286988217656,21375956,10603971.0
2021-07-23,12487.583984375,8683.69140625,12780.085865323083,8890.445917775683,12487.583984375,8600.989986073986,12645.084997193198,8600.989986073986,24819035,14544418.0
2021-07-26,12240.08203125,8683.69140625,12442.583327463242,8725.042116338007,12060.08087906045,8559.63831490033,12285.082319297388,8600.989986073986,33515973,4622198.0
2021-07-27,12330.08203125,8931.7958984375,12487.583032056984,9055.84897965622,12285.081745305148,8725.041403796678,12330.08203125,8766.3930715933,24291974,13444025.0
2021-07-28,12420.0830078125,8766.3935546875,12532.583726340144,8931.79639064664,12307.582289284856,8766.3935546875,12352.582576695913,8849.09497266707,12907985,6334013.0
2021-07-29,12780.0849609375,8807.744140625,12780.0849609375,8849.094849037077,12510.083243784464,8725.041762715235,12555.083529976637,8849.094849037077,31676075,5414262.0
2021-07-30,13005.0869140625,8849.0947265625,13140.087778059406,8931.796142242038,12780.085474067659,8725.041641957594,12825.085762066627,8807.744018722731,39736810,9516311.0
2021-08-02,12960.0859375,8890.4453125,13095.08679432437,9014.498395403938,12870.085366283753,8807.743897954431,13005.086223108125,8849.094605227216,2647123617,9720277.0
2021-08-03,13185.087890625,8931.7958984375,13230.08817802522,8973.147566234122,12960.0864536239,8849.0944850154,13005.08674102412,8931.7958984375,40473146,6280463.0
2021-08-04,13185.087890625,8931.7958984375,13185.087890625,8931.7958984375,13185.087890625,8931.7958984375,13185.087890625,8931.7958984375,0,0.0
2021-08-05,13500.08984375,8931.7958984375,13500.08984375,9014.498272945171,13230.08812052221,8849.0944850154,13320.088694931474,8931.7958984375,34918050,6127786.0
2021-08-06,13342.5888671875,9097.2001953125,13545.09016004322,9262.60399249583,13320.088723536865,8890.445689104745,13500.08987274195,8931.79639812917,28667256,15927317.0
2021-08-09,13455.08984375,9221.2529296875,13455.08984375,9262.60363712546,13095.087538428546,9014.498431412117,13185.08811475891,9138.550553725994,26926654,7864591.0
2021-08-10,13455.08984375,9221.2529296875,13455.08984375,9221.2529296875,13455.08984375,9221.2529296875,13455.08984375,9221.2529296875,0,0.0
2021-08-11,13365.0888671875,9469.3583984375,13590.090301275497,9717.463611042625,13275.088293552302,9262.603894418959,13365.0888671875,9303.954603005544,40918509,16765196.0
2021-08-12,13275.087890625,9386.6572265625,13500.089317883721,9552.061026316895,13275.087890625,9386.6572265625,13410.088746980233,9510.709355564066,20407721,9388029.0
2021-08-13,13320.087890625,9345.3056640625,13365.08817511238,9469.358755586694,13095.086468188096,9179.902823477776,13275.087606137618,9345.3056640625,23587060,11823840.0
2021-08-16,13950.09375,9469.3583984375,14040.094325142252,9552.060776696286,13275.088515842952,9345.30531159213,13320.088803414079,9345.30531159213,66943126,11227293.0
2021-08-17,13950.09375,9469.3583984375,13950.09375,9469.3583984375,13950.09375,9469.3583984375,13950.09375,9469.3583984375,0,0.0
2021-08-18,13995.09375,9428.0078125,14107.594466616152,9469.358521624517,13950.09346335354,9303.954724040821,13950.09346335354,9386.657103375483,26101077,8740788.0
2021-08-19,13995.09375,9386.6572265625,13995.09375,9428.00793622969,13635.091456828313,9303.954846142484,13860.092890060618,9428.00793622969,44160484,8079862.0
2021-08-20,13455.08984375,9014.4990234375,13950.09393415716,9428.008047145388,13252.588547006682,8890.445931890874,13950.09393415716,9386.657336991728,66809056,18294941.0
2021-08-23,12870.0859375,8725.0419921875,13387.589244961899,9014.498880856103,12847.585793697308,8725.0419921875,13275.088525948442,8973.148171356484,46082080,10293976.0
2021-08-24,12847.5859375,8725.0419921875,12937.586513718139,8890.44579127161,12645.084641009187,8600.989863688645,12870.086081554535,8766.393662772754,29287539,11595598.0
2021-08-25,12870.0859375,9303.9541015625,12870.0859375,9303.9541015625,12532.58378045963,8725.041329294369,12690.08478707847,8807.743703095852,38421879,16479358.0
2021-08-26,12645.083984375,9386.6572265625,12892.585556122616,9634.762445651271,12600.083698602706,9262.604136475295,12870.08541323647,9593.411735984082,26735395,14127799.0
2021-08-27,12600.083984375,9841.5166015625,12622.584127771455,9924.218017926216,12262.581833428183,9138.55071812849,12487.583267392729,9303.954511941529,38968632,31383275.0
2021-08-30,12780.0849609375,9882.8671875,13005.086391898363,10089.621686937482,12600.08381616881,9800.165772159244,12645.084102360981,9924.217895170377,33186664,15587096.0
2021-08-31,12555.083984375,9800.166015625,12915.086286941721,9924.218141717964,12555.083984375,9717.463637144074,12870.08599912088,9882.867433020308,21709664,11316781.0
2021-09-01,12555.083984375,10296.3759765625,12690.084847837521,10296.3759765625,12465.083408733319,9676.112490889353,12555.083984375,9717.463197717114,26706277,35254107.0
2021-09-02,12555.083984375,10296.3759765625,12555.083984375,10296.3759765625,12555.083984375,10296.3759765625,12555.083984375,10296.3759765625,0,0.0
2021-09-03,12555.083984375,10296.3759765625,12555.083984375,10296.3759765625,12555.083984375,10296.3759765625,12555.083984375,10296.3759765625,0,0.0
2021-09-06,12735.0849609375,10255.025390625,12757.585104539226,10544.48226400271,12465.083237716788,10213.67468330978,12577.583955725418,10337.727766341026,36303996,17200379.0
2021-09-07,12870.0859375,9965.5693359375,12982.586656513457,10337.72761862798,12757.585218486543,9965.5693359375,12825.085649894618,10255.025244093667,42711692,17682329.0
2021-09-08,12870.0859375,9965.5693359375,12870.0859375,9965.5693359375,12870.0859375,9965.5693359375,12870.0859375,9965.5693359375,0,0.0
2021-09-09,12780.0849609375,10006.919921875,12825.085247129673,10213.674414086829,12600.08381616881,9800.16542966317,12690.084388553154,9882.866842113677,21987440,11425785.0
2021-09-10,12690.0849609375,10006.919921875,12780.085537381308,10213.674414086829,12690.0849609375,9965.569215649746,12780.085537381308,9965.569215649746,17756701,9305562.0
2021-09-13,12555.083984375,9800.166015625,12735.08513565836,10048.271228896545,12487.58355264374,9800.166015625,12577.58412828542,10006.92052019889,28904183,12379570.0
2021-09-14,12420.0830078125,9510.708984375,12600.084157456731,9924.217987079513,12420.0830078125,9469.35827632167,12465.083295223558,9758.81515486619,20046571,18839366.0
2021-09-15,12352.5830078125,9758.8154296875,12420.083441284914,9800.166138905322,12240.082285358476,9510.709252209308,12375.083152303305,9510.709252209308,25035013,7342062.0
2021-09-16,12510.083984375,9758.8154296875,12510.083984375,9841.516848123145,12375.0831178065,9634.762340948404,12375.0831178065,9800.166138905322,20475385,7168798.0
2021-09-17,12532.583984375,9717.4638671875,12600.084416881362,10048.271466771244,12442.583407699853,9676.113157510941,12600.084416881362,9841.516957302814,20354931,18545555.0
2021-09-20,12712.5849609375,9717.4638671875,12825.085680216942,9924.21837665593,12645.084529369835,9676.113157510941,12667.584673225723,9882.867666979371,34909461,11802420.0
2021-09-21,12712.5849609375,9717.4638671875,12712.5849609375,9717.4638671875,12712.5849609375,9717.4638671875,12712.5849609375,9717.4638671875,0,0.0
2021-09-22,12712.5849609375,9717.4638671875,12712.5849609375,9717.4638671875,12712.5849609375,9717.4638671875,12712.5849609375,9717.4638671875,0,0.0
2021-09-23,12555.083984375,9717.4638671875,12690.084847837521,9882.867666979371,12510.08369655416,9717.4638671875,12600.08427219584,9882.867666979371,24702562,9080652.0
2021-09-24,12915.0859375,9593.4111328125,12982.586367404909,9758.814922167374,12600.083931277084,9593.4111328125,12600.083931277084,9758.814922167374,5731,925712900.0
2021-09-27,12600.083984375,9552.060546875,13050.086852304088,9841.516461102441,12600.083984375,9552.060546875,13005.08656551118,9634.761962058386,19516367,11221462.0
2021-09-28,12600.083984375,9717.4638671875,12645.084271167909,9758.815537949698,12510.083410789182,9469.358648042511,12600.083984375,9552.061028481268,15482333,8662486.0
2021-09-29,12510.083984375,10089.6220703125,12690.085139799667,10255.025868364448,12487.583839946916,9717.463764967026,12600.084562087333,9717.463764967026,23266549,37350649.0
2021-09-30,12532.583984375,10042.0166015625,12667.584849387722,10294.1171875,12487.583696037427,9957.9833984375,12510.083840206213,10252.1005859375,13919373,11037607.0
2021-10-01,12352.5830078125,10252.1005859375,12577.584452720548,10378.1513671875,12262.58242984928,9915.966796875,12555.084308229743,9915.966796875,28356592,21579936.0
2021-10-04,12195.08203125,10630.251953125,12375.083187691169,10840.3359375,12105.081453029414,10462.1845703125,12352.583043136023,10462.1845703125,1634339467,2532.0
2021-10-05,12330.08203125,10714.2861328125,12330.08203125,10840.3359375,12172.581030443018,10546.21875,12172.581030443018,10672.2685546875,19823680,26551280.0
2021-10-06,12330.08203125,10714.2861328125,12330.08203125,10714.2861328125,12330.08203125,10714.2861328125,12330.08203125,10714.2861328125,0,0.0
2021-10-07,12442.583984375,10630.251953125,12555.084710432993,10798.3193359375,12397.583693951801,10588.2353515625,12555.084710432993,10798.3193359375,13486579,20351261.0
2021-10-08,12442.583984375,10630.251953125,12442.583984375,10630.251953125,12442.583984375,10630.251953125,12442.583984375,10630.251953125,0,0.0
2021-10-11,12442.583984375,10630.251953125,12442.583984375,10630.251953125,12442.583984375,10630.251953125,12442.583984375,10630.251953125,0,0.0
2021-10-12,12937.5869140625,10672.2685546875,13117.588072068786,10672.2685546875,12847.586335059357,10420.16796875,13117.588072068786,10420.16796875,31161792,26345410.0
2021-10-13,12870.0859375,10504.2021484375,13095.087375526913,10756.302734375,12870.0859375,10462.1845703125,13095.087375526913,10756.302734375,20480622,18075029.0
2021-10-14,12870.0859375,10504.2021484375,12870.0859375,10504.2021484375,12870.0859375,10504.2021484375,12870.0859375,10504.2021484375,0,0.0
2021-10-15,12780.0849609375,10336.134765625,12937.585962610105,10588.2353515625,12757.584817841413,10252.1005859375,12937.585962610105,10504.2021484375,17155692,20547492.0
2021-10-18,12780.0849609375,10336.134765625,12780.0849609375,10336.134765625,12780.0849609375,10336.134765625,12780.0849609375,10336.134765625,0,0.0
2021-10-19,12690.0849609375,10336.134765625,12825.085825603212,10504.2021484375,12645.084672715597,10294.1171875,12825.085825603212,10336.134765625,16108062,12342323.0
2021-10-20,12690.0849609375,10336.134765625,12825.085825603212,10420.16796875,12510.083808049885,10126.05078125,12825.085825603212,10336.134765625,18723470,16025849.0
2021-10-21,12555.083984375,10126.05078125,12825.08571130004,10336.134765625,12555.083984375,10126.05078125,12825.08571130004,10336.134765625,21358150,15595902.0
2021-10-22,12555.083984375,10168.0673828125,12667.5847039271,10252.1005859375,12532.58384046458,10084.033203125,12667.5847039271,10126.05078125,15876582,12219396.0
2021-10-25,12555.083984375,10168.0673828125,12555.083984375,10168.0673828125,12555.083984375,10168.0673828125,12555.083984375,10168.0673828125,0,0.0
2021-10-26,12555.083984375,10168.0673828125,12555.083984375,10168.0673828125,12555.083984375,10168.0673828125,12555.083984375,10168.0673828125,0,0.0
2021-10-27,12555.083984375,10168.0673828125,12555.083984375,10168.0673828125,12555.083984375,10168.0673828125,12555.083984375,10168.0673828125,0,0.0
2021-10-28,12825.0849609375,10714.2861328125,12892.585388719484,10882.3525390625,12757.584533155516,10462.1845703125,12892.585388719484,10462.1845703125,18396675,33697944.0
2021-10-29,12825.0849609375,10630.251953125,12870.085246125489,10840.3359375,12690.08410537353,10504.2021484375,12825.0849609375,10798.3193359375,22403266,18479153.0
2021-11-01,12825.0849609375,10630.251953125,12825.0849609375,10630.251953125,12825.0849609375,10630.251953125,12825.0849609375,10630.251953125,0,0.0
2021-11-02,12825.0849609375,11008.4033203125,12780.08467574951,10798.3193359375,12712.584247967525,10798.3193359375,12735.08439056152,11008.4033203125,18022118,24058230.0
2021-11-03,13117.587890625,10588.2353515625,13275.088901701929,10882.3525390625,12780.085724031578,10546.21875,12780.085724031578,10840.3359375,57497073,1694.0
2021-11-04,13005.0869140625,10630.251953125,13207.588210057858,10756.302734375,12982.586770063015,10504.2021484375,13162.58792205889,10588.2353515625,22605208,15452031.0
2021-11-05,12892.5859375,10924.3701171875,13027.58679881036,11092.4365234375,12870.085793948272,10672.2685546875,13027.58679881036,10672.2685546875,16913947,23258431.0
2021-11-08,12825.0849609375,11008.4033203125,12960.085816501469,11218.4873046875,12780.08467574951,10924.3701171875,12892.585388719484,10966.38671875,28505535,23481794.0
2021-11-09,12870.0859375,10798.3193359375,13027.586944118839,11050.419921875,12825.085649894618,10798.3193359375,12870.0859375,10966.38671875,25899973,18105374.0
2021-11-10,12870.0859375,11008.4033203125,12960.086512710765,11176.470703125,12847.585793697308,10798.3193359375,12960.086512710765,10840.3359375,22200904,27386779.0
2021-11-11,12645.083984375,10840.3359375,12870.08541323647,11134.4541015625,12600.083698602706,10798.3193359375,12870.08541323647,11050.419921875,26943832,20187874.0
2021-11-12,12847.5859375,10882.3525390625,12847.5859375,11050.419921875,12600.084352900118,10798.3193359375,12600.084352900118,10798.3193359375,19849656,15065757.0
2021-11-15,12870.0859375,11638.6552734375,13050.08708792153,11638.6552734375,12802.585506091926,10756.302734375,12915.086225105382,11008.4033203125,26418446,53422432.0
2021-11-16,12892.5859375,11806.72265625,13027.58679881036,12058.8232421875,12825.08550684482,11596.638671875,12960.08636815518,11848.7392578125,29088319,35352996.0
2021-11-17,12915.0859375,11890.755859375,12915.0859375,12058.8232421875,12780.085077690179,11638.6552734375,12892.585794198363,11764.7060546875,14518079,19959275.0
2021-11-18,12735.0849609375,12310.9248046875,12915.086109751308,12563.025390625,12735.0849609375,11806.72265625,12915.086109751308,11848.7392578125,19559102,36956997.0
2021-11-19,12735.0849609375,11722.689453125,13027.586827759938,12436.974609375,12600.084099327145,11470.587890625,12690.084673734049,12436.974609375,38278173,38248504.0
2021-11-22,13140.0869140625,10966.38671875,13275.087769182726,11722.689453125,12780.084633741893,10966.38671875,12802.584776261932,11680.671875,49120855,28148379.0
2021-11-23,13005.0869140625,11596.638671875,13230.088354057341,11596.638671875,12982.586770063015,11008.4033203125,13207.588210057858,11176.470703125,20638363,18304461.0
2021-11-24,13905.09375,11428.5712890625,13905.09375,11764.7060546875,12937.586626621624,11344.5380859375,13005.08705937429,11680.671875,90088175,16614542.0
2021-11-25,13905.09375,11638.6552734375,14152.595336759776,11932.7734375,13837.593317247334,11428.5712890625,14085.09490400711,11470.587890625,43344334,22246812.0
2021-11-26,13635.091796875,11386.5546875,14017.594242909177,11764.7060546875,13567.590444631758,11260.50390625,13995.094099024815,11722.689453125,35127534,22278585.0
2021-11-29,13410.0888671875,11302.521484375,13477.589295970187,11470.587890625,13230.087723767003,11050.419921875,13365.088581332377,11092.4365234375,35808147,17862614.0
2021-11-30,13050.0869140625,11344.5380859375,13590.090358132926,11680.671875,13005.086627056631,11260.50390625,13567.590214629992,11470.587890625,43203980,17707200.0
2021-12-01,13275.087890625,11764.7060546875,13275.087890625,11890.755859375,12960.085892462788,11344.5380859375,13050.086463366277,11344.5380859375,22101818,22577275.0
2021-12-02,13095.0869140625,11890.755859375,13365.088630180067,12310.9248046875,13095.0869140625,11764.7060546875,13342.588487170271,11764.7060546875,15315165,27025257.0
2021-12-03,12735.0849609375,11386.5546875,13230.088120175473,12058.8232421875,12735.0849609375,11386.5546875,13185.087832972022,11932.7734375,26065256,19654992.0
2021-12-06,12375.0830078125,11680.671875,12847.586036602479,12016.806640625,12150.081565531558,11386.5546875,12735.085315462007,11596.638671875,34223191,25636765.0
2021-12-07,12667.5849609375,12478.9912109375,12690.08510530442,12478.9912109375,12442.583517268284,11848.7392578125,12465.083661635206,11848.7392578125,16262661,35460572.0
2021-12-08,12780.0849609375,12689.0751953125,12915.085819514017,13193.27734375,12622.583959264895,12647.05859375,12690.084388553154,12983.193359375,15412785,49543627.0
2021-12-09,12847.5859375,12983.193359375,12870.086081554535,13109.244140625,12645.084641009187,12563.025390625,12645.084641009187,12605.0419921875,9612801,31030202.0
2021-12-10,12757.5859375,13655.4619140625,12915.086952995545,13739.49609375,12712.585647358415,12815.1259765625,12892.586807924754,12941.1767578125,13252586,46196871.0
2021-12-13,12780.0849609375,13613.4453125,12825.085247129673,13907.5634765625,12735.084674745327,13403.361328125,12757.584817841413,13655.4619140625,18562796,37075878.0
2021-12-14,12712.5849609375,13949.580078125,12870.085967928719,14243.697265625,12690.084817081612,13403.361328125,12757.585248649277,13529.412109375,12845977,32056101.0
2021-12-15,12825.0849609375,13529.412109375,12892.585388719484,14117.6474609375,12690.08410537353,13529.412109375,12712.584247967525,13949.580078125,13417659,30176258.0
2021-12-16,12712.5849609375,14453.78125,12960.086543352272,14453.78125,12690.084817081612,13445.3779296875,12960.086543352272,13487.39453125,11847996,49527205.0
2021-12-17,12690.0849609375,14369.748046875,12780.085537381308,15126.05078125,12645.084672715597,14369.748046875,12735.085249159403,14705.8828125,14817641,35148435.0
2021-12-20,12555.083984375,15336.134765625,12712.58499174794,15336.134765625,12555.083984375,14117.6474609375,12690.084847837521,14453.78125,15610119,45714802.0
2021-12-21,12577.583984375,15714.2861328125,12690.084702639888,16386.5546875,12532.583697069045,15084.033203125,12645.084415333933,15210.083984375,13344130,43622782.0
2021-12-22,12442.583984375,15966.38671875,12622.585146067791,16386.5546875,12397.583693951801,15714.2861328125,12577.584855644593,15924.3701171875,18146551,33697944.0
2021-12-23,12285.08203125,15546.21875,12532.58360970748,16260.50390625,12195.081457265462,14957.9833984375,12510.083466211345,15966.38671875,21246495,53093040.0
2021-12-24,12667.5849609375,14495.7978515625,12667.5849609375,15420.16796875,12262.582362332912,14495.7978515625,12262.582362332912,15252.1005859375,14270678,81479419.0
2021-12-27,12667.5849609375,15504.2021484375,12780.085682772107,15504.2021484375,12555.084239102891,13865.5458984375,12735.085394038264,14327.7314453125,8101374,39108398.0
2021-12-28,12735.0849609375,15420.16796875,12780.085248140953,16134.4541015625,12622.58424292887,15126.05078125,12757.585104539226,15504.2021484375,13168373,29681694.0
2021-12-29,12735.0849609375,15126.05078125,12982.586540556487,15714.2861328125,12712.584817335774,15000.0,12802.58539174268,15210.083984375,19339353,25500510.0
2021-12-30,12802.5859375,14663.865234375,12937.586804865265,15378.1513671875,12735.085503817367,14579.83203125,12870.086371182633,15126.05078125,10366944,28285229.0
2021-12-31,13005.0869140625,14705.8828125,13207.588210057858,15042.0166015625,12825.085762066627,14537.8154296875,12915.086338064562,14663.865234375,27217837,18767847.0
2022-01-03,13005.0869140625,14705.8828125,13005.0869140625,14705.8828125,13005.0869140625,14705.8828125,13005.0869140625,14705.8828125,0,0.0
2022-01-04,13095.0869140625,15714.2861328125,13230.087772121284,15714.2861328125,13072.586771052702,14873.94921875,13140.087200082095,14873.94921875,19006273,24325623.0
2022-01-05,12915.0859375,15966.38671875,13117.58722721473,16764.705078125,12892.585794198363,15966.38671875,13095.087083913093,16134.4541015625,19094257,46157482.0
2022-01-06,12757.5859375,16176.470703125,12870.08666285396,16638.65625,12667.58535721683,15840.3359375,12825.086372712376,15840.3359375,22823281,32130595.0
2022-01-07,12870.0859375,16932.7734375,12982.586656513457,17100.83984375,12735.085074683853,16176.470703125,12757.585218486543,16176.470703125,19955864,39126605.0
2022-01-10,12645.083984375,15756.302734375,12937.58584189491,17478.9921875,12645.083984375,15756.302734375,12847.585270350322,17226.890625,18713415,37605904.0
2022-01-11,12555.083984375,15672.2685546875,12825.08571130004,16302.521484375,12555.083984375,15504.2021484375,12712.58499174794,15966.38671875,14328077,38397016.0
2022-01-12,13140.0869140625,15252.1005859375,13140.0869140625,16134.4541015625,12622.583636101628,14579.83203125,12690.084063661743,15672.2685546875,32028637,51140845.0
2022-01-13,13365.0888671875,14201.6806640625,13882.593086180024,15672.2685546875,13297.588436961101,14201.6806640625,13365.0888671875,15252.1005859375,72799041,46751292.0
2022-01-14,13342.5888671875,14873.94921875,13567.590303693856,14957.9833984375,13162.587717982415,13865.5458984375,13275.088436235594,13865.5458984375,19842952,25991028.0
2022-01-17,13275.087890625,13865.5458984375,13837.592379361908,14873.94921875,13275.087890625,13865.5458984375,13365.088461528489,14873.94921875,61651769,37286746.0
2022-01-18,13455.08984375,12941.1767578125,13657.592061083478,13781.5126953125,13275.088691089273,12899.1591796875,13365.089267419637,13277.310546875,30034140,32506159.0
2022-01-19,13320.087890625,13487.39453125,13860.09222506365,13529.412109375,13320.087890625,13025.2099609375,13590.089597549284,13109.244140625,25950249,17616998.0
2022-01-20,13590.0908203125,14285.7138671875,13725.09260651146,14369.748046875,13162.588079217989,13277.310546875,13365.089377631179,13529.412109375,32743396,15601733.0
2022-01-21,14310.095703125,13991.5966796875,14535.097135517679,14411.7646484375,13545.089912399768,13949.580078125,13590.090198878303,14285.7138671875,106702979,17949484.0
2022-01-24,14445.0966796875,13025.2099609375,14850.099261278254,13865.5458984375,14242.595388892125,13025.2099609375,14332.595962578958,13865.5458984375,67298620,22729833.0
2022-01-25,14670.09765625,13907.5634765625,14715.09794168957,13907.5634765625,14355.095658173017,12689.0751953125,14400.095943612587,12689.0751953125,41557016,17345083.0
2022-01-26,14985.099609375,13697.478515625,15255.101321202468,14159.6640625,14760.09818285211,13697.478515625,14827.598610808976,14117.6474609375,58062470,12738593.0
2022-01-27,14850.099609375,13781.5126953125,15007.600617018892,13781.5126953125,14647.59831383285,13445.3779296875,14850.099609375,13697.478515625,36998016,9374344.0
2022-01-28,15165.1005859375,14117.6474609375,15390.102010017426,14243.697265625,14940.099161857574,13613.4453125,14985.099446673557,13781.5126953125,50333139,16275630.0
2022-01-31,15165.1005859375,14117.6474609375,15165.1005859375,14117.6474609375,15165.1005859375,14117.6474609375,15165.1005859375,14117.6474609375,0,0.0
2022-02-01,15165.1005859375,14117.6474609375,15165.1005859375,14117.6474609375,15165.1005859375,14117.6474609375,15165.1005859375,14117.6474609375,0,0.0
2022-02-02,15165.1005859375,14117.6474609375,15165.1005859375,14117.6474609375,15165.1005859375,14117.6474609375,15165.1005859375,14117.6474609375,0,0.0
2022-02-03,15165.1005859375,14117.6474609375,15165.1005859375,14117.6474609375,15165.1005859375,14117.6474609375,15165.1005859375,14117.6474609375,0,0.0
2022-02-04,15165.1005859375,14117.6474609375,15165.1005859375,14117.6474609375,15165.1005859375,14117.6474609375,15165.1005859375,14117.6474609375,0,0.0
2022-02-07,15210.1015625,15000.0,15525.104491128137,15084.033203125,15097.60084534357,14201.6806640625,15435.10299681286,14285.7138671875,35195825,25779208.0
2022-02-08,15210.1015625,15042.0166015625,15367.602566519,15252.1005859375,14985.10012818714,14747.8994140625,15120.100988774855,14957.9833984375,39096208,21910994.0
2022-02-09,14985.099609375,14957.9833984375,15367.602034463915,15252.1005859375,14985.099609375,14873.94921875,15210.101035897891,15042.0166015625,44171377,14881664.0
2022-02-10,15187.6015625,15588.2353515625,15390.102855293992,15798.3193359375,14872.599551487127,15000.0,14940.099982418456,15000.0,49634719,36589525.0
2022-02-11,15277.6025390625,15378.1513671875,15367.60311600572,15714.2861328125,15165.101817883475,15210.083984375,15187.601962119279,15546.21875,29669009,17652222.0
2022-02-14,14400.0966796875,14873.94921875,15210.101859003942,15420.16796875,14400.0966796875,14873.94921875,15075.100995784534,15042.0166015625,57223277,22506946.0
2022-02-15,14400.0966796875,14873.94921875,14400.0966796875,14873.94921875,14400.0966796875,14873.94921875,14400.0966796875,14873.94921875,0,0.0
2022-02-16,14692.59765625,15294.1171875,14872.598796259794,15630.251953125,14512.596516240204,15210.083984375,14827.598511257345,15462.1845703125,19505055,17042823.0
2022-02-17,14940.099609375,15630.251953125,14940.099609375,15924.3701171875,14670.097892391426,15252.1005859375,14692.598035473391,15462.1845703125,19554912,40777730.0
2022-02-18,14692.59765625,15588.2353515625,14872.598796259794,15798.3193359375,14647.59737124755,15378.1513671875,14805.098368756122,15462.1845703125,26144650,22258355.0
2022-02-21,14692.59765625,15462.1845703125,14805.098368756122,15714.2861328125,14332.595376230409,15420.16796875,14670.097513748775,15588.2353515625,39430335,22040466.0
2022-02-22,15480.103515625,14957.9833984375,15480.103515625,15336.134765625,14445.096043238564,14705.8828125,14625.097182681406,15294.1171875,78469354,44168635.0
2022-02-23,15457.603515625,15252.1005859375,15705.106019969764,15630.251953125,15367.602939714232,15042.0166015625,15570.105156103613,15084.033203125,36272992,20216077.0
2022-02-24,15300.1015625,14915.966796875,15660.104764491263,15462.1845703125,14940.099281098835,14579.83203125,15300.1015625,15294.1171875,62454721,28540722.0
2022-02-25,15345.1015625,15000.0,15705.104757800922,15252.1005859375,15345.1015625,14915.966796875,15502.602557685992,15126.05078125,35203786,14365680.0
2022-02-28,15480.103515625,14579.83203125,15660.104655067842,15126.05078125,15300.101455592065,14537.8154296875,15322.60159802242,15000.0,26750268,33738761.0
2022-03-01,15300.1015625,14663.865234375,15705.10504966641,14873.94921875,15232.601134737282,14159.6640625,15570.104194140973,14495.7978515625,34186531,31584504.0
2022-03-02,14625.09765625,14663.865234375,15210.101378381976,15042.0166015625,14580.097369932157,14495.7978515625,15210.101378381976,14663.865234375,108140668,15917559.0
2022-03-03,14895.099609375,14453.78125,14985.100183431945,14831.9326171875,14220.095303947915,14369.748046875,14805.099035318055,14663.865234375,62818805,22333087.0
2022-03-04,14805.0986328125,14537.8154296875,14985.099776032706,14789.916015625,14670.097775397346,14411.7646484375,14850.09891861755,14453.78125,23464512,18769275.0
2022-03-07,14490.0966796875,14327.7314453125,14692.597966474197,14453.78125,14400.096107782301,14201.6806640625,14490.0966796875,14453.78125,39592057,23983736.0
2022-03-08,13950.09375,14453.78125,14400.096625711267,14705.8828125,13950.09375,14201.6806640625,14310.096050569013,14285.7138671875,53700804,21854588.0
2022-03-09,13837.5927734375,14075.6298828125,14085.0943504706,14621.8486328125,13612.590419180917,14075.6298828125,13950.093490270727,14537.8154296875,50511201,22213254.0
2022-03-10,13972.59375,13949.580078125,14287.595759756345,14411.7646484375,13950.093606445975,13949.580078125,14085.094467770123,14285.7138671875,24857790,16490425.0
2022-03-11,14152.5947265625,13571.4287109375,14265.095442966409,14033.61328125,13972.593580316243,13529.412109375,13972.593580316243,13781.5126953125,23596487,26592692.0
2022-03-14,14242.5947265625,13151.2607421875,14400.095723190121,13613.4453125,14040.09344518413,13109.244140625,14175.094299436378,13571.4287109375,33478475,20144201.0
2022-03-15,14220.095703125,13781.5126953125,14355.096568000072,13781.5126953125,14107.594982395774,13151.2607421875,14355.096568000072,13193.27734375,18223222,16087372.0
2022-03-16,14445.0966796875,13697.478515625,14580.097540217752,14033.61328125,14355.096106000667,13655.4619140625,14467.596823109208,13781.5126953125,23517302,10065020.0
2022-03-17,14512.5966796875,13697.478515625,14737.598107233809,13823.529296875,14490.09653693287,13655.4619140625,14602.597250706023,13697.478515625,21455351,8744834.0
2022-03-18,14445.0966796875,13529.412109375,14647.597970482877,13823.529296875,14400.096392844083,13487.39453125,14625.097827061169,13697.478515625,20833812,13747951.0
2022-03-21,14490.0966796875,13613.4453125,14535.0969656401,13739.49609375,14310.095535877104,13529.412109375,14535.0969656401,13613.4453125,24492659,9705521.0
2022-03-22,14602.59765625,13865.5458984375,14715.09837314753,13865.5458984375,14490.09693935247,13655.4619140625,14490.09693935247,13697.478515625,23057903,15716925.0
2022-03-23,14467.5966796875,14201.6806640625,14715.098254872733,14495.7978515625,14467.5966796875,13907.5634765625,14625.097682078103,13949.580078125,19062834,24610152.0
2022-03-24,14422.595703125,14117.6474609375,14557.596555856744,14369.748046875,14400.095561003043,14075.6298828125,14422.595703125,14201.6806640625,16999207,9895207.0
2022-03-25,14310.095703125,13949.580078125,14490.096849039144,14117.6474609375,14310.095703125,13949.580078125,14422.59641932134,14117.6474609375,16955215,10179855.0
2022-03-28,14175.0947265625,13487.39453125,14377.59601404267,13865.5458984375,13995.093582135682,13319.328125,14310.095584882612,13781.5126953125,27133624,18641945.0
2022-03-29,14400.0966796875,13655.4619140625,14400.0966796875,13739.49609375,14175.095240988489,13487.39453125,14242.595672598192,13487.39453125,15637142,7191170.0
2022-03-30,14692.59765625,13403.361328125,15030.099793768366,13697.478515625,14310.095233729186,13361.3447265625,14355.095518731634,13487.39453125,63132402,12568899.0
2022-03-31,14827.5986328125,13319.328125,14895.099060869536,13571.4287109375,14692.59777669843,13319.328125,14692.59777669843,13403.361328125,26861295,8289064.0
2022-04-01,14985.099609375,13445.3779296875,15075.100179984156,13571.4287109375,14760.09818285211,13193.27734375,14850.098753461267,13277.310546875,34065450,9634240.0
2022-04-04,14850.099609375,13613.4453125,15187.601768611914,13739.49609375,14850.099609375,13529.412109375,15187.601768611914,13571.4287109375,25542174,8796718.0
2022-04-05,14692.59765625,13739.49609375,14940.099223763467,13949.580078125,14692.59765625,13613.4453125,14827.598511257345,13697.478515625,20880317,11289530.0
2022-04-06,15007.6005859375,13781.5126953125,15075.101017645085,13949.580078125,14625.09813959451,13571.4287109375,14692.598571302096,13697.478515625,35166707,10415594.0
2022-04-07,15165.1005859375,13991.5966796875,15480.103500239487,14243.697265625,15075.100016305529,13781.5126953125,15097.600158713522,13823.529296875,50501355,27448897.0
2022-04-08,14940.099609375,13613.4453125,15300.101898686431,14075.6298828125,14895.09932321107,13613.4453125,15187.601183276609,13991.5966796875,23943602,10528882.0
2022-04-11,14940.099609375,13613.4453125,14940.099609375,13613.4453125,14940.099609375,13613.4453125,14940.099609375,13613.4453125,0,0.0
2022-04-12,14512.5966796875,13109.244140625,14962.59953478012,13697.478515625,14490.09653693287,13109.244140625,14940.099392025488,13613.4453125,32144481,12481672.0
2022-04-13,14670.09765625,13193.27734375,14760.098227129138,13277.310546875,14490.096514491725,12857.142578125,14512.596657211509,13193.27734375,28408125,14037240.0
2022-04-14,14535.09765625,13067.2265625,14805.099384794257,13319.328125,14535.09765625,13067.2265625,14715.098808612838,13193.27734375,16563061,7359436.0
2022-04-15,14130.0947265625,12352.94140625,14557.597453232283,13025.2099609375,14085.094439544628,12184.8740234375,14535.097309723347,13025.2099609375,31654289,23259145.0
2022-04-18,13635.091796875,12184.8740234375,14085.094674562268,12647.05859375,13567.590444631758,12100.8408203125,14085.094674562268,12352.94140625,37481715,12980639.0
2022-04-19,13185.087890625,11344.5380859375,13882.593265918553,12394.9580078125,13185.087890625,11344.5380859375,13725.092260017782,12184.8740234375,26711304,13872425.0
2022-04-20,13275.087890625,10966.38671875,13522.589460609594,11596.638671875,13117.586891543895,10924.3701171875,13230.087605173256,11344.5380859375,27311267,19838847.0
2022-04-21,13500.08984375,11176.470703125,13747.592343965613,11386.5546875,13095.087258908317,10546.21875,13275.088407726842,10924.3701171875,26405039,19342855.0
2022-04-22,13500.08984375,11218.4873046875,13860.093061977192,11554.6220703125,13410.089269340737,10882.3525390625,13635.091625954034,11344.5380859375,23993249,10722733.0
2022-04-25,12645.083984375,10462.1845703125,13725.09176350016,11344.5380859375,12555.083412830412,10462.1845703125,13590.08998559317,11302.521484375,33933684,16386062.0
2022-04-26,13207.587890625,10924.3701171875,13252.588177535612,10924.3701171875,12150.08114822563,9789.916015625,12600.084017331745,10084.033203125,30964249,15301139.0
2022-04-27,13365.0888671875,10882.3525390625,13387.5890105963,11050.419921875,12982.586429237906,10672.2685546875,13162.587576508304,10798.3193359375,15029010,8228850.0
2022-04-28,13252.587890625,10756.302734375,13455.08917733872,11050.419921875,13230.087747656808,10756.302734375,13410.088891402336,10882.3525390625,13126476,6938890.0
2022-04-29,13410.0888671875,11050.419921875,13455.089153042625,11218.4873046875,13185.087437911878,10672.2685546875,13207.587580839441,10756.302734375,17778488,12329352.0
2022-05-02,13410.0888671875,11050.419921875,13410.0888671875,11050.419921875,13410.0888671875,11050.419921875,13410.0888671875,11050.419921875,0,0.0
2022-05-03,13410.0888671875,11050.419921875,13410.0888671875,11050.419921875,13410.0888671875,11050.419921875,13410.0888671875,11050.419921875,0,0.0
2022-05-04,13005.0869140625,11806.72265625,13432.5896500527,11806.72265625,13005.0869140625,11302.521484375,13410.089506053217,11386.5546875,16496446,24269217.0
2022-05-05,13050.0869140625,11890.755859375,13185.087775080106,12184.8740234375,12712.584761518485,11680.671875,13185.087775080106,12142.857421875,14463613,15581503.0
2022-05-06,12600.083984375,11680.671875,12960.08627871827,12142.857421875,12600.083984375,11554.6220703125,12825.085418339544,11596.638671875,18543314,13736289.0
2022-05-09,11790.078125,10882.3525390625,12510.0826711154,11638.6552734375,11767.577982933894,10882.3525390625,12420.082102850976,11428.5712890625,32986188,18306365.0
2022-05-10,12172.58203125,11176.470703125,12172.58203125,11176.470703125,11295.076383178503,10294.1171875,11610.078410691347,10336.134765625,22711626,13150333.0
2022-05-11,12375.0830078125,11092.4365234375,12375.0830078125,11344.5380859375,12015.080700162993,10966.38671875,12172.581709759652,11260.50390625,12075286,8206954.0
2022-05-12,11542.576171875,10336.134765625,12285.080834943205,11134.4541015625,11542.576171875,10336.134765625,12150.079987112622,11050.419921875,21333012,12613881.0
2022-05-13,10845.0732421875,9621.8486328125,11790.079303417222,10546.21875,10845.0732421875,9621.8486328125,11700.07872615725,10378.1513671875,33794377,23677192.0
2022-05-16,11070.07421875,9747.8994140625,11407.57636924968,10294.1171875,11025.07393201671,9705.8828125,11340.075939149743,10084.033203125,15464946,10788064.0
2022-05-17,11835.0791015625,10420.16796875,11835.0791015625,10420.16796875,11047.574083174535,9747.8994140625,11092.574369939563,9789.916015625,16969041,12088377.0
2022-05-18,11992.580078125,10630.251953125,12375.082514762893,10840.3359375,11880.079361466796,10504.2021484375,12060.080508119923,10672.2685546875,18173365,13360011.0
2022-05-19,12037.580078125,10756.302734375,12172.58093489993,10924.3701171875,11700.077936187676,10252.1005859375,11790.078507370963,10252.1005859375,13087512,14616651.0
2022-05-20,12150.080078125,10756.302734375,12262.580785493192,11092.4365234375,11970.078946335892,10672.2685546875,12060.079512230446,10882.3525390625,10568048,12590200.0
2022-05-23,11835.0791015625,10714.2861328125,12195.081395682711,11050.419921875,11745.078528032447,10546.21875,12150.081108917686,10924.3701171875,13134646,12783932.0
2022-05-24,12082.5810546875,10798.3193359375,12082.5810546875,10798.3193359375,11767.579037531865,10336.134765625,11925.080046109682,10714.2861328125,14015527,11359621.0
2022-05-25,12622.5849609375,11260.50390625,12712.585540463895,11302.521484375,12150.081918423934,10798.3193359375,12150.081918423934,10840.3359375,22867901,16578128.0
2022-05-26,12442.583984375,11050.419921875,12735.085872125785,11344.5380859375,12442.583984375,11008.4033203125,12735.085872125785,11344.5380859375,15210214,11926894.0
2022-05-27,12600.083984375,11218.4873046875,12667.584414564364,11428.5712890625,12397.582693806911,11008.4033203125,12465.083123996274,11092.4365234375,17541980,13515663.0
2022-05-30,12645.083984375,11302.521484375,12712.58441303344,11428.5712890625,12555.083412830412,11218.4873046875,12712.58441303344,11302.521484375,16628630,11395440.0
2022-05-31,12487.583984375,11386.5546875,12600.08470781657,11428.5712890625,12375.08326093343,11176.470703125,12600.08470781657,11260.50390625,11073114,13588253.0
2022-06-01,12420.0830078125,11722.689453125,12600.084157456731,11932.7734375,12397.582864106971,11302.521484375,12420.0830078125,11386.5546875,8229997,22931419.0
2022-06-02,12420.0830078125,11722.689453125,12420.0830078125,11722.689453125,12420.0830078125,11722.689453125,12420.0830078125,11722.689453125,0,0.0
2022-06-03,12330.08203125,11344.5380859375,12330.08203125,11470.587890625,11992.579886663607,11134.4541015625,12262.581602332722,11344.5380859375,10829065,11642603.0
2022-06-06,12262.5830078125,11596.638671875,12397.583881120223,11932.7734375,12105.081988953487,11092.4365234375,12330.083444466361,11344.5380859375,14542169,29669437.0
2022-06-07,12127.5810546875,12394.9580078125,12285.082059522914,12394.9580078125,11880.07947566042,11512.60546875,12285.082059522914,11596.638671875,11574409,45274026.0
2022-06-08,12577.583984375,12941.1767578125,12645.084415333933,13235.2939453125,12127.581111315449,12689.0751953125,12240.081829580336,12857.142578125,24763313,31244283.0
2022-06-09,12510.083984375,13361.3447265625,12667.584995371582,13361.3447265625,12375.0831178065,12689.0751953125,12667.584995371582,12689.0751953125,9499889,26933270.0
2022-06-10,12375.0830078125,12605.0419921875,12600.084450093442,13403.361328125,12352.582863584406,12478.9912109375,12375.0830078125,13067.2265625,9828570,32110008.0
2022-06-13,11542.576171875,12815.1259765625,12060.079421892233,13277.310546875,11520.076030569902,12226.890625,12060.079421892233,12268.9072265625,33756461,48665883.0
2022-06-14,11475.076171875,12815.1259765625,11655.077308965427,13193.27734375,11250.074750511967,12436.974609375,11250.074750511967,12773.109375,18302407,24940615.0
2022-06-15,11205.0751953125,12184.8740234375,11475.07691851616,12983.193359375,10890.07318490823,11932.7734375,11362.576200514635,12815.1259765625,32659393,29563170.0
2022-06-16,11205.0751953125,12941.1767578125,11430.076631315551,13025.2099609375,11205.0751953125,12016.806640625,11250.07548251311,12436.974609375,14917984,40953493.0
2022-06-17,10485.0693359375,13529.412109375,10845.072542335924,13739.49609375,10440.06905021146,12563.025390625,10642.571256568746,12605.0419921875,43864902,45156573.0
2022-06-20,10125.06640625,12605.0419921875,10642.570579780133,13781.5126953125,9832.564567631694,12605.0419921875,10485.068669164839,13613.4453125,20265063,29544606.0
2022-06-21,10102.5673828125,11722.689453125,10305.068678111784,12731.0927734375,9922.56623143536,11722.689453125,10125.067526734641,12436.974609375,13093587,38329900.0
2022-06-22,10552.5693359375,10924.3701171875,10755.071534070228,11806.72265625,10192.567064750556,10924.3701171875,10192.567064750556,11596.638671875,21923548,44507785.0
2022-06-23,10822.572265625,11680.671875,10822.572265625,11680.671875,10462.569063678908,10588.2353515625,10462.569063678908,10588.2353515625,11813431,20864508.0
2022-06-24,10665.072265625,11386.5546875,10890.073712529309,11806.72265625,10665.072265625,11386.5546875,10890.073712529309,11806.72265625,8070999,13192697.0
2022-06-27,10845.0732421875,11638.6552734375,10890.073530817486,11848.7392578125,10620.071799037565,11344.5380859375,10710.07237629754,11470.587890625,11702823,15873648.0
2022-06-28,11115.07421875,11680.671875,11340.075646612138,12100.8408203125,10642.571220239513,11554.6220703125,10665.071363025727,11638.6552734375,25962609,21571011.0
2022-06-29,11115.07421875,11554.6220703125,11295.07536103971,11806.72265625,10957.573219246504,11470.587890625,11047.57379039136,11596.638671875,17963043,13494719.0
2022-06-30,10890.0732421875,11428.5712890625,11205.07525424861,12016.806640625,10890.0732421875,11428.5712890625,11137.574823092658,11680.671875,15045350,15683843.0
2022-07-01,10890.0732421875,11428.5712890625,10980.073817062103,11638.6552734375,10552.570165817597,10924.3701171875,10687.571948719644,11470.587890625,15829658,18625166.0
2022-07-04,11070.07421875,11344.5380859375,11092.574362116646,11638.6552734375,10845.072785083546,11260.50390625,10957.573501916773,11596.638671875,13240017,10655379.0
2022-07-05,11452.576171875,10924.3701171875,11610.077168783846,11428.5712890625,11025.073465979562,10756.302734375,11092.57389322621,11344.5380859375,34561717,25078536.0
2022-07-06,11205.0751953125,10756.302734375,11497.577062116467,11176.470703125,11182.575051712194,10756.302734375,11250.07548251311,10756.302734375,15662909,17927112.0
2022-07-07,11295.0751953125,10756.302734375,11407.5759075929,10924.3701171875,11025.07348583954,10630.251953125,11205.074625488181,10756.302734375,13768545,11828124.0
2022-07-08,11272.5751953125,10924.3701171875,11385.075909014617,11050.419921875,11227.574909831654,10840.3359375,11385.075909014617,10882.3525390625,11620705,8121036.0
2022-07-11,10980.0732421875,10504.2021484375,11272.575095215681,10924.3701171875,10935.072957106242,10378.1513671875,11205.074667593793,10882.3525390625,17321603,16296336.0
2022-07-12,10980.0732421875,10504.2021484375,10980.0732421875,10504.2021484375,10980.0732421875,10504.2021484375,10980.0732421875,10504.2021484375,0,0.0
2022-07-13,11385.076171875,10924.3701171875,11587.57746121419,11134.4541015625,11295.07559883536,10840.3359375,11385.076171875,10882.3525390625,20224213,9127538.0
2022-07-14,11475.076171875,11008.4033203125,11497.576314011303,11008.4033203125,11317.575176920876,10798.3193359375,11317.575176920876,10798.3193359375,15241427,11754939.0
2022-07-15,11452.576171875,10924.3701171875,11565.076883952748,11176.470703125,11430.076029459451,10924.3701171875,11475.07631429055,11134.4541015625,16958148,13093689.0
2022-07-18,11430.076171875,11008.4033203125,11565.07702805037,11260.50390625,11430.076171875,10924.3701171875,11475.07645726679,10966.38671875,12858127,9061969.0
2022-07-19,11340.076171875,11302.521484375,11430.076747188607,11428.5712890625,11250.075596561393,11092.4365234375,11407.576603360205,11218.4873046875,9941063,17420172.0
2022-07-20,11497.576171875,11344.5380859375,11542.5764555913,11554.6220703125,11430.075746300548,11260.50390625,11475.07603001685,11470.587890625,14416269,12653627.0
2022-07-21,11520.0771484375,11218.4873046875,11587.577578902796,11386.5546875,11475.076861460637,11134.4541015625,11475.076861460637,11344.5380859375,13995416,10665970.0
2022-07-22,11497.576171875,11050.419921875,11655.07716488205,11302.521484375,11497.576171875,10966.38671875,11520.076313733149,11260.50390625,14842150,10092628.0
2022-07-25,11362.5751953125,11050.419921875,11497.57604497134,11176.470703125,11340.075053702694,10966.38671875,11452.575761751727,11008.4033203125,7616419,9171568.0
2022-07-26,11317.5751953125,10924.3701171875,11452.576048349703,11134.4541015625,11295.075053139633,10924.3701171875,11362.575479658233,11050.419921875,7516914,7631470.0
2022-07-27,11205.0751953125,11008.4033203125,11295.07576971372,11008.4033203125,11137.574764511584,10798.3193359375,11250.07548251311,10924.3701171875,12026685,6699700.0
2022-07-28,11497.576171875,11386.5546875,11587.5767393076,11512.60546875,11295.074895151649,11050.419921875,11362.575320726099,11134.4541015625,19554283,23147642.0
2022-07-29,11542.576171875,11218.4873046875,11587.576454485194,11512.60546875,11475.075747959709,11218.4873046875,11565.076313180096,11386.5546875,15538894,12413604.0
2022-08-01,11925.0791015625,11344.5380859375,11925.0791015625,11386.5546875,11542.576682456016,11176.470703125,11565.076824756397,11218.4873046875,25139755,12626257.0
2022-08-02,12015.080078125,11554.6220703125,12082.58050731469,11680.671875,11835.078933619165,11302.521484375,11902.579362808854,11386.5546875,22857846,21242095.0
2022-08-03,12105.080078125,11512.60546875,12105.080078125,11680.671875,11790.078090131123,11386.5546875,11970.079226127624,11512.60546875,20720690,16209704.0
2022-08-04,12127.5810546875,11428.5712890625,12240.081772427082,11596.638671875,12060.08062404375,11386.5546875,12127.5810546875,11596.638671875,23442516,11726617.0
2022-08-05,12127.5810546875,11764.7060546875,12127.5810546875,11890.755859375,11947.579906304169,11302.521484375,12105.080911139583,11386.5546875,15694541,30058210.0
2022-08-08,12195.08203125,11764.7060546875,12240.082320360292,11974.7900390625,12060.081163919122,11722.689453125,12150.081742139706,11848.7392578125,18966262,12228559.0
2022-08-09,12307.5830078125,11806.72265625,12420.083732908037,12058.8232421875,12240.082572755178,11722.689453125,12330.083152831607,11806.72265625,22212216,18124057.0
2022-08-10,12240.08203125,11722.689453125,12352.582751368469,11890.755859375,12195.081743202612,11638.6552734375,12330.082607344775,11764.7060546875,13337217,12982781.0
2022-08-11,12060.080078125,11596.638671875,12375.082073536762,11890.755859375,12037.579935595588,11512.60546875,12352.581931007351,11848.7392578125,23526519,18596368.0
2022-08-12,12172.58203125,11764.7060546875,12195.082176072347,11848.7392578125,12015.081017493578,11512.60546875,12060.081307138269,11596.638671875,9323713,11937723.0
2022-08-15,12307.5830078125,11764.7060546875,12420.083732908037,12058.8232421875,12262.582717774285,11722.689453125,12285.082862793393,11848.7392578125,16981610,17963764.0
2022-08-16,12262.5830078125,11848.7392578125,12330.083444466361,11974.7900390625,12217.582716709925,11722.689453125,12285.083153363787,11890.755859375,14743274,12038754.0
2022-08-17,12487.583984375,11722.689453125,12532.584273751629,11974.7900390625,12285.082682180175,11680.671875,12285.082682180175,11932.7734375,32270172,12721338.0
2022-08-18,12442.583984375,11596.638671875,12532.584565221396,11722.689453125,12397.583693951801,11554.6220703125,12465.084129586598,11638.6552734375,18962910,13851362.0
2022-08-19,12420.0830078125,11428.5712890625,12465.083295223558,11722.689453125,12375.082720401442,11344.5380859375,12465.083295223558,11596.638671875,19115624,14113043.0
2022-08-22,12474.083984375,11470.587890625,12663.084824467127,11554.6220703125,12420.083086784285,11344.5380859375,12582.08393837613,11428.5712890625,18566043,9922458.0
2022-08-23,12528.0830078125,11680.671875,12555.082994257704,11680.671875,12312.081275070706,11428.5712890625,12312.081275070706,11470.587890625,9828116,11633440.0
2022-08-24,12582.0830078125,11806.72265625,12636.08390140934,11974.7900390625,12501.083048302362,11638.6552734375,12555.083021309121,11680.671875,12666275,18052419.0
2022-08-25,12771.0849609375,11848.7392578125,12771.0849609375,12016.806640625,12555.083224239033,11764.7060546875,12636.084105648482,11848.7392578125,20078517,12630065.0
2022-08-26,12744.0849609375,11974.7900390625,12906.085803000282,12226.890625,12744.0849609375,11848.7392578125,12825.084921673844,11932.7734375,17514782,29990856.0
2022-08-29,12636.083984375,11722.689453125,12690.08395773631,11932.7734375,12366.082276388277,11428.5712890625,12447.082236430242,11764.7060546875,20881190,17168130.0
2022-08-30,12771.0849609375,11638.6552734375,12906.085816226518,11932.7734375,12663.084092588266,11554.6220703125,12717.084066467834,11932.7734375,16137774,13143193.0
2022-08-31,12825.0849609375,11764.7060546875,12933.085829506696,12100.8408203125,12717.084092368304,11554.6220703125,12771.084986947952,11554.6220703125,12089670,18110848.0
2022-09-01,12825.0849609375,11764.7060546875,12825.0849609375,11764.7060546875,12825.0849609375,11764.7060546875,12825.0849609375,11764.7060546875,0,0.0
2022-09-02,12825.0849609375,11764.7060546875,12825.0849609375,11764.7060546875,12825.0849609375,11764.7060546875,12825.0849609375,11764.7060546875,0,0.0
2022-09-05,12744.0849609375,11764.7060546875,12906.085803000282,11974.7900390625,12717.08405343529,11764.7060546875,12798.08493476173,11764.7060546875,11136518,12924590.0
2022-09-06,12771.0849609375,12016.806640625,12906.085816226518,12352.94140625,12717.084066467834,11806.72265625,12744.084973997717,11890.755859375,12026651,36453151.0
2022-09-07,12420.0830078125,11764.7060546875,12852.085582840626,12184.8740234375,12420.0830078125,11764.7060546875,12798.085606183413,12016.806640625,30390193,21152488.0
2022-09-08,12312.08203125,11512.60546875,12555.083765361596,11932.7734375,12285.08204314652,11512.60546875,12474.083801051154,11890.755859375,13896644,21742371.0
2022-09-09,12258.08203125,11806.72265625,12393.0828920955,11932.7734375,12015.080297610071,11512.60546875,12393.0828920955,11554.6220703125,15099432,21158438.0
2022-09-12,12204.0810546875,11848.7392578125,12420.08279886272,12142.857421875,12204.0810546875,11848.7392578125,12420.08279886272,11932.7734375,5259968,12762393.0
2022-09-13,12177.0810546875,11890.755859375,12285.081926667566,12016.806640625,12150.081066840015,11722.689453125,12231.081950972597,11848.7392578125,9016016,13908125.0
2022-09-14,12096.0810546875,11890.755859375,12123.081042453607,12100.8408203125,11880.079311378397,11680.671875,11907.079299144503,11680.671875,11916322,25353188.0
2022-09-15,11961.080078125,12142.857421875,12177.080898728556,12394.9580078125,11907.079182531525,11932.7734375,12123.080923725196,11932.7734375,6263571,31963400.0
2022-09-16,11772.078125,11974.7900390625,12069.079823667149,12394.9580078125,11745.078137955732,11932.7734375,12015.079849578613,12142.857421875,12247307,27306454.0
2022-09-19,11340.076171875,11344.5380859375,11772.07874926228,12058.8232421875,11340.076171875,11260.50390625,11718.078772310177,12016.806640625,14510258,30315369.0
2022-09-20,11529.0771484375,11512.60546875,11529.0771484375,11596.638671875,11313.07631747894,11302.521484375,11529.0771484375,11428.5712890625,9018460,16948694.0
2022-09-21,11448.0771484375,11302.521484375,11448.0771484375,11512.60546875,11313.076284263456,11302.521484375,11448.0771484375,11428.5712890625,7025744,14371511.0
2022-09-22,11475.076171875,11470.587890625,11475.076171875,11470.587890625,11259.074439130456,11092.4365234375,11340.07531905718,11218.4873046875,9302311,15455244.0
2022-09-23,11340.076171875,11260.50390625,11529.077011797513,11512.60546875,11340.076171875,11260.50390625,11448.077046369357,11512.60546875,6491909,12394326.0
2022-09-26,10854.072265625,10756.302734375,11286.07482584531,11176.470703125,10746.071395422396,10630.251953125,11124.073980836458,11134.4541015625,17783096,22628326.0
2022-09-27,10908.0732421875,10882.3525390625,10989.074132425798,11134.4541015625,10800.073282656698,10714.2861328125,10989.074132425798,10798.3193359375,6943870,11268824.0
2022-09-28,10773.072265625,10798.3193359375,10935.0740444992,11008.4033203125,10773.072265625,10630.251953125,10800.073175830825,10882.3525390625,6113965,10482948.0
2022-09-29,10692.072265625,10546.21875,10935.07401263809,11008.4033203125,10692.072265625,10546.21875,10908.073102510934,10924.3701171875,7534441,9981720.0
2022-09-30,10800.072265625,10378.1513671875,10800.072265625,10546.21875,10422.069681092718,10042.0166015625,10638.070500403943,10504.2021484375,13145470,13618479.0
2022-10-03,10098.06640625,9663.865234375,10746.070662690694,10420.16796875,10044.066435125795,9663.865234375,10746.070662690694,10378.1513671875,15829134,12814039.0
2022-10-04,10152.068359375,9747.8994140625,10368.069187045006,10000.0,9990.066587884812,9663.865234375,10368.069187045006,9915.966796875,14656198,11741730.0
2022-10-05,10368.0693359375,10168.0673828125,10503.070200391263,10252.1005859375,10287.069369619338,9873.94921875,10314.069358392058,9957.9833984375,8779299,7685972.0
2022-10-06,9774.0654296875,9579.83203125,10341.068848958495,10210.083984375,9747.064521625456,9579.83203125,10341.068848958495,10210.083984375,13135345,10250898.0
2022-10-07,9153.060546875,8949.580078125,9612.063067184039,9663.865234375,9099.059654692135,8949.580078125,9477.062217611961,9411.7646484375,71867501,24438435.0
2022-10-10,9315.0625,9243.697265625,9396.063387698932,9327.7314453125,8937.059891721929,8655.4619140625,9153.061645192303,8655.4619140625,19846863,11771361.0
2022-10-11,8667.0576171875,8613.4453125,9342.06190375566,9243.697265625,8667.0576171875,8613.4453125,9342.06190375566,9243.697265625,33860819,14841085.0
2022-10-12,9261.0625,8907.5634765625,9261.0625,9159.6640625,8721.058117602637,8571.4287109375,8721.058117602637,8655.4619140625,21446273,12774174.0
2022-10-13,9396.0634765625,8907.5634765625,9477.063444437325,9033.61328125,9180.061721049282,8823.529296875,9261.062609514283,9033.61328125,11888740,8017744.0
2022-10-14,9612.0634765625,9075.6298828125,9882.065187206046,9243.697265625,9504.06352877716,9033.61328125,9666.064371045268,9159.6640625,21199257,13568142.0
2022-10-17,9450.0625,9369.748046875,9612.063339965922,9369.748046875,9234.060766318717,8949.580078125,9558.063366840643,8949.580078125,17026335,13197695.0
2022-10-18,9477.0634765625,9327.7314453125,9828.066100313757,9579.83203125,9423.063497796236,9243.697265625,9693.065232807918,9495.7978515625,16685749,7549955.0
2022-10-19,9450.0625,9243.697265625,9612.063339965922,9411.7646484375,9315.061646596718,9117.6474609375,9558.063366840643,9369.748046875,9758288,8173158.0
2022-10-20,9261.0625,9117.6474609375,9450.063343396454,9285.7138671875,9261.0625,9033.61328125,9423.063354424126,9159.6640625,11840733,6213942.0
2022-10-21,8694.0576171875,8655.4619140625,9315.061929970203,9159.6640625,8694.0576171875,8529.412109375,9315.061929970203,9159.6640625,23986965,14149576.0
2022-10-24,8424.056640625,8302.521484375,8883.060148750072,8865.5458984375,8343.056671372477,8193.27734375,8802.059258907357,8781.5126953125,30406777,13582541.0
2022-10-25,8856.0595703125,8378.1513671875,8991.06043068302,8655.4619140625,8370.056104742578,7957.9833984375,8505.056965113097,8193.27734375,27994219,12099087.0
2022-10-26,8856.0595703125,8403.361328125,9072.060394551252,8571.4287109375,8775.058685854136,8369.748046875,8856.0595703125,8445.3779296875,12682335,5738537.0
2022-10-27,9450.0625,8739.49609375,9450.0625,8823.529296875,8910.059086386873,8403.361328125,8910.059086386873,8403.361328125,22865353,7474509.0
2022-10-28,9531.0634765625,8697.478515625,9801.06518609667,8907.5634765625,9396.062621795414,8655.4619140625,9612.063437068695,8823.529296875,24353736,7347774.0
2022-10-31,9558.0634765625,8697.478515625,9666.064344642939,8697.478515625,9180.06089857601,8285.7138671875,9558.0634765625,8697.478515625,21290382,12249146.0
2022-11-01,9720.064453125,8697.478515625,9936.066192280035,8823.529296875,9639.064491384443,8613.4453125,9720.064453125,8697.478515625,36404129,5871222.0
2022-11-02,9666.064453125,8571.4287109375,9828.065296768744,8739.49609375,9612.063558183683,8571.4287109375,9720.064427476214,8739.49609375,17828484,7313859.0
2022-11-03,9531.0634765625,8487.39453125,9720.064305000382,8571.4287109375,9504.063489727101,8403.361328125,9531.0634765625,8445.3779296875,15544934,4363849.0
2022-11-04,9666.064453125,8235.2939453125,9666.064453125,8487.39453125,8910.05928866739,8151.2607421875,9369.061832423014,8487.39453125,43608458,9175257.0
2022-11-07,9153.060546875,8226.890625,9585.063081387634,8361.3447265625,9153.060546875,8184.8740234375,9504.063123998423,8235.2939453125,20223410,7572446.0
2022-11-08,9288.0615234375,8781.5126953125,9423.062374855368,8781.5126953125,8964.058927680577,8159.6640625,9045.059806767325,8184.8740234375,15221456,12918402.0
2022-11-09,9153.060546875,9117.6474609375,9477.062217611961,9201.6806640625,9126.060561078597,8907.5634765625,9342.061368039886,8949.580078125,14729343,12419197.0
2022-11-10,8532.056640625,8613.4453125,9126.060956856907,9075.6298828125,8532.056640625,8487.39453125,9099.060049299473,8949.580078125,34977019,14835730.0
2022-11-11,8640.0576171875,8907.5634765625,9018.060201230022,9075.6298828125,8613.057629882343,8655.4619140625,8775.058474303392,8907.5634765625,20901440,9255344.0
2022-11-14,8208.0556640625,8655.4619140625,8613.058265288188,8865.5458984375,8154.054764878302,8369.748046875,8613.058265288188,8823.529296875,20998850,8496957.0
2022-11-15,7641.05078125,8050.42041015625,8208.05512199244,8529.412109375,7641.05078125,8050.42041015625,8100.054251346732,8487.39453125,40990956,15924818.0
2022-11-16,8154.05419921875,8487.39453125,8154.05419921875,8529.412109375,7128.047312386648,7487.39501953125,7263.048170096656,7487.39501953125,45545313,13461756.0
2022-11-17,8478.056640625,8487.39453125,8586.05658816231,8781.5126953125,8154.054036242789,8403.361328125,8289.05489125452,8487.39453125,25877733,8288350.0
2022-11-18,8478.056640625,8487.39453125,8748.058350648462,8613.4453125,8100.054062474135,8025.2099609375,8370.055772497597,8487.39453125,22519006,9780848.0
2022-11-21,8478.056640625,8655.4619140625,8694.057456289713,8823.529296875,8424.055746266251,8487.39453125,8586.05658816231,8487.39453125,18728044,9087911.0
2022-11-22,8532.056640625,8697.478515625,8883.059232970676,9075.6298828125,8424.055772165553,8571.4287109375,8478.056666690325,8655.4619140625,23382254,13570522.0
2022-11-23,8478.056640625,8781.5126953125,8694.057456289713,9033.61328125,8478.056640625,8697.478515625,8532.056614393654,8739.49609375,12868602,9585688.0
2022-11-24,8478.056640625,8907.5634765625,8559.056601277982,8907.5634765625,8316.054878138848,8655.4619140625,8451.055733150579,8781.5126953125,11087289,5858608.0
2022-11-25,8748.05859375,9117.6474609375,8748.05859375,9117.6474609375,8505.056863858043,8865.5458984375,8532.056851492678,9033.61328125,17204397,9320675.0
2022-11-28,9288.0615234375,9495.7978515625,9288.0615234375,9495.7978515625,8856.058983018338,9075.6298828125,8883.058969183898,9201.6806640625,26979444,16112243.0
2022-11-29,9288.0615234375,9495.7978515625,9423.062374855368,9621.8486328125,9072.059792932885,9243.697265625,9288.0615234375,9495.7978515625,26411219,13406421.0
2022-11-30,9396.0634765625,9789.916015625,9477.063444437325,9873.94921875,9153.061731757674,9369.748046875,9342.062577389108,9579.83203125,23025433,14190631.0
2022-12-01,9612.0634765625,9411.7646484375,9936.066081688814,10000.0,9423.062647348057,9411.7646484375,9558.06350266983,9957.9833984375,48322896,14865718.0
2022-12-02,10152.068359375,9831.9326171875,10152.068359375,9831.9326171875,9477.06312620956,9243.697265625,9612.063988724618,9285.7138671875,28505709,13743310.0
2022-12-05,10260.0673828125,9663.865234375,10422.069139616797,10042.0166015625,10125.066532535628,9663.865234375,10260.0673828125,10042.0166015625,34795990,16356669.0
2022-12-06,9558.0634765625,9159.6640625,10287.068645662894,9705.8828125,9558.0634765625,9159.6640625,10260.067738200212,9663.865234375,38535105,14680673.0
2022-12-07,9342.0625,9201.6806640625,9666.065130585808,9369.748046875,9315.062510932059,9033.61328125,9531.06426465593,9159.6640625,21218983,10453436.0
2022-12-08,9774.0654296875,9411.7646484375,9990.066250053058,9537.8154296875,9477.062805725922,9243.697265625,9558.063688731829,9327.7314453125,24117718,9505244.0
2022-12-09,9828.064453125,9411.7646484375,9882.064422840842,9495.7978515625,9585.062748223665,9285.7138671875,9828.064453125,9495.7978515625,16459681,5825169.0
2022-12-12,9558.0634765625,9369.748046875,9936.06605454899,9705.8828125,9531.063489689914,9369.748046875,9828.065186468551,9411.7646484375,21768529,11364381.0
2022-12-13,9720.064453125,9579.83203125,9720.064453125,9579.83203125,9450.06273947626,9243.697265625,9585.06359630063,9411.7646484375,13909563,7967288.0
2022-12-14,9801.0654296875,9579.83203125,9936.066287809828,9705.8828125,9720.064546578056,9453.78125,9909.066300303386,9705.8828125,18218299,9580690.0
2022-12-15,10233.068359375,9579.83203125,10368.069222349757,9621.8486328125,9720.064895952897,9453.78125,9720.064895952897,9495.7978515625,42181523,7623259.0
2022-12-16,10152.068359375,9621.8486328125,10314.069210275042,9663.865234375,10098.06746201489,9369.748046875,10098.06746201489,9411.7646484375,20378952,9008062.0
2022-12-19,9909.0654296875,9327.7314453125,10395.067923873372,9663.865234375,9909.0654296875,9285.7138671875,10152.067137075454,9537.8154296875,25094961,11130903.0
2022-12-20,9504.0634765625,8991.5966796875,9963.06601389876,9369.748046875,9396.062608780412,8907.5634765625,9882.065132914671,9285.7138671875,31778722,10755458.0
2022-12-21,9558.0634765625,8781.5126953125,9666.064344642939,9159.6640625,9234.060872321183,8739.49609375,9639.064357770352,9075.6298828125,15091576,7195692.0
2022-12-22,9720.064453125,8991.5966796875,9882.065297196223,9117.6474609375,9558.063609053777,8781.5126953125,9666.064478631295,8907.5634765625,13453237,8038688.0
2022-12-23,9585.0634765625,9201.6806640625,9693.064344790853,9411.7646484375,9504.063515833806,8907.5634765625,9693.064344790853,8907.5634765625,7869615,11613686.0
2022-12-26,9072.0595703125,8655.4619140625,9585.062977229756,9327.7314453125,9072.0595703125,8655.4619140625,9558.062991726752,9285.7138671875,16461601,7776174.0
2022-12-27,9315.0625,8949.580078125,9342.062489036254,8949.580078125,9045.060768457117,8697.478515625,9099.060746529625,8823.529296875,9822006,6242859.0
2022-12-28,9423.0625,8949.580078125,9504.063380162495,9033.61328125,9207.060766626735,8865.5458984375,9342.061619837505,8907.5634765625,8044883,4257106.0
2022-12-29,9396.0634765625,8823.529296875,9504.064354319109,8991.5966796875,9342.062577389108,8823.529296875,9342.062577389108,8949.580078125,7301739,3686977.0
2022-12-30,9234.060546875,8949.580078125,9477.062261344088,9033.61328125,9234.060546875,8865.5458984375,9477.062261344088,8907.5634765625,7207820,4221525.0
2023-01-02,9234.060546875,8949.580078125,9234.060546875,8949.580078125,9234.060546875,8949.580078125,9234.060546875,8949.580078125,0,0.0
2023-01-03,9720.064453125,9285.7138671875,9720.064453125,9327.7314453125,9288.061895405035,8907.5634765625,9288.061895405035,8907.5634765625,13159086,7259952.0
2023-01-04,9693.064453125,9243.697265625,9855.065296983079,9369.748046875,9693.064453125,9159.6640625,9774.065335349092,9243.697265625,13529524,7286846.0
2023-01-05,9828.064453125,9873.94921875,9855.064437982921,9873.94921875,9612.062733081586,9201.6806640625,9720.063593103292,9243.697265625,13523763,28128387.0
2023-01-06,9855.0654296875,9873.94921875,10125.067146616737,10252.1005859375,9720.064571222882,9747.8994140625,9747.064558797782,10000.0,19057981,17966263.0
2023-01-09,9855.0654296875,9747.8994140625,9990.066288152118,10084.033203125,9828.0654421126,9579.83203125,9990.066288152118,9957.9833984375,10388486,10301354.0
2023-01-10,9828.064453125,9831.9326171875,9909.065328288787,9873.94921875,9774.06448340916,9537.8154296875,9828.064453125,9747.8994140625,11173527,7214613.0
2023-01-11,9855.0654296875,9789.916015625,9963.066300577218,9957.9833984375,9828.0654421126,9747.8994140625,9855.0654296875,9831.9326171875,11288394,7327187.0
2023-01-12,9855.0654296875,9873.94921875,9936.066313002319,10168.0673828125,9801.0654545377,9705.8828125,9882.0654172624,9789.916015625,12802440,8811474.0
2023-01-13,9855.0654296875,9957.9833984375,10017.067196317137,10168.0673828125,9855.0654296875,9873.94921875,9936.066313002319,10000.0,13964727,11052363.0
2023-01-16,9990.06640625,9957.9833984375,10017.067314734211,10084.033203125,9828.065558295384,9873.94921875,9882.065534083546,10084.033203125,10905038,5403076.0
2023-01-17,10476.0703125,10210.083984375,10476.0703125,10252.1005859375,10044.067726205934,9957.9833984375,10098.06770427138,10000.0,32989540,12986589.0
2023-01-18,10557.0712890625,10210.083984375,10557.0712890625,10336.134765625,10368.069523062004,10126.05078125,10530.070379212304,10294.1171875,17302156,7599340.0
2023-01-19,10584.0703125,10252.1005859375,10665.071193478707,10294.1171875,10476.069444725086,10084.033203125,10530.069418317498,10168.0673828125,19314773,8881922.0
2023-01-20,10584.0703125,10252.1005859375,10584.0703125,10252.1005859375,10584.0703125,10252.1005859375,10584.0703125,10252.1005859375,0,0.0
2023-01-23,10584.0703125,10252.1005859375,10584.0703125,10252.1005859375,10584.0703125,10252.1005859375,10584.0703125,10252.1005859375,0,0.0
2023-01-24,10584.0703125,10252.1005859375,10584.0703125,10252.1005859375,10584.0703125,10252.1005859375,10584.0703125,10252.1005859375,0,0.0
2023-01-25,10584.0703125,10252.1005859375,10584.0703125,10252.1005859375,10584.0703125,10252.1005859375,10584.0703125,10252.1005859375,0,0.0
2023-01-26,10584.0703125,10252.1005859375,10584.0703125,10252.1005859375,10584.0703125,10252.1005859375,10584.0703125,10252.1005859375,0,0.0
2023-01-27,10638.0712890625,10252.1005859375,10854.07304497723,10462.1845703125,10611.071299720703,10210.083984375,10746.072167019865,10378.1513671875,16066899,8623930.0
2023-01-30,10395.068359375,10378.1513671875,10692.070970064338,10588.2353515625,10395.068359375,10168.0673828125,10692.070970064338,10294.1171875,22108068,13347873.0
2023-01-31,10557.0712890625,10420.16796875,10557.0712890625,10504.2021484375,10125.067778541466,10294.1171875,10368.069523062004,10462.1845703125,26128066,8950228.0
2023-02-01,10206.0673828125,10042.0166015625,10773.070768294838,10840.3359375,10206.0673828125,10042.0166015625,10638.069918389992,10546.21875,27478539,18637899.0
2023-02-02,10233.068359375,10084.033203125,10314.069245395913,10168.0673828125,10017.06753096948,9957.9833984375,10314.069245395913,10168.0673828125,21312902,9155979.0
2023-02-03,10044.06640625,10210.083984375,10314.068102274887,10252.1005859375,10044.06640625,9957.9833984375,10233.067225231402,10210.083984375,17496452,7707749.0
2023-02-06,10098.06640625,10546.21875,10206.067269088457,10588.2353515625,9990.065543411542,10042.0166015625,10044.066435125795,10126.05078125,11585338,10872078.0
2023-02-07,9909.0654296875,10252.1005859375,10179.067122209663,10714.2861328125,9909.0654296875,10126.05078125,10179.067122209663,10588.2353515625,13398596,11056885.0
2023-02-08,9936.06640625,10294.1171875,10098.067253809859,10378.1513671875,9855.065522175008,10084.033203125,9990.066381906578,10252.1005859375,9758463,5450557.0
2023-02-09,9963.0654296875,10084.033203125,10098.066276351448,10336.134765625,9909.065459257936,10084.033203125,9936.065444472717,10294.1171875,11055168,4604943.0
2023-02-10,9882.0654296875,10084.033203125,10044.067196520828,10336.134765625,9882.0654296875,10042.0166015625,10017.06720891198,10168.0673828125,10459710,9011156.0
2023-02-13,9720.064453125,9831.9326171875,9828.065322702518,10210.083984375,9585.06359630063,9705.8828125,9828.065322702518,10042.0166015625,17229535,7381094.0
2023-02-14,9639.064453125,9957.9833984375,9801.065296553208,10042.0166015625,9612.063545395213,9873.94921875,9720.064414544053,9915.966796875,11515160,4230688.0
2023-02-15,9720.064453125,10084.033203125,9855.06530994937,10126.05078125,9585.06359630063,9873.94921875,9585.06359630063,9957.9833984375,11378996,5957021.0
2023-02-16,9855.0654296875,10378.1513671875,9909.066325427419,10378.1513671875,9747.064558797782,10126.05078125,9774.0654669628,10168.0673828125,8278458,9492035.0
2023-02-17,9774.0654296875,10420.16796875,9936.066275109197,10504.2021484375,9774.0654296875,10252.1005859375,9855.065392103292,10336.134765625,8367489,9541063.0
2023-02-20,10206.0673828125,10630.251953125,10206.0673828125,10672.2685546875,9774.064847235008,10378.1513671875,9774.064847235008,10420.16796875,15016511,13368579.0
2023-02-21,10044.06640625,10462.1845703125,10314.068102274887,10672.2685546875,10044.06640625,10462.1845703125,10260.067210715883,10672.2685546875,12135757,11855494.0
2023-02-22,9855.0654296875,10084.033203125,9990.066288152118,10504.2021484375,9855.0654296875,10084.033203125,9936.066313002319,10378.1513671875,17239834,13211975.0
2023-02-23,9801.0654296875,10252.1005859375,9828.065417193942,10252.1005859375,9558.063700949284,10000.0,9720.064546578056,10084.033203125,28507281,8987475.0
2023-02-24,9558.0634765625,10084.033203125,9855.065173341136,10378.1513671875,9558.0634765625,10084.033203125,9801.065199595965,10294.1171875,17583214,5203513.0
2023-02-27,9315.0625,10084.033203125,9450.063365771442,10168.0673828125,9315.0625,9957.9833984375,9423.063376735186,9957.9833984375,14045902,7523418.0
2023-02-28,9315.0625,10168.0673828125,9531.064253470375,10294.1171875,9261.06252192749,10084.033203125,9369.06247807251,10168.0673828125,10758923,6073522.0
2023-03-01,9531.0634765625,10378.1513671875,9531.0634765625,10378.1513671875,9180.060885932042,10042.0166015625,9261.06176702833,10126.05078125,11033173,6431593.0
2023-03-02,9396.0634765625,10672.2685546875,9558.064332902326,10840.3359375,9369.062566680715,10378.1513671875,9531.064343610717,10378.1513671875,6696679,27065955.0
2023-03-03,9261.0625,10378.1513671875,9450.063343396454,10798.3193359375,9261.0625,10378.1513671875,9450.063343396454,10714.2861328125,8276887,8629523.0
2023-03-06,9342.0625,10462.1845703125,9558.064253723873,10630.251953125,9342.0625,10378.1513671875,9396.063398726053,10462.1845703125,11926273,7255787.0
2023-03-07,9396.0634765625,10546.21875,9504.064354319109,10714.2861328125,9369.062566680715,10504.2021484375,9396.0634765625,10504.2021484375,10777078,9428489.0
2023-03-08,9504.0634765625,10714.2861328125,9504.0634765625,10756.302734375,9288.061740998322,10462.1845703125,9342.061714594322,10504.2021484375,12934240,9214765.0
2023-03-09,9612.0634765625,10924.3701171875,9693.064357991603,11092.4365234375,9504.06352877716,10630.251953125,9531.063515723496,10714.2861328125,14067898,24874451.0
2023-03-10,9585.0634765625,10882.3525390625,9612.063463472065,11008.4033203125,9504.063515833806,10798.3193359375,9612.063463472065,10840.3359375,9241910,10617061.0
2023-03-13,9450.0625,11050.419921875,9504.063393715363,11050.419921875,9369.061619721997,10756.302734375,9369.061619721997,10756.302734375,14890122,16533384.0
2023-03-14,9288.0615234375,10798.3193359375,9477.062347186487,11008.4033203125,9288.0615234375,10672.2685546875,9450.062361020928,10924.3701171875,14787999,14572621.0
2023-03-15,9612.0634765625,11344.5380859375,9639.064384098932,11386.5546875,9450.062634294392,10840.3359375,9504.06352877716,11008.4033203125,10965614,19493985.0
2023-03-16,9423.0625,11134.4541015625,9558.06335321077,11260.50390625,9396.062513475863,11050.419921875,9558.06335321077,11260.50390625,10042837,11144588.0
2023-03-17,9423.0625,11260.50390625,9558.06335321077,11302.521484375,9423.0625,11092.4365234375,9558.06335321077,11260.50390625,7449774,12712651.0
2023-03-20,9342.0625,10798.3193359375,9504.064275587989,11176.470703125,9342.0625,10756.302734375,9504.064275587989,11176.470703125,10452727,11643912.0
2023-03-21,9369.0615234375,11092.4365234375,9450.062402883068,11176.470703125,9288.061564582005,10798.3193359375,9423.062416597904,10924.3701171875,14039617,6643651.0
2023-03-22,9396.0634765625,11050.419921875,9477.063444437325,11218.4873046875,9369.062566680715,11008.4033203125,9450.063455145717,11176.470703125,9230039,4761428.0
2023-03-23,9396.0634765625,11092.4365234375,9423.06346585411,11092.4365234375,9342.062577389108,10882.3525390625,9342.062577389108,10924.3701171875,6601364,5424496.0
2023-03-24,9585.0634765625,11134.4541015625,9693.064344790853,11176.470703125,9504.063515833806,10966.38671875,9558.063489652935,11092.4365234375,28467129,6352815.0
2023-03-27,9693.064453125,11176.470703125,9720.06444033633,11302.521484375,9558.06359647825,11008.4033203125,9612.063570900908,11134.4541015625,14032809,7605647.0
2023-03-28,9720.064453125,11176.470703125,9882.065297196223,11344.5380859375,9720.064453125,11134.4541015625,9747.064440371852,11260.50390625,21621541,6293910.0
2023-03-29,9882.0654296875,11218.4873046875,9936.066325495316,11260.50390625,9774.065479252107,11134.4541015625,9801.065466860955,11176.470703125,18225108,4257344.0
2023-03-30,9855.0654296875,11092.4365234375,9990.066288152118,11302.521484375,9855.0654296875,10966.38671875,9936.066313002319,11302.521484375,15673767,6857137.0
2023-03-31,9855.0654296875,11092.4365234375,9936.066313002319,11218.4873046875,9801.0654545377,10966.38671875,9882.0654172624,11008.4033203125,18399503,7380380.0
2023-04-03,10098.06640625,11092.4365234375,10098.06640625,11260.50390625,9936.065572287338,11008.4033203125,9990.065543411542,11176.470703125,35652081,10707977.0
2023-04-04,10125.06640625,11344.5380859375,10152.067312440653,11428.5712890625,10044.066449448192,11092.4365234375,10125.06640625,11176.470703125,19749104,13907768.0
2023-04-05,10152.068359375,11302.521484375,10179.068347759983,11386.5546875,10044.067485244923,11176.470703125,10125.067450399873,11344.5380859375,17265496,7095137.0
2023-04-06,9990.06640625,11050.419921875,10206.068150582909,11302.521484375,9990.06640625,11050.419921875,10179.068162688827,11302.521484375,21012641,12127766.0
2023-04-07,10044.06640625,10966.38671875,10044.06640625,11176.470703125,9909.065558237555,10966.38671875,9990.065514690994,11092.4365234375,14914737,5638339.0
2023-04-10,10044.06640625,11218.4873046875,10260.067210715883,11302.521484375,10044.06640625,10966.38671875,10098.066377218958,11050.419921875,22879318,14554414.0
2023-04-11,10125.06640625,11260.50390625,10152.067312440653,11260.50390625,9963.065572056334,11092.4365234375,10044.066449448192,11260.50390625,11586036,5840877.0
2023-04-12,10098.06640625,11470.587890625,10152.067297964253,11680.671875,10017.066449563694,11260.50390625,10152.067297964253,11260.50390625,13904675,20174665.0
2023-04-13,10017.0673828125,11302.521484375,10125.067335122818,11806.72265625,9990.066474144785,11302.521484375,10098.067347045238,11512.60546875,10398087,14399833.0
2023-04-14,9882.0654296875,11008.4033203125,10098.067171738525,11470.587890625,9882.0654296875,11008.4033203125,10044.067196520828,11428.5712890625,13700253,7945630.0
2023-04-17,9855.0654296875,11218.4873046875,9909.066325427419,11218.4873046875,9801.0654545377,11050.419921875,9828.0654421126,11092.4365234375,9664195,7207830.0
2023-04-18,9801.0654296875,11344.5380859375,9936.066287809828,11344.5380859375,9747.064534084499,11176.470703125,9909.066300303386,11302.521484375,10412751,5526717.0
2023-04-19,9774.0654296875,11092.4365234375,9882.065379575222,11386.5546875,9774.0654296875,11008.4033203125,9855.065392103292,11344.5380859375,7257224,6747300.0
2023-04-20,9801.0654296875,11050.419921875,9828.065417193942,11218.4873046875,9747.064534084499,11008.4033203125,9774.065442181058,11092.4365234375,5452170,3683169.0
2023-04-21,9747.064453125,10756.302734375,9855.065322843828,11050.419921875,9747.064453125,10630.251953125,9801.065348279468,11050.419921875,6735608,14032004.0
2023-04-24,9855.0654296875,10924.3701171875,9882.0654172624,10924.3701171875,9720.064571222882,10714.2861328125,9747.064558797782,10756.302734375,9260240,3771467.0
2023-04-25,9855.0654296875,10756.302734375,9936.066313002319,11134.4541015625,9801.0654545377,10756.302734375,9936.066313002319,11008.4033203125,7968945,6492164.0
2023-04-26,9909.0654296875,10756.302734375,9909.0654296875,10798.3193359375,9774.064583426418,10588.2353515625,9855.064538829047,10714.2861328125,8724310,5126639.0
2023-04-27,9936.06640625,10798.3193359375,9963.066394078289,10924.3701171875,9882.065510003296,10756.302734375,9936.06640625,10756.302734375,6326940,3529540.0
2023-04-28,9963.0654296875,11008.4033203125,10017.066320707101,11092.4365234375,9909.065459257936,10966.38671875,9990.065414902281,11050.419921875,7688586,7294819.0
2023-05-01,9963.0654296875,11008.4033203125,9963.0654296875,11008.4033203125,9963.0654296875,11008.4033203125,9963.0654296875,11008.4033203125,0,0.0
2023-05-02,9963.0654296875,11008.4033203125,9963.0654296875,11008.4033203125,9963.0654296875,11008.4033203125,9963.0654296875,11008.4033203125,0,0.0
2023-05-03,9963.0654296875,11008.4033203125,9963.0654296875,11008.4033203125,9963.0654296875,11008.4033203125,9963.0654296875,11008.4033203125,0,0.0
2023-05-04,9828.064453125,10924.3701171875,9963.065298004629,11218.4873046875,9801.064468267079,10924.3701171875,9909.065328288787,10966.38671875,10182318,9703141.0
2023-05-05,9774.0654296875,10966.38671875,9855.065392103292,11050.419921875,9774.0654296875,10882.3525390625,9828.065404631361,10924.3701171875,6992750,5539331.0
2023-05-08,9855.0654296875,11176.470703125,9882.0654172624,11176.470703125,9801.0654545377,11008.4033203125,9828.0654421126,11050.419921875,7366679,9677556.0
2023-05-09,9882.0654296875,11218.4873046875,9909.066337886468,11260.50390625,9828.065454469805,11134.4541015625,9882.0654296875,11176.470703125,7890913,6540002.0
2023-05-10,9990.06640625,11260.50390625,9990.06640625,11260.50390625,9855.065546189466,11134.4541015625,9882.065534083546,11218.4873046875,11955426,5785304.0
2023-05-11,9990.06640625,11176.470703125,10071.067290522373,11386.5546875,9963.066418355918,11176.470703125,10044.067302628291,11302.521484375,12917656,7607908.0
2023-05-12,10071.0673828125,11260.50390625,10071.0673828125,11260.50390625,9936.066521514831,11092.4365234375,10017.067406529488,11134.4541015625,12710267,5788755.0
2023-05-15,10179.0673828125,11176.470703125,10314.068232529851,11302.521484375,10098.066504746066,11134.4541015625,10125.066490571524,11302.521484375,31023532,6538574.0
2023-05-16,10152.068359375,11344.5380859375,10233.068324529948,11428.5712890625,10098.06746201489,11260.50390625,10179.068347759983,11302.521484375,11784347,13252554.0
2023-05-17,9963.0654296875,11176.470703125,10152.06716737105,11428.5712890625,9963.0654296875,11176.470703125,10125.06626156623,11344.5380859375,15865096,6110293.0
2023-05-18,10044.06640625,11260.50390625,10071.06639173448,11386.5546875,9963.065529206515,11176.470703125,10017.06642076552,11218.4873046875,11625489,6814297.0
2023-05-19,10071.0673828125,11344.5380859375,10098.067370954006,11596.638671875,10017.067406529488,11260.50390625,10044.067394670994,11260.50390625,6622662,13182939.0
2023-05-22,10179.0673828125,11428.5712890625,10206.06736863796,11554.6220703125,10071.066518920608,11344.5380859375,10098.066504746066,11428.5712890625,14414419,10318252.0
2023-05-23,10125.06640625,11470.587890625,10260.067254843065,11680.671875,10098.066420649398,11470.587890625,10206.06728364186,11512.60546875,12975962,15153817.0
2023-05-24,10125.06640625,11470.587890625,10125.06640625,11470.587890625,10125.06640625,11470.587890625,10125.06640625,11470.587890625,0,0.0
2023-05-25,9963.0654296875,11302.521484375,10044.066305921884,11470.587890625,9963.0654296875,11302.521484375,10044.066305921884,11344.5380859375,8264318,6846903.0
2023-05-26,9963.0654296875,11428.5712890625,9990.065414902281,11512.60546875,9936.065444472717,11344.5380859375,9990.065414902281,11386.5546875,6816260,7004340.0
2023-05-29,10125.06640625,11428.5712890625,10125.06640625,11596.638671875,9990.065557656935,11386.5546875,10044.066449448192,11428.5712890625,10417813,7464037.0
2023-05-30,10125.06640625,11470.587890625,10179.067298041256,11554.6220703125,10071.066435048795,11386.5546875,10152.067312440653,11470.587890625,11497529,6794305.0
2023-05-31,10044.06640625,11470.587890625,10179.067254262443,11638.6552734375,10044.06640625,11386.5546875,10152.067268777964,11470.587890625,12016700,14275597.0
2023-06-01,10152.068359375,11470.587890625,10152.068359375,11554.6220703125,10017.067496859941,11386.5546875,10044.067485244923,11512.60546875,14727074,6123264.0
2023-06-02,10638.0712890625,11470.587890625,10719.072177678068,11554.6220703125,10287.069586438787,11428.5712890625,10314.069575780584,11512.60546875,57590992,7926709.0
2023-06-05,10692.072265625,11722.689453125,10854.073123436998,11848.7392578125,10665.07227608803,11470.587890625,10746.072244698937,11512.60546875,33970449,19983313.0
2023-06-06,11043.07421875,11596.638671875,11043.07421875,11764.7060546875,10692.072505707552,11554.6220703125,10746.07248599402,11764.7060546875,39792882,7185577.0
2023-06-07,10989.0732421875,11554.6220703125,11097.074113559214,11722.689453125,10935.073266796702,11554.6220703125,11043.073217578296,11680.671875,23459938,11027849.0
2023-06-08,10800.072265625,11596.638671875,11043.073072276364,11932.7734375,10800.072265625,11554.6220703125,10989.073097596085,11638.6552734375,23888158,18027667.0
2023-06-09,10935.0732421875,11554.6220703125,10935.0732421875,11680.671875,10800.072383424204,11512.60546875,10854.072358693473,11638.6552734375,18078992,6096370.0
2023-06-12,10989.0732421875,11680.671875,11016.073229882897,11806.72265625,10800.072407729589,11554.6220703125,10962.073254492101,11554.6220703125,15709205,9400048.0
2023-06-13,10962.07421875,11638.6552734375,11016.074198890801,11806.72265625,10881.073327948594,11554.6220703125,11016.074198890801,11806.72265625,18499532,6847974.0
2023-06-14,10934.3916015625,11554.6220703125,11183.528796963295,11722.689453125,10934.3916015625,11554.6220703125,11128.165185504753,11638.6552734375,19089753,8306676.0
2023-06-15,10906.7080078125,11386.5546875,10989.754362409847,11554.6220703125,10879.026204225811,11386.5546875,10934.390755236469,11554.6220703125,16583626,6976970.0
2023-06-16,10906.7080078125,11344.5380859375,11183.527931353952,11554.6220703125,10906.7080078125,11344.5380859375,10989.754362409847,11428.5712890625,24336454,8744953.0
2023-06-19,10823.6640625,11386.5546875,10962.074043010458,11470.587890625,10823.6640625,11344.5380859375,10906.70948450383,11386.5546875,12282396,4123469.0
2023-06-20,10879.02734375,11428.5712890625,10879.02734375,11470.587890625,10768.299173967736,11302.521484375,10851.345537263778,11386.5546875,9578481,4736676.0
2023-06-21,10989.7548828125,11470.587890625,10989.7548828125,11554.6220703125,10879.026719385103,11386.5546875,10906.708524282622,11428.5712890625,10556073,6593195.0
2023-06-22,10989.7548828125,11470.587890625,10989.7548828125,11470.587890625,10989.7548828125,11470.587890625,10989.7548828125,11470.587890625,0,0.0
2023-06-23,11183.529296875,11512.60546875,11238.89385464573,11680.671875,11100.483875974996,11470.587890625,11155.847489908332,11638.6552734375,21487821,6238932.0
2023-06-26,11183.529296875,11470.587890625,11377.303833316464,11554.6220703125,11045.119318204264,11386.5546875,11183.529296875,11554.6220703125,18466538,5730802.0
2023-06-27,11128.1650390625,11428.5712890625,11238.8932043598,11554.6220703125,11072.80142833252,11386.5546875,11211.21139899481,11470.587890625,18749516,5565154.0
2023-06-28,11460.3486328125,11596.638671875,11515.71318758125,11680.671875,11128.16507954938,11470.587890625,11183.528690480785,11512.60546875,36400288,10465574.0
2023-06-29,11238.8935546875,11386.5546875,11460.348948347748,11596.638671875,11238.8935546875,11386.5546875,11460.348948347748,11512.60546875,24445735,6209539.0
2023-06-30,11183.529296875,11260.50390625,11294.257468579066,11428.5712890625,11155.847489908332,11218.4873046875,11238.89385464573,11386.5546875,11669829,8240155.0
2023-07-03,11183.529296875,11176.470703125,11266.575661612398,11386.5546875,11128.165682941664,11176.470703125,11238.89385464573,11260.50390625,17096687,7217469.0
2023-07-04,11266.5751953125,11260.50390625,11266.5751953125,11302.521484375,11128.165222370264,11134.4541015625,11183.528834012215,11302.521484375,12006575,6592600.0
2023-07-05,11294.2568359375,11344.5380859375,11432.666806855277,11386.5546875,11238.893225105327,11260.50390625,11349.621390607017,11302.521484375,22690957,5772928.0
2023-07-06,11183.529296875,11134.4541015625,11377.303833316464,11386.5546875,11155.847489908332,11050.419921875,11321.939275545734,11344.5380859375,26513167,8012270.0
2023-07-07,11321.9384765625,11008.4033203125,11321.9384765625,11134.4541015625,11128.164897632929,10840.3359375,11183.528507659285,11134.4541015625,20803332,12075049.0
2023-07-10,11488.0322265625,11092.4365234375,11543.3958415635,11134.4541015625,11377.304052723086,11008.4033203125,11404.985860223587,11008.4033203125,29306462,6490022.0
2023-07-11,11737.1689453125,11134.4541015625,11737.1689453125,11218.4873046875,11488.03082062343,11050.419921875,11488.03082062343,11134.4541015625,30292782,8940232.0
2023-07-12,11626.44140625,11134.4541015625,11792.533183638254,11260.50390625,11571.076851229016,11050.419921875,11737.169572454619,11218.4873046875,22890142,5749247.0
2023-07-13,11681.8046875,11218.4873046875,11764.851045767291,11302.521484375,11571.076524422719,11134.4541015625,11654.12288269001,11176.470703125,31321349,9869860.0
2023-07-14,11874.1953125,11176.470703125,11937.863750537254,11260.50390625,11715.023745488177,11092.4365234375,11874.1953125,11218.4873046875,28122012,8984024.0
2023-07-17,11842.361328125,11218.4873046875,12001.532891947641,11260.50390625,11778.691947526057,11134.4541015625,11937.863511348698,11260.50390625,16707563,7339682.0
2023-07-18,11842.361328125,11344.5380859375,11874.195074587113,11386.5546875,11746.858201063944,11176.470703125,11842.361328125,11218.4873046875,11419610,11525983.0
2023-07-19,11715.0234375,11176.470703125,11906.029690427582,11386.5546875,11715.0234375,11176.470703125,11842.361254064173,11386.5546875,17737374,7241745.0
2023-07-20,11746.8583984375,11176.470703125,11778.692145434492,11176.470703125,11651.355269771777,11008.4033203125,11715.023707603134,11176.470703125,9792010,10729516.0
2023-07-21,11874.1953125,11134.4541015625,11874.1953125,11176.470703125,11715.023745488177,11008.4033203125,11810.526874462746,11176.470703125,12729492,12022570.0
2023-07-24,11937.8642578125,11176.470703125,11937.8642578125,11260.50390625,11810.52737632707,11092.4365234375,11874.195817069785,11218.4873046875,13588073,10539592.0
2023-07-25,11969.6982421875,11134.4541015625,12160.703553119158,11260.50390625,11906.02980521028,11092.4365234375,11937.863551780209,11260.50390625,14485515,10919083.0
2023-07-26,11937.8642578125,11386.5546875,12001.533642392633,11596.638671875,11874.195817069785,11092.4365234375,11969.698950102567,11176.470703125,9004776,32291007.0
2023-07-27,11842.361328125,11176.470703125,11969.698201648169,11470.587890625,11778.691947526057,11176.470703125,11937.863511348698,11428.5712890625,14363619,14637833.0
2023-07-28,11906.0302734375,11386.5546875,11906.0302734375,11428.5712890625,11810.52714229715,11176.470703125,11810.52714229715,11176.470703125,10661369,20007351.0
2023-07-31,12001.533203125,11512.60546875,12033.366950412503,11680.671875,11906.030073587724,11386.5546875,12001.533203125,11470.587890625,15143264,17261545.0
2023-08-01,12001.533203125,11302.521484375,12319.875395186944,11638.6552734375,12001.533203125,11260.50390625,12033.366950412503,11638.6552734375,21741858,17289034.0
2023-08-02,12033.3671875,11512.60546875,12065.20187925211,11512.60546875,11937.864056081075,11260.50390625,12001.533439585293,11344.5380859375,9346781,11549664.0
2023-08-03,12001.533203125,11344.5380859375,12160.70382723728,11512.60546875,11969.698512000114,11302.521484375,12065.20164153739,11512.60546875,16820199,9877952.0
2023-08-04,12097.03515625,11428.5712890625,12192.538283951153,11512.60546875,11969.698281873374,11260.50390625,12001.532972386212,11344.5380859375,22600591,13602771.0
2023-08-07,12319.875,11512.60546875,12351.709690103718,11596.638671875,12128.869690889747,11386.5546875,12192.538127259832,11470.587890625,23094396,13771275.0
2023-08-08,12224.3720703125,11848.7392578125,12415.37736775011,11890.755859375,12192.537382154249,11554.6220703125,12415.37736775011,11554.6220703125,14019337,33288822.0
2023-08-09,12192.5380859375,11680.671875,12256.206522091801,11932.7734375,12097.03495978737,11638.6552734375,12224.372775933325,11932.7734375,16248975,12228678.0
2023-08-10,12033.3671875,11596.638671875,12224.373450337853,11764.7060546875,12033.3671875,11554.6220703125,12224.373450337853,11722.689453125,13975467,17202045.0
2023-08-11,12033.3671875,11470.587890625,12128.870318918925,11680.671875,11874.195616414258,11386.5546875,12097.035627166817,11596.638671875,13166980,12619831.0
2023-08-14,12065.2021484375,11554.6220703125,12160.704338149762,11638.6552734375,11937.864322425445,11470.587890625,12065.2021484375,11596.638671875,12282138,10424995.0
2023-08-15,12065.2021484375,11680.671875,12097.035897062446,11890.755859375,11969.699014887814,11470.587890625,12065.2021484375,11596.638671875,8519775,14859530.0
2023-08-16,12097.03515625,11680.671875,12224.372974463993,11764.7060546875,11969.698281873374,11554.6220703125,12033.366719061687,11764.7060546875,14804143,9949352.0
2023-08-17,12001.533203125,11764.7060546875,12097.03538882489,11848.7392578125,12001.533203125,11596.638671875,12097.03538882489,11680.671875,12011934,17804780.0
2023-08-18,11524.0185546875,10966.38671875,11969.69856955459,11806.72265625,11396.680733413055,10966.38671875,11969.69856955459,11806.72265625,33406018,25160408.0
2023-08-21,11555.8515625,10924.3701171875,11683.189375624235,11050.419921875,11364.846258569638,10672.2685546875,11460.348438616154,10966.38671875,13991861,10734752.0
2023-08-22,11587.6865234375,10756.302734375,11651.35495957379,10924.3701171875,11301.178088905515,10336.134765625,11651.35495957379,10924.3701171875,12228552,16650361.0
2023-08-23,11460.3486328125,10378.1513671875,11651.354883816803,10882.3525390625,11460.3486328125,10378.1513671875,11651.354883816803,10798.3193359375,8798935,15701693.0
2023-08-24,11619.5205078125,10588.2353515625,11683.189889091502,10630.251953125,11460.348942289733,10378.1513671875,11524.018323568735,10504.2021484375,10162554,9863553.0
2023-08-25,11524.0185546875,10504.2021484375,11587.686993406029,10672.2685546875,11524.0185546875,10462.1845703125,11587.686993406029,10546.21875,7240556,8048208.0
2023-08-28,11587.6865234375,10672.2685546875,11651.35495957379,10672.2685546875,11492.183397314388,10504.2021484375,11619.52026958697,10588.2353515625,10645278,5731278.0
2023-08-29,11619.5205078125,10588.2353515625,11683.189889091502,10714.2861328125,11555.852070370867,10504.2021484375,11619.5205078125,10672.2685546875,14352993,10292191.0
2023-08-30,11715.0234375,10672.2685546875,11778.69187386341,10756.302734375,11619.520311036209,10588.2353515625,11651.355001136591,10630.251953125,10562851,6516916.0
2023-08-31,11778.6923828125,10756.302734375,11810.527074288437,10756.302734375,11715.023943698021,10672.2685546875,11715.023943698021,10714.2861328125,9916486,8633807.0
2023-09-01,11778.6923828125,10756.302734375,11778.6923828125,10756.302734375,11778.6923828125,10756.302734375,11778.6923828125,10756.302734375,0,0.0
2023-09-04,11778.6923828125,10756.302734375,11778.6923828125,10756.302734375,11778.6923828125,10756.302734375,11778.6923828125,10756.302734375,0,0.0
2023-09-05,12192.5380859375,10924.3701171875,12256.206522091801,10966.38671875,11810.526525174335,10756.302734375,11842.361215170162,10798.3193359375,32594344,10982510.0
2023-09-06,12256.2060546875,10924.3701171875,12256.2060546875,11008.4033203125,12033.366064727023,10798.3193359375,12224.37230974304,10924.3701171875,20974357,8017506.0
2023-09-07,12288.041015625,10840.3359375,12479.046321034091,11050.419921875,12192.537891001786,10840.3359375,12256.20632613815,11008.4033203125,33792046,10037531.0
2023-09-08,12160.703125,10798.3193359375,12319.874683758073,10924.3701171875,12160.703125,10798.3193359375,12288.040938308857,10840.3359375,16950898,12392303.0
2023-09-11,11937.8642578125,10672.2685546875,12319.875846106206,10966.38671875,11937.8642578125,10672.2685546875,12319.875846106206,10924.3701171875,22829961,9752050.0
2023-09-12,12256.2060546875,10840.3359375,12256.2060546875,10882.3525390625,11937.862942219013,10672.2685546875,12001.532319782562,10756.302734375,16576104,3888206.0
2023-09-13,12128.869140625,10882.3525390625,12319.874441069689,11092.4365234375,12033.366018484,10840.3359375,12288.040696247563,10882.3525390625,20441236,12825701.0
2023-09-14,12192.5380859375,10714.2861328125,12319.874958246104,10924.3701171875,12097.03495978737,10714.2861328125,12160.703395941673,10924.3701171875,22668445,7961695.0
2023-09-15,12351.708984375,10714.2861328125,12542.715226409251,10966.38671875,12160.702742340749,10714.2861328125,12224.372118910367,10756.302734375,39971672,7725004.0
2023-09-18,12192.5380859375,10630.251953125,12351.709648241931,10798.3193359375,12097.03495978737,10588.2353515625,12351.709648241931,10798.3193359375,17890085,6749680.0
2023-09-19,12097.03515625,10714.2861328125,12224.372974463993,10798.3193359375,12033.366719061687,10504.2021484375,12192.538283951153,10672.2685546875,17522425,6508943.0
2023-09-20,12224.3720703125,10756.302734375,12224.3720703125,10798.3193359375,12065.200517195843,10672.2685546875,12128.868949675047,10714.2861328125,13530085,4315416.0
2023-09-21,12065.2021484375,10672.2685546875,12319.875912786763,10840.3359375,12001.533707350183,10630.251953125,12224.373723074501,10756.302734375,19114504,6765626.0
2023-09-22,11906.0302734375,10336.134765625,11969.698712918602,10630.251953125,11651.355571675696,10210.083984375,11937.864021259351,10588.2353515625,28785834,11707696.0
2023-09-25,11524.0185546875,9915.966796875,11937.86387827663,10420.16796875,11524.0185546875,9915.966796875,11906.030130836061,10378.1513671875,20382186,9442888.0
2023-09-26,11619.5205078125,9789.916015625,11746.858326533134,10042.0166015625,11524.018323568735,9789.916015625,11555.852070370867,9957.9833984375,16837807,9006753.0
2023-09-27,11778.6923828125,9873.94921875,11778.6923828125,9873.94921875,11555.85237399313,9663.865234375,11555.85237399313,9831.9326171875,13163488,5411763.0
2023-09-28,11778.6923828125,9663.865234375,11810.527074288437,9915.966796875,11587.687065469065,9663.865234375,11683.19019605948,9873.94921875,10179404,5779711.0
2023-09-29,11778.6923828125,9747.8994140625,11874.195513402914,10042.0166015625,11778.6923828125,9747.8994140625,11778.6923828125,10042.0166015625,6303039,6539645.0
2023-10-02,11842.361328125,9873.94921875,11906.029764886585,9957.9833984375,11715.023510764471,9747.8994140625,11810.526637825527,9789.916015625,6865762,3407684.0
2023-10-03,11492.18359375,9411.7646484375,11778.692033179266,9873.94921875,11460.34890321903,9411.7646484375,11715.023595954692,9831.9326171875,17090099,9408854.0
2023-10-04,11555.8515625,9453.78125,11619.519997143452,9579.83203125,11428.514693213092,9327.7314453125,11492.183127856546,9411.7646484375,11251871,6607118.0
2023-10-05,11492.18359375,9159.6640625,11651.355158730117,9495.7978515625,11460.34890321903,9159.6640625,11587.686721505544,9453.78125,11258398,9802268.0
2023-10-06,11555.8515625,9411.7646484375,11587.68625174039,9453.78125,11428.514693213092,9159.6640625,11492.183127856546,9201.6806640625,7379908,6118623.0
2023-10-09,11651.35546875,9411.7646484375,11651.35546875,9411.7646484375,11460.349208156607,9243.697265625,11555.852338453304,9243.697265625,16936629,11362239.0
2023-10-10,11746.8583984375,9621.8486328125,11810.526836268858,9621.8486328125,11683.189960606143,9453.78125,11715.023707603134,9453.78125,11187204,6089587.0
2023-10-11,11778.6923828125,9663.865234375,11778.6923828125,9789.916015625,11651.355504583544,9537.8154296875,11715.023943698021,9789.916015625,7293382,4690623.0
2023-10-12,11683.189453125,9621.8486328125,11810.5263232566,9705.8828125,11683.189453125,9579.83203125,11778.691633805032,9705.8828125,8263992,3854053.0
2023-10-13,11746.8583984375,9579.83203125,11778.692145434492,9621.8486328125,11619.52057893741,9411.7646484375,11651.355269771777,9453.78125,8831268,5682250.0
2023-10-16,11587.6865234375,9537.8154296875,11746.858085696902,9663.865234375,11587.6865234375,9453.78125,11746.858085696902,9579.83203125,8290557,3669960.0
2023-10-17,11524.0185546875,9453.78125,11746.858562121044,9621.8486328125,11524.0185546875,9453.78125,11651.355432124557,9537.8154296875,8262170,3948301.0
2023-10-18,11301.177734375,9453.78125,11587.686159918896,9495.7978515625,11205.674611247929,9159.6640625,11524.017725779955,9453.78125,16623466,8271095.0
2023-10-19,11237.5087890625,9285.7138671875,11396.680352456897,9411.7646484375,11205.675042686034,9201.6806640625,11301.178169490144,9369.748046875,8572146,3615458.0
2023-10-20,11428.5146484375,9411.7646484375,11460.348393715842,9411.7646484375,11142.006221745802,9201.6806640625,11237.50840141815,9327.7314453125,7865517,4601016.0
2023-10-23,11333.01171875,9285.7138671875,11460.348589715788,9453.78125,11269.343283267106,9201.6806640625,11428.51484389301,9411.7646484375,5643468,3912482.0
2023-10-24,11396.6806640625,9411.7646484375,11460.349102393597,9411.7646484375,11301.178478484546,9201.6806640625,11333.012225731403,9285.7138671875,6656733,4612916.0
2023-10-25,11333.01171875,9411.7646484375,11492.183279375904,9537.8154296875,11333.01171875,9369.748046875,11428.51484389301,9411.7646484375,6821133,3387692.0
2023-10-26,10951.0,9075.6298828125,11237.508427352925,9369.748046875,10855.496876269915,9033.61328125,11237.508427352925,9369.748046875,18750032,10447962.0
2023-10-27,11110.171875,9243.697265625,11142.00656509668,9243.697265625,10919.165622094624,9033.61328125,10982.835002287984,9159.6640625,13766590,4292092.0
2023-10-30,10823.6640625,9117.6474609375,11110.172514512418,9243.697265625,10823.6640625,9117.6474609375,10982.835634470768,9159.6640625,5067691,2945488.0
2023-10-31,10887.3310546875,8907.5634765625,11014.667917795474,9201.6806640625,10791.82793543788,8907.5634765625,10950.999486241488,9159.6640625,10003771,6358527.0
2023-11-01,10951.0,8991.5966796875,11014.668434540947,8991.5966796875,10887.331565459053,8865.5458984375,10951.0,8949.580078125,8076974,3960677.0
2023-11-02,11269.34375,9327.7314453125,11301.178440978589,9369.748046875,11014.669053683438,9075.6298828125,11046.503744662026,9075.6298828125,10515489,5753293.0
2023-11-03,11078.3369140625,9327.7314453125,11364.846286416046,9411.7646484375,11078.3369140625,9243.697265625,11333.011597097653,9369.748046875,18012588,5705693.0
2023-11-06,11428.5146484375,9453.78125,11460.348393715842,9453.78125,11173.839967024143,9327.7314453125,11205.674656139809,9369.748046875,13160149,5777093.0
2023-11-07,11333.01171875,9369.748046875,11460.348589715788,9495.7978515625,11269.343283267106,9327.7314453125,11428.51484389301,9411.7646484375,6887014,3789317.0
2023-11-08,11683.189453125,9663.865234375,11715.023198739233,9663.865234375,11269.343209441298,9327.7314453125,11333.011644507098,9411.7646484375,16269165,6061860.0
2023-11-09,11683.189453125,9705.8828125,11778.691633805032,9915.966796875,11619.520074221866,9579.83203125,11715.023198739233,9663.865234375,14765130,12980996.0
2023-11-10,11460.3486328125,9831.9326171875,11715.023319539123,10084.033203125,11428.514886870013,9747.8994140625,11587.686448094484,9873.94921875,19437990,14433034.0
2023-11-13,11524.0185546875,10000.0,11555.85230212807,10168.0673828125,11364.846985972485,9915.966796875,11460.349172131584,9957.9833984375,10099557,14572383.0
2023-11-14,11746.8583984375,9957.9833984375,11874.195274100215,10084.033203125,11555.852141106054,9831.9326171875,11555.852141106054,10084.033203125,21000619,8100211.0
2023-11-15,11810.5263671875,9873.94921875,11937.863237792746,10168.0673828125,11746.857931884875,9873.94921875,11906.029492060105,10042.0166015625,20627646,11676042.0
2023-11-16,11778.6923828125,9957.9833984375,11810.527074288437,9957.9833984375,11683.19019605948,9789.916015625,11746.858635173958,9915.966796875,7698992,4508434.0
2023-11-17,11587.6865234375,9789.916015625,11842.361211820013,10042.0166015625,11396.680271191277,9747.8994140625,11842.361211820013,9957.9833984375,20173461,6892361.0
2023-11-20,11460.3486328125,9789.916015625,11619.520194036972,9831.9326171875,11301.178015425374,9621.8486328125,11301.178015425374,9705.8828125,13633461,5598712.0
2023-11-21,11524.0185546875,9831.9326171875,11619.5207408466,9915.966796875,11428.515424691013,9747.8994140625,11587.686993406029,9831.9326171875,8889559,3464090.0
2023-11-22,11492.18359375,9789.916015625,11555.852030974575,9831.9326171875,11428.515156525425,9663.865234375,11555.852030974575,9831.9326171875,11552435,5726637.0
2023-11-23,11396.6806640625,9621.8486328125,11555.852231808933,9831.9326171875,11396.6806640625,9621.8486328125,11524.018484562075,9831.9326171875,10667441,6764555.0
2023-11-24,11364.8466796875,9579.83203125,11460.348863272795,9663.865234375,11205.675115262191,9411.7646484375,11396.680426270144,9621.8486328125,12172386,7510804.0
2023-11-27,11205.6748046875,9495.7978515625,11428.514799939261,9621.8486328125,11173.840115149818,9495.7978515625,11364.846364701234,9579.83203125,10792524,2661316.0
2023-11-28,11364.8466796875,9495.7978515625,11396.680426270144,9537.8154296875,11110.171987839534,9369.748046875,11205.675115262191,9495.7978515625,10091664,5107123.0
2023-11-29,11364.8466796875,9495.7978515625,11396.680426270144,9579.83203125,11269.343552264843,9495.7978515625,11333.011989267494,9537.8154296875,8266724,4230331.0
2023-11-30,11333.01171875,9453.78125,11428.51484389301,9621.8486328125,11301.177972927224,9411.7646484375,11364.846408410118,9579.83203125,8601898,5228027.0
2023-12-01,11333.01171875,9495.7978515625,11364.846408410118,9537.8154296875,11269.343283267106,9411.7646484375,11364.846408410118,9537.8154296875,6694835,3004988.0
2023-12-04,11492.18359375,9705.8828125,11524.01828428097,9747.8994140625,11333.012028769883,9495.7978515625,11333.012028769883,9537.8154296875,26314378,6750632.0
2023-12-05,11492.18359375,9621.8486328125,11524.01828428097,9789.916015625,11428.515156525425,9621.8486328125,11492.18359375,9705.8828125,9284998,4394313.0
2023-12-06,11524.0185546875,9705.8828125,11555.85230212807,9747.8994140625,11460.349172131584,9621.8486328125,11492.183863409542,9663.865234375,10648162,2759491.0
2023-12-07,11619.5205078125,9663.865234375,11683.189889091502,9831.9326171875,11492.183632929235,9621.8486328125,11555.852070370867,9705.8828125,21124488,5998671.0
2023-12-08,11587.6865234375,9789.916015625,11683.18964956061,9957.9833984375,11555.851833450679,9705.8828125,11619.52026958697,9747.8994140625,11338549,7812945.0
2023-12-11,11555.8515625,9747.8994140625,11619.519997143452,9873.94921875,11492.183127856546,9705.8828125,11587.68625174039,9831.9326171875,7400401,2883727.0
2023-12-12,11619.5205078125,9747.8994140625,11619.5205078125,9831.9326171875,11524.018323568735,9663.865234375,11555.852070370867,9789.916015625,7402071,3573451.0
2023-12-13,11492.18359375,9579.83203125,11683.189849261089,9747.8994140625,11492.18359375,9579.83203125,11619.520468199147,9747.8994140625,10892409,5298713.0
2023-12-14,11492.18359375,9495.7978515625,11587.686721505544,9663.865234375,11460.34890321903,9453.78125,11555.852030974575,9621.8486328125,8047373,3786937.0
2023-12-15,11492.18359375,9411.7646484375,11587.686721505544,9579.83203125,11460.34890321903,9411.7646484375,11492.18359375,9537.8154296875,8411086,8241107.0
2023-12-18,11460.3486328125,9327.7314453125,11555.851758314651,9495.7978515625,11428.514886870013,9327.7314453125,11492.183322592333,9453.78125,8008057,3997329.0
2023-12-19,11555.8515625,9411.7646484375,11587.68625174039,9453.78125,11428.514693213092,9327.7314453125,11460.348438616154,9327.7314453125,8950887,3051398.0
2023-12-20,11555.8515625,9495.7978515625,11587.68625174039,9537.8154296875,11492.183127856546,9411.7646484375,11555.8515625,9495.7978515625,4684548,3453380.0
2023-12-21,11555.8515625,9495.7978515625,11555.8515625,9537.8154296875,11460.348438616154,9453.78125,11524.017817096938,9495.7978515625,6043613,2484839.0
2023-12-22,11651.35546875,9453.78125,11746.858599046696,9537.8154296875,11524.018590912665,9369.748046875,11555.852338453304,9537.8154296875,12974042,4909821.0
2023-12-25,11715.0234375,9495.7978515625,11810.526563963791,9579.83203125,11651.355001136591,9411.7646484375,11683.189691236972,9495.7978515625,9998610,4593162.0
2023-12-26,11746.8583984375,9453.78125,11778.692145434492,9579.83203125,11651.355269771777,9411.7646484375,11715.023707603134,9495.7978515625,6466831,4657303.0
2023-12-27,11715.0234375,9369.748046875,11778.69187386341,9537.8154296875,11683.189691236972,9369.748046875,11778.69187386341,9537.8154296875,8780871,8220044.0
2023-12-28,11810.5263671875,9453.78125,11842.36105675748,9495.7978515625,11683.189496582252,9369.748046875,11715.023242314895,9453.78125,14997991,3529778.0
2023-12-29,11874.1953125,9453.78125,12001.533132411887,9495.7978515625,11810.526874462746,9411.7646484375,11842.361565400062,9453.78125,20970562,6629609.0
2024-01-01,11874.1953125,9453.78125,11874.1953125,9453.78125,11874.1953125,9453.78125,11874.1953125,9453.78125,0,0.0
2024-01-02,12001.533203125,9453.78125,12097.03538882489,9537.8154296875,11874.195382462838,9411.7646484375,11906.030073587724,9495.7978515625,20926237,4167499.0
2024-01-03,12192.5380859375,9579.83203125,12224.372775933325,9579.83203125,11906.029651324463,9411.7646484375,11937.863397482939,9453.78125,21031434,5379038.0
2024-01-04,12797.3896484375,9621.8486328125,13020.229646953314,9747.8994140625,12192.538089060667,9579.83203125,12192.538089060667,9621.8486328125,75011818,9220120.0
2024-01-05,13052.064453125,9495.7978515625,13052.064453125,9663.865234375,12797.389762338515,9495.7978515625,12797.389762338515,9621.8486328125,34181109,5129257.0
2024-01-08,13179.4013671875,9579.83203125,13274.904494506218,9621.8486328125,12988.396056387426,9495.7978515625,13115.732930254142,9537.8154296875,30583601,7146902.0
2024-01-09,13274.9052734375,9621.8486328125,13306.739965690824,9621.8486328125,13052.065259176488,9537.8154296875,13211.23683276827,9579.83203125,30047292,4831400.0
2024-01-10,13306.7392578125,9579.83203125,13465.910822936838,9705.8828125,13147.567692688164,9537.8154296875,13274.904567252686,9663.865234375,37471374,5142228.0
2024-01-11,13147.5673828125,9789.916015625,13434.075815748625,9915.966796875,13052.064257221342,9579.83203125,13306.738944185314,9579.83203125,37470160,13629665.0
2024-01-12,13593.2470703125,9621.8486328125,13720.583939001732,9873.94921875,12988.395528282661,9537.8154296875,13052.063962627277,9873.94921875,69681361,9869979.0
2024-01-15,13656.916015625,9579.83203125,13943.42539665139,9747.8994140625,13625.082269180308,9579.83203125,13688.750705907052,9705.8828125,38075083,5062498.0
2024-01-16,13688.75,9663.865234375,13688.75,9663.865234375,13465.910011029218,9537.8154296875,13656.915311359613,9579.83203125,26551945,3318196.0
2024-01-17,13688.75,9579.83203125,13879.755300330393,9705.8828125,13561.41218927576,9579.83203125,13752.418433443465,9663.865234375,31094863,5052145.0
2024-01-18,13816.0869140625,9579.83203125,13847.921602811588,9621.8486328125,13561.412235581734,9537.8154296875,13625.08161307991,9579.83203125,35860473,4250323.0
2024-01-19,14038.927734375,9705.8828125,14102.59617180266,9747.8994140625,13816.087731459507,9621.8486328125,13879.756168887166,9621.8486328125,32804435,7042063.0
2024-01-22,14070.7626953125,9705.8828125,14357.271141159594,9789.916015625,14007.094256661745,9621.8486328125,14198.099572614012,9747.8994140625,44218581,4788560.0
2024-01-23,13975.2587890625,9621.8486328125,14229.933473355193,9747.8994140625,13943.425043424248,9579.83203125,14070.761913651926,9705.8828125,24143334,4863411.0
2024-01-24,13943.4248046875,9579.83203125,14102.59541782814,9663.865234375,13879.755426826461,9537.8154296875,13911.59011575698,9621.8486328125,19262964,4314583.0
2024-01-25,13943.4248046875,9579.83203125,13943.4248046875,9579.83203125,13943.4248046875,9579.83203125,13943.4248046875,9579.83203125,0,0.0
2024-01-26,14007.09375,9579.83203125,14102.595932602953,9621.8486328125,13943.425313652246,9579.83203125,13943.425313652246,9579.83203125,14410374,2755564.0
2024-01-29,14102.595703125,9579.83203125,14293.601952897554,9663.865234375,14007.09352207606,9579.83203125,14007.09352207606,9621.8486328125,23782506,3983168.0
2024-01-30,14070.7626953125,9663.865234375,14166.265825207327,9789.916015625,13911.591126766918,9579.83203125,14102.596442719185,9621.8486328125,21787398,8656774.0
2024-01-31,13847.921875,9537.8154296875,14166.264993398836,9705.8828125,13784.2534400877,9537.8154296875,14166.264993398836,9705.8828125,42268861,5441989.0
2024-02-01,13943.4248046875,9537.8154296875,13975.2585497807,9621.8486328125,13752.41855877902,9495.7978515625,13816.08699280274,9537.8154296875,17300190,3024028.0
2024-02-02,13943.4248046875,9537.8154296875,13943.4248046875,9537.8154296875,13943.4248046875,9537.8154296875,13943.4248046875,9537.8154296875,0,0.0
2024-02-05,14611.9453125,9453.78125,14739.28218520806,9537.8154296875,13847.922188576937,9453.78125,13847.922188576937,9537.8154296875,56307629,4379676.0
2024-02-06,14675.61328125,9537.8154296875,14739.281715575384,9537.8154296875,14611.944846924616,9453.78125,14643.77953600597,9495.7978515625,17486297,4693717.0
2024-02-07,14962.1220703125,9537.8154296875,15089.459885887241,9579.83203125,14707.448326837708,9495.7978515625,14707.448326837708,9537.8154296875,32153972,3400663.0
2024-02-08,14962.1220703125,9537.8154296875,14962.1220703125,9537.8154296875,14962.1220703125,9537.8154296875,14962.1220703125,9537.8154296875,0,0.0
2024-02-09,14962.1220703125,9537.8154296875,14962.1220703125,9537.8154296875,14962.1220703125,9537.8154296875,14962.1220703125,9537.8154296875,0,0.0
2024-02-12,14962.1220703125,9537.8154296875,14962.1220703125,9537.8154296875,14962.1220703125,9537.8154296875,14962.1220703125,9537.8154296875,0,0.0
2024-02-13,14962.1220703125,9537.8154296875,14962.1220703125,9537.8154296875,14962.1220703125,9537.8154296875,14962.1220703125,9537.8154296875,0,0.0
2024-02-14,14962.1220703125,9537.8154296875,14962.1220703125,9537.8154296875,14962.1220703125,9537.8154296875,14962.1220703125,9537.8154296875,0,0.0
2024-02-15,15375.96875,9579.83203125,15407.803440744927,9621.8486328125,14993.957180247739,9537.8154296875,15089.460308645146,9579.83203125,36570593,5106409.0
2024-02-16,15280.46484375,9663.865234375,15344.133278161436,9663.865234375,15089.459540515687,9579.83203125,15344.133278161436,9621.8486328125,24538773,3446240.0
2024-02-19,15248.6318359375,10084.033203125,15344.134020254796,10168.0673828125,15025.791832801522,9663.865234375,15280.465582764142,9663.865234375,31806046,26792969.0
2024-02-20,15184.962890625,10000.0,15344.133507109902,10294.1171875,15057.625076064804,9957.9833984375,15184.962890625,10126.05078125,30836044,9134202.0
2024-02-21,15280.46484375,9915.966796875,15407.8026564102,10000.0,15089.459540515687,9873.94921875,15184.962664051505,9957.9833984375,37926015,7915761.0
2024-02-22,15248.6318359375,9873.94921875,15344.134020254796,10000.0,15184.963398446844,9873.94921875,15280.465582764142,9915.966796875,22684840,6372688.0
2024-02-23,15216.796875,9663.865234375,15726.146253553161,9957.9833984375,15121.293748541613,9663.865234375,15280.465311359807,9915.966796875,74460632,11103771.0
2024-02-26,15280.46484375,9705.8828125,15312.29953287438,9747.8994140625,15057.624851391305,9621.8486328125,15216.796409338562,9663.865234375,32460153,8107113.0
2024-02-27,15439.63671875,9873.94921875,15566.974534025081,9915.966796875,15184.962975874527,9705.8828125,15312.299847312264,9747.8994140625,34772370,7799855.0
2024-02-28,15535.140625,9915.966796875,15630.643755296696,10000.0,15375.969055784635,9873.94921875,15503.30593362197,9957.9833984375,29260209,8398187.0
2024-02-29,15375.96875,9789.916015625,15630.643444447298,10000.0,15248.631874695036,9789.916015625,15598.808753702371,10000.0,36484371,7707987.0
2024-03-01,15280.46484375,9873.94921875,15375.967967285818,9873.94921875,15153.127974927123,9747.8994140625,15344.133278161436,9789.916015625,31080442,5713428.0
2024-03-04,15407.8037109375,9957.9833984375,15566.975279778637,10000.0,15121.294320721021,9873.94921875,15344.134328331134,9957.9833984375,48499796,8432697.0
2024-03-05,15662.4775390625,9957.9833984375,15694.312230514159,10000.0,15344.134399895489,9873.94921875,15407.803782798806,9957.9833984375,34563190,5461862.0
2024-03-06,15662.4775390625,10000.0,16012.654425843775,10168.0673828125,15503.305969478995,9915.966796875,15662.4775390625,9915.966796875,45342811,10560060.0
2024-03-07,15535.140625,9957.9833984375,15789.81532451206,10042.0166015625,15503.30593362197,9873.94921875,15726.146885593393,10000.0,29994162,6801326.0
2024-03-08,15025.791015625,9831.9326171875,15598.807865714787,10126.05078125,15025.791015625,9831.9326171875,15598.807865714787,10000.0,74962179,16150323.0
2024-03-11,14611.9453125,9747.8994140625,15025.791564557225,9915.966796875,14516.442186050279,9663.865234375,14993.956874461534,9873.94921875,52995353,8332856.0
2024-03-12,14707.4482421875,9663.865234375,14802.9504235222,9789.916015625,14484.608246010963,9663.865234375,14580.110427345664,9747.8994140625,29024767,7102753.0
2024-03-13,15184.962890625,9747.8994140625,15184.962890625,9789.916015625,14707.448209658276,9663.865234375,14707.448209658276,9663.865234375,23172573,4869718.0
2024-03-14,14930.2880859375,9747.8994140625,15248.631204036044,9831.9326171875,14898.453396592713,9705.8828125,15248.631204036044,9747.8994140625,27868658,8300369.0
2024-03-15,15153.1279296875,9621.8486328125,15184.962618716838,9789.916015625,14739.281691492704,9579.83203125,14930.287937994093,9747.8994140625,28669099,12636729.0
2024-03-18,14771.1162109375,9495.7978515625,15153.127755717149,9705.8828125,14261.76685533976,9411.7646484375,15121.293067053299,9621.8486328125,48245986,15184162.0
2024-03-19,14771.1162109375,9453.78125,14866.61933309174,9579.83203125,14611.94465529287,9411.7646484375,14771.1162109375,9495.7978515625,20652845,4931241.0
2024-03-20,15375.96875,9579.83203125,15535.14031604989,9621.8486328125,14707.448738892885,9453.78125,14771.117176545366,9495.7978515625,59744229,6398630.0
2024-03-21,15757.98046875,9579.83203125,15757.98046875,9663.865234375,15344.134204339736,9579.83203125,15471.4720246861,9621.8486328125,47019746,7624806.0
2024-03-22,15948.986328125,9663.865234375,16362.832582176103,9705.8828125,15821.648510966083,9537.8154296875,15917.15258171329,9579.83203125,63049522,10464265.0
2024-03-25,15726.146484375,9579.83203125,16139.992742544038,9789.916015625,15662.477103243327,9579.83203125,15948.986486823753,9705.8828125,32204673,9596755.0
2024-03-26,16076.3232421875,9621.8486328125,16076.3232421875,9621.8486328125,15662.47698708762,9495.7978515625,15726.14636774711,9579.83203125,23690667,5459958.0
2024-03-27,16108.1572265625,9621.8486328125,16171.826608162248,9747.8994140625,15917.152857112751,9621.8486328125,16076.3234796,9663.865234375,17312638,7035042.0
2024-03-28,16235.4951171875,9621.8486328125,16362.831985868545,9705.8828125,16044.488870328609,9579.83203125,16330.996352942298,9663.865234375,24271150,4842705.0
2024-03-29,16171.8251953125,9579.83203125,16267.32831553113,9663.865234375,16012.65269905659,9537.8154296875,16267.32831553113,9663.865234375,17687887,5720449.0
2024-04-01,15853.4833984375,9537.8154296875,16076.323401441106,9621.8486328125,15726.14652353183,9537.8154296875,16044.489654633375,9579.83203125,29200551,6432783.0
2024-04-02,15789.8154296875,9705.8828125,15789.8154296875,9789.916015625,15407.80384979354,9495.7978515625,15662.477607164583,9579.83203125,43983139,10552444.0
2024-04-03,15407.8037109375,9579.83203125,15789.815287388748,9747.8994140625,15407.8037109375,9537.8154296875,15789.815287388748,9705.8828125,34245776,8231230.0
2024-04-04,15153.1279296875,9495.7978515625,15439.63635560226,9621.8486328125,15153.1279296875,9453.78125,15407.802610410245,9579.83203125,42190533,9651614.0
2024-04-05,14866.6201171875,9453.78125,15121.29386458107,9537.8154296875,14834.785426844624,9411.7646484375,14993.956990884286,9495.7978515625,38521830,8841700.0
2024-04-08,14962.1220703125,9411.7646484375,15153.12832175594,9495.7978515625,14739.282072853384,9369.748046875,14898.453634443802,9453.78125,37517066,4816763.0
2024-04-09,15280.46484375,9495.7978515625,15280.46484375,9537.8154296875,14898.453293444049,9411.7646484375,14962.121727855487,9495.7978515625,23885426,5920012.0
2024-04-10,15153.1279296875,9495.7978515625,15503.304789823616,9537.8154296875,15153.1279296875,9411.7646484375,15471.4710446316,9495.7978515625,31996555,5988556.0
2024-04-11,15121.2939453125,9411.7646484375,15184.96332633818,9453.78125,14898.453943234721,9411.7646484375,14962.122380423034,9453.78125,13679608,6557495.0
2024-04-12,15694.3115234375,9453.78125,15726.14621345491,9495.7978515625,15121.293709985604,9411.7646484375,15184.963090020421,9411.7646484375,36297201,6384707.0
2024-04-15,14898.453125,9369.748046875,15948.985584341886,9705.8828125,14643.779390233627,9369.748046875,15566.974038355012,9537.8154296875,72249361,15800344.0
2024-04-16,15216.796875,9159.6640625,15216.796875,9411.7646484375,14675.613750185614,9075.6298828125,14898.453749363614,9411.7646484375,49665165,13362986.0
2024-04-17,14707.4482421875,9201.6806640625,15312.299795214862,9327.7314453125,14707.4482421875,9117.6474609375,15280.465105545069,9159.6640625,36401488,7798903.0
2024-04-18,14707.4482421875,9201.6806640625,14707.4482421875,9201.6806640625,14707.4482421875,9201.6806640625,14707.4482421875,9201.6806640625,0,0.0
2024-04-19,14452.7744140625,8907.5634765625,14834.78599358437,9201.6806640625,14389.105974781754,8907.5634765625,14389.105974781754,9159.6640625,42781338,10158911.0
2024-04-22,14389.10546875,8949.580078125,14675.61390735621,9075.6298828125,14357.270778310482,8907.5634765625,14516.442342833347,8991.5966796875,26688717,4527355.0
2024-04-23,14007.09375,8781.5126953125,14452.773748271631,8991.5966796875,13847.922187211938,8739.49609375,14389.105311923877,8949.580078125,48572964,5894308.0
2024-04-24,14357.2705078125,8949.580078125,14420.93894365463,9033.61328125,13975.258948922383,8781.5126953125,14134.430510446378,8781.5126953125,28311914,6552021.0
2024-04-25,14166.265625,8865.5458984375,14389.105629047011,8991.5966796875,14102.596243411675,8823.529296875,14389.105629047011,8949.580078125,19738857,3998400.0
2024-04-26,14166.265625,8823.529296875,14293.6025005019,8907.5634765625,14007.094058703939,8781.5126953125,14007.094058703939,8823.529296875,20238279,5911444.0
2024-04-29,14166.265625,8823.529296875,14166.265625,8823.529296875,14166.265625,8823.529296875,14166.265625,8823.529296875,0,0.0
2024-04-30,14166.265625,8823.529296875,14166.265625,8823.529296875,14166.265625,8823.529296875,14166.265625,8823.529296875,0,0.0
2024-05-01,14166.265625,8823.529296875,14166.265625,8823.529296875,14166.265625,8823.529296875,14166.265625,8823.529296875,0,0.0
2024-05-02,14261.767578125,9327.7314453125,14357.27070511933,9369.748046875,14134.430704690798,8865.5458984375,14198.099141407898,8907.5634765625,16816859,10740702.0
2024-05-03,14261.767578125,9201.6806640625,14516.442268830762,9369.748046875,14198.099141407898,9159.6640625,14389.10539539656,9327.7314453125,18000140,5751389.0
2024-05-06,14580.111328125,9327.7314453125,14611.946019761584,9453.78125,14357.271318181101,9201.6806640625,14357.271318181101,9243.697265625,24590537,7321237.0
2024-05-07,14484.6083984375,9327.7314453125,14675.613706954256,9369.748046875,14420.939018427896,9243.697265625,14643.779960786806,9327.7314453125,14579934,3882851.0
2024-05-08,14357.2705078125,9369.748046875,14452.773633494366,9453.78125,14198.098946288506,9201.6806640625,14261.767382130634,9327.7314453125,32542428,7558523.0
2024-05-09,14420.939453125,9327.7314453125,14516.442582180849,9453.78125,14229.93413885068,9285.7138671875,14389.10570599797,9411.7646484375,23746377,4378962.0
2024-05-10,14389.10546875,9201.6806640625,14580.110779875018,9369.748046875,14325.437031708327,9201.6806640625,14484.608596231192,9327.7314453125,17333131,5831595.0
2024-05-13,14420.939453125,9243.697265625,14643.78040220111,9285.7138671875,14389.10570599797,9201.6806640625,14389.10570599797,9201.6806640625,21257313,3593562.0
2024-05-14,14548.27734375,9201.6806640625,14771.1173500702,9285.7138671875,14452.77421423066,9201.6806640625,14580.111091031524,9243.697265625,25302479,3916171.0
2024-05-15,14580.111328125,9243.697265625,14675.614459197357,9285.7138671875,14516.44288868923,9159.6640625,14611.946019761584,9243.697265625,23226159,6207278.0
2024-05-16,14898.453125,9369.748046875,14993.956247456046,9495.7978515625,14643.779390233627,9243.697265625,14739.281568852359,9285.7138671875,47711802,9302587.0
2024-05-17,14802.9501953125,9453.78125,14930.288008191232,9495.7978515625,14739.281760791797,9369.748046875,14930.288008191232,9453.78125,23477236,8534442.0
2024-05-20,14930.2880859375,9537.8154296875,15025.79121013453,9663.865234375,14898.453396592713,9453.78125,15025.79121013453,9453.78125,27210909,11609878.0
2024-05-21,15025.791015625,9495.7978515625,15025.791015625,9579.83203125,14802.95008077084,9411.7646484375,14930.287892664262,9579.83203125,24898691,7276255.0
2024-05-22,14771.1162109375,9537.8154296875,15057.62463356291,9747.8994140625,14771.1162109375,9411.7646484375,15025.79088873637,9495.7978515625,30424515,14915460.0
2024-05-23,14836.1875,9705.8828125,14868.723394485078,9789.916015625,14640.975026969676,9495.7978515625,14771.116675656558,9579.83203125,19856350,17911642.0
2024-05-24,14608.439453125,9537.8154296875,15161.542919124384,9789.916015625,14413.226011183222,9453.78125,14673.51027889668,9705.8828125,55192658,15905064.0
2024-05-27,14608.439453125,10168.0673828125,14706.046174095887,10168.0673828125,14543.368627353319,9579.83203125,14706.046174095887,9621.8486328125,12134588,49071911.0
2024-05-28,14706.0458984375,10462.1845703125,14803.652617578793,10546.21875,14543.36835474425,10294.1171875,14771.116722989456,10420.16796875,19896881,30144128.0
2024-05-29,14510.8330078125,10546.21875,14738.581384653222,10714.2861328125,14510.8330078125,10336.134765625,14706.046453462694,10504.2021484375,25970247,33424482.0
2024-05-30,14218.013671875,10756.302734375,14413.226151084866,10840.3359375,14120.406949956696,10420.16796875,14380.691220196595,10504.2021484375,43739652,25682342.0
2024-05-31,14152.9423828125,10588.2353515625,14315.61992581617,10798.3193359375,14152.9423828125,10546.21875,14218.013207088625,10756.302734375,22669053,13395592.0
2024-06-03,14152.9423828125,10588.2353515625,14152.9423828125,10588.2353515625,14152.9423828125,10588.2353515625,14152.9423828125,10588.2353515625,0,0.0
2024-06-04,14640.9755859375,11764.7060546875,14836.18806642071,11890.755859375,14640.9755859375,11218.4873046875,14803.653135320217,11386.5546875,13720594,42756938.0
2024-06-05,14445.76171875,11554.6220703125,14771.11680800918,12016.806640625,14445.76171875,11554.6220703125,14673.510088306082,11764.7060546875,20731477,29609580.0
2024-06-06,14543.3681640625,11386.5546875,14706.045705622844,11848.7392578125,14510.832269899749,11386.5546875,14575.903093598547,11554.6220703125,15197457,18899937.0
2024-06-07,14608.439453125,11722.689453125,14738.58110466836,11890.755859375,14510.832732154111,11470.587890625,14673.51027889668,11554.6220703125,12864291,17259998.0
2024-06-10,14738.5810546875,11470.587890625,14901.258600878404,11806.72265625,14640.975298674346,11386.5546875,14673.510229136486,11764.7060546875,20260746,20195966.0
2024-06-11,14673.509765625,11890.755859375,14771.116483181657,12100.8408203125,14608.438942129464,11470.587890625,14738.580589120536,11554.6220703125,16027347,26641839.0
2024-06-12,15031.4013671875,11764.7060546875,15031.4013671875,11932.7734375,14575.903654513884,11638.6552734375,14673.51037613157,11890.755859375,38258154,16749964.0
2024-06-13,15324.220703125,11890.755859375,15421.827425607089,12142.857421875,15063.936431381679,11722.689453125,15096.472327084626,11848.7392578125,59130957,20504295.0
2024-06-14,15031.4013671875,11554.6220703125,15617.039767640124,11932.7734375,15031.4013671875,11554.6220703125,15617.039767640124,11890.755859375,38745735,18709418.0
2024-06-17,15129.0068359375,11722.689453125,15226.613555695563,11890.755859375,14933.794361048102,11386.5546875,15226.613555695563,11512.60546875,25893285,16409386.0
2024-06-18,15129.0068359375,12521.0087890625,15324.220275453625,12521.0087890625,15129.0068359375,11764.7060546875,15291.684380658695,11806.72265625,18155583,43586130.0
2024-06-19,15161.54296875,12563.025390625,15259.149690040367,12941.1767578125,14998.865421474968,12563.025390625,15226.613794734665,12689.0751953125,20155548,19261578.0
2024-06-20,15129.0068359375,12689.0751953125,15259.149450490491,12899.1591796875,15063.936010974368,12478.9912109375,15226.613555695563,12647.05859375,20787188,15506890.0
2024-06-21,15096.4716796875,12352.94140625,15194.078397983823,12857.142578125,15031.400855698856,12352.94140625,15129.006609368467,12731.0927734375,15382501,16290505.0
2024-06-24,14738.5810546875,12605.0419921875,15096.47204215818,12857.142578125,14673.510229136486,12100.8408203125,15031.401216607166,12352.94140625,38607294,32471173.0
2024-06-25,14706.0458984375,12605.0419921875,14868.72344213075,12773.109375,14640.975073885544,12352.94140625,14771.116722989456,12773.109375,13483786,10855180.0
2024-06-26,14640.9755859375,12857.142578125,14738.58134386573,13025.2099609375,14543.36886338252,12605.0419921875,14706.046412765238,12605.0419921875,16825512,18912313.0
2024-06-27,14640.9755859375,12394.9580078125,14706.046412765238,12857.142578125,14575.903794483012,12394.9580078125,14608.439690210256,12857.142578125,9363024,17938298.0
2024-06-28,14445.76171875,12521.0087890625,14673.510088306082,12605.0419921875,14445.76171875,12142.857421875,14673.510088306082,12394.9580078125,14529081,13611577.0
2024-07-01,14608.439453125,12226.890625,14608.439453125,12521.0087890625,14413.226011183222,12100.8408203125,14478.297801581639,12436.974609375,6271313,12037802.0
2024-07-02,14771.1171875,12184.8740234375,14868.723909710754,12352.94140625,14608.439638690996,12100.8408203125,14640.975534303496,12352.94140625,15078749,11234909.0
2024-07-03,14901.2587890625,12689.0751953125,14933.794684562261,12899.1591796875,14706.04630994417,12226.890625,14836.187962689723,12310.9248046875,10659396,21522459.0
2024-07-04,14836.1875,12394.9580078125,14966.3301133136,12899.1591796875,14706.045851313116,12352.94140625,14901.258324343442,12815.1259765625,8673396,13146882.0
2024-07-05,14836.1875,12268.9072265625,14868.723394485078,12521.0087890625,14706.045851313116,12268.9072265625,14836.1875,12394.9580078125,9458354,13414870.0
2024-07-08,14771.1171875,12647.05859375,14933.794736309006,12647.05859375,14706.046360901748,12268.9072265625,14836.188014098254,12310.9248046875,10690666,18987878.0
2024-07-09,15063.9365234375,12857.142578125,15063.9365234375,13361.3447265625,14738.581422926789,12689.0751953125,14836.188146005354,12815.1259765625,20384614,28556668.0
2024-07-10,15161.54296875,12647.05859375,15356.756411330734,12941.1767578125,15063.936247459633,12605.0419921875,15063.936247459633,12857.142578125,29133759,16291814.0
2024-07-11,15031.4013671875,12689.0751953125,15291.684671999003,12983.193359375,15031.4013671875,12647.05859375,15259.149741210937,12689.0751953125,11686019,13072626.0
2024-07-12,14966.330078125,12773.109375,15096.471726505895,12815.1259765625,14901.258289307838,12605.0419921875,14933.794183716418,12689.0751953125,11187052,10012422.0
2024-07-15,14998.865234375,12773.109375,15096.471954447794,12899.1591796875,14933.794409202046,12478.9912109375,14998.865234375,12899.1591796875,6693469,10885882.0
2024-07-16,15324.220703125,12521.0087890625,15584.504974868321,13067.2265625,14998.865604602535,12521.0087890625,15031.401500305483,12857.142578125,37599949,17872372.0
2024-07-17,15942.39453125,11680.671875,16365.355375073086,12689.0751953125,15324.220248257243,11680.671875,15486.89779268973,12563.025390625,109842631,38053225.0
2024-07-18,16202.6787109375,11932.7734375,16267.750500073194,11932.7734375,15682.11018561225,11596.638671875,16007.465272783851,11764.7060546875,45650662,19949398.0
2024-07-19,16528.033203125,11176.470703125,16690.709776227974,11974.7900390625,16137.607305499161,11134.4541015625,16202.678127665686,11932.7734375,69195449,29469636.0
2024-07-22,16397.892578125,11302.521484375,16755.78260460155,11554.6220703125,16040.001587021705,11008.4033203125,16462.962439709743,11260.50390625,51318418,15000664.0
2024-07-23,15551.96875,10798.3193359375,16495.499094520896,11470.587890625,15486.897924598115,10756.302734375,16495.499094520896,11344.5380859375,72706431,13845293.0
2024-07-24,15584.5048828125,11092.4365234375,15779.71736199683,11176.470703125,15389.291439001425,10672.2685546875,15486.898160906963,10714.2861328125,39223146,13508166.0
2024-07-25,15584.5048828125,10840.3359375,15682.110640091292,11134.4541015625,15291.684717095886,10672.2685546875,15519.434056417724,11050.419921875,30946858,10186400.0
2024-07-26,15812.2529296875,11386.5546875,15844.787859897,11428.5712890625,15519.433734668368,10924.3701171875,15551.968664877868,10924.3701171875,18459487,15290548.0
2024-07-29,15682.1103515625,11428.5712890625,15909.85968669407,11512.60546875,15682.1103515625,11218.4873046875,15909.85968669407,11512.60546875,14425554,8442217.0
2024-07-30,15942.39453125,11260.50390625,15942.39453125,11638.6552734375,15519.433687426916,11260.50390625,15682.110267232678,11554.6220703125,29709840,12013050.0
2024-07-31,15877.32421875,11302.521484375,16202.679318113902,11512.60546875,15747.18256485514,11176.470703125,15942.395045697429,11428.5712890625,30961583,7661101.0
2024-08-01,15226.61328125,11050.419921875,15974.930166405125,11428.5712890625,15129.006563251209,10840.3359375,15877.323448406334,11386.5546875,49093941,13956677.0
2024-08-02,15486.8974609375,11596.638671875,15486.8974609375,11596.638671875,14966.329908680906,10840.3359375,14966.329908680906,10882.3525390625,36078306,12787978.0
2024-08-05,14933.7939453125,11176.470703125,15324.219848849121,11554.6220703125,14836.18722827167,10966.38671875,14998.864768464155,11386.5546875,47394692,14323911.0
2024-08-06,15226.61328125,11554.6220703125,15291.684105040293,11638.6552734375,14966.329986088833,11176.470703125,15096.471633669416,11176.470703125,25751048,12005553.0
2024-08-07,15194.0791015625,11554.6220703125,15291.684859751855,11638.6552734375,15096.47237874639,11302.521484375,15226.614032750032,11554.6220703125,15495136,7019572.0
2024-08-08,14998.865234375,11596.638671875,15291.684429966655,11890.755859375,14966.330304101886,11386.5546875,15161.542779620748,11554.6220703125,15490279,15025892.0
2024-08-09,15259.1494140625,11638.6552734375,15291.684344153033,11764.7060546875,15096.471869729663,11470.587890625,15096.471869729663,11764.7060546875,12858067,8793624.0
2024-08-12,15421.8271484375,11428.5712890625,15421.8271484375,11722.689453125,15194.078776490345,11428.5712890625,15291.684532591458,11722.689453125,15531720,9657207.0
2024-08-13,15356.755859375,11260.50390625,15454.361612530462,11428.5712890625,15226.613247456544,10966.38671875,15389.290788884586,11386.5546875,10202781,14289877.0
2024-08-14,15226.61328125,11218.4873046875,15454.361646829377,11302.521484375,15226.61328125,11134.4541015625,15454.361646829377,11302.521484375,9980242,3722320.0
2024-08-15,15129.0068359375,10966.38671875,15324.220275453625,11218.4873046875,15129.0068359375,10966.38671875,15226.613555695563,11134.4541015625,11967608,6357099.0
2024-08-16,15649.5751953125,11302.521484375,15682.110125128147,11386.5546875,15194.078460879744,11008.4033203125,15226.613390695391,11008.4033203125,31886956,9052211.0
2024-08-19,15649.5751953125,11344.5380859375,15779.716843828513,11554.6220703125,15584.504371054494,11344.5380859375,15682.110125128147,11386.5546875,13571527,10042053.0
2024-08-20,15779.716796875,11344.5380859375,15942.394339349315,11428.5712890625,15649.575148746233,11176.470703125,15682.11007846507,11386.5546875,24861955,10890880.0
2024-08-21,16105.072265625,11554.6220703125,16137.608160745913,11722.689453125,15649.575521692619,11260.50390625,15779.717172922803,11344.5380859375,32675405,15036126.0
2024-08-22,15877.32421875,11428.5712890625,16202.679318113902,11596.638671875,15877.32421875,11386.5546875,16170.14342232681,11596.638671875,19840715,7185339.0
2024-08-23,15974.9306640625,11386.5546875,16040.001489879904,11512.60546875,15812.25311720562,11344.5380859375,15877.323943023024,11428.5712890625,14532876,6883555.0
2024-08-26,15909.859375,11260.50390625,16137.607741042966,11512.60546875,15812.252656802526,11260.50390625,16072.53691712022,11512.60546875,15510924,7849597.0
2024-08-27,15877.32421875,11302.521484375,15942.395045697429,11344.5380859375,15812.253391802571,11134.4541015625,15844.788322962908,11260.50390625,15328764,7071099.0
2024-08-28,16040.0009765625,11470.587890625,16072.536870743346,11512.60546875,15844.787540730837,11260.50390625,15909.85932909253,11302.521484375,18358692,9245824.0
2024-08-29,16170.142578125,11386.5546875,16397.891907490924,11638.6552734375,16040.000931024504,11386.5546875,16040.000931024504,11512.60546875,34333972,5776260.0
2024-08-30,16170.142578125,11302.521484375,16267.750260390429,11428.5712890625,16137.607648663228,11302.521484375,16170.142578125,11386.5546875,13463597,4901967.0
2024-09-02,16170.142578125,11302.521484375,16170.142578125,11302.521484375,16170.142578125,11302.521484375,16170.142578125,11302.521484375,0,0.0
2024-09-03,16170.142578125,11302.521484375,16170.142578125,11302.521484375,16170.142578125,11302.521484375,16170.142578125,11302.521484375,0,0.0
2024-09-04,15877.32421875,11092.4365234375,16007.46587264486,11260.50390625,15844.788322962908,11092.4365234375,15909.860114537092,11218.4873046875,22996485,7836983.0
2024-09-05,15584.5048828125,10966.38671875,16072.537527713446,11176.470703125,15551.96898730174,10840.3359375,15877.32408390237,11092.4365234375,24983395,9365776.0
2024-09-06,15617.0390625,11008.4033203125,15649.57495644575,11050.419921875,15454.36152202465,10756.302734375,15551.9682392352,11050.419921875,22285909,6655432.0
2024-09-09,15584.5048828125,10966.38671875,15584.5048828125,11050.419921875,15454.362265396201,10840.3359375,15551.96898730174,11008.4033203125,11790609,3008201.0
2024-09-10,15454.3623046875,10924.3701171875,15747.182471148584,11134.4541015625,15389.291478127287,10882.3525390625,15649.575748994888,11134.4541015625,18794813,4007325.0
2024-09-11,15551.96875,10798.3193359375,15649.575470416194,10966.38671875,15291.684483765728,10756.302734375,15454.362029583808,10882.3525390625,14707902,4503555.0
2024-09-12,15617.0390625,10840.3359375,15714.645779710549,10966.38671875,15584.50413318095,10840.3359375,15617.0390625,10840.3359375,8544822,1962548.0
2024-09-13,15551.96875,10756.302734375,15649.575470416194,10924.3701171875,15519.433819612424,10756.302734375,15649.575470416194,10882.3525390625,6675253,2756278.0
2024-09-16,15551.96875,10336.134765625,15779.717121219965,10882.3525390625,15519.433819612424,10294.1171875,15551.96875,10798.3193359375,12778979,10780091.0
2024-09-17,15779.716796875,10546.21875,15779.716796875,10546.21875,15486.897606271918,10294.1171875,15617.039254400685,10378.1513671875,12568888,5533143.0
2024-09-18,15877.32421875,10714.2861328125,16007.46587264486,10714.2861328125,15714.64666906805,10462.1845703125,15812.253391802571,10588.2353515625,20575731,8744001.0
2024-09-19,15877.32421875,10546.21875,15974.930941484521,10756.302734375,15844.788322962908,10546.21875,15909.860114537092,10714.2861328125,10201263,3767778.0
2024-09-20,16105.072265625,10546.21875,16267.750776602832,10714.2861328125,15974.930614394814,10504.2021484375,15974.930614394814,10588.2353515625,39959224,6226556.0
2024-09-23,16137.6083984375,10504.2021484375,16528.03432250539,10672.2685546875,16137.6083984375,10504.2021484375,16137.6083984375,10630.251953125,28601245,3754093.0
2024-09-24,16430.427734375,10588.2353515625,16462.962665613817,10630.251953125,16137.608530091882,10504.2021484375,16202.67935719627,10546.21875,26686288,2763418.0
2024-09-25,16755.783203125,10966.38671875,16853.389928242155,10966.38671875,16495.499888981623,10588.2353515625,16528.03482093616,10672.2685546875,48645979,18340875.0
2024-09-26,16723.248046875,10966.38671875,16885.924633719373,11050.419921875,16593.106391548798,10882.3525390625,16755.78297839317,10966.38671875,40189657,7180936.0
2024-09-27,16723.248046875,10966.38671875,17016.066289045575,11134.4541015625,16658.176254585134,10924.3701171875,16723.248046875,10924.3701171875,27531055,8925119.0
2024-09-30,16723.248046875,11008.4033203125,16788.317909911337,11008.4033203125,16560.5695307771,10840.3359375,16560.5695307771,10966.38671875,21861628,5478879.0
2024-10-01,16690.7109375,11092.4365234375,17016.066035596203,11134.4541015625,16690.7109375,10966.38671875,16755.78272882064,11008.4033203125,28490279,8818971.0
2024-10-02,16723.248046875,11050.419921875,16820.854770683036,11092.4365234375,16593.106391548798,10966.38671875,16625.641323066964,11092.4365234375,19456357,4716089.0
2024-10-03,16593.10546875,10756.302734375,16983.530413015753,11176.470703125,16528.033680078996,10756.302734375,16690.710257876373,11008.4033203125,31871320,9402428.0
2024-10-04,16332.8203125,10882.3525390625,16593.105539033077,10924.3701171875,16332.8203125,10756.302734375,16593.105539033077,10840.3359375,28236773,4021248.0
2024-10-07,16397.892578125,10714.2861328125,16528.034230547975,11008.4033203125,16267.750925702025,10714.2861328125,16462.962439709743,10966.38671875,15462651,5501370.0
2024-10-08,16397.892578125,10756.302734375,16593.106021386204,10882.3525390625,16332.82078728677,10672.2685546875,16397.892578125,10756.302734375,18168031,3420179.0
2024-10-09,16658.17578125,10882.3525390625,16690.7107118437,10882.3525390625,16430.427408587137,10714.2861328125,16462.96233918084,10798.3193359375,21763414,5168051.0
2024-10-10,16593.10546875,10840.3359375,16885.92369463596,11008.4033203125,16593.10546875,10798.3193359375,16723.247116838585,10924.3701171875,18712841,3635331.0
2024-10-11,16625.640625,10588.2353515625,16658.175555152113,10924.3701171875,16495.498975138104,10588.2353515625,16593.105694847887,10924.3701171875,9844230,10602424.0
2024-10-14,16820.853515625,10756.302734375,16983.530090331547,11008.4033203125,16593.1051534838,10756.302734375,16690.7099407557,10756.302734375,23639510,9935548.0
2024-10-15,16690.7109375,10588.2353515625,16983.531104562633,10882.3525390625,16690.7109375,10504.2021484375,16885.92438220842,10756.302734375,23397541,6096132.0
2024-10-16,16593.10546875,10588.2353515625,16690.710257876373,10714.2861328125,16528.033680078996,10504.2021484375,16690.710257876373,10672.2685546875,16439029,3500147.0
2024-10-17,16853.388671875,10546.21875,16853.388671875,10630.251953125,16495.498659294044,10420.16796875,16625.64030666408,10504.2021484375,17731758,4770115.0
2024-10-18,16755.783203125,10504.2021484375,17048.603378476462,10672.2685546875,16723.248271170465,10504.2021484375,16918.45979215122,10546.21875,28049604,4112640.0
2024-10-21,16625.640625,10462.1845703125,16853.38899457168,10546.21875,16625.640625,10420.16796875,16755.782274861896,10504.2021484375,14285139,3427557.0
2024-10-22,16430.427734375,10252.1005859375,16690.711042792547,10462.1845703125,16365.355942643857,10126.05078125,16593.1062490761,10462.1845703125,30856689,10427137.0
2024-10-23,16430.427734375,10294.1171875,16495.499526106145,10420.16796875,16365.355942643857,10210.083984375,16430.427734375,10294.1171875,17661171,3854886.0
2024-10-24,16072.537109375,10168.0673828125,16528.033846909446,10378.1513671875,16072.537109375,10168.0673828125,16430.42712754443,10294.1171875,24662490,4108713.0
2024-10-25,16040.0009765625,10000.0,16137.607694478333,10252.1005859375,15974.930152827514,10000.0,16137.607694478333,10252.1005859375,16100363,5199467.0
2024-10-28,16137.6083984375,10042.0166015625,16170.143329410888,10084.033203125,16040.00167626384,9957.9833984375,16105.072502837364,10042.0166015625,5879062,3094000.0
2024-10-29,16267.7509765625,10126.05078125,16332.820838350683,10210.083984375,16170.143289999987,10042.0166015625,16202.679185520825,10042.0166015625,8109459,4129181.0
2024-10-30,16267.7509765625,10126.05078125,16365.355769244774,10168.0673828125,16072.537532690967,10042.0166015625,16267.7509765625,10126.05078125,9593760,2715580.0
2024-10-31,16300.28515625,10042.0166015625,16397.891873687513,10252.1005859375,16137.607615396379,10042.0166015625,16267.750226855296,10252.1005859375,10113219,6731949.0
2024-11-01,16007.4658203125,9747.8994140625,16300.285987558762,10084.033203125,16007.4658203125,9747.8994140625,16235.214196197314,10084.033203125,14143661,8928808.0
2024-11-04,15909.859375,9621.8486328125,16105.07184676824,9831.9326171875,15877.323480725272,9621.8486328125,16072.53691712022,9831.9326171875,18066477,6026517.0
2024-11-05,15909.859375,9705.8828125,16007.465128570766,9747.8994140625,15877.323480725272,9621.8486328125,15974.930198922746,9621.8486328125,9861535,4132037.0
2024-11-06,16170.142578125,9915.966796875,16202.678472213476,9957.9833984375,15942.39421338578,9747.8994140625,16040.000931024504,9747.8994140625,9960205,7077168.0
2024-11-07,16137.6083984375,9831.9326171875,16267.751016211296,10000.0,16137.6083984375,9831.9326171875,16267.751016211296,10000.0,7167540,3151120.0
2024-11-08,15974.9306640625,9831.9326171875,16202.679036736781,10000.0,15877.323943023024,9789.916015625,16170.14314151471,9831.9326171875,11660213,5187210.0
2024-11-11,15812.2529296875,9831.9326171875,16007.465404824681,9915.966796875,15584.504559714094,9705.8828125,15974.93047461518,9831.9326171875,26015484,4397526.0
2024-11-12,15682.1103515625,9831.9326171875,15844.787896869777,10000.0,15682.1103515625,9831.9326171875,15812.25296658436,9873.94921875,13374794,7413700.0
2024-11-13,15714.646484375,9831.9326171875,15779.717310557657,9873.94921875,15519.434005827028,9705.8828125,15682.1105889703,9831.9326171875,16180210,4081224.0
2024-11-14,15486.8974609375,9663.865234375,15682.10993129871,9873.94921875,15486.8974609375,9621.8486328125,15682.10993129871,9831.9326171875,12796436,6150634.0
2024-11-15,15291.6845703125,9453.78125,15486.898012249741,9663.865234375,15291.6845703125,9453.78125,15421.827186479573,9621.8486328125,17889933,9146340.0
2024-11-18,15226.61328125,9495.7978515625,15389.290823039084,9579.83203125,15031.400809879126,9411.7646484375,15291.684105040293,9453.78125,22811896,5006568.0
2024-11-19,15063.9365234375,9411.7646484375,15356.756692673194,9579.83203125,15063.9365234375,9411.7646484375,15291.684900869646,9537.8154296875,11509324,4210577.0
2024-11-20,15324.220703125,9537.8154296875,15421.827425607089,9663.865234375,15063.936431381679,9369.748046875,15063.936431381679,9369.748046875,14745093,4947306.0
2024-11-21,15617.0390625,9621.8486328125,15617.0390625,9621.8486328125,15226.613158284503,9495.7978515625,15356.7557694408,9537.8154296875,9988743,2578492.0
2024-11-22,15617.0390625,9579.83203125,15747.181673656298,9663.865234375,15551.9682392352,9495.7978515625,15584.50413318095,9621.8486328125,11150469,3705898.0
2024-11-25,15584.5048828125,10210.083984375,15649.575709207278,10210.083984375,15551.96898730174,9579.83203125,15617.039813696516,9579.83203125,7299758,22150660.0
2024-11-26,15682.1103515625,10378.1513671875,15747.182141386793,10504.2021484375,15617.039526364935,10252.1005859375,15649.575421277083,10252.1005859375,6734303,12975760.0
2024-11-27,15682.1103515625,10546.21875,15779.717071672212,10630.251953125,15551.96870116737,10210.083984375,15617.039526364935,10294.1171875,6183724,15533189.0
2024-11-28,15617.0390625,10462.1845703125,15779.716602975348,10630.251953125,15617.0390625,10462.1845703125,15747.181673656298,10630.251953125,9999369,5687724.0
2024-11-29,15714.646484375,10420.16796875,15714.646484375,10546.21875,15584.504832009687,10420.16796875,15649.575658192343,10462.1845703125,6585235,7913500.0
2024-12-02,15714.646484375,10420.16796875,15812.253205962357,10588.2353515625,15649.575658192343,10294.1171875,15747.1823797797,10504.2021484375,6239435,5927628.0
2024-12-03,15584.5048828125,10630.251953125,15747.182431112815,10714.2861328125,15584.5048828125,10252.1005859375,15714.646535602054,10420.16796875,9983278,16215654.0
2024-12-04,15519.43359375,10336.134765625,15617.039348118955,10630.251953125,15486.897699209205,10294.1171875,15551.96852366408,10630.251953125,9313992,6871774.0
2024-12-05,15974.9306640625,10504.2021484375,16007.465594657833,10546.21875,15486.898023491864,10294.1171875,15519.433918713934,10336.134765625,16029776,10459386.0
2024-12-06,15844.7880859375,10462.1845703125,16007.465633185924,10630.251953125,15844.7880859375,10420.16796875,16007.465633185924,10546.21875,9288642,7842576.0
2024-12-09,15877.32421875,10504.2021484375,15974.930941484521,10546.21875,15779.717496015479,10378.1513671875,15877.32421875,10462.1845703125,8878174,6170150.0
2024-12-10,15779.716796875,10630.251953125,15942.394339349315,10924.3701171875,15779.716796875,10546.21875,15877.323515284932,10546.21875,7604724,15183448.0
2024-12-11,15812.2529296875,10420.16796875,15877.323754733226,10672.2685546875,15682.11031496932,10378.1513671875,15779.717034851274,10630.251953125,8535714,6685063.0
2024-12-12,15812.2529296875,10336.134765625,15974.93047461518,10546.21875,15812.2529296875,10336.134765625,15877.323754733226,10504.2021484375,8726223,6527031.0
2024-12-13,15779.716796875,10294.1171875,15844.787620939383,10378.1513671875,15747.181867156163,10252.1005859375,15779.716796875,10378.1513671875,6673583,4068610.0
2024-12-16,15682.1103515625,10420.16796875,15844.787896869777,10420.16796875,15617.039526364935,10294.1171875,15779.717071672212,10336.134765625,8639848,4296852.0
2024-12-17,15714.646484375,10378.1513671875,15747.1823797797,10462.1845703125,15649.575658192343,10294.1171875,15649.575658192343,10420.16796875,5871472,2846123.0
2024-12-18,15747.1826171875,10588.2353515625,15747.1826171875,10588.2353515625,15649.575894128604,10336.134765625,15714.646721292283,10378.1513671875,5736066,8360464.0
2024-12-19,15519.43359375,10420.16796875,15649.575242659752,10504.2021484375,15486.897699209205,10336.134765625,15486.897699209205,10462.1845703125,15872663,6059599.0
2024-12-20,15617.0390625,10252.1005859375,15617.0390625,10504.2021484375,15486.8974159704,10252.1005859375,15519.43330991615,10504.2021484375,6259321,9006396.0
2024-12-23,15649.5751953125,10168.0673828125,15714.646019570506,10336.134765625,15617.039300870141,10168.0673828125,15617.039300870141,10294.1171875,4995130,7310289.0
2024-12-24,15551.96875,10126.05078125,15649.575470416194,10210.083984375,15519.433819612424,9957.9833984375,15649.575470416194,10168.0673828125,5282336,10420711.0
2024-12-25,15909.859375,10210.083984375,16137.607741042966,10294.1171875,15584.50429075956,10042.0166015625,15584.50429075956,10042.0166015625,22496608,5452818.0
2024-12-26,16202.6787109375,10210.083984375,16202.6787109375,10294.1171875,15909.859518333746,10126.05078125,15942.394448274876,10210.083984375,30215182,4191299.0
2024-12-27,16300.28515625,10084.033203125,16462.96173247692,10252.1005859375,16267.750226855296,10084.033203125,16300.28515625,10252.1005859375,25353484,4943736.0
2024-12-30,16137.6083984375,10210.083984375,16365.355809131459,10210.083984375,16137.6083984375,10042.0166015625,16365.355809131459,10084.033203125,16796518,3890705.0
2024-12-31,16332.8203125,10084.033203125,16332.8203125,10210.083984375,16137.607839540266,10084.033203125,16137.607839540266,10210.083984375,17064293,2195312.0
2025-01-01,16332.8203125,10084.033203125,16332.8203125,10084.033203125,16332.8203125,10084.033203125,16332.8203125,10084.033203125,0,0.0
2025-01-02,16397.892578125,10084.033203125,16560.569161340347,10210.083984375,16300.285856494396,10042.0166015625,16365.355718079141,10084.033203125,18877544,3600107.0
2025-01-03,16072.537109375,9915.966796875,16397.89219750724,10084.033203125,16072.537109375,9873.94921875,16397.89219750724,10084.033203125,16752040,5943455.0
2025-01-06,15877.32421875,9705.8828125,16202.679318113902,10042.0166015625,15877.32421875,9663.865234375,16072.537664219042,9915.966796875,22095704,6477051.0
2025-01-07,16201.052734375,9621.8486328125,16238.468676395705,9789.916015625,15864.31022081539,9621.8486328125,16238.468676395705,9747.8994140625,15577716,4789512.0
2025-01-08,16163.63671875,9789.916015625,16238.468602450648,9873.94921875,16051.388893199024,9621.8486328125,16051.388893199024,9621.8486328125,8627652,3393404.0
2025-01-09,16088.8046875,9831.9326171875,16238.468453528743,9873.94921875,16051.388745992816,9747.8994140625,16163.636570514373,9831.9326171875,5765100,2405823.0
2025-01-10,15826.89453125,9789.916015625,16088.805164945943,10168.0673828125,15826.89453125,9789.916015625,16051.389222328415,9831.9326171875,11459844,5640243.0
2025-01-13,16088.8046875,9915.966796875,16088.8046875,10000.0,15677.230295547686,9831.9326171875,15826.89406157643,9831.9326171875,10390512,3955322.0
2025-01-14,15939.140625,9789.916015625,16088.804388244966,10000.0,15826.893767192985,9789.916015625,16013.972506622484,9957.9833984375,7571520,2933469.0
2025-01-15,15976.556640625,10000.0,16088.804463584349,10000.0,15939.140699638549,9789.916015625,16051.3885225979,9873.94921875,6238584,3107209.0
2025-01-16,15976.556640625,10000.0,16088.804463584349,10000.0,15939.140699638549,9789.916015625,16051.3885225979,9873.94921875,6238584,3107209.0
2025-01-17,16088.8046875,9873.94921875,16088.8046875,9957.9833984375,15976.556862978445,9831.9326171875,16088.8046875,9957.9833984375,5918484,3096261.0
2025-01-20,16350.7158203125,9747.8994140625,16425.54577197855,9915.966796875,16088.804237094406,9747.8994140625,16088.804237094406,9873.94921875,10875216,4445126.0
2025-01-21,16350.7158203125,9579.83203125,16500.37765289801,9831.9326171875,16275.883939393045,9537.8154296875,16425.54577197855,9831.9326171875,8936664,6433259.0
2025-01-22,16313.30078125,9495.7978515625,16425.54667957797,9705.8828125,16275.884838722843,9495.7978515625,16425.54667957797,9621.8486328125,7869576,4520096.0
2025-01-23,16612.625,9621.8486328125,16650.040939391532,9663.865234375,16313.299414121087,9537.8154296875,16388.129363650805,9537.8154296875,18130332,4268768.0
2025-01-24,16762.2890625,9663.865234375,16799.70500257219,9663.865234375,16500.377481994667,9537.8154296875,16500.377481994667,9663.865234375,12933756,7039445.0
2025-01-27,16762.2890625,9663.865234375,16762.2890625,9663.865234375,16762.2890625,9663.865234375,16762.2890625,9663.865234375,0,0.0
2025-01-28,16762.2890625,9663.865234375,16762.2890625,9663.865234375,16762.2890625,9663.865234375,16762.2890625,9663.865234375,0,0.0
2025-01-29,16762.2890625,9663.865234375,16762.2890625,9663.865234375,16762.2890625,9663.865234375,16762.2890625,9663.865234375,0,0.0
2025-01-30,16762.2890625,9663.865234375,16762.2890625,9663.865234375,16762.2890625,9663.865234375,16762.2890625,9663.865234375,0,0.0
2025-01-31,16762.2890625,9663.865234375,16762.2890625,9663.865234375,16762.2890625,9663.865234375,16762.2890625,9663.865234375,0,0.0
2025-02-03,16500.37890625,9705.8828125,16650.04267945722,9789.916015625,16425.54701964639,9663.865234375,16500.37890625,9705.8828125,11996028,4265317.0
2025-02-04,16799.705078125,9873.94921875,16911.95289884638,9915.966796875,16537.79349644178,9705.8828125,16612.6253769227,9747.8994140625,14595636,6089349.0
2025-02-05,16837.12109375,9873.94921875,16874.53703415798,10000.0,16687.457332118072,9873.94921875,16837.12109375,10000.0,9542940,4097289.0
2025-02-06,16911.953125,9915.966796875,17173.862780932195,10042.0166015625,16874.5371842592,9873.94921875,16874.5371842592,9915.966796875,14198184,3413158.0
2025-02-07,17024.19921875,10042.0166015625,17211.278924660397,10252.1005859375,16762.28955972888,9915.966796875,16986.78327756792,9957.9833984375,18734628,11404365.0
2025-02-10,17136.447265625,9915.966796875,17398.35885731289,10084.033203125,16799.705719851176,9915.966796875,16986.783498946206,10042.0166015625,25523784,3976742.0
2025-02-11,17211.279296875,10042.0166015625,17211.279296875,10084.033203125,17099.031470901267,9915.966796875,17211.279296875,9957.9833984375,10215876,4406927.0
2025-02-12,16986.783203125,10000.0,17248.694790251757,10126.05078125,16986.783203125,9915.966796875,17211.278849233648,10042.0166015625,9485124,3507644.0
2025-02-13,17136.447265625,10210.083984375,17136.447265625,10294.1171875,16911.953544860273,9957.9833984375,17099.031323955303,9957.9833984375,9844692,8573593.0
2025-02-14,17099.03125,10210.083984375,17211.279074523613,10336.134765625,17061.61530849213,10168.0673828125,17211.279074523613,10210.083984375,10771332,4581024.0
2025-02-17,16949.369140625,10294.1171875,17136.44691590212,10504.2021484375,16911.95319971889,10168.0673828125,17136.44691590212,10294.1171875,11456280,11879532.0
2025-02-18,16986.783203125,10294.1171875,17173.862908215542,10420.16796875,16911.953250342212,10252.1005859375,16949.36919136032,10378.1513671875,13308900,2832319.0
2025-02-19,17099.03125,10420.16796875,17173.86313301574,10504.2021484375,16986.783425476387,10294.1171875,17061.61530849213,10294.1171875,12099780,8972362.0
2025-02-20,17099.03125,10252.1005859375,17211.279074523613,10462.1845703125,17099.03125,10252.1005859375,17211.279074523613,10462.1845703125,14297976,7746186.0
2025-02-21,17136.447265625,10378.1513671875,17323.526973973494,10462.1845703125,17061.615382285603,10252.1005859375,17136.447265625,10252.1005859375,27078348,7343371.0
2025-02-24,17211.279296875,10378.1513671875,17248.695238866247,10420.16796875,17061.615528910024,10294.1171875,17061.615528910024,10336.134765625,17767464,4379914.0
2025-02-25,17510.607421875,10294.1171875,17622.85332237129,10462.1845703125,17248.695819125383,10252.1005859375,17248.695819125383,10420.16796875,49758984,7490931.0
2025-02-26,17360.943359375,10168.0673828125,17622.85302850363,10336.134765625,17360.943359375,10126.05078125,17585.43901513112,10336.134765625,11057376,5382013.0
2025-02-27,17360.943359375,10084.033203125,17398.35930200102,10210.083984375,17173.8636462449,10000.0,17360.943359375,10168.0673828125,16851912,7403704.0
2025-02-28,17211.279296875,10294.1171875,17323.527122848733,10420.16796875,17173.863354883757,10126.05078125,17286.11118085749,10126.05078125,14589696,10089177.0
2025-03-03,17286.111328125,10336.134765625,17286.111328125,10546.21875,17173.86350119498,10294.1171875,17211.279443504987,10336.134765625,12138192,7230202.0
2025-03-04,17510.607421875,10210.083984375,17660.269265621235,10378.1513671875,17099.032046125605,10168.0673828125,17248.695819125383,10294.1171875,28204440,6227508.0
2025-03-05,17622.8515625,10042.0166015625,18034.426897148238,10294.1171875,17435.773794185974,10042.0166015625,17510.605673212925,10252.1005859375,40069524,8589539.0
2025-03-06,18034.427734375,10168.0673828125,18034.427734375,10168.0673828125,17585.438368622843,10042.0166015625,17735.10020437127,10084.033203125,34213212,4147269.0
2025-03-07,18333.75390625,10168.0673828125,18633.081445578246,10210.083984375,18034.428296175254,10084.033203125,18146.67612342335,10168.0673828125,62589252,4731559.0
2025-03-10,18333.75390625,10126.05078125,18633.081445578246,10252.1005859375,18296.33796383397,10126.05078125,18520.833618330154,10210.083984375,25633872,6289150.0
2025-03-11,18558.25,10126.05078125,18558.25,10126.05078125,18071.84466633241,10000.0,18109.260609634035,10042.0166015625,35005476,3896893.0
2025-03-12,18408.5859375,10168.0673828125,18707.913479209034,10210.083984375,18408.5859375,10084.033203125,18633.081593781775,10084.033203125,40864032,5532191.0
2025-03-13,18184.091796875,10042.0166015625,18483.417402522362,10252.1005859375,18109.259913149792,10000.0,18446.001460659758,10168.0673828125,30444612,6915209.0
2025-03-14,18184.091796875,10084.033203125,18296.337693209338,10084.033203125,18071.843971287188,9915.966796875,18146.675855012396,10042.0166015625,26035680,9926028.0
2025-03-17,18184.091796875,10168.0673828125,18296.337693209338,10210.083984375,18034.428029424584,10084.033203125,18258.921751346734,10168.0673828125,33794508,4756668.0
2025-03-18,17884.763671875,10840.3359375,18258.921148902424,10840.3359375,17884.763671875,10252.1005859375,18258.921148902424,10252.1005859375,35130480,42246190.0
2025-03-19,17847.34765625,10840.3359375,17959.59547766257,11092.4365234375,17735.09983483743,10756.302734375,17884.76359672086,11092.4365234375,26909520,13190079.0
2025-03-20,18146.67578125,10798.3193359375,18221.50573541757,10966.38671875,17884.764189276386,10630.251953125,17959.59607269742,10840.3359375,27908232,12749660.0
2025-03-21,18184.091796875,10462.1845703125,18333.753635071942,10798.3193359375,18109.259913149792,10462.1845703125,18184.091796875,10714.2861328125,20549100,17066147.0
2025-03-24,18258.921875,10714.2861328125,18258.921875,10714.2861328125,17922.18032520955,10420.16796875,18184.0919200215,10504.2021484375,20554248,12218563.0
2025-03-25,18109.259765625,10966.38671875,18371.169427276145,11344.5380859375,18071.8438240672,10630.251953125,18333.753485718345,10714.2861328125,16816008,30053569.0
2025-03-26,17959.595703125,10924.3701171875,18258.921301396145,11092.4365234375,17959.595703125,10798.3193359375,18071.843525946715,11050.419921875,24126036,13344660.0
2025-03-27,17884.763671875,10798.3193359375,18034.427434387333,11008.4033203125,17884.763671875,10756.302734375,17959.595553131167,11008.4033203125,16402056,5822551.0
2025-03-28,17884.763671875,10756.302734375,18034.427434387333,11050.419921875,17809.931790618833,10756.302734375,17959.595553131167,10840.3359375,17208972,10657283.0
2025-03-31,18034.427734375,10756.302734375,18034.427734375,11008.4033203125,17809.932086872202,10630.251953125,17847.34802812267,10714.2861328125,24682944,12040658.0
2025-04-01,18408.5859375,10882.3525390625,18408.5859375,10966.38671875,17959.596554189968,10798.3193359375,18071.844382330855,10798.3193359375,18373740,7794857.0
2025-04-02,18221.505859375,10756.302734375,18446.001511165297,11050.419921875,18221.505859375,10756.302734375,18408.585569200248,10924.3701171875,12920028,8198981.0
2025-04-03,16949.369140625,10042.0166015625,17735.100041146445,10504.2021484375,16949.369140625,10042.0166015625,17660.268159334224,10336.134765625,113873892,21490924.0
2025-04-04,16799.705078125,9579.83203125,16799.705078125,9747.8994140625,15789.477585512666,9369.748046875,15789.477585512666,9369.748046875,96514308,32002194.0
2025-04-07,16799.705078125,9579.83203125,16799.705078125,9579.83203125,16799.705078125,9579.83203125,16799.705078125,9579.83203125,0,0.0
2025-04-08,15639.814453125,8949.580078125,16388.13039412941,9579.83203125,15639.814453125,8949.580078125,15826.894161846152,9369.748046875,85166004,22209089.0
2025-04-09,15452.7353515625,8344.5380859375,16013.972535489394,9243.697265625,14554.755664354127,8336.134765625,14554.755664354127,8336.134765625,80816340,18922309.0
2025-04-10,16500.37890625,8907.5634765625,16500.37890625,8907.5634765625,16500.37890625,8907.5634765625,16500.37890625,8907.5634765625,2227104,464338.0
2025-04-11,17548.0234375,9495.7978515625,17585.439380904263,9495.7978515625,16762.290555264022,9243.697265625,16837.122442072552,9495.7978515625,104215848,19390574.0
2025-04-14,17548.0234375,9873.94921875,17622.853395054975,9957.9833984375,17323.52777707442,9621.8486328125,17585.439380904263,9705.8828125,41820372,10947048.0
2025-04-15,17211.279296875,9915.966796875,17510.606832804955,10000.0,17136.44741289251,9621.8486328125,17211.279296875,9873.94921875,38956236,13054895.0
2025-04-16,17136.447265625,10000.0,17398.35885731289,10210.083984375,17024.199440615903,9831.9326171875,17211.279148964397,9915.966796875,28904040,11233243.0
2025-04-17,17211.279296875,10084.033203125,17211.279296875,10084.033203125,16911.953690198527,9873.94921875,16986.783644927535,9915.966796875,28477020,7196168.0
2025-04-18,17398.359375,10084.033203125,17548.02314613203,10168.0673828125,17248.695603867967,10042.0166015625,17286.111546650976,10168.0673828125,41663028,8365819.0
2025-04-21,17173.86328125,10168.0673828125,17585.43864138904,10336.134765625,17061.615455757536,10084.033203125,17585.43864138904,10336.134765625,49029816,7073360.0
2025-04-22,17286.111328125,9957.9833984375,17323.527270435006,10294.1171875,16126.220975021799,9495.7978515625,17099.03161657497,10126.05078125,59895000,20388151.0
2025-04-23,17510.607421875,10042.0166015625,17735.101152121126,10084.033203125,17286.11176237533,9915.966796875,17548.023365124944,10084.033203125,44695992,5598474.0
2025-04-24,17398.359375,10084.033203125,17510.607203349024,10126.05078125,17248.695603867967,9957.9833984375,17510.607203349024,10084.033203125,23890812,8791958.0
2025-04-25,17622.8515625,10000.0,17772.515320553906,10126.05078125,17435.773794185974,9915.966796875,17585.437552239877,10126.05078125,53738784,7527583.0
2025-04-28,17735.099609375,9873.94921875,17847.347429360587,10042.0166015625,17622.851789389413,9831.9326171875,17809.931489365394,10042.0166015625,30453060,5818743.0
2025-04-29,17622.8515625,9957.9833984375,17772.515320553906,10084.033203125,17622.8515625,9831.9326171875,17735.09938104043,9873.94921875,17396016,6441232.0
2025-04-30,17622.8515625,9957.9833984375,17622.8515625,9957.9833984375,17622.8515625,9957.9833984375,17622.8515625,9957.9833984375,0,0.0
2025-05-01,17622.8515625,9957.9833984375,17622.8515625,9957.9833984375,17622.8515625,9957.9833984375,17622.8515625,9957.9833984375,0,0.0
2025-05-02,17622.8515625,9957.9833984375,17622.8515625,9957.9833984375,17622.8515625,9957.9833984375,17622.8515625,9957.9833984375,0,0.0
2025-05-05,17622.8515625,10336.134765625,17772.515320553906,10336.134765625,17548.0216127264,9915.966796875,17735.09938104043,10084.033203125,24891504,15288168.0
2025-05-06,17622.8515625,10336.134765625,17772.515320553906,10336.134765625,17548.0216127264,9915.966796875,17735.09938104043,10084.033203125,24891504,15288168.0
2025-05-07,17622.8515625,10252.1005859375,17735.09938104043,10420.16796875,17585.437552239877,10210.083984375,17660.267502013477,10378.1513671875,30087552,7692993.0
2025-05-08,17398.359375,10672.2685546875,17660.26904522753,10966.38671875,17360.94343221699,10252.1005859375,17622.853102444526,10252.1005859375,28899288,29774633.0
2025-05-09,17622.8515625,10756.302734375,17660.267502013477,10840.3359375,17360.94191515902,10630.251953125,17435.773794185974,10756.302734375,27741648,10824121.0
2025-05-12,17809.931640625,10882.3525390625,17884.763521250938,11218.4873046875,17473.19010706167,10756.302734375,17510.60604737464,11050.419921875,45799512,17755633.0
2025-05-13,17809.931640625,10882.3525390625,17884.763521250938,11218.4873046875,17473.19010706167,10756.302734375,17510.60604737464,11050.419921875,45799512,17755633.0
2025-05-14,18333.75390625,10756.302734375,18333.75390625,10924.3701171875,17959.596411343195,10756.302734375,17997.012353759226,10924.3701171875,52922892,9543681.0
2025-05-15,18333.75390625,10840.3359375,18483.417675914123,11008.4033203125,18221.506079001905,10714.2861328125,18333.75390625,10798.3193359375,39163476,11138876.0
2025-05-16,18745.328125,10798.3193359375,19044.65371674624,10924.3701171875,18408.584663875423,10672.2685546875,18408.584663875423,10882.3525390625,91189692,10132374.0
2025-05-19,18408.5859375,10840.3359375,18633.081593781775,11218.4873046875,18221.506223931854,10798.3193359375,18333.75405207274,10840.3359375,33384780,16503634.0
2025-05-20,18408.5859375,10840.3359375,18633.081593781775,11218.4873046875,18221.506223931854,10798.3193359375,18333.75405207274,10840.3359375,33384780,16503634.0
2025-05-21,18595.666015625,10966.38671875,18782.74573286073,11092.4365234375,18333.754411494978,10798.3193359375,18483.41818528356,10924.3701171875,41426352,13933591.0
2025-05-22,18745.328125,11050.419921875,19119.485596996146,11176.470703125,18595.664364500186,10924.3701171875,18857.574016121474,10966.38671875,40084836,15323035.0
2025-05-23,18446.001953125,11428.5712890625,18969.823223932795,11554.6220703125,18333.75412454043,11050.419921875,18969.823223932795,11050.419921875,34004256,28684831.0
2025-05-26,18558.25,11344.5380859375,18558.25,11344.5380859375,17959.596836427532,10882.3525390625,18483.418113396747,11260.50390625,24090000,13168897.0
2025-05-27,18558.25,11344.5380859375,18558.25,11344.5380859375,17959.596836427532,10882.3525390625,18483.418113396747,11260.50390625,24090000,13168897.0
2025-05-28,18520.833984375,11344.5380859375,18707.91370015259,11638.6552734375,18446.002098063964,11260.50390625,18707.91370015259,11428.5712890625,23689776,18578756.0
2025-05-29,18408.5859375,11344.5380859375,18595.665651068146,11470.587890625,18371.16999478637,11134.4541015625,18595.665651068146,11428.5712890625,18944376,13726650.0
2025-05-30,18333.75390625,11176.470703125,18520.833618330154,11344.5380859375,18296.33796383397,11134.4541015625,18520.833618330154,11344.5380859375,16851912,8963080.0
2025-06-02,18408.5859375,11302.521484375,18483.41782292726,11386.5546875,18071.844382330855,10966.38671875,18296.338109359112,11008.4033203125,25323276,12444306.0
2025-06-03,18408.5859375,11302.521484375,18483.41782292726,11386.5546875,18071.844382330855,10966.38671875,18296.338109359112,11008.4033203125,25323276,12444306.0
2025-06-04,18483.41796875,11302.521484375,18558.249854767637,11470.587890625,18446.00202574118,11218.4873046875,18446.00202574118,11344.5380859375,25405248,9733605.0
2025-06-05,18371.169921875,11386.5546875,18558.249634700664,11764.7060546875,18333.753979309866,11344.5380859375,18520.833692135533,11386.5546875,17797164,23806188.0
2025-06-06,18258.921875,11512.60546875,18446.001585579965,11512.60546875,18258.921875,11218.4873046875,18371.16970134798,11470.587890625,13195776,9287355.0
2025-06-09,18146.67578125,11008.4033203125,18184.09172296052,11386.5546875,18034.427956118452,11008.4033203125,18071.843897828967,11302.521484375,17213328,12427765.0
2025-06-10,18146.67578125,11008.4033203125,18184.09172296052,11386.5546875,18034.427956118452,11008.4033203125,18071.843897828967,11302.521484375,17213328,12427765.0
2025-06-11,18109.259765625,10966.38671875,18371.169427276145,11134.4541015625,18034.4278825094,10966.38671875,18184.0916487406,11008.4033203125,17078424,7549955.0
2025-06-12,18146.67578125,10882.3525390625,18184.09172296052,11050.419921875,18071.843897828967,10840.3359375,18109.259839539485,11008.4033203125,8142948,8149596.0
2025-06-13,18483.41796875,10966.38671875,18483.41796875,11008.4033203125,18184.09235393299,10882.3525390625,18184.09235393299,10924.3701171875,29756628,5867057.0
2025-06-16,18782.744140625,10966.38671875,18857.574091922314,11050.419921875,18558.248498972887,10798.3193359375,18595.66443924824,10798.3193359375,27877476,8700209.0
2025-06-17,18782.744140625,10966.38671875,18857.574091922314,11050.419921875,18558.248498972887,10798.3193359375,18595.66443924824,10798.3193359375,27877476,8700209.0
2025-06-18,18707.912109375,11092.4365234375,19007.237699913247,11092.4365234375,18595.664289453143,10840.3359375,18894.989879991386,10924.3701171875,29007132,7906836.0
2025-06-19,18745.328125,11008.4033203125,18932.405896371383,11176.470703125,18633.080304625142,10924.3701171875,18782.744065124953,11176.470703125,34570536,7315525.0
2025-06-20,18782.744140625,10924.3701171875,18857.574091922314,11008.4033203125,18670.496319798945,10798.3193359375,18857.574091922314,10966.38671875,20043672,6373045.0
2025-06-23,19381.3984375,10966.38671875,19531.0602784732,11134.4541015625,19082.070897046582,10924.3701171875,19119.486839603258,11008.4033203125,31260240,8562050.0
2025-06-24,19381.3984375,10966.38671875,19531.0602784732,11134.4541015625,19082.070897046582,10924.3701171875,19119.486839603258,11008.4033203125,31260240,8562050.0
2025-06-25,19381.3984375,11008.4033203125,19755.555933813263,11092.4365234375,19381.3984375,10924.3701171875,19531.0602784732,11008.4033203125,34299144,6034133.0
2025-06-26,19156.90234375,10924.3701171875,19493.643889800183,11092.4365234375,19156.90234375,10882.3525390625,19456.22794809978,11050.419921875,27713400,6452061.0
2025-06-27,19381.3984375,10882.3525390625,19381.3984375,10966.38671875,19082.070897046582,10840.3359375,19231.73466727329,10882.3525390625,25666608,4235091.0
2025-06-30,19306.56640625,10924.3701171875,19381.39829079693,11008.4033203125,19231.734521703067,10882.3525390625,19269.150463976534,10924.3701171875,14155416,5998790.0
2025-07-01,19306.56640625,10924.3701171875,19381.39829079693,11008.4033203125,19231.734521703067,10882.3525390625,19269.150463976534,10924.3701171875,14155416,5998790.0
2025-07-02,19456.228515625,10924.3701171875,19568.47634400041,10966.38671875,19306.56667371131,10798.3193359375,19381.398559294918,10924.3701171875,29494212,6039845.0
2025-07-03,19493.64453125,10840.3359375,19680.724245907993,10924.3701171875,19456.2285883184,10798.3193359375,19493.64453125,10882.3525390625,18474324,5295500.0
2025-07-04,19418.814453125,11134.4541015625,19718.1400654512,11260.50390625,19418.814453125,10924.3701171875,19568.47629466134,10924.3701171875,33749100,24326337.0
2025-07-07,19755.5546875,11302.521484375,19830.386567892456,11470.587890625,19531.059046322633,11218.4873046875,19531.059046322633,11344.5380859375,24533388,13649776.0
2025-07-08,19755.5546875,11302.521484375,19830.386567892456,11470.587890625,19531.059046322633,11218.4873046875,19531.059046322633,11344.5380859375,24533388,13649776.0
2025-07-09,19755.5546875,11302.521484375,19980.050328677367,11386.5546875,19718.138747303772,11176.470703125,19830.386567892456,11302.521484375,21264408,12398253.0
2025-07-10,19905.21875,11386.5546875,20054.882513053453,11596.638671875,19755.554986946547,11260.50390625,19867.802809236637,11344.5380859375,33370260,24391073.0
2025-07-11,19792.970703125,11344.5380859375,19980.05040481908,11470.587890625,19755.554762786185,11302.521484375,19980.05040481908,11386.5546875,19024236,12834507.0
2025-07-14,20054.8828125,11722.689453125,20129.71276589062,11890.755859375,19755.555281923727,11512.60546875,20017.466871177967,11554.6220703125,19865076,29003870.0
2025-07-15,20054.8828125,11722.689453125,20129.71276589062,11890.755859375,19755.555281923727,11512.60546875,20017.466871177967,11554.6220703125,19865076,29003870.0
2025-07-16,19905.21875,11512.60546875,20279.376228380217,11764.7060546875,19905.21875,11512.60546875,20054.882513053453,11764.7060546875,25506360,15070636.0
2025-07-17,19980.05078125,11554.6220703125,20017.466722293746,11680.671875,19792.971076031274,11470.587890625,19830.38701707502,11512.60546875,23255364,12409677.0
2025-07-18,20017.466796875,11554.6220703125,20129.71269117101,11806.72265625,19867.8030321424,11470.587890625,20017.466796875,11638.6552734375,22889988,13488888.0
2025-07-21,20167.12890625,11722.689453125,20690.95016067483,12016.806640625,20129.712964558694,11722.689453125,20429.040498089147,11890.755859375,23693208,19357492.0
2025-07-22,20167.12890625,11722.689453125,20690.95016067483,12016.806640625,20129.712964558694,11722.689453125,20429.040498089147,11890.755859375,23693208,19357492.0
2025-07-23,20316.79296875,11722.689453125,20316.79296875,11764.7060546875,19942.635475644096,11554.6220703125,20129.7132575703,11722.689453125,20413272,14916293.0
2025-07-24,20503.873046875,11764.7060546875,20653.5368184972,11974.7900390625,20279.3773894417,11680.671875,20354.2092752528,11848.7392578125,35892516,18749759.0
2025-07-25,21252.189453125,11764.7060546875,21289.605395110466,11890.755859375,20616.1203686256,11638.6552734375,20616.1203686256,11848.7392578125,52806600,10824002.0
2025-07-28,21514.099609375,12436.974609375,21514.099609375,12521.0087890625,21214.77399590507,11974.7900390625,21289.605881585932,12184.8740234375,32868264,28686259.0
2025-07-29,21514.099609375,12436.974609375,21514.099609375,12521.0087890625,21214.77399590507,11974.7900390625,21289.605881585932,12184.8740234375,32868264,28686259.0
2025-07-30,20092.296875,12226.890625,21588.930673131003,12815.1259765625,20092.296875,12184.8740234375,21551.514731715055,12689.0751953125,64665348,36511818.0
2025-07-31,20503.873046875,12184.8740234375,20840.614603771424,12478.9912109375,20092.29767491395,11974.7900390625,20354.2092752528,12394.9580078125,42378336,21150346.0
2025-08-01,20541.2890625,12100.8408203125,20803.198734512524,12563.025390625,20167.129632119915,12100.8408203125,20690.9509053985,12521.0087890625,32961456,18545674.0
2025-08-04,20803.197265625,12394.9580078125,20803.197265625,12478.9912109375,20241.960088936656,11932.7734375,20279.376029332772,12058.8232421875,28041024,15912561.0
2025-08-05,20803.197265625,12394.9580078125,20803.197265625,12478.9912109375,20241.960088936656,11932.7734375,20279.376029332772,12058.8232421875,28041024,15912561.0
2025-08-06,22225.0,12184.8740234375,22225.0,12647.05859375,20690.950243055555,11764.7060546875,21626.346859809026,12521.0087890625,93857148,32857566.0
2025-08-07,22898.484375,12394.9580078125,23160.39403120677,12521.0087890625,22599.156848759787,12142.857421875,22823.652493439946,12352.94140625,40108332,13473061.0
2025-08-08,23010.732421875,12521.0087890625,23160.394257202068,12563.025390625,22711.404892714,12226.890625,23122.980245310377,12521.0087890625,35614524,13544580.0
2025-08-11,23796.462890625,12689.0751953125,24282.87011658349,12941.1767578125,22973.316059048204,12647.05859375,23048.147939964896,12899.1591796875,64244004,12693492.0
2025-08-12,24245.455078125,12689.0751953125,24245.455078125,12941.1767578125,23684.2178796236,12647.05859375,24170.62319442435,12899.1591796875,74742888,12693492.0
2025-08-13,25800.0,13571.4287109375,25800.0,13571.4287109375,24700.0,12605.0419921875,25400.0,12815.1259765625,79609900,47141255.0
2025-08-14,25800.0,13907.5634765625,25800.0,14075.6298828125,24700.0,13571.4287109375,25400.0,13907.5634765625,79609900,25048548.0
2025-08-15,27600.0,13781.5126953125,27600.0,14075.6298828125,27600.0,13529.412109375,27600.0,14033.61328125,40320900,19944519.0
2025-08-18,27800.0,13739.49609375,28600.0,13907.5634765625,27650.0,13361.3447265625,28550.0,13613.4453125,51031700,18999659.0
2025-08-19,27800.0,13739.49609375,28600.0,13907.5634765625,27650.0,13361.3447265625,28550.0,13613.4453125,51031700,18999659.0
2025-08-20,28200.0,13613.4453125,29400.0,14075.6298828125,27900.0,13613.4453125,28350.0,13949.580078125,54011900,19277762.0
2025-08-21,27800.0,13403.361328125,28300.0,13781.5126953125,26850.0,12815.1259765625,28200.0,13781.5126953125,77393200,25449340.0
2025-08-22,28200.0,13529.412109375,28700.0,13865.5458984375,27750.0,13319.328125,28050.0,13571.4287109375,57150300,16199113.0
2025-08-25,26200.0,13361.3447265625,27300.0,14033.61328125,25800.0,13067.2265625,27150.0,14033.61328125,56190300,14483966.0
2025-08-26,26200.0,13361.3447265625,27300.0,14033.61328125,25800.0,13067.2265625,27150.0,14033.61328125,56190300,14483966.0
2025-08-27,27550.0,13571.4287109375,27600.0,13571.4287109375,26100.0,13109.244140625,26200.0,13193.27734375,40433700,15039220.0
2025-08-28,27400.0,13781.5126953125,28250.0,14159.6640625,27400.0,13319.328125,28200.0,13613.4453125,39077600,26487615.0
2025-08-29,27200.0,13823.529296875,27550.0,13949.580078125,26700.0,13655.4619140625,27400.0,13865.5458984375,32467000,13063820.0
2025-09-01,27200.0,13823.529296875,27200.0,13823.529296875,27200.0,13823.529296875,27200.0,13823.529296875,0,0.0
2025-09-02,27200.0,13823.529296875,27200.0,13823.529296875,27200.0,13823.529296875,27200.0,13823.529296875,0,0.0
2025-09-03,28450.0,13907.5634765625,28800.0,14117.6474609375,27500.0,13781.5126953125,27800.0,13949.580078125,46653600,10665494.0
2025-09-04,28450.0,13907.5634765625,28800.0,14117.6474609375,27500.0,13781.5126953125,27800.0,13949.580078125,46653600,10665494.0
2025-09-05,28250.0,14075.6298828125,28600.0,14663.865234375,28100.0,13991.5966796875,28450.0,14117.6474609375,28054200,31119809.0
2025-09-08,26700.0,12773.109375,27250.0,13697.478515625,26700.0,12773.109375,27200.0,13613.4453125,62869000,26110147.0
2025-09-09,26700.0,12773.109375,27250.0,13697.478515625,26700.0,12773.109375,27200.0,13613.4453125,62869000,26110147.0
2025-09-10,26650.0,12773.109375,27000.0,13067.2265625,26300.0,12563.025390625,26700.0,12899.1591796875,32840700,14823711.0
2025-09-11,26950.0,12689.0751953125,27550.0,12815.1259765625,26800.0,12605.0419921875,27000.0,12815.1259765625,28898300,7302673.0
2025-09-12,26700.0,12731.0927734375,26950.0,12815.1259765625,26050.0,12352.94140625,26800.0,12647.05859375,31166200,11816224.0
2025-09-15,26700.0,13151.2607421875,26700.0,13235.2939453125,26700.0,12941.1767578125,26700.0,13025.2099609375,0,31505726.0
2025-09-16,26850.0,13151.2607421875,26850.0,13235.2939453125,26550.0,12941.1767578125,26750.0,13025.2099609375,21483300,31505726.0
2025-09-17,27500.0,12983.193359375,27850.0,13319.328125,27050.0,12857.142578125,27100.0,13235.2939453125,51366800,22257641.0
2025-09-18,27000.0,12815.1259765625,27550.0,13067.2265625,27000.0,12773.109375,27400.0,12983.193359375,15819100,11272751.0
2025-09-19,26800.0,12899.1591796875,27100.0,12983.193359375,26600.0,12731.0927734375,26950.0,12899.1591796875,17716200,7388115.0
2025-09-22,26150.0,12647.05859375,26600.0,12899.1591796875,26100.0,12521.0087890625,26550.0,12857.142578125,26372700,13795551.0
2025-09-23,26150.0,12647.05859375,26600.0,12899.1591796875,26100.0,12521.0087890625,26550.0,12857.142578125,26372700,13795551.0
2025-09-24,26350.0,12563.025390625,26550.0,12773.109375,26150.0,12563.025390625,26450.0,12689.0751953125,10100400,6876058.0
2025-09-25,26800.0,12689.0751953125,26800.0,12689.0751953125,25900.0,12394.9580078125,26350.0,12647.05859375,22752100,8593585.0
2025-09-26,26550.0,12773.109375,27000.0,12941.1767578125,26400.0,12731.0927734375,27000.0,12773.109375,15489700,9411829.0
2025-09-29,26150.0,12394.9580078125,26350.0,12689.0751953125,26100.0,12352.94140625,26250.0,12605.0419921875,16253000,8193269.0
2025-09-30,26150.0,12394.9580078125,26350.0,12689.0751953125,26100.0,12352.94140625,26250.0,12605.0419921875,16253000,8193269.0
2025-10-01,26200.0,12058.8232421875,26600.0,12521.0087890625,26050.0,11974.7900390625,26200.0,12436.974609375,19759800,13603961.0
2025-10-02,26400.0,12100.8408203125,26600.0,12226.890625,26150.0,12058.8232421875,26250.0,12100.8408203125,11544600,6083637.0
2025-10-03,26800.0,11932.7734375,27350.0,12226.890625,26450.0,11932.7734375,26500.0,12142.857421875,44086100,5498990.0
2025-10-06,27350.0,12142.857421875,27500.0,12142.857421875,26650.0,11848.7392578125,26950.0,11848.7392578125,38982400,7049679.0
2025-10-07,27350.0,12142.857421875,27500.0,12142.857421875,26650.0,11848.7392578125,26950.0,11848.7392578125,38982400,7049679.0
2025-10-08,26850.0,12016.806640625,27550.0,12310.9248046875,26850.0,12016.806640625,27500.0,12310.9248046875,22188300,6821437.0
2025-10-09,26850.0,12058.8232421875,27300.0,12226.890625,26850.0,11974.7900390625,27200.0,12184.8740234375,32173000,6048651.0
2025-10-10,27350.0,12268.9072265625,27400.0,12268.9072265625,26850.0,11932.7734375,27000.0,12100.8408203125,38667700,7768915.0
2025-10-13,27350.0,12058.8232421875,27400.0,12142.857421875,27000.0,11932.7734375,27150.0,12100.8408203125,46449900,7179151.0
2025-10-14,27350.0,12058.8232421875,27400.0,12142.857421875,27000.0,11932.7734375,27150.0,12100.8408203125,46449900,7179151.0
2025-10-15,27050.0,12058.8232421875,27700.0,12310.9248046875,27050.0,12016.806640625,27500.0,12142.857421875,49401300,8786960.0
2025-10-16,27250.0,12016.806640625,27650.0,12226.890625,27100.0,11974.7900390625,27150.0,12184.8740234375,31486300,7178437.0
2025-10-17,27200.0,12058.8232421875,27550.0,12142.857421875,27150.0,11974.7900390625,27300.0,12016.806640625,26482800,7636944.0
2025-10-20,25250.0,11092.4365234375,27100.0,11974.7900390625,25250.0,11092.4365234375,26950.0,11890.755859375,74530200,17721242.0
2025-10-21,25250.0,11092.4365234375,27100.0,11974.7900390625,25250.0,11092.4365234375,26950.0,11890.755859375,74530200,17721242.0
2025-10-22,25300.0,11218.4873046875,26000.0,11260.50390625,24800.0,10840.3359375,25350.0,11050.419921875,51668400,12078619.0
2025-10-23,25450.0,11386.5546875,25650.0,11470.587890625,24800.0,11218.4873046875,25600.0,11344.5380859375,29596300,6111721.0
2025-10-24,25200.0,11386.5546875,25700.0,11470.587890625,25200.0,11302.521484375,25500.0,11428.5712890625,19904800,3613197.0
2025-10-27,23800.0,11638.6552734375,24650.0,11638.6552734375,23800.0,11302.521484375,24550.0,11302.521484375,52326000,9892113.0
2025-10-28,23800.0,11638.6552734375,24650.0,11638.6552734375,23800.0,11302.521484375,24550.0,11302.521484375,52326000,9892113.0
2025-10-29,24000.0,11638.6552734375,24000.0,11680.671875,23150.0,11344.5380859375,23800.0,11680.671875,49519800,5378443.0
2025-10-30,24350.0,12016.806640625,24600.0,12100.8408203125,24050.0,11596.638671875,24200.0,11680.671875,24107400,13345374.0
2025-10-31,23950.0,11932.7734375,24400.0,12058.8232421875,23850.0,11764.7060546875,24400.0,12058.8232421875,24498600,5759362.0
2025-11-03,23100.0,11974.7900390625,24000.0,12268.9072265625,23100.0,11974.7900390625,23700.0,12142.857421875,29961200,6347698.0
2025-11-04,24000.0,11974.7900390625,24350.0,12058.8232421875,23200.0,11512.60546875,23500.0,12016.806640625,38226500,7837697.0
2025-11-05,24000.0,11974.7900390625,24350.0,12058.8232421875,23200.0,11512.60546875,23500.0,12016.806640625,38226500,7837697.0
2025-11-06,23700.0,12226.890625,24100.0,12436.974609375,23600.0,12184.8740234375,24000.0,12394.9580078125,10717900,4909226.0
2025-11-07,23300.0,11932.7734375,23750.0,12310.9248046875,23150.0,11806.72265625,23750.0,12268.9072265625,21326700,8113896.0
2025-11-10,23100.0,11848.7392578125,23600.0,12100.8408203125,23050.0,11764.7060546875,23300.0,11848.7392578125,17025200,5200062.0
2025-11-11,23200.0,11806.72265625,23350.0,12016.806640625,23000.0,11764.7060546875,23150.0,11890.755859375,15211100,3989356.0
2025-11-12,23700.0,11974.7900390625,23800.0,11974.7900390625,23200.0,11806.72265625,23350.0,11848.7392578125,17528300,5843852.0
2025-11-13,23500.0,12352.94140625,23800.0,12478.9912109375,23500.0,11974.7900390625,23750.0,12016.806640625,19631300,14398643.0
2025-11-14,23500.0,12521.0087890625,23650.0,12647.05859375,23300.0,12310.9248046875,23450.0,12310.9248046875,16560800,11527649.0
2025-11-17,23800.0,12857.142578125,23950.0,12941.1767578125,23600.0,12521.0087890625,23600.0,12647.05859375,16843400,12609002.0
2025-11-18,23700.0,12689.0751953125,23950.0,12857.142578125,23700.0,12563.025390625,23800.0,12773.109375,19492900,7324450.0
2025-11-19,23500.0,12521.0087890625,23800.0,12731.0927734375,23400.0,12478.9912109375,23750.0,12647.05859375,16581700,5814102.0
2025-11-20,23350.0,12563.025390625,23700.0,12647.05859375,23300.0,12436.974609375,23700.0,12563.025390625,13622300,4919817.0
2025-11-21,23200.0,12563.025390625,23250.0,12773.109375,23000.0,12436.974609375,23250.0,12605.0419921875,26669000,10060260.0
2025-11-24,23150.0,12689.0751953125,23400.0,12941.1767578125,23050.0,12563.025390625,23250.0,12605.0419921875,10531000,11029634.0
2025-11-25,22850.0,12436.974609375,23300.0,12815.1259765625,22800.0,12436.974609375,23200.0,12815.1259765625,18502700,9403261.0
2025-11-26,23250.0,12773.109375,23450.0,12773.109375,22850.0,12521.0087890625,22900.0,12563.025390625,21635300,9734319.0
2025-11-27,23500.0,12815.1259765625,23650.0,12941.1767578125,23300.0,12731.0927734375,23350.0,12899.1591796875,22892300,8915123.0
2025-11-28,23250.0,12815.1259765625,23500.0,13277.310546875,23250.0,12815.1259765625,23500.0,12983.193359375,11759400,14720300.0
2025-12-01,23200.0,12521.0087890625,23400.0,12899.1591796875,23200.0,12521.0087890625,23300.0,12857.142578125,7796300,8744953.0
2025-12-02,23550.0,12521.0087890625,23600.0,12773.109375,23000.0,12352.94140625,23200.0,12563.025390625,19166400,11480406.0
2025-12-03,24550.0,12478.9912109375,24600.0,12647.05859375,23550.0,12478.9912109375,23550.0,12647.05859375,56674900,6519534.0
2025-12-04,24550.0,12647.05859375,24600.0,12857.142578125,23550.0,12521.0087890625,23550.0,12521.0087890625,56674900,10963351.0
2025-12-05,25150.0,12647.05859375,25800.0,12857.142578125,25100.0,12605.0419921875,25800.0,12689.0751953125,29444500,9689456.0
2025-12-08,25300.0,12436.974609375,25550.0,12773.109375,24850.0,12436.974609375,25000.0,12731.0927734375,22616800,10124877.0
2025-12-09,24700.0,12184.8740234375,25200.0,12563.025390625,24350.0,12184.8740234375,25050.0,12478.9912109375,34378900,17597720.0
2025-12-10,25150.0,12300.0,25450.0,12550.0,24600.0,12200.0,24700.0,12300.0,25865300,8521300.0
2025-12-11,24850.0,12100.0,25300.0,12350.0,24700.0,12050.0,25250.0,12350.0,15190600,3715500.0
2025-12-12,24000.0,11550.0,24950.0,12150.0,24000.0,11500.0,24900.0,12100.0,21849200,8617100.0
2025-12-15,23750.0,12000.0,24200.0,12000.0,23650.0,11600.0,24000.0,11600.0,16023100,5197900.0
2025-12-16,24450.0,12400.0,24750.0,12400.0,23500.0,11850.0,23850.0,12050.0,21422000,7467400.0
2025-12-17,24400.0,12300.0,24700.0,12400.0,24350.0,12150.0,24550.0,12350.0,9524600,3601800.0
2025-12-18,24400.0,12300.0,24700.0,12400.0,24350.0,12150.0,24550.0,12350.0,9524600,3601800.0
2025-12-19,24700.0,12200.0,24700.0,12350.0,24500.0,12200.0,24650.0,12350.0,10343600,2731700.0
2025-12-22,25250.0,12700.0,25400.0,12750.0,24650.0,12200.0,24850.0,12250.0,26664100,14589100.0
2025-12-23,25100.0,12800.0,25650.0,12900.0,24900.0,12550.0,25350.0,12700.0,21996200,8467300.0
2025-12-24,25300.0,12750.0,25550.0,12850.0,24950.0,12600.0,25100.0,12850.0,24794700,5859900.0
2025-12-25,25300.0,12750.0,25550.0,12850.0,24950.0,12600.0,25100.0,12850.0,24794700,5859900.0
2025-12-26,24850.0,12800.0,25000.0,12850.0,24200.0,12450.0,24700.0,12500.0,24369500,9882400.0
2025-12-29,24850.0,13000.0,25000.0,13150.0,24700.0,12850.0,24850.0,12850.0,11448200,14981100.0
2025-12-30,25000.0,12800.0,25200.0,13100.0,24850.0,12750.0,24900.0,13050.0,12056900,4526600.0
2025-12-31,25300.0,12700.0,25300.0,12900.0,24950.0,12700.0,25000.0,12800.0,23824800,6650400.0
2026-01-01,25300.0,12700.0,25300.0,12700.0,25300.0,12700.0,25300.0,12700.0,0,0.0
2026-01-02,25300.0,12700.0,25300.0,12700.0,25300.0,12700.0,25300.0,12700.0,0,0.0
2026-01-05,25350.0,12650.0,25750.0,12900.0,24000.0,12500.0,25350.0,12750.0,36858500,8719400.0
2026-01-06,26650.0,12750.0,26750.0,13150.0,25000.0,12650.0,25450.0,12650.0,72144100,16439400.0
2026-01-07,26700.0,13600.0,26850.0,13600.0,26450.0,12850.0,26750.0,12850.0,33897900,24435000.0
2026-01-08,26600.0,14000.0,27150.0,14550.0,26500.0,13850.0,26750.0,14100.0,47534900,41937800.0
2026-01-09,27300.0,14400.0,27700.0,14800.0,26700.0,14050.0,26750.0,14050.0,66065300,24392800.0
2026-01-12,28200.0,14150.0,28200.0,14750.0,27550.0,13800.0,27550.0,14550.0,56968300,27214700.0
2026-01-13,27550.0,14600.0,28300.0,14950.0,27450.0,13900.0,28250.0,14150.0,45769000,26788100.0
2026-01-14,27150.0,14600.0,27950.0,15200.0,26850.0,14400.0,27600.0,14900.0,45126300,30743400.0
2026-01-15,27250.0,14250.0,27550.0,14650.0,26800.0,14100.0,27050.0,14600.0,34596800,16912800.0
2026-01-16,27050.0,14250.0,27700.0,14850.0,27050.0,14200.0,27400.0,14450.0,20359500,19219400.0
2026-01-19,27500.0,14250.0,27600.0,14500.0,27150.0,14150.0,27200.0,14350.0,27218600,9798300.0
2026-01-20,27400.0,14300.0,28000.0,14800.0,27100.0,14250.0,27750.0,14450.0,28109000,16837400.0
2026-01-21,27000.0,14650.0,27500.0,14650.0,26900.0,14100.0,27300.0,14250.0,27066700,17983100.0
2026-01-22,26950.0,14800.0,27450.0,15200.0,26900.0,14650.0,27150.0,15000.0,17506700,24156000.0
2026-01-23,26950.0,13900.0,27100.0,14800.0,26650.0,13900.0,26950.0,14800.0,23036800,18342700.0
2026-01-26,26100.0,14000.0,26850.0,14300.0,26000.0,13750.0,26750.0,13950.0,31708000,17346500.0
2026-01-27,26500.0,14000.0,26600.0,14200.0,26100.0,13600.0,26150.0,13900.0,19201000,15959100.0
2026-01-28,26550.0,13800.0,26750.0,14300.0,26200.0,13800.0,26550.0,14200.0,17954900,17763300.0
2026-01-29,26700.0,13400.0,26950.0,13950.0,26300.0,13350.0,26900.0,13850.0,19308300,16579300.0
2026-01-30,27200.0,13750.0,27200.0,13850.0,26600.0,13500.0,26750.0,13550.0,28064600,13390500.0
2026-02-02,27300.0,14350.0,27600.0,14350.0,26950.0,13700.0,27200.0,13950.0,25977600,20015100.0
2026-02-03,27700.0,14300.0,28100.0,14650.0,27500.0,14300.0,27500.0,14500.0,50769200,21236600.0
2026-02-04,27800.0,14450.0,28100.0,14750.0,27550.0,14250.0,27850.0,14400.0,25733700,27814500.0
2026-02-05,27050.0,14200.0,27900.0,14700.0,27050.0,14200.0,27850.0,14500.0,25285900,13901600.0
2026-02-06,27350.0,13500.0,28100.0,14150.0,26450.0,13500.0,27000.0,14050.0,49957800,21388700.0
2026-02-09,27600.0,13450.0,28100.0,13800.0,27400.0,13400.0,27800.0,13700.0,25413800,8185700.0
2026-02-10,27850.0,12950.0,28500.0,13550.0,27500.0,12800.0,27800.0,13500.0,51318500,18560100.0
2026-02-11,29000.0,13200.0,29500.0,13350.0,28050.0,13000.0,28100.0,13000.0,104577300,7311600.0
2026-02-12,28350.0,13300.0,29300.0,13450.0,28300.0,13200.0,29300.0,13250.0,27983900,3920800.0
2026-02-13,28300.0,13400.0,28600.0,13450.0,28300.0,13200.0,28600.0,13300.0,21371900,4231000.0
2026-02-16,28300.0,13400.0,28300.0,13400.0,28300.0,13400.0,28300.0,13400.0,0,0.0
2026-02-17,28300.0,13400.0,28300.0,13400.0,28300.0,13400.0,28300.0,13400.0,0,0.0
2026-02-18,28300.0,13400.0,28300.0,13400.0,28300.0,13400.0,28300.0,13400.0,0,0.0
2026-02-19,28300.0,13400.0,28300.0,13400.0,28300.0,13400.0,28300.0,13400.0,0,0.0
2026-02-20,28300.0,13400.0,28300.0,13400.0,28300.0,13400.0,28300.0,13400.0,0,0.0
2026-02-23,28350.0,13850.0,28850.0,13900.0,28300.0,13550.0,28800.0,13600.0,19036000,10127000.0
2026-02-24,28250.0,13900.0,28500.0,14000.0,28150.0,13700.0,28500.0,13850.0,27187100,8912800.0
2026-02-25,28750.0,14300.0,29300.0,14400.0,28300.0,13950.0,28500.0,14000.0,28088400,17945000.0
2026-02-26,28800.0,14100.0,29100.0,14350.0,28450.0,13950.0,28900.0,14300.0,16056700,10419200.0
2026-02-27,28500.0,14500.0,28850.0,14950.0,28500.0,14300.0,28750.0,14300.0,14848500,24747100.0
2026-03-02,27650.0,15500.0,28200.0,15500.0,27600.0,14600.0,28000.0,14900.0,51175400,70786000.0
2026-03-03,27650.0,15500.0,28200.0,15500.0,27600.0,14600.0,28000.0,14900.0,51175400,70786000.0
2026-03-04,26950.0,15450.0,27400.0,16850.0,26350.0,15400.0,27100.0,16800.0,42105200,73310900.0
2026-03-05,27050.0,15150.0,27550.0,15900.0,27000.0,15000.0,27450.0,15650.0,17308700,36127200.0
2026-03-06,26700.0,14550.0,27150.0,15350.0,26650.0,14500.0,27100.0,15050.0,22166600,32295600.0
2026-03-09,24850.0,13550.0,25650.0,13950.0,24850.0,13550.0,24900.0,13900.0,73057300,16329400.0
2026-03-10,26550.0,13100.0,26550.0,13750.0,25600.0,12750.0,26100.0,13550.0,37844500,47237500.0
2026-03-11,26800.0,13550.0,27000.0,13650.0,26450.0,13000.0,26550.0,13100.0,22212600,14643700.0
2026-03-12,26250.0,13400.0,26800.0,13750.0,26000.0,13200.0,26500.0,13600.0,19075600,14291100.0
2026-03-13,26150.0,13300.0,26500.0,13850.0,25800.0,13200.0,26200.0,13450.0,17314700,25916300.0
2026-03-16,26100.0,13200.0,26500.0,13350.0,26100.0,12950.0,26150.0,13300.0,12448200,17592300.0
2026-03-17,26350.0,13100.0,26750.0,13400.0,26250.0,13100.0,26400.0,13250.0,9514500,9690000.0
2026-03-18,26300.0,13300.0,26900.0,13450.0,25750.0,13000.0,26700.0,13100.0,14929500,10649700.0
2026-03-19,26400.0,12950.0,26500.0,13200.0,25900.0,12900.0,26050.0,13200.0,19724200,11885900.0
2026-03-20,25950.0,13150.0,26350.0,13550.0,25950.0,12800.0,26300.0,13000.0,13305900,17241200.0
2026-03-23,25000.0,12700.0,25650.0,13200.0,24850.0,12400.0,25600.0,13050.0,21672100,14234000.0
2026-03-24,25600.0,12700.0,26000.0,13000.0,25400.0,12450.0,25750.0,13000.0,13041100,12573000.0
2026-03-25,26000.0,13350.0,26250.0,13400.0,25850.0,12800.0,25950.0,12850.0,13825500,17316000.0
2026-03-26,25800.0,13100.0,26350.0,13350.0,25700.0,13050.0,26350.0,13350.0,13683600,7804900.0
2026-03-27,26150.0,13050.0,26200.0,13150.0,25600.0,12900.0,25750.0,13050.0,12866700,12089900.0
2026-03-30,25750.0,13050.0,26100.0,13250.0,25650.0,12850.0,25800.0,12950.0,11214500,13360300.0
2026-03-31,26450.0,13000.0,26700.0,13150.0,25950.0,12950.0,25950.0,13150.0,20965700,8543100.0
2026-04-01,26500.0,13050.0,27100.0,13150.0,26500.0,12950.0,27000.0,13100.0,18947700,10934900.0
2026-04-02,26300.0,12850.0,26550.0,13100.0,25900.0,12750.0,26500.0,13050.0,23391700,11135300.0
2026-04-03,25950.0,12650.0,26450.0,12950.0,25950.0,12600.0,26300.0,12900.0,10974700,11310100.0
2026-04-06,25650.0,12400.0,26000.0,12750.0,25600.0,12400.0,26000.0,12650.0,11655100,8428500.0
2026-04-07,25600.0,12500.0,25800.0,12650.0,25450.0,12350.0,25750.0,12450.0,15315200,5744100.0
2026-04-08,26600.0,13000.0,26650.0,13000.0,26100.0,12650.0,26450.0,12800.0,33405300,11313600.0
2026-04-09,26500.0,13000.0,26700.0,13100.0,26350.0,12750.0,26500.0,12900.0,14977100,8734400.0
2026-04-10,26700.0,13000.0,27100.0,13200.0,26650.0,13000.0,26800.0,13050.0,30327300,13155900.0
2026-04-13,26450.0,13100.0,26650.0,13300.0,26250.0,12950.0,26350.0,13000.0,15029500,10297600.0
2026-04-14,26700.0,13150.0,26800.0,13300.0,26500.0,13000.0,26700.0,13250.0,16255100,9614400.0
2026-04-15,26600.0,13050.0,26850.0,13250.0,26600.0,13050.0,26700.0,13200.0,11553900,10253100.0
2026-04-16,26300.0,13350.0,26600.0,13600.0,26200.0,13200.0,26500.0,13250.0,12841800,24624300.0
2026-04-17,26450.0,13250.0,26600.0,13400.0,26300.0,13200.0,26300.0,13400.0,8604100,6797200.0
2026-04-20,26350.0,13150.0,26600.0,13350.0,26350.0,13100.0,26450.0,13300.0,13276300,7217800.0
2026-04-21,26300.0,13100.0,26600.0,13300.0,26300.0,13100.0,26400.0,13150.0,13041700,7674300.0
2026-04-22,26200.0,13000.0,26400.0,13150.0,26100.0,13000.0,26350.0,13100.0,8424700,6087200.0
2026-04-23,26400.0,12750.0,27000.0,13100.0,26150.0,12550.0,26200.0,13050.0,15289400,21685400.0
2026-04-24,26200.0,12800.0,26400.0,12850.0,26200.0,12650.0,26400.0,12800.0,9074600,4944700.0
2026-04-27,26200.0,12800.0,26200.0,12800.0,26200.0,12800.0,26200.0,12800.0,0,0.0
2026-04-28,26000.0,12650.0,26250.0,12850.0,26000.0,12550.0,26200.0,12800.0,12572800,7007100.0
2026-04-29,26050.0,12650.0,26150.0,12750.0,25850.0,12550.0,26000.0,12600.0,13290000,4984200.0
2026-04-30,26050.0,12650.0,26050.0,12650.0,26050.0,12650.0,26050.0,12650.0,0,0.0
2026-05-01,26050.0,12650.0,26050.0,12650.0,26050.0,12650.0,26050.0,12650.0,0,0.0
2026-05-04,26100.0,13300.0,26400.0,13300.0,26050.0,12850.0,26150.0,12900.0,10177100,19912100.0
2026-05-05,25950.0,13650.0,26100.0,13650.0,25750.0,13150.0,26000.0,13350.0,12314500,28262300.0
2026-05-06,26050.0,14350.0,26150.0,14350.0,25850.0,13550.0,26000.0,13750.0,16164500,38449000.0
2026-05-07,26100.0,14350.0,26300.0,14450.0,26000.0,14100.0,26150.0,14350.0,16786200,23409200.0
2026-05-08,26150.0,14000.0,26550.0,14450.0,26050.0,13850.0,26100.0,14300.0,22204000,22764900.0
2026-05-11,26000.0,13950.0,26350.0,14250.0,25950.0,13900.0,26200.0,14000.0,16618800,10484700.0
2026-05-12,25900.0,14050.0,26100.0,14300.0,25900.0,13950.0,26000.0,14000.0,11264200,10575500.0
2026-05-13,25800.0,14200.0,26000.0,14400.0,25750.0,14000.0,25900.0,14050.0,12652300,13043000.0
2026-05-14,25850.0,14000.0,26100.0,14400.0,25800.0,13900.0,25850.0,14250.0,13084300,14677800.0
2026-05-15,25650.0,14100.0,26050.0,14100.0,25600.0,13850.0,26050.0,14100.0,22577500,8428800.0
2026-05-18,25500.0,14300.0,25650.0,14600.0,25400.0,13950.0,25650.0,14100.0,18793500,24632600.0
2026-05-19,25050.0,14000.0,25600.0,14400.0,25050.0,13850.0,25550.0,14350.0,30322900,14155300.0
2026-05-20,24600.0,13850.0,25300.0,14050.0,24500.0,13200.0,25100.0,14050.0,38940600,17494300.0
2026-05-21,24800.0,13500.0,24900.0,13850.0,24600.0,13500.0,24700.0,13850.0,18632200,7084200.0
2026-05-22,24650.0,13600.0,24900.0,13650.0,24500.0,13300.0,24850.0,13500.0,14993300,6882400.0
2026-05-25,24800.0,13650.0,25000.0,13850.0,24750.0,13600.0,24800.0,13650.0,10183000,6804000.0
2026-05-26,25500.0,13650.0,25550.0,13800.0,24800.0,13550.0,24800.0,13650.0,18673500,5213600.0
2026-05-27,25400.0,14050.0,25650.0,14150.0,25300.0,13750.0,25550.0,13800.0,12599300,14098600.0
2026-05-28,25000.0,13850.0,25600.0,14300.0,25000.0,13850.0,25400.0,14050.0,9614600,7060500.0
2026-05-29,25000.0,13700.0,25200.0,13900.0,24850.0,13700.0,25000.0,13850.0,8171700,7171800.0
2026-06-01,25100.0,13800.0,25150.0,13800.0,24900.0,13650.0,25100.0,13800.0,5172200,4991200.0
2026-06-02,24650.0,13550.0,25150.0,13850.0,24650.0,13500.0,25100.0,13850.0,12839400,6375900.0
2026-06-03,25200.0,13550.0,25200.0,13650.0,24650.0,13400.0,24650.0,13550.0,14476800,5639500.0
2026-06-04,25000.0,13700.0,25200.0,13850.0,24900.0,13500.0,25050.0,13600.0,8558000,5839800.0
2026-06-05,25000.0,13450.0,25150.0,13700.0,25000.0,13450.0,25050.0,13700.0,8343500,4857300.0
2026-06-08,24600.0,13450.0,24900.0,13700.0,24550.0,13400.0,24900.0,13500.0,12089800,7032400.0
2026-06-09,24650.0,13650.0,24850.0,13650.0,24550.0,13300.0,24650.0,13500.0,9759500,4517400.0
2026-06-10,24700.0,13650.0,24850.0,13700.0,24650.0,13500.0,24650.0,13650.0,9375900,3650400.0
2026-06-11,24750.0,13600.0,24750.0,13600.0,24550.0,13500.0,24650.0,13550.0,4549700,3151200.0
2026-06-12,24850.0,13500.0,25200.0,13700.0,24850.0,13400.0,25000.0,13650.0,20423200,4267900.0
2026-06-15,25200.0,13900.0,25350.0,14000.0,25050.0,13500.0,25050.0,13550.0,15663000,9857800.0
2026-06-16,25100.0,14150.0,25300.0,14350.0,25100.0,13900.0,25250.0,13950.0,11650300,18398500.0
2026-06-17,25200.0,14150.0,25300.0,14300.0,25100.0,14050.0,25150.0,14250.0,11616400,7934500.0
2026-06-18,25250.0,14200.0,25300.0,14350.0,25150.0,14100.0,25200.0,14150.0,6966700,8125800.0
2026-06-19,25000.0,13900.0,25250.0,14200.0,25000.0,13850.0,25250.0,14200.0,7101000,11331600.0
