Date,Close,High,Low,Open,Volume
2012-05-18,37.8972053527832,44.60827259469764,37.66920796885579,41.683951746080545,573576400
2012-05-21,33.733760833740234,36.34086721654316,32.71272839982244,36.211997833726784,168192700
2012-05-22,30.730140686035156,33.29759452686994,30.670663523793337,32.32612601702567,101786600
2012-05-23,31.721433639526367,32.21708104014397,31.08700557177417,31.096918746675897,73600000
2012-05-24,32.74247360229492,32.92090701005869,31.49344352943898,32.66317196633905,50237200
2012-05-25,31.632221221923828,32.66316886179454,30.839186030288698,32.61360487134673,37149800
2012-05-29,28.588943481445312,31.414134167882406,28.40059693148421,31.205961267242266,78063400
2012-05-30,27.94460105895996,29.29276070692466,27.617473849213663,28.45016163597602,57267900
2012-05-31,29.342329025268555,29.411719364820254,26.596441735255944,28.301468259758224,111639200
2012-06-01,27.47869300842285,28.896244969506256,27.151565778230133,28.63850807742337,41855500
2012-06-04,26.66583251953125,27.409303696975865,26.209837771589473,26.963222124956083,35230300
2012-06-05,25.64479637145996,27.518342870005572,25.525840167876165,26.467570949785014,42473400
2012-06-06,26.57661247253418,26.933479197703022,25.297843191920396,25.843054563599694,61489200
2012-06-07,26.080968856811523,27.1119164827906,25.922361820621667,26.76496288209591,26159500
2012-06-08,26.864093780517578,27.518348302525986,26.209839258509167,26.31888041834718,38034000
2012-06-11,26.77487564086914,27.82564771193513,26.606355431200964,26.943395850537318,28219600
2012-06-12,27.16147804260254,27.528257962693704,26.72530778672936,27.240781553602677,15816800
2012-06-13,27.032611846923828,27.855386522167166,26.864091641597124,27.419216245307766,17102800
2012-06-14,28.043733596801758,28.073471233691304,27.14165349933787,27.409303575813585,16855000
2012-06-15,29.748762130737305,29.8379788288595,28.103212639864704,28.26181968302748,43563800
2012-06-18,31.136571884155273,31.800741417028814,29.153982133412523,29.69919355856881,42978900
2012-06-19,31.632221221923828,31.899871308130077,30.43275525823256,31.26544315482197,30849000
2012-06-20,31.324918746948242,31.652045983397677,30.878835292360403,31.642132807657397,15553600
2012-06-21,31.562828063964844,32.21708251139827,31.235700840248132,31.394307864429273,21875300
2012-06-22,32.762290954589844,33.15881036988924,31.780911263032415,32.12786291530234,74834000
2012-06-25,31.780912399291992,32.73255449224722,31.275349937635475,32.573947476754675,24352900
2012-06-26,32.81185531616211,33.148895688623426,32.21707996781363,32.40542461244311,24858700
2012-06-27,31.949434280395508,32.61360383199823,31.622307037927957,32.17743165438153,28568000
2012-06-28,31.087005615234375,31.909778335035266,30.631009022841404,31.681780984211173,17713300
2012-06-29,30.829267501831055,31.711519235701978,30.492227131212896,31.642128904823778,19526900
2012-07-02,30.50214385986328,31.45378603549847,30.28405777655485,30.977964947680874,14122000
2012-07-03,30.928401947021484,31.166312498522267,30.531882470441857,30.640925515575756,8763600
2012-07-05,31.196046829223633,31.35465384674647,30.74996530146996,31.047352986639076,10032100
2012-07-06,31.453786849975586,31.6223070592845,30.987878925766232,31.16631231100449,10945600
2012-07-09,31.889955520629883,32.593777782450964,31.71152402460221,31.82056517927273,17785200
2012-07-10,31.196046829223633,32.19725480905202,30.88874596911624,32.14769082510543,14269500
2012-07-11,30.700403213500977,31.285267371785437,30.28405926846365,31.205963853242377,13030300
2012-07-12,30.541797637939453,31.126661824211567,30.33362660083164,30.432756476440407,11300700
2012-07-13,30.45257568359375,30.79952924297616,30.29396866628947,30.769791608947102,8108300
2012-07-16,28.004079818725586,30.234493255615234,27.96442711673444,30.234493255615234,24672100
2012-07-17,27.845476150512695,28.34112364070944,26.91365833953418,28.232080587827717,30438600
2012-07-18,28.856592178344727,29.035025544525695,27.904948188961146,28.06355520540095,16841800
2012-07-19,28.74755096435547,29.24319839477539,28.38077103391697,29.153981706040213,13685100
2012-07-20,28.5096378326416,29.213456212291508,28.46998513425555,28.747548350723743,11869100
2012-07-23,28.499725341796875,28.747549040421198,27.766167420758258,27.875210453191286,12390700
2012-07-24,28.202341079711914,29.193635994418905,27.855387481415466,28.5691191393363,11539800
2012-07-25,29.084590911865234,29.233284760508724,27.835559179919166,28.142860052548357,17230200
2012-07-26,26.61626625061035,27.984252267993497,26.497310040481686,27.508431208968474,64597400
2012-07-27,23.50360107421875,24.32637765293047,22.086050961308285,22.9881291653172,123102300
2012-07-30,22.948474884033203,23.830728566428334,22.829520563521502,23.79107586576121,29285900
2012-07-31,21.521011352539062,23.16656262457904,21.421883375222112,23.16656262457904,56179400
2012-08-01,20.69823455810547,21.392141673264646,20.658583749357824,21.31283816502458,44604400
2012-08-02,19.865550994873047,20.658586170204405,19.647464903598173,20.589195828706035,56374500
2012-08-03,20.90640640258789,21.96709148124092,19.726765122156113,20.18276168977251,80647000
2012-08-06,21.729183197021484,21.95718055884126,21.114579557828097,21.20379624562625,27778900
2012-08-07,20.539628982543945,22.254570541004142,20.32154479227067,22.006746824025228,36782900
2012-08-08,20.539628982543945,20.96588607826686,20.043981548586125,20.5297158069754,29537400
2012-08-09,20.827106475830078,20.985713511616193,20.430588886364788,20.569369569991387,15610700
2012-08-10,21.620140075683594,21.63005325103932,20.946059277453152,21.223622515178885,25794700
2012-08-13,21.411972045898438,22.254573160972786,21.213712292676778,21.9571835311403,24973100
2012-08-14,20.202587127685547,21.411967989907843,20.07371963602396,21.223621449099575,39308800
2012-08-15,21.015451431274414,21.223622440780325,20.222414422300083,20.460324957768922,47861100
2012-08-16,19.697031021118164,20.301719640565356,19.518597631832264,20.2620688266935,157565300
2012-08-17,18.884166717529297,19.905201125128816,18.834602729801478,19.835810786011894,129293400
2012-08-20,19.835811614990234,19.954765946806315,18.586779786451306,18.88416750673652,101186600
2012-08-21,18.993209838867188,19.80607134177096,18.923819499460027,19.409553766055087,70640600
2012-08-22,19.270771026611328,19.359987707950552,18.794948095887232,19.1914675199481,49892200
2012-08-23,19.270771026611328,19.558245529236245,19.1914675199481,19.330248183922563,32813700
2012-08-24,19.24103355407715,19.50868362663187,19.082426523839892,19.350076596394615,29622200
2012-08-27,18.98329734802246,19.359990476601816,18.93373335829913,19.320337772227145,20704000
2012-08-28,19.171640396118164,19.211291202475632,18.78503605309571,18.93372988573937,25417000
2012-08-29,18.933732986450195,19.2112943486417,18.90399345875326,19.151817183992804,16124700
2012-08-30,18.9238224029541,19.28068922122516,18.8940828711831,19.10225581208963,30647500
2012-08-31,17.902788162231445,18.537218283079405,17.873050520661174,18.51739192820238,58764200
2012-09-04,17.575660705566406,18.110960937774234,17.39722729483046,17.922614349692378,46622400
2012-09-05,18.418262481689453,18.586782720653186,18.02174482846458,18.11096153678334,60781800
2012-09-06,18.794950485229492,19.09234009108134,18.557039934995004,18.576866286867457,46066500
2012-09-07,18.81477928161621,19.250949625754792,18.61652140936793,18.93373551756136,36371700
2012-09-10,18.646255493164062,19.03286176817431,18.388518606738852,18.894079204256204,24797800
2012-09-11,19.260862350463867,19.409556223842966,18.68591132018488,18.75530166837878,50508200
2012-09-12,20.747802734375,20.975800109517696,20.10346142209369,20.579282524324967,121584000
2012-09-13,20.52971649169922,21.293014019231162,20.430588514197385,20.77754021694375,65041600
2012-09-14,21.808490753173828,21.887794280282833,20.71806583736609,20.946063241461324,72819800
2012-09-17,21.332666397094727,22.551958652901376,21.312840045599103,22.47265513766383,50667600
2012-09-18,21.67961883544922,21.788659981401956,21.183971418816355,21.41196877668871,36760500
2012-09-19,23.08725929260254,23.166562809536224,21.5804905801175,21.798574778998894,78782800
2012-09-20,22.393352508544922,23.037693831690095,22.34378851858953,22.81960962884335,57248900
2012-09-21,22.66100311279297,23.037694361046537,22.40326619946366,22.770044271349363,51218100
2012-09-24,20.60902214050293,21.788661725160036,20.18276502556591,21.590403877087116,79106500
2012-09-25,20.103456497192383,21.025358947890435,20.04397745592578,21.015447665090527,46291700
2012-09-26,20.440502166748047,20.599109203343502,19.627638740765075,19.974592342347012,38271900
2012-09-27,20.143110275268555,20.817191049879046,19.9845032566243,20.807277874870678,30215900
2012-09-28,21.471446990966797,21.758923414279014,20.3215450792078,20.390935418422494,65486000
2012-10-01,21.79857635498047,22.3933537203565,21.540839433626015,21.88779305432413,51262700
2012-10-02,22.07613754272461,22.294221736756388,21.630054088176717,21.88779098516606,29341400
2012-10-03,21.639968872070312,22.29422339353091,21.61022934264207,22.10587682197556,32000100
2012-10-04,21.75892448425293,22.205006068602252,21.223624314139705,22.125702549779373,46892100
2012-10-05,20.727975845336914,21.441707480189994,20.698236318188684,21.302926801654795,40529300
2012-10-08,20.222415924072266,20.56936952309271,19.984505370935533,20.222415924072266,32236700
2012-10-09,20.05389404296875,20.371108087407517,19.79615715917604,20.212501065188135,27161800
2012-10-10,19.469030380249023,19.766419971701364,19.280685718815253,19.75650679624513,39321800
2012-10-11,19.578073501586914,19.78624451480573,19.439292826107703,19.70694100156834,21817300
2012-10-12,19.350078582763672,19.627639968799272,19.310425875761364,19.578075975791524,18809400
2012-10-15,19.350078582763672,19.70694349205875,19.320339052511944,19.508685629282624,20189700
2012-10-16,19.310422897338867,19.5185957955023,19.131989524840165,19.508682620280723,21834700
2012-10-17,19.706941604614258,20.30171891746774,19.201382873971003,19.33025037789586,44074500
2012-10-18,18.81477928161621,19.617729620069213,18.725562577343656,19.528512915796657,52157400
2012-10-19,18.834604263305664,18.894081431570637,18.636344514762307,18.834604263305664,34835000
2012-10-22,19.151813507080078,19.260856530288947,18.88416348142809,19.032859200620045,32447300
2012-10-23,19.330249786376953,19.627637488330947,18.933732220189995,19.082426071166992,78381200
2012-10-24,23.02777862548828,24.03889981369892,22.65108741909826,23.919943601249788,228949900
2012-10-25,22.36361312866211,23.10708432740116,22.27439643355382,23.087259865734346,76142000
2012-10-26,21.749011993408203,22.680827896254034,21.689532934357974,22.205006768322747,73175800
2012-10-31,20.926233291625977,21.312837648585255,20.54954021855486,20.63875689950619,99378200
2012-11-01,21.025362014770508,21.253361258060718,20.82710418719638,20.896494521384565,37713900
2012-11-02,20.99562644958496,21.50118707944903,20.886583404689283,21.074929966578637,38344400
2012-11-05,21.065017700195312,21.293015085053902,20.737890442127963,20.91632383575471,31806700
2012-11-06,20.9857120513916,21.183971777701473,20.807278675861692,21.055102388376593,29062700
2012-11-07,20.291807174682617,20.767630193015197,20.192679191160707,20.668500318748197,33396800
2012-11-08,19.81598472595215,20.549542721429074,19.806071550111856,20.341371701017835,34254600
2012-11-09,19.04277229309082,19.82589609645843,18.96346878433478,19.786243396708013,42295500
2012-11-12,19.895288467407227,19.994418336188645,18.705735714265195,18.983297077959175,67349200
2012-11-13,19.687118530273438,19.934942270520605,19.389728907529783,19.43929479002627,71775100
2012-11-14,22.165353775024414,22.30413445101458,19.756506951795654,19.925027154388673,229751000
2012-11-15,21.977005004882812,22.30413220154231,21.461531273557323,22.14552519047981,78857700
2012-11-16,23.35490608215332,23.721686007726138,21.986920024269715,22.05631036108879,107182200
2012-11-19,22.720478057861328,23.91003263521852,22.62134819462408,23.751423719592,85021300
2012-11-20,22.89891242980957,23.691947588720613,22.50239485035405,22.532132487097613,46655300
2012-11-21,24.10828971862793,24.31646261400442,22.8493448435146,23.017865038535636,89862400
2012-11-23,23.791072845458984,24.465153545266126,23.67211664930407,24.366023696927794,29520900
2012-11-26,25.714189529418945,25.862883382187523,24.594025264356155,24.722894656635198,123865000
2012-11-27,25.922361373901367,26.269314968617003,25.238367360404254,25.813320220115582,85760600
2012-11-28,26.130531311035156,26.2593988020126,25.525840883134233,25.714187422942594,49205600
2012-11-29,27.082176208496094,27.28043594364485,25.93227428242122,26.26931469772713,88759700
2012-11-30,27.75625228881836,27.75625228881836,26.527047057202903,27.02269441950323,127049600
2012-12-03,26.804615020751953,28.628595898436608,26.74513596537742,27.756257217804816,123526100
2012-12-04,27.22095489501953,27.51834447596217,26.447746144207287,26.824437344507505,72869200
2012-12-05,27.468778610229492,27.657125155819188,27.022697074773674,27.50843131066725,58976300
2012-12-06,26.73522186279297,27.50843253915634,26.586528011000564,27.439042201036212,46001500
2012-12-07,27.250694274902344,27.53817067920484,26.606353022416,26.834350376400508,51751900
2012-12-10,27.5976505279541,27.924777773599775,26.864092519256076,26.933482860643796,50608500
2012-12-11,27.73642921447754,27.994166100185602,27.41921516768142,27.825645901482055,77099100
2012-12-12,27.339914321899414,27.895038957922864,27.131743292420012,27.756258271603265,46704200
2012-12-13,27.99416732788086,28.49972794616306,27.191219000371458,27.349826030725293,81051600
2012-12-14,26.57661247253418,28.083380989086244,26.527048489925058,27.93468715051414,91631600
2012-12-17,26.517135620117188,26.76495931750146,26.090878558097078,26.536961969686672,57742500
2012-12-18,27.468778610229492,27.667038330928627,26.665830333813158,26.72530749372497,60512900
2012-12-19,27.17139434814453,27.974342725868983,26.71539958004635,27.587738301547034,61390300
2012-12-20,27.121828079223633,27.359738619651658,26.893828823578318,27.250695579592808,35574800
2012-12-21,26.03140640258789,26.77487763761355,25.89262571042154,26.42792401645255,54555200
2012-12-24,26.69556999206543,26.725307626796994,25.97192522217658,26.269312913961226,28230100
2012-12-26,26.279226303100586,26.94339391818951,26.150356915731702,26.794700071086435,33175400
2012-12-27,25.82322883605957,26.566699937566984,25.297843801070997,26.318876237064515,43481700
2012-12-28,25.6844482421875,25.882707959453747,24.931063963618474,25.258191173586425,56574800
2012-12-31,26.38827133178711,26.75504938960958,25.88271070088087,25.971927394025794,60374500
2013-01-02,27.75625228881836,27.93468564176562,27.181301424179765,27.20112777245049,69846400
2013-01-03,27.52825927734375,28.22216455904715,27.349825896385898,27.637300428460822,63140600
2013-01-04,28.5096378326416,28.678158019292876,27.58773339335786,27.766166754605642,72715400
2013-01-07,29.163894653320312,29.53067458088863,28.40059716266793,28.440249864348775,83781800
2013-01-08,28.80702781677246,29.342327943426277,28.60876998118373,29.25311125565064,45871300
2013-01-09,30.323707580566406,30.333620755291445,29.233282940494032,29.411716304055208,104787700
2013-01-10,31.027528762817383,31.176224506335597,30.01640942951203,30.333623486293703,95316400
2013-01-11,31.443872451782227,31.681782992603683,30.829270694013015,31.007704072315338,89598000
2013-01-14,30.680578231811523,31.929608155004303,30.353450987023894,31.80074253933083,98892800
2013-01-15,29.837974548339844,31.43395792755055,29.61988847721857,30.373272769534697,173242600
2013-01-16,29.590152740478516,30.085800183733618,29.272938679314443,29.947017613915627,75332700
2013-01-17,29.877626419067383,30.15518966001257,29.768585270379365,29.81814925698802,40256700
2013-01-18,29.401803970336914,30.17501460430394,29.015199598725804,30.046145219937035,49631500
2013-01-22,30.462493896484375,30.6211009400195,29.48111210558138,29.491025282145465,55243300
2013-01-23,30.551706314086914,31.225787100035422,30.531879963736703,30.82926954675537,48899800
2013-01-24,30.809444427490234,31.21587517218557,30.54179435930211,30.997790981853534,43845100
2013-01-25,31.26544189453125,31.65204629852646,30.859009248113125,31.13657249936954,54363600
2013-01-28,32.18735122680664,32.22700015455755,31.533094759540248,31.602485109967454,59682500
2013-01-29,30.521970748901367,31.79082700543453,30.44266534212308,31.721436665248493,72976500
2013-01-30,30.968053817749023,31.215877553701638,30.611187032938844,30.7103169054689,87682100
2013-01-31,30.710317611694336,31.19605191844217,28.489817113384913,28.89624789843402,190744900
2013-02-01,29.471195220947266,30.749966475642257,29.372065358524072,30.74005330032545,85856700
2013-02-04,27.86530303955078,28.94581474020984,27.766173161456845,28.807032154580266,92362200
2013-02-05,28.390682220458984,28.707896251185602,27.795906858218956,28.013991031657316,47948200
2013-02-06,28.797117233276367,29.035029682588046,28.410512811948724,28.489816331470934,38375900
2013-02-07,28.400598526000977,28.89624597633518,28.023907295674768,28.856595163495832,34540100
2013-02-08,28.301467895507812,28.91607154929616,28.261817083736425,28.63850830391676,37708800
2013-02-11,28.013994216918945,28.430338152273176,27.795910018683866,28.360947811504968,37361800
2013-02-12,27.131742477416992,27.914864471940103,26.864092398344734,27.42913019366729,93498700
2013-02-13,27.667037963867188,28.073468684237916,27.07226070040558,27.121826575295177,50164000
2013-02-14,28.251907348632812,28.380774866014498,27.766173028124683,27.77608620496099,35615800
2013-02-15,28.073469161987305,28.49972623956784,27.84547180584952,28.271728883430058,33109300
2013-02-19,28.67816162109375,28.82685547722703,27.875213285378063,27.984254438145154,49396400
2013-02-20,28.212251663208008,28.797115799595915,28.08338415942955,28.668248295817456,42098200
2013-02-21,27.042524337768555,28.301467367243696,26.913654947740895,28.03381919323411,49642300
2013-02-22,26.89383316040039,27.389480672238363,26.58653223246951,27.379569385857387,36350200
2013-02-25,27.032611846923828,27.39938989391758,26.91365562932765,26.923568805022743,34652000
2013-02-26,27.151569366455078,27.220959713735216,26.4675771797693,27.121831726617966,31611700
2013-02-27,26.636091232299805,27.10199909231555,26.398178824265464,27.10199909231555,44319700
2013-02-28,27.01278305053711,27.062347033781474,26.110704942127377,26.606352337550078,83027800
2013-03-01,27.538171768188477,27.875212170339246,26.57661454821633,26.814525086661895,54064800
2013-03-04,27.47869300842285,27.815733414166242,27.20113165598352,27.51834571062556,32400700
2013-03-05,27.28043556213379,27.934690031932124,26.973132787876285,27.637300433367923,40622200
2013-03-06,27.211048126220703,27.88512712857939,27.11191824945629,27.855389489071666,33532600
2013-03-07,28.331209182739258,28.43033905444449,27.23087119922675,27.330001070931985,74540200
2013-03-08,27.716604232788086,28.222164853868335,27.488606861735708,28.1825140414329,44198900
2013-03-11,27.895038604736328,28.390686067596576,27.58773770717158,27.766171096320473,35642100
2013-03-12,27.587736129760742,28.07347038870108,27.35973876366026,27.85538619818039,27569600
2013-03-13,26.84426498413086,27.40930275709408,26.685657956307672,27.379565121092803,39619500
2013-03-14,26.804615020751953,27.191219426961556,26.59644210843103,26.864092185381516,27646400
2013-03-15,26.41800880432129,26.824439563561235,26.328792111732522,26.794701926528298,31597400
2013-03-18,26.2593994140625,26.556788992914278,25.5555810031951,26.140445095117638,26653700
2013-03-19,26.318876266479492,26.66582982571968,25.98183588215986,26.299051807383176,25254200
2013-03-20,25.634889602661133,26.457664386583794,25.555586077370222,26.44775120957928,44006500
2013-03-21,25.51593017578125,25.882710116061325,25.3374967935231,25.436626660415957,24336100
2013-03-22,25.506017684936523,25.783580941540997,25.40688781538171,25.575408026401394,18456300
2013-03-25,24.911237716674805,25.575405314292805,24.861673732525844,25.525841330143844,39199000
2013-03-26,24.990543365478516,25.258193440586926,24.81211187281787,24.861675861210554,26957200
2013-03-27,25.862882614135742,26.05122916377989,24.504807846825084,24.78237108362989,52297400
2013-03-28,25.357322692871094,25.94218681729001,25.297845530093976,25.862883303338883,28585700
2013-04-01,25.307754516601562,25.66461932493895,25.059930840182314,25.406882474573578,22249300
2013-04-02,25.198713302612305,25.892620402690206,25.07975709746519,25.545666852651255,35153300
2013-04-03,26.021493911743164,26.160274607567338,25.476282414652328,25.605149933525468,48195200
2013-04-04,26.834352493286133,26.992959525156525,25.88271030206377,26.38827092518001,82016800
2013-04-05,27.151569366455078,27.558000164020306,26.37836047876765,26.626184228051088,64566600
2013-04-08,26.61626625061035,26.963219815178736,26.398180180498603,26.953306640105946,27256000
2013-04-09,26.358531951904297,26.655919670228087,26.190011740655482,26.348618775860835,21311100
2013-04-10,27.329998016357422,27.597648072823766,26.665830408132514,26.77487344389543,45949400
2013-04-11,27.776081085205078,27.855384594532964,27.012783626208684,27.240780979183253,33368500
2013-04-12,27.16147804260254,27.756255320475994,27.002871020602264,27.756255320475994,28697400
2013-04-15,26.289140701293945,27.240782879619278,26.13053367157306,26.9235688201775,30275400
2013-04-16,26.685659408569336,26.874005973388734,26.170185594718895,26.576616361977315,27365900
2013-04-17,26.398183822631836,26.963223535269982,26.160273260295025,26.41801017551284,26440600
2013-04-18,25.46636390686035,26.58652619741301,24.931063808029055,26.58652619741301,39059000
2013-04-19,25.506017684936523,25.73401506139109,25.109500097462277,25.39697653009673,20380900
2013-04-22,25.743928909301758,26.130535221580907,25.47628071248702,25.585321870172635,25687600
2013-04-23,25.75383949279785,26.100793064992313,25.54566848392809,25.991750027539663,25191500
2013-04-24,25.882709503173828,26.17018403053643,25.575406734008236,25.70427612514088,19729900
2013-04-25,25.91244888305664,26.170185791924037,25.77366819779921,25.843058540427926,17150000
2013-04-26,26.61626625061035,27.379563714511836,26.36844254602505,26.36844254602505,33018000
2013-04-29,26.745132446289062,27.171389499995364,26.62617813268179,26.923565807444696,29201100
2013-04-30,27.52825927734375,27.607562792131137,26.774874941491113,26.893829268299726,36245700
2013-05-01,27.191219329833984,27.67695360252112,27.072263110254802,27.607563262243666,64567600
2013-05-02,28.717811584472656,28.767377462214633,27.736429894120437,27.76616942076562,104257000
2013-05-03,28.06355857849121,28.816942942505438,27.90495154298769,28.78720530506416,58506400
2013-05-06,27.329998016357422,28.212249805363335,27.240781330868643,28.083382310071112,43939400
2013-05-07,26.655916213989258,27.60756019257506,26.616265405701593,27.310170622066167,41259100
2013-05-08,26.88391876220703,27.06235025758929,26.418008944931447,26.646006320207377,34654900
2013-05-09,26.804615020751953,27.310173756220678,26.616268460222543,26.844265833590004,33457200
2013-05-10,26.4477481842041,27.062349962217677,26.338705140373158,26.903742929779018,30847100
2013-05-13,26.58652687072754,27.092087457734586,26.29905235502441,26.368442690168447,29068800
2013-05-14,26.834352493286133,27.042525404331627,26.586528769645522,26.6559191097457,24930300
2013-05-15,26.368444442749023,26.75504884467282,26.17018470852172,26.68565850491675,30299800
2013-05-16,25.902530670166016,26.318874535726128,25.674533334220985,26.249484206590218,35499100
2013-05-17,26.021493911743164,26.368447542048774,25.971929917733153,26.170187784518376,29462700
2013-05-20,25.53575897216797,25.96201611709673,25.466368625922847,25.95210294038384,42402900
2013-05-21,25.43662452697754,25.852968420411678,25.36723419319598,25.644797419067004,26261300
2013-05-22,24.94097900390625,25.624972999811828,24.703068459840164,25.426713267717624,45314500
2013-05-23,24.841848373413086,25.30775816227377,24.55437385054223,24.584111485919806,37663100
2013-05-24,24.09838104248047,24.752635594530062,23.870383645106102,24.752635594530062,58727900
2013-05-28,23.89020538330078,24.326375630645707,23.71177201435309,24.326375630645707,50079700
2013-05-29,23.11699676513672,23.60273103924009,23.057519600546197,23.582906578206565,64237800
2013-05-30,24.336292266845703,24.564291561055377,23.721690406137604,23.919948277988997,60733200
2013-05-31,24.138032913208008,24.732810273740412,24.058729391186695,24.41559429491005,35925000
2013-06-03,23.642383575439453,24.1082914944663,23.50360100471734,24.058727506115876,35733800
2013-06-04,23.315256118774414,23.721686869838297,23.116996385733277,23.682034166932095,34760800
2013-06-05,22.700654983520508,23.503603399218953,22.59161381989168,23.146738487100283,53819700
2013-06-06,22.770044326782227,22.88900055274114,22.472656598002537,22.789870679566224,31260700
2013-06-07,23.08725929260254,23.19630044667074,22.661002180054602,22.82952238988181,38699200
2013-06-10,24.118207931518555,24.38585804259005,23.781167471075605,23.850557820447058,58393000
2013-06-11,23.820817947387695,24.13803202378444,23.791078418696113,23.820817947387695,29885900
2013-06-12,23.563079833984375,24.04881409999783,23.374733276715503,23.949684233501323,26445800
2013-06-13,23.523427963256836,23.62255783326018,23.067433208284463,23.513514787182,31189300
2013-06-14,23.424299240112305,23.682036158441854,23.057521161110905,23.3549088949361,30677100
2013-06-17,23.810901641845703,24.03889899294853,23.543251591032064,23.70185860838575,33664500
2013-06-18,23.999248504638672,24.475071491289032,23.870381000193657,23.880294176034806,36709100
2013-06-19,24.09838104248047,24.97072170571004,23.890209998985224,23.989339877635654,31790600
2013-06-20,23.69194793701172,24.534548987457228,23.444124209865684,24.068641061090883,42765600
2013-06-21,24.316463470458984,24.4849836714155,23.840640503158603,24.3759406323422,45833900
2013-06-24,23.731597900390625,23.900118091019035,23.176471454353056,23.741511075221094,40626000
2013-06-25,24.038904190063477,24.21733759584916,23.830733143810313,23.92986113302885,24713200
2013-06-26,23.94968032836914,24.435414515180863,23.781160150026736,24.296633859161695,29890300
2013-06-27,24.44533348083496,24.62376687555924,23.999249994024254,24.028989523393328,34694100
2013-06-28,24.663415908813477,24.762545775470265,24.207421169235158,24.465158066244836,96778900
2013-07-01,24.594024658203125,24.84184837029111,24.405679998352564,24.752631682679848,20582200
2013-07-02,24.197507858276367,24.554374619948625,24.08846481648875,24.484984280900115,18394100
2013-07-03,24.306550979614258,24.494895646006643,23.93977104105683,24.00916138033244,10404400
2013-07-05,24.157855987548828,24.44533050682889,23.989335789782984,24.435417331578563,20229500
2013-07-08,24.49489402770996,24.822023132531104,24.207419513882794,24.256983498449433,27064600
2013-07-09,25.258195877075195,25.268109053858982,24.812114266275646,24.85176508266565,30387900
2013-07-10,25.575407028198242,25.605146555127458,25.248279794956577,25.35732283628544,26721800
2013-07-11,25.585317611694336,25.773664148340735,25.22845277842373,25.734011449785815,26777400
2013-07-12,25.6844482421875,25.704274592063083,25.327581507406173,25.515928049734626,16537900
2013-07-15,26.051227569580078,26.199921408833593,25.426710797672662,25.70427401749204,24234000
2013-07-16,26.090879440307617,26.517136516740752,25.783578574568892,26.160269775402345,30817600
2013-07-17,26.41800880432129,26.546878200613943,26.071055209892197,26.140447441373997,21518500
2013-07-18,25.952102661132812,26.536966845684322,25.89262549224057,26.517140492471874,24806900
2013-07-19,25.65471076965332,25.882710029972014,25.377149412170475,25.595233606013416,46539700
2013-07-22,25.82322883605957,25.902532344590572,25.4961016270261,25.763751677347518,27526300
2013-07-23,25.902530670166016,26.07105085124379,25.743923663356895,25.87279303810472,28221600
2013-07-24,26.279226303100586,26.299052653579622,25.823229695806997,26.090879755039442,82635600
2013-07-25,34.06089782714844,34.576371696395775,32.46491222421716,33.24803620527506,365457900
2013-07-26,33.713932037353516,34.42766545163092,33.267852434919426,33.47602342025391,136028900
2013-07-29,35.121578216552734,35.31983795063245,33.713937507927696,33.773416562598584,124718800
2013-07-30,37.302425384521484,37.629550710931404,35.01253297369339,35.33966208159297,173582800
2013-07-31,36.47964859008789,37.97650588470694,36.01374259647907,37.62955042909481,154828700
2013-08-01,37.16365051269531,37.95668574143519,36.59860889438476,36.975302046095045,106066500
2013-08-02,37.718772888183594,38.154945095553416,37.17356141046153,37.332168454553226,73058500
2013-08-05,38.84884262084961,38.977712006221545,37.91702685171242,38.095460221769066,79994800
2013-08-06,38.214412689208984,38.90831978563281,37.609722273489496,38.76953912264594,63950800
2013-08-07,38.5316276550293,38.60101798821811,37.371814559025154,38.273892671969335,68854800
2013-08-08,38.20450210571289,38.84884145017675,38.095459073798665,38.78936618294319,41301000
2013-08-09,38.164852142333984,38.40276457279106,37.67911599666695,38.25406883106916,43532300
2013-08-12,37.88729476928711,38.16485614938762,37.768336650823876,37.8674684162099,31161000
2013-08-13,36.69773483276367,37.98641734747277,36.449911126800785,37.90711572793927,65379200
2013-08-14,36.330963134765625,37.22312636273235,36.30122171345685,36.509396536657036,48423900
2013-08-15,36.24174499511719,36.74730375941327,35.706444810692986,36.04348524738709,56521100
2013-08-16,36.75721740722656,37.163648172708214,36.57878401930876,36.64817436111124,45840800
2013-08-19,37.48086166381836,37.946767697064445,36.81669211207826,37.10416854165965,57609600
2013-08-20,38.07563781738281,38.244159920562346,37.3619042631919,38.01615876070356,57995200
2013-08-21,37.986419677734375,38.51180475652855,37.81790136245696,38.04589873215046,46116900
2013-08-22,38.214412689208984,38.41267239982857,38.00624169472867,38.0359793278003,21931200
2013-08-23,40.1970100402832,40.27631545253108,38.59111325716552,38.66050360213732,86442300
2013-08-26,40.980133056640625,41.57490850928959,40.26639948826978,40.54396464346406,94162400
2013-08-27,39.29492950439453,40.84135092049165,39.0768434148002,40.32587711512595,72695100
2013-08-28,40.1970100402832,40.49439777323237,39.53284422941306,39.61214586017075,57918200
2013-08-29,40.920650482177734,41.416297910620735,40.44482940465122,40.534046093030554,58303400
2013-08-30,40.93056106567383,41.89211440013107,40.70256372733904,41.65420577816841,67735100
2013-09-03,41.505523681640625,41.7930001606035,41.14865685003024,41.4757860395033,48774900
2013-09-04,41.41630554199219,41.802910002375135,41.079265077288255,41.64430294730801,42581900
2013-09-05,42.288639068603516,42.3976821095112,41.406387237971984,41.42621358918155,50035400
2013-09-06,43.567413330078125,44.22166783862955,42.03090693075932,42.71489907740715,117535700
2013-09-09,43.65662384033203,44.400094939323424,43.31958345752969,43.97383787338253,75794700
2013-09-10,43.220455169677734,43.874709637920446,42.85367712362239,43.85488706807085,54540300
2013-09-11,44.647918701171875,44.69748268487575,42.73471943458353,43.01228076851691,72328300
2013-09-12,44.36044692993164,45.22287243712653,44.261318952181405,45.133655744555334,68072300
2013-09-13,43.924278259277344,44.687575783952425,43.54758513949836,44.64792308050412,52765300
2013-09-16,42.13994598388672,44.54879297622042,42.06064435553515,44.45957628089361,70424200
2013-09-17,44.677650451660156,45.04442842055669,42.06063312922928,42.13002345357487,91934600
2013-09-18,44.836265563964844,45.07417799156693,44.01349280571587,44.44966117791499,79317000
2013-09-19,45.579734802246094,45.649125136262846,44.83626369650406,45.113825032571086,63972400
2013-09-20,47.07658767700195,47.18562691919589,45.341821925833145,45.91677089413184,115508400
2013-09-23,46.77920150756836,47.1360682501953,45.88703843249068,46.8684181932251,75177000
2013-09-24,48.028236389160156,49.227702253857785,47.74075997420261,48.08771166019291,136716100
2013-09-25,49.029449462890625,49.108754877472926,48.03815446955362,48.80145206820195,87879700
2013-09-26,49.951351165771484,50.15952219454786,49.06909927872773,49.57465803168322,98220100
2013-09-27,50.79395294189453,50.83360186443212,49.42596490486317,49.85222201943461,81410500
2013-09-30,49.79273986816406,51.15081275402266,49.36648278008973,49.70352318039293,100095000
2013-10-01,49.98108673095703,50.5857772212216,49.019533255371165,49.53500705393293,98114000
2013-10-02,49.84230422973633,50.65516571044401,49.51517889310508,49.693612269991135,62834000
2013-10-03,48.75187683105469,50.278471676268616,48.63292251810629,50.03064798509062,82045000
2013-10-04,50.5956916809082,50.7146460079218,49.13848699440461,49.33674672708719,74447000
2013-10-07,50.080223083496094,50.84352067553467,49.96126874414302,50.28839412273654,57204000
2013-10-08,46.72964096069336,50.15952040564812,46.67016568687272,50.15952040564812,136081000
2013-10-09,46.362857818603516,47.42354294221997,44.86600056689016,46.96754824601822,147297000
2013-10-10,48.62301254272461,49.24752936868517,47.413635374590136,47.45328429539713,99774000
2013-10-11,48.68248748779297,49.43586986040457,48.36527345916814,48.751877820211554,58428000
2013-10-14,49.079010009765625,49.19796812328544,47.49293964440175,47.889459126487736,68781000
2013-10-15,49.069095611572266,50.55603790283203,48.7518815586227,49.5548317572393,81167000
2013-10-16,50.69481658935547,50.793948340444004,49.4656131277748,49.60439379780911,64678000
2013-10-17,51.7555046081543,51.76541967455623,50.50647472729049,50.674993041224795,71522000
2013-10-18,53.748008728027344,54.35269920001425,53.13340318976764,53.70835602591578,88260000
2013-10-21,53.38123321533203,54.33287927104384,53.04419277052561,54.204009864693965,58235000
2013-10-22,52.22140884399414,54.28330000150474,51.74558780764554,53.85704672890263,83204000
2013-10-23,51.44820785522461,51.79515956459238,50.6849103131255,51.29951210464413,57207000
2013-10-24,51.99342346191406,52.380027906545585,51.14090915760335,51.924033114492524,46775000
2013-10-25,51.497764587402344,52.776535761410734,51.42837425530789,52.71705671326285,45085000
2013-10-28,49.79273986816406,51.249944507929335,49.17813811990167,51.0913374831684,73472000
2013-10-29,48.969966888427734,50.34786611886319,48.82127114898215,50.288387066787,102143000
2013-10-30,48.58335876464844,49.772913336784065,48.32562376840576,49.56474232657001,127073000
2013-10-31,49.772911071777344,51.54732967387795,46.095208266063935,46.74946268374203,248809000
2013-11-01,49.31692123413086,51.63655144946817,49.287183597232286,50.40734411063124,95033000
2013-11-04,47.80023956298828,49.31691949517523,47.6019798338454,48.94022638795272,80371000
2013-11-05,49.673789978027344,49.74318032120978,47.09642086878662,47.37398602300645,76835000
2013-11-06,48.692405700683594,50.01082976722667,48.2859749323301,49.822481311154775,67889000
2013-11-07,47.1459846496582,49.435873343802974,46.88824586980854,48.811360308030636,97128000
2013-11-08,47.116249084472656,48.22650218227493,46.83868770076721,47.393814249668345,70731000
2013-11-11,45.79782485961914,47.116245102279386,45.331915049357065,46.63051272184821,80910000
2013-11-12,46.20425033569336,46.957632705206315,45.43104161678671,45.59955991439888,68196000
2013-11-13,48.28596878051758,48.31571019591821,45.6590398304953,45.827558131310774,79245000
2013-11-14,48.563533782958984,49.13848279901104,47.61188790363114,48.27605738418818,75117000
2013-11-15,48.58335876464844,49.04926855259492,48.28597106698697,48.68249051819542,42453000
2013-11-18,45.43104553222656,48.41484141557823,45.40130411482803,48.048063373908114,85910000
2013-11-19,45.95642852783203,46.59085660852682,45.32200044713724,45.85729677679244,75602000
2013-11-20,46.025821685791016,47.13607089510361,45.90686735873714,46.204255067116776,53933000
2013-11-21,46.29347610473633,47.04685862214001,46.283561037348385,46.58095255514296,34886000
2013-11-22,45.82756423950195,46.858511876045334,45.55991415415953,46.63051449552921,40545000
2013-11-25,44.42983627319336,46.24390772091792,43.6566274759284,45.95643129781022,82565000
2013-11-26,45.49052429199219,45.76808566572814,43.17089397601148,44.271231966879135,82016000
2013-11-27,46.085304260253906,46.263733873719,45.13365822666248,45.56983042832652,44993000
2013-11-29,46.600772857666016,46.79903259937786,46.095214108716355,46.34303784048365,22953900
2013-12-02,46.65034103393555,47.126162149278024,45.85730206020801,46.491733995488055,50774000
2013-12-03,46.323204040527344,46.789113791419794,45.88703570407851,46.34303038965994,32086000
2013-12-04,48.19676208496094,48.34545784830917,45.85730526808956,46.05556502539042,60890000
2013-12-05,47.919193267822266,48.27606001936378,47.45328347758865,47.73084860739303,43855000
2013-12-06,47.52267074584961,48.96004894385422,47.29467339853005,48.55361823228639,42938000
2013-12-09,48.41484069824219,48.54371008775358,47.32441787419434,47.671369559621446,36056000
2013-12-10,49.81256866455078,50.32804246570403,48.11745529516544,48.21658327244917,68479000
2013-12-11,48.95014190673828,50.328041175709835,48.58336008091187,50.10995509348763,65776000
2013-12-12,51.37881088256836,51.61671951500539,50.21899400959684,50.60559837342417,92723000
2013-12-13,52.855838775634766,53.034272143308996,50.893075512707874,51.210289548242145,82641000
2013-12-16,53.341575622558594,54.02556768698415,52.449408772012546,52.786449162053316,85119000
2013-12-17,54.38243865966797,54.69965272421916,53.767836882286275,54.28330690106451,78751000
2013-12-18,55.08625030517578,55.403464330431724,53.28209411847405,54.38243192298224,76003000
2013-12-19,54.57078552246094,54.70956620859466,53.48036260441874,53.85705573927462,89753200
2013-12-20,54.64017868041992,54.66992010147368,53.75792674612743,54.45183399403409,239824000
2013-12-23,57.26710891723633,57.81232037584054,54.967304967804324,55.016868958315605,98297000
2013-12-24,57.455448150634766,58.07005367551716,56.41458932254517,57.76275091307596,46617800
2013-12-26,57.22745132446289,57.871794490546705,56.87058457287738,57.8123154381192,55101000
2013-12-27,54.9573860168457,57.17788818082978,54.76904135361756,56.979628451306056,60466000
2013-12-30,53.24244689941406,54.699651577676406,52.96488554412213,54.45182785859723,68307000
2013-12-31,54.17426681518555,54.382437832852936,53.44070693863254,53.64887795629993,43076200
2014-01-02,54.233741760253906,54.739304264665485,53.718267970937525,54.352699868050664,43195500
2014-01-03,54.08504867553711,55.165560219254154,54.05530725846009,54.54104340149372,38246200
2014-01-06,56.70207214355469,56.76154742066035,53.57949152484222,53.94626959912436,68852600
2014-01-07,57.41579818725586,58.040315026485565,56.7218947897672,57.19771588296938,77207400
2014-01-08,57.72310256958008,57.90153595717921,56.73180765246933,57.0985857129831,56682400
2014-01-09,56.721893310546875,58.44674425573709,56.15685554076148,58.13944526814596,92253300
2014-01-10,57.43562316894531,57.792489925707905,56.56328640962544,56.632676747719294,42449500
2014-01-13,55.42329406738281,57.74292413228259,54.897909014968356,57.40588373716075,63010900
2014-01-14,57.237369537353516,57.27701845966187,55.61164271503189,55.96850948623688,37503600
2014-01-15,57.09858322143555,58.06014045915137,56.77145787943821,57.47527633231749,33663400
2014-01-16,56.69215393066406,57.51493051221323,56.33529094336111,56.76154427109714,34541800
2014-01-17,55.80990219116211,57.31667089503219,55.581904817624455,56.801197092537954,40849200
2014-01-21,58.00065612792969,58.070050241756036,56.008155276634014,56.10728324240394,48669200
2014-01-22,57.009368896484375,58.79370276863537,56.60293813260331,58.33770423381345,61352900
2014-01-23,56.137020111083984,56.18658408995502,55.20520066975606,55.87928137057189,47951800
2014-01-24,53.97600555419922,55.92885384507939,53.92644156779937,55.66120756222228,55200700
2014-01-27,53.08384323120117,54.461742591477865,51.39864107847461,54.25357156182961,73924100
2014-01-28,54.659996032714844,54.798776703144135,53.52992053751672,53.54974688779086,48191200
2014-01-29,53.06401443481445,54.47165514984876,52.72697401979131,54.13461473482561,92995600
2014-01-30,60.54829406738281,61.9559310046943,59.933688509143494,61.57923788536858,150178900
2014-01-31,62.02532196044922,62.81835712888152,59.64621267366234,59.94360417062818,87794600
2014-02-03,60.94480514526367,63.21487119305878,60.17159639491008,62.48131136161564,74866600
2014-02-04,62.20375442504883,62.59035882759242,61.28184987368031,61.50984724488576,45985500
2014-02-05,61.648624420166016,62.610181620081235,60.73663498718681,62.193839604544564,51685100
2014-02-06,61.61888885498047,62.233490614436626,60.924981690954574,60.924981690954574,42086500
2014-02-07,63.76008605957031,64.00790977832844,61.678368334598034,61.727932322051686,60704300
2014-02-10,62.996788024902344,63.928603838299736,62.91748640193801,63.74026295644566,43666100
2014-02-11,64.28547668457031,64.4341724412616,62.79853424361812,63.195053740468104,45675600
2014-02-12,63.88896179199219,64.49365236659594,63.492449829547205,64.35487166714402,47282100
2014-02-13,66.7438735961914,66.7438735961914,63.492428208288864,63.621293795902425,61911700
2014-02-14,66.50597381591797,66.99171378129073,66.13919952885794,66.91240837106902,36694900
2014-02-18,66.71414184570312,66.95205047572016,65.4948459362802,66.35727511918807,43809900
2014-02-19,67.46752166748047,68.4786465987433,66.4167515996395,66.46631936483088,62087100
2014-02-20,69.02386474609375,69.49968965049626,65.157820485862,67.140410388742,130928900
2014-02-21,67.99291229248047,69.35098900282068,67.85413161410757,69.0833427125243,70932400
2014-02-24,70.16386413574219,70.81812251488869,67.9433652873606,68.141621276991,76620300
2014-02-25,69.241943359375,70.38193394287664,68.84542390907276,70.33236617547156,52077000
2014-02-26,68.6570816040039,70.60001855081087,68.25064709607514,69.57898609252256,55322700
2014-02-27,68.3398666381836,69.40055178262254,68.27047630398587,68.73637851189673,41653700
2014-02-28,67.86405181884766,69.27168884205396,66.79345145064272,68.86526184261228,66783700
2014-03-03,66.82318115234375,67.45760917234853,65.93101438578122,66.3770939875732,56824100
2014-03-04,68.20109558105469,68.30022356345262,67.03136723760645,68.06231489310153,42013500
2014-03-05,70.94696807861328,71.34348750866688,69.01394625619827,69.08333658923421,74567700
2014-03-06,70.22332763671875,71.26419031507697,69.63846727136047,71.2542752483648,46026500
2014-03-07,69.1923828125,70.56036696814381,68.86525370039622,70.46123899680373,38927000
2014-03-10,71.40296173095703,71.52191982712556,69.89619699438384,70.15392819161387,59871600
2014-03-11,69.4897689819336,71.9580910944188,69.35098830495721,71.86887818621099,59408300
2014-03-12,70.26298522949219,70.7288950786424,68.39935339587184,69.2518676809168,46340500
2014-03-13,68.2308349609375,70.72889497083284,67.55675407525456,70.66941969247213,57091000
2014-03-14,67.1304931640625,68.8256065689874,66.87275436733718,67.8937869244282,48227000
2014-03-17,68.14160919189453,68.34978021298113,66.04006884779372,67.58648646899694,52197000
2014-03-18,68.58769226074219,68.99411921156916,67.70544045996866,68.16143517788693,40827000
2014-03-19,67.64595794677734,68.68682055678202,66.8826642456255,68.56786245298795,43981000
2014-03-20,66.38701629638672,67.63604990586433,66.23832055857139,67.41796383213243,44439000
2014-03-21,66.6546630859375,67.3287438812947,65.60389297313753,66.9421394977936,59999900
2014-03-24,63.5420036315918,66.77362722769819,62.80844749951174,66.6051089043655,85696000
2014-03-25,64.32512664794922,65.6138130670214,63.22478868352083,64.32512664794922,68786000
2014-03-26,59.864295959472656,64.38459809858679,59.844469608504106,64.17642708565175,97503900
2014-03-27,60.43925094604492,61.3611555007283,57.475277546736756,59.983252420504485,112650000
2014-03-28,59.487606048583984,61.41072059941801,58.82344027217553,60.80603009761928,67052000
2014-03-31,59.715599060058594,60.98445516517353,59.34881726971361,60.25089536597304,53011000
2014-04-01,62.07488250732422,62.114535208919534,59.71560348474905,59.9336857805438,59291000
2014-04-02,62.17401123046875,63.35365068425155,61.66844876349786,62.659743566118905,66277000
2014-04-03,58.97213363647461,62.62009528877372,58.61526687729028,62.00549352656173,83859000
2014-04-04,56.255985260009766,59.67595340215856,55.82972815287728,59.41821461196733,125214400
2014-04-07,56.454246520996094,57.495105432001566,54.95738907228716,55.41338760999062,108488000
2014-04-08,57.68345260620117,58.1989264413706,56.672331288925385,57.17789383830837,78836000
2014-04-09,61.8667106628418,61.916274648423446,58.67474007571964,59.110912224413426,100215000
2014-04-10,58.6450080871582,62.63001417174228,58.16918697307967,62.530886191034696,114988000
2014-04-11,58.02048873901367,59.78499621576392,56.811111543847446,57.09858418820037,91452000
2014-04-14,58.37735366821289,59.92377501029759,57.27701576918049,59.56690825585575,72325000
2014-04-15,58.575618743896484,59.160482915627504,55.393562862109654,58.77387849018482,108623000
2014-04-16,59.200130462646484,59.66603647711265,57.237367086551046,59.269520800577396,78774000
2014-04-17,58.42692184448242,60.05264870701386,58.20883953117764,58.78378862451395,88040000
2014-04-21,60.706905364990234,60.706905364990234,58.63509873536075,58.942397754582466,60364000
2014-04-22,62.48131561279297,62.88774636582302,61.67836917325232,62.104626277831386,60631000
2014-04-23,60.82585525512695,62.927399370009056,60.72672349690757,62.897661733288196,95908700
2014-04-24,60.34012222290039,63.0959247404805,59.24969929636568,63.04635696805519,138769000
2014-04-25,57.2076301574707,59.487607766266514,57.0688494707208,59.44795884254519,92502000
2014-04-28,55.651302337646484,57.802414517516816,54.184186148119785,57.54467569227444,107758000
2014-04-29,57.64380645751953,57.77267208640003,55.353913618577266,55.6017373715649,75557000
2014-04-30,59.25960159301758,59.32899192609923,56.662410290775654,57.07875607075509,76093000
2014-05-01,60.617679595947266,61.73784001692456,59.685860047448024,59.90394611735034,82429000
2014-05-02,59.93368911743164,61.35124113572547,59.65612775379032,60.766376989845575,54189000
2014-05-05,60.687068939208984,60.81593454069179,58.664826637214546,59.15055897216573,46057000
2014-05-06,58.02048873901367,60.61768407516013,57.98083981732045,60.449161977376775,55901000
2014-05-07,56.89041519165039,58.78378834883609,55.770250866580206,58.25840324819248,78587000
2014-05-08,56.26589584350586,58.307964661945185,56.00816083801831,56.73180564816436,61251000
2014-05-09,56.741722106933594,57.14815286730331,55.889207882380056,56.35511391698097,52584000
2014-05-12,59.309173583984375,59.378563922010414,57.47527581496667,57.47527581496667,48575000
2014-05-13,59.309173583984375,60.3599437206586,58.991955748235576,59.14065149057127,48525000
2014-05-14,58.714393615722656,59.923774544941566,58.43683226730773,59.01178131495147,47429000
2014-05-15,57.41579818725586,58.86309159992199,57.019282500332324,58.74413349050401,56814000
2014-05-16,57.51493453979492,57.94119167887027,56.81111601955058,57.80241098828578,47933000
2014-05-19,58.69457244873047,59.04152794638151,57.068849353307606,57.3860634313662,43034000
2014-05-20,58.05023193359375,59.6660399321091,57.67353880480629,58.982047797973216,53931000
2014-05-21,59.96342849731445,59.97333978218325,57.742926319209495,58.050229091,58992000
2014-05-22,59.993167877197266,60.944810074836006,59.87421354786491,60.40950992060549,54200000
2014-05-23,60.81593322753906,60.915064974411784,59.6263825169823,59.884117495872395,38294000
2014-05-27,62.92739486694336,62.9571325015362,61.0340219075763,61.083585892394254,55682000
2014-05-28,62.95713806152344,63.581654913554125,62.07488619678405,62.83818373115711,47795000
2014-05-29,63.27435302734375,63.74026282381791,62.957135191677004,63.28426431213499,42700000
2014-05-30,62.74896240234375,63.61138785139423,62.015406340872225,63.39330555874875,45253500
2014-06-02,62.5308837890625,63.036442521635486,61.50984747584267,62.67957575441224,35996000
2014-06-03,62.32271194458008,62.86792340638081,61.77750048277935,62.07488820908065,32217000
2014-06-04,62.78861618041992,63.03643989382836,61.52967126252632,61.90636436572427,36514000
2014-06-05,62.63991928100586,63.7997362046766,62.27314125076352,63.10582906367159,47352000
2014-06-06,61.955928802490234,62.927397312334506,61.60897711379221,62.818354272603756,42442000
2014-06-09,62.33262634277344,62.78862110364171,61.25211471633075,61.856805229499145,37617000
2014-06-10,65.19745635986328,65.24702412558071,62.94722046770499,62.976958101943765,69338000
2014-06-11,65.2073745727539,65.22720470518964,64.33503782007095,64.75137984546649,44242000
2014-06-12,63.73035430908203,65.8913776387489,63.502353139056915,65.27677203679544,55730000
2014-06-13,63.938514709472656,64.40442447634703,63.27434900745049,64.13677064462046,29419000
2014-06-16,63.63121795654297,64.31520625070262,63.195045808456676,63.60148032153334,31046000
2014-06-17,63.83938980102539,64.31520709337249,63.373480011825045,63.54199832107383,27715000
2014-06-18,65.0289306640625,65.1776263813304,63.49242842023639,63.928592944449676,35570000
2014-06-19,63.779911041259766,65.00912217812926,63.65104542530505,64.89016406595415,34245000
2014-06-20,63.938514709472656,64.24581367784548,62.79852417492499,63.89886200984727,46466000
2014-06-23,64.80094909667969,65.08842551974074,63.66095847088032,63.76008644638901,34560000
2014-06-24,65.14789581298828,66.58527025545062,64.7018086128254,64.79102907804965,57335000
2014-06-25,66.85293579101562,66.89258849772563,64.99921145797029,65.00912652539292,44308000
2014-06-26,66.54562377929688,67.40805306321964,66.31763018802825,67.40805306321964,47714000
2014-06-27,67.01153564453125,67.11066362477122,66.25814938134332,66.72405920774928,46461000
2014-06-30,66.7042236328125,67.32873659325672,66.54561284496586,66.87274192266558,27102800
2014-07-01,67.46752166748047,67.84421853178507,66.80335596659907,66.99170439875137,33243000
2014-07-02,65.87154388427734,67.70544552205814,65.21729317503672,67.44770672727608,41895000
2014-07-03,65.71293640136719,66.41675483610268,65.1875513418449,66.27797416237904,25203200
2014-07-07,64.7216567993164,65.99051329396373,64.5531384505232,65.7228669495852,28745000
2014-07-08,62.21366500854492,64.98928991640759,61.668453580811345,64.4936424763789,68926000
2014-07-09,64.4044418334961,64.55313760642036,62.60028511070177,62.85802016474785,51432000
2014-07-10,64.3052978515625,64.77120006518645,62.50113779582958,62.75887656728699,44422000
2014-07-11,65.76249694824219,66.01032066160694,64.2259944631684,64.71172682372905,39212000
2014-07-14,67.30892181396484,67.57656809569966,66.3176269641656,66.5456205443509,38537000
2014-07-15,66.58527374267578,67.49726319618013,65.68319935537767,67.36839758741742,44213200
2014-07-16,67.07100677490234,67.34856809631418,66.48613893651701,66.95204868159207,29541600
2014-07-17,65.83189392089844,67.25935334694101,65.46511210761378,66.4464918810767,38188000
2014-07-18,67.82439422607422,67.86404692903734,65.58407323100622,66.2185013524566,42456000
2014-07-21,68.79586791992188,69.35099064657093,67.90370099282167,68.21099999321954,49539000
2014-07-22,68.66698455810547,69.16263193709938,68.01273395058249,69.15272443486424,40398000
2014-07-23,70.66940307617188,70.70905577341574,69.00402760682327,69.1328932006318,78435000
2014-07-24,74.32730102539062,76.07197474712808,73.86139117410397,75.298765871793,124168000
2014-07-25,74.53545379638672,75.01127103552473,74.01006879513993,74.33719031093032,45917000
2014-07-28,74.2677993774414,74.8427521361185,73.20711431856125,74.51562306001134,41725000
2014-07-29,73.06835174560547,74.26781775855152,72.78087529511718,74.06956178861913,41324000
2014-07-30,74.0299072265625,74.53546976909337,73.48469197844292,73.56399738962037,36853000
2014-07-31,72.01757049560547,73.52433530078066,71.80939949006688,73.35581699577028,43992000
2014-08-01,71.73009490966797,72.58260907332962,70.9271485129785,71.59131423772114,43535000
2014-08-04,72.8700942993164,73.23686859255848,71.73010358785034,71.73010358785034,30777000
2014-08-05,72.05724334716797,72.94940288812019,71.55168072777533,72.56279840357918,34986000
2014-08-06,71.8391342163086,73.0782526964768,71.16505346057794,71.39304702566064,30986000
2014-08-07,72.53305053710938,73.35582717048824,72.06714069500374,72.36453220872488,38141000
2014-08-08,72.42400360107422,72.7907854399235,71.92835614678167,72.76104780274274,27202000
2014-08-11,72.80069732666016,73.26660712342068,72.42400043754502,72.82051989625481,24591000
2014-08-12,72.19601440429688,72.69166188877567,71.59132386819431,72.45374565087995,27419000
2014-08-13,73.12782287597656,73.60364776499685,72.41409688691618,72.48348722875456,29266000
2014-08-14,73.6532211303711,73.73251898208072,73.04853057857412,73.32609196700933,22207000
2014-08-15,72.98904418945312,74.0001692701705,72.36453109581963,73.67304012270428,38846600
2014-08-18,73.94068145751953,74.0695546322066,73.31616840588894,73.35582110864037,23974000
2014-08-19,74.63459014892578,74.92206656292504,73.86138137615927,74.15876529331128,26679000
2014-08-20,74.15876770019531,74.52554952919778,73.9704268154468,74.31737851154116,22917000
2014-08-21,73.92086029052734,74.53546585036905,73.76225703949135,74.26781199246223,20102000
2014-08-22,73.92086029052734,74.07947110454322,72.92956539186774,73.69285913612448,20897000
2014-08-25,74.36693572998047,74.62467450657232,74.1389421515557,74.28763789047328,19734000
2014-08-26,75.29875946044922,75.32849709727924,74.07947097253931,74.34711726698934,23993000
2014-08-27,73.9803466796875,74.83286102566167,73.811828336711,74.61477490511278,36323000
2014-08-28,73.217041015625,73.78207879913388,73.08817540288781,73.35582169487421,21947000
2014-08-29,74.1686782836914,74.1686782836914,73.36573189797963,73.65320830393331,26241000
2014-09-02,76.01248168945312,76.03230425673125,74.16867285045946,74.35702127300596,34979000
2014-09-03,75.16989135742188,76.80552939573066,74.94189021097512,76.46848520919801,32389000
2014-09-04,75.28883361816406,76.26030580578899,74.87249163617285,75.22935835301641,26676000
2014-09-05,76.58744049072266,76.70639102971656,74.94188744683315,75.437534860586,29476000
2014-09-08,77.21196746826172,77.48952886006597,76.33963058502253,76.58745433670215,28183000
2014-09-09,76.00257110595703,77.48951331779489,75.53666133617116,76.91456051410258,28882000
2014-09-10,76.75596618652344,77.27143621874612,75.84397667252483,75.85388417640868,29909000
2014-09-11,77.24169158935547,77.67786373612549,76.37926992476123,76.45856776355447,32219000
2014-09-12,76.80553436279297,77.61839590137814,76.4288374497788,77.34082696858556,26676800
2014-09-15,73.93077087402344,76.57752627783148,72.79078029709737,76.47839830657257,49679000
2014-09-16,75.41771697998047,75.56641272594565,72.43391724607056,72.87999692098629,37742000
2014-09-17,75.7646713256836,76.5775328606496,74.91215708620948,75.29876150143843,28693000
2014-09-18,76.32970428466797,76.65683340386022,75.85387942375382,76.10170313896379,23031000
2014-09-19,77.23179626464844,77.61840070552736,75.77459141995989,76.72623370235269,76671000
2014-09-22,76.1314468383789,76.85508783727222,75.28884017287544,76.32970278145064,31961000
2014-09-23,77.60848236083984,77.94551901281798,75.37806872857665,75.66554517095932,36814000
2014-09-24,77.8563003540039,77.9356057590823,76.83526784330348,77.42012818905239,30680000
2014-09-25,76.54778289794922,78.2528111023685,76.45856243642648,77.91576694980758,37533000
2014-09-26,78.1041259765625,78.15368618370985,76.65683633201009,76.914567560328,28872000
2014-09-29,78.31229400634766,78.51054995332379,77.23178623826243,77.43995725148125,34031000
2014-09-30,78.3519515991211,79.01611738222637,77.91577941297193,78.65925060500979,35899000
2014-10-01,75.88362884521484,78.13386497683024,75.23928563721695,78.09421227263252,55090000
2014-10-02,76.40900421142578,76.80552363993394,74.981537293988,75.9034417510034,36488000
2014-10-03,76.76587677001953,77.38047474604673,76.58744339179043,77.08309082431798,23340000
2014-10-06,76.88482666015625,77.21195577795962,76.1810082195057,76.51805240350964,25729000
2014-10-07,75.62588500976562,77.27143052792289,75.57631724207663,76.37927121335713,25317000
2014-10-08,76.84516906738281,77.03351749830841,74.44623748213496,75.51683767427137,32976000
2014-10-09,75.24920654296875,77.08310076727903,75.1897237005666,76.60727584296482,32487000
2014-10-10,72.27529907226562,75.83404335915182,72.12660335700497,74.9319615660879,52146000
2014-10-13,72.3545913696289,74.1290096267163,71.88868169347475,72.59250752105507,43938000
2014-10-14,72.94937896728516,73.53424681812815,71.42279166700376,73.35581345585152,50299000
2014-10-15,72.57269287109375,73.15756074769497,69.70785144607743,71.0659280722707,61528000
2014-10-16,71.99773406982422,72.71146749097883,69.96558439551423,70.17375538285455,53529000
2014-10-17,75.28883361816406,75.33840138110631,73.10798818232355,73.58381299244121,76342000
2014-10-20,76.28014373779297,76.4189244264104,74.72381096145726,74.94189706156473,34701000
2014-10-21,78.0049819946289,78.05454219160775,76.4783872562837,76.88481414861484,32252000
2014-10-22,77.68778991699219,79.15490224479053,77.33092312093736,78.1338696305705,41862000
2014-10-23,79.34324645996094,79.92810683367752,78.32221390043536,78.68898818124742,35056000
2014-10-24,79.9677505493164,80.11644628348985,78.62950406771388,79.5018407782966,32248000
2014-10-27,79.5811538696289,80.09663145618626,79.0656838460515,80.03714861898044,30169000
2014-10-28,80.06688690185547,80.45349887638157,78.87733602986435,79.4820265326375,74212000
2014-10-29,75.19963073730469,76.21074819439336,74.12903044416625,74.79319620338036,106120000
2014-10-30,73.4648666381836,74.69407021318311,72.2654007005097,74.39668627694678,83270000
2014-10-31,74.33720397949219,75.04102246557319,73.80190381480098,74.27772870440873,44544000
2014-11-03,73.23686218261719,74.8625851623741,73.05842880371803,74.81302495672301,40727000
2014-11-04,75.10050964355469,75.11041714798777,73.00887663514123,73.5838295374402,39326000
2014-11-05,74.17860412597656,76.1314564192072,73.77216955965812,75.84397997148986,35913000
2014-11-06,74.60485076904297,74.94188737986364,73.66311614596653,74.23806896052108,21383000
2014-11-07,74.94190216064453,75.19964098403369,74.3669492326921,74.73373111355434,20774000
2014-11-10,74.34712219238281,74.82294710212543,73.96051776202086,74.70398898394468,21575100
2014-11-11,73.96050262451172,74.32728440826445,73.38554984878435,74.29753921257193,18715700
2014-11-12,74.06956481933594,74.48590691101778,72.89983639771974,73.63339259206118,26536600
2014-11-13,73.6036376953125,74.58501741361587,72.99894727217128,74.08937002172826,26448500
2014-11-14,74.22815704345703,74.27772481208247,73.39547298400312,73.62346656852898,19476900
2014-11-17,73.5937271118164,75.0013715383691,73.23686036288524,74.22815520703193,28701200
2014-11-18,73.69286346435547,74.14886579994374,73.25669882615414,73.80190651465088,20690500
2014-11-19,72.69163513183594,73.89110069520775,72.47354910886331,73.36571576512513,25441200
2014-11-20,72.95929718017578,73.3459015546236,71.87878945748298,72.16626586260713,19154900
2014-11-21,73.10799407958984,73.85146520582296,72.86017037084547,73.85146520582296,23060400
2014-11-24,73.36573791503906,73.70277455194987,72.7114796485935,72.89982810038478,22103800
2014-11-25,74.97161102294922,75.08065403856551,73.48466906052118,73.56397444696539,32250200
2014-11-26,76.9443130493164,77.10291630095571,74.85268020014998,74.87250277048743,32695300
2014-11-28,77.02360534667969,77.58864309785378,76.55770312899317,76.99386771182516,15992000
2014-12-01,74.44623565673828,76.63699618918385,74.14885176375597,76.58743598850958,31789900
2014-12-02,74.80310821533203,75.2491954340805,74.38676619488372,74.67424260794931,16773900
2014-12-03,74.22815704345703,75.07076373221162,73.75233974176327,74.72380447779284,16689900
2014-12-04,74.58502197265625,74.89232851723654,74.01007671078688,74.17859501921447,14362800
2014-12-05,75.6952896118164,76.09180913911547,74.70399457505923,75.1401668113863,24306400
2014-12-08,75.8538818359375,76.57753043507391,74.74363639679756,75.51684520276426,25733900
2014-12-09,76.17108917236328,76.26030963754651,74.1290242945814,74.54536629749202,25358600
2014-12-10,75.51685333251953,76.8749302039337,75.40781027758216,75.98276319216455,32210500
2014-12-11,77.05335235595703,77.83646863546768,75.81423378802563,75.85387892677744,33462100
2014-12-12,77.15248107910156,78.1933361484985,76.34952709644722,76.48831533534643,28091600
2014-12-15,76.31978607177734,77.89594876827725,75.89352899667152,77.77699066720842,29396500
2014-12-16,74.03981018066406,76.7163030846916,73.94067465142086,75.5267523635636,31554600
2014-12-17,75.44745635986328,75.74484785866514,74.24799042386105,74.35703346922307,29203900
2014-12-18,77.71753692626953,77.71753692626953,75.84398980258557,76.22067921584589,34222100
2014-12-19,79.18463134765625,79.30358945451069,77.64812883976289,78.06447086928395,43335000
2014-12-22,80.74097442626953,81.1771466448106,79.30359970677645,79.38290512159858,31395800
2014-12-23,79.90827941894531,81.4546969832813,79.7001084055139,81.30600124140754,19865800
2014-12-24,80.06688690185547,80.72114517553658,80.04706433128028,80.32462569721287,7685500
2014-12-26,80.07678985595703,80.57243723814342,79.80914359728708,80.31469848177242,10647400
2014-12-29,79.32341003417969,80.25522960704716,79.01611105290614,79.78931982061341,14134700
2014-12-30,78.53038024902344,79.88844937088965,78.41142214280276,79.15489328997785,14370800
2014-12-31,77.34082794189453,79.10533928915702,77.18222468414005,78.84760048695325,19935400
2015-01-02,77.76708221435547,78.24290709611357,77.02361103615712,77.89595539221699,18177500
2015-01-05,76.51806640625,78.56013176445285,76.19093722858227,77.30119039385714,26452200
2015-01-06,75.48709869384766,76.91455802825116,74.70397491336584,76.5576988668845,27399300
2015-01-07,75.48709869384766,76.68656446507305,75.15996960270103,76.09178911215668,22045300
2015-01-08,77.49942779541016,77.54899556062028,75.41771022722993,76.0719608627247,23961000
2015-01-09,77.0632553100586,77.93559957069412,76.52795521275381,77.51925000858212,21157000
2015-01-12,76.05213928222656,77.32099543310338,75.54657680983748,77.16238463275415,19190200
2015-01-13,75.78449249267578,77.40030802878574,75.18971706203146,76.5577088717913,25179600
2015-01-14,75.61597442626953,76.52796392716691,75.3681506990922,75.75475510845044,25918600
2015-01-15,73.4053955078125,75.90345550293978,72.89983295579397,75.73493717326042,34134000
2015-01-16,74.52554321289062,74.66432387956621,73.19720425087975,73.39546774825853,21791500
2015-01-20,75.57632446289062,75.6457148064973,74.16868745659526,75.06085441938114,22821600
2015-01-21,76.07196044921875,76.62709067723397,75.18970868672386,75.49701521599378,25096700
2015-01-22,76.97405242919922,77.07318040909078,76.01249514199291,76.49822753754762,19519500
2015-01-23,77.15248107910156,77.5093478351747,76.36935722899551,76.974047701065,16746500
2015-01-26,76.82535552978516,77.78691280262184,76.61718450622979,77.30118041432598,19260800
2015-01-27,75.12032318115234,76.21074601311109,74.97162743975352,76.04222770224956,20110000
2015-01-28,75.57632446289062,76.96413889800418,75.3384157938078,76.23058275659368,53306400
2015-01-29,77.32099914550781,77.34082171501359,73.56399071536725,76.18100854294607,61293500
2015-01-30,75.24920654296875,77.4796202770441,75.09059571387047,77.32100944794584,42649500
2015-02-02,74.33720397949219,75.47719465079864,73.10800039556057,75.44745701325691,41955300
2015-02-03,74.74363708496094,74.92207046974838,73.21704202910837,74.53546606320558,26957700
2015-02-04,74.97161102294922,75.68534437499115,74.3570131854515,74.43631100891778,20277400
2015-02-05,74.95181274414062,75.31859460305834,74.55529324641506,75.05094072782693,15062600
2015-02-06,73.82174682617188,75.04103555595933,73.60366069551554,75.02121298180029,21211000
2015-02-09,73.7919921875,74.17859657989936,72.81060482558195,73.40538779510064,16194300
2015-02-10,74.53545379638672,74.68414195675568,73.85145800677482,74.19840965260019,15811300
2015-02-11,75.8439712524414,76.08187989931314,74.37685154361012,74.43632681458317,20877400
2015-02-12,75.56640625,76.20083431963391,75.2293620838312,76.190919253958,17235000
2015-02-13,75.08067321777344,75.81423688530275,74.84276456064548,75.79440675213716,18621900
2015-02-17,74.94190216064453,76.24050378246547,74.42643207684702,74.64451819179318,25254400
2015-02-18,76.0422134399414,76.230561847919,74.79318003462862,75.2789198696258,22426400
2015-02-19,78.72863006591797,79.14497206080091,76.28013073513934,76.3197834341252,45851200
2015-02-20,79.20446014404297,79.64062473585815,78.51054921023507,78.85750845862877,36931700
2015-02-23,78.1536865234375,79.49194069289109,77.69769177560839,79.26393953748658,24139100
2015-02-24,77.76708221435547,78.788122318651,77.42013051045889,77.81664998476066,18897100
2015-02-25,78.86741638183594,79.5018444851092,77.81664625384826,77.81664625384826,25593800
2015-02-26,79.71002960205078,80.6616718350596,79.026033674615,79.1846369319597,31111900
2015-02-27,78.28256225585938,80.52289092741896,77.93561054107762,79.97767568777608,30739200
2015-03-02,79.0557632446289,79.16480628172881,77.83646726750237,78.31229211693648,21662500
2015-03-03,78.90707397460938,79.00620195383146,77.83647364785872,78.9169890414256,18635000
2015-03-04,80.19577026367188,80.44359402371846,78.16361240609747,78.60969971196991,28126700
2015-03-05,80.50305938720703,81.2762682132085,80.34445613306879,80.52288952083683,27825700
2015-03-06,79.31352233886719,80.62203155630827,79.1350889199897,80.19577436471103,24488600
2015-03-09,78.74847412109375,79.21438396283529,77.94552005986628,78.98638279409654,18925100
2015-03-10,76.87493133544922,78.5700449012705,76.87493133544922,77.81665857324523,23067100
2015-03-11,76.89473724365234,77.74725137569477,76.58743827616465,77.12273837509682,20215700
2015-03-12,78.24290466308594,78.36186277057135,77.23178721988889,77.42012810301617,16093300
2015-03-13,77.37056732177734,78.68898374578289,77.00378549865962,77.91577496032681,18557300
2015-03-16,77.39039611816406,77.43996389064749,76.6865776141848,77.28135306908472,19305400
2015-03-17,78.6691665649414,79.0855086220938,77.65804149702255,77.67787163097086,22170000
2015-03-18,80.20567321777344,80.53279478376231,78.48081466301844,78.56012006937081,36912400
2015-03-19,82.02964782714844,82.27747153659601,80.2948818610154,80.41383996422282,42099500
2015-03-20,83.07051849365234,83.86354990305719,82.34686986412753,82.6640839404855,44466300
2015-03-23,83.69502258300781,84.22040763147263,82.5748621506768,83.18946010338082,27357300
2015-03-24,84.56736755371094,85.32075381365149,83.78424365612457,83.97259211185474,32576500
2015-03-25,82.19817352294922,84.77553882027803,82.19817352294922,84.7557162494514,37436100
2015-03-26,82.28738403320312,83.0407626410545,81.42495482858212,81.9999076316628,32794800
2015-03-27,82.57486724853516,83.21920287576444,82.15851764744356,82.65416509176136,18372600
2015-03-30,82.4757308959961,83.60580645285862,81.69261459711852,83.08042137713934,24527700
2015-03-31,81.50426483154297,82.77312104588215,81.49434976528043,82.1783456407831,19734300
2015-04-01,80.95904541015625,81.99990798703809,80.166014099037,81.78182191851205,22058200
2015-04-02,80.8499984741211,81.84129323741529,80.73104794283225,81.53399428094731,19664100
2015-04-06,81.72235107421875,82.08912533388758,80.09662810098605,80.09662810098605,19062900
2015-04-07,81.60340118408203,82.6938241325557,81.50427320021723,81.93053033751825,17467000
2015-04-08,81.56375122070312,82.37661281649746,81.12757900145424,81.91070295738717,18966700
2015-04-09,81.45470428466797,82.0792249439222,80.99870951489932,81.7818334335173,15927300
2015-04-10,81.32584381103516,81.89088166618271,81.19697818195966,81.49436214820636,12529700
2015-04-13,82.28738403320312,83.20928850608104,81.20686876100123,81.21678382670378,26883100
2015-04-14,82.79293823242188,82.96146409600945,81.7223455980429,82.44598656558706,19634200
2015-04-15,81.98999786376953,82.931732528903,81.55382570042435,82.82268948806671,22390900
2015-04-16,81.5934829711914,82.34686923288393,81.4348797157183,81.7520937896446,13769700
2015-04-17,80.07678985595703,81.39521370768776,79.6703629353132,80.7707007288053,24215000
2015-04-20,82.36668395996094,82.42616679270641,80.53279003337215,80.83018150816142,28796800
2015-04-21,82.89207458496094,83.75449622779455,82.81276918518935,83.26876388940717,27171900
2015-04-22,83.8932876586914,84.00233070662182,82.9218228572861,83.5859886488767,45548000
2015-04-23,81.69259643554688,84.8449061890536,81.69259643554688,83.3678792655526,73728100
2015-04-24,80.82027435302734,82.21800383317779,80.77071414436435,82.04947794737929,29660400
2015-04-27,81.19696044921875,82.20807781440709,80.91939155316751,81.15730774978286,25446000
2015-04-28,79.9776611328125,81.18704194394212,79.53158151827134,81.11765161361397,23775300
2015-04-29,79.76949310302734,80.68148249633184,78.82775851306764,79.3134984063751,26430300
2015-04-30,78.08428192138672,80.25521978264081,77.63820232169437,79.3134928219665,28999000
2015-05-01,78.30237579345703,79.06567704089836,77.43003907364621,78.55019949870798,24136400
2015-05-04,78.12393951416016,78.99628376446793,77.94550615050439,78.63941703715639,14692000
2015-05-05,76.88482666015625,78.11403772772412,76.54779003913185,77.86621401356633,22311300
2015-05-06,77.42012786865234,78.12394631910614,76.3792727924797,77.29126225816802,28663000
2015-05-07,77.74726104736328,78.25282357529822,76.88483174241308,77.32100392831617,19749400
2015-05-08,77.8265609741211,78.54029447787595,77.35073611729135,78.41142130676606,19943600
2015-05-11,77.3309097290039,78.3420271007367,77.25160432961881,77.79681949666734,18874100
2015-05-12,76.78570556640625,77.21196269546567,76.12153976807514,77.19214012426812,21285300
2015-05-13,77.75718688964844,77.84639981477517,76.9740628850624,77.04345323671022,21512300
2015-05-14,80.66166687011719,81.13748417584368,77.98516616423179,78.25282001631018,49438000
2015-05-15,79.71994018554688,80.81036314697128,79.48203150884967,80.70132765751127,27069900
2015-05-18,80.17591857910156,80.67156596598197,79.53158302654019,79.63071099132048,21613700
2015-05-19,79.9281005859375,80.97887826388852,79.8488027462453,80.54270611217378,17955400
2015-05-20,79.84880065917969,80.39400827159317,78.76828537421387,79.76949525858087,23056900
2015-05-21,79.77941131591797,80.21557589867365,79.38289187097514,79.4919349074089,13402700
2015-05-22,79.83888244628906,80.60217609877229,79.5514060526845,79.65053401803598,19567900
2015-05-26,78.63943481445312,79.89837614713691,78.39161106240681,79.72985781086078,16321300
2015-05-27,79.84880065917969,79.95784369425823,78.73854773973413,78.90706604377216,14160900
2015-05-28,79.4522933959961,80.36428295371583,79.30359763782909,79.5514213804473,11982000
2015-05-29,78.50064086914062,79.3729776064391,78.19333432564298,79.25401950286135,16134600
2015-06-01,79.591064453125,79.68027735943863,77.9752565695045,78.60968466877755,18119000
2015-06-02,79.73975372314453,80.64182803114292,78.86740948519218,79.06567297698994,18923300
2015-06-03,81.72235107421875,81.81156398182048,80.54270776495395,80.64183573883797,31775000
2015-06-04,81.33575439453125,82.22791380706478,80.80045420922293,81.42496731059246,20863900
2015-06-05,81.42496490478516,81.74217897970865,80.80045182186768,81.15731860152913,16143100
2015-06-08,79.9677505493164,81.28617446241944,79.43245044407956,81.10774109400715,16915500
2015-06-09,79.9677505493164,80.48322808605377,78.62950406771388,79.89836021509937,16497500
2015-06-10,81.4448013305664,81.88096599041903,80.10654702196065,80.12637715735164,21531200
2015-06-11,81.11766052246094,82.17834572424164,80.65175072638331,81.59347782183156,18656800
2015-06-12,80.82027435302734,81.37539709312563,80.4931452113351,80.6616710971336,11417900
2015-06-15,80.00740051269531,80.22548657362631,79.37297246070275,79.84879728118665,18805100
2015-06-16,80.3543701171875,80.80045740407289,79.74967956337309,80.11646143530366,13693700
2015-06-17,81.0780258178711,81.50428300645753,80.6319384923376,81.04828817543178,18350300
2015-06-18,82.1882553100586,82.46581664334646,80.85991634835071,80.92930668167267,26782600
2015-06-19,81.79174041748047,82.25765020834652,81.40513602994896,82.10895446783913,23353200
2015-06-22,84.00231170654297,84.23031281782158,82.58475996705695,82.68389548855627,29383100
2015-06-23,87.114990234375,87.20421070520058,84.02215508804122,84.22041103635198,50667900
2015-06-24,88.08646392822266,88.47306832764119,86.68873451264813,86.89691309354711,41370200
2015-06-25,87.2141342163086,88.62177124936116,87.07534596347686,88.4829905595098,27302000
2015-06-26,87.2438735961914,87.57099519280892,86.07414521340066,87.35291664939075,38214600
2015-06-29,85.05310821533203,86.7383065750262,84.98371787259121,85.85605469033005,35957900
2015-06-30,85.02336120605469,85.94526577599143,84.82510524900634,85.84613779746725,23016500
2015-07-01,86.1534423828125,87.18438241134707,85.73709278181144,86.01465414049228,25260000
2015-07-02,86.5301284790039,86.67882421929734,85.5883938324652,86.63917151768712,16908800
2015-07-06,86.7878646850586,87.4222927660547,85.63795906139113,85.73708703098815,24635900
2015-07-07,86.46073913574219,87.08525217657755,84.48806447658131,87.03569197122975,33059900
2015-07-08,84.90441131591797,85.99483421410602,84.70614779435104,85.5388394589721,24399300
2015-07-09,85.13240814208984,86.83743667735756,84.90441453736237,85.97501490550447,23307400
2015-07-10,87.18437957763672,87.45203342407939,86.01465134480102,86.58960417651237,23245900
2015-07-13,89.31566619873047,89.43462430570236,87.6502905160223,87.88820672996607,29976700
2015-07-14,88.89933776855469,90.00959091453241,88.86960012800739,89.67254667470777,26627800
2015-07-15,88.9786376953125,90.19792626040608,88.64159347628363,89.21654636799265,30886600
2015-07-16,90.05914306640625,90.06905813336144,88.98854272465016,89.49410525764279,21804100
2015-07-17,94.1432876586914,94.55962974489665,91.73444049853151,91.74435556619756,54001600
2015-07-20,97.05767059326172,97.74165881377498,94.52986600790553,95.01559830771494,54860500
2015-07-21,97.53350067138672,98.37609978979965,96.2943820963737,98.08862337283908,39453300
2015-07-22,96.19526672363281,96.73056692571521,95.0850136123159,95.89787520148239,28299500
2015-07-23,94.60918426513672,96.60168149695419,93.9846636603459,96.11594913110103,29418800
2015-07-24,96.10603332519531,96.90898730189261,95.0453481311192,96.50255278044366,33444900
2015-07-27,93.35023498535156,95.76899685961078,93.01319836378013,95.73925922394031,38585400
2015-07-28,94.46051025390625,94.72815660111851,92.49774264341798,94.01442292457732,35236000
2015-07-29,96.14568328857422,96.43315969636683,93.91526992468135,95.48151756866339,64648300
2015-07-30,94.3812026977539,94.97597822709851,91.00089044214037,94.0838187145722,86211300
2015-07-31,93.1916275024414,95.49143116644446,93.13214467082616,94.1234394839823,46509000
2015-08-03,93.32048034667969,94.2522997638012,91.99214910889029,92.71578998828953,29343100
2015-08-04,93.2411880493164,93.90536132444562,92.51754706831099,92.97354177648765,20136000
2015-08-05,95.60047912597656,96.24481473733888,94.35144547941924,94.42083581739578,29813200
2015-08-06,94.2919692993164,97.88045183293139,93.59805836325648,96.33403427979253,42271300
2015-08-07,93.47909545898438,94.56951814232899,92.79509967955958,94.54968801258936,23199100
2015-08-10,93.33040618896484,95.0651720751427,92.8149286618037,94.8470860108037,21624200
2015-08-11,92.8050308227539,93.93510639838303,92.09129728804501,92.91407386627775,22491000
2015-08-12,93.37007141113281,93.61789514239669,90.39618663596626,91.89303652745443,27050500
2015-08-13,92.61669158935547,93.90537810671177,92.53738617472234,93.23129720829134,17451800
2015-08-14,93.59805297851562,93.89544444300074,92.3985871809228,92.7257162792606,15929700
2015-08-17,93.11233520507812,93.63772031990659,92.57703502308865,93.5980676142429,18313500
2015-08-18,94.34152221679688,95.015602968425,93.2213618402147,93.26101453889623,22278800
2015-08-19,94.48031616210938,95.26344005445334,93.34033305742464,93.80623531572344,23251300
2015-08-20,89.77165222167969,93.94500230840355,89.67252425697663,92.72571397289596,44598200
2015-08-21,85.31084442138672,88.40368751293732,84.86476470106776,86.75813419926536,62778700
2015-08-24,81.37539672851562,81.37539672851562,71.37323456973708,76.35944683029606,83710700
2015-08-25,82.27747344970703,86.906818634714,82.27747344970703,86.19308512483258,52021200
2015-08-26,86.43099975585938,86.69864603567956,82.53521072149796,85.20178870555631,45124300
2015-08-27,88.94889831542969,89.27601989784388,86.43100825966295,88.32437766277128,42431400
2015-08-28,90.2177505493164,90.68366036023805,89.00836956683384,89.09758247719081,33215900
2015-08-31,88.6515121459961,90.25741276855096,88.1162119384778,89.8113254807954,32850700
2015-09-01,86.47066497802734,88.61185821557073,85.74701631035568,86.09396804294597,36097400
2015-09-02,89.10749816894531,89.10749816894531,86.86716957195614,88.0368978592712,27190500
2015-09-03,87.38265228271484,89.03811305167328,86.9663102144104,88.9786377741956,27048200
2015-09-04,87.49169158935547,87.62055720603597,85.94526637428925,86.44091383334046,27328700
2015-09-08,88.7506332397461,89.454451727468,88.0567298188879,88.90924405764514,27012500
2015-09-09,89.65271759033203,91.17931271905368,89.38506371888498,89.98975424269616,32551100
2015-09-10,91.17931365966797,91.25861150852565,88.84976445555357,89.28593665768227,26437400
2015-09-11,91.24869537353516,91.27843300941659,90.33669834961984,90.88191355071163,21185000
2015-09-14,91.50642395019531,91.81373049238007,90.8026055237376,91.50642395019531,20127900
2015-09-15,92.09130096435547,92.43825267897275,90.99096298158345,91.56591585893787,18859400
2015-09-16,92.63651275634766,92.7852085157841,91.82365117613962,92.09130505572132,16321200
2015-09-17,93.51875305175781,94.67857378073236,92.0912936024484,92.55720339468047,27841800
2015-09-18,93.5782470703125,94.36137100743154,92.24000036783531,92.3886885635702,62300000
2015-09-21,94.7182388305664,95.65005097352773,93.69719864323538,93.7963341921079,28790000
2015-09-22,92.15077209472656,93.85580051611926,91.11982450125703,92.95371853571598,36888900
2015-09-23,93.15196228027344,93.49891390564278,91.99214931990528,92.5869246152496,21701400
2015-09-24,93.58815002441406,93.94500921096936,91.43703446111296,92.24989593216894,29106000
2015-09-25,91.96241760253906,95.0156074791521,91.25859918423178,94.95613220979578,28961600
2015-09-28,88.43341827392578,91.48660842083078,87.41238572369625,91.27843739667544,41199900
2015-09-29,85.91551971435547,89.27600852878066,84.97379266624617,88.32436641489717,42281800
2015-09-30,89.11740112304688,89.23635165485668,87.24385461725367,87.67011166985618,36169100
2015-10-01,90.15827178955078,90.15827178955078,87.5908215245621,89.26611239371978,29283700
2015-10-02,91.26852416992188,91.3973897885265,87.60073594337034,88.12612104773247,37881700
2015-10-05,93.1916275024414,93.44935870851695,91.85338101727649,92.13094235488353,27292500
2015-10-06,91.99217987060547,93.35024919277859,91.5361775109918,93.26103627218943,22172800
2015-10-07,91.59564971923828,92.84468340332685,90.57461718848344,92.29946818642871,24129300
2015-10-08,91.6650390625,92.40851022492367,89.68244929603686,91.09008621511055,27290500
2015-10-09,92.4283447265625,92.92399223216202,91.43704971536347,92.09130805298558,20012900
2015-10-12,93.43946075439453,93.77649739507967,91.86329790765758,92.50764111465092,18449600
2015-10-13,93.3006820678711,94.53980073745777,92.73564425705878,92.84468730502083,19480300
2015-10-14,93.25110626220703,94.37126672033743,92.79511153864121,93.26102132834397,19253400
2015-10-15,95.12464904785156,95.46169321595755,94.07387896953956,94.16309187219812,27557500
2015-10-16,96.6908950805664,96.74045528246165,94.5199570623109,95.34273355615866,25412900
2015-10-19,97.6128158569336,97.71194384027218,96.07630564475427,96.33404445181887,23729900
2015-10-20,96.1556167602539,98.72306722702372,95.7194445321154,97.87056046935967,30881800
2015-10-21,96.2646484375,97.32533367901061,95.63022030592244,96.5223872293846,21917800
2015-10-22,98.80236053466797,98.86184337129369,96.70082019406267,96.93872885162594,26392100
2015-10-23,101.30043029785156,101.95468101232065,99.2881028202708,101.02286893032043,42809700
2015-10-26,102.86666107177734,102.90631377249261,100.66599290442497,101.31032849285491,25961200
2015-10-27,102.79727935791016,103.19379883533972,101.50860050998907,102.04390067007198,23795500
2015-10-28,103.29291534423828,103.57048424170354,102.0240592077423,102.99553144142281,24081500
2015-10-29,103.96700286865234,104.20491908194121,102.61884124526726,103.05501340665056,20316700
2015-10-30,101.08234405517578,103.80840508120326,100.76512998375725,103.60023405586422,33487100
2015-11-02,102.41065979003906,102.56927058272784,100.29920466247712,100.83450474333343,24003900
2015-11-03,101.6870346069336,102.74771986775272,101.508601218993,102.32146275006018,21242300
2015-11-04,103.03519439697266,103.23345035191697,101.58790474953548,102.29172322146164,43469300
2015-11-05,107.81324005126953,109.68678688733603,107.01028600511232,107.85289275652251,63232900
2015-11-06,106.16768646240234,107.79340955744794,104.9880506277289,107.09950612528708,35084300
2015-11-09,105.56298828125,107.30766936500352,104.93847523764136,106.06855078111202,26383500
2015-11-10,106.97063446044922,107.20854311474754,104.32387137483384,105.03760490070856,25031700
2015-11-11,108.0610580444336,108.91357225461873,106.17759624139714,107.32749438070604,25057100
2015-11-12,107.07968139648438,108.43775825424486,107.05985882441352,107.53568374690015,20924700
2015-11-13,103.04511260986328,107.30768415098379,102.92616204972641,106.77238394142582,30278400
2015-11-16,103.13431549072266,103.26318109653731,99.59539323401559,102.42058199979361,49309200
2015-11-17,104.21481323242188,105.2754983010808,103.23343355803132,103.70925836066294,26807200
2015-11-18,106.83184051513672,106.9408835514891,104.47256154210568,104.87899605268808,23836500
2015-11-19,105.33499908447266,106.79220380990097,105.02769252004154,106.42542197111929,25520600
2015-11-20,106.38575744628906,106.93097261052138,105.69185411270168,105.90993261541549,22129600
2015-11-23,106.01899719238281,106.53447482749432,105.1565753829542,106.25691343765612,19897200
2015-11-24,104.81951904296875,105.56299020686559,103.48127246055039,105.077257830754,23577300
2015-11-25,104.49239349365234,105.67202921922087,104.18508694813526,105.40438293813644,15150800
2015-11-27,104.53202819824219,105.03759063758274,103.94716792688995,104.85915728034365,5913100
2015-11-30,103.33256530761719,105.17637419556962,102.84683298512876,104.91863543623784,20383200
2015-12-01,106.18751525878906,106.21725289650989,103.59031982845543,103.91744896934472,22781900
2015-12-02,105.14664459228516,106.98053855489798,104.86908324395192,106.06854910666601,24429100
2015-12-03,103.47135925292969,105.91985887342742,102.4503267129119,105.34490601456966,23236500
2015-12-04,105.25569915771484,106.79220937094196,103.20371889298735,103.89762233981101,21224700
2015-12-07,104.6906509399414,105.90003188118547,103.7489238466013,105.55308019221698,15474900
2015-12-08,105.56298828125,105.97933787330206,103.04509841122491,103.09466617977243,20401800
2015-12-09,103.68944549560547,105.51343205259109,102.6485903836935,105.2556932597929,23517300
2015-12-10,104.50230407714844,105.47377638393765,103.50110169711736,104.13552981310961,17454300
2015-12-11,101.23101806640625,103.4316859601073,101.02284708577149,103.24334510885399,26427700
2015-12-14,103.74893188476562,103.8282297319739,100.57678354404887,101.39956015804873,24648100
2015-12-15,103.63988494873047,104.87900357526728,103.37223109012977,104.38335612465255,21764300
2015-12-16,105.86038970947266,106.15777365975052,103.28302432549621,104.45275268107527,22680500
2015-12-17,105.29533386230469,106.81201368176964,105.20611339840607,106.5542749185925,21675700
2015-12-18,103.13431549072266,105.66211278095378,103.06492515482563,105.15655786069519,35994200
2015-12-21,103.85796356201172,104.23466046510491,102.69815034170668,103.99675180624283,16138800
2015-12-22,104.5915298461914,104.74022559781011,103.89761885963081,104.3040534098566,14597100
2015-12-23,103.71918487548828,105.18630468647656,102.95589111392698,104.96821859375046,19599700
2015-12-24,104.10578155517578,104.4031730346131,103.59031156219449,103.82822020795666,6501800
2015-12-28,105.00788116455078,105.05744894045678,103.62006663197121,104.1057990713308,13069700
2015-12-29,106.32630157470703,106.80211892940062,105.32509152819273,105.49360985952252,17179900
2015-12-30,105.29533386230469,106.31636628649461,105.13672306558674,106.0685425888571,13115000
2015-12-31,103.74893188476562,105.24578179642684,103.7092791796714,105.07726347201151,18391100
2016-01-04,101.33014678955078,101.34996935610351,98.88164763796277,101.06249298172897,37912400
2016-01-05,101.83573150634766,102.80719630266707,100.78495373751754,101.99433476242874,23258200
2016-01-06,102.0736312866211,102.86666262395468,100.02165126226403,100.2496448410929,25096200
2016-01-07,97.06758880615234,100.54703580818862,96.45299084636537,99.62513130552874,45172900
2016-01-08,96.48272705078125,99.62512982825906,96.185335578341,99.0105243146062,35402300
2016-01-11,96.66117095947266,97.74167880537391,94.55962298047022,97.05769044496105,29932400
2016-01-12,98.50497436523438,99.0898347107424,96.70081799683214,98.1381925391326,28395400
2016-01-13,94.60918426513672,99.70443926239523,94.38118311864586,99.70443926239523,33410600
2016-01-14,97.51367950439453,98.00932694152843,91.64520810086469,95.0156121859711,48658600
2016-01-15,94.1432876586914,95.54100968037491,92.72573550167583,93.16190772321313,46132800
2016-01-19,94.4307632446289,96.57195649888621,93.10242401993932,95.68970455927817,30998300
2016-01-20,93.5286636352539,94.17300677313965,88.59201972599345,92.02189885459451,59051400
2016-01-21,93.34032440185547,95.15438818470565,91.81372946298632,94.08379552100074,30518900
2016-01-22,97.08741760253906,97.21628320714557,94.658740742954,95.57073773002386,30495400
2016-01-25,96.16553497314453,98.61403495812212,96.08622955398371,97.86064860205646,32482000
2016-01-26,96.49263763427734,97.02793776397208,94.82726953697757,96.90898722158184,26877100
2016-01-27,93.62779998779297,96.99820414987701,93.40972146337624,96.93872887621608,58699400
2016-01-28,108.16019439697266,109.37948297046616,103.89762301594402,106.2668173807775,107475300
2016-01-29,111.23319244384766,111.85770546675377,107.89252612974619,108.04122186747985,62739500
2016-02-01,114.088134765625,114.71265543866677,111.0349519979003,111.29268324542885,46132700
2016-02-02,113.6123046875,116.56635913965604,112.21457530248163,113.80065313134833,59778600
2016-02-03,111.70901489257812,114.33594009653787,108.79460572232335,114.26654976214986,56919300
2016-02-04,109.5281753540039,110.96555754890012,108.29897175107693,110.82677686290741,38890200
2016-02-05,103.1640625,108.62609965214851,102.28181062214956,108.55670930994611,76894700
2016-02-08,98.88166046142578,101.78615465018032,96.61159436633275,99.53591868719016,71229700
2016-02-09,98.67350006103516,101.50860421820283,95.97717659159063,96.29439067252645,62709000
2016-02-10,100.12078857421875,102.35120218107016,99.36740230493672,100.66600381441894,45179400
2016-02-11,101.02286529541016,104.19500590017188,98.0192354428948,98.73296896971112,43670600
2016-02-12,101.12199401855469,103.33257739174645,100.20999697033862,102.83692994590331,36176800
2016-02-16,100.7254638671875,103.0252674694827,99.36738728693072,102.89640186990262,45687200
2016-02-17,104.28421783447266,104.79969540478906,99.52600697181951,101.13189982916133,44073400
2016-02-18,102.56928253173828,105.07725737021477,102.13311036401029,104.87900141923645,29593500
2016-02-19,103.65971374511719,104.10579345227119,101.17156127595197,101.65730125207473,32404500
2016-02-22,106.22716522216797,107.30767303403553,104.42300124187406,104.57169698962113,35709700
2016-02-23,104.54195404052734,106.5344588079402,104.20491742154123,105.91985327787319,25319300
2016-02-24,105.94959259033203,106.01898292845573,101.8456324487776,103.30283711235468,34412400
2016-02-25,107.12924194335938,107.12924194335938,104.69065734222019,106.1775997255719,29906300
2016-02-26,106.98052978515625,108.4972095734897,106.22715120514704,107.75373849583771,26686200
2016-02-29,105.98925018310547,107.96193250346471,105.82073186316924,106.66333102583035,32779000
2016-03-01,108.86399841308594,108.86399841308594,106.6633226706049,106.8913238102316,26817300
2016-03-02,108.99287414550781,109.58765715180294,107.82314582969688,108.72522784305909,25670200
2016-03-03,108.62609100341797,109.33982450237566,107.59514345636568,109.29025673490047,21353100
2016-03-04,107.44644927978516,109.09200237775968,106.99045455170271,109.09200237775968,24938900
2016-03-07,104.80961608886719,107.12924259068161,103.8084060937262,107.12924259068161,31436400
2016-03-08,105.00788116455078,106.435348405259,103.49120100278869,103.86789038553968,25617000
2016-03-09,106.5741195678711,106.5741195678711,104.5716995829094,105.77116553531633,20493300
2016-03-10,106.38575744628906,107.71409640870093,104.849247483801,106.9706253100091,24854300
2016-03-11,108.45758056640625,108.46748807023677,106.98054569381539,107.5356759905058,20697600
2016-03-14,108.93339538574219,109.36956755961258,107.82314238088112,108.32870489486909,17249400
2016-03-15,109.70660400390625,109.86521481703205,107.89253253442398,108.16018639082881,17618500
2016-03-16,111.20346069335938,111.52067475458657,109.14156551389276,109.52816991467029,24744800
2016-03-17,110.0535659790039,111.70903435290239,109.76609708858867,111.17373415309446,24241200
2016-03-18,110.47980499267578,111.44136218101475,109.31007679907465,110.58884802823871,36256900
2016-03-21,110.87633514404297,111.39181273703599,110.06347361322786,110.68799425231632,18448000
2016-03-22,111.2728500366211,111.89736308698244,110.2022497534476,110.39059820038916,19001100
2016-03-23,111.56034088134766,112.20468414783541,111.02504067055692,111.0349557382514,18562000
2016-03-24,112.06588745117188,112.10553259032778,110.70781076420383,111.15389042801412,17839100
2016-03-28,112.70032501220703,113.59248441465816,111.9667613056411,112.33354315892406,21351800
2016-03-29,115.12898254394531,115.30741591833308,112.65074543465947,112.83909387511862,29825300
2016-03-30,113.7015151977539,115.97158129040774,113.36447858216188,115.71385007718305,33235200
2016-03-31,113.10674285888672,114.00882481846006,112.77961373752629,113.7015182667368,21207500
2016-04-01,115.0496826171875,115.15872566022439,112.36327437041805,112.75979383937225,24760500
2016-04-04,111.57024383544922,113.55283363216635,110.6384242108386,113.07700875324309,48487900
2016-04-05,111.24311828613281,112.33354119684512,110.92590421096232,111.13407523876357,22962400
2016-04-06,112.72013854980469,112.81926652402377,111.44136726233333,111.4909350309327,20814600
2016-04-07,112.65074920654297,113.88986780267528,112.08571142922581,112.79944495067478,20714500
2016-04-08,109.66694641113281,113.33474188985046,108.94330540670434,113.25543648682338,48497800
2016-04-11,108.04122161865234,109.94451344389688,107.82313554554248,109.73633487376158,39762300
2016-04-12,109.64713287353516,110.1923481105315,108.04123236336602,108.38818407646363,26248100
2016-04-13,109.54800415039062,111.66937468235429,105.59273195895234,111.25303262945975,88227400
2016-04-14,109.87511444091797,111.06467276511277,109.30016919201873,109.65703593297924,28473300
2016-04-15,108.68557739257812,110.00400148730694,108.2494051957102,109.82556809431372,20922800
2016-04-18,109.48851776123047,109.84538452727485,108.24939914662632,108.78469929569289,21167200
2016-04-19,111.31251525878906,111.47111852433106,108.20976466487686,110.1328718013393,30210500
2016-04-20,111.44136810302734,112.28396723471552,110.58885390494856,111.45128316941795,21027900
2016-04-21,112.45248413085938,113.04725949614105,111.33231617055011,111.57023236704607,20875200
2016-04-22,109.5975570678711,110.77720036891048,108.06105457593345,110.24190023809378,38458200
2016-04-25,109.14157104492188,109.70660885646066,108.12053846994654,108.91357744469369,21017900
2016-04-26,107.81324005126953,109.53809113338245,107.20854953137716,109.52817606632416,22521500
2016-04-27,107.94208526611328,107.99165302905443,105.3845429831173,107.00035827406177,52213100
2016-04-28,115.71385955810547,119.73851452076177,115.21821209716829,118.53904857285139,87110100
2016-04-29,116.55646514892578,116.81419639746308,114.83160644451512,115.80307884917103,37140600
2016-05-02,117.53783416748047,117.69644497925077,115.55524439823024,116.80427807049222,28095200
2016-05-03,116.40776824951172,117.13141690296017,116.00133368290825,116.49698116628981,24117500
2016-05-04,117.03227996826172,117.2701962028098,115.55525260293213,115.59490530869014,23448400
2016-05-05,116.78443908691406,117.94425976189198,116.22931641374801,117.01244022080965,22056700
2016-05-06,118.4498291015625,118.59852485370058,116.09054989016815,116.14011766187421,26395600
2016-05-09,118.2020034790039,119.23295109756874,117.86496683832809,118.49939497852492,21138100
2016-05-10,119.4510269165039,119.4510269165039,117.96408467273,118.57869018949577,23220000
2016-05-11,118.47955322265625,120.02597828029617,118.38042525353325,119.3618125678949,22038400
2016-05-12,119.23295593261719,119.78807868705535,117.86497161790301,118.93557198401687,22035500
2016-05-13,118.76704406738281,119.58982068080084,118.63817844815284,119.3320818793607,18124300
2016-05-16,117.63695526123047,118.56877481841735,116.32844639259623,118.34077368058124,31247800
2016-05-17,116.32844543457031,117.97399846345648,116.17974969920434,117.78565002779429,21328600
2016-05-18,116.6258316040039,117.24042952321012,115.71384222758383,115.7832325592032,21642300
2016-05-19,115.79315185546875,116.46723267256223,114.87124731978179,116.03106807066389,20544100
2016-05-20,116.32844543457031,116.9628735133512,115.93192599458744,115.94184106040632,18944800
2016-05-23,114.9604721069336,116.57628009014918,114.93073446966274,116.39784670354415,20441000
2016-05-24,116.67539978027344,116.70514497841121,115.10915967909249,115.22811021972579,20183600
2016-05-25,116.86375427246094,117.63696307853861,116.35819175964866,117.10166292902795,20019800
2016-05-26,118.43000793457031,118.71748437531706,116.89349774922954,117.21071182816038,18481300
2016-05-27,118.34078216552734,118.80669197752617,117.97400789368305,118.5192155496337,13493600
2016-05-31,117.77574157714844,119.05451287235451,117.09175325681379,118.42008475793936,23547600
2016-06-01,117.74600219726562,118.04339368029719,116.79436003973605,117.46844084669195,15029500
2016-06-02,117.89469146728516,118.40025393549554,117.19087306325613,117.65678283170698,13228300
2016-06-03,117.43870544433594,117.94426794991213,116.83401496352397,117.94426794991213,14135100
2016-06-06,117.75592041015625,118.3903485321291,117.3296633066764,117.58740209465904,12744700
2016-06-07,116.73489379882812,118.26148890805896,116.64567332182482,118.20200606906337,17103000
2016-06-08,117.35939025878906,117.56756125833019,116.24913736492404,116.73487726016573,14505600
2016-06-09,117.52791595458984,117.64687406023288,116.68531683781218,117.10165886309343,13859200
2016-06-10,115.60480499267578,117.08183216146162,115.24793825132119,116.51679441481339,18510800
2016-06-13,112.95804595947266,114.47473344398178,112.32361785586525,113.99890858478645,31718200
2016-06-14,113.93944549560547,113.94935299989206,112.591283740553,113.07701615490885,17618500
2016-06-15,113.6023941040039,114.43508575331492,113.07700901672644,114.29630507225973,19819400
2016-06-16,113.39421844482422,113.5032614844765,111.95684392283273,112.8787484452695,19236300
2016-06-17,112.03612518310547,113.43385435925842,111.58013052248933,113.42393929449024,24644300
2016-06-20,112.38311004638672,113.72135670250387,111.76850446104558,112.77962197191759,20785400
2016-06-21,113.38430786132812,114.2070844428773,112.97788088535727,113.12657663285094,19166300
2016-06-22,112.91839599609375,113.74116494460092,112.62100452643045,113.6519520414895,14846300
2016-06-23,114.07821655273438,114.08812405618437,112.55162153068311,113.37439809581757,16176900
2016-06-24,111.10432434082031,112.690394527378,110.03372412877667,110.04363919453056,40643100
2016-06-27,108.02140045166016,110.5987655356332,107.2878443841171,110.5987655356332,36130400
2016-06-28,111.71892547607422,111.76849324328076,109.58764761982314,109.6669454591824,26813800
2016-06-29,113.1662368774414,113.25544979409457,112.05598379354845,112.3831129472375,20968300
2016-06-30,113.28517150878906,114.17733836481317,112.68048105987158,113.67177588590296,23192700
2016-07-01,113.19596099853516,114.1277730118846,112.8192641163701,113.20586850165988,14980000
2016-07-05,113.20587158203125,113.20587158203125,111.98658312231841,112.94814036014478,14207000
2016-07-06,115.6841049194336,115.77332538787284,111.98657939777446,112.37318378072587,24337600
2016-07-07,114.84151458740234,115.95176761678209,114.35578219585247,115.61472341235358,16630200
2016-07-08,116.21942138671875,116.4771601992623,114.84152196897442,115.41647487273292,18142600
2016-07-11,116.84393310546875,117.66670212826423,116.47715126816432,116.68532229053281,17711600
2016-07-12,116.9034194946289,117.6865434511289,116.54655269007245,117.59732296849945,15217700
2016-07-13,115.76341247558594,117.36931287055498,115.66428450223763,117.35939780432628,16207700
2016-07-14,116.26898193359375,116.6159336425777,115.68411399875222,116.47715295898412,14579700
2016-07-15,115.84271240234375,117.2503492210827,115.56515106489994,116.71504911473566,16646000
2016-07-18,118.33086395263672,118.56877258892054,115.87244950110656,116.29870657106214,20868400
2016-07-19,119.5600814819336,119.79799014624474,117.6270594038179,117.95418098112819,21541300
2016-07-20,120.85865783691406,121.13621916540836,119.5104963302455,120.19449214902001,20046500
2016-07-21,119.5600814819336,121.03710880221124,119.20321470397684,120.85867541323286,17801700
2016-07-22,119.94667053222656,119.95658559783858,118.27137990381323,118.85624776725669,18422400
2016-07-25,120.57119750976562,120.78928360063776,116.75471360844328,120.33328884835058,18487400
2016-07-26,120.16476440429688,121.0073635245593,119.69885460899259,120.93797318672543,17612000
2016-07-27,122.26631164550781,123.91186484082438,120.45224769210297,121.35432213539455,52654200
2016-07-28,123.91185760498047,127.21287130669225,122.55378092295723,126.40991732658586,78955800
2016-07-29,122.86109924316406,124.74455360881757,122.63309807561657,123.56491775423106,35058800
2016-08-01,123.22785949707031,123.49551333991383,121.79048500009996,122.77186477690745,25006900
2016-08-02,122.01848602294922,123.71360696309765,121.0073685492448,122.98004328927415,23968400
2016-08-03,121.44352722167969,122.84124894721727,121.24526372527001,122.01847245382005,18525300
2016-08-04,123.2774429321289,123.70370007125675,121.44354875233903,121.86980589146687,21066000
2016-08-05,124.06055450439453,124.74454282193066,123.53516943332343,123.89203619159431,20184000
2016-08-08,124.16959381103516,124.35793468786224,123.4657753819943,124.15967874499813,15233900
2016-08-09,123.97132873535156,124.99236119783339,123.44594368673309,124.24889007703834,19621000
2016-08-10,123.79291534423828,124.38769838725682,123.45587867864295,123.98126381205952,10670100
2016-08-11,123.8127212524414,124.28853851817493,123.66402552078252,124.1101051527801,11729500
2016-08-12,123.79291534423828,123.91187346543809,123.09901187802404,123.61448194392882,12159000
2016-08-15,122.8214340209961,123.83255144517022,122.6231705122505,123.82264394196761,19295100
2016-08-16,122.2266616821289,122.84125966718523,121.71118410945874,122.42491763286068,14222400
2016-08-17,123.28734588623047,123.29725338959972,121.7805734463417,122.583527435051,13794200
2016-08-18,122.83134460449219,123.17829627841067,122.56369076819846,122.93047257375757,12400800
2016-08-19,122.48439025878906,123.0791732240915,122.20682890857036,122.52404296067452,11688300
2016-08-22,123.06925964355469,123.74334045778592,122.03831207102574,122.25639815253874,14386400
2016-08-23,123.28734588623047,124.0010718407792,123.16838777898252,123.42612656319659,13309500
2016-08-24,122.40508270263672,123.60454847829644,122.0184707806839,123.38646241672576,12243700
2016-08-25,122.8115234375,123.28734831287774,122.02839956607443,122.04822969916256,10730800
2016-08-26,123.8722152709961,124.10021643578379,122.83136011778326,122.9701408048783,17504800
2016-08-29,125.4384536743164,125.6268021196452,123.26751549030008,123.26751549030008,15925900
2016-08-30,124.74454498291016,125.49793121486417,124.06055665352514,125.49793121486417,17804300
2016-08-31,125.0220947265625,125.12122268748713,124.01096986138668,124.50661722898853,14200600
2016-09-01,125.07166290283203,125.52765760255245,124.50662517024594,125.27983390294489,13536100
2016-09-02,125.40870666503906,125.75565833078166,124.90314420182611,125.74574326519499,12118800
2016-09-06,128.60069274902344,128.80887134899803,125.36907657894662,125.56733254856564,26278400
2016-09-07,129.90921020507812,130.83110727637796,128.81877967626662,128.90799259427092,27990800
2016-09-08,129.13597106933594,129.93891739513802,128.6799688297919,129.78030660521335,15676600
2016-09-09,125.99357604980469,128.8187649074121,125.99357604980469,128.5808638200089,27100700
2016-09-12,127.56973266601562,127.63911543784107,124.65532347825922,124.86349448267336,21252800
2016-09-13,126.10261535644531,127.23269842900757,125.55740773367009,126.91547682058349,18016200
2016-09-14,126.6577377319336,127.67877776481933,125.78540099986338,125.78540099986338,15691100
2016-09-15,127.23270416259766,127.97617532414156,126.5586157772989,126.86592233356328,15077200
2016-09-16,127.94641876220703,128.05544666218518,127.08398205673335,127.08398205673335,24119200
2016-09-19,127.53009796142578,128.8088770046439,127.14349350960761,128.77913936419338,14958800
2016-09-20,127.52017211914062,128.0455571928311,126.91548164033243,127.53007962254557,11083800
2016-09-21,128.8088836669922,128.8782664563115,127.27237328507661,128.00593708137473,14068300
2016-09-22,128.94764709472656,129.59198275276609,128.43216949271877,129.3639891527466,15538300
2016-09-23,126.84609985351562,127.48053557425115,126.19184912463429,126.44958036417349,28326300
2016-09-26,126.2017593383789,127.04436610744007,125.69620435251865,126.26124217899451,15064900
2016-09-27,127.56973266601562,127.88693914256922,126.32069907655156,126.499132446475,15637100
2016-09-28,128.10501098632812,128.34292716179087,127.28223456288765,128.08519598284053,12047600
2016-09-29,126.9749526977539,128.16450348311392,126.4396601384275,128.05546044544167,14532200
2016-09-30,127.15341186523438,127.47061839469517,126.34054271768667,126.915495623668,18402900
2016-10-03,127.6490478515625,127.9662543524315,126.68749059343257,127.26244344758983,13156900
2016-10-04,127.07408905029297,128.15459680493566,126.43966095228672,128.0455537665615,14307500
2016-10-05,127.3516616821289,127.6787908262375,126.71723352790747,127.13357558605651,12386800
2016-10-06,127.61931610107422,127.93652261657398,126.96505781003293,127.31200196367453,11682700
2016-10-07,127.86714172363281,128.1248729666532,127.21288342293424,127.91669437062704,12804400
2016-10-10,129.10626220703125,129.56224942223008,128.07530696874016,128.5511243185879,15138700
2016-10-11,127.75810241699219,129.50277614401557,127.11375160162004,129.0963415702216,17537900
2016-10-12,127.92660522460938,128.53129569668877,127.3417448850786,127.88694495951215,11073000
2016-10-13,126.70731353759766,127.13357064618202,125.64662829944305,127.09392550569127,17139300
2016-10-14,126.76678466796875,127.82746987145508,126.46940074612881,127.37148270389643,13345300
2016-10-17,126.42974853515625,127.35165306610313,126.21166245383856,127.08399921612971,11351700
2016-10-18,127.45079040527344,128.26364434407367,126.89565256482409,127.55981832151438,13504000
2016-10-19,128.97735595703125,129.33422265942343,127.48050638291906,127.61928703796286,16752300
2016-10-20,128.86831665039062,129.522574811307,128.37266927865835,128.93771454289268,13167500
2016-10-21,130.92034912109375,130.97982440603278,128.57096948426405,128.6502749061703,19088800
2016-10-24,132.1197967529297,132.24866994359138,130.99962855954433,131.56467397155825,17470200
2016-10-25,131.13841247558594,132.33788611376303,131.06902968919115,132.33788611376303,13336800
2016-10-26,129.8992462158203,131.10862691691418,129.8001258249172,130.49402906506378,13084700
2016-10-27,128.56103515625,130.65266795400302,128.14469312257833,130.59319268147271,16741400
2016-10-28,130.14710998535156,131.81249340082837,128.7989482208078,129.363993614297,24545500
2016-10-31,129.8497314453125,130.969884457468,129.74068839535462,130.86084140751012,15669000
2016-11-01,128.37269592285156,130.7914580190806,127.53008916563782,130.2660729060755,22077800
2016-11-02,126.06297302246094,129.0963330541669,125.1807211496709,129.0963330541669,39640900
2016-11-03,118.95538330078125,122.2068292342592,118.45973587036133,120.93797302246094,63766300
2016-11-04,119.69886016845703,120.86858846268454,118.21191780611595,118.54895444468288,30545500
2016-11-07,121.086669921875,122.13744006425803,120.29363100042916,121.76075073621007,23008900
2016-11-08,123.13864135742188,123.52524572467033,120.48197098893196,120.96770332365813,19460800
2016-11-09,122.10770416259766,122.73221721709533,119.4609486363716,120.44232845429073,31916000
2016-11-10,119.74842834472656,123.09900242321292,114.26656113075528,122.85117869531653,67846700
2016-11-11,117.98391723632812,119.6492929929524,117.12149550218804,118.48947975967299,32840100
2016-11-14,114.07821655273438,118.09295627708902,112.56153659711285,118.09295627708902,51377000
2016-11-15,116.17976379394531,117.45853517246444,114.82169456819275,115.71386152564564,34681400
2016-11-16,115.32723999023438,116.85383497700384,113.21578466828272,113.48343851484168,32397900
2016-11-17,116.7646255493164,116.7646255493164,115.00012186201369,115.79315323316041,18597800
2016-11-18,116.00131225585938,118.09294485441447,115.8228788922819,117.35938883214223,22879300
2016-11-21,120.70997619628906,120.88840958014455,116.77454181083064,117.17105371897185,35415400
2016-11-22,120.41258239746094,121.90943968586116,119.8475446553863,121.33448687800157,26089200
2016-11-23,119.7880630493164,120.25397282724636,118.89590375700216,120.17467498909306,15672100
2016-11-25,119.33207702636719,120.08546326602573,119.02477802832668,119.95659765203645,8658600
2016-11-28,119.36181640625,120.63067260297757,118.7769485125518,119.07433999246336,18101300
2016-11-29,119.81781768798828,121.03710618381358,119.3519078733471,119.52042619179777,18891000
2016-11-30,117.38914489746094,120.72981156559388,116.92323506591045,119.27260679473773,30188900
2016-12-01,114.09805297851562,117.4188897156608,113.0076299911967,117.34949936818543,43277000
2016-12-02,114.39542388916016,115.46602411126555,113.30500109833989,114.1079474834293,25070400
2016-12-05,116.40776824951172,116.54654893982013,114.06831152291234,114.94064837099094,20201500
2016-12-06,116.2887954711914,116.77453538901771,115.31733076149767,116.66549235138156,19131200
2016-12-07,116.92323303222656,116.92323303222656,115.55524876245141,115.98150588145802,21913700
2016-12-08,117.8748779296875,118.45973827924597,116.61592919555154,116.95297338784029,22442800
2016-12-09,118.63817596435547,118.8959147603996,117.91452734726307,118.18218121011122,17464700
2016-12-12,116.74481201171875,118.20201691160602,116.62586144877667,118.18219433877596,17805500
2016-12-13,119.2626724243164,120.46213819917776,116.58617954658996,116.8340032413046,29768000
2016-12-14,119.16354370117188,120.63066329226267,117.81538220545997,118.95537270649298,25913100
2016-12-15,119.52042388916016,121.43362331824433,118.58860427782989,119.03469151352151,20139600
2016-12-16,118.82652282714844,120.44233079747889,118.23173983455473,119.8475553678651,25324300
2016-12-19,118.2020034790039,119.31225650583835,117.47836242673877,118.80669398184463,15918100
2016-12-20,118.05329895019531,118.72737974439885,117.76583010181065,118.45973346511748,13684400
2016-12-21,118.00374603271484,118.16234928427329,117.44862330779038,117.88478792181107,10767600
2016-12-22,116.37801361083984,117.95416874752807,115.9121038344414,117.82530314334566,16258600
2016-12-23,116.2491455078125,116.53662192626203,115.28759584152499,115.98149922193446,10890000
2016-12-27,116.98271942138672,117.64688522421496,115.84272871381299,115.94185669643238,12051500
2016-12-28,115.90218353271484,117.22060740147855,115.6345372705871,117.16113213500104,12087400
2016-12-29,115.33716583251953,116.5068941751525,115.0496893896797,115.9815090621274,9934900
2016-12-30,114.04846954345703,115.8129730739498,113.77090064709422,115.58497194268227,18684100
2017-01-03,115.84271240234375,116.81417708339714,114.50446591796576,115.01993589279297,20663900
2017-01-04,117.65679931640625,118.618356622105,116.26898488229403,116.52672368535293,19630900
2017-01-05,119.61955261230469,119.89711397154653,117.29001113240511,117.82531128079145,19492200
2017-01-06,122.3357162475586,122.80161853196273,118.9851343985276,119.92686916066123,28545300
2017-01-09,123.8127212524414,124.33810628305424,121.96891233102107,122.47447479346964,22880400
2017-01-10,123.26752471923828,124.4075154169297,123.19813437570821,123.73343455278888,17324600
2017-01-11,124.99237060546875,125.022115805442,122.980043163801,123.26751959303638,18356500
2017-01-12,125.51776123046875,125.62680427300404,123.71360483985741,124.5165512776356,18653900
2017-01-13,127.22279357910156,128.1447057722051,126.26124380536457,126.38019436216725,24884300
2017-01-17,126.75687408447266,127.22277630699845,126.29096429896742,126.92538482940549,15294500
2017-01-18,126.80644226074219,127.31199721626193,125.735841949677,127.29218220887986,13145900
2017-01-19,126.4396743774414,127.23271336564254,126.34053883168104,127.11374768553799,12195500
2017-01-20,125.9341049194336,127.36156443165372,125.67636612797139,126.984882655558,19097200
2017-01-23,127.80763244628906,128.12485404558535,125.84487296000802,126.20173969623715,16593600
2017-01-24,128.24380493164062,128.76918997169253,127.26243274880633,128.25372756036967,15162700
2017-01-25,130.33544921875,130.59319557336823,128.6403434102612,128.868337001996,18731300
2017-01-26,131.62413024902344,131.98099700352165,130.2957987673754,130.48414721085487,20020100
2017-01-27,131.02932739257812,131.7926285538775,129.9389122881073,131.524974747144,19539500
2017-01-30,129.8397979736328,130.43458094664092,128.47182133724908,130.43458094664092,18956100
2017-01-31,129.185546875,129.52258348010565,128.3925080019597,129.03684357795333,19790500
2017-02-01,132.0702362060547,132.32798260148505,129.54243078556556,131.0987712854846,50139800
2017-02-02,129.70101928710938,134.31054958376146,129.26484711700454,132.06030595669853,54366400
2017-02-03,129.8397979736328,131.69352966813113,129.62171189192713,130.09754432071733,24804900
2017-02-06,130.91041564941406,130.91041564941406,129.1657418898348,129.83981523127633,17058500
2017-02-07,130.6923065185547,131.84221214948707,130.51388070994037,131.08883352540656,14596400
2017-02-08,133.0317840576172,133.26970029953452,131.28711032810668,131.44572115605155,22390600
2017-02-09,132.97230529785156,133.32917208840541,132.14952866613126,133.31926458415361,16470600
2017-02-10,133.0218505859375,133.7653216800901,132.51628056130053,132.93263768486915,15061900
2017-02-13,132.88308715820312,133.527422806338,132.53612788553968,133.527422806338,13526200
2017-02-14,132.68484497070312,133.0615267940497,131.3961584147195,132.93266872662454,14364900
2017-02-15,132.27838134765625,132.5361125519002,131.50517260896603,132.28828885037237,13226500
2017-02-16,132.6749267578125,132.70466439943635,131.862072676823,131.9116404548502,12831100
2017-02-17,132.3675994873047,132.92272218053802,132.01073273794628,132.3378618520214,12276500
2017-02-21,132.5559539794922,132.74430242885742,131.74308490874947,132.33786789348608,14759100
2017-02-22,134.93504333496094,135.59920903584234,132.29821066270353,132.43699132966444,27360100
2017-02-23,134.18165588378906,134.93503443675894,133.16062351720257,134.70704088306337,18422500
2017-02-24,134.260986328125,134.43941215318864,132.99213004113886,132.99213004113886,12625700
2017-02-27,135.22251892089844,135.98580497892124,133.84461983930063,134.08252089594887,14306700
2017-02-28,134.36013793945312,135.61908701488446,133.57702142658766,135.59925687662,16112100
2017-03-01,136.2237548828125,136.28323016169728,135.11350934106736,135.28202767322787,16257000
2017-03-02,135.56948852539062,136.62027385191215,135.1234088342414,135.8966176658228,12294800
2017-03-03,135.97592163085938,136.13453244743778,134.89541380409398,135.44062903235726,11160600
2017-03-06,136.2237548828125,136.63018945647315,135.32167281716403,135.68846224688855,12748200
2017-03-07,136.10479736328125,137.1654750763817,135.79749835412093,135.83714349602923,13527100
2017-03-08,136.5211639404297,136.78881785575447,135.85699803096395,135.9561184665177,10184500
2017-03-09,137.03659057617188,137.36371965613898,136.20389149718403,136.52111307507604,15535300
2017-03-10,137.58180236816406,138.2757208477516,137.01677218233723,137.70076803304235,16314100
2017-03-13,138.384765625,138.464055901305,137.46285355889685,137.5025138230082,10955500
2017-03-14,138.10720825195312,138.2459889284164,137.31416933246618,138.2459889284164,12944000
2017-03-15,138.5037078857422,138.88040474248697,137.28441954148659,138.07744326480076,19344800
2017-03-16,138.77137756347656,139.02910879039848,138.51363121059498,138.97954102053976,13612900
2017-03-17,138.6226806640625,139.1183281336502,138.48389997761635,139.1183281336502,20592800
2017-03-20,138.7218017578125,138.96962546679075,138.03780590087916,138.493808180821,12099500
2017-03-21,137.30426025390625,141.0711841487624,137.1952172026407,139.92127835831857,29894800
2017-03-22,138.37484741210938,138.57310336111672,136.4021802994412,136.7292942960257,17055400
2017-03-23,138.3153839111328,139.1678981777798,137.87921171062123,138.26581613817274,13022800
2017-03-24,139.11830139160156,139.79238968616346,138.54334862228498,138.86057020230413,16664700
2017-03-27,139.09848022460938,139.4255941663199,137.56197040712587,137.83953171436661,12800500
2017-03-28,140.52597045898438,140.71431892472097,138.7912042496688,139.1381635419163,14679400
2017-03-29,141.408203125,141.61638169718904,140.19882220799045,140.75396002517493,16527600
2017-03-30,141.17030334472656,141.70559590878236,140.61518064838455,141.16038071560394,12404000
2017-03-31,140.81344604492188,141.38839891214158,140.65483522790402,141.07117727810586,11478300
2017-04-03,141.0414276123047,141.22977605070557,139.59414562683457,140.69446837041266,13564000
2017-04-04,140.49623107910156,140.8530978713493,140.04024386598326,140.62510426479014,12948600
2017-04-05,140.6151885986328,142.1913438704237,140.0600507449448,141.02160801474525,17158100
2017-04-06,139.9410858154297,140.98194838593602,139.68335461145867,140.87290535234092,15103400
2017-04-07,139.55450439453125,140.31780575521262,139.0192117671973,139.9708464660045,11818300
2017-04-10,139.81224060058594,140.19884504680843,139.40582114499094,139.7725954558796,9039400
2017-04-11,138.7019500732422,139.80228777516493,137.60161237131945,139.5742942336008,16638100
2017-04-12,138.3649444580078,139.1777984134513,138.2261637765438,138.5037251394718,11612500
2017-04-13,138.17657470703125,139.35621788061988,138.1170994421373,138.40456826444395,10965600
2017-04-17,140.18894958496094,140.31782278675965,138.53348860246558,138.54339610800292,11519700
2017-04-18,139.73292541503906,140.67465247513135,139.38596617534043,140.04022439113626,14807500
2017-04-19,141.03152465820312,141.7948108134509,140.04022979334803,140.11953519765154,15563900
2017-04-20,142.54820251464844,142.9942821721427,141.44786462565114,141.70559584141338,15968200
2017-04-21,142.42926025390625,142.91500025578108,141.0315457808504,142.6473463669144,12382000
2017-04-24,144.2036590576172,144.40191499695086,143.083491067742,143.69810414342254,14407200
2017-04-25,145.2147979736328,145.86904112374023,144.52087943031032,144.52087943031032,17767500
2017-04-26,145.28414916992188,146.30518150336184,144.81823944969705,145.80953415214023,12395000
2017-04-27,146.41424560546875,146.4638133729187,144.867828067167,145.393213125027,11275100
2017-04-28,148.9420623779297,150.2109186709727,147.772341627702,148.19859118469543,30652200
2017-05-01,151.1328125,151.24185553349764,150.10185743312095,150.41907903091706,25218300
2017-05-02,151.45001220703125,152.1042703787933,150.33976691625273,152.00513485242053,21870400
2017-05-03,150.4785614013672,152.2628951582923,150.02255911450226,152.2628951582923,29782500
2017-05-04,149.53683471679688,150.20100045359757,147.42537183830993,148.86274635084632,36225500
2017-05-05,148.93214416503906,150.31004340571673,148.4860493804069,150.13160246667204,17148500
2017-05-08,149.74501037597656,149.7648405099342,148.4365089280184,149.39806622449962,15827500
2017-05-09,149.1700439453125,151.26167667196853,148.9024052280234,150.17126141873845,17453900
2017-05-10,148.981689453125,149.20969814875855,147.56414514371858,148.9222141850322,12080700
2017-05-11,148.73387145996094,149.33856191870754,148.10936599506186,149.00152530260848,11841900
2017-05-12,149.0213623046875,149.15023548041427,148.32745890838868,149.0907450813376,9598200
2017-05-15,148.882568359375,150.16133199532825,148.46622635869352,148.86273822811637,15064700
2017-05-16,148.4761505126953,148.9024151897901,147.73267932967968,148.80327964833737,14550800
2017-05-17,143.58905029296875,147.37578836469336,143.16278568584636,146.7116226986724,28300100
2017-05-18,146.37460327148438,146.86032807430684,143.25201537381787,143.46019395071266,23031600
2017-05-19,146.7711181640625,148.08954217542922,146.67199775119826,147.15772256393998,16187900
2017-05-22,146.94955444335938,147.29649856630866,146.4043392490573,146.79094363666076,12586700
2017-05-23,146.78103637695312,147.51458488872268,145.96816733574363,147.22711603631876,12817800
2017-05-24,148.73387145996094,148.92221990012186,147.12797865599347,147.21719156155635,17862400
2017-05-25,150.63714599609375,151.26165135788102,148.64463401175203,148.99159319959995,19891400
2017-05-26,150.8056640625,150.924614583442,149.83418438828582,150.90478445463287,14996200
2017-05-30,151.05352783203125,151.5689903102576,150.31996413091787,150.64709327630788,13226000
2017-05-31,150.14154052734375,152.01508738710086,149.77475110837076,151.37073659082762,18023900
2017-06-01,150.2108917236328,150.9642702856109,148.99160342073378,150.42897777793442,14530600
2017-06-02,152.27281188964844,152.29264202313797,149.98292306530328,150.52813829156642,16854400
2017-06-05,152.2926483154297,153.36324867870047,152.07456221591374,152.30255581960384,12520400
2017-06-06,151.47976684570312,153.17488773085245,151.1526377230968,152.07454981879818,13457100
2017-06-07,151.78707885742188,152.41159952015332,151.01387000164038,151.93578217643255,12066700
2017-06-08,153.36325073242188,153.38306574103552,151.76726523329793,152.738730063994,17799400
2017-06-09,148.29771423339844,154.23556064915013,145.33373721407455,153.4227067451964,35577700
2017-06-12,147.14779663085938,147.9011752033005,143.30156812080395,146.8801428103252,33170200
2017-06-13,149.36830139160156,149.86394881877195,147.60379776095178,148.8429163288777,20483400
2017-06-14,148.9420623779297,151.07334041481715,147.7525114939469,149.9432648061395,20808800
2017-06-15,148.4959716796875,148.73387276327318,145.0958224758382,146.38450880711042,18994200
2017-06-16,149.3286590576172,149.51700750363304,147.30642417220145,148.28779641581758,22882400
2017-06-19,151.53924560546875,152.23316413203648,150.38935502415814,150.38935502415814,19026500
2017-06-20,150.9246368408203,152.50079197956828,150.88499170331184,151.54915741977874,14743900
2017-06-21,152.5701904296875,152.73870873513582,150.55786314127224,151.0336804228886,15039800
2017-06-22,152.0646514892578,153.20464984886738,151.57892660537252,151.67804703275482,13005500
2017-06-23,153.72010803222656,153.848966084101,151.32116105356948,151.39055895731403,18027000
2017-06-26,152.2529754638672,155.13764716600198,151.86637106957812,154.8898234484844,18049700
2017-06-27,149.26918029785156,151.97541100253437,149.0808318562363,151.50950121305212,19360800
2017-06-28,151.9060516357422,152.13404525105895,148.55546968682364,149.60623996937028,16719100
2017-06-29,149.7251739501953,151.17247114907758,147.62363361780703,150.954385062589,23973500
2017-06-30,149.66571044921875,150.59753014188155,148.75372089124008,150.57770000719742,17666000
2017-07-03,147.1378936767578,150.82551188802339,146.513388179951,150.39926234458315,13862700
2017-07-05,149.03128051757812,149.53685062732282,146.8405271285534,147.70294890264398,14334300
2017-07-06,147.5244903564453,148.73385602245614,146.71162140979638,147.73265378115283,14951800
2017-07-07,150.1217041015625,150.66691932911039,147.89129054647026,147.95076582111912,13615900
2017-07-10,152.16375732421875,152.6395746102247,150.19107515525667,150.36951609123315,13378700
2017-07-11,153.91835021972656,154.06703839165056,151.57889385038524,152.0348809949245,13667700
2017-07-12,157.51673889160156,157.7744852222144,154.8402459360295,155.12772990079637,22739400
2017-07-13,157.87362670898438,158.3891043130857,157.0409425895625,157.35816423084344,13929200
2017-07-14,158.57742309570312,158.92438231017923,157.94299505782837,158.7360338866612,16371200
2017-07-17,158.33950805664062,159.38037058165375,157.4275186909595,158.8549855680109,12858800
2017-07-18,161.44229125976562,162.3047129997704,158.03223431515994,158.2701505412813,23722900
2017-07-19,162.71112060546875,164.25753800430172,161.74956348230458,162.16590546460904,26273600
2017-07-20,163.09774780273438,163.56365761328536,161.39271937390092,163.3654016595521,18523100
2017-07-21,162.9986114501953,163.61322456745162,162.32453818567117,162.7309727206717,14744000
2017-07-24,164.55494689941406,164.72346521064173,162.87965616444126,163.2067852836335,17367000
2017-07-25,163.84121704101562,164.09894826523268,162.43358012236655,163.57356318735518,15383200
2017-07-26,164.16831970214844,164.56483154101653,162.67147011557077,164.56483154101653,35236900
2017-07-27,168.956298828125,173.96234091022987,166.04188951147168,173.17920949811622,68910700
2017-07-28,170.94879150390625,171.92025620826385,167.57839511068912,167.59822524268463,24557600
2017-07-31,167.77667236328125,171.21646709241622,167.0827689148882,170.5027335095089,25478900
2017-08-01,168.38136291503906,168.9860534471298,167.57841641566435,168.34171777196656,14385000
2017-08-02,167.8262176513672,169.06533618818182,165.45702361401592,168.8175124808189,17433800
2017-08-03,167.12242126464844,168.2227593252496,166.78538459317528,167.82624737362957,10793800
2017-08-04,168.14341735839844,168.57958948594137,167.22152046460295,167.49908179559245,10777700
2017-08-07,170.48289489746094,170.5622003056138,168.18309856486772,168.47056743420688,12787800
2017-08-08,169.73941040039062,171.54357426096124,169.13471994586473,170.38376111886248,14393500
2017-08-09,169.68983459472656,169.95748842282634,168.08394187804402,168.5002838740003,10815000
2017-08-10,165.94277954101562,169.10501306055158,165.3975793832707,168.57962791242397,20832700
2017-08-11,166.61685180664062,167.3504154920727,165.3975632914955,166.48797862685876,13791200
2017-08-14,169.2635955810547,169.59072469656067,167.81629844511536,168.6093373500427,12954200
2017-08-15,169.5114288330078,170.0070762857359,168.53004143126063,169.9971687820269,8729200
2017-08-16,168.5201416015625,169.88813347369432,167.76676288445424,169.75926028980928,15779900
2017-08-17,165.45703125,168.38134810665056,165.39755597764145,167.8658705362775,17216000
2017-08-18,165.95266723632812,167.20169324754895,164.76311649336188,165.3876219359931,15093600
2017-08-21,166.31948852539062,166.53757465465827,164.3765586249587,165.70489041161602,11907500
2017-08-22,168.16326904296875,168.3912626385125,165.6949392553481,166.81510735138656,11391000
2017-08-23,167.2413787841797,167.8857144555884,166.73580867569655,167.37023684288505,9856500
2017-08-24,166.27980041503906,167.81629530248614,164.96137647455325,167.4098759174614,14030400
2017-08-25,164.87217712402344,166.91424222382497,164.7333813153379,166.3987646340044,12614500
2017-08-28,165.78414916992188,166.2401363111605,164.88206726422328,165.45702006809847,8553700
2017-08-29,166.58712768554688,166.96380949969048,163.56367491198162,163.81149866184828,11121000
2017-08-30,168.44082641601562,168.6985576428694,166.17076776629847,166.70606035313617,11138300
2017-08-31,170.47296142578125,170.65138722247588,168.57958480019178,168.91662138903118,17226500
2017-09-01,170.52252197265625,171.41468117028907,169.81869606602282,170.89920368061206,11677600
2017-09-05,169.23387145996094,170.88933217599208,168.0740582083449,169.77908669600956,13210900
2017-09-06,170.59193420410156,170.97853860664867,168.0938819688554,169.42221349289323,13906300
2017-09-07,171.70217895507812,171.80129935949836,168.7877698230664,170.44323032387098,18049500
2017-09-08,169.4618377685547,171.9797349528443,169.31314960355868,171.58320796959194,10998500
2017-09-11,171.9995574951172,172.37625436422556,170.70096371071747,170.89921964805296,12372000
2017-09-12,171.454345703125,172.48528558221815,170.25487240658603,172.2473693981394,11186300
2017-09-13,171.54356384277344,171.66251437546958,170.56217657015668,171.50390358123616,9119300
2017-09-14,169.47178649902344,170.78028793039803,169.01578417953888,170.76045779669172,15615700
2017-09-15,170.14584350585938,170.83974685958648,168.77785180425548,169.39246488266406,15660500
2017-09-18,168.53004455566406,170.57212480456852,167.86587877181054,170.49281939554658,12954000
2017-09-19,171.01817321777344,171.05781835205366,168.87697294366347,169.13470413137847,13168600
2017-09-20,170.67124938964844,171.54359378423464,169.21404460594667,170.99837853761827,12264100
2017-09-21,169.62045288085938,170.77035847263426,168.5300225565973,170.19540567674682,11161400
2017-09-22,169.05545043945312,170.2350939639984,167.74694884462008,168.72833638521635,12097100
2017-09-25,161.45216369628906,167.82619651230115,160.15357005342906,167.76672125017885,41251600
2017-09-26,162.780517578125,164.0592811504017,161.36295821990763,163.0679864002482,23363300
2017-09-27,166.22032165527344,166.87457991983337,164.12870393614116,164.45581794246135,19242500
2017-09-28,167.26121520996094,167.59826703409513,165.7048897943081,166.47809874939009,12178700
2017-09-29,169.38255310058594,170.1656845346237,167.34048804629552,167.36031817937436,15340400
2017-10-02,167.9947509765625,170.37385272956294,167.28101742547034,169.89803540415485,13392300
2017-10-03,168.48049926757812,169.24378550157076,167.72710541195005,167.82624095904663,8190300
2017-10-04,166.95388793945312,169.18430150047783,166.8250147600645,168.351617401259,12127900
2017-10-05,169.7493438720703,169.81872664946934,167.13232594495176,167.70726367526288,14580600
2017-10-06,170.730712890625,170.8694935687407,168.2723058243073,168.76795326414327,13124500
2017-10-09,170.99835205078125,173.3576385019914,170.50270465353262,171.19660798448908,14570400
2017-10-10,170.0962677001953,171.69225290131723,169.31315147927765,171.4939969704736,11341100
2017-10-11,171.23629760742188,171.27594275057783,169.90795085930554,170.4531661149547,11283700
2017-10-12,171.04794311523438,172.3366295488127,170.79019675294256,171.10741839085242,10351000
2017-10-13,172.2275848388672,173.1296517202994,171.69227711155216,171.9401008415417,13658300
2017-10-16,173.00079345703125,173.47661078276658,172.54479113897983,172.9710558195453,11498800
2017-10-17,174.5769500732422,174.59678020703677,172.84218395224192,173.18914322682605,15990100
2017-10-18,174.49761962890625,175.201445581014,174.22005829944464,175.11221755472005,12752400
2017-10-19,173.04043579101562,174.49764050802654,171.12724388931116,173.40721006469872,14048400
2017-10-20,173.45680236816406,174.34897698233473,173.10985817873265,173.9722800257319,12602200
2017-10-23,169.77906799316406,173.81363004355651,169.75923786150307,173.67484937384677,13852700
2017-10-24,170.30445861816406,171.73192562535988,170.00706713733842,170.80010604422043,12267900
2017-10-25,169.1149139404297,170.75054445521923,167.41979302655508,170.40358519404103,15868200
2017-10-26,169.1446533203125,170.79019135559645,168.90673709939878,169.88812449396312,11833100
2017-10-27,176.33154296875,176.65867210330742,172.38617834660397,172.63400207345416,30285300
2017-10-30,178.30421447753906,179.11708358177958,176.06389337783372,177.69952396432316,24353200
2017-10-31,178.4925537109375,179.22611736764028,177.38230828540637,178.99812378046002,20174200
2017-11-01,181.06993103027344,181.30783212692842,178.9981283084503,180.77253953349484,40918300
2017-11-02,177.36245727539062,180.35617169651462,175.79620973390078,179.05757797644563,35529900
2017-11-03,177.36245727539062,178.29427677326058,175.17170431852912,177.7292314975897,17822100
2017-11-06,178.6016082763672,178.87916965065853,176.75779907516872,177.00562281121174,13312700
2017-11-07,178.680908203125,179.17655565999914,177.40214441981212,178.92873193156206,12928200
2017-11-08,177.9969024658203,178.78003387498475,177.55082280445228,178.2248960481268,10494100
2017-11-09,177.73916625976562,177.83828666731063,175.5483980273867,176.7577789315302,12610300
2017-11-10,176.90650939941406,177.54093758377465,176.41086190769605,176.79746634619764,11070200
2017-11-13,177.21377563476562,177.48141434008096,175.7565710686602,175.95482700347247,9523400
2017-11-14,176.5198516845703,177.41201085001126,175.63758489467102,176.57932694547216,9585900
2017-11-15,176.4009246826172,177.01553780715068,174.8644145602232,175.12216091520685,10253700
2017-11-16,178.02664184570312,178.2645580595446,176.94613406901334,177.2038652895388,15607600
2017-11-17,177.44178771972656,178.41325248985072,177.34265217899642,177.73917921595717,13018000
2017-11-20,177.18406677246094,177.93744549746648,176.54963860246662,177.31292483173618,10052400
2017-11-21,180.27688598632812,180.3066236224047,177.43187454463632,177.59047022839147,14504000
2017-11-22,179.2954864501953,180.14800058710642,178.8692369447189,179.72175108163003,10376300
2017-11-24,181.18890380859375,181.55567812824282,178.7205737462408,178.8296168042394,9426300
2017-11-27,181.43670654296875,182.13060995621382,180.40576648985612,180.97079672422709,12344500
2017-11-28,180.83203125,182.64610290673997,180.50490208639496,181.9125391647807,14379700
2017-11-29,173.60545349121094,180.38590591518195,172.48528558931875,180.30660052048577,41933500
2017-11-30,175.63763427734375,176.72806478698746,173.6748744859458,175.31052025041137,25307600
2017-12-01,173.5757293701172,175.93500076065592,170.8397459809802,174.49762629405086,20182500
2017-12-04,169.97735595703125,175.0329665400423,169.3032674871811,174.75539002236656,24459400
2017-12-05,171.32550048828125,173.85330552479402,167.5387466853713,168.96621377074135,20184900
2017-12-06,174.52734375,175.2311696476158,170.4035541373335,170.99833701210616,20255800
2017-12-07,178.5718536376953,178.81967735014499,174.26963761979923,174.26963761979923,20404500
2017-12-08,177.44178771972656,180.69323379300565,177.18405649017194,179.94976261540904,19883800
2017-12-11,177.4814453125,178.65118124615287,177.2435441995923,177.73919168609788,13168600
2017-12-12,175.4195556640625,177.62021647014566,175.0626888878944,177.0452787275038,16854100
2017-12-13,176.74786376953125,177.60037789246152,175.70700121668088,175.75656898128483,14615700
2017-12-14,176.8370819091797,178.78993390995657,176.13325593325177,176.73794637703486,13591000
2017-12-15,178.61148071289062,178.91879479105444,176.80733213421325,177.46159029914398,28463100
2017-12-18,179.24595642089844,179.72177375181147,178.18526358582372,179.4342897517055,17265400
2017-12-19,177.94732666015625,178.51237196473718,176.6685630051992,178.38349879857833,14920600
2017-12-20,176.34146118164062,178.24474570432074,175.81607605888854,178.24474570432074,11860500
2017-12-21,175.9052734375,177.12456190467773,175.5087615358687,176.3910133740639,11600700
2017-12-22,175.65745544433594,175.9845845805287,174.6958981692736,175.59798016974815,8509500
2017-12-26,174.45799255371094,175.4591949439212,173.1494760428211,175.0924206761534,8897300
2017-12-27,176.07376098632812,176.88662990638565,174.72559958000497,175.01308351552063,9496100
2017-12-28,176.3711700439453,177.38229498119344,176.1332538451933,176.40090767804452,12220800
2017-12-29,174.9238739013672,177.29306769006013,174.9238739013672,176.4504611230783,10261500
2018-01-02,179.84072875976562,179.999339582654,176.0044221276621,176.13328018604338,18151900
2018-01-03,183.06243896484375,183.17148201579,179.75151741932805,180.29673267405926,16886600
2018-01-04,182.7254180908203,184.5890576221623,182.49742446495253,183.29044840292082,13880900
2018-01-05,185.2234344482422,185.2729870861427,183.3201351725939,183.97439335322562,13574500
2018-01-08,186.64096069335938,187.2555585531815,184.70793909717983,185.57036062640844,17994700
2018-01-09,186.23455810546875,187.15647017887486,185.47127196380572,187.05733464377002,12393100
2018-01-10,186.204833984375,186.25440175552492,184.01408068357387,185.312674607517,10529900
2018-01-11,186.1354522705078,186.7599577874975,185.7488478548627,186.7599577874975,9588600
2018-01-12,177.8085479736328,179.9001806600527,175.85569595771645,176.50995417264406,77551300
2018-01-16,176.8370819091797,180.16783310140215,176.4901226726313,179.92000939699855,36183800
2018-01-17,176.05398559570312,177.7590140851603,174.26965169674097,177.69952368356135,27992400
2018-01-18,178.23480224609375,179.40452281144417,175.53847926804798,176.57934179925704,23304900
2018-01-19,179.7118377685547,180.78243802802905,178.6015923702668,179.2756807377695,26826500
2018-01-22,183.75636291503906,183.77619305177646,178.83954782153572,179.22615229512152,21059500
2018-01-23,187.70169067382812,187.89994662368082,183.93476712278948,184.4304145604009,25678800
2018-01-24,184.92605590820312,189.00027831623893,184.8963182730025,188.23697705218504,24334500
2018-01-25,185.8479461669922,186.9780216418481,184.97561702255004,186.3138559363235,17377700
2018-01-26,188.3460235595703,188.3460235595703,185.18379053333774,186.11561012268066,17759200
2018-01-29,184.36102294921875,187.19612699413045,184.0140788066284,187.10691408254664,20453200
2018-01-30,185.4910888671875,186.54185899582595,180.25705323045165,185.98673629586293,20858600
2018-01-31,185.26309204101562,188.17750129074471,183.6076314733445,186.7302041689349,43275100
2018-02-01,191.4091339111328,193.61973249003813,186.25440331358368,186.58153245475748,54211300
2018-02-02,188.62359619140625,192.51939309299877,188.32620469017658,190.36826980548153,26677500
2018-02-05,179.68211364746094,188.95072729752363,179.03777799305453,185.30275408797968,33128200
2018-02-06,183.6968231201172,184.15282534916372,176.1927299153011,177.01550635239224,37758500
2018-02-07,178.61148071289062,183.46883406124465,178.38348715576294,182.5469220786682,27601900
2018-02-08,170.08641052246094,180.25709253099816,169.98727496472816,179.43431580489596,38478300
2018-02-09,174.5769500732422,175.36006640958556,165.72467851601013,173.2386958723722,39887600
2018-02-12,174.8743438720703,176.00441949783342,170.34411873901024,175.5186795322309,32092100
2018-02-13,171.64268493652344,174.43814347381303,171.5931322983389,174.09118425077367,21809400
2018-02-14,177.957275390625,178.24474427349915,171.70220661542277,171.94010772512257,28929700
2018-02-15,178.39341735839844,178.9287098904608,175.30056732283978,178.9287098904608,20922100
2018-02-16,175.8160400390625,178.3141070809034,174.76527000883195,177.43185534552515,20645300
2018-02-20,174.47781372070312,176.40092828892864,173.58565434156927,174.23991262011282,21204900
2018-02-21,176.3612823486328,179.69203387545096,174.8644173430519,175.1717314731892,23200800
2018-02-22,177.431884765625,178.64126578893575,175.86563696287894,177.144400765712,18464200
2018-02-23,181.69442749023438,181.79356302621224,177.94733414484938,178.3339385336285,19007300
2018-02-26,183.32015991210938,184.04381608499364,181.62505409148218,182.97321577019545,17599700
2018-02-27,179.88035583496094,183.09214121299286,179.88035583496094,182.8443175201962,15849800
2018-02-28,176.7677001953125,181.2880021705322,176.58925926157562,180.71304935776007,18783000
2018-03-01,174.40843200683594,178.55203754433077,172.89175197746962,177.45169956950028,23201600
2018-03-02,175.08248901367188,175.56822892843414,171.48409904629506,171.78147539619158,20025900
2018-03-05,178.82960510253906,179.57307632407284,174.35887026906184,174.66616928714208,16189300
2018-03-06,178.21499633789062,180.79236913443495,177.55083056841832,180.1975861426294,15086800
2018-03-07,182.11077880859375,182.21982184429373,176.51987660516284,177.1840423222596,19097300
2018-03-08,180.752685546875,182.79475036213273,179.87043380263384,181.9620663818067,17225900
2018-03-09,183.6175537109375,183.89511507833163,181.61514886416,182.3090522826453,18526300
2018-03-12,183.15164184570312,184.4799885187979,182.61634925054545,183.61755166276623,15301200
2018-03-13,180.29672241210938,184.3709450823562,179.53342109893052,183.99424817762588,18067500
2018-03-14,182.58660888671875,182.6460841601859,180.2669824657424,181.01045363600093,16821700
2018-03-15,182.25946044921875,182.3982411145937,180.60399996726105,181.64486252055227,15614300
2018-03-16,183.47877502441406,183.71669125303876,181.81340680192181,182.88400714179264,24403400
2018-03-19,171.05783081054688,175.62770051151432,168.57959377370895,175.46908971092665,88140100
2018-03-20,166.68621826171875,168.71837567192273,160.54019339077587,166.01214504324798,129851800
2018-03-21,167.91542053222656,171.89050711569357,161.87843901146795,163.36538116688382,106598800
2018-03-22,163.45460510253906,168.78777616703636,162.29479195811828,164.6838161460248,73743000
2018-03-23,158.00247192382812,165.1497138319826,157.63569770123428,163.99980827482204,53609700
2018-03-26,158.66665649414062,159.69761164261664,147.72276764529062,159.42005028555604,126116600
2018-03-27,150.89491271972656,161.43238247494358,149.4377079889614,154.94930527971079,79117000
2018-03-28,151.69784545898438,154.52304175315547,149.48726224034175,150.32985376379096,60029200
2018-03-29,158.39898681640625,160.01480215398473,152.79817733943588,153.79937962552944,59434300
2018-04-02,154.0373077392578,157.81413873690323,152.76845152813178,156.4362394861042,36796000
2018-04-03,154.75103759765625,156.01989377884564,149.4971719367533,155.18720974605736,42543900
2018-04-04,153.74986267089844,154.20584990664906,149.1998070624136,150.70657971846416,49885600
2018-04-05,157.95294189453125,160.163540638369,155.28635592058296,160.15361800773965,41449600
2018-04-06,155.83157348632812,160.01483966382628,155.44496903513573,156.3569586347188,41644800
2018-04-09,156.55519104003906,159.13256374388507,154.6816443469837,156.44616312562118,34915200
2018-04-10,163.6033172607422,164.5351369644708,155.6432197611317,156.5552093299407,57889300
2018-04-11,164.87217712402344,167.18188095953568,161.82889448188192,163.92052735250545,56144600
2018-04-12,162.4434814453125,165.99231880630245,161.68019530518626,165.52640901897402,38263000
2018-04-13,163.0878448486328,164.25756559646135,162.34437365692347,163.14732012381594,19990600
2018-04-16,163.3951416015625,164.33686873955153,161.96767451300823,164.27739346518842,18119400
2018-04-17,167.19180297851562,167.52883961733787,164.21791825158064,164.38643657099175,22743000
2018-04-18,164.91180419921875,166.6564776089216,164.32694389508612,165.42728173256938,20969600
2018-04-19,166.63668823242188,166.8646818371402,163.7619237830923,164.75321873955892,22235000
2018-04-20,164.83250427246094,166.9637821214487,164.3665944890333,166.32935403086026,19119400
2018-04-23,164.39634704589844,166.98362741013062,163.6528758507278,165.81390665685637,23088100
2018-04-24,158.2998809814453,164.65408475932338,156.81293866920322,163.98990388234432,35079900
2018-04-25,158.2998809814453,159.65795011965272,154.8303489195471,158.74596064992605,41083600
2018-04-26,172.64393615722656,174.73556915565018,169.31318444234256,171.7121164622946,77556900
2018-04-27,172.07888793945312,175.5583429188155,171.0975156127289,175.2708589107742,29804700
2018-04-30,170.5027313232422,174.19034974565892,170.21526244329425,172.27714262752073,20750500
2018-05-01,172.34652709960938,172.5051379094044,168.7481218729266,170.50271803213053,26025900
2018-05-02,174.53729248046875,176.52978969481686,172.6835608149028,172.73312858287306,30424500
2018-05-03,172.50514221191406,174.58685242004674,170.62167283203053,173.60548015262694,24026100
2018-05-04,175.0725860595703,175.43936031794507,171.55348627675664,171.57331640925128,17677800
2018-05-07,176.42074584960938,177.93742576162336,175.62770694358582,175.80614788227166,18697200
2018-05-08,177.36245727539062,177.48140780670758,175.5682161735574,176.6982915989415,15577200
2018-05-09,181.06993103027344,181.41687517154858,177.22370195744594,178.10595381811453,23282800
2018-05-10,183.91494750976562,184.50973051930407,180.91132507611303,181.55566073147946,21071400
2018-05-11,185.3622283935547,186.68065235167805,182.57667717507755,183.24085803164738,21207800
2018-05-14,185.0153045654297,186.22468571714813,184.57913233025755,186.075997512413,15646700
2018-05-15,182.71546936035156,183.6770114244875,181.60520887096772,183.27059204206418,15429400
2018-05-16,181.60523986816406,182.7155005470522,181.06994722684894,182.10088736514376,16975500
2018-05-17,182.1603546142578,182.45774612452763,180.6337670462815,181.08975425286278,14840700
2018-05-18,181.08975219726562,182.58661723578024,181.02036941703457,181.8927138036677,13130500
2018-05-21,182.88400268554688,183.68694913939493,181.53584100811065,182.17026914302417,13532900
2018-05-22,182.20001220703125,183.80590516255953,181.83322279516887,183.32016519872033,12731400
2018-05-23,185.2730255126953,185.2829481430997,180.594112002042,180.9113336557627,16628100
2018-05-24,184.3114471435547,185.17388396248023,183.41928781469022,184.26189450103053,12354700
2018-05-25,183.3102569580078,184.70798644195935,182.84434713002395,184.4006874332807,10965100
2018-05-29,184.1231231689453,185.1838008637145,182.1107956992606,182.73530121077513,16398900
2018-05-30,186.0363006591797,186.36342977123363,183.63736896340973,184.91613265056702,13736900
2018-05-31,190.11053466796875,191.04235429390687,185.8479635737623,186.23456797963453,30782600
2018-06-01,192.30130004882812,192.8564227638772,190.39801568610582,191.38931057039616,17307200
2018-06-04,191.59744262695312,192.29134590704896,189.80320160057778,190.16997580735193,18939800
2018-06-05,191.26043701171875,193.30250204910965,190.94321538892117,192.60859865668937,15544300
2018-06-06,189.67434692382812,190.8539901778862,187.46376371404816,189.3670479502752,22558900
2018-06-07,186.54183959960938,189.30756043458175,185.14412549180489,189.08947437856395,21503200
2018-06-08,187.45387268066406,187.83055445910182,184.80710197213114,185.8975324185664,12677100
2018-06-11,189.8726043701172,190.92338959177852,187.1564662267254,187.16637372964308,12928900
2018-06-12,190.72509765625,191.597441848229,189.89241372351933,190.4971041064217,11562700
2018-06-13,190.73509216308594,192.80689527384374,190.2394446173948,191.0622213583576,15853800
2018-06-14,195.09674072265625,195.5626505211031,191.23069678443696,191.41904522967624,19120900
2018-06-15,194.14511108398438,195.35449206501337,192.94563760655214,194.08562068452486,21860900
2018-06-18,196.58367919921875,197.8426278934485,192.44007398845233,193.10423972255302,16826000
2018-06-19,195.77084350585938,196.23675333859273,192.103040120348,194.53172482858133,19994000
2018-06-20,200.2415771484375,201.7780873250161,197.07934388123675,197.36682788332428,28230900
2018-06-21,199.7459259033203,201.61947269261083,198.34819643922546,200.99495205419396,19045700
2018-06-22,199.9838409423828,200.4794883982593,197.574986441324,199.40888807845093,17420200
2018-06-25,194.64077758789062,198.25899825567217,191.4289763708027,198.25899825567217,25275100
2018-06-26,197.26768493652344,197.3668204768252,194.52179383053024,195.87987812805744,17897600
2018-06-27,194.1351776123047,199.00243890134223,194.09553247417213,197.44609874387024,18734400
2018-06-28,194.5218048095703,195.62214281480124,191.5776575827622,193.48094208149342,18172400
2018-06-29,192.62843322753906,195.87987930632607,192.27156645664977,195.60231794296328,15811600
2018-07-02,195.64195251464844,195.7311654210613,190.54669758251922,191.68668061146298,13961600
2018-07-03,191.0522918701172,193.69904785400232,190.84412837893686,192.85645613214496,13489500
2018-07-05,196.7224578857422,196.92071382846268,192.34093650999642,193.04476250150682,19684200
2018-07-06,201.46084594726562,201.8672804615918,195.97898669624203,196.72245782568604,19740100
2018-07-09,202.9577178955078,204.00848804152199,200.3605150406485,203.14605121571313,18149400
2018-07-10,201.76817321777344,203.1262576236307,200.4993168556891,202.71982305231717,13190100
2018-07-11,200.77685546875,202.71980006118886,199.99373918017042,200.45964897718486,12927400
2018-07-12,205.1187286376953,205.27733944399571,201.42120308082687,201.65910416431842,15454700
2018-07-13,205.51524353027344,206.61556622843278,204.6528067756139,206.0009682977222,11486800
2018-07-16,205.42601013183594,206.9030447785849,205.03940577811744,205.69366395393573,11078200
2018-07-17,208.16201782226562,208.62792762711905,203.05684010179664,203.1163153745933,15349900
2018-07-18,207.53749084472656,209.15330629398784,206.62550139589192,207.9934931321234,15334900
2018-07-19,206.278564453125,208.16203395139533,205.95143530143656,206.95265289095713,11350400
2018-07-20,208.11244201660156,209.65885955343802,206.68497502076514,207.03193426662722,16163900
2018-07-23,209.0740203857422,209.77783132583642,206.98238744769856,208.7468912389247,16732000
2018-07-24,212.80126953125,214.3179494837015,210.74929700038717,213.23744169749008,28468700
2018-07-25,215.6066436767578,216.71688913952175,212.40476534156258,213.8421399408823,58954200
2018-07-26,174.72561645507812,178.56193762666325,172.23747194598047,173.36754741586827,169803700
2018-07-27,173.36756896972656,178.3636887403823,171.49402216498564,178.30421346498736,60073700
2018-07-30,169.57090759277344,173.77400352364938,165.11008042652668,173.77400352364938,65280800
2018-07-31,171.07766723632812,172.72322031956105,168.52012470510036,169.1842904402936,40356500
2018-08-01,170.15576171875,173.55591105496342,169.41229055168418,172.41591285655338,34042100
2018-08-02,174.83468627929688,175.25102834505836,168.78779613261557,169.19421556821757,32400000
2018-08-03,176.23240661621094,177.2930994227068,174.61659108428015,176.143193705186,24763400
2018-08-06,184.0735626220703,184.17268304199823,176.82719892086038,177.41205931410516,49716200
2018-08-07,182.20989990234375,186.6608191251113,182.1206869980598,184.87648540963886,33398600
2018-08-08,183.5679931640625,185.22346905568853,182.16035613803498,183.1417435923466,22205200
2018-08-09,181.49615478515625,184.94587145598422,180.8914643738293,184.23213801553413,19732100
2018-08-10,178.6907958984375,180.514789833268,177.8581118934252,180.45529943923142,21500400
2018-08-13,178.48265075683594,181.02036329471073,177.3426525399582,178.53221852730192,17423300
2018-08-14,179.53341674804688,180.40576108482483,177.0650870456417,179.13690484548934,19102000
2018-08-15,177.9671630859375,179.29549455377818,173.25851255173114,177.7788146444158,33020200
2018-08-16,173.17919921875,178.92871210664836,172.49520338389536,178.84940670722017,31351800
2018-08-17,172.28704833984375,174.68598006708459,170.54235971933474,172.9809517112012,24893200
2018-08-20,170.99835205078125,173.05033953585055,169.42219695776055,172.52493937888548,21518000
2018-08-21,171.11729431152344,172.6538041938887,169.89800600851814,171.30564273352374,19578500
2018-08-22,172.12843322753906,172.72321617437234,170.63158348348546,170.71088888479383,16894100
2018-08-23,171.3948516845703,174.02179177806028,171.32546891940606,171.58320010223437,18053600
2018-08-24,173.12962341308594,173.29815683276797,171.41468771722438,172.18789641829295,14631600
2018-08-27,175.9152069091797,177.11466531741482,174.25973104663964,174.4580021356349,17921900
2018-08-28,174.72561645507812,176.68839105485034,174.29936695043438,176.54961038752933,15910700
2018-08-29,174.36875915527344,175.25101097225345,173.22877612102658,174.7652861733291,18494100
2018-08-30,176.09361267089844,178.22489050107828,174.17049828409725,174.3687542245393,24216500
2018-08-31,174.2002410888672,176.07378776467226,173.45676994567535,175.60787797152864,18065200
2018-09-04,169.67002868652344,172.37625936831316,167.3305722557498,171.98965498520033,29809000
2018-09-05,165.72467041015625,169.6402972782341,165.2191154678236,168.01457428368036,31226700
2018-09-06,161.11512756347656,165.52638598566298,158.60715316414507,165.52638598566298,41514800
2018-09-07,161.62069702148438,163.19686724418932,158.76577829223478,158.9144664613776,24300600
2018-09-10,162.75079345703125,163.57357005954762,160.7483886000716,162.08662767267808,20197700
2018-09-11,164.49549865722656,165.7346174368839,162.29482249447815,162.5129086097748,20457100
2018-09-12,160.5897674560547,163.0580971048912,160.39151150907855,161.8288860321045,24078100
2018-09-13,159.955322265625,161.89826664077086,159.45967488814424,160.58975030376206,25453800
2018-09-14,160.90699768066406,161.4224601451879,158.94422286050022,160.31221468195503,21770400
2018-09-17,159.18212890625,160.6492410497016,158.3791824975093,160.51046037567184,21005300
2018-09-18,158.9045867919922,160.3518689783445,157.48702711871636,158.00250473863127,22465200
2018-09-19,161.6405487060547,162.01724561939005,158.09171104504333,158.68649405284017,19629000
2018-09-20,164.57476806640625,165.0010175728863,163.03825809061667,163.06799572474512,18936000
2018-09-21,161.5116729736328,165.79407425981805,161.39272242433654,165.18938375762875,45994800
2018-09-24,163.97007751464844,164.25754635300876,159.47951325288895,159.62820142342736,19222800
2018-09-25,163.4744415283203,164.1485147831148,159.74716311629632,160.57986230734045,27622800
2018-09-26,165.49668884277344,167.82623802517153,162.78055036095498,162.86976327620582,25252200
2018-09-27,167.37022399902344,170.27472586448513,165.7544236294065,166.09146025855756,27266900
2018-09-28,163.0283660888672,167.3206596997471,161.1448967012182,166.86467251578267,34265600
2018-10-01,161.02593994140625,164.43599668976157,159.85620413774518,161.61080028025717,26407700
2018-10-02,157.94300842285156,160.86732517104096,157.28875019925482,160.17342180932874,36031000
2018-10-03,161.01600646972656,162.2353099596169,158.14125761142583,158.60716737566852,23109500
2018-10-04,157.46719360351562,160.05447377741564,155.98025132256063,160.05447377741564,25739600
2018-10-05,155.96043395996094,159.4993490128948,154.84026584295069,157.82407327832271,25744000
2018-10-08,155.88113403320312,156.9616419202774,153.04602981395192,154.1860129790727,24046000
2018-10-09,156.52545166015625,159.19203724206622,156.04963436470246,156.31728821100234,18844400
2018-10-10,150.0622100830078,156.31727778494096,149.99281218727913,155.45485615833547,30610000
2018-10-11,152.01507568359375,153.4623577358115,147.86154772210898,148.8231049644271,35338900
2018-10-12,152.40167236328125,155.52424502235203,149.9829105618363,155.36563421957825,25293500
2018-10-15,152.18357849121094,154.21573581046638,151.22202134686995,151.9853225608841,15433500
2018-10-16,157.39781188964844,158.0719003251682,153.6606256705908,154.04723009835809,19180100
2018-10-17,158.03219604492188,159.0928886128094,156.57499165548109,158.17097669506117,17592000
2018-10-18,153.5714111328125,157.27885967411262,151.94568802732547,157.13015635672,21675100
2018-10-19,152.70896911621094,155.98024502748095,152.21332170922938,154.50321030933083,19761300
2018-10-22,153.4326171875,155.97032960839704,153.11541069786745,153.41278705503572,15424700
2018-10-23,153.04600524902344,153.42270211747018,149.53682827387723,149.90360251360167,19095000
2018-10-24,144.76869201660156,153.3037412080965,144.33253499208868,152.9369669569993,27744600
2018-10-25,149.63595581054688,150.884997012413,145.72034414609865,146.4439851572699,22105700
2018-10-26,144.10452270507812,147.70292773104728,142.54819770790712,144.55061747348904,31303300
2018-10-29,140.85308837890625,147.5344214345099,137.8197284122067,147.20729230316547,31336800
2018-10-30,144.9471435546875,145.3634856035084,138.52355674637076,138.72181270400546,50528300
2018-10-31,150.4686279296875,155.0384974683667,147.6632770144559,153.65069082740558,60101300
2018-11-01,150.42901611328125,151.4203111123803,148.04991416582803,150.20102249875762,25640800
2018-11-02,149.04116821289062,152.78826106981955,147.66326914778668,150.47854254144468,24708700
2018-11-05,147.38572692871094,148.88259199421714,146.15653086279244,148.79337907832831,15971200
2018-11-06,148.634765625,149.6557982024448,146.71165102252405,148.0102449729076,16667100
2018-11-07,150.2108917236328,151.67800371315118,148.52569367981283,150.25055198402808,21877400
2018-11-08,146.58277893066406,149.6260616775448,145.46262592652752,149.17998197671446,24145800
2018-11-09,143.6981201171875,146.4737338283187,142.81586823201502,145.47253139151496,17326900
2018-11-12,140.3177947998047,143.7774042876356,139.26702463584598,143.22228156901284,18542100
2018-11-13,140.9224853515625,143.61880866548017,140.3871776398214,140.76387453875333,15141700
2018-11-14,142.9645538330078,144.312715522273,140.3177982254131,142.44907624200525,22068400
2018-11-15,142.59779357910156,143.57916596072764,139.6040784064898,141.0910209250374,30320300
2018-11-16,138.3153839111328,140.5358900564823,136.5707102350472,139.84198661292328,37250600
2018-11-19,130.40484619140625,136.55087150244032,130.06780955803708,136.41209082246715,44362700
2018-11-20,131.2771759033203,132.99212696522133,125.74575612786026,125.92418951177702,41939500
2018-11-21,133.6463623046875,135.9957259664938,132.9623665231598,133.2300052086607,25469700
2018-11-23,130.58326721191406,133.32915819969682,130.11735741928078,132.48655152128535,11886100
2018-11-26,135.19277954101562,135.80737743068764,131.6241124778556,131.84219852760188,24263600
2018-11-27,133.8247833251953,135.42076838322293,132.54601982884213,134.56825434366863,20750300
2018-11-28,135.56948852539062,135.5992261630699,130.70224193837456,135.09367119656213,29847500
2018-11-29,137.4727783203125,138.77138742870687,134.4790784203067,134.73680966555068,24238700
2018-11-30,139.38597106933594,139.74283782448558,136.1642627697202,137.05642209461473,25732600
2018-12-03,139.8617706298828,142.42922036511973,139.53464155198645,141.75514720530225,24819200
2018-12-04,136.72930908203125,142.14178631840102,135.9660228395127,139.5049380461706,30307400
2018-12-06,138.4145050048828,138.483887779014,132.50638103240237,132.65508433575613,28218100
2018-12-07,136.2237548828125,139.64371955233614,135.470376140337,138.03782651860317,21195500
2018-12-10,140.6151885986328,141.80473946175877,137.79989956721752,138.3847750580367,26422200
2018-12-11,140.84317016601562,142.62750387132854,139.87170547544025,142.62750387132854,20300300
2018-12-12,143.2421112060547,145.9086968728815,141.26942893510338,141.83447428129028,23696900
2018-12-13,143.74766540527344,144.580364601951,141.9435165853843,144.302803245045,18148600
2018-12-14,142.80592346191406,144.73894525603407,141.2694135290645,142.09219001086083,21785800
2018-12-17,138.96963500976562,143.6584556703444,137.21503879444398,141.83447667724295,24334000
2018-12-18,142.40943908691406,144.65966777917276,138.6127775349263,139.85189624800478,24709100
2018-12-19,132.0801239013672,143.64853234129407,131.34656030788761,139.98074462581263,57404900
2018-12-20,132.23873901367188,134.3898623454241,128.86834226632146,129.5622456994865,40297900
2018-12-21,123.86229705810547,133.7256784733201,122.3456170426725,132.22882859152864,56901500
2018-12-24,122.98003387451172,128.610596359982,121.94908634639599,122.02839174770781,22066000
2018-12-26,133.01194763183594,133.0714380339725,124.79411924435239,124.90316229266219,39723400
2018-12-27,133.3489990234375,133.8149088534254,128.54121253354535,131.2871037414817,31202500
2018-12-28,132.0404815673828,134.73680498535606,131.04918663800913,134.1618521112041,22627600
2018-12-31,129.94883728027344,133.4679369965346,128.81876176479938,133.27958855629578,24625300
2019-01-02,134.49887084960938,136.31294214395066,127.44085673248901,127.8671213608656,28146200
2019-01-03,130.59320068359375,135.9759249408471,129.97858753588125,133.51751772787816,22717900
2019-01-04,136.7490997314453,136.7986674912349,132.58566505038166,132.84339622494832,29002100
2019-01-07,136.8482666015625,137.66112056969328,134.72689607981036,136.36252664587698,20089300
2019-01-08,141.28927612304688,141.8939666822929,138.32529860707675,138.6722579098755,26263800
2019-01-09,142.97445678710938,143.44036659235024,140.04023240299622,141.70560054652648,22205900
2019-01-10,142.94471740722656,143.30158416591036,139.61396603483087,141.8344719917478,16125000
2019-01-11,142.54820251464844,144.09462006114,141.3289140839084,141.90385178630427,12908000
2019-01-14,144.1243438720703,145.29407954885505,140.0402143204262,140.76385525654737,20520300
2019-01-15,147.65335083007812,149.36828652209846,144.71912682386647,144.7389418282902,24069000
2019-01-16,146.25564575195312,148.34727863691265,145.72035315090284,147.70294298969063,18025700
2019-01-17,147.00906372070312,147.7029672530754,145.22472954748687,145.6708093093003,15787900
2019-01-18,148.73387145996094,151.10306552764828,147.2568518257791,148.44640261116092,31029600
2019-01-22,146.28538513183594,150.2109041829542,145.09581923662802,147.9011854169663,22378700
2019-01-23,143.0438690185547,147.50469644038512,141.81465779474877,146.98921881414896,20098400
2019-01-24,144.56053161621094,145.1652220873857,141.27934804142765,143.38088830966026,20955500
2019-01-25,147.7128448486328,148.5257139119325,145.26434528122348,146.1961648899975,22237200
2019-01-28,146.18629455566406,147.66332975001015,144.9372681327296,146.76124754824247,15508500
2019-01-29,142.93479919433594,146.81076548069362,142.18140546803033,146.80084285211072,17632100
2019-01-30,149.11056518554688,149.63595023069124,144.4316524195393,144.94712996181704,44613200
2019-01-31,165.23895263671875,170.18550460695715,163.56366180174726,164.15844480413764,77233600
2019-02-01,164.26748657226562,167.62797571991626,164.21791880145875,164.39634462521155,30806500
2019-02-04,167.77667236328125,167.82624013658665,162.1956768854242,164.25757222204984,20036000
2019-02-05,169.67002868652344,170.4828825909837,167.22152921815598,167.6775163746691,22557000
2019-02-06,169.00587463378906,170.96863432011753,167.79649363363717,169.7096855492788,13281200
2019-02-07,164.931640625,167.76674447768966,163.81147261341835,166.7357893716431,17517600
2019-02-08,165.87338256835938,165.91302771016467,162.78054722489733,163.03827846153243,12561400
2019-02-11,164.34678649902344,166.8349465555215,163.64297554052686,166.43841949175643,12811200
2019-02-12,163.6033172607422,166.8745937282717,163.06802462560077,165.40748138940162,16292300
2019-02-13,162.64173889160156,164.773016579909,162.30468717673196,163.94033260990628,14205100
2019-02-14,162.52279663085938,163.43478612823927,160.83759831774523,161.7694179484916,12755200
2019-02-15,161.08541870117188,163.26626442147275,159.45969569593382,163.0779159732994,15504400
2019-02-19,160.8772430419922,162.72105216534464,158.93431350398367,159.1028318222628,14345400
2019-02-20,161.14488220214844,162.29478781418132,159.8462884187141,160.8375832306131,11770700
2019-02-21,158.64682006835938,160.82768082441467,158.2007404140604,160.5203667171822,15607800
2019-02-22,160.48072814941406,160.99620572431036,158.91448041773808,159.18213427165955,15858500
2019-02-25,163.1869659423828,164.6243556864197,161.48193745891135,161.65047090724298,18737100
2019-02-26,162.7012481689453,164.7928811594308,162.37411901392596,162.90941164198253,13784100
2019-02-27,161.3927001953125,162.50294550505402,159.013598781307,161.48191309499717,12697500
2019-02-28,160.0445556640625,162.07671319723192,159.45969531394803,160.9565451403324,11114200
2019-03-01,160.86732482910156,161.7099314903632,160.28246450589862,161.1845464371865,11097800
2019-03-04,165.9130096435547,166.0418828108191,162.40383262643738,162.4732153985315,18894700
2019-03-05,169.76914978027344,170.38376287008228,165.10015952891004,165.91301343665094,28187900
2019-03-06,171.00830078125,172.05908622255265,169.77910462034345,171.3949052392709,21531700
2019-03-07,167.65771484375,170.24499519282546,166.15094232842895,170.00707896641893,18306500
2019-03-08,168.1236114501953,168.14342645636808,164.52520632922034,164.75319990787847,13184800
2019-03-11,170.5720977783203,172.78268087294597,170.08635789725895,170.1061880278625,18884000
2019-03-12,170.42344665527344,172.28708622757495,169.7295431313194,170.59196500209353,12155300
2019-03-13,171.8607940673828,172.51505233958744,170.62167542728005,170.81994651046446,11973300
2019-03-14,168.68865966796875,169.6601244827875,166.6961622656857,168.2822251086199,18037400
2019-03-15,164.53512573242188,166.12120364657443,161.095331167797,165.7048615974504,37135400
2019-03-18,159.07310485839844,162.4732393410278,157.89346142533574,162.14612531215909,37524200
2019-03-19,160.1635284423828,162.39394202571714,159.42005724793805,160.0743004033197,25611500
2019-03-20,163.99981689453125,164.67389010942523,159.8363816895949,160.0941128965911,20211500
2019-03-21,164.63426208496094,164.94156108992567,162.32454310685958,163.45461871032083,16223000
2019-03-22,162.90940856933594,165.96259883263585,162.66158483165862,164.20800253461144,16389200
2019-03-25,164.84242248535156,165.09024621068198,160.58977401410408,161.5810689154257,12631200
2019-03-26,166.22032165527344,167.97491786442606,164.9019127484539,165.89320764895325,15437900
2019-03-27,164.4261016845703,167.4693846852585,163.35550123771398,166.38887673345448,10620300
2019-03-28,164.10888671875,165.26870002850006,161.90821065636447,163.13742187507202,10443000
2019-03-29,165.23895263671875,165.73460009672405,163.37531334679161,164.94156113552356,13455500
2019-04-01,167.23143005371094,167.42968598889735,165.82379325014162,166.36900841637296,10381500
2019-04-02,172.6835479736328,173.37745129573844,168.07403328839868,168.65889357946216,23946500
2019-04-03,172.029296875,176.41083330215372,171.44443655984026,172.98094656020862,27391100
2019-04-04,174.4877471923828,176.45050702401002,174.00200720522918,174.4877471923828,17847700
2019-04-05,174.19033813476562,175.45919437554022,173.57574014731654,175.34024382982997,9594100
2019-04-08,173.4071807861328,173.97222604571513,172.713277496612,173.6847572278984,7297400
2019-04-09,176.03416442871094,177.63014995214047,174.02183682864253,174.0912196117685,19751000
2019-04-10,176.27206420898438,177.23360633426717,175.00319283671809,176.62891584767104,11701500
2019-04-11,175.96475219726562,176.8470040529445,175.45919724377316,176.68840836472478,8071000
2019-04-12,177.5409393310547,178.0663244673695,176.4009410133073,176.4505087881591,12329800
2019-04-15,178.0861053466797,178.92871197979335,175.33030700382656,176.94612237336904,10834800
2019-04-16,177.3129119873047,178.6015983684305,176.74788176597113,177.44178516320514,11215200
2019-04-17,177.22369384765625,179.166638428535,176.80735182160203,178.0365628932567,9973700
2019-04-18,176.72805786132812,177.32284086618182,175.79623821250544,177.2435354571373,11655600
2019-04-22,179.8605194091797,180.0885129633047,176.69828677961848,176.69828677961848,13389900
2019-04-23,182.18017578125,182.61634795804838,179.90019448268743,181.1492357391482,19954800
2019-04-24,180.99063110351562,183.52834371774856,180.0687189481805,182.88400806018296,37289900
2019-04-25,191.57766723632812,196.7522283729203,190.4475915355759,195.26528586530097,54148800
2019-04-26,189.82305908203125,191.22077334549448,187.4439423312348,190.82426145000804,22075000
2019-04-29,193.0844268798828,193.70894753134465,188.9903739442293,189.2877654509235,19641300
2019-04-30,191.7164306640625,195.67170282342383,190.6061851986811,192.4995621180769,23494700
2019-05-01,191.3496551513672,194.4722280655926,191.32982501791042,193.08442124281683,15996600
2019-05-02,190.85401916503906,192.31122397949665,188.09822036138914,191.3199290105302,13209500
2019-05-03,193.7684326171875,194.45242857942398,192.02375888272834,192.6879247099252,14575400
2019-05-06,192.1922607421875,192.5887726532269,188.89124689822324,189.57524280183202,13994900
2019-05-07,188.1179962158203,191.2207382877561,186.2147122397001,190.86387159686126,16253000
2019-05-08,187.8900146484375,189.05975040851527,186.90864245139556,187.74132647493377,12505700
2019-05-09,187.00778198242188,188.11804258663693,184.63858771124293,185.5704073630469,12967000
2019-05-10,186.70046997070312,188.34602306561183,182.9831142523029,186.6112570636917,12578500
2019-05-13,179.9596710205078,183.81580760925243,179.26576760980052,181.9026156964481,16833300
2019-05-14,179.15670776367188,181.89269113496795,176.5496126846514,180.93113395389048,17628100
2019-05-15,184.6484832763672,185.64968556083124,178.45289088893566,178.8494027513481,16746900
2019-05-16,185.3622283935547,186.9383835658683,183.43911397532904,183.43911397532904,12953100
2019-05-17,183.6869354248047,185.9470864320573,182.67581046073104,183.23093314658834,10485400
2019-05-20,181.12940979003906,182.62625968048448,179.79115559176233,180.29672568380295,10352000
2019-05-21,183.2111358642578,184.08346511529646,182.28922371566398,182.96331213224315,7502800
2019-05-22,183.706787109375,185.11442412107527,182.01166609208295,183.12191159405262,9213800
2019-05-23,179.2954864501953,182.29910849776348,178.10593570998307,180.831996422367,12768800
2019-05-24,179.4838409423828,182.03147593642154,179.2558473649186,180.742789621871,8807700
2019-05-28,182.70555114746094,183.1020781625244,179.87044727508288,179.95966018123755,14843300
2019-05-29,180.60400390625,182.9533677663223,179.77131989583935,181.90259768757196,12797700
2019-05-30,181.41688537597656,181.8827952177458,179.31534489886306,181.48628328371103,8581500
2019-05-31,175.9250946044922,178.96836186561143,175.61779562749524,178.71063065528207,15226500
2019-06-03,162.72105407714844,173.52617771495474,159.60838865233333,173.47660994406445,56059600
2019-06-04,166.0419158935547,166.8151247992806,159.43988742839213,162.2849144221923,46044300
2019-06-05,166.70603942871094,167.25125457665985,163.1968626031123,166.02204361818937,19758300
2019-06-06,166.86468505859375,168.2227543348642,165.7742545350446,166.83494741940248,12446400
2019-06-07,171.84097290039062,172.35643534550604,167.37022332653441,168.68864732746155,16917300
2019-06-10,173.29818725585938,176.311717193424,172.28706219004877,173.2287893501652,14767900
2019-06-11,176.54962158203125,178.41324564337222,175.25101260252274,176.9263033452393,15266600
2019-06-12,173.51626586914062,177.70945450651269,171.37508021762997,176.82720258328982,17699800
2019-06-13,175.9250946044922,176.4802172888684,173.08999078703468,174.00198021507543,12253600
2019-06-14,179.75152587890625,180.25708088838027,178.43310170122075,178.93865671069474,16773700
2019-06-17,187.36465454101562,187.8503945157161,182.80470681040578,183.3994747095493,29459900
2019-06-18,186.829345703125,192.83659020623713,185.64970238549856,192.3112051342461,37571400
2019-06-19,185.8479461669922,186.46255923293725,182.94345964316256,185.37212889493662,21417100
2019-06-20,187.88009643554688,189.49591174998605,186.0065499264068,189.28773319298924,14635700
2019-06-21,189.47610473632812,190.3286189470669,187.10691055343167,187.10691055343167,22751200
2019-06-24,190.92340087890625,192.2913775343927,189.9023683575532,190.74495993412827,15509000
2019-06-25,187.19610595703125,191.45867661209593,186.49229512123998,191.2009454100532,16750300
2019-06-26,186.0264129638672,189.09941821704652,185.67945368281707,187.89003717436265,12808600
2019-06-27,187.8503875732422,197.1487387746946,186.6310990553971,188.22708448361715,11159000
2019-06-28,191.31991577148438,191.5181717263665,188.28655579650456,188.8912462907689,16378900
2019-07-01,191.31991577148438,193.58006693425207,190.25922296762738,193.51068415672523,14181800
2019-07-02,193.302490234375,193.302490234375,191.03243174807002,191.3199005909455,9050000
2019-07-03,195.4833526611328,195.68160861736712,192.4698227988755,192.4698227988755,10246100
2019-07-05,194.69033813476562,195.35451911671205,192.4797544498064,194.47225201776033,11164100
2019-07-08,194.05587768554688,194.96786714791654,191.9543374081715,193.49084747695187,9723900
2019-07-09,197.47586059570312,197.72368431682693,193.19345943422346,193.2727648400982,14698600
2019-07-10,200.96522521972656,201.1932339537304,197.9318650288593,198.25899418437882,20571700
2019-07-11,199.478271484375,202.02590667605622,198.467161561897,201.49059895148787,13678500
2019-07-12,203.08657836914062,203.5128430354404,197.4262930429974,197.94175549280985,15366300
2019-07-15,202.13491821289062,203.54255495747057,200.06311579399213,202.47195480117927,16030300
2019-07-16,202.06556701660156,203.6813826896914,201.33201840503335,202.11513479126563,12132700
2019-07-17,200.04331970214844,202.58103230029513,199.835141111631,202.4025913475716,12083700
2019-07-18,199.03221130371094,200.70750229418204,197.64440433726466,198.40769060582937,11937900
2019-07-19,196.63328552246094,200.5687280570094,196.34581661513946,200.4200247248401,12098300
2019-07-22,200.5587921142578,200.80661584010522,197.0793373227458,198.16976776685834,13589000
2019-07-23,200.59841918945312,202.462058280297,199.2106125000748,201.0742364649602,14583700
2019-07-24,202.87841796875,203.0271061534427,195.50318148879686,195.90961602823657,32532500
2019-07-25,198.96278381347656,206.84357436312692,196.53409947895375,204.9006299207003,39889900
2019-07-26,198.0111541748047,201.11391201920256,194.5416220616041,198.447326346332,24434000
2019-07-29,194.2343292236328,197.89220990195136,193.5999010792876,197.26768926146963,16530800
2019-07-30,195.32472229003906,196.9801979300487,191.81554532555143,193.68909190741383,11903600
2019-07-31,192.5391845703125,197.02974879960814,191.0026746067043,195.2355076336105,14593500
2019-08-01,191.0522918701172,196.74233093578692,189.2184050924544,192.479759170631,17777000
2019-08-02,187.3745574951172,190.9432098931184,186.43283040922628,189.43645260607656,15297000
2019-08-05,180.14801025390625,184.0537144133837,177.7788161490501,183.08224968810975,23086700
2019-08-06,182.90380859375,184.17266480045308,181.496171712125,182.09095467662416,18035700
2019-08-07,183.53823852539062,184.74761947288266,179.642456959587,182.00174358272056,15833200
2019-08-08,188.504638671875,188.68306449043996,182.44782632880313,184.99544631383543,14828900
2019-08-09,186.21473693847656,189.31747942194767,185.4910808332626,188.3460147390881,11058800
2019-08-12,183.75636291503906,185.95703918805435,182.8542958939805,185.22349051435754,10930900
2019-08-13,186.80953979492188,189.71404201151188,183.7563493786606,183.90505270429318,13577000
2019-08-14,178.14559936523438,184.37092964599083,177.74907236030677,184.18258120939504,18903700
2019-08-15,181.00051879882812,181.60520924822666,178.4628064623224,179.37479588788173,12925900
2019-08-16,182.10084533691406,183.48866708372955,180.77251398181335,182.1504131003642,12654600
2019-08-19,184.5493621826172,185.86778616090027,183.24086083354322,184.39075137486302,9691200
2019-08-20,182.20989990234375,184.38083799567198,180.8022630617929,183.8356228151167,10083400
2019-08-21,181.95216369628906,184.28169740239255,181.54572919776624,183.38953813213305,8398200
2019-08-22,180.455322265625,182.5073100296377,178.34387435197104,181.83322161224697,10821400
2019-08-23,176.20265197753906,181.5358228805133,175.12214426793494,179.26574930151776,17323400
2019-08-26,178.78993225097656,178.9287129191165,176.68839209744098,177.83828257947536,8773600
2019-08-27,179.72177124023438,182.4379096286173,179.43428724414596,180.3462767514678,14399600
2019-08-28,180.17774963378906,180.36609807872819,177.36247584090782,178.95846118228755,9386100
2019-08-29,183.95460510253906,184.46016006512284,181.8728797253869,182.1702712258315,10128700
2019-08-30,184.0537109375,185.17387894584937,181.8629578139007,185.15404881380138,10774500
2019-09-03,180.80226135253906,184.0537071473467,180.5247000134183,182.3982466154627,9779400
2019-09-04,185.5109100341797,186.11560047297843,182.289201903489,183.04258051332087,11308000
2019-09-05,189.23818969726562,189.69419200509188,186.30396527407314,186.88882563279574,13876700
2019-09-06,185.85787963867188,188.5542028808882,184.72780409788703,188.5542028808882,15226800
2019-09-09,187.11680603027344,187.33489210220984,184.23214958049422,186.09577356891612,14722400
2019-09-10,184.5493621826172,186.46256912699883,182.94346935049393,185.80831088948224,15455900
2019-09-11,186.8491973876953,187.79092459936038,184.4601728408056,184.8368697758561,11761700
2019-09-12,185.8380584716797,189.26793039867314,185.6001422473146,188.2072527077104,11419800
2019-09-13,185.56048583984375,186.33369461463457,184.916135110212,185.6992665141406,11441100
2019-09-16,184.59893798828125,186.15526311999932,184.15285830726447,185.3027488986509,8444800
2019-09-17,186.44271850585938,186.68063469134538,183.9248213688276,185.03508177513814,9671100
2019-09-18,186.50221252441406,187.43403210381956,184.39074965303598,186.45264475670885,9681900
2019-09-19,188.4847869873047,189.43643662205002,186.512104949403,187.01767496278183,10392700
2019-09-20,188.276611328125,191.4190291086454,186.4823701867275,189.00026741214742,19934200
2019-09-23,185.19371032714844,188.44515621084508,183.5977250205933,187.69176244752776,13327600
2019-09-24,179.70193481445312,186.40308276455025,178.81968297541698,186.3436074918448,18546600
2019-09-25,181.20870971679688,181.8233077110018,176.321618022033,179.87045555900784,18068300
2019-09-26,178.5421142578125,179.8208779461365,176.12335242778306,179.75149517282722,16083300
2019-09-27,175.55833435058594,179.18646222006666,174.1308672621529,178.91882348545542,14656200
2019-09-30,176.52981567382812,177.11467609445455,175.31052705731037,176.32163706810007,10740000
2019-10-01,174.279541015625,178.27445795608688,173.35764408749932,177.5904621056924,17073000
2019-10-02,173.080078125,174.99326982848052,171.58321329643329,173.31797919637933,16151700
2019-10-03,177.81849670410156,178.27448392013582,172.1185506219474,174.0416652854714,16086300
2019-10-04,178.87918090820312,179.40456605160196,176.5496467183686,177.98702145268547,10430200
2019-10-07,178.11585998535156,179.6028023321276,176.5397047279993,178.43308161312447,9178300
2019-10-08,176.20265197753906,178.79983953206306,176.17291434340012,176.70820688385956,9466900
2019-10-09,178.28436279296875,179.14678436559575,176.39098623319586,177.60036701083405,7556900
2019-10-10,178.46282958984375,180.029077434309,177.6103153232604,178.75031359741428,8605000
2019-10-11,182.58660888671875,184.86659016737028,180.55445132948677,180.56435883307805,14930500
2019-10-14,181.68453979492188,183.01287141647379,180.98072884100796,182.59652934670203,7006000
2019-10-15,187.2456817626953,188.7227165199571,182.06121398365255,182.19999465624394,15039100
2019-10-16,187.89993286132812,188.0486210313374,185.27299255881692,186.680644489377,10516900
2019-10-17,188.73263549804688,189.17871517807257,187.12674259957046,188.6434225872337,9603000
2019-10-18,184.23214721679688,189.82304936224855,182.31894036043929,188.57400821610014,16874200
2019-10-21,188.10812377929688,188.25682709698793,185.1243314328732,185.41180031220577,8122600
2019-10-22,180.752685546875,188.99034270257863,179.92000156654896,188.3460071495554,19537600
2019-10-23,184.52952575683594,184.75753445744107,180.41565828049383,180.4255657834059,12300400
2019-10-24,184.75753784179688,185.1044819615779,181.208700485608,183.01284923596253,11413500
2019-10-25,186.25439453125,187.35473245387462,183.47876584007477,184.21232949714437,8061200
2019-10-28,187.75125122070312,187.88012440021436,183.46886504496106,185.57040542859633,13657900
2019-10-29,187.6620330810547,190.85400383481056,186.82934900423825,190.02131975799415,13574900
2019-10-30,186.6112518310547,188.7920974328394,184.36100833067871,187.90984563878274,28734600
2019-10-31,189.98167419433594,196.36561619589327,186.6112773601283,194.9877167981132,42286500
2019-11-01,191.9344940185547,192.42023391509704,188.25679878716807,191.17120791450583,21711800
2019-11-04,193.0249481201172,195.65187360892588,192.1228661122772,192.8564297987559,16371300
2019-11-05,192.62843322753906,194.04597768143054,191.91469968576047,193.66928077716966,9942000
2019-11-06,189.8825225830078,192.67796606260498,189.6842666475544,192.34092945973836,10973000
2019-11-07,188.7624053955078,191.7561207418795,187.82067810429396,190.23944049500736,13473000
2019-11-08,189.17872619628906,190.6656686336176,188.0486505489578,188.34604206161563,10760800
2019-11-11,187.9594268798828,188.42533669366813,186.89873407480903,188.27663338286612,8631200
2019-11-12,192.77711486816406,193.3619752121112,188.08829436129892,188.3460255825402,17615500
2019-11-13,191.5082550048828,193.99639963970563,191.06217534637915,193.00510478704902,10860700
2019-11-14,191.46859741210938,192.3409417349273,189.78339916426867,191.25051133140488,9040500
2019-11-15,193.40164184570312,193.5998978013367,191.69661340052664,192.56894263050637,11524300
2019-11-18,195.68157958984375,196.90088303543436,191.36945645906076,192.86630610144013,16167200
2019-11-19,197.58489990234375,198.25897315059532,195.14630787716936,195.6816004492539,19056800
2019-11-20,195.79063415527344,197.8525291928546,193.72873911769227,196.8513268715214,12355400
2019-11-21,196.2069549560547,197.35686045144453,195.14627748041315,195.70140009861325,12131000
2019-11-22,197.08924865722656,197.5650659483158,195.89968274056503,196.65307650457854,9959800
2019-11-25,198.05079650878906,199.22053232730747,197.51550393147346,197.78315778311097,15272300
2019-11-26,197.2379608154297,198.4076816161552,196.3160486305202,198.2589934214734,11735500
2019-11-27,200.2415771484375,201.37165277087047,197.68403439746598,198.15985173165873,12736600
2019-11-29,199.88470458984375,202.02590522077313,199.45845503998015,199.84505944895685,7985200
2019-12-02,197.9615936279297,200.420000808283,196.3259630509845,200.3704481627684,11503400
2019-12-03,197.08924865722656,197.1982765694296,193.3818004856772,195.8798677343239,11595300
2019-12-04,196.98020935058594,198.28871070735886,196.32595110921986,198.25897307147488,8456300
2019-12-05,197.6245574951172,199.53774944612223,196.48457437804745,198.12020495922752,9740400
2019-12-06,199.29983520507812,199.81531276903877,198.31844784549213,198.7546200053081,12270600
2019-12-09,199.58731079101562,201.3716446295494,198.46715784384807,198.90331489241436,11954800
2019-12-10,199.1213836669922,200.2911194084233,198.4076501936345,199.90451503751777,9475700
2019-12-11,200.4993133544922,200.8661027756935,198.53655356709888,198.53655356709888,8036800
2019-12-12,195.0372772216797,201.88712880922554,192.41035171100938,200.58853487278247,23734800
2019-12-13,192.42025756835938,195.08684332389672,191.4884379232018,194.69031628023387,18798000
2019-12-16,196.1970977783203,197.38664871185958,193.11416983023628,193.5701721698394,14911500
2019-12-17,196.6630096435547,197.26770018383,194.42268844359683,197.10908935747165,10175700
2019-12-18,200.73721313476562,202.52154694337764,198.34818884451172,198.34818884451172,23274400
2019-12-19,204.2662353515625,204.50415158534474,200.74713524741477,201.01478911967473,16514600
2019-12-20,204.5041046142578,205.90183380551798,201.65907847033932,205.6738251282778,27306900
2019-12-23,204.38519287109375,206.7742174166268,203.88954537829244,204.90067049887625,13348900
2019-12-24,203.33438110351562,204.98984157645734,203.2154305698301,204.5041168132694,6046300
2019-12-26,205.9811553955078,206.0109081576368,203.52274834107865,203.78049468916097,9350700
2019-12-27,206.28846740722656,207.11122883413438,204.79160248082297,206.85349761464175,10284200
2019-12-30,202.63058471679688,206.09019407630888,202.1250146606919,206.0505489375747,10524300
2019-12-31,203.46328735351562,203.77058636614925,201.8276567455159,202.22416867292173,8953500
2020-01-02,207.95384216308594,207.96374966670473,204.47440252196083,204.95021983697868,12077100
2020-01-03,206.853515625,208.56845165508497,205.14848709907997,205.40623346697336,11188400
2020-01-06,210.74928283691406,210.92770864240686,204.72220857183618,204.900634377329,17058900
2020-01-07,211.20529174804688,212.71206425110722,209.9066978321433,210.9673906495363,14912400
2020-01-08,213.34646606445312,214.357590986235,210.75918605568873,211.14579041902329,13475000
2020-01-09,216.39967346191406,216.4789788667449,214.39725358632398,215.6462796790009,12642800
2020-01-10,216.1617431640625,217.96590697301042,215.5273150927095,217.29181863884628,12119400
2020-01-13,219.978271484375,220.03774676270825,217.3017780776525,217.68838251277953,14463400
2020-01-14,217.15306091308594,220.44416728003057,216.72681136156237,219.68086596283632,13288900
2020-01-15,219.22482299804688,219.7502079936934,218.22362076833417,218.6895305004671,10036500
2020-01-16,219.8394775390625,220.69199177101737,218.4714857160289,220.6325164962698,10015300
2020-01-17,220.2062225341797,220.3549107012759,218.61023732819538,220.09717950298977,15905900
2020-01-21,219.5123291015625,220.4342260310125,217.2125178404662,220.2260625876987,14275800
2020-01-22,219.39340209960938,220.81094659506738,219.35374183170325,220.37477440386175,12212800
2020-01-23,217.84695434570312,219.5619053548799,217.36122954189034,218.82834170856364,11195000
2020-01-24,216.0428009033203,219.84936947725353,214.22872952215866,218.8779047645845,11905800
2020-01-27,212.99951171875,214.17915496687039,210.6501478512568,211.2449307896908,13810700
2020-01-28,215.8941192626953,216.8358615605444,211.66130074124504,214.2584886549919,13413800
2020-01-29,221.2867431640625,222.24830037009562,216.54835503324057,219.5123320537504,33181300
2020-01-30,207.70602416992188,209.58947847472322,202.96763564432172,204.7321393985765,48775500
2020-01-31,200.15234375,206.8733215207169,199.30973708992997,206.6155751830227,31359900
2020-02-03,202.41249084472656,203.35421789448145,200.737200185984,201.6690197329266,15495600
2020-02-04,208.00340270996094,208.7667039889746,203.4137026585634,204.8213395474977,19628900
2020-02-05,208.28097534179688,210.8781631806116,206.89316851020735,210.66007708908182,12538200
2020-02-06,209.0145263671875,209.35156298788317,207.5176614545207,208.63782948172818,10567500
2020-02-07,210.4816131591797,210.96735302527782,208.10249671664937,208.46928605470603,12242500
2020-02-10,211.20529174804688,211.93885542902783,208.82619000718108,209.67870423741732,11856400
2020-02-11,205.38641357421875,209.0244644109467,204.7123251083773,208.36029857572555,25030800
2020-02-12,208.92530822753906,209.38131053815937,205.59455674975018,206.04065155669,13813700
2020-02-13,211.2845916748047,212.46423501084925,207.35905726566108,207.69610902307352,15396600
2020-02-14,212.31552124023438,213.05899236907703,210.79884134747206,212.1370954297724,10741700
2020-02-18,215.90402221679688,216.0824480300486,211.54231578381527,211.6910190874841,15609200
2020-02-19,215.5967254638672,216.41950201628228,214.228733710941,216.09237289597561,12135100
2020-02-20,212.7120819091797,216.86561035969106,211.09626622651342,214.6351966202389,13109200
2020-02-21,208.350341796875,212.3750115450859,207.01210284110857,211.62161778756874,14092300
2020-02-24,198.97271728515625,201.87720413639323,196.44491221736035,200.0433176124331,23080100
2020-02-25,195.05712890625,201.72854027821603,194.24425971444612,200.4894214804383,21433500
2020-02-26,195.4833526611328,199.4584549193443,193.78824684047552,195.47344515740704,16524500
2020-02-27,188.09820556640625,194.1748480885161,187.85038184365735,190.15019325122768,21682600
2020-02-28,190.79454040527344,191.06219427727905,180.23725522882313,181.10958449994126,32568900
2020-03-02,194.72994995117188,194.85882311350568,187.2060261645802,192.34092588951376,24949000
2020-03-03,184.2718048095703,195.5230077584199,182.36852045331503,194.51188274461072,27984100
2020-03-04,190.09068298339844,190.16008087897518,184.7674348154533,187.523233114304,23062500
2020-03-05,183.55807495117188,187.34482873238224,182.2892186883273,185.15406034636916,19333400
2020-03-06,179.5135955810547,182.18018136792298,174.72563924503544,176.77762701445522,24559600
2020-03-09,168.0244903564453,173.47661246240665,163.75201163538196,168.12362589966506,29949000
2020-03-10,176.63882446289062,176.73794486823076,168.02447015120921,173.14946249940837,24517800
2020-03-11,168.75802612304688,174.3489279887689,166.2004838159884,172.49519649384075,20373900
2020-03-12,153.12533569335938,165.1497485564688,152.99646250655854,158.1511933411001,43266300
2020-03-13,168.79769897460938,169.303253942079,156.2280865595839,162.10645821675976,35028600
2020-03-16,144.7389678955078,157.7447677177131,141.8543111327493,150.99405163604348,39120400
2020-03-17,148.11929321289062,152.59995073103067,138.78129637211103,149.42780983914605,34255600
2020-03-18,145.68069458007812,146.8900603543709,135.9065269708406,138.53345221468916,37553100
2020-03-19,151.79701232910156,158.53780641212242,143.53952293884313,145.34367202253395,39862300
2020-03-20,148.42660522460938,157.8835685755813,146.71166900462208,154.66185962784465,32568400
2020-03-23,146.810791015625,150.98413436617852,141.0117093943652,148.35720874770473,29830800
2020-03-24,159.57864379882812,159.90577292075932,151.24186544509297,153.8588832945832,30440400
2020-03-25,154.85015869140625,161.57113584893722,151.7275711707044,157.53655897842415,35184300
2020-03-26,161.9180908203125,162.57234902589062,155.65311547944728,156.87240386187312,26556800
2020-03-27,155.4250946044922,158.6963702501168,153.4028600036456,156.822823808907,24879900
2020-03-30,164.50537109375,165.29840996886728,156.6840556288971,157.79430097848623,22515200
2020-03-31,165.34800720214844,169.44204522135595,162.77063418018074,164.03949055611406,23676300
2020-04-01,158.21067810058594,162.72105796616114,156.66424529203292,160.21308298396346,19507600
2020-04-02,156.81292724609375,159.9454224525926,154.56268380888545,157.71500914670497,20886300
2020-04-03,152.83782958984375,156.53537019548818,149.51700098576845,155.78197644426734,25983300
2020-04-06,164.10888671875,164.75322240440192,157.13016159944928,158.7558847591794,28453600
2020-04-07,167.3603057861328,171.88060773195613,164.56484714145031,170.29452997421248,31411900
2020-04-08,172.76284790039062,173.47658133079966,166.2797868877923,169.75922601656825,21664200
2020-04-09,173.66494750976562,175.53849417465915,170.07646498649927,174.36875838401778,23534300
2020-04-13,173.2684326171875,173.4766112060572,167.97492136833023,172.15818714577597,19355400
2020-04-14,176.61900329589844,179.65236314571018,175.08249323853468,177.42194971191222,21011800
2020-04-15,175.429443359375,176.63882423505683,171.3155759570851,173.6649398114376,17423000
2020-04-16,174.71572875976562,176.50006263186586,171.00828033251065,176.40092708998696,23593200
2020-04-17,177.6796875,178.71062744877847,175.12214507061915,177.64002723699403,20974800
2020-04-20,176.68838500976562,178.92870574157294,175.23118048977148,175.86560853667004,16110700
2020-04-21,169.3131561279297,173.853288160905,166.87456424632103,173.72441499563723,24850500
2020-04-22,180.6932373046875,183.17147461150617,176.58927692963414,176.89657593552604,33242000
2020-04-23,183.51841735839844,185.42170162352286,181.55564269746117,182.4775547580757,21426600
2020-04-24,188.41542053222656,188.7524571530218,179.25585061783767,181.63495222175106,28792000
2020-04-27,185.86778259277344,192.0633753458659,185.77856968735904,190.98286759995668,29197800
2020-04-28,181.31773376464844,187.5529713416116,180.97077453758243,187.01767881015118,21731000
2020-04-29,192.49957275390625,195.19589628391623,188.3460444070909,189.26794146925386,45954500
2020-04-30,202.92796325683594,207.86460707918596,199.81529821911894,205.11871627371636,46230100
2020-05-01,200.5092010498047,205.4755824934736,197.3172306216393,199.845035356808,30415600
2020-05-04,203.47315979003906,204.11751046847357,197.0297437614412,198.4572106556223,19250700
2020-05-05,205.26742553710938,208.5486089695455,204.7023802295266,205.21785777094198,21071200
2020-05-06,206.65525817871094,209.7580161936325,204.86101675028578,206.30829889793858,21857000
2020-05-07,209.4209442138672,209.75799595802985,207.2202684404872,209.3218238046091,15152000
2020-05-08,210.50146484375,211.3539790092418,209.0145225871451,210.3924218065606,12506000
2020-05-11,211.32421875,213.1283825511253,208.53868277495025,209.0541603075515,12911900
2020-05-12,208.27102661132812,213.40592599773072,208.17189108899817,211.43324406063806,14704600
2020-05-13,203.31460571289062,208.94515391846076,200.3506282880669,207.60689964991752,20684600
2020-05-14,205.0097198486328,205.1286704102508,198.9429991907297,200.79671603043087,17178900
2020-05-15,209.04425048828125,209.50023762187058,202.34308801660057,203.48308610249018,19383200
2020-05-18,211.33416748046875,212.77154209652375,209.10375389922334,210.30321228793318,20151900
2020-05-19,214.99203491210938,218.57060997564648,210.97728768832476,211.41345984857227,31843200
2020-05-20,227.96810913085938,229.3261784213144,221.2471303361404,221.55442936163362,50162900
2020-05-21,229.375732421875,235.1351535242866,229.18738396569944,232.67674634200608,47782600
2020-05-22,232.8650665283203,233.93566673401017,226.74877938987345,229.4946551120467,33925600
2020-05-26,230.1786651611328,238.8029274814234,229.65328009154226,237.6827745670303,33178300
2020-05-27,227.14529418945312,228.55293101712496,219.20502813569777,227.0759114176311,34697600
2020-05-28,223.49734497070312,229.61363241933896,222.05004782499321,222.3474393070935,29377200
2020-05-29,223.1305389404297,225.50965549376707,220.93978594185978,223.23958197153212,23241500
2020-06-01,229.8911895751953,230.41657462940574,221.55439635505033,222.63490409854282,18223800
2020-06-02,230.69418334960938,230.97174475125067,224.58780226157722,228.9296793851918,20919000
2020-06-03,228.15643310546875,230.62474767491267,226.5406176115093,230.08945509538248,15380300
2020-06-04,224.3201141357422,229.61364034721157,222.65474598001492,227.56165266323373,17041500
2020-06-05,228.76112365722656,229.3360765026521,223.34864695784768,224.73646886520714,16750400
2020-06-08,229.38563537597656,229.53433868756787,225.43037837858236,227.03627128724105,15466500
2020-06-09,236.5923309326172,237.68276127605165,228.40424123196033,229.5045790781684,27462900
2020-06-10,234.6692352294922,239.11024723031758,233.23186066323433,238.86242350765383,20720700
2020-06-11,222.476318359375,230.86268029147104,221.60398908906214,227.93836321427702,26708200
2020-06-12,226.59017944335938,229.64336940745946,222.54569462569273,227.8986807845685,22091400
2020-06-15,230.47604370117188,231.73499234719503,222.84307667690538,223.1305455168529,15340300
2020-06-16,233.59861755371094,236.3841686950243,230.97169233929125,235.07565227624718,15236700
2020-06-17,233.47964477539062,235.52170948354413,229.71272180477922,232.95425978255335,19578100
2020-06-18,233.88612365722656,234.0843796141801,230.12910747503136,232.94439651722732,15782500
2020-06-19,236.7113037109375,238.73355378768707,233.4995178993327,235.7200088059316,30081300
2020-06-22,237.13755798339844,238.6046701431826,234.8476692734358,236.48329974456362,18917800
2020-06-23,240.13128662109375,243.0556036069175,237.77199987359415,239.17963684344247,24017900
2020-06-24,231.98284912109375,241.10275966290268,230.65450238843093,239.10033962270523,20834900
2020-06-25,233.6283721923828,235.23428019830692,230.7139779243627,232.57760203013643,18704300
2020-06-26,214.19900512695312,231.06092603450634,213.52491672530047,230.61484635194967,76343900
2020-06-29,218.7193145751953,218.8283576234436,205.30709527045812,207.9241133024566,58514300
2020-06-30,225.09335327148438,225.51960284277004,216.56821058616464,218.6697510558646,33927100
2020-07-01,235.48211669921875,236.91949134115922,225.57907477480111,226.51089444123383,43399700
2020-07-02,231.38804626464844,237.91076831095558,230.58509984175245,236.91947344299328,30633600
2020-07-06,238.1883087158203,238.30725924920742,230.24804296711477,231.72506250986436,26206200
2020-07-07,238.7633056640625,245.49419181504504,236.7410705926713,237.32593099127416,27887800
2020-07-08,241.45960998535156,244.8399291745789,234.53045329150478,236.03722575248477,29791300
2020-07-09,242.37158203125,244.38390929366182,237.15737675477754,242.86722943826686,22174900
2020-07-10,242.9366455078125,243.3529875457348,237.23669990075217,241.56865372181096,22982700
2020-07-13,236.91949462890625,247.97242734468227,236.34454173895932,244.8597617859769,24674900
2020-07-14,237.6431121826172,238.237895148075,230.01014479769046,234.6989652429233,23378100
2020-07-15,238.1883087158203,242.68879549109946,235.97772558994842,239.44725732267958,19133600
2020-07-16,238.83267211914062,239.65544869823316,234.27272467146835,235.92818533327153,18880700
2020-07-17,239.923095703125,242.0345586123702,235.78939791848782,238.90206319911425,18152400
2020-07-20,243.28358459472656,243.90810520163038,233.58872199953782,237.97024349927685,20872200
2020-07-21,239.64552307128906,244.760607979897,237.99006253468102,244.0766121329838,19364200
2020-07-22,237.78189086914062,239.79421820490197,236.0471248813492,238.1684952556672,15427900
2020-07-23,230.57522583007812,240.30973498193237,229.73261901953558,237.54402855401344,21771800
2020-07-24,228.70167541503906,231.4574742966432,224.92482877063276,228.18619778132597,18325800
2020-07-27,231.46734619140625,232.90472069074355,228.82059077169882,229.44511136404245,13163100
2020-07-28,228.11676025390625,232.91463870190316,227.8292914101219,232.587509594588,14170100
2020-07-29,231.25917053222656,231.66560505382344,228.30511609365914,229.12789264007753,13588300
2020-07-30,232.4586639404297,232.8452683628402,227.00654175845798,228.21592279799037,20615300
2020-07-31,251.46176147460938,253.622792101852,246.83241636433706,253.59305446658362,53005100
2020-08-03,249.7666778564453,253.17671971855233,248.1508622761092,250.45065865408648,23124900
2020-08-04,247.6551971435547,250.5993440932362,245.27608039961166,249.37013301923434,17183500
2020-08-05,246.95135498046875,250.07394266649422,245.61311608013628,248.01204767368492,13050100
2020-08-06,262.97076416015625,264.27928095879963,246.50535186633766,246.87212621476215,45241600
2020-08-07,266.1031799316406,276.4622227468874,261.1367832769081,261.7811188499135,72766400
2020-08-10,260.7105407714844,271.4759881242458,257.42935729827803,265.70667519444817,30248800
2020-08-11,253.9003448486328,263.6051295214165,252.90905003737163,257.92499936219986,28238300
2020-08-12,257.62762451171875,261.60269615659547,255.8630906956138,256.7156199692329,21415700
2020-08-13,259.0253601074219,262.851774371615,257.31043919341164,259.2731838466184,17374000
2020-08-14,258.9658203125,260.36354948357445,256.4281082755165,260.02651291246565,14792700
2020-08-17,258.8866271972656,261.8010371579583,257.1419381726536,260.2149589766679,13351100
2020-08-18,260.05633544921875,262.8418720731041,257.0031600569901,258.6784510837014,18690400
2020-08-19,260.3041076660156,265.57780346029676,259.07491174852066,259.11457201254495,23291500
2020-08-20,266.668212890625,267.2828108011093,259.18391930646,259.2235795673699,20299700
2020-08-21,264.6856384277344,268.1353250252356,264.10077811668583,266.3510064576947,15538600
2020-08-24,269.02752685546875,274.8365002201754,266.4303089079624,268.71030523947917,23685600
2020-08-25,278.3753967285156,280.6256249023249,267.90732667241116,270.0386043174784,42127200
2020-08-26,301.26446533203125,302.0178592082746,281.52777836633004,281.52777836633004,69015200
2020-08-27,290.66748046875,298.60776198914965,289.4779145343069,297.547069226995,30301300
2020-08-28,291.1036682128906,294.64259831800206,288.4470051025773,292.4319997680473,17157400
2020-08-31,290.647705078125,294.29566340482825,289.012044132342,291.3911763255091,17345100
2020-09-01,292.8681640625,298.8654860327322,290.1619181282009,292.14450790373803,17295900
2020-09-02,299.8667297363281,300.95716025848094,290.49898012809393,296.27824676954305,24341400
2020-09-03,288.5857849121094,295.009387165798,281.16099531666765,293.4133865436839,32294100
2020-09-04,280.2687683105469,286.48417534162945,268.7796660853804,284.7494095739898,30333700
2020-09-08,268.7995300292969,276.86865482377584,267.0746865754725,268.9184805775717,24864000
2020-09-09,271.33721923828125,276.05579226031756,268.9878553560728,273.36936151774904,22918800
2020-09-10,265.7562255859375,276.7298665418841,264.70545549324396,273.11164648670973,24814700
2020-09-11,264.2891540527344,269.02757334919295,260.353741816169,267.7091340150961,18913900
2020-09-14,263.83306884765625,274.2317704472506,263.3870043998778,268.59130138734616,24093800
2020-09-15,270.048583984375,272.1302791808794,266.95571832424275,268.3138178193406,18478500
2020-09-16,261.2259826660156,270.0683451819501,259.51106210293534,264.9631832495727,29183400
2020-09-17,252.6017608642578,259.2236031998785,248.01206086978098,256.0316325737268,31281400
2020-09-18,250.33169555664062,256.9436457361105,247.87328848243533,256.1505916786772,28130800
2020-09-21,245.98983764648438,247.7741715951275,242.0048428081355,245.38514711738756,24709400
2020-09-22,252.53236389160156,253.09740921847296,246.0592097092851,251.1048968826202,30293100
2020-09-23,246.85226440429688,255.7441658916591,245.98982754107175,253.03793500420102,19641300
2020-09-24,247.3578338623047,250.04424989954992,243.48186688044095,244.3542112986096,20006800
2020-09-25,252.6017608642578,253.52365781403032,244.46322349269434,247.2289294679709,18351300
2020-09-28,254.58433532714844,257.34013363434224,252.60174574637833,257.14186257549875,18826300
2020-09-29,259.5111083984375,261.03768081045007,254.6636616660201,255.56574368325687,20200200
2020-09-30,259.6200866699219,263.76369142767874,257.8357682365276,259.6994071902901,20142500
2020-10-01,264.3089294433594,265.994112401707,262.4948430726516,263.04007334746177,20009800
2020-10-02,257.67718505859375,262.84182274311667,256.92379129394055,258.9361186241271,16367600
2020-10-05,262.3462219238281,262.56430803907915,258.56939030437593,259.9175672673614,12822300
2020-10-06,256.4083557128906,263.3771580098929,255.99199852253278,259.5011911203908,18696900
2020-10-07,255.873046875,257.91511204563176,252.6017856507238,256.9535547369812,23133400
2020-10-08,261.46392822265625,262.3164272365639,256.89404342705984,257.48882636220674,16312800
2020-10-09,262.1479797363281,262.4453561411012,259.8878283042834,262.2173473961597,14107800
2020-10-12,273.34954833984375,277.74097715969367,265.53814026864677,267.84787415489484,31019300
2020-10-13,273.7361755371094,276.67039983476207,271.01011468828443,275.16361229527485,18063300
2020-10-14,269.4537658691406,276.32343172750234,269.1365442655314,275.20326373795046,15577800
2020-10-15,264.398193359375,266.6980049306729,261.37475582736255,265.2705377658619,15416100
2020-10-16,263.61505126953125,269.00769806378014,262.9905306285475,265.0524410067769,16622700
2020-10-19,259.1244201660156,266.2121709918659,257.61766316133713,263.21847198518054,13587000
2020-10-20,265.2308654785156,267.3522511210666,260.591612529058,260.77003835359403,18763200
2020-10-21,276.30364990234375,280.586021057658,273.9641781096813,277.12641139284636,28998600
2020-10-22,275.69891357421875,279.9912371337842,272.6457388053963,277.4336795285745,16720000
2020-10-23,282.3109130859375,282.75697768725735,274.41029068205205,276.3730354317049,17535200
2020-10-26,274.69769287109375,282.7470322158828,271.87252683746,280.69504467935377,21322900
2020-10-27,280.82391357421875,282.0332944455136,273.90466494967404,276.3333493209198,16287200
2020-10-28,265.3399353027344,276.3631304196497,264.93350073882925,276.3631304196497,23121800
2020-10-29,278.3852844238281,281.13119017441704,271.39666871050906,274.1425442091837,32368100
2020-10-30,260.819580078125,274.2913040530158,256.84450820010375,272.1104432269322,47247800
2020-11-02,259.0848083496094,268.1155201945895,255.0998139298487,262.29662424575497,27165700
2020-11-03,262.990478515625,267.699128460698,258.6089727709659,260.86912353452436,17961900
2020-11-04,284.8783264160156,286.42474400302376,276.1945736182633,278.55386026436815,35364400
2020-11-05,292.1147155761719,294.79122337280705,286.4346162939396,289.35891751420473,23823600
2020-11-06,290.8558349609375,292.03547829068356,285.5524012917974,291.3911426677605,13891000
2020-11-09,276.34326171875,290.03304153749013,276.10536062910086,287.34664089380567,25117700
2020-11-10,270.0584411621094,271.6147812934847,261.70183307109477,270.7226220038531,29067700
2020-11-11,274.07318115234375,275.9764501158663,270.10800218443785,271.08937429838187,14957000
2020-11-12,272.6853942871094,277.3147548914051,272.04105863712016,274.7671196771608,12899500
2020-11-13,274.5391845703125,275.34213116514434,270.7226924610442,275.3024708913962,10391200
2020-11-16,276.5316467285156,276.9777415825095,272.23935265833245,272.65567962026546,12970400
2020-11-17,272.6060791015625,275.26274199380117,270.91097340750423,275.26274199380117,15040300
2020-11-18,269.60247802734375,274.9753097532695,269.4736048486675,272.13026794843125,12152900
2020-11-19,270.56402587890625,271.08941095311593,266.8466700938607,268.66072640611867,12963700
2020-11-20,267.3522644042969,270.62352569100193,267.06478039364754,270.1873534858517,18114700
2020-11-23,266.0932922363281,268.59137483464673,262.2272480388358,268.53189955867924,20990800
2020-11-24,274.50933837890625,275.40149754794174,265.53810329916536,266.1527011655695,16930400
2020-11-25,273.19097900390625,277.74101931681827,270.27656935219704,275.7187993456942,12467000
2020-11-27,275.3916320800781,276.70014860060974,272.4276700276529,274.9753051656759,7808400
2020-11-30,274.55889892578125,275.2825549597438,268.65079088411153,273.6270794718239,16693300
2020-12-01,284.05548095703125,286.78154135106,276.5315578997415,276.72982893825423,20738900
2020-12-02,285.0170593261719,289.23998469655885,278.3852949425003,282.8758590081693,17361600
2020-12-03,279.3965148925781,284.154719014773,278.62330596642335,283.7582070465774,12921700
2020-12-04,277.2651672363281,280.99241510731923,276.8686251154019,277.8599199138845,10880300
2020-12-07,283.09393310546875,285.97860437373845,275.7782034762741,276.7595755694278,13007700
2020-12-08,280.9328918457031,283.9365133618974,279.09899073142617,283.5201865587322,10747700
2020-12-09,275.50067138671875,285.12613567782824,269.3843689987013,281.1906940080465,25189700
2020-12-10,274.70758056640625,276.3035807536108,269.4933607990471,273.14134826183744,20065100
2020-12-11,271.16876220703125,274.0732798383114,267.89750048138677,272.14024229465974,14391400
2020-12-14,271.8031921386719,274.80681492964203,269.1960813172571,270.9903229373326,16376900
2020-12-15,273.15130615234375,273.6766912557278,265.1416564202378,272.43757259190494,23979500
2020-12-16,273.270263671875,275.44117155415506,270.1377683264025,272.36818173124277,15885000
2020-12-17,272.0906677246094,277.998777567719,271.2282156464043,274.658118193766,16377800
2020-12-18,273.993896484375,275.5799743294607,268.7797060305971,273.3693758749041,26693200
2020-12-21,270.41534423828125,272.27898349056596,265.4588697383409,270.60369268943253,16553700
2020-12-22,264.7649230957031,269.1365367707171,262.32634637119014,269.1365367707171,17312900
2020-12-23,265.77606201171875,269.8007471510173,263.912453005065,264.5667112714952,14329000
2020-12-24,265.0722351074219,268.0461196379881,263.88269944634607,266.539362366525,6702000
2020-12-28,274.5886535644531,274.8860298971501,263.34737440977,266.400549015817,23299700
2020-12-29,274.3705749511719,278.0681154649613,273.8749275486116,274.53910837888566,16383000
2020-12-30,269.50335693359375,275.6592901874679,269.34474610917545,275.53044725380437,11803800
2020-12-31,270.7821044921875,274.6778859869896,267.46126069876846,269.63219883750327,12900400
2021-01-04,266.5988464355469,272.6060909653944,262.89141327903155,272.3880048825454,15106100
2021-01-05,268.6112060546875,270.0287506373371,265.87522218736854,265.9545427280597,9871600
2021-01-06,261.01788330078125,265.41923550864135,257.74662191068745,259.71928927456224,24354100
2021-01-07,266.40057373046875,269.24558516756673,262.4750545151092,263.5852999293993,15789800
2021-01-08,265.2407531738281,266.6087448189351,260.88895454198536,265.9743016349195,18528300
2021-01-11,254.6041717529297,261.17646160643693,253.67235215141747,258.21249961443124,30412300
2021-01-12,248.90423583984375,257.45911577126066,248.1211195147358,254.39601812321422,26383500
2021-01-13,249.44944763183594,251.7393364270185,247.03068565955243,249.36023472120903,19528900
2021-01-14,243.50167846679688,252.809936966483,242.48064593056202,251.19412144026523,29739400
2021-01-15,249.17185974121094,251.6500967233896,245.00842463634237,245.74197310245407,24942900
2021-01-19,258.8270568847656,259.9174871247992,250.5200023087561,254.66360696896973,28028500
2021-01-20,265.15155029296875,267.9668239616114,261.3053215373007,266.58890963596116,25199900
2021-01-21,270.49462890625,271.21828505891534,265.16145761467874,266.91606891247517,20838700
2021-01-22,272.1104431152344,276.045884978016,269.6322059283925,269.6421285577539,21954000
2021-01-25,275.5898742675781,277.6616767485915,269.14645813213235,275.7187474305936,19087000
2021-01-26,279.59466552734375,282.90561653576077,275.39158556731394,275.7187297681529,19373600
2021-01-27,269.77099609375,280.9825384725556,265.78597141936456,280.0705338960137,35346200
2021-01-28,262.693115234375,284.2934368405983,262.3957389028005,274.7670783269518,37758800
2021-01-29,256.0812072753906,264.23957548201406,252.63152026244686,262.9905341831644,30389500
2021-02-01,259.72918701171875,261.870387630748,252.69098715556086,257.2608421338814,22914300
2021-02-02,264.7549743652344,266.5095853401576,260.9781439897987,261.7018000093011,17320800
2021-02-03,264.3287658691406,266.8565858893887,261.5432297590339,263.30773338307216,14223400
2021-02-04,264.17022705078125,265.8257032132984,261.70191188070464,264.6857198748094,16060000
2021-02-05,265.76617431640625,266.8268671421213,263.35733491932723,264.4774727682164,12454400
2021-02-08,264.2593688964844,267.51081480787224,262.69313633784236,266.41049204073636,13755200
2021-02-09,267.1044006347656,271.010104635264,263.43659770981697,264.1205935539394,14613400
2021-02-10,269.50335693359375,271.41654895302236,265.3894888847332,270.0783249536004,14687200
2021-02-11,268.0362854003906,271.1984888053726,266.1528005876192,269.52322798820524,12828600
2021-02-12,268.145263671875,268.8193369263752,266.0040631117695,268.1650786786831,9097600
2021-02-16,271.5850524902344,274.1921627978071,267.6991633498535,268.44263449070877,15417200
2021-02-17,271.1885681152344,271.5850800468727,267.233280673253,268.8788339288771,12763200
2021-02-18,267.0449523925781,269.5826649616648,263.7141857382018,267.22337821729826,15249100
2021-02-19,259.2830810546875,267.9172508111953,257.8853516724328,267.5108162885324,25622600
2021-02-22,258.0638427734375,260.7800119471785,255.28822856515401,255.70458582235952,17434900
2021-02-23,263.54559326171875,265.1316708251241,252.7405022555908,257.24097351837185,21924600
2021-02-24,262.0091857910156,264.0611737544288,256.14073618065646,260.0464107496739,15736100
2021-02-25,252.47288513183594,264.6162469176073,251.828534410485,260.0166243406885,19053100
2021-02-26,255.3773651123047,263.23832572593903,254.2373821267223,254.2373821267223,26619500
2021-03-01,262.60394287109375,264.3287863643085,255.6549557487879,258.549550247898,22157300
2021-03-02,256.7453918457031,264.3882674335836,256.398432563095,263.4663703912783,15191700
2021-03-03,253.18661499023438,258.7180268052231,252.8793160145082,258.02413857858085,15513500
2021-03-04,255.39723205566406,264.17016770191015,251.29325665679738,254.2374037140958,31626500
2021-03-05,261.9794006347656,263.13922891518143,253.38487613689907,258.4008407623917,26820100
2021-03-08,253.08749389648438,263.2680814436607,252.82976267251672,263.2383438072783,18391800
2021-03-09,263.42669677734375,266.19241801606705,257.5483252867858,258.9063944580968,22039700
2021-03-10,262.5940246582031,266.6286023414046,260.58169713163056,266.30148832067624,14210300
2021-03-11,271.495849609375,275.4808441808268,265.48860498958203,265.7760587266134,21834000
2021-03-12,266.0635681152344,267.3918997658604,261.72169123749984,266.7971469759698,20600200
2021-03-15,271.36700439453125,273.5577578590137,266.1627056801156,266.7376434653385,16844800
2021-03-16,276.8488464355469,279.6839656622003,272.40783426494863,273.6766905634166,22437700
2021-03-17,281.53765869140625,283.7383344580266,273.0125169715293,273.3098933243491,21315000
2021-03-18,276.194580078125,282.7073948287662,275.85754344250125,277.4336987025886,18728300
2021-03-19,287.58453369140625,290.2511192513727,278.7521232217431,278.7719382280029,38930500
2021-03-22,290.9847412109375,297.1010143870792,284.253839726475,287.9216433075856,28273100
2021-03-23,288.1000061035156,295.4058437753718,287.2871371252847,290.5980580528056,23000900
2021-03-24,279.6839904785156,289.18058342581696,278.7125104716454,288.4668498038542,18675000
2021-03-25,276.3135070800781,285.55238201726075,275.33213489374356,278.53402803720337,24505600
2021-03-26,280.5562438964844,282.0233710937428,275.35194618737313,275.87733122221624,17629200
2021-03-29,288.2884216308594,290.62786332998365,282.2217010191801,283.28236368680797,21718800
2021-03-30,285.4929504394531,289.9240401511423,284.204279083377,287.3070069178583,17474500
2021-03-31,291.966064453125,293.91891647417685,286.09758576107686,287.46557746389414,19498200
2021-04-01,296.06011962890625,299.7675526384254,294.0180546849759,295.8023732906898,17616000
2021-04-05,306.220947265625,308.06474147592405,298.06257838678306,298.2707721216928,28237000
2021-04-06,303.5940246582031,308.6397127155447,302.5928070002894,306.151552517089,17335200
2021-04-07,310.364501953125,311.51440761304855,302.8405776476892,303.6732616941335,22855200
2021-04-08,310.29510498046875,313.1302240000469,307.3509580476352,312.1091915082921,20894100
2021-04-09,309.739990234375,312.00014135434753,307.62852729625877,308.68922008003193,15988600
2021-04-12,308.8280029296875,309.43267826117784,305.249412826226,308.3422478867747,10881900
2021-04-13,307.0635070800781,311.692837158811,306.6273349193004,309.492161348312,14036900
2021-04-14,300.1839294433594,305.3485674115409,299.32150771904355,304.62491124248805,17421400
2021-04-15,305.140380859375,307.44019211811167,301.4527628934411,303.67325362495666,14558300
2021-04-16,303.5146179199219,306.26052372621126,301.958277909011,305.48731503478973,13059200
2021-04-19,299.60894775390625,305.02143945188504,297.9435796554135,302.3548538676935,14553500
2021-04-20,300.015380859375,302.4440653471533,294.6227344452051,299.3611226269296,16796400
2021-04-21,298.84564208984375,299.35121211426787,294.8011726501994,299.32147448059095,14863500
2021-04-22,293.93878173828125,300.28309392317766,293.4629795007598,298.70690825562025,16375400
2021-04-23,298.50860595703125,299.9558878847626,294.5632417888713,296.15924213713583,17536800
2021-04-26,300.40203857421875,303.13799214192375,298.93491111623064,300.6994149668208,16172600
2021-04-27,300.92742919921875,302.68201045146435,298.48882172764996,301.63124017584755,15309300
2021-04-28,304.4266662597656,308.2134199936871,302.71171521224556,304.6843823594291,33907200
2021-04-29,326.6416320800781,328.9215985278165,318.8103772119262,327.24630752202006,56526800
2021-04-30,322.25018310546875,326.9489422365574,321.675245284528,323.3009836953334,26332400
2021-05-03,319.7719421386719,325.6899747643159,319.03839348636967,323.3307179700611,18719500
2021-05-04,315.588623046875,319.3852993731885,310.3942475633502,317.2341761756683,24032600
2021-05-05,312.2776794433594,318.2651085526417,311.75229440533417,315.4200972947365,15577600
2021-05-06,317.2341613769531,317.45224745015986,310.54292125818995,311.78203979870165,19012200
2021-05-07,316.3023681640625,320.12878226692106,315.9752541529607,319.5736595346805,15916700
2021-05-10,303.3065185546875,311.8415535952815,302.1764277852022,311.6135751168887,24239200
2021-05-11,303.8616027832031,304.1689017601003,297.08114978173637,298.1319198805301,18920100
2021-05-12,299.916259765625,302.3052841038309,295.59422852439974,298.50863794930353,24645500
2021-05-13,302.60272216796875,306.17135997571603,300.1343770402389,303.41556107862255,18079200
2021-05-14,313.1897277832031,314.0918098146502,306.38942871995596,306.8454461766793,19245700
2021-05-17,312.7138977050781,312.93198380502577,308.8676684434134,310.82052071278764,15401300
2021-05-18,307.26171875,313.7447950229054,307.1130305847325,312.8427131510615,14522400
2021-05-19,310.86016845703125,311.92086127549254,300.9274043092507,301.54200231563533,19106200
2021-05-20,315.8364562988281,316.47089956123494,310.43391719826906,310.8502441187937,17320200
2021-05-21,313.4772033691406,317.14497642113264,313.0608461919929,316.5105634034792,13600900
2021-05-24,321.80401611328125,323.1125324298364,315.26146478242015,315.43989057506457,16445400
2021-05-25,324.9365234375,326.3144074465937,321.97253148283835,324.23268236442,16437000
2021-05-26,324.80767822265625,326.9587711328472,322.9836993061915,325.4916740978203,9686900
2021-05-27,329.8533630371094,330.87439552779364,323.91551653562766,325.1447124753475,20477700
2021-05-28,325.86834716796875,329.97229186707585,325.47180505048374,328.1185754503067,12037400
2021-06-01,326.2649230957031,328.5349970807944,323.79660826486094,327.27603308922255,11765900
2021-06-02,326.2846984863281,328.9810217269072,324.2723711221696,327.50400205992975,11654300
2021-06-03,323.2018127441406,324.53014434187793,320.664100101908,322.9440663775023,12610800
2021-06-04,327.4742736816406,329.5658913832166,322.3492657782319,323.06299931067736,13289400
2021-06-07,333.6499938964844,334.7503468667708,326.0665946490602,326.6118249458043,20136700
2021-06-08,330.77520751953125,335.3549841833115,329.3477407344681,333.7689368682755,14580500
2021-06-09,327.3751220703125,333.86809119455836,327.1272983594341,332.81732108058753,13727900
2021-06-10,329.5658874511719,331.03301476478316,325.6899208387667,327.91044194205926,13240200
2021-06-11,328.3763427734375,329.932652701607,326.06660882425405,329.6848289882906,13587900
2021-06-14,333.83837890625,333.887961803341,326.9389747420912,329.0107774921073,12250800
2021-06-15,333.81854248046875,336.9609604822202,332.11351411948954,334.05644356509714,15795200
2021-06-16,328.1979064941406,334.61158579150225,325.8584650203184,333.76900931696525,17232200
2021-06-17,333.5806579589844,335.0378626785236,327.2760066360262,327.61304327329054,17794100
2021-06-18,326.790283203125,333.2237774793998,326.136024933211,331.6178845677562,23039500
2021-06-21,329.39739990234375,330.0219205469245,324.79777691820135,328.2078338886737,11337500
2021-06-22,336.0787048339844,336.9609718056598,329.70468596146765,329.79389887120124,15345300
2021-06-23,337.6250915527344,340.43047277158377,335.25591271698704,336.3958956840747,14817800
2021-06-24,340.1925354003906,341.89756363237024,338.81465138694205,338.8741266535993,12329100
2021-06-25,338.3983459472656,341.1244070090632,336.72305509277095,339.607726973849,14594400
2021-06-28,352.54412841796875,355.0223656374678,338.79484291257626,339.4788388053115,29156100
2021-06-29,348.8268127441406,353.63456930188124,346.01150831701534,353.1686594409052,21417300
2021-06-30,344.6831359863281,349.8478041184627,344.1478585298199,349.1043329547267,15107500
2021-07-01,351.3050537109375,351.58261510413155,343.4837215478428,343.80094321204257,17137000
2021-07-02,351.6123352050781,353.33717875875,349.55042474255595,352.0088471395874,11521300
2021-07-06,349.7090148925781,355.6667069440098,346.1403471891255,353.3966331441592,13488500
2021-07-07,347.43896484375,353.38673467212226,346.9532399883812,352.16746121853583,14218900
2021-07-08,342.64105224609375,345.2977151324137,339.5779548488796,342.7203727736386,14406500
2021-07-09,347.3695373535156,347.65699106432334,342.2643449286511,342.31392781983334,13018700
2021-07-12,350.0857238769531,351.106756452849,346.59637658645624,348.17253190738757,10018600
2021-07-13,349.02496337890625,355.36924370092373,345.763595195058,348.44010310918037,11456000
2021-07-14,344.6037902832031,352.107898616075,343.71163108059113,351.47345547080425,13894200
2021-07-15,341.46142578125,346.1899217185131,337.25834517205516,346.1899217185131,14781600
2021-07-16,338.1901550292969,342.97809584923465,337.179045171872,341.9075107208976,11026100
2021-07-19,334.01678466796875,336.8320581829855,331.6277606433571,334.63138258472316,14372300
2021-07-20,338.6858215332031,340.460247887152,331.5881463693273,335.8507023683744,11024300
2021-07-21,343.216064453125,343.5035182097744,338.27940466793854,338.52722840762203,9279700
2021-07-22,348.1328125,348.47977171968734,342.2048588880555,343.66206340920985,12385400
2021-07-23,366.5708923339844,372.0626434415521,354.0805724928568,357.76819015543896,33694300
2021-07-26,369.2176513671875,371.18042595459303,365.0145711113997,366.36271751347635,14925200
2021-07-27,364.608154296875,369.9016651357157,361.37652342353266,368.67246920927926,15705400
2021-07-28,370.0306091308594,374.26342803591217,363.735879613734,371.29946556447186,29676900
2021-07-29,355.2008056640625,362.3381109905446,353.6345427376173,357.8574688091655,33413200
2021-07-30,353.1983337402344,357.58979280263065,349.867597652045,350.91836774547977,15976200
2021-08-02,348.88629150390625,356.2714211906652,347.6868027582433,354.9827497760939,13180400
2021-08-03,348.1824645996094,350.69043987264644,344.6733018947404,349.65951479931306,12406100
2021-08-04,355.79559326171875,357.3420109483392,348.45009412431125,349.35217615015995,14180600
2021-08-05,359.8103332519531,360.7322303053442,353.7931655774242,356.5093343422309,10247200
2021-08-06,360.3455810546875,361.9712887894924,358.2539333036659,358.2539333036659,8925000
2021-08-09,358.4621276855469,362.59584065348304,357.60962860812293,360.59343588294473,7798900
2021-08-10,357.986328125,360.9304751555723,355.91452543710386,358.6802163961875,7469900
2021-08-11,356.82647705078125,359.2055785824935,354.6951992255373,358.9478624990702,8400300
2021-08-12,359.4930419921875,359.8400012117831,354.00126050040245,355.3296221127873,7170700
2021-08-13,360.01849365234375,361.48562107299557,358.33331038394755,359.81033018281977,7195700
2021-08-16,363.36907958984375,363.75569914673264,354.2689990806307,359.36423946467784,11222100
2021-08-17,355.32965087890625,361.4955060524368,351.9790694475264,359.82021533674686,12328700
2021-08-18,352.3558044433594,356.7273885805119,352.05839780521046,353.1488283079139,10042400
2021-08-19,352.02862548828125,354.45730999360205,347.9444955095023,348.29145476053645,12004500
2021-08-20,356.2416687011719,356.8562667425622,350.23442360021545,351.51320258267305,8697700
2021-08-23,360.1869812011719,362.50660746457834,355.97397818922514,356.3110147999508,10942000
2021-08-24,362.32818603515625,364.75684023789097,358.69012066767607,360.4942845338797,9235100
2021-08-25,365.18316650390625,367.63163602444916,362.21917398865673,362.4174450823312,9684500
2021-08-26,361.2080078125,366.2239571323963,360.9601841099284,365.17318705364596,7888700
2021-08-27,369.3861999511719,370.48652269932006,360.9106109436815,361.9217510386476,11219100
2021-08-30,377.3463134765625,378.1690749179181,367.2945688504509,369.31681888061235,13547300
2021-08-31,376.07745361328125,379.4280351230296,375.5024856460896,376.6424989511328,12345400
2021-09-01,378.72418212890625,380.984333157656,375.51239652276655,376.28560528913044,11567200
2021-09-02,372.01312255859375,378.42680131818895,370.8037416560267,378.1789776107114,14832900
2021-09-03,372.984619140625,373.8767784772449,369.862016084577,371.48775419959367,7509600
2021-09-07,378.8530578613281,379.62626663292235,369.9016665912914,372.60791241783016,10793800
2021-09-08,374.2832336425781,377.554494807856,371.5274349497435,376.8506838787292,11067200
2021-09-09,374.7094421386719,376.52349834929333,373.2918978058561,374.3525905242219,9098900
2021-09-10,375.39349365234375,380.4491040368382,374.96724407679176,378.04023427441945,11549600
2021-09-13,373.2324523925781,378.4268279867525,371.0912517788471,378.35743008330803,13026300
2021-09-14,373.25225830078125,375.2943233243702,371.84460626658046,374.114680002249,8711600
2021-09-15,370.6650390625,374.2733371251888,364.46944532333697,373.7182143463136,17940300
2021-09-16,369.8124084472656,370.3080558107828,366.49156506131783,369.5447697616555,11934200
2021-09-17,361.5450744628906,368.17683971497365,358.4423166085418,368.17683971497365,26299000
2021-09-20,352.60357666015625,357.88716469623876,346.7549130689674,356.1722137811243,19822800
2021-09-21,354.3681335449219,356.90584622489916,352.09805961371984,355.3792435144386,11751900
2021-09-22,340.2222595214844,346.7945484933344,337.7242076653426,344.2072837407498,43692900
2021-09-23,342.9483337402344,346.6260591567218,340.01410966092726,342.35355082163966,21806300
2021-09-24,349.88739013671875,351.26530437450145,339.3895822550185,340.2520038562021,18801900
2021-09-27,350.5020446777344,352.05838496337213,344.05862769451767,346.76487371815995,15205800
2021-09-28,337.6846008300781,346.55670226470806,335.96968001839247,344.9408867412506,21710300
2021-09-29,336.6536560058594,342.2247589133075,335.93003006958673,340.1628485218163,14452200
2021-09-30,336.435546875,339.8158354226693,335.20632078756825,337.48631691218293,16547100
2021-10-01,340.0240173339844,342.0164991835544,335.6920641746836,338.6361805009996,14905300
2021-10-04,323.39019775390625,333.015664299282,319.8909274082491,332.6092296951556,42885000
2021-10-05,330.0615234375,332.26219920558924,323.3207305857964,325.7196471719252,35377900
2021-10-06,330.7356872558594,331.4692358950612,322.9639076242102,326.869612449878,26443000
2021-10-07,326.3541259765625,335.890378594045,326.11622486820954,334.06639950885625,28307500
2021-10-08,327.1768493652344,330.4976931247865,325.84851791179705,328.6241616109095,15946100
2021-10-11,322.616943359375,327.58331033025894,322.4781475498492,324.77795902146374,14708200
2021-10-12,320.9515075683594,321.55621312935887,314.60722687772926,320.217959094543,31658700
2021-10-13,321.71484375,324.15342064578897,319.8512045646959,324.1236830099349,14761500
2021-10-14,325.6700439453125,327.6427107017356,324.25249979624374,325.50151053683453,14302200
2021-10-15,321.9329528808594,326.20543163201086,319.70253927634974,325.8188120863073,21596400
2021-10-18,332.4208068847656,332.96603719606185,324.6490589958284,326.0864486097068,21585000
2021-10-19,337.0303039550781,339.4788032818057,334.34390356078706,336.6932673587245,18786300
2021-10-20,337.8134765625,340.9856323597062,336.4950676495125,340.4602472700604,13639500
2021-10-21,338.9039306640625,339.3301802425629,334.8594302277221,337.317852654751,16354400
2021-10-22,321.7841796875,326.7604987774042,318.3146480041585,323.5090531528066,35224500
2021-10-25,325.8287048339844,326.6911265083267,316.9367888694215,317.51172656834376,38409000
2021-10-26,313.0608215332031,327.3354612031208,306.9048890368602,325.4024544129807,65654000
2021-10-27,309.5020751953125,316.47087668883006,309.3434643911741,311.4549272341347,29971800
2021-10-28,314.16119384765625,322.68630580861134,305.42785792385024,310.2653818889196,50806800
2021-10-29,320.7532958984375,323.1621352287927,316.81785396180146,317.4027143186417,37059400
2021-11-01,327.10748291015625,330.54727722256507,323.16211854762673,323.20177881185055,31518900
2021-11-02,325.2240295410156,331.87564034805075,320.98128842176436,328.4953209834724,28353000
2021-11-03,328.7332458496094,329.25863099399135,320.38655881984874,324.6391926245561,20786500
2021-11-04,332.9263610839844,334.33398274391686,329.7542056570082,331.10238230164373,22495300
2021-11-05,338.16046142578125,343.77119464377546,336.68344158594266,337.3475922815804,26872800
2021-11-08,335.6722412109375,341.7885434537286,335.3946798762904,341.4217692170789,18342500
2021-11-09,332.4505615234375,338.33885557432916,331.55840217522467,337.04026169208083,17556700
2021-11-10,324.787841796875,330.2895158192361,322.6763790390437,329.5955973605976,21872600
2021-11-11,324.886962890625,329.56587577012334,324.15341438577855,326.94887310974923,12376600
2021-11-12,337.9225158691406,338.88404283160503,326.9092143568686,327.30572624640484,25414300
2021-11-15,344.5345153808594,350.5714987842576,340.2124833555398,341.34254401507036,25076600
2021-11-16,339.9744873046875,343.6323678721777,337.9026846129846,340.83690901944357,18181100
2021-11-17,337.80352783203125,344.27668185234273,337.13937723798097,341.24332209715345,13602800
2021-11-18,335.74163818359375,339.47880868836324,332.38113429115987,336.7626706173694,17487200
2021-11-19,342.29412841796875,349.0349521165506,336.94114182774706,339.2211383258241,26488500
2021-11-22,338.04150390625,350.74988229883314,337.5458564263731,346.011493601287,27116800
2021-11-23,334.314208984375,338.42807681771274,330.59685306534936,335.9795771756377,17225000
2021-11-24,338.09100341796875,338.8047368868956,329.91282128531026,333.07505413009153,13566200
2021-11-26,330.2201232910156,334.8098231158565,329.0107424089883,332.8767861295948,14750700
2021-11-29,335.08740234375,337.7044353109097,332.3910790981545,333.95734192750814,16650900
2021-11-30,321.63555908203125,332.88676309740873,320.6145264679722,332.08381658790216,25390000
2021-12-01,307.8962097167969,327.62297267144055,307.588910710239,327.41480920775433,30329600
2021-12-02,307.6880187988281,311.8613615896398,304.52578585047945,308.6892060123132,24396200
2021-12-03,304.1688537597656,311.01870357877385,296.89275449192917,310.9988885760072,27471000
2021-12-06,315.10284423828125,317.3134423295404,303.673217456172,305.44764345541665,21758300
2021-12-07,319.9998779296875,323.6974184932654,318.20563672841274,318.7706820353999,18794000
2021-12-08,327.68243408203125,329.85337229580705,320.25764508948055,322.1708369530798,19937700
2021-12-09,326.9488830566406,333.2039513001033,325.1447191229976,326.6713217016124,16879200
2021-12-10,326.8794860839844,332.1135218307641,323.5289045553866,329.66502227155183,14528000
2021-12-13,331.5782165527344,338.120768847072,326.72087766442525,328.0690544396318,22948700
2021-12-14,330.8347473144531,332.7777070826221,324.7977650571663,325.19427696326966,20461000
2021-12-15,338.6858215332031,339.1318860901714,321.1597348390758,329.59563392577627,24681300
2021-12-16,331.984619140625,341.46139491344286,330.8347135539258,336.02911882514184,22635000
2021-12-17,330.88433837890625,334.17541450753987,327.87079336466917,329.90293584106695,40012600
2021-12-20,322.616943359375,327.02818759599614,319.722348886216,326.90923704607127,17901800
2021-12-21,331.2908020019531,333.0751209060378,320.9317571230052,323.5686054604087,16116800
2021-12-22,327.5733947753906,331.5980494399973,325.40245663710306,330.89420831620754,16764600
2021-12-23,332.32171630859375,333.73929110820535,325.5016020696293,327.226475890015,13987700
2021-12-27,343.1664123535156,344.8417029161023,335.067551114895,335.9002350820877,17795000
2021-12-28,343.2060852050781,349.63957874532895,342.1949754046615,343.6125197013411,16637600
2021-12-29,339.9547119140625,346.64595320724465,338.66604050651506,343.8901542995369,10747000
2021-12-30,341.3622741699219,344.2073157522339,340.2322137913024,341.0054225509634,10593300
2021-12-31,333.42205810546875,340.4503355784657,333.3427375694343,340.03397839408666,12870500
2022-01-03,335.593017578125,338.1108850952971,334.25476327850777,335.355086206954,14537900
2022-01-04,333.6004943847656,340.10338695496097,328.9810562034639,336.9907364863114,15998000
2022-01-05,321.34808349609375,332.8371878445383,321.0209392355223,330.1210192265055,20564500
2022-01-06,329.5658874511719,336.2174978797131,319.9106849971609,320.0098205355799,27962800
2022-01-07,328.9017028808594,334.06634020398093,326.01703144649423,329.84341476886055,14722000
2022-01-10,325.2140808105469,325.48171950640443,312.6841004601609,322.47809757856305,24942400
2022-01-11,331.45928955078125,331.7170359199198,322.44842203223953,323.9353644660303,16226800
2022-01-12,330.3589172363281,333.4418295668102,327.15702411733304,332.2621863257024,14104900
2022-01-13,323.6379699707031,332.7083122589069,322.92423643234406,332.06397662403594,14797100
2022-01-14,329.0107421875,329.8335338228713,318.4137982227158,318.98876615498534,16868500
2022-01-18,315.3804626464844,321.38770724912837,314.8749228247817,320.4757328930127,22645600
2022-01-19,316.8079528808594,324.25258771682417,316.55020651044543,316.7980302506369,20814700
2022-01-20,313.8042907714844,324.966280302167,313.22935307761765,321.080391235349,16925000
2022-01-21,300.5309143066406,315.53910466818434,300.4020411181144,312.0695722161433,28710700
2022-01-24,306.0226135253906,306.83548253324034,286.4941238429113,295.24724373871493,38878100
2022-01-25,297.53717041015625,303.56426059087903,294.9895351520155,297.33892957316243,25108500
2022-01-26,292.0652160644531,304.83309899106166,288.3181226187675,304.33745154982324,28348800
2022-01-27,292.07513427734375,299.08356599902004,291.69843738739166,295.15804679430795,21629900
2022-01-28,299.08355712890625,299.27190556829635,290.4791251947652,293.0465751951822,21871600
2022-01-31,310.5330505371094,311.0584356248489,296.7143971894849,298.0625437346582,21579500
2022-02-01,316.2230529785156,316.8773112011151,309.40293966017686,311.821701482423,18023800
2022-02-02,320.1882629394531,325.1447375979586,314.11162016781816,324.96631177071333,58458300
2022-02-03,235.69024658203125,245.84111079571545,233.697749476169,242.5202671599868,188119900
2022-02-04,235.02610778808594,240.49805995464288,228.1068735160375,232.92456740840566,89342200
2022-02-07,222.95213317871094,236.22557090302277,222.05995871878767,235.6307879297406,88613800
2022-02-08,218.2633056640625,223.8046556975706,214.26838839341522,218.92748656351395,94729700
2022-02-09,229.98040771484375,231.3384768338874,220.27563768264372,222.24830477510113,86563300
2022-02-10,226.0846405029297,232.9543070635339,224.72655617184256,226.28289646247256,49310400
2022-02-11,217.6387939453125,228.41416445140362,216.86558514893198,226.471234956997,46156900
2022-02-14,215.8048858642578,219.0761618951234,212.9103067167767,217.4008711781249,38184000
2022-02-15,219.07618713378906,219.2248753280657,213.187892625062,218.5508020127306,42685500
2022-02-16,214.6549835205078,215.56698810761435,210.51137824316746,210.56094601163443,45817500
2022-02-17,205.90188598632812,215.60665713962692,205.3566707246909,212.15695486066195,38747500
2022-02-18,204.3653564453125,208.91539632217007,203.39387657053754,207.56723467799455,37128400
2022-02-22,200.32089233398438,205.6738792012657,198.31847222951438,200.57862358467415,39852400
2022-02-23,196.7224578857422,205.13855651896256,196.32594600030123,202.38275807505894,44481400
2022-02-24,205.79283142089844,206.53630261082083,188.56412087278997,189.3968049752726,49957200
2022-02-25,208.6477508544922,209.48045008433152,201.41129490191867,203.15598364447717,37627600
2022-02-28,209.1929473876953,211.29448759324586,205.02951211449042,205.87210364692402,34239800
2022-03-01,201.71861267089844,209.90670342528273,200.45966386254756,208.0430640988383,27094900
2022-03-02,206.29837036132812,207.32931034252405,200.2613883982864,202.99735671935014,29452100
2022-03-03,201.20310974121094,207.25992166380965,199.66659975329932,207.20044639508353,27263500
2022-03-04,198.31845092773438,204.09770188319834,197.05950219705525,200.60833967639832,32130900
2022-03-07,185.8380584716797,199.14123438340457,185.64971001813566,199.04209884176245,38560600
2022-03-08,188.63348388671875,194.98768728769406,184.489878816178,186.21473724141336,37508100
2022-03-09,196.77203369140625,197.36681666982452,192.23190132562794,194.03606526779308,31894700
2022-03-10,193.51068115234375,194.57135881377323,189.40672093356542,193.1438917592487,24853000
2022-03-11,185.97683715820312,191.87503879956054,185.04501753022495,190.96304930488995,34694500
2022-03-14,185.00537109375,190.61608870370827,184.20242464895531,185.40188300136523,31010500
2022-03-15,190.35836791992188,190.6061916572676,184.2916476700059,189.13907936744985,31721700
2022-03-16,201.85739135742188,201.95651177480704,192.82669394360815,193.00511977047762,40640300
2022-03-17,206.0307159423828,206.22897188521705,199.3593059035766,199.94416622902315,29499700
2022-03-18,214.60545349121094,214.9127525117437,204.2067638110222,204.90066726479952,52128000
2022-03-21,209.6489715576172,212.84094246310048,205.82257249783686,212.632763871021,30142300
2022-03-22,214.7639923095703,217.54954314319068,208.3503143425637,209.52995746453237,31998800
2022-03-23,211.601806640625,214.91272782980164,210.3131203024904,211.47293346902381,23717300
2022-03-24,217.6586151123047,218.74903035989297,212.92021186485715,213.12839043651937,31502300
2022-03-25,219.88900756835938,223.5369649690353,216.98450610038137,218.5903987467705,40039000
2022-03-28,221.64361572265625,222.08969538769563,217.6288684853834,220.19633368710993,26224100
2022-03-29,227.8590545654297,228.88008713930483,223.32882944801673,224.10205341388328,31417900
2022-03-30,225.8665313720703,229.1377921857716,224.7364558793833,226.91730146383702,25588000
2022-03-31,220.42433166503906,226.50097416228894,220.3251961259612,226.46131389627396,24192300
2022-04-01,222.8926544189453,225.30149365853208,220.7613614029989,222.59526293695754,19544800
2022-04-04,231.8539581298828,232.3099604286333,223.89386147924975,224.01281202415882,28054800
2022-04-05,229.82179260253906,234.7980969460223,229.00893869737314,232.0422984945777,29727200
2022-04-06,221.3561553955078,226.99662582724713,219.4826086293868,224.9347306089512,28995100
2022-04-07,221.0092010498047,223.55683627381228,216.6574169233372,221.9806658434369,21037200
2022-04-08,220.3945770263672,223.17020552086805,218.11459593710012,220.44414479208226,18375700
2022-04-11,214.57574462890625,218.68961325555128,213.34653325596506,216.51867456004877,20516600
2022-04-12,212.27586364746094,220.09717885895486,211.27466136470724,218.32276785764725,20128800
2022-04-13,213.1184844970703,214.72437730811373,209.49034172860436,209.97608164874075,19231800
2022-04-14,208.350341796875,213.11848267360907,208.1719159864897,213.01934713942245,18379500
2022-04-18,208.93524169921875,211.5225221343132,206.4867419526521,208.17194034933556,16580800
2022-04-19,215.41830444335938,216.52854995364393,207.18064578010325,208.6874183483184,20089900
2022-04-20,198.67530822753906,212.2957046517589,197.18836598093702,211.75048946947976,43036500
2022-04-21,186.43283081054688,201.20311811315037,183.96450117399772,199.8450490008672,49954100
2022-04-22,182.50729370117188,191.04234288346137,181.67460966532872,188.71279395775377,36426800
2022-04-25,185.3622283935547,185.55056170817895,180.07862505796282,181.139302675937,29281100
2022-04-26,179.3748016357422,185.56048699865713,177.93742711598594,185.00536429800306,31747400
2022-04-27,173.42703247070312,179.6325479655742,167.52883108777505,172.91155490901065,71062900
2022-04-28,203.93907165527344,206.71470007536863,191.22075776279664,201.1535357326842,100890600
2022-04-29,198.72488403320312,210.6303299905901,198.15983869617668,202.68015601451035,49193400
2022-05-02,209.29209899902344,210.03557018084996,199.240369225767,199.41879504894462,49915300
2022-05-03,210.1842498779297,213.02926131184137,206.27854567365722,208.61800216969073,41556300
2022-05-04,221.4651641845703,222.34741590885193,205.158368538624,208.81623346786517,41375900
2022-05-05,206.4669189453125,218.2534157507195,204.36537841050279,216.83587117796495,41129200
2022-05-06,201.99618530273438,207.55735082796951,199.27012406734383,205.5351005682688,34747200
2022-05-09,194.50198364257812,200.80661996260716,193.87746300031426,198.10037393010384,36303200
2022-05-10,195.92942810058594,201.19321664925386,192.49955626673494,197.77323719295447,34452500
2022-05-11,187.09703063964844,198.92317316496624,186.6311207624033,194.6209563366654,31153400
2022-05-12,189.57522583007812,196.32594109879756,183.17145467096796,185.43160563866368,38262200
2022-05-13,196.89096069335938,198.14990927576153,189.6148607740116,190.90354698918281,24549800
2022-05-16,198.2986297607422,203.58223351596016,194.22440702177838,195.33466762129902,27112600
2022-05-17,200.85617065429688,203.67145970606575,196.63325976558357,200.36052319724772,24872700
2022-05-18,190.56654357910156,199.25028175657994,189.96185306425463,198.25898682246762,23960000
2022-05-19,189.62478637695312,193.58996580154144,187.9495107758702,189.53557347013006,24446900
2022-05-20,191.85520935058594,196.1871783731729,186.23456905164684,193.2727689309171,31465600
2022-05-23,194.5218048095703,195.27519865608267,189.57525266409456,193.4908647116595,25059200
2022-05-24,179.70193481445312,182.08103647842762,174.57694209488812,178.97829378660447,50406300
2022-05-25,182.229736328125,183.8356291645361,177.75900194507628,178.82958708537754,28030200
2022-05-26,189.9618377685547,191.15138856851496,180.67339469817318,181.28800779348728,23056500
2022-05-27,193.43138122558594,193.62963718300583,188.1477775238642,189.69419516808324,22562700
2022-05-31,191.954345703125,195.87988020083372,190.33853016005855,193.19346434021034,26131100
2022-06-01,186.99786376953125,197.79306430443702,183.38955104588305,194.79934956020318,36623500
2022-06-02,197.12889099121094,199.19078605787604,186.09577466544653,186.80950815490593,31951600
2022-06-03,189.11924743652344,194.89849875163702,188.12795249655804,194.2739780991515,19465000
2022-06-06,192.5590362548828,195.2057918492942,186.75995498137883,192.30130502364528,30574200
2022-06-07,193.94683837890625,194.81918271881858,189.8230631492287,190.2592201932253,18828700
2022-06-08,194.92822265625,200.27130140118285,192.7176393311409,192.97537055202793,22267200
2022-06-09,182.39822387695312,197.71372388925596,182.08100231409924,192.58873213130636,23501600
2022-06-10,174.04165649414062,181.50610603720847,173.4964412625436,181.44661563615782,27450800
2022-06-13,162.83010864257812,171.07769017073412,162.6021150315047,169.10500770703328,31749300
2022-06-14,162.3046875,165.29840192301938,159.95532374925665,164.58466848275043,27244300
2022-06-15,167.87579345703125,170.661329641027,162.55252968231065,165.74450039607447,30008300
2022-06-16,159.4696044921875,163.6429626444072,158.2205783731708,162.29480098577153,26944100
2022-06-17,162.31463623046875,164.45582176964723,158.5080522282356,160.2725559821109,31374200
2022-06-21,155.68287658691406,166.29963714436744,154.61227621435427,164.48556555136005,50724900
2022-06-22,154.49330139160156,159.390285021925,154.086866891369,157.00127603788218,47267800
2022-06-23,157.36807250976562,158.35936745470903,152.90724525752032,154.90966528157492,40499200
2022-06-24,168.6787109375,168.76792383088141,159.89583923030838,160.3220886937685,68736000
2022-06-27,168.0145721435547,170.25489309350084,166.54744485240766,169.8286435619368,29174600
2022-06-28,159.28125,169.8088116430463,159.21186722566654,168.42098977082756,27744500
2022-06-29,162.5128936767578,164.8820879607232,158.92441086091708,162.1461193919892,28595200
2022-06-30,159.84629821777344,163.79164757572488,157.11032981455412,160.7384575527912,35250600
2022-07-01,158.63690185546875,159.2217621433084,153.65069034030827,158.91446318278108,31423900
2022-07-05,166.7258758544922,166.78535112270356,155.65311468571062,156.76336002821185,28618600
2022-07-06,168.29217529296875,170.09632453016584,164.0196957831076,166.73583470765178,23085900
2022-07-07,170.69107055664062,171.21645564142614,166.31945643519762,167.97491709634667,24083400
2022-07-08,169.39247131347656,170.89922861706972,166.686225442263,168.50029685970665,19249200
2022-07-11,161.4621124267578,166.0319823587457,160.50055519777845,165.61564033062461,21885600
2022-07-12,161.84872436523438,164.46574232541377,160.68891113440077,163.3654043690906,16639700
2022-07-13,162.06678771972656,163.5438072493945,158.22055916405765,158.76577431384956,16555100
2022-07-14,156.67417907714844,161.1746517591242,155.91087768553626,159.81658243814633,23765200
2022-07-15,163.26625061035156,163.54381194440333,158.42874226976485,159.1424606102135,23342800
2022-07-18,165.7742462158203,170.19542824056563,164.1980909139379,165.29842888667773,23574300
2022-07-19,174.24981689453125,174.9536429313068,168.03439361548112,168.8869078373699,25933700
2022-07-20,181.49615478515625,182.00172479561706,175.16178184563003,175.94491318004836,24784300
2022-07-21,181.5754852294922,182.24957362777684,177.31291412933265,179.05760283598016,27195800
2022-07-22,167.7965087890625,174.07140795058012,166.94399448451284,171.563432812095,42583900
2022-07-25,165.1992645263672,169.08515326871813,163.37528581119514,167.52881324614933,26166300
2022-07-26,157.7645721435547,164.55494803766118,156.57502132751043,164.49547276575285,28468400
2022-07-27,168.10379028320312,169.38255404365438,160.60960328940018,161.17463351463593,43846600
2022-07-28,159.32090759277344,160.1040238594666,153.50201173331402,159.65794420750422,73214300
2022-07-29,157.7150115966797,158.74595155199424,153.8192150963796,156.3172822730475,42065400
2022-08-01,158.53775024414062,163.75196991958916,153.87866829295712,155.88108777339025,40596700
2022-08-02,158.79554748535156,160.827705247941,156.63451653325376,156.93190805660169,27374500
2022-08-03,167.33058166503906,168.06413020831988,160.16352379387357,161.2737692383806,31721900
2022-08-04,169.0851593017578,170.65139175643768,165.3479737145772,166.83491589703567,23938200
2022-08-05,165.65525817871094,170.1160843356227,164.35666453985192,165.53630765483277,25832700
2022-08-08,168.76795959472656,175.96475524575519,165.67512429444318,166.53754603180064,27299100
2022-08-09,167.06292724609375,168.05422213991784,165.14973536147394,167.47926928638472,18655100
2022-08-10,176.78753662109375,178.90890719547573,172.4357524234894,174.4580025790822,30262100
2022-08-11,175.94493103027344,181.50609582783787,174.8346704958459,178.14560684060112,24079100
2022-08-12,178.9287109375,179.88036059846178,177.35255583980407,179.23600990455236,21274000
2022-08-15,179.3153076171875,179.86052275759945,176.6487223062289,177.4021160006009,15878700
2022-08-16,177.90768432617188,179.41445670283701,175.49883002409837,177.87794669135258,21156700
2022-08-17,173.32791137695312,176.5892647931606,172.65382301032733,175.2212730535076,20118100
2022-08-18,173.13958740234375,174.23000282092323,170.3639583920266,172.82236574358237,18844500
2022-08-19,166.49790954589844,170.81995621310926,165.59582749443462,168.718400594473,26240800
2022-08-22,161.630615234375,164.0493768927399,160.84748389572914,164.0493768927399,19499700
2022-08-23,159.70753479003906,163.61323943034614,159.30110021811734,161.0656040719676,18111800
2022-08-24,161.83880615234375,164.01966711697898,158.3791964989149,159.20197311267086,20891500
2022-08-25,167.3107452392578,167.40988077562878,162.5921871516085,163.742077693332,15550500
2022-08-26,160.37168884277344,169.43212368762408,160.26264579796614,167.01336169441478,24023600
2022-08-29,157.784423828125,161.63065328045607,157.62581299739847,159.26145882808834,20052700
2022-08-30,155.79190063476562,160.25272741333785,154.55278208516222,158.9541335935069,19567900
2022-08-31,161.5116729736328,166.3789346284713,160.72855664749912,165.61564843587365,40953000
2022-09-01,163.9205322265625,165.90312211071253,158.95415001211242,162.1560284397458,30145700
2022-09-02,158.92440795898438,166.46814773768705,157.83397750261,165.99233041397824,22634200
2022-09-06,157.1598663330078,160.28245393711506,156.3172748532642,158.70629888151421,19339800
2022-09-07,158.99378967285156,159.55883503081463,155.44495208745863,156.38667922477052,16831200
2022-09-08,160.64926147460938,160.8177798055024,156.3668750415445,157.32843237884535,22530800
2022-09-09,167.67750549316406,168.06410985118802,161.60087879529817,161.82887235875899,22086800
2022-09-12,167.48916625976562,169.8980052223089,165.82378322774733,165.93282625440304,23220400
2022-09-13,151.79701232910156,160.22302005883935,151.34100996124553,160.13379201067593,44444100
2022-09-14,150.1514129638672,152.20338517581285,147.75248154834776,151.99522175443428,43064200
2022-09-15,148.24815368652344,152.85766887034347,147.4055469804249,148.49597740879247,34606300
2022-09-16,145.01654052734375,147.28661457344126,143.0339505050214,146.76122942760276,40122800
2022-09-19,146.73147583007812,147.28659855580412,143.83689652739272,143.9756772088242,22169500
2022-09-20,144.81826782226562,147.54432878807003,143.9558461024819,144.51096882445577,23217400
2022-09-21,140.8828125,148.297708513864,140.76386196399903,145.1156455422139,38338600
2022-09-22,141.57675170898438,143.32142537181252,139.64371445995508,140.3178028899763,34418500
2022-09-23,139.1876983642578,141.37845127369607,137.68092612104357,140.1889006084037,31710700
2022-09-26,135.18287658691406,141.00178775969545,135.0044507707675,138.90023234956038,30497000
2022-09-27,133.2300262451172,138.2063307938041,132.95246488791165,136.71938846907756,30826500
2022-09-28,140.37725830078125,140.79360030483306,133.10115804366748,133.44810215073147,32658500
2022-09-29,135.22251892089844,138.62265261379272,134.0230456317868,138.14683537453897,38985400
2022-09-30,134.49887084960938,139.76265892956278,134.32044504653885,134.86566021029577,33166400
2022-10-03,137.40338134765625,138.40458371235383,134.9152366908158,135.94617669127948,27723100
2022-10-04,139.05885314941406,141.15048608050412,138.12703348447909,139.26703174250054,34670700
2022-10-05,137.77015686035156,138.9894604417,133.60672142963895,137.03660833682997,27979300
2022-10-06,137.859375,140.21864633669762,135.41087563563656,136.52112097055306,36231100
2022-10-07,132.28831481933594,137.0861789925336,131.2871123139666,135.56949885152673,33214800
2022-10-10,132.62533569335938,134.92514708155127,130.72205133380032,132.3874346021392,24024000
2022-10-11,127.42103576660156,131.50518091127628,125.88453325791248,130.4742257772965,38481400
2022-10-12,126.39010620117188,128.541214428853,125.15098751292508,127.20297532112282,34605200
2022-10-13,129.15579223632812,129.99839886279543,121.46335006942364,122.4546448648166,34325700
2022-10-14,125.65653228759766,130.642736410999,125.4186160877497,129.85962016618188,23559400
2022-10-17,132.87315368652344,133.61662481645823,129.0467549994207,129.1657206658623,29612200
2022-10-18,131.64395141601562,136.6400705127759,130.25612963150132,135.89659941870124,25445000
2022-10-19,132.0702362060547,135.80742280613526,131.06903364385218,131.73319951691272,30691000
2022-10-20,130.38504028320312,135.57943193264592,130.16695415616024,131.7728473407828,26356300
2022-10-21,128.8782501220703,128.98729317086242,124.348040097076,125.21046185736593,46348600
2022-10-24,128.5907745361328,132.31803788284694,123.485604332285,126.14227494403816,63563400
2022-10-25,136.31297302246094,137.1456723366265,129.45321328570938,129.74069731261227,38433200
2022-10-26,128.6898956298828,134.3700104853309,127.41111689285002,130.53368940019047,82791500
2022-10-27,97.08741760253906,101.60771958540467,95.54099253236453,97.12707030310553,232316600
2022-10-28,98.3364486694336,99.97208672735346,96.66116547189773,98.71314556260309,95928300
2022-10-31,92.34903717041016,98.45540986504903,91.7939068796394,97.36498697989708,121361400
2022-11-01,94.37127685546875,96.64134321393725,92.73564622724912,93.50885508342138,110189600
2022-11-02,89.7518310546875,94.37126083616003,89.69235578753322,93.38988111321918,71821100
2022-11-03,88.13603210449219,89.67253464279368,87.64038466059239,89.29584530810257,60664000
2022-11-04,89.99966430664062,90.59443973026505,87.32316355586093,89.56349213325879,55638100
2022-11-07,95.87803649902344,96.03663973796807,92.289546516777,93.95492212208184,81987300
2022-11-08,95.63021850585938,96.94864251443767,93.96484280107093,95.08500329540075,52088300
2022-11-09,100.58670043945312,103.98684244254157,99.86305179354484,100.83452417856167,107677300
2022-11-10,110.89615631103516,111.76849304628479,103.69935366554259,106.18750582793226,80671000
2022-11-11,112.03612518310547,113.89976408464274,107.86277534716142,108.27912487466178,59961700
2022-11-14,113.22570037841797,115.25785030828123,109.83547376457382,110.02381464557875,53395000
2022-11-15,116.06080627441406,117.70635184117295,113.41405076200675,115.05959632876564,50670500
2022-11-16,112.24432373046875,115.0695126545756,111.67928594564738,113.50326491314802,33287800
2022-11-17,110.47980499267578,111.35214927717924,108.84417458519039,109.44886503222872,35093800
2022-11-18,111.07459259033203,113.32482860499377,109.65704063160446,112.80935860317447,33357700
2022-11-21,108.90364837646484,111.39180046593846,108.23948266921633,110.54919382748199,24351100
2022-11-22,110.46990203857422,110.64833541657183,107.37705934094218,108.90365433870404,29029000
2022-11-23,111.26293182373047,111.68918891166292,109.76608204588022,110.74746182954631,21343100
2022-11-25,110.44017028808594,111.74867927547221,110.05355831267225,110.33112724222208,12007600
2022-11-28,107.83305358886719,111.06467694794803,107.4365341325355,109.81564330754605,23309400
2022-11-29,108.50714874267578,109.97426865619343,107.59515916661431,108.5864541570239,23899200
2022-11-30,117.07192993164062,117.13141277037444,108.427836916367,108.5567100978068,43348600
2022-12-01,119.39157104492188,120.1449497921599,117.36932835727015,118.16235981167556,36551400
2022-12-02,122.41500091552734,122.96021611715648,116.58618982465244,116.80427590530408,39950500
2022-12-05,121.36421966552734,123.58471784498659,120.29361949288526,120.69013891567629,35474900
2022-12-06,113.1265640258789,119.50058982068353,112.7498671658105,118.86616176085984,43689200
2022-12-07,112.93822479248047,114.87124676294755,111.89736215424148,112.7697064797689,29461100
2022-12-08,114.32603454589844,116.3185317086247,113.59247092643747,115.3768046454245,30619400
2022-12-09,114.89107513427734,116.5167980904086,112.8787477899795,114.29629973425023,26033400
2022-12-12,113.71142578125,114.71263564847612,112.15509324529451,114.17733554806748,24747100
2022-12-13,119.10408020019531,122.22666055478824,117.6072228281434,121.06683980846766,44701100
2022-12-14,120.53153991699219,123.05934486705796,118.35069422268502,118.35069422268502,36922000
2022-12-15,115.13890838623047,117.59731559346363,113.01753782717437,117.2999316503039,34531000
2022-12-16,118.39035034179688,122.2365718354215,117.78565984708287,119.1833892878749,67064000
2022-12-19,113.48344421386719,116.77454300063903,113.33474846530926,115.81298573134167,29769900
2022-12-20,116.07071685791016,116.30863308058215,111.48102416799355,112.27406311760701,28742500
2022-12-21,118.71746826171875,119.29241350219432,114.61350836378021,115.68410100799696,20392800
2022-12-22,116.1004638671875,117.587406248649,113.38431033837217,116.1797617130006,23618100
2022-12-23,117.01244354248047,117.15122421471159,114.53420644838265,115.01993880119159,17796600
2022-12-27,115.862548828125,117.56757731975019,115.0397797831497,116.90341153100645,21392300
2022-12-28,114.61351776123047,117.12149261971926,114.50447471842836,115.23803081847723,19612500
2022-12-29,119.21311950683594,119.97641320548192,114.76220023247431,115.38672082161865,22366200
2022-12-30,119.29240417480469,119.37170956831744,116.7150393894688,117.13138892392148,19583800
2023-01-03,123.65411376953125,125.26992916696545,121.21552941909272,121.75082952962498,35528500
2023-01-04,126.26123809814453,127.92661388492843,124.75446556758857,126.27114560210994,32397100
2023-01-05,125.83497619628906,127.40122394307504,123.45586693938299,125.03202218975811,25447100
2023-01-06,128.88815307617188,129.19545204150296,124.9427964767583,127.84729051950087,27584500
2023-01-09,128.34295654296875,131.79265868414586,128.15460808502064,130.0182474045574,26649100
2023-01-10,131.83229064941406,132.27837024954658,126.04312553468338,126.16207606113016,28684400
2023-01-11,131.7332000732422,132.68484998738444,129.20539464207775,129.82000786565467,25423000
2023-01-12,135.51992797851562,136.48147008401705,130.6130062840878,132.27838952682893,30757700
2023-01-13,135.78756713867188,136.19400166584558,133.66619672063948,133.79506989412366,22423800
2023-01-17,134.18165588378906,135.5595549598786,133.08131812331774,134.99450970068324,21147600
2023-01-18,131.862060546875,136.0552340156963,131.64397444438683,134.62776684521396,20215500
2023-01-19,134.96481323242188,136.25349980566895,130.98972557953786,131.3366848928604,28625200
2023-01-20,138.15675354003906,138.72179884510555,133.43819566551292,134.70705181876295,28688600
2023-01-23,142.0228271484375,142.50855197768175,137.45295697105522,138.07746248379212,27470100
2023-01-24,141.89393615722656,143.73774507844354,140.1294326346161,140.45656173163377,21970200
2023-01-25,140.2682342529297,141.92369499048152,139.088590852133,139.9906728793258,26622000
2023-01-26,146.01773071289062,146.2258941555542,142.05255141383566,143.1429666455006,25482100
2023-01-27,150.41909790039062,151.85647252156616,146.1069589109038,146.94956565053786,35771900
2023-01-30,145.77981567382812,149.80447027435721,145.67077263719494,148.1093645810106,28040100
2023-01-31,147.67318725585938,148.57526915219435,146.23581282407054,146.66206232671513,29842100
2023-02-01,151.78707885742188,152.24308119270972,145.77983384283002,146.74139116044864,55661000
2023-02-02,187.1267547607422,195.44371891127255,178.59170450785547,181.7836755049325,150475700
2023-02-03,184.9062042236328,195.0570676738087,181.2978920222662,181.87284477906098,76809700
2023-02-06,184.4403076171875,189.03991487291054,183.90501508191707,184.90621738212576,42483800
2023-02-07,189.95193481445312,192.0931355517408,182.7947840150465,183.96451992977168,47080700
2023-02-08,181.83319091796875,189.16878123172887,181.32763603473586,188.34600476422287,36139100
2023-02-09,176.3711700439453,185.02516946385683,175.726834470518,184.50970705549832,37118800
2023-02-10,172.6339874267578,177.33273033452983,171.84096366888724,174.8148481387777,33433600
2023-02-13,177.86801147460938,179.4243515078164,174.2894519129695,176.6685532858945,31463200
2023-02-14,177.9176025390625,179.92992995474845,174.34895001230046,175.61780626083268,24034600
2023-02-15,175.6177978515625,176.6388303288191,173.80372647545715,174.8842342230846,25308900
2023-02-16,170.9388885498047,174.3192076619539,170.29453781345282,171.2461875370984,25827500
2023-02-17,171.3750762939453,171.6724526790404,168.2227504782921,168.7382280890579,24171300
2023-02-21,170.58204650878906,176.619029467264,170.3837905327102,172.79263013769287,34592600
2023-02-22,169.63037109375,171.25609405423205,168.21282670866515,169.58081845166606,22433200
2023-02-23,170.5423583984375,172.17800396749618,167.9055256077023,170.50271326007802,20017800
2023-02-24,168.90673828125,169.2338674150604,166.20050742549483,167.17197219726032,19791300
2023-02-27,168.0641326904297,171.61297028977367,167.58831536803652,170.3837742797613,19277000
2023-02-28,173.41714477539062,176.00442525665616,170.37386195170444,170.4035995907796,46051100
2023-03-01,171.9103546142578,176.3017987557463,171.54358035250698,173.07016779754176,30998400
2023-03-02,173.01068115234375,173.4864984236013,169.93766120564743,170.87940337141325,17352000
2023-03-03,183.63739013671875,184.9954593827126,175.50877454317353,177.36249126591966,45877700
2023-03-06,183.2904052734375,188.00897827423148,183.03267406683992,186.36342525082924,33209400
2023-03-07,182.90380859375,188.7028895567601,182.4081611653204,187.35472794639318,36701500
2023-03-08,183.35980224609375,183.64727108561956,179.7613972448921,181.27807709436618,19432400
2023-03-09,180.1083526611328,187.28531725397823,178.73045350925022,184.72779000880985,26582800
2023-03-10,177.94732666015625,183.16154706370955,177.24351581257753,179.43426888152695,25665000
2023-03-13,179.32525634765625,182.18019073857934,173.29819616275796,176.4108618038768,24728000
2023-03-14,192.33106994628906,192.6284614866516,184.93600221363553,185.9471274004833,41642600
2023-03-15,196.02857971191406,196.05831735084533,189.17872786014453,191.27036084542135,42123600
2023-03-16,203.1460723876953,203.96884903376738,194.38302842074785,196.53413670584482,50447100
2023-03-17,193.90721130371094,200.1424500615832,193.7287703421233,198.81411842093698,50141100
2023-03-20,196.0880584716797,197.62456872290872,191.9543602012637,196.75222429620607,25186300
2023-03-21,200.40020751953125,201.77810701048668,196.22684877480276,201.43114769852076,31827000
2023-03-22,198.0706329345703,205.56482001084692,197.93185225263778,200.7372186543796,28477800
2023-03-23,202.501708984375,206.07037646367976,200.39024613195645,201.0742419926531,27389700
2023-03-24,204.21664428710938,205.77298444441905,201.7780674543026,203.3938677558255,27716400
2023-03-27,201.07424926757812,204.06796403208844,199.6071370845429,203.02710138580258,18527200
2023-03-28,198.9330291748047,199.27998839816146,196.177230896691,198.40764415152128,19127300
2023-03-29,203.56239318847656,203.9291674240944,200.7768420952451,201.78796702630524,18851100
2023-03-30,206.0307159423828,206.2785396524153,201.05442673562075,201.60954942594012,22608300
2023-03-31,210.0950469970703,210.3230405925682,204.97005409451702,205.43596391529096,25440300
2023-04-03,211.21522521972656,211.63156728945143,206.38760845985527,207.02203663171613,17924600
2023-04-04,212.85081481933594,214.35758710921513,210.6897843491984,211.5323909564364,21026400
2023-04-05,209.6390380859375,213.31674876543607,208.11245061815816,212.2857936142951,19396600
2023-04-06,214.2188262939453,215.0515103499927,206.8336674517872,207.4284504209406,26104400
2023-04-10,212.8805694580078,213.78265140351988,208.82617714372924,212.84092431935147,16106100
2023-04-11,211.98838806152344,214.13949585110424,211.55221595193885,213.6041882162659,16710100
2023-04-12,212.1370849609375,214.95235853299292,210.7294481749098,212.96976895391873,18972200
2023-04-13,218.43182373046875,219.224847500562,213.81238615247736,213.85203129059846,23310400
2023-04-14,219.5618896484375,220.17648758119475,215.6561857349428,215.983314832495,21591200
2023-04-17,216.95480346679688,219.0563438246389,215.23986751678353,217.87670046778837,15481900
2023-04-18,215.99325561523438,218.52106075783294,214.32788736305116,217.99567564546845,12281000
2023-04-19,213.82229614257812,215.4381115885571,211.07640517251718,211.61171286211123,15898100
2023-04-20,211.21522521972656,214.86318342643628,210.91783370536288,211.6216446591975,16475400
2023-04-21,211.0367431640625,211.55222068017963,207.75555989265803,208.38008043860845,17717200
2023-04-24,210.93765258789062,212.05782075798314,208.8757723359463,211.81990451693062,15750900
2023-04-25,205.74322509765625,209.4209200908101,205.32688312442886,208.98476311358897,19198200
2023-04-26,207.5771484375,212.24615412653236,207.06168597416203,210.65016871382687,41992700
2023-04-27,236.48329162597656,239.58604927632857,234.70888054019042,237.80171556165394,71196500
2023-04-28,238.22799682617188,238.3370247438833,233.69777188796778,236.92938780573903,39554000
2023-05-01,241.06307983398438,241.87594888989452,234.4015922066699,236.54277763553986,29143900
2023-05-02,237.1573944091797,242.78794211157887,236.9095706872228,241.0630835614137,24350100
2023-05-03,234.96661376953125,239.6455266055783,230.7238730814823,237.38537558955068,34463900
2023-05-04,231.48716735839844,236.1264197905397,230.90229192706437,234.00504951049967,17889400
2023-05-05,230.7536163330078,232.63707051688766,227.84912965326185,230.21832376395497,27000500
2023-05-08,231.23936462402344,233.56889855403585,228.26547993603842,229.40546301604877,16400500
2023-05-09,231.3385009765625,233.82666101755078,229.0684421637561,229.44513909049456,16865600
2023-05-10,231.051025390625,234.68907598893915,228.71156873771375,234.1141231112111,19119000
2023-05-11,233.7373809814453,236.13632757224548,230.27777200625135,231.02124306408945,20449000
2023-05-12,231.774658203125,234.89724621443213,229.43520163353872,234.67916012630428,16161400
2023-05-15,236.78070068359375,238.16850749476043,233.2814308927608,234.8575861552915,20653200
2023-05-16,236.7410430908203,237.55389700147478,233.46976706403657,233.73740578256724,18163800
2023-05-17,240.37908935546875,241.71732830364155,236.06695078411929,236.37424976201174,21193100
2023-05-18,244.7011260986328,244.93902716872478,239.09039393093843,239.1994369633833,22943300
2023-05-19,243.50167846679688,246.52513093495048,241.29109507655596,245.31574994768903,21733600
2023-05-22,246.15834045410156,251.36263833291363,242.9861848843443,243.27366885675846,27738500
2023-05-23,244.5921173095703,249.41971879486397,244.50288926983555,244.66150008940815,17748100
2023-05-24,247.04061889648438,247.41730068840283,242.81769276730455,243.14482191294246,17724300
2023-05-25,250.4902801513672,253.39476659367543,247.0009182936609,251.19409097399296,22371400
2023-05-26,259.75885009765625,260.02648875375246,250.5100694992221,250.72814039924128,25727200
2023-05-30,260.2347412109375,266.31138413742116,259.015467775104,262.94098733413506,23816500
2023-05-31,262.41558837890625,262.6931497421419,256.2001802172078,257.7366752187053,25473700
2023-06-01,270.2369079589844,271.6148224918179,263.57543478497155,263.58532716339073,25609500
2023-06-02,270.2369079589844,272.95307675520934,268.7598881304285,270.28649085876737,19416900
2023-06-05,269.02752685546875,273.1711321141078,267.2134403187121,267.9469888352594,20742900
2023-06-06,268.7598876953125,274.16245738799296,267.3423431472537,267.7884379849693,19419000
2023-06-07,261.30535888671875,271.8626442161029,260.5123047633767,269.3051165166383,26163600
2023-06-08,262.2768249511719,265.3201079447365,256.6264614480304,258.35130511451564,20899400
2023-06-09,262.6436462402344,265.6175315107322,259.4219371971951,260.1951461574475,16949800
2023-06-12,268.6904602050781,269.38437870914413,263.0202523851898,264.8442615526915,15442500
2023-06-13,268.9581298828125,273.3198212360052,266.7475314444002,272.4871371800981,16164000
2023-06-14,270.970458984375,272.59616684149415,265.9842469943128,269.5231769435399,19175100
2023-06-15,279.3766174316406,281.5178179621432,269.05726454784934,269.9295786141267,25973500
2023-06-16,278.5538330078125,285.3442082969982,277.69141139005217,282.2711884305146,43127700
2023-06-20,281.8548278808594,282.32073763157575,273.8154418388248,276.30360138540755,20701600
2023-06-21,279.18829345703125,281.52773476017416,275.93681733767835,281.06182497496616,20556200
2023-06-22,282.4001159667969,282.7768128958016,275.37183825791345,276.6505869881599,17563100
2023-06-23,286.2165832519531,287.1484028647073,276.5217204794401,279.05943296679476,51092000
2023-06-26,276.0458984375,287.26736422711815,275.183476694736,286.18685639120184,24232700
2023-06-27,284.55120849609375,286.83120507390686,278.2069267505543,279.55510363818735,26108300
2023-06-28,282.8065185546875,287.02941407913994,281.5872149884615,282.3406087612761,16722100
2023-06-29,279.07928466796875,284.0754200195691,278.2466004846892,282.0234320758143,15395700
2023-06-30,284.4818420410156,286.5337996422137,281.9441293320843,282.2811659924353,19694900
2023-07-03,283.5301818847656,286.88076378814935,282.3703836886234,284.2042854687981,8629300
2023-07-05,291.8074645996094,295.52482034373986,283.8671830495328,285.14596189605084,33865500
2023-07-06,289.44818115234375,295.5248235823149,288.7741078971482,293.3142553701415,47600500
2023-07-07,288.0008544921875,293.62150887910394,286.14713820158397,289.63648473378396,25586000
2023-07-10,291.5398254394531,295.5347425297434,284.5511784998187,292.9771848405433,37058300
2023-07-11,295.693359375,297.56689097448395,289.35897054625923,291.3415603139649,27585900
2023-07-12,306.64715576171875,306.75621392994793,297.48760071490796,299.1232312229929,36677100
2023-07-13,310.6817626953125,313.48711417229805,307.58892720415946,310.8899261701611,30281000
2023-07-14,306.1812744140625,312.13896690077314,304.68440931960316,309.0758690549912,23054100
2023-07-17,307.9159851074219,308.9964928062854,302.05742922495097,304.86281044247795,25323100
2023-07-18,309.3336181640625,311.4649267913978,304.94218821230464,308.17381985947526,20731900
2023-07-19,313.2590637207031,315.905803762913,307.81683497029235,310.3049944741406,21763700
2023-07-20,299.8864440917969,312.79311968689564,299.58906780007595,310.77087014745825,23836900
2023-07-21,291.698486328125,302.8009725555887,288.66512594483504,301.9187357065024,42139300
2023-07-24,289.07147216796875,294.9300282701008,285.79028868592326,293.2051849386824,24915700
2023-07-25,291.9066162109375,295.703262442502,289.31932073955034,292.62034976319046,19585600
2023-07-26,295.97088623046875,299.14301133786523,289.35893681509447,298.56807368309666,47256900
2023-07-27,308.9965515136719,322.5178296391777,307.14283473077046,322.2898209017809,64229200
2023-07-28,322.64666748046875,323.3604010020382,311.51441512024616,314.12152548725567,39220300
2023-07-31,315.8265686035156,322.8251083416329,314.8253510504006,320.87225613271846,25799600
2023-08-01,319.9007873535156,321.3183621345962,311.92087504418333,314.77580936288706,22817900
2023-08-02,311.57391357421875,315.61841391466794,307.94577042396213,315.2317943629233,20461100
2023-08-03,310.46368408203125,313.1996679680387,307.23205269504695,307.23205269504695,15180200
2023-08-04,308.02508544921875,315.63822327487594,307.49970034475876,312.2182436549531,17612800
2023-08-07,313.8042907714844,314.30986081830895,307.75738622328373,310.5032922794214,16236500
2023-08-08,309.9184875488281,315.1227863698251,307.4104821227682,311.66314620132135,15183500
2023-08-09,302.5530700683594,310.8997853919067,300.21362891825964,310.156314310015,19955800
2023-08-10,303.0784912109375,309.6210435617212,301.22477459946464,305.2593520785052,14358900
2023-08-11,299.0142517089844,302.0674271348413,297.74536501032554,299.93614883979996,14046300
2023-08-14,303.52459716796875,303.5444121758859,295.6537130002151,298.3599590509755,15641900
2023-08-15,299.3215026855469,304.5555384693023,297.4182031951271,303.4750306746695,11623600
2023-08-16,291.7281799316406,298.4590504137435,291.7182573021849,297.5867363272898,18547700
2023-08-17,282.6082763671875,293.47286065252206,282.4695108038598,290.4989757740898,23950100
2023-08-18,280.7842712402344,283.20303313726754,271.9914906051631,276.60100568899685,35347900
2023-08-21,287.3763732910156,287.97115625621416,279.396461784683,280.9825396079064,20181500
2023-08-22,285.0964050292969,290.35025563572106,284.2537983560618,290.0032963876927,12980200
2023-08-23,291.6785888671875,294.81108424364885,285.1658046520825,285.9885660720524,18287000
2023-08-24,284.2537841796875,296.8531326295478,284.1447562725001,295.9014980911481,18360900
2023-08-25,283.0147399902344,285.8795972382046,273.6271745500085,283.6392607191372,23701400
2023-08-28,287.7332763671875,288.91291975529066,283.3120791933217,285.49294014239996,14239300
2023-08-29,295.39593505859375,296.5458406851911,285.67133525084813,286.0678471302465,20844500
2023-08-30,292.5311279296875,295.69336104721475,290.87565215344677,294.5831156113279,17717000
2023-08-31,293.31427001953125,298.478908110715,293.0862612959808,293.2250268545487,17229900
2023-09-01,293.8000183105469,299.1133450144046,291.90664122148576,296.7639806937551,12842300
2023-09-05,297.53717041015625,298.76639670796936,292.9375776161612,294.4344124053595,14956000
2023-09-06,296.5657043457031,300.65972681313633,293.08624961534355,299.0835715746785,15418100
2023-09-07,296.0700378417969,304.37706303978695,289.67617413817516,295.4058570001141,33748700
2023-09-08,295.29681396484375,302.59272896122013,294.196461037625,296.61522269992525,17548000
2023-09-11,304.88262939453125,306.3497566042671,298.6572991967648,298.78617236239313,19489300
2023-09-12,299.0339660644531,305.97302903945666,297.61642188859025,303.6632954224195,13480400
2023-09-13,302.4044189453125,304.5059592872475,298.69698571008445,299.7279106218778,13210900
2023-09-14,309.00640869140625,310.14639163307857,302.3746442218173,304.06974981772856,19343100
2023-09-15,297.6957702636719,309.2840101140606,296.14935263325515,308.89739058049656,28131100
2023-09-18,299.916259765625,300.9571375613304,295.2076089926441,295.59422852439974,14234200
2023-09-19,302.41436767578125,303.50479820729083,297.2001463854222,299.8469173004536,15924400
2023-09-20,297.0613708496094,305.3783197455341,296.82343949040535,302.3945122667024,19379500
2023-09-21,293.1556701660156,297.6462351362966,290.7170627767557,293.1259325272159,21319600
2023-09-22,296.4764099121094,302.7215847648245,295.6734636134896,296.6944959593835,25369600
2023-09-25,298.2112121582031,298.33019295011604,291.14330539019653,293.0664197919008,18987000
2023-09-26,296.3575134277344,297.6858449572033,293.4332116377571,295.0688421646148,19417200
2023-09-27,295.1481628417969,298.67717061234566,284.29350077154777,297.8345940661036,36429800
2023-09-28,301.31396484375,303.66332872549503,294.11718502598364,296.33767574089586,22167100
2023-09-29,297.5965881347656,307.93581535856936,296.75398154770994,304.70418479612954,25373700
2023-10-02,304.14910888671875,304.50596053027635,299.0042859286593,300.1046087482149,16265600
2023-10-03,298.3202819824219,304.0995177904984,297.03161074620874,301.61138822655596,17362300
2023-10-04,302.919921875,304.22843857470934,295.90156637533585,296.1295751228669,16880500
2023-10-05,302.1367492675781,303.5443709364718,296.8927913275171,301.97813847002794,19130000
2023-10-06,312.68414306640625,313.5564874187688,298.2905520081828,298.81593709513936,21803900
2023-10-09,315.588623046875,317.5414751678971,309.10557632186953,309.7796495788927,22503700
2023-10-10,319.038330078125,321.83378880843856,315.3903722999116,316.34200688294163,19038000
2023-10-11,324.96630859375,325.9774185235088,320.13870716386896,320.1981824390359,22036300
2023-10-12,321.338134765625,327.66260060248845,319.88093015978995,325.1447032712535,20530500
2023-10-13,311.9505615234375,322.2203610808488,309.65075033810035,320.713603882826,21341000
2023-10-16,318.3543701171875,319.01855105073963,312.77337465622486,315.86624034074185,16536100
2023-10-17,321.1795349121094,321.57604680606164,314.5378472437151,315.4101915615611,16387800
2023-10-18,314.2107238769531,323.10263972349975,312.8129945346358,318.5922603419994,16851000
2023-10-19,310.08697509765625,319.08795030688776,309.03620485654955,317.09543774973184,18709200
2023-10-20,305.96319580078125,312.5553015025764,303.8021799605282,311.4054259238881,22312300
2023-10-23,311.2764892578125,314.5973026301898,304.5852493700825,306.8057400373974,17796800
2023-10-24,309.8292541503906,315.578783561365,307.9259846054587,314.02244308057266,19525500
2023-10-25,296.9225158691406,308.1737173552032,296.23852007007827,307.3013731330997,42192500
2023-10-26,285.8398742675781,292.43197892863674,276.9677733145693,292.43197892863674,66684100
2023-10-27,294.14697265625,296.70450041423834,290.419693821055,291.9165589334296,29596300
2023-10-30,300.02532958984375,306.7066477918955,296.4467391323724,296.4863994004334,28435100
2023-10-31,298.64739990234375,301.0364242117363,294.2757858177128,300.6696499436243,19434200
2023-11-01,309.1352844238281,310.0175210505434,299.2223365843718,299.2223365843718,20434600
2023-11-02,308.1638488769531,316.04465564125337,305.64595129379006,314.537867992154,21631800
2023-11-03,311.861328125,312.80303996740156,308.3124760503389,309.8291557772431,16764300
2023-11-06,313.0509033203125,315.5588780950848,311.7126794666905,313.2293593857912,12887700
2023-11-07,316.0446472167969,318.20566283791453,312.3768439867447,314.299958512523,14055600
2023-11-08,316.99627685546875,318.53277182519207,312.13893797333276,315.37056897639883,13609700
2023-11-09,317.7595520019531,321.35795714702647,316.0247860148068,316.63941423329265,16103100
2023-11-10,325.90802001953125,326.2351642842686,316.67906673273416,317.1548991851157,19096200
2023-11-13,326.3243713378906,329.43702160039675,322.86476180916407,323.36040926035906,16908900
2023-11-14,333.38238525390625,335.1568115946723,330.4283155624995,331.62780417236013,17179400
2023-11-15,329.8137512207031,335.4542221949826,327.14716524859887,334.98831233456497,14531200
2023-11-16,331.28082275390625,331.66741200788823,323.53881252614497,326.50277439703774,18932600
2023-11-17,332.1234436035156,332.5794307757708,326.4829733409951,327.38505530805384,14494400
2023-11-20,337.0105285644531,338.89398282519466,331.2808452491062,331.97476378028864,16960500
2023-11-21,334.0465393066406,336.94110323972745,332.97592396005564,335.38476311199616,12027900
2023-11-22,338.5173034667969,339.9348782395706,335.6326315263406,336.2571521863876,10702700
2023-11-24,335.2856750488281,338.88405001830046,333.83836275604654,337.16912925300625,5467500
2023-11-27,331.7864685058594,336.94118466395616,331.29082097612365,333.25356583264545,15684500
2023-11-28,336.0390319824219,336.42565149537353,330.4976973935413,330.4976973935413,12637200
2023-11-29,329.3082275390625,336.94118126892806,327.90057525794987,336.73301777907534,16024500
2023-11-30,324.3020935058594,330.59682164758357,319.593443122573,329.00085151227404,23146400
2023-12-01,321.9924011230469,324.0146208399716,317.96774644363103,322.64665935567007,15276400
2023-12-04,317.2341613769531,318.0668454059469,310.92954076374997,314.5279458457028,19037100
2023-12-05,315.51922607421875,319.0779707276208,312.64447724367363,316.2032218970757,16952100
2023-12-06,314.6865539550781,319.4447570091409,314.2801194470397,319.12753540502547,11294300
2023-12-07,323.7470397949219,325.38267054190237,315.0038103812717,315.0038103812717,15905100
2023-12-08,329.8533630371094,330.26972018709864,320.18823819980867,320.27745110653814,14087400
2023-12-11,322.4483642578125,327.01824891652325,317.2143290387498,326.53249390387987,25802500
2023-12-12,331.3105163574219,331.55834003280586,321.73460591035496,321.7742661689522,18485500
2023-12-13,331.8260192871094,335.4244243340028,329.74432436086573,331.02307290083434,16353300
2023-12-14,330.26971435546875,331.7863942469266,325.77914995119795,330.9437875845794,19607300
2023-12-15,332.0045471191406,335.71198087708655,328.33674338129157,329.1000296691264,31776900
2023-12-18,341.6200256347656,344.5344349076749,334.0861787405234,334.5421961519274,18993900
2023-12-19,347.31005859375,350.5218745666176,342.11568311875016,342.57167029164464,17729400
2023-12-20,346.239501953125,351.8700500578923,344.76248214532603,345.6149812888574,16369900
2023-12-21,351.007568359375,353.3073795313147,346.17004494664536,349.90724566402645,15289600
2023-12-22,350.3137512207031,354.0905827144297,348.16262778042943,352.4846594181729,11772800
2023-12-26,351.74114990234375,353.8724581015916,350.3731883758891,351.8997607137992,9898600
2023-12-27,354.7150573730469,355.8748857712245,352.2170049987148,352.9703988386223,13207900
2023-12-28,355.2008056640625,358.7496281934857,354.69523557044886,356.5687975042497,11798800
2023-12-29,350.87872314453125,356.8661526201397,348.7573678571759,355.8649351224526,14987100
2024-01-02,343.2755126953125,350.08570368515996,337.0501820548259,348.2617247349704,19042200
2024-01-03,341.47137451171875,344.921091847354,340.19259554865863,341.97694461960975,15451100
2024-01-04,344.0982666015625,345.11929909621364,340.41064851615806,341.5010789113967,12099900
2024-01-05,348.88629150390625,350.4227866714276,343.2458204666084,343.9694464639919,13920700
2024-01-08,355.5377502441406,355.85497179924204,348.9852767394385,351.6122318184761,13890200
2024-01-09,354.31854248046875,357.500621013295,352.266554698049,353.2975099042569,13463900
2024-01-10,367.2449951171875,369.69349454560995,355.9541325367698,357.0346705179699,22117200
2024-01-11,366.4519958496094,369.5349084412359,359.7706477096314,368.8905728121484,17205400
2024-01-12,371.2300109863281,373.7776460956339,366.32311946752475,366.9377174545656,19310000
2024-01-16,364.2611999511719,372.3402469912931,364.0332214951215,370.39731754067816,15306900
2024-01-17,365.1632995605469,365.33183300535507,355.48825160061466,363.1113118453537,12724800
2024-01-18,372.855712890625,373.5694463469894,367.72081315695874,368.25609056029504,16354300
2024-01-19,380.11199951171875,381.0140511493726,374.67969316917856,375.7007255933001,21670800
2024-01-22,378.45654296875,386.9519470116833,377.8419450079911,384.5728454450382,17680500
2024-01-23,381.8468017578125,384.9991122312808,378.75393630536456,381.2718337835055,15506100
2024-01-24,387.2989501953125,392.70148953741614,384.4340932605351,386.60503162752025,15698500
2024-01-25,389.75732421875,392.047213033443,382.302797409854,386.7735471204069,15091100
2024-01-26,390.7089538574219,393.33587907319196,388.18113392185984,390.91711729854256,13163700
2024-01-29,397.529052734375,399.422429541813,389.6780144066085,391.55154595567524,18742400
2024-01-30,396.577392578125,402.8225376750017,396.0916678100326,400.0766619883151,18614700
2024-01-31,386.7438049316406,394.53536828693876,383.7302599797155,385.6137142301989,20180800
2024-02-01,391.3434143066406,397.01362256052823,389.6284631736777,390.5107301891786,29727100
2024-02-02,470.85516357421875,481.7296700383125,449.0665206306807,455.5991505122071,84707600
2024-02-05,455.4107971191406,467.79206083413476,455.22244866654785,465.7896560115249,40832400
2024-02-06,450.7615966796875,463.05364680414374,449.05656832277816,459.96081170368444,21655200
2024-02-07,465.5021667480469,467.41535863754694,452.20889855772646,454.0130625295491,23066000
2024-02-08,465.9085388183594,466.4933990985611,460.98180263396944,464.2431708762343,18815100
2024-02-09,464.0350036621094,469.4673101663156,463.40059070831603,468.83289721252225,18413100
2024-02-12,464.8182067871094,474.9789802603111,462.51839518929904,464.1143958268208,19382000
2024-02-13,456.1146545410156,463.8170361194785,451.128441857569,452.89294576289404,20916600
2024-02-14,469.1600646972656,469.98282618084056,462.0326517085822,463.8566307551382,16858400
2024-02-15,479.8164367675781,484.366476420445,468.10924721096126,471.1426069795392,24212300
2024-02-16,469.1996765136719,474.7905636276594,465.1254390286169,473.94795697120554,23324600
2024-02-20,467.6434020996094,472.034831556268,462.49857878513245,465.63107452057716,18015500
2024-02-21,464.4479675292969,465.4105449209844,458.2557345756037,462.9296784768427,12921800
2024-02-22,482.4094543457031,486.2398976603028,472.416516880951,476.56451837363556,21625800
2024-02-23,480.3255615234375,490.57648938610384,478.65842637192833,484.31478426826664,18374300
2024-02-26,478.05303955078125,482.419388801166,476.92178017882867,479.7698100644105,12101400
2024-02-27,483.32244873046875,483.5407662161046,476.2470421891275,476.3065805684811,10809600
2024-02-28,480.3156433105469,487.29183946523705,479.05537389204176,481.28815398786173,12715500
2024-02-29,486.37890625,487.936897879875,478.916439479653,484.7018378583035,17732000
2024-03-01,498.4556884765625,500.3907764734073,488.0856846060254,488.34367413066025,16273600
2024-03-04,494.377197265625,500.5595280134549,492.62075453598,499.1503823962354,12324100
2024-03-05,486.4681701660156,491.7871336101802,484.15601582408954,491.2115858850194,15325300
2024-03-06,492.2932434082031,499.120593170195,490.50703156108455,493.8214657207925,11757900
2024-03-07,508.27008056640625,515.871429965554,497.5428147005372,499.428267454864,18586400
2024-03-08,502.0777893066406,519.5629320729014,495.52829549516997,510.254715842795,18597100
2024-03-11,479.8889465332031,493.51387789657764,472.3570385649575,493.2062528362001,20428300
2024-03-12,495.9252624511719,498.4656675759742,481.02022594568126,489.48494207040557,15448200
2024-03-13,491.7772216796875,497.14582052729384,487.27195954593,491.5986065562737,12090700
2024-03-14,488.0658264160156,497.5129856516663,484.4239312675284,496.43133146634375,12620000
2024-03-15,480.3949890136719,488.0658087524492,477.61640039856326,485.2674143918524,29153600
2024-03-18,493.1764831542969,493.61311813323977,483.0843037003027,488.14527802239974,11755300
2024-03-19,492.4421081542969,492.82913789689565,477.59661025996246,484.43389344040116,10903100
2024-03-20,501.6510925292969,504.31060469928195,491.3803284187274,495.6771763017406,11711100
2024-03-21,503.8739318847656,511.09818381772453,502.13732529141583,510.7707530405325,9712500
2024-03-22,505.6800231933594,506.0670529466161,500.4801361234696,503.11978200634246,8120600
2024-03-25,499.170166015625,503.33803376728696,496.41144373322453,501.9189854253503,8380600
2024-03-26,492.09478759765625,506.09678408775653,491.4199688696871,501.26406081847875,11205400
2024-03-27,490.080322265625,496.0642018848251,484.3346567294072,495.4786906872178,9989700
2024-03-28,481.8636779785156,489.1177599265289,481.4369761827551,489.06812442310434,15212800
2024-04-01,487.58953857421875,493.62299295598973,478.0927737479156,483.4713059825083,9247000
2024-04-02,493.5634460449219,493.7222251422253,480.94079550745505,481.3873636113719,11081000
2024-04-03,502.86175537109375,503.35792871942033,494.9329149557214,495.1115300929547,12099200
2024-04-04,507.0097961425781,525.943758109554,506.67237161008114,512.4676727823381,26476300
2024-04-05,523.3041381835938,526.638408576823,510.47304198515513,512.9043035265651,19263300
2024-04-08,515.2760620117188,527.4223768254514,514.9188317096773,525.2293292201076,13260600
2024-04-09,512.9439697265625,521.845289446962,502.86169458913326,518.2331333714253,10863800
2024-04-10,515.8516845703125,518.5607721130685,501.92902906865277,505.3923401990087,11418500
2024-04-11,519.1560668945312,519.8507216900733,513.3309966786047,517.1217682967572,10369500
2024-04-12,507.9822692871094,516.2088319033819,505.4319310018834,513.7875035345007,11984500
2024-04-15,496.4015808105469,514.5615428654139,493.4741460488993,512.7653372648631,13512900
2024-04-16,495.9351501464844,500.90678605584037,493.30540740997316,494.29775401725584,9847900
2024-04-17,490.38800048828125,499.30918796557245,483.41180413654007,499.24964958405695,12193700
2024-04-18,497.9595642089844,508.28992732102284,495.22070789767196,495.99473711582823,14808700
2024-04-19,477.3882141113281,498.95188761147057,472.08908659081203,498.95188761147057,25215400
2024-04-22,478.0431823730469,488.24450514549414,469.7769174777012,485.97202274350616,17271100
2024-04-23,492.30316162109375,494.9428072503399,485.2277254126733,487.4902744828821,15079200
2024-04-24,489.72308349609375,506.09680361298444,480.87133784126775,504.17164864318624,37772700
2024-04-25,438.0019836425781,442.35836983181287,411.32769996695043,418.17488602057387,82890700
2024-04-26,439.8973388671875,443.02322464354364,428.65403477490287,438.0813276050655,32691400
2024-04-29,429.3089599609375,436.3943288699641,425.2800353874173,436.1958474461991,21502600
2024-04-30,426.8777770996094,436.2554348890997,426.43120898791216,427.7510167239678,18429500
2024-05-01,435.8287353515625,446.51629805901524,423.84117064830116,425.31978777610783,20344900
2024-05-02,438.2996826171875,440.562231878881,428.9716297061358,435.48142162693887,15221300
2024-05-03,448.5010070800781,450.69411509659585,440.4530898609674,442.5171576767287,16489100
2024-05-06,462.115966796875,462.592304076786,449.8704131384758,452.093259876696,15094600
2024-05-07,464.6563720703125,467.9212009325345,457.7794172557727,462.7213143300044,13406800
2024-05-08,468.9830322265625,471.9402058578811,459.4564983423583,459.9526716667021,11683900
2024-05-09,471.78143310546875,472.4363552104369,464.0510446249137,466.40290121752565,9437700
2024-05-10,472.55548095703125,473.8455194723548,466.0059870918143,473.4386537168411,10750000
2024-05-13,464.42816162109375,469.7272890553807,459.30764931420595,469.13187501336745,14668800
2024-05-14,468.2388000488281,468.9235216998096,456.558859918331,459.82368906593655,10478600
2024-05-15,477.8546142578125,478.8072585621629,467.59375353224107,471.34482265738814,13100500
2024-05-16,469.60821533203125,474.0340729044409,469.1318780385458,471.36465799748123,16608200
2024-05-17,468.29833984375,469.1815126685142,464.83505951456476,467.2265884372279,10807300
2024-05-20,465.2518005371094,469.5784476860999,463.4655886777014,466.3533210681569,11745100
2024-05-21,461.0740051269531,467.0975562508918,458.73205140568564,463.54493846751484,11742200
2024-05-22,464.1999206542969,470.09446225330197,462.0862174173585,464.28922821985554,10078600
2024-05-23,462.21527099609375,470.72959284124823,458.0077304397397,469.26093902351244,11747900
2024-05-24,474.5600280761719,476.17755800168163,462.73124238654253,464.0411472655585,12024300
2024-05-28,476.2470397949219,477.17981782811154,471.205901618862,472.9325751794718,10175800
2024-05-29,470.7294921875,476.17749530848505,470.07457011823584,471.02721432117875,9226200
2024-05-30,463.4754943847656,468.1196997588506,461.1534068397315,468.06016138210737,10719600
2024-05-31,463.2572021484375,465.52968459800337,450.98187816881347,462.23508624663583,16919800
2024-06-03,473.8356018066406,475.92946902820285,464.65639510838076,467.2563385385533,11279400
2024-06-04,473.3393859863281,475.2248687174636,469.6081834348504,473.34931914302285,7088700
2024-06-05,491.2711181640625,492.8489456650612,480.2064593427849,480.74233500026116,15690500
2024-06-06,489.9810791015625,498.97173709860135,487.133049134123,489.20704994565904,10667300
2024-06-07,489.1872253417969,495.091700375797,486.41859982731586,492.11466024786785,9380700
2024-06-10,498.7534484863281,498.81298686453346,489.63378005499686,490.0803178915368,11220900
2024-06-11,503.58612060546875,503.71513050642415,494.45651994785885,496.33206952203005,9673700
2024-06-12,504.9456481933594,510.07609352042476,500.60909832909755,510.05622720634506,11983200
2024-06-13,500.2419738769531,505.46169688773693,497.5229233456596,501.8396375159677,9954600
2024-06-14,500.7982177734375,503.76827047428316,497.41095233353604,499.29827689365226,10243300
2024-06-17,503.2517395019531,507.3442620321648,492.70255969673593,498.3248218231231,11266600
2024-06-18,496.1593322753906,502.6259325307895,491.71913754817786,501.19553219490325,13060400
2024-06-20,498.3546447753906,500.31150990328194,493.45749528868265,498.652632230771,11801200
2024-06-21,491.48077392578125,500.09297514636967,489.1067263628177,500.09297514636967,22359200
2024-06-24,495.583251953125,504.41395731690596,490.9940631467727,495.87132670955725,13525300
2024-06-25,507.1953125,507.3045644664891,492.19599361461826,493.7356460502404,12063200
2024-06-26,509.6984558105469,510.38385724147327,501.3147322130294,503.27159725374554,8882300
2024-06-27,516.095458984375,519.3933277808096,510.47322776643625,510.8208696393797,10121200
2024-06-28,500.8577880859375,518.4000322459863,500.48031713157917,513.7015919827431,15855100
2024-07-01,501.3147277832031,503.2020522993896,489.8814984155555,501.58294679281164,10328200
2024-07-02,506.1026306152344,507.0959625693369,496.11965660213826,497.4209190368857,7739500
2024-07-03,506.5595703125,507.87077580738145,502.6458398685603,502.9935121259422,6005600
2024-07-05,536.3097534179688,537.2633737862543,508.18856248198745,508.18856248198745,21354100
2024-07-08,525.7904663085938,539.190504390823,523.1382870220716,538.733549875278,14917500
2024-07-09,526.4658813476562,533.8959841966067,524.667953121388,530.1908757911539,8753200
2024-07-10,531.1246337890625,535.2866968575805,524.8368259127777,527.2506151441854,10983300
2024-07-11,509.28131103515625,531.8895562792189,504.9801666469837,527.3500219197413,16458300
2024-07-12,495.5434875488281,504.70200901700827,490.93444322689584,494.4409036740209,19750500
2024-07-15,492.8515930175781,503.3014344107721,490.0801883381436,495.3051241917836,12539200
2024-07-16,486.5240478515625,500.58963142634576,482.55072018571695,498.1559561053816,14075800
2024-07-17,458.9093933105469,475.9748583365877,456.0585356169319,475.9748583365877,28076600
2024-07-18,472.677001953125,476.04438141112735,461.4424203212603,471.83266375516723,19267200
2024-07-19,473.6107482910156,483.46458424586564,472.5379328105717,472.88560505542085,15149400
2024-07-22,484.1499938964844,488.77892449316187,480.6733320174168,483.3354544094365,12023100
2024-07-23,485.4313659667969,491.9178220255653,484.4678328165319,486.5736915826986,9455500
2024-07-24,458.1942138671875,473.12399173942754,457.5088124022394,469.1606069922724,17649700
2024-07-25,450.38665771484375,460.4590282516497,439.6983958852032,460.17098380293606,18240500
2024-07-26,462.5947265625,466.6375647815951,456.35660278759616,461.10472855593935,14222400
2024-07-29,462.6045837402344,470.7995717926328,461.91918231436165,466.7467910394615,11339600
2024-07-30,460.1014099121094,469.57780482339075,453.6546955153981,463.88600206485654,11390400
2024-07-31,471.663818359375,473.32269613102295,463.6377091692654,467.8792258794459,24285800
2024-08-01,494.4210205078125,523.6547716585801,488.8186442383986,517.5259306837595,43083100
2024-08-02,484.88507080078125,497.8082988081169,472.97500015148046,485.7393217238086,24044700
2024-08-05,472.55780029296875,480.2561225927905,447.79401274658,448.34036348534045,21396200
2024-08-06,490.7953796386719,499.2089024694643,475.4583319023931,475.80600414778166,20955000
2024-08-07,485.6598815917969,506.74829997819876,483.6135898383969,499.77512044060245,20105300
2024-08-08,506.23175048828125,506.55953668319745,491.4211679453795,494.18262946631637,16156800
2024-08-09,514.3175048828125,514.8837113715979,502.3279809305961,504.3245575432351,13696600
2024-08-12,512.5097045898438,514.5659092940476,505.70537370217875,513.4136101164537,9767400
2024-08-13,525.0156860351562,527.9559706517589,514.6950123852472,516.5425953987603,13743800
2024-08-14,523.2476196289062,530.4393342352577,519.6418193043561,524.5389392158282,11444200
2024-08-15,533.7471313476562,536.1708639926986,523.1880067278528,528.2440329479462,13482100
2024-08-16,523.903076171875,530.1014573197285,521.1614705192093,528.3532441619528,14776700
2024-08-19,525.750732421875,528.1148065447744,519.2741890909025,523.3567686125551,9879700
2024-08-20,523.2176513671875,527.5486241898866,522.3733435694845,524.8268440690854,7944400
2024-08-21,531.5914916992188,535.8032700316064,523.4163892745524,523.6349538269176,13423300
2024-08-22,528.3831176757812,540.6010899407597,525.0654225328738,533.4193185170498,15708300
2024-08-23,524.479248046875,536.2700929585844,521.55884980876,533.3397517008707,11323900
2024-08-26,517.645263671875,524.4793939585595,511.5164210630617,524.0820368330744,9584000
2024-08-27,515.6385498046875,520.5158432413665,511.87384384105246,515.5193548304624,6282700
2024-08-28,513.3340454101562,517.6153031156273,509.0329016673362,514.2180646497437,9106100
2024-08-29,514.7644653320312,523.6846276660798,512.2414239497651,515.5889478445253,8317400
2024-08-30,517.8339233398438,520.0490343879956,511.7646791262931,517.8736347952997,9157500
2024-09-03,508.3475341796875,521.9859615332059,505.22845751609213,516.1749942685213,12459100
2024-09-04,509.3210144042969,513.1453787891634,500.70884337263965,502.6955072728807,8335200
2024-09-05,513.4135131835938,518.1517257651456,507.74159650154314,508.307802962019,8640900
2024-09-06,496.93414306640625,521.0820696565472,494.9276235238455,518.4000613773472,14744500
2024-09-09,501.4240417480469,507.9204108518389,498.7320903469637,502.78490166446124,11047800
2024-09-10,501.4240417480469,510.751412962104,496.69577198232815,504.77156555740726,9899000
2024-09-11,508.41705322265625,509.69845986206315,492.29529588084,503.6292165016286,10782500
2024-09-12,522.09521484375,523.1978593142228,511.7844250205015,513.6022393471186,11970500
2024-09-13,521.121826171875,524.0621107021185,513.6618931917054,516.8703967615143,10321400
2024-09-16,530.2294311523438,531.0446869851908,514.4402669362904,521.5393768501115,9527600
2024-09-17,533.2520141601562,538.9989183875797,527.5349067624319,534.5246604241431,11690800
2024-09-18,534.8726806640625,541.0869276726933,530.845860739671,533.9977098303668,10323500
2024-09-19,555.901611328125,558.8546528253562,543.3936196511286,546.8536926871561,15647000
2024-09-20,558.1387939453125,561.2707987619654,553.1176944195414,556.7965408444652,22066800
2024-09-23,561.1812744140625,570.6965366558616,559.1927153838685,566.2421838477487,12830700
2024-09-24,560.1074829101562,564.5021812702805,551.0197537936696,563.4382949321094,12993000
2024-09-25,565.05908203125,573.5800661639017,560.495311602097,560.8234408883014,16543400
2024-09-26,564.591796875,574.0971081324976,559.1331504876267,572.436617382725,14400800
2024-09-27,564.1144409179688,567.5745750797583,561.2807684246667,566.8387572234752,9398400
2024-09-30,569.1654052734375,571.392581823153,561.5690947166503,564.4525297734127,12792300
2024-10-01,573.1723022460938,579.7047261626475,566.8387463764593,574.6736740742251,15259300
2024-10-02,569.5333251953125,572.7050797135277,566.0832039311861,571.5715863452846,6524700
2024-10-03,579.4362182617188,580.0228091163762,565.476496817631,566.8884172422595,11581000
2024-10-04,592.5309448242188,593.4357124935896,578.1039391514795,580.3907699305325,14169500
2024-10-07,581.434814453125,599.5008565761534,580.698996622439,594.7978731184487,12014200
2024-10-08,589.4984130859375,590.1645633879729,582.6179549512773,586.3167064096679,7857400
2024-10-09,587.1320190429688,590.9898285010107,578.2829068901802,590.5920924118491,9529700
2024-10-10,580.490234375,586.8535869486327,579.1877306195246,584.2088301034865,7740400
2024-10-11,586.5753173828125,587.8281195065246,579.376742110834,581.4846102064073,8587100
2024-10-14,587.04248046875,596.6670986656153,586.585150741633,590.8207303998246,8252000
2024-10-15,582.916259765625,587.2313987957768,576.8213215978997,586.7839608852024,9564200
2024-10-16,573.490478515625,578.7502561624128,570.7463179400054,578.074153352245,11268400
2024-10-17,573.6296997070312,581.6236855285798,571.9096154864388,579.9931131702996,8701200
2024-10-18,573.1723022460938,580.6293988605148,571.9593103260983,577.7758214109436,7694300
2024-10-21,571.8698120117188,573.937930513858,565.8544327374575,572.7348910706112,8171900
2024-10-22,578.6806640625,580.1919884331684,568.8472245196812,571.0047942012734,8544500
2024-10-23,560.4653930664062,581.6534860008076,559.2821980776996,576.6522311713827,14248400
2024-10-24,564.5321044921875,565.6257877856776,558.3079044414983,563.885798473118,7184700
2024-10-25,569.9707641601562,577.9647500652169,568.4494872870167,570.6468669862153,11337900
2024-10-28,574.8526611328125,580.410710743533,570.8357934356153,578.67072146079,10925100
2024-10-29,589.88623046875,590.2739533915471,572.1085063582906,576.8313344603039,13019100
2024-10-30,588.41455078125,597.7608016379978,586.0084115680872,597.5420286080739,26864900
2024-10-31,564.3331909179688,586.5255172425846,559.7893261973286,581.6535232859577,26838400
2024-11-01,563.9155883789062,570.3883582518947,559.3419265164682,564.3630263338429,15303200
2024-11-04,557.47265625,565.4368452329544,554.6986381254013,560.87307535209,12064600
2024-11-05,569.1553955078125,570.1993768247104,563.4283359927113,564.0547369200507,9775400
2024-11-06,568.777587890625,569.7221655728422,551.9941447200907,559.5308004818795,18305400
2024-11-07,588.3153076171875,591.397550397011,571.9196451578358,573.5900277629676,14653700
2024-11-08,585.9688110351562,589.7072516411704,581.1763757138644,588.1561777738406,9415700
2024-11-11,579.833984375,583.6420920185832,573.2121093173138,583.0057385461188,10209100
2024-11-12,581.4744873046875,596.2295596498808,577.0598843312688,585.1731775517687,16287700
2024-11-13,576.68212890625,582.2898800347385,571.8797417717248,579.2771839216865,10757600
2024-11-14,573.8583374023438,577.4377800631241,569.7321138322568,573.6992793820006,11053700
2024-11-15,550.910400390625,569.2946185704093,548.3451422976771,567.9523048385856,17712900
2024-11-18,551.2286376953125,556.6971755268692,546.943295022024,553.8534897330912,14327300
2024-11-19,557.8804931640625,558.2185143200574,547.4504468337793,548.7032491218148,9522400
2024-11-20,562.2850341796875,563.110242576314,551.0297815177419,559.709823243458,9797300
2024-11-21,559.8688354492188,566.739279664007,545.9091133005595,566.2620449532839,11154700
2024-11-22,555.9415283203125,560.6047022245103,551.4175681293176,560.3262747981044,9164000
2024-11-25,561.8772583007812,569.3145100236936,553.2071704273792,558.8844673779386,13599800
2024-11-26,570.2590942382812,574.1964632618979,561.9668364413141,562.7622479761632,10356600
2024-11-27,565.9439697265625,571.6908743519631,560.8731072719025,571.601423170664,7200200
2024-11-29,571.03466796875,575.1510000832634,563.6571303183109,565.7450932068846,7130500
2024-12-02,589.438720703125,591.0991504414684,572.2774471807156,574.1963992934365,12522400
2024-12-03,610.1396484375,610.6864900333547,587.8677630350062,591.5963112149323,14907200
2024-12-04,610.2689208984375,614.2460390304662,601.6385211482492,609.4536043990507,14697000
2024-12-05,605.4466552734375,616.353933785045,603.5774048146206,613.5500580968196,8081200
2024-12-06,620.2017211914062,626.1872423031517,605.0489118572826,606.6098772133706,16935500
2024-12-09,610.06005859375,622.8166811211822,602.7023662786942,620.3508267816162,11426000
2024-12-10,615.7772216796875,622.0113739130567,609.234845211511,614.0272799520044,10938900
2024-12-11,629.060791015625,634.7481017123007,617.9746102226054,619.804050647096,10837200
2024-12-12,627.1815185546875,633.017934128409,623.6220417827839,627.887478818055,7474700
2024-12-13,616.80126953125,627.469929936179,613.3611012669363,623.6319649076017,8453300
2024-12-16,621.1697998046875,628.0458484641597,615.537664023434,626.8815591289001,10885600
2024-12-17,616.3933715820312,629.2597698587709,613.5076105410767,623.0902515630854,12897800
2024-12-18,594.2527465820312,624.2743396016706,593.3870305020766,617.9456355913278,17075500
2024-12-19,592.6406860351562,608.5122478337648,592.0734823017316,607.3878008993366,14958100
2024-12-20,582.3715209960938,600.1436642411298,577.1473424651591,587.675323062813,48989400
2024-12-23,596.8995971679688,598.1335492116074,583.366513431805,586.7000120717197,10205800
2024-12-24,604.7608642578125,604.99967413285,596.3325519539701,599.7555744761255,4726100
2024-12-26,600.3824462890625,603.3179490935831,595.994163249834,602.5019749107529,6081400
2024-12-27,596.85986328125,598.8898077827639,586.8990872280444,596.4618063664631,8084200
2024-12-30,588.3319091796875,594.0038852291777,582.6997752560201,585.8541662451341,7025900
2024-12-31,582.6301879882812,591.048538740922,580.9783186606066,589.3569487521584,6019500
2025-01-02,596.2926635742188,601.9347590067932,584.9288491785778,586.8194676993116,12682300
2025-01-03,601.6561889648438,606.5022314682295,593.4765866809927,601.7855544308446,11436800
2025-01-06,627.1004638671875,627.8865565009487,602.6413400646944,608.8208189352832,14560800
2025-01-07,614.8509521484375,628.9910220723464,605.2384303850833,628.5930258941997,12071500
2025-01-08,607.7161865234375,613.4080846789525,599.8251969713253,610.3830585744919,10085800
2025-01-10,612.8308715820312,626.8117543633127,594.4020036952091,607.0295902270824,19256600
2025-01-13,605.3379516601562,605.9747576676493,595.5065414878209,604.1139601037415,10785000
2025-01-14,591.3272094726562,602.5119163465189,585.6552325061541,602.0939991024484,13598000
2025-01-15,614.084716796875,619.3984789584875,603.5169556717734,607.2087300599234,15524300
2025-01-16,608.2933959960938,613.2190622741323,606.7112501958828,608.4924244716136,8355300
2025-01-17,609.756103515625,621.896049094774,600.7008255237737,620.9805911305821,17280600
2025-01-21,613.427978515625,618.4431675349931,606.0146090104106,614.791235345522,11674000
2025-01-22,620.433349609375,630.5831936184607,616.3833603918935,620.2343211513619,12274000
2025-01-23,633.3197021484375,633.4689279487995,618.0949656788501,624.27438359991,9910200
2025-01-24,644.3053588867188,648.7931865048288,631.0807466276091,633.2699382382675,19065300
2025-01-27,656.6344604492188,660.6048263723562,622.025492753922,623.5280757089856,28399200
2025-01-28,671.0133056640625,679.2227278037134,656.2263488394118,662.724260000907,20950100
2025-01-29,673.1627197265625,677.7002892439266,662.3959298804792,671.6800579089199,21377800
2025-01-30,683.6210327148438,707.294001197109,672.774619401076,693.3927409364592,29322900
2025-01-31,685.790283203125,701.8309926464267,682.2080139805101,687.6013388802664,19303900
2025-02-03,694.0296020507812,700.5374135449807,671.9288188867163,672.5855459885331,21415700
2025-02-04,700.7265014648438,704.2292080677055,688.2083581609453,699.0448111623289,13826300
2025-02-05,701.4031982421875,714.6079511816394,695.5720343457091,700.0896831751202,17778200
2025-02-06,708.4880981445312,715.3641456188349,700.0398655613205,702.4081644926629,13080700
2025-02-07,711.005615234375,721.4440099000519,708.249220189881,713.2743693522815,16427100
2025-02-10,713.87158203125,717.6528800590577,707.8314292796238,715.0258499928055,12904300
2025-02-11,716.259765625,720.100766250331,706.5477589206668,709.8116559132554,12998000
2025-02-12,721.812255859375,723.523766963731,709.0950845634602,711.7818168815365,12016500
2025-02-13,724.9766845703125,725.4145229257568,714.5084061760308,717.9713316181679,12569100
2025-02-14,733.0467529296875,737.2658892402018,722.0511132817282,722.5685751543255,16901200
2025-02-18,712.8465576171875,733.3750946365709,702.9654052178096,732.3800130970368,21938700
2025-02-19,700.30859375,703.5226878675882,691.9698051227019,700.6369269472729,17535500
2025-02-20,691.4224243164062,702.1593313419692,690.2283144244507,693.8504254939003,12587400
2025-02-21,680.1879272460938,700.4079900217689,679.0037778663954,693.1538679639241,15660400
2025-02-24,664.8438110351562,683.8896856241412,659.1917553729045,682.9045646514273,15677000
2025-02-25,654.26611328125,664.7144694629277,638.703023401866,662.6944247816905,20579700
2025-02-26,670.3864135742188,679.650619839028,654.7636219966097,656.4055307530449,14488700
2025-02-27,655.0025634765625,685.2630317535095,654.3358757484566,679.0935131137419,12500000
2025-02-28,664.9135131835938,666.3364725318584,639.4393887052988,654.8034504822056,17534200
2025-03-03,651.828125,677.8992724698688,647.638870751695,670.3664982200642,10843800
2025-03-04,636.8522338867188,646.5542796373367,620.5826737681288,642.3351433054311,21495200
2025-03-05,653.2410888671875,656.2562148067185,634.5236092639633,637.8472080229061,13770000
2025-03-06,624.8416137695312,647.3603163884869,621.0403945748483,644.8129097915485,13446500
2025-03-07,622.582763671875,631.6678640718745,597.6559802759192,622.2942118555259,21375700
2025-03-10,595.0487670898438,607.1091498209839,583.9834658430217,605.0792054575583,21999900
2025-03-11,602.7308349609375,611.9054572036264,590.4117211785095,592.1232321992892,17401500
2025-03-12,616.5126953125,630.2149870827395,606.352891273559,626.8018648059933,15747000
2025-03-13,587.7349853515625,617.4481060645986,583.6252936627146,617.1993356753703,16480300
2025-03-14,605.1494140625,606.4043419789234,592.381172955088,600.3687854957838,12364500
2025-03-17,602.4603271484375,610.62720608086,595.5881320780952,605.0099996635669,15473900
2025-03-18,580.01123046875,597.8290917063831,572.34227369431,597.6298861819188,20297700
2025-03-19,581.7044677734375,589.9311646960157,572.4519564790293,581.9236121177603,20537500
2025-03-20,583.6365966796875,607.7390075399582,577.1727812993547,580.4096736870833,24336500
2025-03-21,593.8451538085938,595.1299289868875,578.6068752271511,581.0668838344467,25015900
2025-03-24,616.3540649414062,620.0291850741187,609.7309218178737,612.4897086743648,15741300
2025-03-25,623.7840576171875,631.3235347184631,618.6747423038911,624.2322549021957,15312500
2025-03-26,608.5158081054688,624.2222248223229,604.163437823038,622.3697410659778,12609800
2025-03-27,600.1497802734375,611.7726975303846,597.6797409070035,599.572102422941,10436500
2025-03-28,574.4139404296875,599.3230823357646,571.605306475786,597.8888875675808,17602800
2025-03-31,574.0354614257812,576.3660506926756,551.0684674021583,561.2273418254761,21124700
2025-04-01,583.6365966796875,587.5308004666896,567.7011264631773,568.5377653967017,12836600
2025-04-02,581.574951171875,590.2697228543149,571.0475736256388,572.5913101802249,13470800
2025-04-03,529.4758911132812,550.3314393515183,528.1612075786397,544.016982785148,34777500
2025-04-04,502.6943664550781,515.9108358048159,492.2068365877987,504.5767280238223,38589800
2025-04-07,514.1678466796875,537.1945936136326,479.9563819403582,483.14348777248983,36606100
2025-04-08,508.39129638671875,545.2221314563009,500.8318811641039,541.0589972717423,28034200
2025-04-09,583.4075317382812,585.5189766353849,500.0849095170737,507.21603593950647,39216600
2025-04-10,544.086669921875,578.9554765876964,533.1410047447706,573.1689120321386,28173500
2025-04-11,541.377685546875,545.1922554454453,526.4581222037267,533.3501954996136,17642300
2025-04-14,529.3364868164062,555.5204964254532,526.1494412576809,553.926912857093,14130900
2025-04-15,519.4166870117188,535.7704467995947,515.41288054515,529.9639426413264,15558700
2025-04-16,500.28411865234375,511.2995098605443,493.6310672206579,506.4591254364096,18735100
2025-04-17,499.45751953125,505.2540241094821,496.0015129816489,503.2123040095489,14593500
2025-04-21,482.7052917480469,491.50963495584347,477.8648771062618,489.3483735420339,16166000
2025-04-22,498.2623291015625,504.8357168469179,484.3984562132767,489.8862436640875,17399400
2025-04-23,518.1718139648438,533.1810452072849,514.4369374018643,526.3985118004744,18173900
2025-04-24,530.999755859375,531.7467310045646,515.4128501808216,516.6378699664548,13910000
2025-04-25,545.0628051757812,547.6423253119987,534.0872308807745,544.5946691393716,17098900
2025-04-28,547.5228271484375,556.2375374162976,538.409766598872,553.3990561017924,15179000
2025-04-29,552.203857421875,554.3252716550422,541.9254723342877,543.7978948573555,11835000
2025-04-30,546.7858276367188,546.8854000110363,527.3644731031741,536.2286028212618,29244000
2025-05-01,569.9022827148438,590.558627980007,568.1991573093333,589.6921415778174,31159000
2025-05-02,594.6121215820312,601.9026058918658,575.9974995584959,581.1068141330562,24739300
2025-05-05,596.8530883789062,600.7772002962906,585.6783084359005,588.8355064073843,13887700
2025-05-06,584.9413452148438,593.6262086030198,584.2143087960085,590.1403242884969,10600700
2025-05-07,594.4029541015625,600.6476855016655,584.3038359796805,587.9789559689339,13139100
2025-05-08,595.5982055664062,608.8345844494372,594.2137969163823,603.8447803031055,14622800
2025-05-09,590.1004638671875,604.5220462267766,589.3236412362096,601.2851535548689,10427300
2025-05-12,636.85107421875,637.8072242767122,618.5253206919152,628.3753866174048,21965100
2025-05-13,653.3841552734375,658.254386921773,640.2373808266427,642.9364120582926,18570800
2025-05-14,656.7007446289062,659.9973927569988,651.6711237576287,658.543319934739,12348200
2025-05-15,641.283203125,654.6590319374474,636.0045904601806,651.6412836963046,14341800
2025-05-16,637.7574462890625,637.8570186595293,623.6246741050281,635.3870402976211,18519000
2025-05-19,637.8470458984375,640.4066880114517,625.2679796518272,625.7161768945482,9592400
2025-05-20,634.530517578125,636.7714432087338,629.7100715967877,633.4449476478025,6743500
2025-05-21,632.9369506835938,644.0021281038256,627.6284302053292,629.2418916838421,11464600
2025-05-22,634.0026245117188,640.6556757699244,628.1662733645643,631.492768599171,8228400
2025-05-23,624.5309448242188,629.8992205141227,620.1387579436545,621.4832888202177,8454100
2025-05-27,639.7294311523438,640.4863756807556,630.1980211513535,632.8472662118028,9508400
2025-05-28,640.984375,648.2549209907568,639.958499945528,640.0082861312126,9042900
2025-05-29,642.4483642578125,650.6850290446924,636.9207607437914,649.021781530125,8858800
2025-05-30,644.8786010742188,646.790840509364,630.227966818394,639.9087359485001,16241000
2025-06-02,668.1941528320312,670.5446198991036,641.6615825955165,641.7910631431,15766300
2025-06-03,664.1605224609375,672.8553550898889,662.3479161440031,668.7420068089284,11585000
2025-06-04,685.1754760742188,686.2212292149324,665.8736317013958,666.6206069146197,14031900
2025-06-05,681.8587646484375,691.5794100418087,679.4983282686153,688.8703488193835,13083100
2025-06-06,694.8960571289062,699.9754637799698,689.0795839414949,693.3622292653906,11728000
2025-06-09,691.2607421875,702.3458579741853,691.1412310298801,695.6430205968694,12773200
2025-06-10,699.567138671875,700.3937473880201,688.7708312874433,698.5213248498013,10850100
2025-06-11,691.3403930664062,706.0109642368116,689.199040180601,700.871802415462,9582500
2025-06-12,690.5635986328125,692.5754712333077,684.229263706634,690.5038430500748,7322700
2025-06-13,680.1159057617188,691.768730540237,678.2634219344503,685.1754345871889,9274400
2025-06-16,699.8262939453125,704.839891030923,691.2444358848513,697.0454302800655,13720300
2025-06-17,694.9522094726562,703.6636471536132,693.7860487635145,699.7066458929623,10066100
2025-06-18,693.4970703125,699.2980647722242,692.6299173050131,695.8991705300261,10068300
2025-06-20,680.1207885742188,699.5272131557306,676.4528181629199,698.4607014664717,22538600
2025-06-23,696.2481079101562,696.7663678330139,676.5326949790629,681.4565596787132,11080100
2025-06-24,709.8734741210938,710.8602303622849,699.8164082756854,702.5873560730822,13823200
2025-06-25,706.3648681640625,714.2390846812559,703.0756608117819,710.9897247556078,9320400
2025-06-26,723.7179565429688,725.8409420571106,708.7270519250135,712.026236021567,13964800
2025-06-27,731.2333984375,733.0275060697373,723.4887618360168,724.1466398304902,18775700
2025-06-30,735.6788330078125,745.4567832484664,731.851350759088,742.1176905331245,15402100
2025-07-01,716.870361328125,735.3398551388783,713.0329631720402,734.4727021962226,13431200
2025-07-02,711.2388916015625,717.946886332231,710.4713875973353,712.9931517050737,9336700
2025-07-03,716.6611328125,726.6484187341657,712.0861007528597,724.23628063908,8601700
2025-07-07,716.0033569335938,724.6251244960893,711.1792017271277,715.2558069427106,9457100
2025-07-08,718.315673828125,720.5483463866185,712.4748320749653,719.2127580119818,7770700
2025-07-09,730.3861694335938,735.1206520424314,720.3589752323313,720.3589752323313,11418000
2025-07-10,724.8641967773438,733.3962299961528,717.2491410105094,729.1601141641413,9913600
2025-07-11,715.166015625,722.7909877576628,707.3815321195434,720.1397043336653,10873900
2025-07-14,718.5648803710938,725.6217684499236,714.2091611608587,715.2557188520466,8939400
2025-07-15,708.0693359375,722.1032960553172,707.501190694441,721.5352116480268,11529500
2025-07-16,700.6136474609375,711.6375132851348,696.985585155631,711.0394977501286,13067600
2025-07-17,699.1185913085938,703.5939743779064,694.8326508122145,702.0888975460598,11803300
2025-07-18,701.979248046875,702.407835998619,689.3905035678976,699.8960490076172,12779800
2025-07-21,710.6408081054688,714.6576719200774,703.4544009949688,704.4909815749821,9404400
2025-07-22,702.5074462890625,714.2589075119218,699.1185294508831,713.8502737130124,8921100
2025-07-23,711.2488403320312,712.2953979460707,702.627074466955,704.0623726003058,8771600
2025-07-24,712.46484375,721.2560374369583,711.6674693968201,714.7074933384354,10920800
2025-07-25,710.3517456054688,718.2957401275581,709.5743254141869,714.5778842585692,8271700
2025-07-28,715.28564453125,722.3724029167645,710.3518030699777,712.8635901780652,8715700
2025-07-29,697.7131958007812,722.1032264585367,697.6234630507284,717.6478585379464,13267000
2025-07-30,692.9389038085938,706.1854660197899,688.9419939778502,705.7768321791035,27077300
2025-07-31,770.913330078125,782.1863801577031,763.0092430876867,772.667590247117,38831100
2025-08-01,747.5598754882812,763.497629588928,742.8752172910131,758.2448261685668,19028700
2025-08-04,773.833740234375,774.3121526971289,755.9323902785536,757.5172228150747,15801700
2025-08-05,760.9659423828125,780.571667176634,760.507423214992,773.913496774336,11640300
2025-08-06,769.468017578125,771.1126516160077,757.9757159507556,767.4845283360178,9733900
2025-08-07,759.3412475585938,772.4682063669705,757.0686667309535,770.9631295472946,9019700
2025-08-08,766.7868041992188,767.3848805938525,756.1018539756519,760.2582141992069,7320800
2025-08-11,763.3680419921875,770.9332736584846,762.171949999175,767.5643106154529,7612000
2025-08-12,787.419189453125,791.077183084039,769.9065806861354,770.4747258826147,14563100
2025-08-13,777.5316772460938,792.861439232817,775.687684264025,788.5655214330485,8811800
2025-08-14,779.5748901367188,785.2363270315518,769.986322264654,775.3387743217048,8116200
2025-08-15,782.664794921875,793.6488143059948,778.269228256533,781.5883668624648,13375400
2025-08-18,764.8631591796875,773.2755899130946,754.0884756033142,772.5579712024165,16513700
2025-08-19,749.0250854492188,764.663832621222,746.9120158198551,764.6140081257292,12286700
2025-08-20,745.2772827148438,747.7492222984731,728.6119336256934,745.1278092436016,11898200
2025-08-21,736.6854248046875,743.064541108265,730.7150031484181,742.2771438441821,8876300
2025-08-22,752.32421875,754.4273720053774,731.9908982789533,736.81505282597,10612700
2025-08-25,750.839111328125,756.40089964729,747.6794841015795,752.354165267511,6861200
2025-08-26,751.636474609375,752.4039786334924,745.4966249237331,748.3472672479323,7601800
2025-08-27,744.9384765625,751.6863799088018,740.4133296583533,749.8423869559551,8315400
2025-08-28,748.6563110351562,750.5899760103364,738.3799934657852,741.5695520935569,7468000
2025-08-29,736.286865234375,744.69929631257,732.9477723395529,742.845387064901,9070500
2025-09-02,732.70849609375,733.5956032036421,719.3722015925617,723.6681190637612,9350900
2025-09-03,734.6421508789062,737.8317091036498,731.5921498947655,733.5955932459119,7699300
2025-09-04,746.204345703125,758.6734271200463,743.3835736708148,746.1245900119145,11439100
2025-09-05,749.9918823242188,755.4739147328357,742.596139272426,750.1613099282893,9663400
2025-09-08,749.8423461914062,764.0059463353695,749.5632925404257,753.5302710608411,13087800
2025-09-09,763.1985473632812,763.7965628893893,750.9686127504068,755.0153467057662,10999000
2025-09-10,749.5234375,763.1986490989516,748.5466583985636,762.6305038555339,12478300
2025-09-11,748.447021484375,754.6267189634892,745.9252571616319,752.184771170502,7923300
2025-09-12,753.1216430664062,755.095155276553,741.330272625368,746.2840072815898,8248600
2025-09-15,762.2018432617188,771.5412279036273,749.5333431691193,754.9954213012545,10533800
2025-09-16,776.4551391601562,778.8074148399552,762.6005237676653,764.494341124313,11782500
2025-09-17,773.1858520507812,780.7311297077449,763.8066193659058,777.4419223006557,9400900
2025-09-18,777.7011108398438,786.203274581819,770.8336042127465,778.1994774600552,10955000
2025-09-19,775.837158203125,788.2165669565625,766.6771780735046,783.8508708699721,23696800
2025-09-22,763.1751098632812,783.6917575585782,762.4868973227559,779.8218176027002,11706900
2025-09-23,753.4404907226562,768.6010126974617,749.1217058463387,767.2545389947088,10872600
2025-09-24,758.686767578125,759.1356124217834,750.5779133776451,755.5349916265823,8828200
2025-09-25,746.9672241210938,754.8068807440363,742.6185490172081,751.4954858581857,10591100
2025-09-26,741.8206176757812,749.9793904076555,735.4371957410184,748.0544043789391,9696300
2025-09-29,741.4716186523438,748.832479543402,737.2326433015477,746.7777648139662,9246800
2025-09-30,732.4749145507812,741.0425967294805,724.4158582201331,740.3244937368279,16226800
2025-10-01,715.4791870117188,719.9774365591268,708.3576941566364,719.618385039583,20419600
2025-10-02,725.1639404296875,725.8821043267139,716.2770807321521,720.7055653205383,11415300
2025-10-03,708.7167358398438,729.1037149276121,708.3377167266436,727.7372737109582,16154300
2025-10-06,713.8035278320312,715.0203947681905,688.718804278428,703.3607165744016,21654700
2025-10-07,711.230224609375,716.636147605649,703.9192222306009,715.8581417735932,12062900
2025-10-08,715.9779052734375,717.7832075860277,705.9738944950672,711.599278595462,10790600
2025-10-09,731.6072387695312,731.6072387695312,710.5918883665408,716.4167658258609,12717200
2025-10-10,703.4703979492188,733.3626856542741,702.6824691715568,729.0239332852144,16980100
2025-10-13,713.8433837890625,718.072374881022,705.8042950194317,711.1603595995662,9251800
2025-10-14,706.811767578125,713.6938322702155,697.5159365984832,705.9440292511955,8829800
2025-10-15,715.6885986328125,722.0221626881838,707.6694770310874,715.1998794771447,10246800
2025-10-16,710.2228393554688,723.6080097298942,702.0540824517458,715.6886043056783,9017000
2025-10-17,715.0602416992188,716.6760344343375,704.2882698394852,705.2458014471516,12232400
2025-10-20,730.2706909179688,731.8665769499745,718.3118034233538,719.3191931642514,8900200
2025-10-21,731.3678588867188,736.5842723709278,726.8595646449745,734.110725168398,7647300
2025-10-22,731.5074462890625,738.6787972623451,722.1518348008319,731.9264006052239,8734500
2025-10-23,732.095947265625,740.4841042897723,731.1982575844598,732.7941435868839,9856000
2025-10-24,736.444580078125,739.2872233202683,729.2533227506186,734.8786455644157,9151300
2025-10-27,748.872314453125,753.7895182960361,746.069606274355,747.7851152228061,11321100
2025-10-28,749.49072265625,756.4326899204912,743.5860965317024,750.6776381609803,12193800
2025-10-29,749.7201538085938,757.1907150365412,740.5839415998626,752.7921813457194,26818600
2025-10-30,664.7410888671875,679.1935516668058,648.4833846789722,667.414190282622,88440100
2025-10-31,646.6680908203125,673.1392823636344,643.8953340746643,672.7602632515434,56953200
2025-11-03,636.0557861328125,657.6196984387726,634.5297257704245,654.298319497033,33003600
2025-11-04,625.6926879882812,640.0752642850032,624.3860886703497,626.410791028598,27356600
2025-11-05,634.30029296875,640.5639703518489,624.9146693781357,630.6697208898194,20219900
2025-11-06,617.3344116210938,634.3501538797125,616.3968476378337,634.2005186436334,23628800
2025-11-07,620.0972290039062,620.5161224262619,599.640424749484,614.8907386759073,29946800
2025-11-10,630.1211547851562,633.3527401283538,616.5065400363918,629.4529098843899,19245000
2025-11-11,625.453369140625,627.9269165306073,617.7833145947981,626.3709656116134,13302200
2025-11-12,607.43017578125,627.3583261459861,606.1934022078184,626.5005716840028,24493300
2025-11-13,608.3079223632812,616.0478021853295,601.4357808374693,611.4796659420805,20973800
2025-11-14,607.8790283203125,612.088052043071,593.6560102918138,600.2288811530552,20724100
2025-11-17,600.4483032226562,610.1031845088386,593.8554651895852,607.4600346656293,16501300
2025-11-18,596.1395874023438,602.0940719298206,582.2656968950795,590.065358149623,25500600
2025-11-19,588.7886352539062,593.7856483585136,579.7421567881397,592.1797786556917,24744700
2025-11-20,587.6217651367188,605.1461348624172,581.8367616757555,601.9345167857809,20603000
2025-11-21,592.70849609375,596.5684523172222,580.3506215479276,586.9734117815261,21052600
2025-11-24,611.459716796875,615.1002729325323,596.0797338085368,597.1668722231478,23554900
2025-11-25,634.569580078125,635.3974440566444,616.696082618217,622.3813086708644,25213000
2025-11-26,631.9664306640625,636.7041093860743,629.9915861721055,636.0358643802724,15209500
2025-11-28,646.2691650390625,646.3688812783262,633.8514494094911,634.4299618769652,11033200
2025-12-01,639.2075805664062,643.6460494571635,636.1056625060893,637.890997336621,13029900
2025-12-02,645.4213256835938,646.1893476978298,636.4147821721649,640.6737247939117,11640900
2025-12-03,637.9408569335938,647.1668624868771,635.8961867971512,642.7383773862279,11134300
2025-12-04,659.81396484375,674.3461154685141,658.3377626918029,674.2463992276428,29874600
2025-12-05,671.673095703125,672.9398207362489,660.6717397649775,662.2775487290173,21207900
2025-12-08,665.0702514648438,674.9545781663558,663.344758713728,667.603701448277,13161000
2025-12-09,655.2557983398438,662.7562492699393,651.6451938720459,662.0481300460407,12997100
2025-12-10,648.4434814453125,652.8121240146866,641.730959438269,648.2639556943986,16910900
2025-12-11,651.016845703125,653.5801862453618,639.1377070000864,641.6212380225077,13056700
2025-12-12,642.558837890625,709.1556549538686,636.9534211280841,648.1143965293088,14016900
2025-12-15,646.3570556640625,651.8372704406642,637.5627451568915,644.5502809809109,15549100
2025-12-16,655.9799194335938,661.3602758295988,642.054746271156,642.3541999133257,14309100
2025-12-17,648.343505859375,660.0526000253047,648.0440522221027,654.4426118233187,15598500
2025-12-18,663.266845703125,669.3659511843067,655.2910830082761,655.8600753372949,20260300
2025-12-19,657.5969848632812,669.8051880946751,657.0080086354003,665.2333263832898,49977100
2025-12-22,660.3221435546875,672.3806511570199,655.4808037586267,660.4719008376494,15659400
2025-12-23,663.7559814453125,664.8140915262984,657.0778915122911,658.8746741689592,8486800
2025-12-24,666.361328125,666.9902112020924,661.0208788671576,661.3503083186049,5627500
2025-12-26,662.1089477539062,667.7589038803495,660.1424847097468,666.8704739599774,7133800
2025-12-29,657.5171508789062,659.0743707339258,653.2248195668056,656.8383689858442,8506500
2025-12-30,664.7642211914062,671.0230153954109,656.6686764849229,657.5171386037911,9187500
2025-12-31,658.9146118164062,663.8158418258488,658.2657448936569,663.5662869980947,7940400
2026-01-02,649.2518310546875,663.2069792218492,642.3541620430398,661.5499009554064,13726500
2026-01-05,657.616943359375,663.3567049684374,646.5966230035071,649.8508280292294,12213700
2026-01-06,659.4436645507812,664.3349637543794,650.7392210314413,658.3955464147172,11074400
2026-01-07,647.534912109375,657.9763084361789,643.6618161601232,654.4725487720359,12846300
2026-01-08,644.9096069335938,645.9477331499952,634.5879917891143,644.7299347572825,11921700
2026-01-09,651.8971557617188,653.7838050409127,641.7053138036724,644.2907288447692,11634900
2026-01-12,640.8268432617188,652.8054753941815,640.0881706951194,651.3680980277007,14797200
2026-01-13,629.96630859375,641.1263941859123,622.9887038024194,641.1263941859123,18030400
2026-01-14,614.4240112304688,627.3309804807691,613.7252454803604,625.3844405077801,15527900
2026-01-15,619.694580078125,623.0585745209008,613.1362714280776,617.378703801015,13076100
2026-01-16,619.1455688476562,627.9598630097294,618.9758886129073,623.0685636897582,17012500
2026-01-20,603.0443115234375,610.3113781504126,598.9316523845154,606.7976262932837,15169600
2026-01-21,611.8685913085938,617.169133937088,599.0115204374271,605.659634898437,14494700
2026-01-22,646.476806640625,659.3937675491238,625.4343255489129,628.2293275614567,21394700
2026-01-23,657.5870361328125,665.3032527677875,643.3025186421843,643.6219561683764,22797700
2026-01-26,671.1627197265625,674.0775639748149,660.1124246688775,663.9456136216552,16327400
2026-01-27,671.7716674804688,675.6148486525956,663.4764668627315,673.3888389297905,13297400
2026-01-28,667.5391845703125,676.4732596455591,664.9138628916613,673.2989295276801,25709600
2026-01-29,736.995361328125,742.6752321400184,711.2812198864386,736.1169233837337,59852900
2026-01-30,715.2241821289062,730.8662626744616,712.3193905555435,726.2045952530067,23744600
2026-02-02,705.152099609375,720.0156002559207,702.2672920108814,713.3275184694113,14365200
2026-02-03,690.4683227539062,715.7232596178901,685.1877035052055,706.1104025957663,13760700
2026-02-04,667.798828125,687.6035290584308,666.2715840299333,686.5054510943589,16882800
2026-02-05,669.0166625976562,680.2865379695924,652.3363940764909,662.3984629374214,17131800
2026-02-06,660.2822265625,670.7934451675868,645.3488423980709,664.3050190645899,18159300
2026-02-09,676.0140991210938,682.0932819515241,657.6069922476072,661.9991209626965,14837500
2026-02-10,669.525634765625,679.4380062536881,668.5972981068446,676.39338857878,10455800
2026-02-11,667.4993286132812,678.0605068549233,655.9299390360635,672.7998711552045,14323800
2026-02-12,648.6529541015625,674.7963229561075,644.1310518439949,668.7770306530766,14960100
2026-02-13,638.6307983398438,650.2700088851722,633.4400456540794,643.9512634857649,12336400
2026-02-17,638.1516723632812,641.4557762130754,627.6803603746322,638.3613203754355,12674700
2026-02-18,642.0746459960938,643.8515057528024,627.0315334227189,632.67143641335,14649200
2026-02-19,643.6318969726562,646.0375787806976,635.5861905818066,637.432932921519,10035700
2026-02-20,654.4925537109375,662.1688639053526,637.642665037141,638.5510179511008,14183500
2026-02-23,636.1153564453125,656.5289567660449,634.8675821094057,651.3781101885919,8605900
2026-02-24,638.1616821289062,639.9684568961466,627.8600500948714,631.9527863953055,10135600
2026-02-25,652.5260009765625,652.7156650876909,640.9965798171046,641.3858999809694,11330700
2026-02-26,655.8401489257812,659.823034651462,646.3470725216666,649.3916295582877,10637700
2026-02-27,647.0258178710938,648.2835840137412,636.9837335400734,642.3042597917192,15703000
2026-03-02,652.396240234375,658.764884603327,633.3701817354564,636.0254184162494,9816100
2026-03-03,653.91357421875,657.866484005116,637.7025010942567,647.1356255764312,12263800
2026-03-04,666.541015625,671.5720803574089,656.4989309709863,656.788453587829,10810100
2026-03-05,659.393798828125,669.5057662619517,649.1520579976961,660.751362594833,13341400
2026-03-06,643.7117309570312,648.3135076492586,634.9773114336934,646.7463568472266,13159400
2026-03-09,646.2372436523438,646.5965879982328,625.6639573427893,633.6497121926325,13489700
2026-03-10,652.9053955078125,659.1242831137364,647.8444156429986,652.3962938458964,9859300
2026-03-11,653.6939697265625,657.9463943013674,647.2055433479961,653.5941721528687,8977200
2026-03-12,637.043701171875,652.3364309343367,635.7660119177681,647.5948883988538,11617500
2026-03-13,612.6171875,628.0496188589474,608.4645611002024,622.7790526456299,18957600
2026-03-16,626.8690185546875,634.1622468505053,622.5230098937741,631.4147932406764,15134900
2026-03-17,622.0834350585938,635.9605885584036,621.1243629754691,627.4085169382369,10348800
2026-03-18,615.1099243164062,622.0735023862151,614.04090772979,615.769347359454,11726300
2026-03-19,606.1382446289062,612.4323990135786,601.7023533616688,611.5832104537112,13247700
2026-03-20,593.1102905273438,603.400802317344,586.7062525156723,602.9712077810872,21214900
2026-03-23,603.5006713867188,608.0764476338709,598.4553596033379,605.2290499891692,13638000
2026-03-24,592.3709716796875,600.443507118967,590.4527665679026,598.5452420228083,10739700
2026-03-25,594.3391723632812,603.1110107561809,592.850561795072,598.1855830392399,12585000
2026-03-26,547.032958984375,582.460145169462,542.8468364624507,581.9506076701073,35780100
2026-03-27,525.233154296875,543.0966023049141,519.7782492802263,539.599843303006,30133000
2026-03-30,535.8833618164062,539.0504095872608,528.0505941707193,535.8833618164062,22795200
2026-03-31,571.6002197265625,573.1587727471259,546.2637174010383,549.4707059552647,32898300
2026-04-01,578.6936645507812,592.0013387220274,573.2887005646345,579.5928556215499,23608100
2026-04-02,573.9281005859375,577.9643377947169,559.1817578546791,565.5158531822124,13518500
2026-04-06,572.4894409179688,582.2503530791108,571.4703658572956,577.1550997330287,9515700
2026-04-07,574.5175170898438,574.6973431004155,564.2370671243236,571.9498894780604,9580800
2026-04-08,611.8529052734375,629.3667024291958,591.2820049792073,605.4388670235439,32036600
2026-04-09,627.8081665039062,636.9097166035551,622.4231426572783,626.3894374266143,19012900
2026-04-10,629.2767333984375,637.9886903650855,623.7518859014353,633.882449891805,13294800
2026-04-13,633.9425048828125,634.4120404303904,623.8218795800174,628.9171329935918,9538900
2026-04-14,661.8765258789062,665.6430543798978,638.7779398291946,642.624350345733,17818000
2026-04-15,670.9581909179688,677.8717665104965,663.6049593103575,666.3824145357423,14952600
2026-04-16,676.2432250976562,676.9525896021297,667.131674939706,675.3640350842893,9544800
2026-04-17,687.9124145507812,690.8796961433965,674.5048580761284,677.9716157075654,16283500
2026-04-20,670.2887573242188,682.7472426832454,667.381478611767,680.7290935491282,12534000
2026-04-21,668.220703125,675.5738733736962,666.7120915784461,670.3786762058809,8660100
2026-04-22,674.09521484375,677.7518600207422,669.1298460769134,673.7355628200382,9215600
2026-04-23,658.5396728515625,668.9400066983026,652.4452846667049,663.0854475032797,11667000
2026-04-24,674.4049682617188,680.0396994180859,653.2345872360809,659.7085674039201,13348300
2026-04-27,677.9916381835938,681.8680504402118,670.2188736545023,670.3786986745525,12805200
2026-04-28,670.7183837890625,677.5520159823654,665.0136491453696,673.6156618787633,10606800
2026-04-29,668.5004272460938,673.6256820299297,663.1953464496755,668.290599742094,18947500
2026-04-30,611.3433837890625,620.2751083620838,599.4444385151393,618.7465567527638,52765000
2026-05-01,608.1863403320312,618.3069655430758,605.548770151405,614.120842749119,21404000
2026-05-04,609.8447875976562,613.4314904063681,602.1919069095087,607.3771038685389,16203900
2026-05-05,604.3998413085938,613.7811000159977,599.8040642277598,612.7420849871345,17171300
2026-05-06,612.3125,619.3759607512419,597.5461564796674,600.4934370812971,19915500
2026-05-07,616.2388305664062,624.4012480600104,612.9718390781961,614.150739078972,12307400
2026-05-08,609.0654907226562,616.1988937552933,605.4987892063378,614.6303402495529,13557000
2026-05-11,598.3054809570312,604.3498668649182,597.5262348938886,604.010215830275,15940600
2026-05-12,602.441650390625,603.1909559259367,592.0512559095129,594.2692320029287,11351600
2026-05-13,616.0590209960938,619.3260125714435,596.1074810052941,598.275515544453,14634400
2026-05-14,617.8573608398438,623.152441138389,614.4305441468357,615.429618202359,10651200
2026-05-15,613.6612548828125,620.6248329546977,608.7458274653094,613.421486859321,13272600
2026-05-18,610.64404296875,615.0199919776213,603.1309869574205,608.5459509764945,13772400
2026-05-19,602.052001953125,613.361527578881,599.9939118379299,608.3561568042173,11749900
2026-05-20,604.499755859375,607.4370360716302,597.2564688338498,600.2037495434126,11329700
2026-05-21,606.8175659179688,609.0354809096541,594.2591985256718,599.4443949814065,13476100
2026-05-22,609.6949462890625,614.2407210713809,606.3880135859368,607.3171451453314,11688600
2026-05-26,611.7730102539062,613.9009818092591,604.7394901495815,608.3261927003538,12234200
2026-05-27,634.6718139648438,637.908804248614,608.4361186960156,608.8357727220844,23143600
2026-05-28,634.7017211914062,642.4046039468743,628.7272779804616,638.9078448274123,16772400
2026-05-29,631.92431640625,633.9124639439917,622.7727642602187,632.9133899267435,19806500
2026-06-01,599.9139404296875,635.1613007084701,598.974869401479,629.8162791560948,29138800
2026-06-02,597.0765991210938,608.3161816139932,596.1274666259658,602.68138962268,18252000
2026-06-03,622.4031372070312,623.5720977596394,599.7142043737263,602.4416570391962,23020100
2026-06-04,626.9888916015625,641.8051764288737,621.8536364911718,623.0924785224576,21469200
2026-06-05,592.450927734375,628.567480013855,582.3702434655938,622.8827460758752,30091600
2026-06-08,584.8479614257812,591.4518261333767,578.6836307521693,591.4518261333767,19512400
2026-06-09,584.0487060546875,597.0766092757164,580.4720040020986,590.4527436689563,16977400
2026-06-10,570.4512939453125,590.7724873942649,570.0716409197756,580.192266144374,17064000
2026-06-11,567.9036254882812,571.6401524850257,556.4942175026772,565.3060574843756,17628000
2026-06-12,566.4549560546875,575.5365655300229,560.3806300495169,572.4194595335534,14326400
2026-06-15,593.47998046875,601.27001953125,579.2999877929688,579.9000244140625,17653300
2026-06-16,600.2100219726562,605.8099975585938,592.0,593.6500244140625,11344400
2026-06-17,567.5800170898438,593.8099975585938,566.1900024414062,592.0,20478300
2026-06-18,577.219970703125,580.219970703125,563.0999755859375,572.8200073242188,28824600
