Date,Close,High,Low,Open,Volume
1999-03-10,43.0743408203125,43.15342467738773,42.41530867801885,43.12706339169599,5232000
1999-03-11,43.28522491455078,43.64110222048649,42.44166389307354,43.390670042235435,9688600
1999-03-12,42.23076629638672,43.15341100323661,41.888069690985326,43.12704972589805,8743600
1999-03-15,43.44341278076172,43.49613536908789,42.098986778444456,42.54712877921688,6369000
1999-03-16,43.81245803833008,43.996987043305,43.15342587770538,43.627929033355166,4905800
1999-03-17,43.496116638183594,43.86517459753787,43.36431022412849,43.81245203191583,3965000
1999-03-18,44.33969497680664,44.3660562698963,43.430230365213404,43.44341101175823,4848400
1999-03-19,43.20613098144531,44.91961390627384,43.17976970567872,44.91961390627384,7160400
1999-03-22,42.678932189941406,43.496132250403534,42.59984831312249,43.39068708131165,5024800
1999-03-23,41.17634582519531,42.59985586012524,41.09726193436587,42.441688078466356,10962400
1999-03-24,42.573482513427734,42.59984380290973,40.91272127606182,41.54539222362979,8447000
1999-03-25,44.1287841796875,44.1287841796875,42.94911686066658,43.23250063004032,8133800
1999-03-26,43.65428924560547,44.260598818461105,43.469760245171145,43.7597343887108,8256200
1999-03-29,45.23597717285156,45.26233846491033,43.91791256991299,44.18152549050071,5113800
1999-03-30,44.919639587402344,45.5523105675066,44.735110551538604,45.18325249577912,4940600
1999-03-31,44.260597229003906,45.71046789463536,44.12879080485559,45.657745324976034,8256600
1999-04-01,45.18323516845703,45.60501566011124,44.44511930806217,45.55229309865447,8715800
1999-04-05,46.817626953125,46.88353014421892,45.63136951343433,45.914753235138214,5697200
1999-04-06,46.909915924072266,47.42396108311661,46.369509474820525,46.764928827931556,7522400
1999-04-07,46.42220687866211,47.45029663917762,45.42047839405725,47.34485153553501,11923600
1999-04-08,46.791290283203125,47.01536125075649,45.39414189728213,46.34314834809639,7952400
1999-04-09,47.08123016357422,47.18667524792713,46.5803660128979,46.71217236833903,4946800
1999-04-12,46.764923095703125,47.081258539417014,45.92136191246609,45.974084486418406,10934000
1999-04-13,46.13223648071289,47.16032632228306,45.763178588867184,47.054881210327146,9962200
1999-04-14,44.55057144165039,46.76491937129455,44.29354891410241,46.71219680154112,21253800
1999-04-15,45.156883239746094,45.22937677676262,43.12706420328349,44.70874137455305,17650600
1999-04-16,43.83881378173828,45.05143280396315,43.60156223391167,45.05143280396315,17274000
1999-04-19,41.78265380859375,44.49786727375788,41.341102104307346,44.12880913286179,19460600
1999-04-20,42.73162841796875,43.07432500614494,41.202674409182706,41.59809354938599,17413600
1999-04-21,44.84056091308594,44.86692220697958,42.547128344339036,43.127076809999174,10940400
1999-04-22,46.05316162109375,46.18496803672367,44.96575869214692,45.26232312731424,13630600
1999-04-23,46.65947341918945,47.00217011661852,45.34140919830839,45.81591231782557,7064400
1999-04-26,47.73370361328125,48.082990689286206,46.82423915123061,46.97581656157238,5421000
1999-04-27,47.002166748046875,48.32023087446434,46.402447570526924,48.0829793317092,16482800
1999-04-28,45.39411926269531,46.76490567480922,45.189819364736024,46.606738011873,7676800
1999-04-29,45.025089263916016,45.446869959596725,44.076082698634416,45.18325702479628,19148200
1999-04-30,45.315067291259766,45.89501579644168,43.70702825416445,45.6577641352309,15295200
1999-05-03,45.07780456542969,45.36777874684473,44.31991750036764,45.183249722307885,11109800
1999-05-04,44.366065979003906,45.868660013943426,44.10245299041802,45.15690494476155,15428400
1999-05-05,45.710479736328125,45.710479736328125,43.047989278791135,44.392415153389024,12642600
1999-05-06,44.0496940612793,45.68409324248774,43.627913627419055,45.288674085743764,15173400
1999-05-07,44.682373046875,44.81417945704277,43.49611535536504,44.44512150857301,16430400
1999-05-10,45.13053512573242,45.433690005373734,44.44514148480424,44.972367362441304,10604200
1999-05-11,45.842281341552734,46.07953294136526,45.2359716975874,45.499584586267986,8800800
1999-05-12,46.791290283203125,46.949458025005505,44.70874834947183,46.05317415479203,12507400
1999-05-13,45.92134094238281,47.23940468929391,45.710450742877036,47.160320864479246,9864000
1999-05-14,45.05143737792969,45.55230180752633,44.70874066294251,45.02507609216144,12205400
1999-05-17,45.86205291748047,46.00044968587637,44.21447234133876,44.65602393574474,9906800
1999-05-18,45.65774154663086,46.079522069001584,45.13051589366746,45.81590924251988,9267800
1999-05-19,46.2904167175293,46.31677800267595,45.1305201710764,45.842274870036135,7985600
1999-05-20,45.01848602294922,46.38927289057818,44.94599248668038,46.38927289057818,5997200
1999-05-21,44.6032829284668,45.28867616495624,44.36603142352814,45.156869773323656,10958600
1999-05-24,43.46976089477539,44.761463917118625,43.17978674690242,44.68238005860782,9569800
1999-05-25,42.046241760253906,44.04969904788983,41.861712799550595,43.41702832547848,17771200
1999-05-26,43.21933364868164,43.39068202850258,41.28177889224486,42.599843352405934,26772000
1999-05-27,43.17979049682617,43.805871097741694,42.494396996876546,43.047984054528165,23334800
1999-05-28,43.89154052734375,44.128792097761824,42.88981167446744,43.44339867210961,12969800
1999-06-01,42.91615676879883,44.02333034637226,42.67890528789023,43.81244014112018,6960200
1999-06-02,43.641117095947266,43.86518806865373,41.815597700662245,42.889820305107946,11996600
1999-06-03,43.0216178894043,43.97062416637645,42.75800503468981,43.97062416637645,11147800
1999-06-04,44.33969497680664,44.491272412072185,43.337965839399594,43.337965839399594,12987200
1999-06-07,45.26231384277344,45.545697578247996,44.550559344372225,44.64941413581684,11491800
1999-06-08,44.1287841796875,45.578654627646166,43.898122972057706,45.36776438067036,8134800
1999-06-09,44.866886138916016,44.992102184250825,44.2605768667685,44.286938139470564,8384400
1999-06-10,44.352867126464844,44.65602193891914,43.8190510436649,44.3924090585241,9392400
1999-06-11,43.6806526184082,44.70215249104751,43.28523331287041,44.65602023873476,16567600
1999-06-14,42.85686111450195,43.838819027167,42.7580062910793,43.838819027167,14136800
1999-06-15,43.496116638183594,43.75313914559104,42.83708456790808,42.96230066126043,9147800
1999-06-16,45.73025131225586,45.73025131225586,44.52422220285352,44.57694478687111,15060200
1999-06-17,46.23770523071289,46.44859556243792,45.13053098915648,45.13053098915648,16278200
1999-06-18,46.44858169555664,46.58038811353495,45.73682703847376,45.81591088926075,5392800
1999-06-21,47.839149475097656,47.86551076424222,46.68584307502298,46.76492694245667,10565200
1999-06-22,46.39585876464844,48.16206475171175,46.39585876464844,47.55575523376465,10862800
1999-06-23,47.127403259277344,47.239438758565235,46.10590311871127,46.40246767564981,9607000
1999-06-24,46.191551208496094,47.1339669343935,45.97407065636592,47.10760565534742,14988800
1999-06-25,46.13223648071289,46.870352264404296,45.710456032889226,46.50129437255859,8635600
1999-06-28,47.22624206542969,47.292145277912844,46.14542938070593,46.52766801310823,7666200
1999-06-29,47.8720817565918,48.05661070609408,46.94943700908039,47.18668851558333,9000400
1999-06-30,48.61021041870117,50.560945543963584,47.35145903719739,47.918226674942545,19467600
1999-07-01,48.93974685668945,49.21654046939898,47.924836943421184,48.76839842977403,6822600
1999-07-02,49.55921936035156,49.61194193413917,48.926548474900265,48.926548474900265,3302000
1999-07-06,49.24287414550781,50.32368669366939,48.97926132888304,49.82282234208232,8794800
1999-07-07,49.32196807861328,49.53285837504776,48.87382619869002,49.21652293039604,10520000
1999-07-08,49.98100280761719,50.18530279272217,49.08471900199536,49.321970597601144,11225000
1999-07-09,50.48186492919922,50.53458750353781,49.796471462797555,50.16552948316768,4206800
1999-07-12,50.21825408935547,50.93000887172429,49.928279918760765,50.66639598936547,7816200
1999-07-13,49.98100280761719,50.165531826421685,49.58558348160756,49.98100280761719,6230000
1999-07-14,50.83116149902344,50.93001634441244,49.77011949184818,50.481874378648975,6909400
1999-07-15,51.299068450927734,51.299068450927734,50.72571041454147,51.009094271605946,6539800
1999-07-16,51.773555755615234,52.06352984589618,51.30564301902553,51.325413979726505,4913800
1999-07-19,51.24634552001953,51.98446160775644,51.042045531449496,51.98446160775644,6833000
1999-07-20,49.26925277709961,50.69276248815546,49.13744632237221,50.62026893805539,14837400
1999-07-21,49.5064811706543,49.93485194755692,48.97925559908183,49.37467477776118,10980400
1999-07-22,48.24776077270508,49.50651262458142,48.109363972237,49.50651262458142,15148400
1999-07-23,48.32023620605469,48.81451030799878,47.81937178275134,48.61021034586189,12115000
1999-07-26,47.13397216796875,48.18842344689423,47.05488832204934,47.661197807431485,10720000
1999-07-27,48.08300018310547,48.82111641398647,47.67440012672491,48.08300018310547,13732800
1999-07-28,49.025390625,49.29559374579917,48.03684262207622,48.66292302392795,10161800
1999-07-29,47.9775505065918,48.504776336334565,47.503047259823305,48.109356964027484,13033800
1999-07-30,47.74028396606445,48.71565144632088,47.66779043712648,48.188425781317406,10947400
1999-08-02,47.608489990234375,48.7683867563309,47.42396095926448,47.81938031134283,9642400
1999-08-03,47.29874038696289,48.267517708529496,46.60675658584388,48.26092738661408,13005000
1999-08-04,46.44199752807617,47.65461673414486,46.4024555974435,47.29873935845079,13227600
1999-08-05,47.18010711669922,47.18010711669922,45.341407593643055,46.448581499999456,18695200
1999-08-06,46.67266082763672,47.71393171308809,46.343144724645775,46.84400920119201,12392200
1999-08-09,46.07292938232422,46.97580326665814,45.980664897793744,46.84399686018603,7983400
1999-08-10,45.65774154663086,46.283822009524904,44.65601280600039,45.94771565576073,16767200
1999-08-11,47.160343170166016,47.239427032385414,45.776375581326604,46.47494969759793,13101400
1999-08-12,46.60674285888672,47.661194054789135,46.501297739296476,47.344858696018406,12715000
1999-08-13,48.63656997680664,48.68929254588719,47.50303474157483,47.58211859519566,14342600
1999-08-16,49.025390625,49.190148625487296,48.293865102836406,48.61020046377202,11470600
1999-08-17,49.26925277709961,49.506504395608914,48.37296888495334,49.45378181371796,11408400
1999-08-18,48.715660095214844,49.63830517277573,48.53113107970266,49.031995550378575,7035200
1999-08-19,48.13569259643555,48.610195590266784,47.825947586573484,48.26749898361089,10157800
1999-08-20,48.90018081665039,48.90018081665039,47.9248133286633,48.188426163254405,6920800
1999-08-23,50.455501556396484,50.455501556396484,49.23629207521397,49.34832754105236,9652000
1999-08-24,50.79819107055664,51.35177799971164,49.98758163857968,50.08643644735736,13891400
1999-08-25,51.8790168762207,52.08990718872567,50.56095242306469,51.11453949339022,11352000
1999-08-26,51.01567459106445,52.06353562451998,50.9365907394829,51.87900663749637,9753000
1999-08-27,50.508235931396484,51.404519867548615,50.37642947019764,51.39792954448867,9635400
1999-08-30,49.79645538330078,50.87726780824272,49.66464899001517,50.7191001363,10141600
1999-08-31,50.35004425048828,50.66637960703585,49.031980264873404,50.139154012789895,14590400
1999-09-01,50.7125358581543,51.140906856306344,50.35006809048718,50.666403596814845,10752000
1999-09-02,50.534576416015625,50.79818922987069,49.66465413029392,49.770099255835945,14583200
1999-09-03,52.85437774658203,52.87414871082639,51.79992632021631,51.98445531983031,14195400
1999-09-07,52.617130279541016,53.276162472421035,52.53804641639541,52.74893671811702,9009000
1999-09-08,51.90537643432617,52.82802152076671,51.483595823381926,52.300795757086405,14303400
1999-09-09,52.64347839355469,52.77528479914697,51.668110992171854,51.931723803356405,12677600
1999-09-10,53.24980163574219,53.77043707252729,52.74893716491095,53.35524678749613,10251000
1999-09-13,52.61052703857422,53.30251067117478,52.32714326522351,53.19706554620708,7240800
1999-09-14,52.90049743652344,53.26955534812744,52.300778330166935,52.40622344776808,10022600
1999-09-15,51.8790168762207,53.55954905399462,51.82629429809446,53.55954905399462,16096000
1999-09-16,51.85264205932617,52.32714513866927,50.77841981025777,51.85264205932617,15371000
1999-09-17,53.4079704284668,53.513415582323596,52.24807373604205,52.32715760143465,14506400
1999-09-20,53.53318405151367,53.77702595843304,53.170716352038944,53.56613566055683,6187200
1999-09-21,52.24806594848633,53.17071090721338,52.096488562409746,53.06526576907315,12265800
1999-09-22,52.8016471862793,53.078440643820954,51.69447335611268,52.32714411620789,12441800
1999-09-23,50.613651275634766,53.46066915988922,50.30390627433856,53.35522405306498,19766000
1999-09-24,50.67957305908203,50.8772827069068,49.453773242568474,50.29733440662081,23570800
1999-09-27,51.035430908203125,51.77354664447879,50.87726325042977,51.404488776340955,12608800
1999-09-28,51.272701263427734,51.457230265404085,49.691024103630475,50.77842715099109,20622000
1999-09-29,50.244625091552734,51.64177363816989,50.244625091552734,51.272715531516305,15557000
1999-09-30,50.77183532714844,51.2990610314802,50.086441911517156,50.71911275671526,17604200
1999-10-01,50.79160690307617,50.79160690307617,49.55921680435095,50.08644251503554,19607400
1999-10-04,51.93173599243164,52.11626500357226,50.771839350976315,51.06181351134015,12434200
1999-10-05,52.3007926940918,52.93346357345581,51.19361865520477,52.116263687610626,19526400
1999-10-06,53.34866714477539,53.42775102442175,51.819712138279044,52.61714125804654,19098200
1999-10-07,53.22342300415039,53.90222594736826,52.828003813926394,53.64520347372266,22013600
1999-10-08,53.783607482910156,53.93518485971532,52.30078531851183,53.01253995742302,22523200
1999-10-11,54.541500091552734,54.567861377242224,53.803384092247036,53.93519052069448,13016000
1999-10-12,53.302513122558594,54.791925581225534,53.144345427832896,54.35696442072988,20182800
1999-10-13,51.72084426879883,53.328882750142725,51.50995397616356,52.69621187223693,22570600
1999-10-14,52.043766021728516,52.40623368428329,51.06180817226194,51.90536927784396,22130400
1999-10-15,50.508235931396484,51.45724245202815,50.1984907475792,50.71912626931463,33703000
1999-10-18,49.86896514892578,50.74547794987822,48.432274993981174,50.560948939151395,24714800
1999-10-19,50.13916778564453,50.66639352471545,49.29560660313106,50.40937097691838,26657200
1999-10-20,51.66812515258789,52.08331544399261,50.40278331211635,50.903647790636334,22486400
1999-10-21,52.511680603027344,52.511680603027344,50.45550033845097,50.824558334656984,22454800
1999-10-22,52.274436950683594,53.355249817540894,52.08990792463479,52.82143370647113,16589400
1999-10-25,52.3007926940918,52.874150678515434,51.82628953456879,52.037179827690125,13855400
1999-10-26,51.8790168762207,53.22344261843984,51.773571719968224,52.933468438745514,13542400
1999-10-27,51.79990768432617,51.98443661755278,50.98929844193786,51.74718513197571,15225200
1999-10-28,53.59249496459961,53.77702396841279,52.142624220353184,52.617127373015656,14103800
1999-10-29,55.46415328979492,55.8859339231774,54.64695331261639,54.83148233972122,19000000
1999-11-01,55.1741943359375,56.123201023034376,55.10170076956204,55.464168601439326,9681800
1999-11-02,55.207115173339844,56.14953101072645,54.99622491602256,55.46413767444528,12834800
1999-11-03,56.30771255493164,56.62404801872339,55.833209359244016,55.99137709113989,18752600
1999-11-04,56.94035720825195,57.20396997310497,56.33404784909001,57.09193454804244,20048600
1999-11-05,57.520320892333984,58.390243252300536,57.520320892333984,58.10026913231169,15134600
1999-11-08,58.68025588989258,58.884555972168705,57.54671994952179,57.73124905609377,10890800
1999-11-09,58.28481674194336,59.26018454811789,57.7839521928267,59.15473937988281,14629800
1999-11-10,59.04926681518555,59.550131131921496,58.04753818171365,58.31115097999573,16561000
1999-11-11,60.10370635986328,60.182790184020995,59.1547004699707,59.681925964355464,18501400
1999-11-12,60.89455795288086,60.94728051387902,58.52204270796342,60.42005490389737,28646600
1999-11-15,60.775936126708984,61.15817471870086,60.47278138133611,60.947284461050174,10909400
1999-11-16,62.31807327270508,62.60804738691817,60.736396286088194,61.00000911719101,19126400
1999-11-17,61.47450637817383,62.58827048386758,61.15817101087619,62.318067357634185,21683600
1999-11-18,63.35932922363281,63.359329223632805,61.52722047345911,61.896278351191945,17738400
1999-11-19,63.92612838745117,64.0315735476779,62.84531549512725,63.08256710563738,17939400
1999-11-22,62.95072937011719,65.37596685003795,62.95072937011719,64.05790300225493,18841800
1999-11-23,63.2407112121582,64.53241394221062,62.63440176743972,64.47969138180032,24047600
1999-11-24,65.32329559326172,65.58031824541438,62.766249720563415,63.425282161980505,18617800
1999-11-26,65.5342025756836,66.45684822739273,65.27058953233812,66.14051257537817,8045200
1999-11-29,64.45333862304688,65.95593179340011,64.37425477197566,65.40234483590156,20485200
1999-11-30,62.00172805786133,64.69057850935022,62.001728057861335,64.58513339360556,23702400
1999-12-01,63.34616470336914,63.662500107630656,62.21262950476536,62.687132611157644,23205800
1999-12-02,65.3562240600586,65.4814401795646,63.54388548826106,63.58342742073665,17229200
1999-12-03,66.74681091308594,67.64309510386197,66.56228181498498,66.90497871145818,21444600
1999-12-06,67.35308837890625,67.90667540667808,66.37772075854636,67.00380132566926,16018400
1999-12-07,67.35308837890625,67.82759154556781,66.50293687197093,67.56397867520027,23397000
1999-12-08,66.53587341308594,67.90006970830274,66.377705726684,67.37284408696291,19563000
1999-12-09,66.8521957397461,67.85392422480538,65.16507408069887,67.4848663618888,28445400
1999-12-10,67.4057846069336,67.6430360975329,65.90319183313805,67.4057846069336,20428400
1999-12-13,68.32185363769531,68.6118277439998,66.87857342677071,67.17513785367304,16209200
1999-12-14,67.0894546508789,68.51296370830424,66.64131291057835,68.11754452568609,27760200
1999-12-15,68.38118743896484,68.38118743896484,65.74505839351517,66.32500678351408,31797200
1999-12-16,70.06832122802734,70.22648899603644,68.9611468519637,69.27748238798189,27219600
1999-12-17,70.67462158203125,71.59726677239719,70.37805705655649,71.28093127855745,23892400
1999-12-20,71.59725952148438,71.9135949832877,70.5955305591072,71.20184019423023,15392000
1999-12-21,75.44598388671875,75.44598388671875,71.39952737846882,71.80812722132141,26003800
1999-12-22,75.20874786376953,75.34055429185184,73.75887715486405,75.23510914938599,22313600
1999-12-23,76.10507202148438,76.55321411513357,75.07698133605386,75.80850740068712,17543600
1999-12-27,75.65685272216797,76.21043944940334,74.1542601768148,76.18407817667784,19281800
1999-12-28,75.1823501586914,76.34224616394471,74.70784724745143,75.70957561562473,15346400
1999-12-29,78.02938842773438,78.02938842773438,75.81504091829866,75.92048603779561,16512600
1999-12-30,77.18585968017578,79.08387262313093,77.18585968017578,78.97842745963342,21887000
1999-12-31,77.08039093017578,78.60934533303153,77.08039093017578,78.1348422424901,14464400
2000-01-03,79.92744445800781,81.14006399793801,76.55319878168031,81.14006399793801,36345200
2000-01-04,74.44429016113281,78.87298730952881,74.18067723563306,77.60764526712995,33786600
2000-01-05,72.54627990722656,75.60418996145559,71.07004746725393,73.81162199863168,42496600
2000-01-06,67.56396484375,74.23336909871244,67.27399074570816,73.28436295966641,37134800
2000-01-07,75.9205093383789,75.9205093383789,69.59380022684734,69.96285825835334,28138200
2000-01-10,78.02938842773438,79.24200730194916,75.86776347804714,76.76404699377112,29675600
2000-01-11,74.23336791992188,78.34572779048574,73.38980692083186,77.39672166650946,32546600
2000-01-12,72.59894561767578,75.28120513713785,72.5462230718387,75.0769052720191,29050000
2000-01-13,76.9749526977539,77.18584297911761,73.455721127497,74.6551596027531,25165200
2000-01-14,78.76754760742188,78.97843796246183,77.60765065470214,78.45121207486194,21898600
2000-01-18,79.18931579589844,79.66381901970875,77.1331351593871,77.66036096362078,16752400
2000-01-19,80.98190307617188,80.98190307617188,77.970124942561,78.86640902608633,19006000
2000-01-20,80.19099426269531,81.71994813095183,79.30130127901157,80.56005209296413,25958000
2000-01-21,81.1927490234375,81.45636184494217,80.19102030171977,81.40363928064124,18698200
2000-01-24,77.29126739501953,82.35263279060061,76.73768055487784,82.19446512198871,28340400
2000-01-25,78.45116424560547,79.39357994512845,75.41961724014692,77.5021582265054,33276200
2000-01-26,75.28780364990234,78.71476950231387,75.0769134436001,78.6620469507383,23095600
2000-01-27,76.3949966430664,78.02939615716927,73.91703608942657,77.39672537751655,30739200
2000-01-28,72.54627990722656,76.31594488787096,71.49182816438896,75.92052548430686,35313800
2000-01-31,75.65685272216797,75.9204654494229,70.43732072252014,72.44077744965769,36014600
2000-02-01,77.68668365478516,78.0293802572664,74.60241423245401,75.52505893144196,26417600
2000-02-02,78.34574890136719,79.90106491253161,77.68671669324667,77.81852313487077,26169200
2000-02-03,81.40363311767578,81.50907823829453,77.84486029679293,79.55834350684763,30579800
2000-02-04,81.95726013183594,82.87331506576366,81.16642133995589,81.82545366652259,26640000
2000-02-07,83.0907974243164,83.19624259871274,81.19278428518227,82.036345680353,17761000
2000-02-08,86.57044982910156,86.78134008447087,83.82887650930054,83.82887650930054,21999400
2000-02-09,83.51256561279297,86.20800747955688,83.30167529558895,86.09597199854225,27258200
2000-02-10,86.25414276123047,86.25414276123047,83.13692015074285,84.19796209638452,26341600
2000-02-11,84.25062561035156,86.09591465688618,82.66894928475047,86.09591465688618,24876000
2000-02-14,84.14524841308594,84.3561387599859,82.45812563788621,84.34954843664528,22814600
2000-02-15,84.75154113769531,84.88334757803388,80.8764317917416,83.45983802237741,30572800
2000-02-16,84.35614013671875,85.77965000152588,83.7761916732788,84.27705625534057,25310600
2000-02-17,86.148681640625,87.09768792552784,84.03977878528534,85.35784306987263,30080200
2000-02-18,83.0380630493164,86.88681136842757,83.0380630493164,86.57047589014446,25271200
2000-02-22,83.30162811279297,84.30335655212401,81.1927261352539,83.51251831054687,37226200
2000-02-23,87.94125366210938,88.57392455176483,83.64436386986601,84.08591542827139,32170800
2000-02-24,89.83927917480469,90.09630176047204,86.04325329417914,88.46849205124546,48868200
2000-02-25,87.7830810546875,90.6828224709084,87.62491334107544,89.57564847562406,32617600
2000-02-28,87.7303695678711,89.15387917023438,84.7779052074139,87.0976986334874,38216200
2000-02-29,90.05017852783203,90.34015275611252,88.52122350598945,89.20661713647061,23978600
2000-03-01,90.78823852539062,91.57907684007172,89.83923254777329,90.47190319951818,24468400
2000-03-02,88.68594360351562,91.26275893746633,88.3630178967034,91.15731380871131,32739200
2000-03-03,93.68803405761719,93.74075664290565,90.26106601386641,91.104627378482,32017200
2000-03-06,94.42610168457031,95.50691412707936,93.00259261394865,94.26793401005679,23268400
2000-03-07,93.00260925292969,96.06051817394437,91.73726763044084,96.00779560634068,39471000
2000-03-08,93.8461685180664,94.47883931706461,89.65472447470333,93.63527825173368,43512600
2000-03-09,97.00955200195312,97.43133266283118,92.02726794533108,93.81983575406281,30101400
2000-03-10,96.5877914428711,98.22219184392405,95.75082026975124,96.90412700436522,29750600
2000-03-13,94.05706024169922,96.27140807250156,92.39629936859747,92.79171862409788,37544200
2000-03-14,90.57738494873047,95.63875221012636,88.57392707442793,95.11152645373095,39106800
2000-03-15,86.78135681152344,90.26104669582512,85.93779562745031,89.83926610378855,51202600
2000-03-16,91.73728942871094,92.15907006976249,85.199689492412,88.89027010161301,55282200
2000-03-17,93.47710418701172,93.68799443898467,91.05186628932276,91.104588852316,31422400
2000-03-20,90.84097290039062,94.05704913191926,89.62835399342082,93.63526864253845,21167200
2000-03-21,94.2679443359375,94.42611202777631,87.36128845897564,89.52291358077285,33435100
2000-03-22,96.16600036621094,97.8267618856932,93.74076132188763,95.74421966285036,24370200
2000-03-23,97.85309600830078,99.32932806015015,95.79691565036774,96.57457360625267,19227400
2000-03-24,99.1711654663086,101.64912653856618,97.02272049408526,99.10526224630175,22063000
2000-03-27,99.32931518554688,100.80554704605395,98.80208952108006,99.5402054513336,11752600
2000-03-28,96.79862976074219,99.38203545697114,95.42784306478396,98.68346146768474,18336300
2000-03-29,92.79171752929688,97.37858083898371,92.79171752929688,97.32585827220569,27189500
2000-03-30,90.47195434570312,95.11154174804688,87.30859929865056,90.47195434570312,42328700
2000-03-31,92.36994171142578,93.31894796188563,87.7303555980665,91.22322582545345,31349900
2000-04-03,86.83407592773438,92.05361054634136,84.98878591105513,90.90689460740496,31551300
2000-04-04,85.99053955078125,87.67766233779842,74.4970155642268,87.414049402327,66213000
2000-04-05,84.46153259277344,87.6776084280788,81.19273420279094,82.24718529633368,37631500
2000-04-06,86.4649887084961,87.62488489848812,84.14519632851206,86.359543600315,30499900
2000-04-07,89.9447250366211,90.57739602163835,86.57047978319568,87.8358217532302,20645500
2000-04-10,84.46153259277344,90.84096170870701,83.72341682729352,90.78823915402987,26988200
2000-04-11,82.45812225341797,85.62147732707851,80.19105111729458,81.93089640780788,34497100
2000-04-12,77.60761260986328,83.30164940460868,76.13138084826262,82.35264327215111,34824400
2000-04-13,74.23336791992188,80.98185591264205,74.23336791992188,78.2930052280426,46330500
2000-04-14,67.80121612548828,74.65514932635413,65.79775872831212,72.59896936609438,60851300
2000-04-17,75.60417175292969,75.92050719959467,65.79777290631537,65.81095354992642,55398500
2000-04-18,77.60761260986328,78.45117361649223,73.7061429542044,75.48552945256233,36260900
2000-04-19,75.23511505126953,78.97841790245393,75.12966990053194,78.02941154581563,28082500
2000-04-20,73.6007080078125,76.73770093507957,72.59897917389527,76.23683651812097,21255600
2000-04-24,71.49180603027344,71.91358659682372,67.37944550640816,70.38463204307894,31190900
2000-04-25,76.31590270996094,76.34226398896266,72.5462398127159,72.96802027674332,28663200
2000-04-26,73.70613098144531,77.96347724521621,73.4952407640449,76.44770380765071,25688300
2000-04-27,76.9749526977539,78.01622346198722,69.38290256866037,70.85913453820633,37010400
2000-04-28,79.92744445800781,79.92744445800781,77.71309573291789,78.92571527284808,24828400
2000-05-01,80.66551971435547,81.71997095245162,79.5056233524497,80.77096483816509,23205700
2000-05-02,76.02596282958984,80.6655500202999,75.70962733931417,80.03287903974854,20307900
2000-05-03,75.1823501586914,76.13135598117138,72.13762314490148,75.4986854328514,26589700
2000-05-04,75.34056091308594,76.55318015801315,73.91705136469314,75.07694803375394,17750700
2000-05-05,77.13314056396484,77.87125674161044,74.25975972955877,74.33884360573508,20571200
2000-05-08,74.1279296875,76.55316778538406,74.02248455280939,76.34227751600284,13903000
2000-05-09,72.54627990722656,75.18240926432054,71.1227700543958,74.65518339290175,19825800
2000-05-10,67.27400970458984,71.68952562368028,67.06311939203627,71.17548048683095,34847500
2000-05-11,71.3863525390625,71.91357818558438,68.22299865993122,69.80467559949686,24709700
2000-05-12,71.3863525390625,73.86431307771534,70.85912689254062,72.01902331488876,17832000
2000-05-15,74.49703216552734,74.76064515974365,69.69927567079061,71.54456663030474,17950800
2000-05-16,76.60588836669922,77.18583659246227,74.28609546364707,75.92049500897927,23758800
2000-05-17,75.02423858642578,76.34230321373474,74.02250946967096,75.28785151188757,20339400
2000-05-18,72.33541107177734,75.38014138474756,72.01907545484536,75.07698641852109,19063000
2000-05-19,68.90839385986328,71.70268986183173,68.59205846341403,70.6482385403342,28178100
2000-05-22,68.85565185546875,69.38287736737892,63.75474502773781,68.85565185546875,43879800
2000-05-23,63.10890197753906,69.69922173292117,62.634398955151546,68.64477057206003,31898500
2000-05-24,67.06311798095703,67.37945344313135,60.94729904558674,63.26709243486513,49476000
2000-05-25,65.58686828613281,69.38289281716301,64.53241702751332,67.69577080337181,29632700
2000-05-26,65.58686828613281,66.85220979647622,63.899746272341616,65.58686828613281,18203200
2000-05-30,72.17719268798828,72.4935280832607,67.48488432478086,67.48488432478086,31590400
2000-05-31,70.12103271484375,73.11303918594704,69.80469722891212,71.25456820609874,29675400
2000-06-01,73.70613098144531,74.54969185104697,70.8591130465397,71.86084157919167,28993500
2000-06-02,78.97844696044922,79.2420599342825,69.59382509198463,78.13488544418274,31677200
2000-06-05,79.17613983154297,80.40193989885336,77.50219780414061,77.818533305382,23784300
2000-06-06,76.9749526977539,80.13830691820954,76.65861727570834,78.60935237832265,23200500
2000-06-07,79.0311508178711,79.29476372920489,75.55146038826503,77.2385830208013,22524400
2000-06-08,78.66207122802734,80.03285799205463,77.29128446400006,79.82196772066581,19313800
2000-06-09,79.0838623046875,79.92742350260416,78.45119140624999,79.92742350260416,17014600
2000-06-12,76.55316162109375,79.55834771778957,75.92049086389463,79.55834771778957,16484700
2000-06-13,79.5056381225586,79.82197355275444,75.38009688708763,76.34228382060003,25187900
2000-06-14,77.71305084228516,80.03284340474143,77.18582525990873,80.03284340474143,20274500
2000-06-15,79.0838623046875,79.18930745442708,76.65862386067708,77.50218505859374,18807800
2000-06-16,79.5056381225586,80.40192184144685,78.50390926027171,79.92741869615307,21203400
2000-06-19,82.66899108886719,82.87988137225716,78.18757256683038,79.30792719733958,20042500
2000-06-20,82.35269165039062,84.09253724863831,81.98363349318657,82.87991758925357,20988300
2000-06-21,83.4070816040039,84.11883609303933,81.56179218798611,81.66723729747285,20880600
2000-06-22,80.34918975830078,83.51254368579293,79.71651897280235,83.19620829304372,21526700
2000-06-23,77.18585968017578,80.56010491209604,77.08041451667827,80.13832425810601,24888100
2000-06-26,79.29475402832031,79.65063141508305,77.60763160218585,78.50391539106978,22169200
2000-06-27,78.34574890136719,80.19103908410463,77.92396828817006,79.09704561862458,14786000
2000-06-28,79.29475402832031,80.56009584792118,78.02941220871946,78.43801217129891,19259800
2000-06-29,77.30448913574219,78.76754084828565,76.44774714191044,78.39848275863504,21355800
2000-06-30,78.82024383544922,79.25520504725019,77.02767641711793,77.44945698613705,15153100
2000-07-03,80.34918975830078,80.34918975830078,78.6620676636383,78.87295792547111,5212000
2000-07-05,77.23857116699219,79.2683902727459,76.65862285106256,78.9784161147811,16489000
2000-07-06,79.29475402832031,79.92742493812075,75.97323175186807,77.23857357146892,23594700
2000-07-07,80.92915344238281,81.82543722643526,79.66381162960288,80.13831480939535,16603200
2000-07-10,79.70333099365234,80.87640796709951,79.2947311489685,79.87467931561653,12659400
2000-07-11,80.1382827758789,80.77095342937268,78.29299336985538,79.34744445901168,14374600
2000-07-12,82.03631591796875,82.45809646253414,79.82196805900044,80.50736144391921,18252600
2000-07-13,83.0907974243164,84.14524916827982,81.93090050595666,82.61629413953287,19566700
2000-07-14,84.88334655761719,85.3051271616302,83.35439186807004,84.56701110460743,17219400
2000-07-17,85.83231353759766,86.09592629416275,84.25063699820703,85.14692037052838,13140500
2000-07-18,83.93433380126953,85.01514651667533,82.97214687170096,84.67244980203446,20684000
2000-07-19,82.03631591796875,83.45982525587695,80.69189043216656,82.93259957517022,21828500
2000-07-20,84.6724624633789,84.77790762211288,82.04951413987138,82.56355928869948,19521200
2000-07-21,81.82538604736328,83.94746838525398,81.82538604736328,83.03800452615798,14411400
2000-07-24,80.1382827758789,83.51252626117906,79.50561212238512,82.6162428353962,18579200
2000-07-25,80.77095031738281,81.82540136591261,79.13655119216162,80.66550521252984,19065700
2000-07-26,80.66551971435547,81.08730020959392,78.66206236197279,80.56007459054585,20318700
2000-07-27,77.50212860107422,80.19097796070332,77.23851591875764,79.24197230436364,26141800
2000-07-28,73.28437805175781,78.34574516900152,72.54626201382644,77.765796853484,36485600
2000-07-31,75.44598388671875,76.02593205076761,72.30899154481816,73.9170296360445,27609900
2000-08-01,74.44429016113281,75.9073418976565,73.96978689523324,75.76235478863163,15751800
2000-08-02,73.12620544433594,76.25001775333153,72.96803773248806,74.12793428603916,23578200
2000-08-03,76.28958892822266,76.97498260898762,70.27921357382225,71.07005243624336,35874700
2000-08-04,76.02596282958984,78.2534919069478,75.18240152218802,77.60764028096828,22283400
2000-08-07,77.81852722167969,78.47755946441072,76.13140468028826,76.65863047447307,15103300
2000-08-08,79.40016174316406,79.50560684508062,77.18581460291647,77.66031756154095,14832300
2000-08-09,77.29126739501953,79.66378242419816,77.08037717020365,79.03111174975052,18649800
2000-08-10,75.76229858398438,77.80529724099857,75.49868585404705,77.44942005558319,15336200
2000-08-11,76.81678009033203,76.85632201556727,74.1279291743355,75.28782564790264,21050600
2000-08-14,78.45116424560547,78.45116424560547,76.09182983700947,77.08037777357204,12539300
2000-08-15,78.45116424560547,79.28154451231804,77.60760333973874,78.2402740191388,14090300
2000-08-16,79.24203491210938,79.8747058495314,77.60763499043578,78.82025428716135,15245300
2000-08-17,80.77095031738281,80.87639542223579,78.34571290576427,78.39843545819076,14492400
2000-08-18,80.34918975830078,81.50908619838124,79.87468666917697,80.92913797834102,14706700
2000-08-21,80.56010437011719,81.7068205154379,79.61109790502418,80.98188502126963,13560100
2000-08-22,80.56010437011719,82.12860116659034,80.36239468988948,80.98188502126963,14878200
2000-08-23,81.87815856933594,82.19449401776866,79.14976532660371,79.87470072926205,21396400
2000-08-24,83.14350128173828,83.24894643238095,81.03459826888506,82.19449492595433,13567700
2000-08-25,82.69536590576172,84.31658522460276,81.82544334443237,83.07760460695188,11764700
2000-08-28,83.0907974243164,84.22433304907706,82.61629413953287,82.87990707552372,12314200
2000-08-29,83.51256561279297,83.65755270587074,82.55037854054962,83.19623013698694,11162800
2000-08-30,83.4070816040039,83.93430715143755,82.47125625730916,82.93257861131362,10545300
2000-08-31,85.7269058227539,86.04324126859433,83.40711255325749,84.03978344493834,15588700
2000-09-01,86.57044982910156,87.32174636385473,85.35783086072803,86.88678521215553,14071900
2000-09-05,83.93433380126953,85.83234637466506,83.86843058691552,85.72690123169865,16348300
2000-09-06,80.98190307617188,83.92118764420351,80.56012233098349,83.72347791989645,20964900
2000-09-07,82.77445983886719,83.86845349597324,81.45639519175147,81.66728553528998,16669700
2000-09-08,80.24373626708984,82.66897402549071,79.94058154728974,82.47126442562109,23475200
2000-09-11,78.29302215576172,81.0873185694017,77.60762869581228,79.71653164950284,27262100
2000-09-12,77.08039093017578,79.8746869078087,76.6322491224422,78.8729581611101,24256000
2000-09-13,78.87297058105469,79.18930602456159,75.92050644165691,76.13139673732819,34093100
2000-09-14,78.45116424560547,80.92912440658898,78.14800954505962,80.3491762838056,28615300
2000-09-15,77.02767944335938,78.97841465171275,76.50045371137197,78.55663406612284,24994600
2000-09-18,75.81510925292969,78.45123961638343,74.23343103485743,77.449510078271,29218500
2000-09-19,78.60934448242188,79.11020885035146,75.81504853502526,76.55316444565833,27568700
2000-09-20,79.82199096679688,80.33603615300973,77.02769405712696,78.76753930277049,33123200
2000-09-21,74.0224609375,79.70331575659945,73.38979033119658,79.08382578792735,25031400
2000-09-22,78.39846801757812,78.66208088919069,73.81160405151942,73.91704920016444,33710100
2000-09-25,76.31590270996094,79.50561746916829,75.92048352493524,78.97839188913402,20560800
2000-09-26,75.44598388671875,78.02938934475455,75.01102276368212,76.5663382945404,26011200
2000-09-27,75.55144500732422,76.92223186719193,74.23338071898988,76.44772872339156,28482900
2000-09-28,77.23857116699219,78.45119037302688,74.83969404201052,74.83969404201052,29050000
2000-09-29,74.8660888671875,77.9899027864698,74.8133662693937,77.60766395246479,27198800
2000-10-02,73.17890167236328,76.13136456404365,72.54623105271749,76.13136456404365,24968200
2000-10-03,70.8591537475586,74.91879276434581,70.2396633781138,74.2861217487426,35731200
2000-10-04,72.22992706298828,73.27119790933428,69.27746289107051,70.43735953003821,37672100
2000-10-05,72.44083404541016,73.5480083648815,71.33365972593883,71.91360817899523,23443100
2000-10-06,70.015625,73.02081372364458,68.53939194277109,72.17725197665663,36335800
2000-10-09,69.6992416381836,70.70097052708336,66.95766783698424,69.64651906508361,28834600
2000-10-10,66.06134033203125,70.27914338595184,65.6922825648132,69.01380246977567,35283200
2000-10-11,65.0069580078125,67.8671587149689,64.16339650892768,64.8487902267716,48462600
2000-10-12,63.372528076171875,67.11583048333344,62.76621853134993,66.85221763775868,53223600
2000-10-13,68.53933715820312,68.85567256047176,62.95074505145733,63.00346761850211,42410200
2000-10-16,69.17201232910156,69.43562518096552,67.27399979568109,68.43389634388248,27644900
2000-10-17,66.00865936279297,70.16056185865554,65.79776907728883,70.12101993012352,52101400
2000-10-18,65.79778289794922,68.4866346029135,62.89804086318383,64.74333124894362,64354400
2000-10-19,71.75541687011719,71.7949587971213,68.69750784846634,69.50152703088317,44278900
2000-10-20,72.80985260009766,74.12791655013562,71.18863394155095,71.28089841805361,40692200
2000-10-23,72.70442199707031,73.811595936112,70.9645772357191,72.70442199707031,28989200
2000-10-24,69.59380340576172,73.38982904607599,69.48835824908632,72.9153258410367,31466200
2000-10-25,65.69232177734375,69.17201137389647,64.86194130543912,68.5393405381596,48635400
2000-10-26,67.37946319580078,67.48490836512129,62.10720472977568,65.955953409974,69991300
2000-10-27,67.24764251708984,69.05339065994389,65.36281051396483,68.2098294837201,51046400
2000-10-30,64.75650024414062,67.37944824914449,63.8602165037373,65.95593877909214,35496700
2000-10-31,68.92155456542969,69.64648963926763,65.69229832742428,65.79774342907344,43863800
2000-11-01,68.32843780517578,69.85739204618666,66.7994835641649,67.74848964479234,45186400
2000-11-02,69.17201232910156,70.22646373655738,68.3811737735097,69.33018004021993,26594300
2000-11-03,70.06832122802734,70.80643747873643,68.86888232062506,69.91015346001825,29837100
2000-11-06,69.54106140136719,70.96457061883262,69.17200345609837,70.54279010995398,23485800
2000-11-07,69.27745819091797,69.56743233098649,67.69578106327144,68.69750991078091,24334400
2000-11-08,63.86021041870117,69.38289941053519,63.794307208774754,69.27745427465291,40338200
2000-11-09,63.8470458984375,64.90149752351492,61.57997490452106,63.05620717962944,64955900
2000-11-10,60.52553176879883,63.847054853671935,60.52553176879883,62.63443531475001,49235500
2000-11-13,60.6177978515625,62.581714329032124,57.586248926609386,59.853320296574324,75023400
2000-11-14,63.978843688964844,64.11065012425318,61.36907627025552,61.57996656671688,44829500
2000-11-15,65.27052307128906,65.85047117612281,63.09571767816251,63.741568976727365,37760900
2000-11-16,61.47450637817383,64.95419541844781,61.47450637817383,63.58340882682473,33898700
2000-11-17,61.43495559692383,63.425231995794356,59.89282090375926,61.7381102801955,49913800
2000-11-20,58.93064498901367,60.789115340937386,58.41659999805605,59.840109203784856,46862300
2000-11-21,58.83839797973633,59.99829471410389,57.73122382420366,59.207456031580556,42128600
2000-11-22,56.2022590637207,59.15472295449778,56.09681392476438,57.73121357858741,56623700
2000-11-24,59.41831588745117,59.57648354287473,57.507123384416474,57.678471677792004,19987900
2000-11-27,58.68025588989258,61.527276391288986,57.99486206548233,61.21094078002272,35416600
2000-11-28,55.21371841430664,58.99656329014956,55.09509261680634,58.153002063480756,48812700
2000-11-29,53.091636657714844,56.307713952770065,52.72257860746261,55.51687527365812,66189300
2000-11-30,53.13114929199219,54.19878092003768,51.035427948051044,52.089878938713255,74792600
2000-12-01,53.9879150390625,56.3208889067173,52.406237840652466,54.040637612342834,57112500
2000-12-04,54.83147430419922,55.1346290900157,52.08990058898926,54.09335830395038,49106300
2000-12-05,59.62922286987305,59.892835703073196,55.25324983875063,55.72775293851089,76531800
2000-12-06,57.36215591430664,60.98683258628144,57.151265635209924,59.55014255993507,63352100
2000-12-07,56.09680938720703,58.192531354445265,55.25324834379038,56.51858990891535,41481100
2000-12-08,57.36215591430664,62.00174205443439,57.045820495661566,59.971923118128494,65856900
2000-12-11,62.739837646484375,63.08253423867106,59.853277889219655,60.78910319865251,51829800
2000-12-12,60.446414947509766,62.31806582464591,60.15644086795346,62.001730465129945,31054500
2000-12-13,57.98162841796875,62.00172313665038,57.62575118057726,61.949000582962746,51661600
2000-12-14,55.147804260253906,58.785661329046945,55.04235912782512,57.797113212527094,41562700
2000-12-15,53.88246536254883,55.35869729028989,52.77529141674303,54.198800775636194,59026100
2000-12-18,53.9879150390625,55.648676097393036,52.77529585361481,54.96328264474869,42950000
2000-12-19,49.87553787231445,55.5563932695046,49.55920253697208,53.52657486772437,80489200
2000-12-20,47.01534652709961,49.24287485989463,46.18496614268489,48.34659127036764,81432100
2000-12-21,47.292144775390625,49.5592152607215,45.76319026202794,46.40904173750011,85875600
2000-12-22,51.035430908203125,51.2463211185676,48.504748383829416,48.61019348901166,57240000
2000-12-26,51.3517951965332,52.23489845068303,48.926556409017266,51.11454357601534,37082800
2000-12-27,51.93173599243164,52.4589617385477,49.717387858744196,50.35005875408347,33955500
2000-12-28,51.82628631591797,52.70938936351881,50.82455748580358,51.272699330854756,30996900
2000-12-29,49.24287414550781,52.498492430823774,48.926538765558085,51.93172487508051,49191000
2001-01-02,45.07780456542969,49.50650115431401,44.2342433104041,49.401055997435805,62514100
2001-01-03,52.66987228393555,55.04238905348219,43.997005426370585,44.02336672380999,118175700
2001-01-04,51.72084426879883,53.67157947567503,50.811379881809245,51.98445713459291,58465400
2001-01-05,47.766624450683594,51.72081521646866,47.23939901524558,51.72081521646866,68782000
2001-01-08,48.29389572143555,48.50478609576496,45.14372075488994,47.50305681770025,55576500
2001-01-09,48.29389572143555,49.875573528906145,47.76666978561202,48.71567647009437,53318900
2001-01-10,50.77183532714844,50.930003038447964,47.02853282639295,47.344868248992,74258300
2001-01-11,52.24806594848633,53.72429788244962,49.928272909401166,49.994176120738814,65451700
2001-01-12,52.920265197753906,54.515122505083475,51.87899472437344,52.933445836657455,60793900
2001-01-16,52.28761291503906,53.07845152731593,51.088174353085805,52.77529672594313,32203300
2001-01-17,53.88246536254883,55.34551664807792,53.26297517858606,54.40969105102778,61388800
2001-01-18,56.14954376220703,56.30771149111465,52.88074403144944,54.0933632864079,54934700
2001-01-19,55.93860626220703,57.625727280482835,55.30593588035361,57.48074031797476,56292500
2001-01-22,55.99137496948242,56.518600722490724,54.620588011660814,55.56959436707577,35777100
2001-01-23,57.1644287109375,57.70483488505519,55.095068483218526,55.595932742156876,49859500
2001-01-24,56.62405014038086,58.31117267715198,56.307714664736274,57.41488882949232,53905400
2001-01-25,54.409706115722656,57.08537722558014,54.317441594693086,56.41316428665043,57151900
2001-01-26,55.29280471801758,55.622320836718515,53.14435962408745,53.618862835016806,45681400
2001-01-29,56.51861572265625,56.729506079830344,54.19882179374126,54.62060250808944,31514100
2001-01-30,56.30771255493164,57.14283637730065,55.675041627348136,56.64513833681514,42439300
2001-01-31,54.2409782409668,57.35371414778316,54.2409782409668,56.72948077107902,59322200
2001-02-01,54.95803451538086,55.34607204369081,53.65051158027219,54.45189888870977,45142600
2001-02-02,51.921180725097656,55.084537803832866,50.61366177288414,54.78085531832677,47471000
2001-02-05,51.8790168762207,52.21644266340096,50.71490145017269,51.617511730259466,36016300
2001-02-06,51.963375091552734,53.245588661075594,51.59220927587415,51.87058605108134,42417700
2001-02-07,51.119815826416016,51.625954560279524,49.41582475440912,51.04389517723304,61972200
2001-02-08,49.59296417236328,51.87901427289821,49.41581709105186,51.372878835456824,48269500
2001-02-09,47.57685089111328,49.43268287578789,47.23942513866491,49.137437755843415,55385200
2001-02-12,48.150482177734375,48.87594221721763,46.9188801924367,47.45032473043832,50540400
2001-02-13,46.60674285888672,49.92193767623828,46.37898101442023,48.63129044219122,58914000
2001-02-14,48.46259307861328,48.71566080283407,45.65353265134962,46.73329320885207,63048200
2001-02-15,49.26396179199219,51.027004342885306,49.17960376447952,49.60138424825367,67801300
2001-02-16,46.50552749633789,47.973322107789535,45.9993888712718,47.205681583473215,66779700
2001-02-20,44.7003059387207,47.104453885178856,44.11824669636636,47.02009905889029,55298400
2001-02-21,43.44341278076172,45.6113653552992,42.95414561648781,43.48559020783637,72349000
2001-02-22,43.0216178894043,44.00014867738726,41.24170337950322,43.40122104377923,103855500
2001-02-23,43.173465728759766,43.52775991486723,40.684959357537615,42.25398382271263,93337900
2001-02-26,43.99169921875,44.37129902349022,42.38893233100307,43.93265021721578,78342700
2001-02-27,41.334495544433594,43.93266538040456,41.250140718249746,43.47714159597895,66741700
2001-02-28,40.026981353759766,42.35520895283503,39.52928009503195,41.71410382837193,102187900
2001-03-01,41.16579055786133,41.503216363078366,38.592929251357056,39.62207506113115,101773000
2001-03-02,39.39431381225586,41.86594870746769,38.50857508052936,39.81609446716667,95927100
2001-03-05,40.11133575439453,40.794621507641686,39.72329836175424,40.06915833657376,43888400
2001-03-06,41.671905517578125,42.734790727808985,41.41883469892061,41.58754750538258,60828600
2001-03-07,41.68878173828125,42.540780122995244,41.30918187480029,42.515474323544446,55215500
2001-03-08,40.91269302368164,42.0177586741158,40.57526746414993,41.629718315275746,48965200
2001-03-09,38.044612884521484,39.959497398605464,37.91808062180435,39.858270944845565,79990900
2001-03-12,35.68263244628906,37.91807055824051,35.26085191331182,37.116686901997724,80674000
2001-03-13,37.49629211425781,37.74092560931687,35.539230589645925,36.08754338230591,80024400
2001-03-14,36.905792236328125,38.120518868052,35.69106560460425,36.02005386624219,97190000
2001-03-15,35.55610275268555,38.221755782474204,35.47174470931641,38.12896354373331,74135500
2001-03-16,34.75471115112305,36.10440735938955,34.214832667816445,35.328332844118705,77784500
2001-03-19,36.49244689941406,36.49244689941406,34.37511023690717,34.9571661597645,53248200
2001-03-20,34.03769302368164,36.95641721194964,33.91116077484574,36.64429725204046,104796200
2001-03-21,34.03769302368164,35.26085740334553,33.497814372281724,34.1811001005457,96200700
2001-03-22,36.10442352294922,36.10442352294922,33.3122376387047,34.248587992298106,130208100
2001-03-23,36.10442352294922,36.97329386281361,35.00779446054253,36.73709450717589,95277500
2001-03-26,35.269283294677734,36.69490009389392,35.04995565299552,36.66959429598041,57666200
2001-03-27,36.4840087890625,36.880483440322685,34.94029080320817,35.26084484503406,69945300
2001-03-28,33.48936462402344,35.5982666379049,33.4724930217609,35.34519903982494,77863500
2001-03-29,32.85670852661133,34.25701995337092,32.392750522298485,33.21944009058494,79654700
2001-03-30,33.02540588378906,33.7255596591299,32.05530969786624,33.15193807026008,63661300
2001-04-02,31.54918098449707,33.61590274861448,31.46482295829188,33.04228104213783,69713600
2001-04-03,29.23781967163086,31.84442289276221,29.204076464474557,31.380465057115785,89015700
2001-04-04,28.723268508911133,30.20793855495866,28.343665189300584,29.280018971696016,76473900
2001-04-05,31.4732723236084,32.021585221511074,30.123572353068433,30.36820589508223,87035800
2001-04-06,30.326021194458008,31.296114496898905,29.946418068315868,31.127404856773612,86123600
2001-04-09,31.253938674926758,31.540749582815206,30.241664693089273,31.034614200861604,51638700
2001-04-10,33.57372283935547,34.130472899048875,31.869729452310935,31.970959076203865,94265100
2001-04-11,34.58600616455078,35.85134785349776,34.12204818885628,35.56453694195256,92829500
2001-04-12,36.10442352294922,36.10442352294922,33.74245249208918,33.99552024219364,79531500
2001-04-16,33.95333480834961,35.79229829267104,33.793059355286836,35.37895193128877,65229800
2001-04-17,34.79690170288086,36.02006616390162,33.6580952979589,33.7002727170429,94694300
2001-04-18,38.4242057800293,40.49093102817859,36.44183856894675,36.880490707903625,128891400
2001-04-19,40.74400329589844,41.12360646065985,38.44951913387586,38.88816810434411,110467600
2001-04-20,40.82835388183594,41.70565488039211,36.315300579560414,40.64276943121355,80598100
2001-04-23,38.08679962158203,40.254752226150444,37.86747184906541,39.6389527721224,79317600
2001-04-24,37.36976623535156,39.15811535201365,36.90580814793517,38.04461465504187,88888300
2001-04-25,38.044612884521484,38.44952513542296,36.357490304845484,37.03234191106064,68418400
2001-04-26,37.07451629638672,39.01470646056944,37.007029854118464,38.71946132047254,71110200
2001-04-27,38.08679962158203,38.356739020116756,37.31915885363678,38.08679962158203,55580000
2001-04-30,38.93033218383789,40.12818697451397,38.21330357351021,39.0146869766157,73859100
2001-05-01,40.53309631347656,40.55840532599119,38.297662095717584,38.9725101007405,54498300
2001-05-02,41.31761932373047,41.67191663360266,40.06914937156795,41.16577807920381,77566500
2001-05-03,39.4786491394043,40.406568052240786,38.97251389089671,40.406568052240786,67124900
2001-05-04,40.65964126586914,40.65964126586914,38.05303762008027,38.213313053290115,72673400
2001-05-07,39.816070556640625,40.99705375042293,39.7317125455589,40.49091855564895,45561600
2001-05-08,40.65964126586914,40.786173486425376,39.63893321757143,40.7439960795733,56970700
2001-05-09,39.26777267456055,40.44875962543643,39.174980428972084,39.689553268740426,60984600
2001-05-10,38.60978317260742,40.53310101446971,38.5676057707635,40.42343719533192,61130300
2001-05-11,38.4242057800293,39.15810300389461,38.03616846331247,38.66883926062776,48760400
2001-05-14,37.808414459228516,38.263938300407354,36.568378408663044,38.21332346763279,43108000
2001-05-15,38.08679962158203,39.0568933294626,37.60596986682135,37.875909265356064,69007600
2001-05-16,39.773902893066406,40.08601956562358,37.16729924447193,37.378189496889185,80110500
2001-05-17,40.40658950805664,41.15735858643582,39.86670754692839,40.02698626114269,73810700
2001-05-18,40.52468490600586,40.811495871639394,39.72330104162414,40.187259104814316,41095100
2001-05-21,43.063785552978516,43.1481435781468,40.19568027377901,40.634329132935584,85426900
2001-05-22,42.9372673034668,43.82300593919519,42.32990219648474,43.28312727429143,77233900
2001-05-23,41.039241790771484,42.55765086777094,41.03080437917206,42.549213456171515,65618000
2001-05-24,42.09369659423828,42.169617215493275,40.71869121725561,41.30918458058,61792500
2001-05-25,41.326072692871094,42.19493986920149,40.507817138971596,42.144325028839354,36191100
2001-05-29,38.9050407409668,40.912717251439425,38.88816913120629,40.912717251439425,66609600
2001-05-30,37.47941589355469,38.67727098192811,37.1841708275274,38.322976902695366,81397400
2001-05-31,37.73246765136719,38.677254682429044,37.36973631286577,37.572192285629,68018300
2001-06-01,38.845977783203125,38.99781899865749,37.395055261425995,38.41576315136865,61874300
2001-06-04,38.66041946411133,39.360573733907046,38.20489554809121,39.082200152737826,41696000
2001-06-05,40.36439895629883,40.7946169364834,38.97252501659252,39.05687984278187,68146400
2001-06-06,40.05228042602539,41.24170144189895,39.706420505606275,40.55841901405618,61169500
2001-06-07,41.081424713134766,41.74783873009802,39.70641926933477,39.75703409194101,65400200
2001-06-08,39.94261169433594,41.140469976608564,39.60518922820675,41.098292570583645,56391400
2001-06-11,38.845977783203125,39.64736126078356,38.37358575106008,39.563006460166406,48809400
2001-06-12,38.635093688964844,39.47865470059259,37.310703158143674,37.85058169071665,78450500
2001-06-13,37.580623626708984,39.43645756759314,37.5553178387556,39.031548870697584,68535400
2001-06-14,35.64045715332031,37.454114840010504,35.42956687430659,37.13356071488916,91050300
2001-06-15,35.935699462890625,36.33217418634958,34.82219913370337,35.26085126609987,84589400
2001-06-18,35.454872131347656,36.41653127395294,34.923430953337515,35.96944491907546,63539100
2001-06-19,35.27771759033203,36.74551501423427,34.80532231435589,36.54305897655034,73386900
2001-06-20,36.079132080078125,36.24784505330652,34.822223808355545,34.83909542747162,83588600
2001-06-21,36.56836700439453,37.31070156392878,35.682628623617276,35.99474528356303,67212600
2001-06-22,36.4840087890625,37.28539228466248,35.9272587258541,36.796125419879324,51870400
2001-06-25,36.576805114746094,36.94797079263698,35.97787758294609,36.787695362669744,39212100
2001-06-26,36.70335006713867,37.02390425622071,35.834482973973344,35.8850978094908,55155100
2001-06-27,36.939544677734375,37.24322721603224,36.27313057623967,36.84675243348442,53289400
2001-06-28,37.41193389892578,39.10749353014501,37.41193389892578,37.45411452872218,89963700
2001-06-29,38.550743103027344,39.24246295099209,37.70718199888202,38.036170314629864,59719600
2001-07-02,38.33985900878906,39.208726056414456,38.12053128430664,38.508571900406906,50884300
2001-07-03,38.50013732910156,38.54231475063803,37.79154570632352,38.171148936013715,24758400
2001-07-05,36.652732849121094,38.11209326194702,36.652732849121094,37.85058814529376,44409800
2001-07-06,35.13431930541992,36.36591767613332,34.99934966503941,36.28155963968921,53434800
2001-07-09,35.43798065185547,36.01160213771311,35.00776614642645,35.336754277271304,45547500
2001-07-10,34.16421890258789,36.17189488973559,34.079864093703996,36.070665257559284,58620000
2001-07-11,34.58600616455078,34.670360989975116,33.63278119119023,34.096739166884724,77840200
2001-07-12,36.77925109863281,36.973272922353985,35.68262265732081,35.96099927732398,70363300
2001-07-13,36.39964294433594,37.47939953501993,36.18875278409744,36.59366150560393,62474200
2001-07-16,35.724815368652344,36.99859457683976,35.345215404741296,36.585248174849845,53390800
2001-07-17,36.52619171142578,36.61054974462026,35.041525724432255,35.277721781516924,59813000
2001-07-18,35.13431930541992,36.14658999930871,34.704101364380136,35.65732625965313,64797200
2001-07-19,35.96944046020508,36.56836799682083,35.21867168642902,35.81759922304477,76590200
2001-07-20,35.13431930541992,35.54766242124083,34.88968582662711,34.99934966503941,49012800
2001-07-23,34.25701141357422,35.76698631807835,34.206396597056916,35.63201669196193,55329400
2001-07-24,33.86897277832031,34.5016434786531,33.16038146523041,34.062991406937485,70422900
2001-07-25,34.16421890258789,34.34980334364809,33.236303133146265,33.860536441918356,68859600
2001-07-26,34.67036819458008,35.33678239487827,33.72558043819047,34.122055279520204,69199300
2001-07-27,35.387386322021484,35.64888818531899,34.83907035806801,35.12588124079398,47452900
2001-07-30,35.17649841308594,35.68263378446781,34.923430727395,35.53922994248403,39459400
2001-07-31,35.227115631103516,36.08754847386279,35.0077911266813,35.29460207426772,55732500
2001-08-01,36.35748291015625,36.694908644635355,35.7754268970066,35.96101137276313,53864800
2001-08-02,37.040771484375,37.1166921197007,36.12128966451065,36.93954504325091,53187300
2001-08-03,36.42496109008789,36.72020612740492,35.90195421629934,36.72020612740492,51513700
2001-08-06,35.851348876953125,36.14659399229704,35.72481341727406,35.87665468171677,31105700
2001-08-07,35.665767669677734,36.121291504840244,35.37895672360475,35.51392639129023,38407500
2001-08-08,34.16421890258789,35.97787625495888,33.99550606689041,35.303024912168944,76045200
2001-08-09,34.30763626098633,34.48478657824342,33.725580126944315,34.08831174057267,66861400
2001-08-10,33.97864532470703,34.37512013266207,33.09290667653133,34.09674338207303,68491900
2001-08-13,34.67036819458008,34.87282432277192,33.911164954205404,34.240153346827526,48425700
2001-08-14,34.24857711791992,35.176496197584356,34.19796551472751,34.99934915055088,51267600
2001-08-15,32.983238220214844,34.526956601100615,32.957932416570905,34.26545149770224,58935300
2001-08-16,33.371280670166016,33.39658647524504,32.0890673199648,32.59520272912797,68227300
2001-08-17,31.852867126464844,32.73017148150246,31.810689713188687,32.426488957225565,56649300
2001-08-20,32.2915153503418,32.60363524981745,31.650410380419586,31.928783848303585,49921300
2001-08-21,30.950275421142578,32.60365868159838,30.916535401162392,32.299975976250735,56445600
2001-08-22,31.793825149536133,31.92036063533416,30.823731557498547,31.591372233776585,65221400
2001-08-23,31.48170280456543,32.44336202953256,31.464831194907873,31.776947928746385,54711800
2001-08-24,33.15194320678711,33.22786381760438,31.844424436427,31.937216651640277,58450600
2001-08-27,33.19413757324219,33.65809888642391,32.75548850648499,33.135088536642904,50927500
2001-08-28,32.15655517578125,33.27005581082785,32.06376291987222,33.168829357986596,65275500
2001-08-29,31.684160232543945,32.434929195202706,31.32142865450624,32.36744275373958,59060500
2001-08-30,30.5116024017334,31.47326472599534,30.157308296423825,31.043046777627872,76105800
2001-08-31,30.89964485168457,31.23706737029209,30.31758561705334,30.393506246877834,54309000
2001-09-04,29.921113967895508,31.63354201243073,29.819884316545913,30.798415087413225,74073600
2001-09-05,29.80300521850586,30.29226881919521,28.80760319670125,29.937974820550764,95461200
2001-09-06,28.59671974182129,29.96328768730628,28.4954901029484,29.305311124282007,88701800
2001-09-07,28.42801284790039,29.608996587350948,28.132764499589822,28.360526407853207,95528800
2001-09-10,28.765432357788086,28.95101683039647,28.124327334669477,28.25086278743524,80371300
2001-09-17,26.319108963012695,27.668805538375203,26.22631672009456,26.361286377630808,97700900
2001-09-18,25.728618621826172,27.415741154404937,25.61895636515334,26.59748730533179,66285300
2001-09-19,25.28152847290039,26.15039708428311,23.839039599586823,25.846714538758025,116632800
2001-09-20,24.437965393066406,25.38275456801036,24.29455993639541,24.71634050202009,90840200
2001-09-21,23.77998924255371,24.437965909083946,22.94486389805866,23.122010967058273,112341900
2001-09-24,24.977840423583984,25.30682868157572,24.117407862258847,24.530752537648805,85696500
2001-09-25,25.05377197265625,25.669571353178632,24.421100979497915,25.06220617000869,83860600
2001-09-26,24.184900283813477,25.306836644005784,23.965574173156252,25.264659226518578,59759800
2001-09-27,24.024614334106445,24.286119374698703,23.13044021988787,23.957129525655322,70050700
2001-09-28,24.4464054107666,25.239353461314995,23.8812192910617,24.32830734690647,84810800
2001-10-01,24.23551368713379,24.44640399407153,23.493180514657688,24.33674174240866,53460800
2001-10-02,24.31143569946289,24.809136980663453,23.957139899438175,24.168030218287043,74133400
2001-10-03,26.1503963470459,26.664969177130843,23.8980879521514,23.9740085863923,136198600
2001-10-04,26.40346336364746,28.006230836562235,26.099782443603097,26.6987100880773,127371500
2001-10-05,26.791501998901367,26.909600043629975,25.526160288928498,26.150395339439292,96443400
2001-10-08,26.875864028930664,27.289207271518602,26.116657557745203,26.260063045750734,67789600
2001-10-09,26.2263126373291,27.010824655233396,26.040729789348564,26.87585501870846,57564800
2001-10-10,27.41573715209961,27.449480370128562,25.93950515160194,26.040733196723604,73840600
2001-10-11,29.27155876159668,29.735516531985137,27.955602828960807,27.99778022300905,117232200
2001-10-12,29.145036697387695,29.355926982054655,27.95561562058326,28.959455435073423,111901600
2001-10-15,29.01850128173828,29.145033507933324,28.39426469154736,28.782302000566844,78322000
2001-10-16,29.490888595581055,29.608986607929264,28.740119901713594,29.23782096655925,81346800
2001-10-17,27.37355613708496,30.36819715765679,27.247020695089407,30.258533322455975,141530300
2001-10-18,28.115896224975586,28.293043303943694,27.331384054767568,27.584451770140667,94448200
2001-10-19,28.301485061645508,28.4701979896147,26.99396550126431,27.71942883897982,73434200
2001-10-22,29.060686111450195,29.102863530952362,28.023106145628812,28.208687435024522,74104900
2001-10-23,29.21251678466797,29.8620591064363,28.681072481779395,29.372792207729113,104062200
2001-10-24,29.845205307006836,30.09827310100661,28.951029002413954,29.187225181089527,90171400
2001-10-25,31.04305648803711,31.05992810089081,28.875104114268556,29.271578971502787,118551900
2001-10-26,30.37664031982422,31.262382239420255,30.37664031982422,30.789986763497765,93823900
2001-10-29,28.71482276916504,30.49473733848098,28.71482276916504,30.368201876822038,92146800
2001-10-30,28.15806770324707,28.75699525417879,27.702543980877913,28.43644116607495,96092200
2001-10-31,28.59671974182129,29.490892359689166,28.411135288484225,28.71481776924309,106175500
2001-11-01,29.811443328857422,29.997027762783645,28.495487122518828,29.05223720636793,92716000
2001-11-02,30.030784606933594,30.241674957313553,29.43185678415804,29.752411017756362,64917700
2001-11-05,31.009305953979492,31.346731695665987,30.503170559380113,30.587525385836553,64473000
2001-11-06,32.21559524536133,32.22403265787708,30.697186003457176,30.87433305112782,107214900
2001-11-07,32.173431396484375,32.763925022187784,31.633552613417734,31.726344882619447,92562100
2001-11-08,31.844430923461914,33.236307999341584,31.422650381429303,32.51927914712805,105916300
2001-11-09,31.827539443969727,32.12278756981123,31.312966989096616,31.709441480804387,74121900
2001-11-12,32.055328369140625,32.350573527473514,30.621273561671842,31.211767096268503,112994400
2001-11-13,33.20257568359375,33.32067375926392,32.58677627621986,32.92419888985874,97931800
2001-11-14,33.438758850097656,33.94489740091063,32.67955585077315,33.708698123359255,88660100
2001-11-15,33.30379867553711,33.835243178605985,32.85671223053601,33.03385932558201,86349700
2001-11-16,33.21101379394531,33.47251900511696,32.83141049319021,33.303806069455625,64035500
2001-11-19,34.155792236328125,34.155792236328125,33.31223108986138,33.56529879021532,69196300
2001-11-20,32.578330993652344,33.93646497176366,32.46023294650013,33.809932728927905,85176500
2001-11-21,32.40962219238281,32.85671185013863,32.038456394974425,32.45180282989379,60867900
2001-11-23,33.13508224487305,33.26161770951959,32.53615457713122,32.696430043477044,27046000
2001-11-26,33.95333480834961,34.04612704567605,32.907317612029146,33.38815040707802,75267500
2001-11-27,33.911155700683594,34.56069811156071,33.06759462961151,33.784620252850736,100289700
2001-11-28,32.688011169433594,34.05458002568959,32.637396316264095,33.51470113027646,101568200
2001-11-29,33.70026397705078,33.74244138519628,32.72173330559729,32.92418615186768,83774700
2001-11-30,33.44719696044922,33.7761852554815,33.20256348334777,33.51468017120787,66018200
2001-12-03,32.87358474731445,33.40502604708553,32.789226686923904,33.14352410470226,60449800
2001-12-04,34.442604064941406,34.451038260739566,32.42649016855137,33.18569650760456,79378700
2001-12-05,36.146575927734375,36.399646720618186,34.68721625363409,34.75470265651745,115773700
2001-12-06,36.19719696044922,36.475573593366306,35.73323912351676,36.02004994928163,77702100
2001-12-07,35.20180892944336,35.93570628158759,34.704107686510916,35.83447983734406,81632600
2001-12-10,34.58600616455078,35.623585963335664,34.484779730455514,34.855945467425045,69088000
2001-12-11,34.78001022338867,35.64887678831127,34.69565543340882,34.97402881468552,66056500
2001-12-12,35.058387756347656,35.37893854115191,34.248566948498826,35.00777295025428,76093400
2001-12-13,33.53998565673828,34.58600276603941,33.53998565673828,34.3413692912447,79582600
2001-12-14,33.835243225097656,34.13048838391334,33.37971936469842,33.6327871033877,70006300
2001-12-17,34.41728973388672,34.78845865037387,33.75931315346675,33.75931315346675,62295500
2001-12-18,34.80533981323242,35.007795952704036,33.87742361732116,34.72098496557909,50850400
2001-12-19,34.17265319824219,34.85593873678689,34.01237777371281,34.21483382073965,79596200
2001-12-20,32.72174072265625,33.99551675778589,32.628948472944884,33.82680386903165,83048800
2001-12-21,33.30379867553711,33.497817382196665,33.02542512874067,33.25318384069645,56205000
2001-12-24,33.1688232421875,33.4303283499019,33.02541939526466,33.35440771978677,13660400
2001-12-26,33.480934143066406,33.99550685581695,33.03384785333288,33.21099488685789,37672900
2001-12-27,33.750877380371094,33.91115604497734,33.40501746643729,33.61590773634644,34255200
2001-12-28,34.02082443237305,34.417296004588145,33.93646638237898,33.98708121237542,38240400
2001-12-31,32.822967529296875,34.12205260366506,32.822967529296875,34.003954545618996,46176900
2002-01-02,33.835243225097656,33.86898644837113,32.839840664046385,33.37971936469842,61708800
2002-01-03,35.0078125,35.04998994376286,33.96179451784456,34.003975179540106,85769100
2002-01-04,35.15119171142578,35.674201943352244,34.526958260059956,35.38739102252917,86876900
2002-01-07,34.763160705566406,35.61515942807971,33.835244554601054,35.52236716939697,75166200
2002-01-08,34.999351501464844,35.23554758004149,34.45103549856308,34.67035996896565,66956800
2002-01-09,34.67878341674805,35.935687149220136,34.50163642915329,35.463295182300776,85123000
2002-01-10,34.90656661987305,35.04153629577196,34.3160730810912,34.72941630568686,75548000
2002-01-11,34.45947265625,35.092143536484194,34.13892172717464,34.8812532430728,60832900
2002-01-14,33.70871353149414,34.31607878292225,33.489388978440346,34.15580327176492,71310700
2002-01-15,34.029258728027344,34.37511868918908,33.371282025800284,33.76775359917605,66916100
2002-01-16,32.71329879760742,33.69182955593818,32.70486460240149,33.345969629750506,90942000
2002-01-17,33.44719696044922,33.71713623934391,32.907315184729796,33.30378990845077,75285900
2002-01-18,32.553016662597656,33.27847958273038,32.240900017167164,32.75547270321152,81985600
2002-01-22,31.54918098449707,32.91574882972454,31.49013197511827,32.898877224483506,81773800
2002-01-23,32.41803741455078,32.63736177698251,31.506990329229815,31.760061109326955,74968800
2002-01-24,32.8482666015625,33.32909614955207,32.70486276560389,32.8482666015625,77251200
2002-01-25,32.75547409057617,33.025413344208246,32.35899940395981,32.45179162575766,58832100
2002-01-28,32.94105529785156,33.22786615691673,32.409610984715854,33.02541332577057,47795900
2002-01-29,32.0384521484375,33.23631065691446,31.641977377487102,33.00854875985341,83339800
2002-01-30,32.283077239990234,32.772340907017686,31.08521904373895,32.05531540229605,101385500
2002-01-31,32.485538482666016,32.68799457463053,32.072195321053655,32.536153310139746,69655500
2002-02-01,32.173431396484375,32.79766825061229,31.802265537608903,32.39275916331231,61207100
2002-02-04,31.144271850585938,32.11436832747816,30.882769989353925,32.021576098810044,82763300
2002-02-05,30.62970733642578,31.490140118653734,30.52847767880096,30.865903435022688,86853800
2002-02-06,30.418811798095703,31.118965777320717,30.1151293134468,31.076788369548357,98507600
2002-02-07,29.684911727905273,30.832155252874944,29.524636289360682,30.35976313172036,97725900
2002-02-08,30.5116024017334,30.570654637215107,29.49933169060312,29.912674813464292,80483100
2002-02-11,30.89964485168457,31.043048698058445,30.351328834293184,30.48629848532225,57641200
2002-02-12,30.646583557128906,31.194896471075502,30.401950007957005,30.629711944986262,51477700
2002-02-13,31.169580459594727,31.338293307868174,30.882769582908843,30.975561810355735,60984700
2002-02-14,31.11052894592285,31.6925848468766,30.368194403917887,31.338290790103798,77482300
2002-02-15,30.1826114654541,31.135836293796046,30.064513440654714,31.06835308730918,79719900
2002-02-19,29.25469398498535,29.91267049583292,28.95101152830812,29.83674988166361,72437200
2002-02-20,29.651182174682617,29.668050569581766,28.62203631755455,29.440291841201038,106552700
2002-02-21,28.242422103881836,29.48245781284129,28.242422103881836,29.347488180554738,109307800
2002-02-22,28.385831832885742,28.849789786629355,27.9134364662407,28.352088617140346,99824200
2002-02-25,29.5330753326416,29.735531430611786,28.638902546260432,28.681079961441153,88994700
2002-02-26,29.423404693603516,29.887362538719493,28.99318683840314,29.718649717423844,94683300
2002-02-27,29.01850128173828,29.954851340129643,28.731690397260834,29.853624915587606,95159300
2002-02-28,28.495498657226562,29.499338627521965,28.47019284887655,29.11129799788019,95711200
2002-03-01,30.148883819580078,30.157318017121735,28.75700631623277,28.80762115527616,86081600
2002-03-04,31.338294982910156,31.405778195068578,29.862063112989787,30.115130789961544,105734600
2002-03-05,31.566055297851562,31.945658442215443,31.05148572208083,31.152712154601108,91452600
2002-03-06,31.7178897857666,32.01313804300117,30.874328852975687,31.27924093249336,86943400
2002-03-07,31.78538703918457,32.33370311956644,31.22019934824457,32.156552817671404,85496000
2002-03-08,32.62051010131836,32.92419264857756,32.164989498360164,32.24934433129634,84443700
2002-03-11,32.502410888671875,33.05916113281088,32.1059393264973,32.350569620458465,71035200
2002-03-12,32.055328369140625,32.055328369140625,31.48170644615311,31.692596764371142,82652100
2002-03-13,31.279247283935547,31.768511050978887,31.102097006451523,31.5576207749586,71376200
2002-03-14,31.093656539916992,31.549180216547985,30.983992717484437,31.26236937029102,70700500
2002-03-15,31.40578842163086,31.49014648671075,30.865909676844165,31.118977436221535,63966500
2002-03-18,31.582927703857422,32.0047082709289,31.253939376410525,31.743206378820013,78938300
2002-03-19,31.532323837280273,31.95410450790975,31.397354151396087,31.717905144164067,58947600
2002-03-20,30.418811798095703,31.279244431957604,30.40194019140077,31.102094170625783,61816500
2002-03-21,31.22862434387207,31.329850749035696,30.28383705384295,30.494727275059322,89198800
2002-03-22,30.941823959350586,31.329861325075658,30.764676886032245,31.161148447564173,58930100
2002-03-25,29.997041702270508,31.127413999961668,29.96329847716186,30.950263677106804,87421900
2002-03-26,30.27541160583496,30.72249802173585,29.862068410964884,29.878936803549617,92457500
2002-03-27,30.039213180541992,30.368201515423547,29.86206611067199,30.05608478975777,64531800
2002-03-28,30.418811798095703,30.680313657042298,30.283842162466186,30.385068584705838,59539400
2002-04-01,31.000864028930664,31.127399454996084,29.777700042706673,30.199480505685322,70730500
2002-04-02,29.600555419921875,30.494731232371393,29.52463480171456,30.35132419001099,77759800
2002-04-03,29.549955368041992,29.904252836029983,28.93415592061171,29.777717336477536,85766400
2002-04-04,29.322185516357422,29.659611279159645,28.917276531753092,29.10286102308737,90521500
2002-04-05,28.993196487426758,29.668044779271497,28.83292102371691,29.53307512090255,68426000
2002-04-08,29.35593605041504,29.35593605041504,28.19182041842524,28.234001062732975,74950700
2002-04-09,28.335208892822266,29.50775795169893,28.250854095551855,29.33904513922886,80910200
2002-04-10,28.546106338500977,28.891966243649357,27.947178759475985,28.47861990923785,85748700
2002-04-11,27.837520599365234,28.55454635793417,27.73629415275178,28.394270882635308,90665600
2002-04-12,28.276165008544922,28.512361057992045,27.795335497639087,28.107452165541332,78360100
2002-04-15,28.50393295288086,28.647336808413254,28.006231729563442,28.51236714876432,69306800
2002-04-16,29.693355560302734,29.710227170838913,29.026941424811696,29.043813035347878,72064700
2002-04-17,29.54152488708496,29.9464340314999,29.229408024960666,29.862079166471226,69130100
2002-04-18,28.976322174072266,29.65117362087625,28.681077079543158,29.339053700453842,91086100
2002-04-19,29.06910514831543,29.575243572177136,29.001621955891366,29.566806161918404,62286800
2002-04-22,28.335208892822266,28.689502902873095,28.04839807700192,28.689502902873095,64625600
2002-04-23,27.845956802368164,28.630469060498783,27.584454861611924,28.335223895796272,73070300
2002-04-24,27.41573715209961,28.099022836499184,27.162669452743227,28.0146647914268,68953900
2002-04-25,27.348251342773438,27.609756461595083,26.993957199141327,27.247024904297184,103073700
2002-04-26,26.184139251708984,27.651933872160384,26.158831837610943,27.550707433698676,100193400
2002-04-29,26.251617431640625,26.614347288053274,25.779222141911216,26.35284384446491,85326800
2002-04-30,26.766193389892578,27.15423072464827,26.099780955735817,26.17570158366021,95357900
2002-05-01,26.622798919677734,26.85899670497806,25.796109084575264,26.715591194075323,109975700
2002-05-02,25.7370548248291,26.98552513205644,25.69487579548432,26.47938804267725,85852200
2002-05-03,25.087512969970703,25.737055559738625,24.86818683801145,25.70331233529928,92103200
2002-05-06,24.437965393066406,25.28996232870408,24.33673895833698,24.994715610973767,96491200
2002-05-07,24.21021270751953,24.758527293097707,23.974014937424247,24.691042445779864,101954400
2002-05-08,26.79994010925293,26.89273074853835,25.306836376866148,25.416498626554493,129741500
2002-05-09,26.10822296142578,26.90116942748659,25.9816874788519,26.63123006806457,106477200
2002-05-10,24.935659408569336,26.226308146943843,24.885046205779563,26.15882334023591,112282800
2002-05-13,25.947940826416016,26.1335236977521,25.028459056270297,25.197171927641417,93971200
2002-05-14,27.47478485107422,27.542271283880932,26.88429304470149,27.036132691621255,107284700
2002-05-15,27.677234649658203,28.368954339276172,26.867415338398683,27.06143557075096,150522100
2002-05-16,27.719417572021484,27.879693018583644,27.17953899630669,27.449478284164087,89916300
2002-05-17,27.778470993041992,28.18337998900667,27.39043360748384,28.082153544498166,82695000
2002-05-20,27.171110153198242,27.584456628184373,26.943349812836498,27.500098562916207,78144200
2002-05-21,26.42876625061035,27.49165331112505,26.150391183020663,27.297634665918736,104180000
2002-05-22,26.48781394958496,26.648090983265877,25.65268878824469,26.125082477606238,89543100
2002-05-23,27.019258499145508,27.07830751323849,25.98167882845894,26.681834412210645,94445800
2002-05-24,26.352853775024414,26.73245698857362,26.15883506986168,26.64810054012208,55874600
2002-05-28,26.234756469726562,26.589052276275925,25.720183567390105,26.54687324635012,68829400
2002-05-29,25.543041229248047,26.066048426081,25.509297999018425,25.86359387160059,73470200
2002-05-30,25.762353897094727,25.914193526653328,25.22247375912606,25.315265984660424,92080500
2002-05-31,25.3405704498291,26.184131357869248,25.306827241204417,25.9479337243907,79907400
2002-06-03,24.4464054107666,25.517728618246338,24.286129926660838,25.30683829908728,77043700
2002-06-04,24.766948699951172,25.03688793227248,24.134278020836327,24.252376032735715,98366200
2002-06-05,25.02002716064453,25.13812522367548,24.43796943334191,24.81757264874915,95347100
2002-06-06,24.362049102783203,24.893493611170847,23.535359433030706,24.893493611170847,91129700
2002-06-07,23.87277603149414,24.28612234387761,23.21479947089381,23.307590088255555,106049200
2002-06-10,23.830595016479492,24.25237545924904,23.737802804201486,23.923387228757495,73142900
2002-06-11,23.16419219970703,24.201773806918926,23.07983735806655,24.12585316227012,84609500
2002-06-12,23.501615524291992,23.585970357038715,22.632746909899165,22.97860687284969,152974400
2002-06-13,23.34977149963379,23.796857852785053,23.07139640106155,23.417256323258417,97556300
2002-06-14,23.299158096313477,23.383512918440346,22.10130127990984,22.658051472565678,122106800
2002-06-17,24.092100143432617,24.252377173524316,23.54378585086764,23.61970646464977,87618100
2002-06-18,24.480144500732422,24.589806740234177,23.855909454497773,23.881215258786163,100513400
2002-06-19,23.062959671020508,23.889649129472307,22.987039046370338,23.704066274196915,93507600
2002-06-20,22.320621490478516,23.155748229124665,21.654209190798653,23.003907003916275,99913200
2002-06-21,21.780742645263672,22.590561963203047,21.637337224845492,22.236266313285466,168755100
2002-06-24,22.21096420288086,22.607437349654262,21.266175041487344,21.468631125972856,219672100
2002-06-25,21.47707748413086,22.53996528926914,21.342107757348163,22.4218671805758,136336400
2002-06-26,21.637344360351562,21.747008216876175,20.574457060082658,20.608200280233397,149080300
2002-06-27,22.109743118286133,22.14348634597399,21.10590622905725,21.932595999821856,121371100
2002-06-28,22.01695442199707,22.565269049059562,21.806064057052588,21.974775383628696,87842000
2002-07-01,20.96249008178711,22.05068287854159,20.903441072291923,21.90727745163978,64753900
2002-07-02,20.20329475402832,20.878143183024708,19.477831486133024,20.75160930370858,111629600
2002-07-03,20.878141403198242,20.878141403198242,19.92491787738085,20.118936583056847,101067000
2002-07-05,22.219398498535156,22.26157590804295,21.1312039564117,21.30835261606751,56768300
2002-07-08,21.409584045410156,22.396550782795774,21.15651631129709,22.101305629319,97288500
2002-07-09,20.802213668823242,21.493933416011046,20.743164657570365,21.29991477647591,91039600
2002-07-10,20.161108016967773,21.114332868732905,20.10205900311709,21.080589655695398,115365200
2002-07-11,20.920320510864258,20.996241159900073,19.848998835849372,20.043017557178427,170271200
2002-07-12,20.920320510864258,21.52768570315078,20.70943017664601,21.299923756043334,130027800
2002-07-15,21.569860458374023,21.62890948721671,20.034579272602716,20.81909147629067,140207200
2002-07-16,21.249303817749023,21.9494594419497,21.004670334985324,21.299917031472006,148281700
2002-07-17,21.637344360351562,22.303758477641033,20.996237658175147,21.991640127107864,157954700
2002-07-18,20.861263275146484,21.56985464832346,20.684116236334706,21.40957760680452,114052300
2002-07-19,20.237030029296875,20.844393425063547,20.076752974274328,20.523840923983514,124116400
2002-07-22,19.73932456970215,20.66724187357392,19.477821143444597,20.118927615047557,150034800
2002-07-23,18.89576530456543,20.03457292973268,18.79453888973026,19.781505283679895,150786800
2002-07-24,19.924917221069336,19.95865883404853,18.254664741016587,18.39807021635027,186493600
2002-07-25,18.76923370361328,19.739328606950846,18.389630580628342,19.612794768944216,153915500
2002-07-26,19.123533248901367,19.266938723113192,18.56678296289437,19.03074099824508,96034200
2002-07-29,20.10206413269043,20.346697662742198,19.469393207479065,19.629670292376247,96735200
2002-07-30,20.506969451904297,20.827523564069022,19.899606052121506,20.01770408872689,117394300
2002-07-31,20.118938446044922,20.40574943271796,19.705593579125683,20.245472326291125,93831300
2002-08-01,19.174148559570312,20.1611153756445,19.115099524167118,20.026145692161325,85149700
2002-08-02,18.76923370361328,19.266934860875736,18.406502188086574,19.216321647466092,86706000
2002-08-05,18.085947036743164,18.828279957338065,17.967847410834004,18.651132931921538,84897800
2002-08-06,18.980127334594727,19.410343747254714,18.381199644339763,18.389633840598982,115364600
2002-08-07,19.23318862915039,19.714019712499223,18.524597316700817,19.570614289528123,125677100
2002-08-08,19.88273811340332,19.908045529759626,18.81141495546699,19.191018155984704,111697900
2002-08-09,19.680282592773438,20.000835138566824,19.30067941186587,19.570620345491967,93576900
2002-08-12,19.73932456970215,19.806809376767475,19.31754412330268,19.44407793542958,62870900
2002-08-13,19.064476013183594,20.135798705886714,19.022297004239764,19.595918654158435,88434400
2002-08-14,20.279212951660156,20.41418262114164,18.95482045530436,19.123533346638904,102613500
2002-08-15,20.692554473876953,20.709424473154492,20.00926882073531,20.447920981253745,120307800
2002-08-16,20.835952758789062,21.089020359517445,20.017697739102463,20.35512174306183,95853000
2002-08-19,21.342090606689453,21.586724045497675,20.81908373794013,20.8950043493658,76015900
2002-08-20,21.249303817749023,21.45175828160602,20.96249292504368,21.24086801396768,89981300
2002-08-21,21.72170639038086,21.80606285349587,21.089035330466853,21.418023766753112,101365500
2002-08-22,22.06756591796875,22.10974334404358,21.44333068006039,21.713270068456907,80345500
2002-08-23,21.215553283691406,21.772303269472044,21.046842093161683,21.763867468600882,75211200
2002-08-26,21.29991912841797,21.418017175053198,20.76004050498238,21.342096542511918,83335400
2002-08-27,20.55758285522461,21.5192419073603,20.37199840027564,21.451757089823847,92340400
2002-08-28,19.806814193725586,20.32138697834421,19.730893566192833,20.262337958922096,115562300
2002-08-29,20.06830596923828,20.431035649010813,19.41876396889438,19.570605123152852,97028200
2002-08-30,19.815248489379883,20.245464809660977,19.72245626080014,19.924912324785936,59474900
2002-09-03,19.098220825195312,19.76463479796892,18.845153164805176,19.45251651512047,81828100
2002-09-04,19.174148559570312,19.418782116487034,18.760803702782393,18.98012984068394,82717600
2002-09-05,18.701749801635742,18.98012490251401,18.49929532908474,18.895768470043144,91576600
2002-09-06,19.275371551513672,19.587488259026976,19.06448127547734,19.115094491215828,86008800
2002-09-09,19.46939468383789,19.714028232440153,18.887336937995855,19.123534680546438,72679500
2002-09-10,19.950204849243164,19.967076444841467,19.427198257407042,19.595909386498345,74615800
2002-09-11,19.781505584716797,20.54071014339366,19.756198176140444,20.346691504536274,73902800
2002-09-12,19.241628646850586,19.621231793453408,19.157272213276052,19.595924380691503,70763500
2002-09-13,19.393465042114258,19.469385652395907,18.996991995393792,19.06447680353695,79716100
2002-09-16,19.115093231201172,19.401904116422003,18.870461363786355,19.283806084495193,58853600
2002-09-17,18.710189819335938,19.579056925249898,18.710189819335938,19.444087246487232,89139700
2002-09-18,18.499292373657227,19.022299275284333,18.372758549648402,18.56677718705959,92358300
2002-09-19,18.20404624938965,18.668004154115152,18.17873884025438,18.305274276965804,86247700
2002-09-20,18.279970169067383,18.47398884724813,18.11969310019558,18.414939824233574,78116900
2002-09-23,17.731658935546875,18.153439586103374,17.55451022565109,18.09439055245994,72757500
2002-09-24,17.740083694458008,18.09437928465572,17.41952969863106,17.4448371011325,91507300
2002-09-25,18.448678970336914,18.59208439841781,17.79913664261964,18.010026883387727,98051900
2002-09-26,18.22092056274414,18.83671979584687,18.02690189077454,18.693314340703,104453500
2002-09-27,17.97629165649414,18.735496538657106,17.97629165649414,18.178746184473226,92249700
2002-09-30,17.478588104248047,17.917240329946416,17.284569407523314,17.773834856505232,91502500
2002-10-01,18.54146957397461,18.549905376677383,17.26769232722319,17.638859601320952,102096000
2002-10-02,17.925674438476562,18.533037887282177,17.68947673723622,18.145000530564335,94829700
2002-10-03,17.495450973510742,18.05220097834937,17.444837775515747,17.76539017477013,74354800
2002-10-04,17.166471481323242,17.731657574030024,16.964016977677357,17.664172739481394,81837100
2002-10-07,17.00619125366211,17.36892277570084,16.744687769225028,17.09054768350264,79861800
2002-10-08,17.03993034362793,17.385790174169035,16.66876310757235,17.10741514936852,94103100
2002-10-09,16.921833038330078,17.318307734057395,16.73625019943457,16.820606620374313,103301000
2002-10-10,17.782262802124023,17.89192500559527,16.79529653502423,16.955573548372648,109610500
2002-10-11,18.743925094604492,18.878894727715068,18.069076929051608,18.178739152592097,124777400
2002-10-14,18.9632511138916,18.980122720238956,18.372759372418685,18.44867999201684,78890300
2002-10-15,19.874305725097656,19.933354764449764,19.55375310762951,19.773079260198514,118176000
2002-10-16,19.216318130493164,19.536870568706753,18.617389047062453,19.157267515196814,97441900
2002-10-17,19.865867614746094,20.085193741884215,19.047613747664432,19.908046644368113,95754500
2002-10-18,20.085186004638672,20.11892921533768,19.342853067873797,19.638099725630735,84941900
2002-10-21,20.490102767944336,20.625072434175753,19.654975745810106,19.840560243602308,85311500
2002-10-22,20.36355972290039,20.532272547412294,19.95021507270744,20.017699880719253,89947000
2002-10-23,20.751598358154297,20.776904155290488,19.967086467637987,20.118927686314013,88093500
2002-10-24,20.228593826293945,20.970928459881176,20.177980613220054,20.819087211694466,88674800
2002-10-25,20.835952758789062,20.87813015592227,20.237023743917195,20.237023743917195,71557300
2002-10-28,20.658809661865234,21.12276919891502,20.388870386691178,21.089025985035764,90272000
2002-10-29,20.177980422973633,20.641938357867488,19.71402248807978,20.50696871829964,90293800
2002-10-30,20.717857360839844,20.911877610388117,20.118929833222044,20.296076867937767,103531100
2002-10-31,20.709430694580078,21.122777175875168,20.54915519502099,20.802222958825784,81493100
2002-11-01,21.29991912841797,21.426452979665033,20.363565733052308,20.557586021194034,86658400
2002-11-04,21.84823226928711,22.624308549236208,21.763875837103818,21.974766113079493,110562400
2002-11-05,22.01695442199707,22.076003466746997,21.56143046141341,21.687964358586935,79603300
2002-11-06,22.329065322875977,22.447164989934063,21.62890956181918,22.17722565202764,116251700
2002-11-07,21.54454803466797,22.016941729299713,21.3505277879571,21.924149507349508,82711600
2002-11-08,21.14808464050293,21.82293474502676,21.055292369001542,21.502380502912366,76937600
2002-11-11,20.506969451904297,21.10589865675677,20.37199980750812,21.04684963845408,74384300
2002-11-12,21.02997398376465,21.42644703676257,20.5828861171344,20.5828861171344,88748800
2002-11-13,21.28304100036621,21.679515650859216,20.65880613097574,20.83595475563457,119341800
2002-11-14,22.01695442199707,22.28689383169148,21.527688839684505,21.578302076760757,85720100
2002-11-15,22.303752899169922,22.3121887020977,21.72169536887249,21.84822919485935,69291300
2002-11-18,21.97476577758789,22.582130792862795,21.924152562636678,22.53151596894649,76238000
2002-11-19,21.637344360351562,21.974768517032494,21.342097619893764,21.76387821798625,88139200
2002-11-20,22.55681610107422,22.565251902337756,21.544544083918186,21.561414077480688,75104700
2002-11-21,23.391944885253906,23.48473710513003,22.565255535885186,22.717096765149815,105472900
2002-11-22,23.38351058959961,23.569095041311986,23.04608650780202,23.088265523629804,73808600
2002-11-25,23.61127471923828,23.788423384824245,23.231673194065664,23.417256054663493,72666100
2002-11-26,22.818328857421875,23.510050363881565,22.69179500453281,23.434129730355078,80017900
2002-11-27,23.54379653930664,23.788430096766927,23.181064910777554,23.223243942563233,73643900
2002-11-29,23.38351058959961,23.864341716246727,22.961730085111387,23.796855290922274,34652100
2002-12-02,23.619707107543945,24.286121044667066,23.25697563381514,23.974002778515697,85136000
2002-12-03,22.91956329345703,23.26542333860545,22.717108750611544,23.240115917387634,76595500
2002-12-04,22.41341781616211,22.733971930128238,22.109735310081586,22.404982012219307,130115900
2002-12-05,22.101301193237305,22.776149421396347,22.042250565428933,22.733972010498313,84933200
2002-12-06,22.329065322875977,22.539955631736042,21.71326600715628,21.77231503620264,81727900
2002-12-09,21.274614334106445,22.396550742179794,21.257744331770805,22.11817559157409,75855200
2002-12-10,21.595170974731445,21.890417770295205,21.384280636323844,21.44332967364348,69578300
2002-12-11,21.696388244628906,21.991634915113558,21.358964167917126,21.460192195413118,64237600
2002-12-12,21.814491271972656,22.51464694343757,21.561421968344096,21.932589314953557,62296400
2002-12-13,21.12277603149414,21.56986249725825,21.097468612898513,21.527685075231055,72647800
2002-12-16,21.806062698364258,21.898853359061505,21.148084221506995,21.274618110796474,60278500
2002-12-17,21.873533248901367,22.101295066124848,21.645771431677883,21.77230523825827,62562700
2002-12-18,21.409584045410156,21.595168552127458,21.13120889429962,21.552989523798338,67130700
2002-12-19,21.139638900756836,21.747003870355243,20.928748643860715,21.23243112865992,95969700
2002-12-20,21.358966827392578,21.468630671581586,21.148076552068456,21.367402631481358,65578600
2002-12-23,21.654218673706055,21.730139319557743,21.19869479859593,21.24087382904992,45941700
2002-12-24,21.384273529052734,21.704826028948688,21.35896611762737,21.510807368249424,16772700
2002-12-26,21.32522201538086,21.85666472139109,21.23242979331365,21.536112259013706,33795400
2002-12-27,20.937185287475586,21.80605375998492,20.87813627060928,21.240867784462353,42490200
2002-12-30,20.776912689208984,21.063723640298615,20.549152376609296,20.954061386748055,57396400
2002-12-31,20.55758285522461,20.844392123030808,20.481662234375477,20.70098829361019,46015400
2003-01-02,21.426456451416016,21.552990323165492,20.625074191025668,20.85283451658854,65903200
2003-01-03,21.66265106201172,21.68795686732604,21.32522691644375,21.477066575225404,39059500
2003-01-06,22.202533721923828,22.43029566485469,21.257745942971834,21.6879608009983,67223400
2003-01-07,22.48090362548828,22.717101319358843,22.143479497791162,22.27844914887001,88726100
2003-01-08,21.84823226928711,22.750842393028588,21.79761905356318,22.261577017123624,74989900
2003-01-09,22.523080825805664,22.759276891611925,22.1181702963456,22.135041903607483,75391100
2003-01-10,22.86050033569336,22.99546994875567,22.118165854885955,22.227829671102022,82594300
2003-01-13,22.725542068481445,23.17262853159893,22.54839335729177,23.05453046344948,72870300
2003-01-14,22.843637466430664,23.04609196343568,22.649618774588195,22.700231996598117,46993800
2003-01-15,22.55681610107422,23.07138871539806,22.42184649878675,22.97859651046371,55131000
2003-01-16,22.303752899169922,22.7592749945156,22.143475861471956,22.598999565782528,68740300
2003-01-17,21.350534439086914,21.881978918947752,21.316792826298734,21.848235697194202,77289400
2003-01-21,21.114337921142578,21.55298853283934,21.105902115864613,21.43489047687852,67729600
2003-01-22,21.02997398376465,21.536110857334503,20.979360779097092,21.05527978161604,80020200
2003-01-23,21.519241333007812,21.797616399036418,21.18181725433146,21.42644910800997,78471100
2003-01-24,20.937185287475586,21.536114477758925,20.785344038982203,21.536114477758925,74519700
2003-01-27,20.692554473876953,21.114335026152727,20.557584825865916,20.625069649871435,76561000
2003-01-28,20.90345001220703,21.131210344958383,20.599767423251194,20.895014205962088,65217200
2003-01-29,21.215553283691406,21.46862248293274,20.532269502772348,20.886565094538618,95717500
2003-01-30,20.667247772216797,21.443324079450484,20.658811967805377,21.35896764430146,70333800
2003-01-31,20.616628646850586,20.886567874802033,20.253897205929064,20.29607460693471,90505600
2003-02-03,20.658809661865234,20.91187893906466,20.566017432662278,20.684117072274677,53158800
2003-02-04,20.405750274658203,20.498540932552313,20.093631855471703,20.397314467764986,68235700
2003-02-05,20.31294059753418,20.97091849056017,20.25389160885831,20.523830762213297,80107700
2003-02-06,20.422611236572266,20.540710871818465,20.127366170869102,20.27920740978212,103552000
2003-02-07,20.085186004638672,20.62506611306888,19.950216379772332,20.549145497960957,72312400
2003-02-10,20.26234245300293,20.456361162412243,19.924918260776852,20.15267858492604,67572600
2003-02-11,20.37200164794922,20.76004061736813,20.177982967722375,20.456358085559003,77823300
2003-02-12,20.093618392944336,20.52383460246396,20.059876796943648,20.30450859708349,51753000
2003-02-13,20.194852828979492,20.22859443572361,19.67184424824242,20.118932202598867,77387400
2003-02-14,20.658809661865234,20.66724546533505,19.92491245860639,20.10205950457749,67510400
2003-02-18,21.29991912841797,21.37583976095925,20.819089528299997,20.83596113752366,73976800
2003-02-19,21.156503677368164,21.29147326949137,20.844385489980468,21.257731675942797,45541400
2003-02-20,21.072153091430664,21.31678655022296,20.954055067994325,21.215558523731172,59759800
2003-02-21,21.23242950439453,21.401142340591008,20.67567939749695,21.02997506633767,70228500
2003-02-24,20.869705200195312,21.266178409764755,20.84439778338498,21.198693573902606,56646600
2003-02-25,20.89500617980957,21.046847415962503,20.31294864421163,20.62506691952209,74440700
2003-02-26,20.431049346923828,21.03841437116311,20.41417934766783,20.819088291183938,60005600
2003-02-27,20.89500617980957,21.02154000694871,20.473225683369158,20.599759510508303,66424000
2003-02-28,21.223997116088867,21.27461033150425,20.85282978212416,20.928750409729783,50185800
2003-03-03,20.79377555847168,21.493931030852227,20.717854949867128,21.31678401675141,60414400
2003-03-04,20.667247772216797,20.895009664429605,20.599762945890614,20.802217424869163,56043500
2003-03-05,20.709430694580078,20.903451029727066,20.5154119683987,20.58289681267768,69096500
2003-03-06,20.658809661865234,20.819086709861704,20.439483598545063,20.60819645001135,59108600
2003-03-07,20.700992584228516,20.82752644221495,20.211725544474454,20.31295359624278,73291000
2003-03-10,20.253896713256836,20.625063947143857,20.169540304332784,20.523835934642058,55948000
2003-03-11,20.076753616333008,20.447920952320736,20.059883617079336,20.296079696281886,54934200
2003-03-12,20.43947982788086,20.44791562979444,19.857423976526018,20.043006791730715,77859800
2003-03-13,21.61203956604004,21.637345373372572,20.582893828773855,20.785348332260966,128537600
2003-03-14,21.696388244628906,21.91571429673279,21.39270738007076,21.704824047667316,89794400
2003-03-17,22.438724517822266,22.607435764443466,21.384273192820892,21.451758013262378,141040800
2003-03-18,22.717100143432617,22.750841749973155,22.286883799526542,22.607436302004462,96548700
2003-03-19,22.523080825805664,22.733971089684125,22.21096252732093,22.649614662339737,91315100
2003-03-20,22.60743522644043,22.89424610873259,22.07599247923142,22.38811077194877,92789700
2003-03-21,22.91956329345703,23.0967104150847,22.101309315002474,22.95330491278177,93304600
2003-03-24,21.966323852539062,22.438717446765253,21.907273245416825,22.32905364250277,85244500
2003-03-25,22.278446197509766,22.57369287349357,21.94102211451325,22.059120141320793,78731500
2003-03-26,22.404985427856445,22.582134119731407,22.236274150175653,22.35437220544874,67880200
2003-03-27,22.24471092224121,22.480907043053335,22.016948998059178,22.16035447525171,64113100
2003-03-28,22.000085830688477,22.2953327039873,21.89042353378858,22.050699074721813,45374700
2003-03-31,21.29991912841797,21.704828095994657,21.266175909970638,21.59516585397126,89345300
2003-04-01,21.4686336517334,21.65421654055273,21.299920764468308,21.460197846473612,73159500
2003-04-02,22.05912208557129,22.404982002246793,21.957895656232896,21.983201459084952,75843800
2003-04-03,22.337495803833008,22.649614094492645,22.194090363632363,22.472465440614208,70138200
2003-04-04,21.97476577758789,22.438725343030118,21.90728095466458,22.41341793107197,65665700
2003-04-07,22.008512496948242,22.944865971906705,21.99164088629044,22.868945332911945,83842700
2003-04-08,21.98319435119629,22.177214561131095,21.83135314731886,22.059114953135,54250600
2003-04-09,21.47707748413086,22.168799345099757,21.43490004787354,22.016958000227707,76457100
2003-04-10,21.738569259643555,21.738569259643555,21.342094525189534,21.47706416829067,57017500
2003-04-11,21.519241333007812,22.0675556619775,21.392707504624795,21.94945763668201,67974500
2003-04-14,21.95789337158203,22.050683987326803,21.502369660059834,21.595161884769524,52476200
2003-04-15,22.168790817260742,22.320630494757395,21.806059212704724,21.90728566436916,64655700
2003-04-16,22.1181697845459,22.63274253137128,22.03381496811845,22.48090128745789,70711600
2003-04-17,22.62430191040039,22.75927151870237,22.059116072274122,22.067551873913576,70179900
2003-04-21,22.708675384521484,22.860516710218626,22.455607581003484,22.725547000480244,52729600
2003-04-22,23.13889503479004,23.16420085314948,22.48091640502134,22.548401268923303,70757200
2003-04-23,23.307594299316406,23.408822347140635,22.99547756904173,23.197932055724955,70327100
2003-04-24,23.181060791015625,23.40882269528356,23.003913715895184,23.07983435065116,72383900
2003-04-25,22.733970642089844,23.130443751148043,22.658050019871148,23.04608732546449,63277900
2003-04-28,23.181060791015625,23.307594645953834,22.73397439630293,22.818329226951565,59666200
2003-04-29,23.391944885253906,23.670319935917448,23.12200563721227,23.316024270621593,79903800
2003-04-30,23.155750274658203,23.44256114561819,23.13887866837469,23.324461510598532,60202100
2003-05-01,23.358200073242188,23.510041281636862,22.93641965390791,23.14730986357505,66022600
2003-05-02,23.85590171813965,23.86433751982181,23.256972670423295,23.29071587715195,85004100
2003-05-05,23.830595016479492,24.21863225152442,23.763110209994952,23.898079822964032,80520300
2003-05-06,24.13428497314453,24.37891686954449,23.796859226576693,23.805295031137412,77338300
2003-05-07,23.86433982849121,24.201763883597337,23.720934403950505,23.965566240540642,70353200
2003-05-08,23.425691604614258,23.779987322979135,23.417255800728775,23.49317642673304,80249100
2003-05-09,23.965574264526367,24.02462329281972,23.61971429112357,23.653457512414256,58528200
2003-05-12,24.32830810546875,24.42953456080071,23.763121968141213,23.923399066209903,67487300
2003-05-13,24.17646598815918,24.45484114426704,24.075239536282925,24.151158570707395,64934300
2003-05-14,24.12584686279297,24.437963556883382,23.923392399580663,24.353608737268708,62181200
2003-05-15,24.39579200744629,24.446405233166438,24.092109435194516,24.252386527101333,62232100
2003-05-16,24.21021270751953,24.412667249473056,24.02462817067121,24.235518519660175,70590400
2003-05-19,23.358200073242188,24.193325110448296,23.290715270507288,24.058355504978497,91334800
2003-05-20,23.425691604614258,23.585967051543197,23.122009100597197,23.417255800728775,71817800
2003-05-21,23.358200073242188,23.408813273052207,23.14730986357505,23.32445686739243,63648500
2003-05-22,23.695629119873047,23.889647767824908,23.299156020715124,23.41725404834409,62401400
2003-05-23,23.704072952270508,23.830606826013764,23.577539078527252,23.653459724566304,37922500
2003-05-27,24.547636032104492,24.64886249483761,23.535361750979636,23.560669171145722,101422100
2003-05-28,24.623546600341797,24.800693642066182,24.429526343117285,24.598239190539047,76290400
2003-05-29,24.724773406982422,25.138118119746657,24.598239573926428,24.65728858875489,97336000
2003-05-30,25.12968635559082,25.197171180344768,24.84287544814525,24.9103602728992,78093700
2003-06-02,24.952537536621094,25.47554613207783,24.724775651069038,25.37431809106632,102937000
2003-06-03,25.188739776611328,25.205609779023156,24.741651728906767,24.834443982516213,81672600
2003-06-04,25.6611328125,25.796102481274637,25.07063930488693,25.146559944693337,87046100
2003-06-05,25.84670639038086,25.880449599897076,25.281520502702516,25.41649012283781,88747900
2003-06-06,25.4164981842041,26.54687031808161,25.3405791566429,26.327544213556763,157178100
2003-06-09,25.079069137573242,25.492413850875685,24.910357896267236,25.306831002749583,94941800
2003-06-10,25.458677291870117,25.475548902034006,25.03689669156469,25.18873796510909,69660100
2003-06-11,25.745487213134766,25.84671365219411,25.138122142917727,25.365884044249114,87338200
2003-06-12,25.85515594482422,25.939512404518222,25.526167521879824,25.846720137958254,79450500
2003-06-13,25.273086547851562,25.92262889783889,25.18873173582404,25.863579885833662,83353600
2003-06-16,26.049179077148438,26.066050693731018,25.30684564614,25.450251169160097,71211800
2003-06-17,25.947940826416016,26.243187546832885,25.779227955044895,26.167266915612398,67571200
2003-06-18,26.082914352416992,26.344417893798592,25.68644113748583,25.863588230657598,80215700
2003-06-19,25.6611328125,26.352852767211363,25.627389590823658,26.133526653211234,79467200
2003-06-20,25.62740135192871,25.96482728768453,25.517739049084344,25.88890661303608,71512400
2003-06-23,25.23090934753418,25.618948243676904,24.935662676136115,25.585205031418877,86509400
2003-06-24,25.036893844604492,25.41649537633548,24.910360000694165,25.079071256252895,83004400
2003-06-25,24.901926040649414,25.45867628225633,24.85974701691238,25.028459893930034,94255300
2003-06-26,25.492420196533203,25.5430350295927,24.97784893215137,25.062203769319765,79187500
2003-06-27,25.163429260253906,25.787664323638463,25.112816041321434,25.51772501071165,82451900
2003-06-30,25.264659881591797,25.593648251625115,25.138124407918625,25.44180697038962,72043000
2003-07-01,25.602083206176758,25.627389012897975,24.682601352781504,25.05376873802421,105852500
2003-07-02,26.125089645385742,26.1419612554474,25.627388411323935,25.65269582641642,81972500
2003-07-03,25.796100616455078,26.23475281274484,25.703308372518524,25.897328665200888,50050400
2003-07-07,26.901166915893555,26.909602721208582,26.11665472021485,26.125090525529878,88554600
2003-07-08,27.230165481567383,27.255474515961172,26.67341660284845,26.8083863205317,81874500
2003-07-09,27.162675857543945,27.40730941904145,26.934913909039146,27.14580424455124,89588400
2003-07-10,26.656532287597656,26.985520616610565,26.428770394143253,26.86742257213725,102928700
2003-07-11,26.85899543762207,26.985529327397263,26.664976699369063,26.69871831912512,67728100
2003-07-14,27.17953872680664,27.626625064525445,27.053003279033714,27.280765154266913,84524600
2003-07-15,27.21327781677246,27.542269326428148,26.943340149555876,27.44103968441255,75059000
2003-07-16,27.12893295288086,27.41574394129162,26.766201314069278,27.382000714906546,80138700
2003-07-17,26.302228927612305,26.858978988834753,26.18413091734231,26.724009374536262,116260400
2003-07-18,26.386587142944336,26.614347377042947,26.08290468552642,26.487813556107092,80519000
2003-07-21,26.049179077148438,26.403474980553035,25.821418689147272,26.35286173977121,111325300
2003-07-22,26.43720817565918,26.572177839140764,26.03229918521442,26.24318948552506,91471500
2003-07-23,26.656532287597656,26.6902738964621,26.14195947845219,26.479383611922504,69050400
2003-07-24,26.302228927612305,27.010820207161732,26.21787251643457,26.867414790848997,82999700
2003-07-25,26.825237274169922,26.858980484105427,25.95637053487317,26.260051379468678,82709600
2003-07-28,26.901166915893555,26.985523360078478,26.656534997619158,26.87586110891382,56180800
2003-07-29,26.698705673217773,27.010823955195647,26.352845787465633,26.934903335497378,80560100
2003-07-30,26.504695892333984,26.774635248679015,26.42877524724126,26.749327830659613,56617300
2003-07-31,26.825237274169922,27.272326760991326,26.58904124048062,26.816803080650853,85544100
2003-08-01,26.538436889648438,26.81681365448553,26.403467214617667,26.732457205349935,73545400
2003-08-04,26.530006408691406,26.825251608570916,26.01543344496026,26.50469898771645,96344600
2003-08-05,25.48397445678711,26.55529720443963,25.391183850280697,26.496248197854253,111041800
2003-08-06,25.467117309570312,25.95638282249737,25.39119666023977,25.610522801754048,96816000
2003-08-07,25.568340301513672,25.737053190246787,25.323708382712542,25.492419662480305,67326600
2003-08-08,25.365877151489258,25.770786015629803,25.2477791350228,25.669559604077065,66677100
2003-08-11,25.644256591796875,25.81296945191968,25.332139892224284,25.374317302772447,63712200
2003-08-12,26.032289505004883,26.06603110384568,25.585201655370195,25.73704287256555,59676100
2003-08-13,26.040735244750977,26.209446521268813,25.85515074892644,26.133525883697924,57969700
2003-08-14,26.066043853759766,26.310677403115317,25.87202514087015,26.049172241604452,50271500
2003-08-15,26.293804168701172,26.395032226422046,26.091349662224815,26.150398692159744,28116300
2003-08-18,26.968650817871094,27.00239242900032,26.344415726810144,26.41190055803389,67224100
2003-08-19,27.306074142456055,27.314511556188037,26.867423557342303,27.0867496543818,68205000
2003-08-20,27.238590240478516,27.432608918361563,27.010828344373095,27.07831156288744,58233500
2003-08-21,27.53382682800293,27.685668045048708,27.221710200933014,27.491649427252305,77161400
2003-08-22,27.36511993408203,28.149631986092867,27.314508329391078,28.056839753585976,92989800
2003-08-25,27.424163818359375,27.449472833897715,27.17109618848251,27.297631612385697,43044700
2003-08-26,27.44947624206543,27.491653649293465,26.833675477367418,27.230148575791794,79838500
2003-08-27,27.668811798095703,27.694120826936796,27.306080158041595,27.407309837543576,47532100
2003-08-28,27.91343116760254,27.938736965642857,27.432601697259187,27.786895741541844,55311000
2003-08-29,28.166501998901367,28.22555101298431,27.8206421087313,27.87125692848665,53148800
2003-09-02,28.571407318115234,28.588278922583363,27.947174042442146,28.250856487009386,80303100
2003-09-03,28.554536819458008,28.84978508218981,28.385827204102284,28.765427056582308,85234800
2003-09-04,28.81604766845703,28.86666249400299,28.428010326395544,28.53767417277998,63736100
2003-09-05,28.630456924438477,28.96788258500917,28.402695086242698,28.65576594063551,91024100
2003-09-08,29.10287094116211,29.12817675572064,28.638912772642957,28.6810902028844,69296000
2003-09-09,28.75699234008789,29.0100599764495,28.613585308127572,28.951010968562777,87817500
2003-09-10,28.065275192260742,28.58828211750391,27.930305559361543,28.470184090958345,111624500
2003-09-11,28.37740707397461,28.495505163815366,27.8459624517596,28.07372443270889,96914900
2003-09-12,28.529226303100586,28.54609790543217,27.879684094015563,28.12431750092988,104963000
2003-09-15,28.250850677490234,28.605144644675146,28.208670066029203,28.54609565014433,54594200
2003-09-16,29.01850128173828,29.043807083391286,28.27616665992665,28.27616665992665,87463800
2003-09-17,28.9003849029541,29.10284086398332,28.70636635001228,28.95943710578089,79794700
2003-09-18,29.339054107666016,29.40654054045517,28.681077477622928,28.82448132040453,91469900
2003-09-19,29.170347213745117,29.406543314931543,28.984762723995477,29.347494289634938,69796000
2003-09-22,28.613584518432617,28.849783761390324,28.487052312708716,28.790734755133272,97477500
2003-09-23,29.11973762512207,29.15348085077313,28.605164696702342,28.65577953517893,77826500
2003-09-24,28.02309799194336,29.119726669575545,27.980917366783352,29.111289257371585,115057400
2003-09-25,27.66036605834961,28.46174965471826,27.635057040069434,28.158067178794994,117604800
2003-09-26,27.483213424682617,27.980911225870994,27.43259861635688,27.744715222875943,106581000
2003-09-29,27.955610275268555,27.98091607485222,27.373554359335976,27.635056202846528,96862800
2003-09-30,27.348251342773438,27.803775142812256,27.297639732500542,27.77003192401002,119122500
2003-10-01,27.96405029296875,28.031533504123665,27.348247890323588,27.508526550435363,106653600
2003-10-02,28.056842803955078,28.20024987467439,27.77846929409946,27.921873146888316,83911100
2003-10-03,28.841350555419922,29.077549832816302,28.529233874277878,28.55453967552643,112862800
2003-10-06,29.052236557006836,29.06067396814011,28.731685728391234,28.917266940239873,49162900
2003-10-07,29.229389190673828,29.229389190673828,28.689507461400964,28.816042895341276,80104600
2003-10-08,29.0438175201416,29.389677544712473,28.866670409053608,29.364371733965953,71387400
2003-10-09,29.263126373291016,29.75239323840486,29.04380195584893,29.448710800462397,118216100
2003-10-10,29.5330753326416,29.549946942299993,29.220958598787636,29.330622452601926,68356200
2003-10-13,29.727087020874023,29.836747619079723,29.45714457701929,29.64272900156648,60919800
2003-10-14,29.80300521850586,29.887360013060494,29.490885399209585,29.608983398757733,62274900
2003-10-15,29.67647361755371,30.24165789305213,29.5499381915525,30.199480490361577,97045200
2003-10-16,29.91267204284668,29.971721054928945,29.575249576366552,29.608989570463695,73955000
2003-10-17,29.195655822753906,29.937990635098977,29.187218408083947,29.87050418946268,97794400
2003-10-20,29.558395385742188,29.59213861765018,29.10287140877942,29.229406919468534,75544300
2003-10-21,29.73553466796875,29.904247564990204,29.47402951668895,29.642742413710405,73455600
2003-10-22,29.161909103393555,29.46559163648337,29.052245251348797,29.43184841771107,88141400
2003-10-23,28.824487686157227,29.11129865299152,28.723261232548342,28.807619292164862,95409600
2003-10-24,28.849794387817383,28.87510019469731,28.25086669350074,28.503934416092072,101778600
2003-10-27,28.85822105407715,29.060677110081194,28.714817228602072,28.917270066676277,63604500
2003-10-28,29.828325271606445,29.870502689045107,28.993198247425934,29.043813079110738,107375700
2003-10-29,29.794586181640625,29.87050683072924,29.583695847275713,29.693359722166182,74075200
2003-10-30,29.853633880615234,30.3682067882857,29.642743555696587,30.20793129980268,95062600
2003-10-31,29.67647361755371,29.937978662922422,29.575247207510476,29.895798042302314,55473200
2003-11-03,30.16575050354004,30.351335018240885,29.828327916184197,29.887376949419743,71141200
2003-11-04,29.96327781677246,30.258522788067065,29.904228822513538,30.10668159770731,60033900
2003-11-05,30.233232498168945,30.27540991313398,29.651176448618294,29.96329318087614,67412700
2003-11-06,30.31757354736328,30.34288255918258,29.81143836198368,30.191041359982894,90567400
2003-11-07,30.05607032775879,30.520028095194803,30.030761317147785,30.43567330763512,63505200
2003-11-10,29.684911727905273,30.14887287251064,29.60055691139338,30.115129658733892,68896400
2003-11-11,29.57525634765625,29.777709230310187,29.398106052920866,29.651176983134114,75607100
2003-11-12,30.207921981811523,30.334454206973763,29.642734412044227,29.668040213490677,80364600
2003-11-13,30.174175262451172,30.283839085862265,29.9885908255908,30.123560447508446,64243000
2003-11-14,29.558395385742188,30.38508525989774,29.482474722915057,30.207938119278342,90932200
2003-11-17,29.25469398498535,29.448712617211438,28.900396712885364,29.38966360818305,108063100
2003-11-18,28.579853057861328,29.499334852781512,28.529238229707115,29.414976805857826,108588500
2003-11-19,28.85822105407715,29.018499703643222,28.579847597242658,28.689508210395417,86320300
2003-11-20,28.579853057861328,29.254701343598512,28.520804033979978,28.613593058700342,117324500
2003-11-21,28.87508773803711,28.900393534000163,28.453307309696637,28.748555540292543,81787500
2003-11-24,29.67647361755371,29.735522624906395,29.07754613273103,29.11972353542158,92057500
2003-11-25,29.67647361755371,29.904235453598158,29.600553005538895,29.76926583423066,72519800
2003-11-26,29.811443328857422,29.96328455335532,29.364357066685592,29.86205814299991,72842900
2003-11-28,29.845205307006836,29.94643178102043,29.70179818571696,29.743975615061657,24802600
2003-12-01,30.283845901489258,30.376634922872753,29.92111435758808,30.123567227063415,82767300
2003-12-02,30.115137100219727,30.410382248896767,30.01391065180628,30.216363548633172,62504500
2003-12-03,29.73553466796875,30.469432069391594,29.73553466796875,30.23323594432007,107568500
2003-12-04,30.05607032775879,30.123553514220763,29.59211256032278,29.845180140930704,102334800
2003-12-05,29.558395385742188,29.94643289888897,29.490908921926202,29.752414142315576,87490200
2003-12-08,29.727087020874023,29.80300762928611,29.339046567918132,29.54150259632683,86961200
2003-12-09,29.0438175201416,29.91268468037134,28.976331067575984,29.895813067229934,109949500
2003-12-10,29.153465270996094,29.27156327973144,28.790733833920747,29.10285045956835,103504200
2003-12-11,29.77771759033203,29.853638247124437,29.09443489713185,29.10286909547258,108374700
2003-12-12,29.727087020874023,29.81144182225216,29.440276191087182,29.7861360254246,72189400
2003-12-15,29.339054107666016,30.35976548705545,29.229393481278986,30.309150662463587,106091400
2003-12-16,29.398103713989258,29.54151077756258,29.03537217533534,29.347492106317738,89854700
2003-12-17,29.44873046875,29.524651128941684,29.16191944335159,29.36437560983995,68539900
2003-12-18,29.997041702270508,30.06452493455674,29.482468782122364,29.482468782122364,89978100
2003-12-19,29.91267204284668,30.072950691009815,29.693347600531087,30.03920747898286,89762300
2003-12-22,30.00547218322754,30.09826443181792,29.76927607258342,29.81988768604678,63580000
2003-12-23,30.233232498168945,30.38507376638746,29.971727376696947,30.030776401234093,66999800
2003-12-24,30.29568099975586,30.39694699435677,30.211289988265165,30.245046392861443,44840300
2003-12-26,30.253490447998047,30.456025700328397,30.22817474865249,30.346318971183262,25497600
2003-12-29,30.751384735107422,30.827335048574778,30.396952085052067,30.405389578020234,63296200
2003-12-30,30.852663040161133,30.869541250250105,30.633249528193897,30.827344115432965,48249400
2003-12-31,30.768260955810547,30.920161572948317,30.591044642212566,30.903283368912092,60494600
2004-01-02,30.683862686157227,31.046735901161053,30.565718517400104,30.937029221949228,55234100
2004-01-05,31.29991340637207,31.358985511453138,30.852652262418754,30.86953046661167,69717900
2004-01-06,31.510875701904297,31.578385277146303,31.181758877029868,31.291465558383752,60033000
2004-01-07,31.797807693481445,31.797807693481445,31.283033756544906,31.460250063598693,71830000
2004-01-08,32.05097198486328,32.06785018705376,31.73029258162013,31.94126528021917,76800900
2004-01-09,31.839975357055664,32.36318635499149,31.721831249701008,31.823097167549932,94296500
2004-01-12,32.34634780883789,32.363222798160514,31.79781729936841,31.941277242934486,77668400
2004-01-13,32.025657653808594,32.371652765465,31.730293931689975,32.29570246197027,92973900
2004-01-14,32.135372161865234,32.27883209262181,31.856886575071197,32.135372161865234,68122400
2004-01-15,32.219749450683594,32.45603783317006,31.755610176861857,32.008776760838465,104427700
2004-01-16,32.54887390136719,32.59950851761325,32.21131623143715,32.38853577870411,77324100
2004-01-20,32.523563385009766,32.911752513849805,32.329468820589746,32.68390153322047,81998100
2004-01-21,32.38853454589844,32.62482297434249,32.06785509358979,32.3969720386907,112180300
2004-01-22,32.19444274902344,32.65014143976975,32.11849243070094,32.53199721553223,90061900
2004-01-23,32.076271057128906,32.45602236166352,31.882176661297045,32.245049772387205,88751300
2004-01-26,32.56573486328125,32.616369452716384,31.93281698168277,32.050961137844595,84538000
2004-01-27,31.848447799682617,32.59951027563212,31.806250674274374,32.498241037678774,97191600
2004-01-28,31.308351516723633,32.118489238029774,31.223963713281996,32.017220010873785,127959700
2004-01-29,31.42649269104004,31.48556478552494,30.937034514807742,31.42649269104004,143925900
2004-01-30,31.283039093017578,31.595277861450636,31.198651280745512,31.39274582432221,84264700
2004-02-02,31.198650360107422,31.629033340696715,31.072065426246024,31.3927448979566,94507900
2004-02-03,31.164878845214844,31.42648607945878,31.08892856554319,31.148000647600362,73488700
2004-02-04,30.65856170654297,31.105822908318526,30.65856170654297,30.903287651007897,109933000
2004-02-05,30.776695251464844,30.979227219301585,30.65855106702881,30.810448433312576,96784500
2004-02-06,31.33366584777832,31.460247534416975,30.82732944366006,30.88640154126234,107174100
2004-02-09,31.325206756591797,31.5446200353885,31.26613469365099,31.51086365108347,58817700
2004-02-10,31.3758487701416,31.5699431971232,31.24926390858602,31.27458281240919,65042700
2004-02-11,31.71341323852539,31.789360309159136,31.283027189809395,31.42649027911055,92503000
2004-02-12,31.43492889404297,31.814680356734694,31.426491403399854,31.662779771658002,70556400
2004-02-13,31.173320770263672,32.0425303655658,31.021420189305534,31.553072222659022,90570400
2004-02-17,31.59527015686035,31.747170757259653,31.40961637129624,31.460247758637408,69678600
2004-02-18,31.688093185424805,31.78935916180232,31.493998722706507,31.654336786903183,70972100
2004-02-19,31.207075119018555,31.983456172793,31.072052746951776,31.958137264839227,100843800
2004-02-20,31.105810165405273,31.342098519478384,30.84420290254763,31.22395434244183,132347600
2004-02-23,30.759828567504883,31.249283689019908,30.472905489655115,31.22396798835895,125199800
2004-02-24,30.683862686157227,30.92859173240393,30.464449327733576,30.63322809132396,124521900
2004-02-25,30.869516372680664,30.94546342809162,30.658543745374274,30.742931508622103,74457100
2004-02-26,30.945470809936523,31.08893390470422,30.64167285826318,30.77669524318053,71327600
2004-02-27,30.86109161376953,31.17333036217479,30.607924974003417,31.021429734477426,99383900
2004-03-01,31.26615333557129,31.28303153778715,30.77669834806298,30.953914642547648,79700700
2004-03-02,30.903287887573242,31.375868012123178,30.894850393915533,31.207089166270435,91536000
2004-03-03,30.734493255615234,30.911712723289483,30.55727700712806,30.81044353627932,83938300
2004-03-04,31.021427154541016,31.080502477455568,30.70918843210349,30.751382332023983,65905600
2004-03-05,30.911718368530273,31.35054193481974,30.683867484926836,30.73449886849138,118107100
2004-03-08,30.185970306396484,31.072054885262332,30.15221390625993,30.962348194412275,112599500
2004-03-09,30.09315299987793,30.36319786295883,29.97500877467862,30.219737937842158,126140400
2004-03-10,29.69651222229004,30.380064840099784,29.645880841169877,30.169092167599093,134226100
2004-03-11,29.426481246948242,29.98344923455269,29.367409128504512,29.595260107868473,152132000
2004-03-12,29.96656036376953,30.034073171790663,29.66276238523805,29.688078078652037,118369600
2004-03-15,29.44334602355957,29.87373208353306,29.375836441501257,29.83997568291013,115813600
2004-03-16,29.49397087097168,29.747137353547554,29.223926193665882,29.62899320962458,123265100
2004-03-17,29.958120346069336,30.059386330373663,29.688075575132732,29.713391266411914,91684700
2004-03-18,29.823095321655273,29.924361296998914,29.510856686486452,29.848411010694353,111249700
2004-03-19,29.325210571289062,29.924372374384976,29.299894872878628,29.772471745545378,99976700
2004-03-22,28.953907012939453,29.15643908967369,28.71761529783042,29.13956088008095,133870400
2004-03-23,28.717613220214844,29.240828022169108,28.700735011843182,29.19019339705412,125945800
2004-03-24,29.046720504760742,29.223940023699637,28.700725397023668,28.8188728160456,118876800
2004-03-25,29.823095321655273,29.924361296998914,29.215493031218806,29.2408119394452,142122000
2004-03-26,29.72184181213379,30.025643084771197,29.704963605966302,29.789351417615066,78430800
2004-03-29,30.202863693237305,30.346323637171746,29.949697003289444,29.9665719926554,103864000
2004-03-30,30.304128646850586,30.329444349187646,29.975011639712775,30.101593370587082,95716500
2004-03-31,30.245044708251953,30.38006709992857,30.050950221416052,30.312554294496387,85993900
2004-04-01,30.515094757080078,30.591045066702875,30.19441531431847,30.21973423031827,93048600
2004-04-02,31.308351516723633,31.358986130301627,30.8188964622231,31.131135197983184,145964000
2004-04-05,31.603715896606445,31.645909799167654,31.19864863747971,31.232401828015625,67351600
2004-04-06,31.207075119018555,31.434925975478862,31.156440522298283,31.358975689992093,98611400
2004-04-07,31.173320770263672,31.31678386080747,30.93703240841212,31.21551787989787,91004900
2004-04-08,31.173320770263672,31.553072222659022,31.00454520847684,31.51931582262666,77176300
2004-04-12,31.367429733276367,31.42650507021928,31.207091587828398,31.24084800345607,55285700
2004-04-13,30.911718368530273,31.52775821567097,30.768255270326183,31.51088001475357,100624400
2004-04-14,31.063610076904297,31.181754230362525,30.683858712798035,30.72605259343501,113663200
2004-04-15,30.506641387939453,31.10580284137029,30.396934726870533,31.01297437578787,123565500
2004-04-16,30.45601463317871,30.650109102404468,30.202848074153266,30.54884312263178,110736600
2004-04-19,30.82733154296875,30.877966152585103,30.36319222197719,30.38850791719132,85838700
2004-04-20,30.110031127929688,31.046750652701057,30.07627471533517,30.89485001521442,119545100
2004-04-21,30.371625900268555,30.47289187686384,30.08470295059245,30.295675613025253,117850500
2004-04-22,31.156444549560547,31.232394844864604,30.36318841353084,30.38006661461926,137623300
2004-04-23,31.401168823242188,31.44336270990172,31.139564794440766,31.291465361764843,91855600
2004-04-26,31.173320770263672,31.468684441765607,30.928594917997774,31.375855951270356,74392200
2004-04-27,31.1142578125,31.384302653647847,30.962357186955785,31.18177063238118,87548500
2004-04-28,30.548852920532227,30.987676599207255,30.396952292560545,30.979235886993,111740700
2004-04-29,30.076257705688477,30.666981715253428,29.789334799281892,30.456009084636438,156917100
2004-04-30,29.34208869934082,30.2112953471536,29.299894795705068,30.093151129298096,150829200
2004-05-03,29.620559692382812,29.974995429369425,29.443343433483136,29.53617191743647,117007200
2004-05-04,29.747154235839844,30.1690996859936,29.561497207631934,29.71339782722235,126176000
2004-05-05,29.98342514038086,30.12688818359474,29.70494297995668,29.890596680510654,97528500
2004-05-06,29.755582809448242,29.907483383507913,29.409587772798403,29.73026712016741,102733300
2004-05-07,29.51085662841797,30.076261810427,29.460222031252126,29.612122603562348,137686000
2004-05-10,29.257692337036133,29.451790052901494,29.046719638144825,29.257692337036133,156951400
2004-05-11,29.69651222229004,29.85685351367057,29.46866134968679,29.510858459536934,120493600
2004-05-12,29.755582809448242,29.780901717916418,28.9201328713074,29.63743863388791,197765400
2004-05-13,29.54461669921875,29.9159307266768,29.468666395346702,29.586813816293937,137841700
2004-05-14,29.325210571289062,29.797790663144315,29.232382051532806,29.70496214338806,133689900
2004-05-17,29.046720504760742,29.249255718181765,28.785116410610765,29.012967318513912,150652400
2004-05-18,29.30833625793457,29.451799412751292,29.19862951827342,29.249264141006783,96686400
2004-05-19,29.274559020996094,29.966548943556887,29.223927653463665,29.671188568995564,141646900
2004-05-20,29.40959358215332,29.55305669452048,29.16486769266014,29.350521482704483,94938500
2004-05-21,29.553071975708008,29.67965373175592,29.316783455733518,29.54463126045769,111329200
2004-05-24,29.755582809448242,29.92436158275758,29.536172657577243,29.78933920794758,99861800
2004-05-25,30.346323013305664,30.447592262554192,29.493994423526097,29.66277328641792,146321400
2004-05-26,30.5404052734375,30.5404052734375,30.219729104259287,30.261922998184023,93789700
2004-05-27,30.734493255615234,30.802006046955345,30.430695352145968,30.62478979846817,110183400
2004-05-28,30.844226837158203,30.844226837158207,30.557303662055762,30.700766859201924,56379500
2004-06-01,30.80202865600586,30.84422257197072,30.47291160461474,30.607934067215954,90592700
2004-06-02,30.734493255615234,30.937028410448487,30.523520611458007,30.852640640460425,103519800
2004-06-03,30.363195419311523,30.68387487560739,30.228172998637753,30.63324026065906,97301400
2004-06-04,30.5404052734375,30.90327855572821,30.523527072030056,30.666990174399473,91233200
2004-06-07,31.26615333557129,31.308347231516986,30.666991643253844,30.751379435145235,107532600
2004-06-08,31.308351516723633,31.384301827496447,31.097378788931188,31.139575909840357,72530900
2004-06-09,30.869516372680664,31.26614272296964,30.802003586732948,31.2070706448588,98215200
2004-06-10,31.08893394470215,31.08893394470215,30.844204865728475,30.962349050284708,57101300
2004-06-14,30.650129318237305,30.89485854835861,30.464472216877756,30.89485854835861,85129900
2004-06-15,31.046751022338867,31.21552986813222,30.852656476392568,30.852656476392568,91937700
2004-06-16,30.996110916137695,31.139574036383298,30.92860132128365,31.029867323158797,64743300
2004-06-17,30.709171295166016,30.937022090612757,30.591027153642464,30.928584603012396,77844200
2004-06-18,30.751384735107422,31.088942399226443,30.599484108172707,30.6332405184223,78641500
2004-06-21,30.506641387939453,30.91170842205551,30.430691117843526,30.81887995647309,65373100
2004-06-22,30.953914642333984,30.970792844549727,30.396946845966077,30.515091042288372,101524300
2004-06-23,31.325206756591797,31.384278819532604,30.81043316309106,30.861067739548602,94393900
2004-06-24,31.26615333557129,31.519319930433372,31.15644663076215,31.240837641841456,92343200
2004-06-25,31.50243377685547,31.5530651463616,31.207070171593717,31.223948367824683,81005400
2004-06-28,31.240829467773438,31.662774755205515,31.13956350016212,31.63745906809945,94033200
2004-06-29,31.53620147705078,31.72185850192619,31.291475566937496,31.30835055175503,68265900
2004-06-30,31.848447799682617,31.983470231098384,31.51932760511728,31.60371863674507,97809500
2004-07-01,31.25771141052246,31.780922728251184,31.02986054170815,31.780922728251184,122141800
2004-07-02,31.07205581665039,31.26615029447234,30.911717739976847,31.257712803779036,74056400
2004-07-06,30.40537452697754,30.88639186776501,30.2365989976525,30.88639186776501,130232600
2004-07-07,30.464458465576172,30.624799787715787,30.31255785470081,30.346314261381583,95623100
2004-07-08,30.126907348632812,30.48978071213601,30.000322419340634,30.21973586755528,108755400
2004-07-09,30.169097900390625,30.41382701960034,30.067831899720026,30.2450482056906,86014700
2004-07-12,30.042522430419922,30.1184727595984,29.738724332895128,30.017206727090137,81844500
2004-07-13,30.000308990478516,30.219722340478448,29.88216482625718,30.110015665478482,81222000
2004-07-14,29.69651222229004,30.08470438627382,29.578368040759653,29.704952931935072,119489200
2004-07-15,29.595251083374023,29.94968690514712,29.58681359153592,29.806223790395048,90405700
2004-07-16,29.257692337036133,29.915929346624786,29.215498441095452,29.899051144410933,120387100
2004-07-19,29.198617935180664,29.510859822719954,29.08891445822782,29.350518523932845,106387900
2004-07-20,29.899044036865234,30.034066403290886,29.291441778356234,29.316760685252206,117453700
2004-07-21,29.02984046936035,30.084703811718107,28.9792058700197,30.017191012597237,136086800
2004-07-22,29.426481246948242,29.62901652389032,28.903269675365642,29.09736423870775,132135800
2004-07-23,28.86949920654297,29.24925065396469,28.71759862757428,29.215494254374438,107107100
2004-07-26,28.742910385131836,29.0382707600872,28.439109302785376,28.894810926305066,112962200
2004-07-27,29.13956069946289,29.291461365666688,28.726055834166452,28.85263757654342,103474700
2004-07-28,29.01297378540039,29.22394653761118,28.531956167894894,29.038289485525294,154299800
2004-07-29,29.35051918029785,29.468663369927683,29.114230801038197,29.29144708548294,98959800
2004-07-30,29.44334602355957,29.62056229804863,29.24081405819708,29.33363933112882,83007800
2004-08-02,29.502416610717773,29.553051209070293,29.080471282008922,29.207056168296532,81249000
2004-08-03,28.88637351989746,29.477097556499686,28.852617124848873,29.40114727723387,85746500
2004-08-04,28.894821166992188,29.080474945967882,28.700723458446117,28.818870869487835,86721000
2004-08-05,28.354732513427734,29.029847798328415,28.354732513427734,28.987650678630928,109722900
2004-08-06,27.61210060119629,28.19438393813335,27.561466007867693,28.18594644883878,148808600
2004-08-09,27.679624557495117,27.814646990685286,27.553042837172995,27.688065270363165,79281900
2004-08-10,28.025604248046875,28.25345508167168,27.780875217206866,27.81463161163727,105819800
2004-08-11,27.7808837890625,27.882153003600568,27.468645092206668,27.721811690175937,121217700
2004-08-12,27.4011287689209,27.730245587331847,27.316737777541707,27.5867825115808,113691800
2004-08-13,27.44332504272461,27.628982020724763,27.29986195449155,27.553031731469012,91416100
2004-08-16,27.75556755065918,28.00873414366316,27.5024009576552,27.519279159747185,77851300
2004-08-17,28.067808151245117,28.21970876122105,27.839960455469324,27.949663947750082,89573100
2004-08-18,28.56569480895996,28.61632940260285,27.856826593894894,27.899023698190845,106608500
2004-08-19,28.413789749145508,28.565690286840333,28.194379649801075,28.46442433477264,104690200
2004-08-20,28.700725555419922,28.8104322640946,28.278780142719793,28.329414751151496,91962400
2004-08-23,28.76822853088379,28.92012908505649,28.616327976711084,28.73447213680387,83390800
2004-08-24,28.759790420532227,28.953884853517486,28.531939594196437,28.903250263491692,86610500
2004-08-25,29.156429290771484,29.198623190978132,28.607902149708565,28.751362054248823,88394600
2004-08-26,29.02984046936035,29.156422138930814,28.953890179943098,29.08047184951356,57663400
2004-08-27,29.164859771728516,29.266125740539533,29.06359058373039,29.088909490323477,58597200
2004-08-30,28.6754150390625,29.05516662290653,28.641658627345564,29.03828841704806,62355700
2004-08-31,28.709178924560547,28.793566756632735,28.39694008286612,28.709178924560547,81262000
2004-09-01,28.92013931274414,29.088918123645897,28.523509590003215,28.633216299967568,96630600
2004-09-02,29.35051918029785,29.434910186596106,28.827307817999586,28.844186019259237,83054000
2004-09-03,28.810440063476562,29.25770129187829,28.734489739862223,29.063606735794732,90213700
2004-09-07,29.055166244506836,29.20706687606617,28.793558885890523,29.029850545643132,95556500
2004-09-08,28.945453643798828,29.26613304748345,28.84418764970449,28.953894354499635,101466100
2004-09-09,29.190176010131836,29.325198377490928,28.810424595938404,29.07203184109103,104397500
2004-09-10,29.637441635131836,29.696513728893958,29.08891459031392,29.20705877783816,108591600
2004-09-13,30.025653839111328,30.143798105410998,29.654339608809718,29.74716816638512,109350500
2004-09-14,30.06781578063965,30.143766045223384,29.83996498688844,29.915915251472175,76466300
2004-09-15,29.747154235839844,29.91593305973901,29.63744751742714,29.890614143681734,90128700
2004-09-16,29.80622673034668,30.0171994581771,29.645888616103367,29.755592116759573,67121000
2004-09-17,29.899044036865234,29.97499431917886,29.67119318992436,29.730265274036384,83903400
2004-09-20,29.899044036865234,30.185966967918137,29.68807138812596,29.780899868641182,110678100
2004-09-21,30.01719856262207,30.253486980602265,29.8906136420251,29.991882866177978,93688400
2004-09-22,29.49397087097168,29.924353569432018,29.42645809205199,29.907475374702095,101393400
2004-09-23,29.468677520751953,29.66277531884961,29.434924321212133,29.519312148845597,92503200
2004-09-24,29.36740493774414,29.696521899019285,29.32521103333245,29.527746281372533,103247400
2004-09-27,29.11424446105957,29.316779752014554,29.012978425176698,29.215510496942443,86017600
2004-09-28,29.173303604125977,29.274569594954702,28.886380614121414,29.156425402456552,87070300
2004-09-29,29.603679656982422,29.637432829684183,29.139537316482677,29.147978024048154,95096200
2004-09-30,29.654321670532227,29.76402837395743,29.44334897427723,29.55305567770243,74514600
2004-10-01,30.464458465576172,30.5066555835212,29.83998103792246,29.915931343360143,118252700
2004-10-04,30.641679763793945,30.90328388273443,30.591045150843375,30.68387366499193,108032600
2004-10-05,30.683862686157227,30.793569365369052,30.515083922566838,30.5741560069454,89754400
2004-10-06,30.92859649658203,30.962349679149654,30.47289473044876,30.64167352003749,87815500
2004-10-07,30.582605361938477,30.945475460345143,30.523530041671087,30.8357719693053,82374300
2004-10-08,30.025653839111328,30.582621965373924,29.95814099026019,30.44759948686147,115073000
2004-10-11,30.169097900390625,30.261926409000385,30.042512985161288,30.143782205020003,51181600
2004-10-12,30.11846160888672,30.24504651704856,29.704956918042186,29.899051416485854,97884100
2004-10-13,30.05095100402832,30.498212084507365,29.899050407037734,30.422261786012072,132442500
2004-10-14,29.915943145751953,30.194425562764486,29.81467710494643,30.118475227362996,99383700
2004-10-15,30.06781578063965,30.261910185867773,29.772452209842278,29.949671639995255,129183400
2004-10-18,30.498212814331055,30.59104131684534,29.873735428815163,29.966560712141543,108933400
2004-10-19,30.27880096435547,30.86108442204371,30.202850668205894,30.70074633870027,129973500
2004-10-20,30.422252655029297,30.57415320642821,30.084698377954822,30.23659892935374,106524200
2004-10-21,30.88640594482422,31.046747277623197,30.464460490828323,30.582607922065378,122627600
2004-10-22,30.211273193359375,30.95389758570169,30.160641833799627,30.894825520091224,114321100
2004-10-25,30.06781578063965,30.21971630980712,29.949671639995255,30.152203532760957,102863000
2004-10-26,30.22817611694336,30.245054323667272,29.88218092707506,30.08471618857325,98164500
2004-10-27,30.996110916137695,31.131133325033943,30.135341852228553,30.245048565453054,152423400
2004-10-28,31.190202713012695,31.325225110156946,30.86108582117283,30.953914322807226,111113900
2004-10-29,31.139570236206055,31.426493222493907,30.945472529115886,31.148007727337568,100779200
2004-11-01,31.25771141052246,31.375855590088225,31.055176231847252,31.207076811056794,72356000
2004-11-02,31.358989715576172,31.68810669349021,31.240845489575104,31.299917602575636,108930700
2004-11-03,31.56995964050293,31.983467613667106,31.350549414603947,31.865320179057033,140980100
2004-11-04,31.747169494628906,31.882191887481813,31.316786623406433,31.443368305912912,112513700
2004-11-05,32.03409194946289,32.20287074252103,31.73873147600195,32.08472655313665,117017900
2004-11-08,32.06785202026367,32.15223981685229,31.941267106192658,32.025658121969364,66486000
2004-11-09,32.000343322753906,32.19444107440645,31.907518022244716,32.00878403501106,85038700
2004-11-10,31.890634536743164,32.11848544213324,31.772490338212307,32.00877873527403,95122300
2004-11-11,32.31257629394531,32.38852658716622,31.949703028466292,31.99189692043621,99338800
2004-11-12,32.62481689453125,32.70920468348132,32.211309002625185,32.35477210686566,102418100
2004-11-15,32.76827621459961,32.793591904523545,32.489790748686616,32.607934927248216,82696000
2004-11-16,32.56573486328125,32.64168513784054,32.33788403960338,32.624806941362166,97197500
2004-11-17,33.00458526611328,33.181801645073115,32.7682967608335,32.7682967608335,125242500
2004-11-18,33.156455993652344,33.215528066620685,32.81889853167335,32.89484879965929,94901100
2004-11-19,32.64169692993164,33.15647084133476,32.56574662793466,33.11427694448932,118448900
2004-11-22,32.95392608642578,32.97080428411377,32.47290871947291,32.58261539485128,79882600
2004-11-23,32.90330123901367,33.03832362811258,32.582621857708396,32.92017622086181,91925300
2004-11-24,33.19021224975586,33.24084361541782,32.970798934598946,32.987677129548445,74051700
2004-11-26,33.088951110839844,33.316801969178286,33.05519471274808,33.22397348401959,31248900
2004-11-29,33.08053207397461,33.45184300254766,32.88643750545762,33.299942345588434,94765400
2004-11-30,33.013004302978516,33.24085518532333,32.96237291969365,33.164904891208394,87663100
2004-12-01,33.68811798095703,33.72187438434985,33.1395909121689,33.1395909121689,102375000
2004-12-02,33.814701080322266,34.08474585468429,33.55309379676446,33.60372839915271,122005600
2004-12-03,33.86534118652344,34.25353021035908,33.82314728726968,34.05099498707761,114227700
2004-12-06,33.983482360839844,34.118504757921,33.67968116261027,33.85689745518157,70415100
2004-12-07,33.40119552612305,34.177573426654305,33.35899841567837,34.05098853369538,121439800
2004-12-08,33.595314025878906,33.73877400258149,33.33370656230437,33.41809440516591,10121300
2004-12-09,33.79782485961914,33.91596905292572,33.11427539286315,33.32524808639284,134346000
2004-12-10,33.69656753540039,33.81471175909557,33.53622940598388,33.620617217426535,86177300
2004-12-13,33.99192428588867,34.04255889859392,33.738757660739026,33.94973038489511,74296400
2004-12-14,34.16071319580078,34.25354173690938,33.966618618568816,33.991934322802344,91985000
2004-12-15,34.03411865234375,34.32947915458911,33.8822180457067,34.16914105611135,95179300
2004-12-16,33.71343231201172,34.135377639523284,33.60372562548625,34.04254915240076,86101300
2004-12-17,33.62739181518555,33.917062907019684,33.593312098494316,33.77222573609228,97947000
2004-12-20,33.397361755371094,33.88298638899337,33.30364415063329,33.712591039472,106397600
2004-12-21,33.80630111694336,33.83185927617348,33.465510493780606,33.559228077651376,83184700
2004-12-22,33.84889602661133,34.0192913225585,33.64442427149068,33.687022282972485,75298000
2004-12-23,33.874454498291016,34.002251783944004,33.68702259602527,33.74666046265801,45782000
2004-12-27,33.72963333129883,34.095982221675825,33.56775952509412,34.06190249931024,67157700
2004-12-28,34.053375244140625,34.078933404187254,33.74666432349969,33.79778064359294,62563100
2004-12-29,34.095970153808594,34.215245889850685,33.99373427291824,34.01077087804992,46594800
2004-12-30,34.070411682128906,34.18116586456449,34.01929211714477,34.138567852087725,41717600
2004-12-31,34.010765075683594,34.18116034811081,33.891489359990395,34.10448263801954,44112300
2005-01-03,33.6529426574707,34.326002290624906,33.542185227326605,34.15560699425397,100970900
2005-01-04,33.039520263671875,33.85741702073009,32.843566814070186,33.79777590561489,136623200
2005-01-05,32.835060119628906,33.19288743669826,32.77542223345068,32.95433589198536,127925500
2005-01-06,32.67317199707031,32.97988287918428,32.66465369479823,32.91172671094781,102934600
2005-01-07,32.843570709228516,33.11620191057461,32.553899651545755,32.85209226240699,123104000
2005-01-10,32.8265266418457,33.11619766236894,32.707250912810224,32.749848923177204,88764200
2005-01-11,32.596492767333984,32.800967762616146,32.43461903149963,32.69021033808748,106398800
2005-01-12,32.869110107421875,32.886146702329434,32.38348265208574,32.741312895488456,127754900
2005-01-13,32.43461227416992,33.09915018285447,32.38349272349453,32.86912032986299,101982400
2005-01-14,32.741336822509766,32.818014555701474,32.536861783991725,32.54538333769107,93460900
2005-01-18,32.98841094970703,33.04804882745536,32.56242425149292,32.61354057526544,91760400
2005-01-19,32.44314956665039,33.01397020108503,32.42610970815703,32.99693034259166,104981000
2005-01-20,31.821212768554688,32.21312309590799,31.79565460047433,32.076807449443784,120963900
2005-01-21,31.56560707092285,31.991593679842243,31.514490757865264,31.93195581459512,138569200
2005-01-24,31.122589111328125,31.69341301325775,31.06295122978603,31.62525357719776,137499000
2005-01-25,31.275936126708984,31.599686860319878,31.233338115712268,31.327055689916993,119171300
2005-01-26,31.650808334350586,31.770084072350276,31.369655594762655,31.488931332762345,107465800
2005-01-27,31.608203887939453,31.753041019511762,31.412250445240264,31.599685586091567,103654700
2005-01-28,31.454856872558594,31.75304951735427,31.19926549846276,31.710451496675073,111648600
2005-01-31,31.863805770874023,31.974559970463858,31.744526767436426,31.829726055606137,89139900
2005-02-01,31.966033935546875,32.07679135837012,31.838236659210843,31.940475780287567,76610300
2005-02-02,32.01716613769531,32.14496021446963,31.787132899476315,32.068282468396625,100160500
2005-02-03,31.650808334350586,31.872319954918563,31.523011043625143,31.846761796781518,90157900
2005-02-04,32.1619987487793,32.221636632152844,31.650815962714343,31.650815962714343,99302000
2005-02-07,32.09382629394531,32.298301275452445,31.966032274270486,32.20458371101249,71551400
2005-02-08,32.153480529785156,32.383510509113336,32.051241372282746,32.08532109145022,72821700
2005-02-09,31.616729736328125,32.204590144312334,31.574131721260326,32.1790319852757,93276600
2005-02-10,31.650808334350586,31.79564223048732,31.420775161056856,31.74452266419312,110373000
2005-02-11,32.11937713623047,32.2471711138834,31.463357650886216,31.54855363598817,108684100
2005-02-14,32.26423645019531,32.32387433688531,32.110880955843584,32.11940251109705,54908900
2005-02-15,32.477210998535156,32.783921809384886,32.22161973950011,32.289779141919695,131406500
2005-02-16,32.35795211791992,32.511307603077626,32.23015804696909,32.4005501415702,80273900
2005-02-17,31.923442840576172,32.49426343179085,31.8893631261698,32.41758569938674,115628300
2005-02-18,31.821212768554688,32.00864800120099,31.744535014292236,31.931970246938537,69158800
2005-02-22,31.429306030273438,31.991608484256933,31.34410996907225,31.54858181596366,121232000
2005-02-23,31.47188949584961,31.582646924170326,31.26741774358665,31.557088767642433,95010100
2005-02-24,31.872314453125,31.8978726068502,31.318530622268966,31.395208333464115,99334600
2005-02-25,32.05123519897461,32.11939462418154,31.770085695046728,31.846763423394382,79988700
2005-02-28,31.710432052612305,32.034179411276746,31.454837585220112,31.91490372650367,95731300
2005-03-01,32.05975341796875,32.119391283812426,31.80416210006445,31.838238559103736,78460600
2005-03-02,32.042728424072266,32.392037478880454,31.829735018700894,31.87233304977088,107270600
2005-03-03,31.778615951538086,32.14496487477474,31.54006437362454,32.127925012063564,89793800
2005-03-04,31.966033935546875,32.161987375914315,31.863798064489895,32.03419009957828,86622300
2005-03-07,32.426109313964844,32.622062809225376,32.000122606871344,32.034199073423125,93563900
2005-03-08,32.10236358642578,32.553908527390476,32.076805419962476,32.38351316758569,89595200
2005-03-09,32.00863265991211,32.315343529959705,31.923436640463255,32.09382867936097,98063000
2005-03-10,31.966033935546875,32.09382796186316,31.591166908324784,32.04271165134455,97043600
2005-03-11,31.667848587036133,32.22163257726708,31.5400545316124,32.110875129216794,102857500
2005-03-14,31.812686920166016,31.829726778186785,31.548573995874953,31.727490880082758,65576200
2005-03-15,31.557096481323242,31.931963618782856,31.514498460024306,31.880844043211713,93856300
2005-03-16,31.19927215576172,31.676378539227343,31.12259440216941,31.44634527845042,159578000
2005-03-17,31.275936126708984,31.429291566313097,31.131102239316164,31.19074010471555,100429600
2005-03-18,31.10553550720215,31.344090177977264,30.969219945338946,31.310010475006624,108899400
2005-03-21,31.165172576904297,31.310006420746276,30.88401993883136,31.18220917616423,92752500
2005-03-22,30.78179168701172,31.31001414489282,30.764751833529136,31.19073842053448,114016300
2005-03-23,30.892547607421875,31.088504308548316,30.730673865208644,30.747713719655287,97444900
2005-03-24,30.90106964111328,31.224820380603905,30.90106964111328,31.00330551936612,77566800
2005-03-28,30.960710525512695,31.190743711519207,30.93515236596318,31.020348397808426,59739000
2005-03-29,30.713632583618164,31.16518058042272,30.619915013526278,30.901067723801933,119554300
2005-03-30,31.292978286743164,31.335576300878454,30.858473342530953,30.866991645349948,114711000
2005-03-31,31.15666389465332,31.31001935147851,31.045906453608396,31.292979495162346,86578900
2005-04-01,30.841459274291992,31.420801850993143,30.7818213546336,31.36968224127615,143814300
2005-04-04,31.062944412231445,31.18222014913753,30.69659564886556,30.884030806872314,100090300
2005-04-05,31.148170471191406,31.241884880754526,31.02889138170377,31.088532551459025,66266600
2005-04-06,31.097036361694336,31.4463454072632,31.02887691376804,31.233352007525564,82168900
2005-04-07,31.47188949584961,31.480411048038846,31.105540752190237,31.1225806065488,88618000
2005-04-08,31.21630096435547,31.58264974068553,31.18222125259914,31.52301187012205,92332900
2005-04-11,31.079965591430664,31.335556766932243,31.01180946130537,31.30999862438752,70976000
2005-04-12,31.233325958251953,31.301485349331834,30.594346291962005,31.045890882800936,144848500
2005-04-13,30.722139358520508,31.18220218583883,30.653979976684784,31.148125744939172,108995500
2005-04-14,30.287630081176758,30.75621443545301,30.245032094427657,30.722137996064568,158057900
2005-04-15,29.597566604614258,30.134307674500853,29.546447014615794,30.02355343786994,170013300
2005-04-18,29.60606575012207,29.819059028899925,29.51234818745669,29.57198604551293,110084000
2005-04-19,29.810564041137695,29.904278427072988,29.60608890359239,29.836122214572587,96922100
2005-04-20,29.563459396362305,30.066123522338597,29.469741860160497,29.997964132366885,140457400
2005-04-21,30.3472900390625,30.42396777112441,29.78498775394863,29.921303360945313,124505100
2005-04-22,29.895740509033203,30.219491243605106,29.665707348944213,30.21096969136852,114996800
2005-04-25,30.142826080322266,30.210982276507508,29.946872547510438,30.074666634115747,72170100
2005-04-26,29.861663818359375,30.41544776899333,29.853145515281735,30.066138842445525,104958800
2005-04-27,29.904247283935547,30.03204451806243,29.589018223112888,29.70829390828802,112539300
2005-04-28,29.60606575012207,29.946856296174445,29.58050759667497,29.750899619681647,98181900
2005-04-29,29.802024841308594,29.87018426348249,29.26528076675962,29.81906469685207,144435900
2005-05-02,29.921300888061523,30.04057662807337,29.72534742232489,29.904261032342664,67648800
2005-05-03,30.07465934753418,30.185416795774476,29.844626147352248,29.861666004775408,103428700
2005-05-04,30.441001892089844,30.526201161670983,30.02353684621163,30.06613485599229,90480600
2005-05-05,30.466562271118164,30.602877862375202,30.27060881181243,30.458043968548377,79341700
2005-05-06,30.551769256591797,30.6880848822478,30.43249349039541,30.645486858609214,77310200
2005-05-09,30.696596145629883,30.722157553966333,30.38136694298813,30.560280551242627,66298400
2005-05-10,30.47507095336914,30.63694463399254,30.34727371865367,30.551748644194685,77194700
2005-05-11,30.628440856933594,30.69659703108314,30.074656910624967,30.517683417667822,131952400
2005-05-12,30.543251037597656,30.841443735676283,30.381377230083814,30.69660653946181,116602200
2005-05-13,30.875505447387695,31.071458863235186,30.577312923256812,30.662512180159638,133273500
2005-05-16,31.079965591430664,31.13108512653823,30.781776428348508,30.87549395103665,79093200
2005-05-17,31.267410278320312,31.301489978900726,30.84994207125808,30.969217773270397,91665900
2005-05-18,31.693418502807617,31.829734148517748,31.27595000968334,31.35262776352162,128105900
2005-05-19,31.95751190185547,31.966033453493228,31.693402301439445,31.770080016080804,92619700
2005-05-20,32.08531188964844,32.11087004668372,31.821199016877273,31.906398290361505,66530100
2005-05-23,32.247196197509766,32.36647521946013,32.03420281905852,32.085322399894395,93068200
2005-05-24,32.34943771362305,32.37499588089062,32.11940445815101,32.17052079268617,100830000
2005-05-25,32.2131233215332,32.27276121415267,32.02568808757408,32.238681489792576,76470600
2005-05-26,32.53687286376953,32.605032316492704,32.357959175403586,32.357959175403586,84066800
2005-05-27,32.55389404296875,32.58797374977063,32.39202031068941,32.49425618107532,50076900
2005-05-31,32.44314956665039,32.57946518457663,32.306830698703465,32.536863913332866,75281500
2005-06-01,32.707271575927734,32.954344742174726,32.39204220003925,32.40056050748622,110875700
2005-06-02,32.93728256225586,32.93728256225586,32.6305717016109,32.656133106677785,75926500
2005-06-03,32.460182189941406,32.92024856271721,32.39202601435627,32.911730259526685,96998400
2005-06-06,32.468711853027344,32.536868045636204,32.34091452310671,32.477230158345535,52681400
2005-06-07,32.19606399536133,32.77540595915866,32.15346599067435,32.50277482913867,108953400
2005-06-08,32.127906799316406,32.3323817859158,32.000112776458984,32.272743925245074,79211900
2005-06-09,32.33238220214844,32.42609977012882,31.948993628601283,32.085309204749194,99383300
2005-06-10,31.991592407226562,32.28978497162007,31.846758525964972,32.28978497162007,85971700
2005-06-13,32.14495849609375,32.332393698701566,31.91492527017166,31.931965129501542,82331300
2005-06-14,32.01716613769531,32.2386778207834,31.94900669673219,32.11088049398806,62593600
2005-06-15,32.11937713623047,32.26421096090749,31.73598870323467,32.23013451687781,103952000
2005-06-16,32.289791107177734,32.37498714175314,32.08531607416822,32.15347550184485,90450100
2005-06-17,32.29405212402344,32.583990939960515,32.19172173399401,32.498716157106735,83915700
2005-06-20,32.29405212402344,32.47313437285549,32.04675395253769,32.166139949742764,67580000
2005-06-21,32.277000427246094,32.41344204815688,32.1490882374687,32.26847424913754,97845600
2005-06-22,32.24289321899414,32.49019142624803,32.0893959852366,32.40491663106047,75221100
2005-06-23,31.88473892211914,32.55842101227714,31.833575334984772,32.29406388432225,122163300
2005-06-24,31.526578903198242,31.901792616052315,31.51804947050529,31.876210824024326,142144100
2005-06-27,31.38160514831543,31.60332483706711,31.296330346811036,31.50952060359718,72780800
2005-06-28,31.68006706237793,31.77386802388118,31.466876848641938,31.509514240784235,73330300
2005-06-29,31.611839294433594,31.773862658424235,31.526564524548824,31.76533648264534,71513600
2005-06-30,31.36452865600586,31.73121591379252,31.33894688319102,31.6715229418759,87803700
2005-07-01,31.321910858154297,31.55215671644814,31.279273459142484,31.432770698005044,55254800
2005-07-05,31.645950317382812,31.714169482284415,31.211040535667355,31.211040535667355,79288700
2005-07-06,31.492443084716797,31.79090793537783,31.43275011458459,31.57771782689912,79101000
2005-07-07,31.603313446044922,31.628895226670572,31.168403657264935,31.193988690914573,119466300
2005-07-08,32.20877456665039,32.24288577806328,31.543622209219812,31.62037080838674,101320700
2005-07-11,32.50724792480469,32.541359145022454,32.23436466911257,32.29405767798116,96283700
2005-07-12,32.660743713378906,32.79718533517012,32.41344225731207,32.507246482235686,86059300
2005-07-13,32.73749542236328,32.771606644290515,32.549886954788654,32.677802410503205,72135400
2005-07-14,33.0615348815918,33.15533908518206,32.84834469271362,32.97625685422605,99135200
2005-07-15,33.16386413574219,33.2576683361485,32.95920338305933,33.11270057408348,67239200
2005-07-18,33.027427673339844,33.16386928063669,32.9933164582595,33.07859449596035,58644000
2005-07-19,33.411163330078125,33.4282189338508,33.12122457199024,33.18091755868271,77860900
2005-07-20,33.64994812011719,33.74375235015752,33.172404044311904,33.20651201185154,91433100
2005-07-21,33.658470153808594,33.846075319629556,33.43675052189611,33.735218756697634,127286000
2005-07-22,33.615821838378906,33.760792834313705,33.44527231801832,33.666988646301235,71666600
2005-07-25,33.4879264831543,33.794920978514945,33.428233470503635,33.64994990991677,51872700
2005-07-26,33.615821838378906,33.709626026391376,33.419687287545365,33.59024006092953,67324900
2005-07-27,33.87166976928711,33.905777738809,33.453815425647946,33.641423896631885,78351100
2005-07-28,34.033695220947266,34.04222140057851,33.80344933459853,33.89725357566936,66163700
2005-07-29,33.75227355957031,34.04220910466502,33.70110674118782,33.9995717158584,74725700
2005-08-01,33.81196594238281,33.96546314172717,33.701106131073175,33.803436512961355,59748300
2005-08-02,34.178672790527344,34.229836384083306,33.81198518925477,33.85462260156008,79284100
2005-08-03,34.161598205566406,34.22129120025241,34.00810100408118,34.033682786653976,61916400
2005-08-04,33.82901382446289,34.059259593051024,33.743739059663035,34.00809603538061,72035500
2005-08-05,33.66700744628906,33.931364555305315,33.62437004238977,33.77786729884754,66029500
2005-08-08,33.41969680786133,33.77785805930034,33.377059415625006,33.70110945206516,63415400
2005-08-09,33.641414642333984,33.76080063538221,33.52202864928576,33.5731922160068,62143600
2005-08-10,33.35148620605469,33.84608593860912,33.232100175887254,33.72669990844169,102317500
2005-08-11,33.62436294555664,33.718167166151794,33.34295028377118,33.36853532313104,92446700
2005-08-12,33.43675231933594,33.53055653380116,33.23209153597955,33.360003712321166,86367300
2005-08-15,33.641414642333984,33.794911848545794,33.32589405313163,33.37705761985267,63061100
2005-08-16,33.09564971923828,33.539085751060576,33.035956720053015,33.51350071353512,94596000
2005-08-17,33.291770935058594,33.402627458662224,33.078580808558,33.189437332161624,74470500
2005-08-18,33.1212272644043,33.34294362542473,33.06153427285941,33.146809045630945,72559400
2005-08-19,33.10417175292969,33.2576689467721,33.07858997163064,33.163864744643504,52024300
2005-08-22,33.1212272644043,33.41116604606121,32.91656325551892,33.15533847472254,88056300
2005-08-23,33.027427673339844,33.18945106543469,32.925097281123335,33.121231888298524,57482900
2005-08-24,32.83129119873047,33.41116881001493,32.79717998559036,32.9592066214937,95025700
2005-08-25,32.90802764892578,32.993302397259946,32.82275290059162,32.89097204865432,52328800
2005-08-26,32.79718780517578,32.916573826606125,32.63516438366676,32.85688081589095,63840700
2005-08-29,33.05300521850586,33.129753816080004,32.62662484376597,32.62662484376597,74940400
2005-08-30,32.93361282348633,32.967724027551505,32.677785299044416,32.882449270412025,87373600
2005-08-31,33.240623474121094,33.2662052632181,32.81424297303741,32.950684603263184,93426300
2005-09-01,33.189449310302734,33.38558716013023,33.07006331685945,33.25767173685566,74884400
2005-09-02,33.0615348815918,33.2832512466945,33.03595309989414,33.25766946499684,53244900
2005-09-06,33.5476188659668,33.60731187749675,33.17240518591777,33.21504258657843,78106600
2005-09-07,33.607295989990234,33.666988973300946,33.43674321494953,33.513491801066664,57440100
2005-09-08,33.59878158569336,33.743749380798896,33.48792175512605,33.50497736390754,73529700
2005-09-09,33.786380767822266,33.84607376142957,33.52202701128254,33.60730178700035,75342100
2005-09-12,33.88018035888672,33.99104015464156,33.75226821272997,33.79490559478222,51689900
2005-09-13,33.7949104309082,34.03368240698858,33.71816183102177,33.83754781906196,66145800
2005-09-14,33.411163330078125,33.83754366532361,33.38558155093101,33.8119618861765,98644000
2005-09-15,33.39412307739258,33.54762032888466,33.30031884003349,33.479397882432494,80421500
2005-09-16,33.59878158569336,33.64994515901308,33.35148013789889,33.47086614634456,71034100
2005-09-19,33.33442306518555,33.5817245021194,33.180925845917955,33.530557678022,73387500
2005-09-20,33.197975158691406,33.71815971945406,33.0956447829259,33.394109734335295,115202800
2005-09-21,32.83129119873047,33.14681178771561,32.805709415387554,33.104174397802645,116404300
2005-09-22,32.95067596435547,33.02742456454982,32.60957360473274,32.780123158032,118686100
2005-09-23,33.04447937011719,33.15533917949595,32.754540582297125,32.83128918063256,70154000
2005-09-26,33.05300521850586,33.283251011228295,32.873926241840884,33.232087448194925,69327600
2005-09-27,32.97627258300781,33.17241051298941,32.839830927167796,33.07860626465708,64089500
2005-09-28,32.98479080200195,33.21503662789425,32.88246040816912,33.05300998021565,72044500
2005-09-29,33.42823791503906,33.43676409525483,32.78866704901035,32.94216431709929,117634600
2005-09-30,33.64994812011719,33.66700373039953,33.36853868302122,33.402646650560854,79248500
2005-10-03,33.735225677490234,33.89724909326211,33.69258502589633,33.71817006745767,81685600
2005-10-04,33.51348876953125,34.00809144710659,33.504962595411094,33.78637188370271,85348600
2005-10-05,33.05300521850586,33.5476080146557,33.027423436989174,33.522026233139016,106152200
2005-10-06,32.61810302734375,33.138287674538255,32.33669038095018,33.02742785144159,162213700
2005-10-07,32.69486999511719,32.89100471349031,32.558428310465175,32.74603684674658,91119900
2005-10-10,32.515777587890625,32.79718702412837,32.45608457859701,32.63516360647785,64012000
2005-10-11,32.353736877441406,32.609567666854474,32.23435091066124,32.609567666854474,114736900
2005-10-12,31.97000503540039,32.45607844958681,31.91883821437177,32.16613963647347,146109500
2005-10-13,32.21730422973633,32.328164052314044,31.833564445395307,31.952950445236915,138569600
2005-10-14,32.4560661315918,32.46459230534843,32.09790502637257,32.30256897978687,131463200
2005-10-17,32.558406829833984,32.5669330063005,32.25141242865202,32.46460262358125,64080400
2005-10-18,32.32816696166992,32.5584128048101,32.32816696166992,32.524301586635666,88070400
2005-10-19,32.97627258300781,32.97627258300781,32.07234783295232,32.16615208128464,132879900
2005-10-20,32.66926193237305,33.1297502147368,32.49017972215097,33.01036424327125,132576900
2005-10-21,32.873931884765625,33.044484714542385,32.68632669973338,32.97626228142182,110032000
2005-10-24,33.39412307739258,33.41117868900562,32.805719115356446,33.02743556027541,110820900
2005-10-25,33.266204833984375,33.419702072635936,33.06154401779898,33.33442727472952,86665800
2005-10-26,33.09564971923828,33.487918929034144,33.053009074370685,33.240617502109785,89878100
2005-10-27,32.43048095703125,33.08710693609924,32.43048095703125,33.070051335640215,132231100
2005-10-28,32.67777633666992,32.73746930090055,32.33667089561839,32.541334810853826,95243900
2005-10-31,33.14680480957031,33.30030198336186,32.76306187509145,32.78864690607247,115279100
2005-11-01,33.1212272644043,33.26619502872072,33.01036745738205,33.07006044892694,73502300
2005-11-02,33.55613708496094,33.64994129597797,33.01037067870661,33.027426285530105,101409900
2005-11-03,34.059261322021484,34.18717672873848,33.83754497047247,33.88871178376406,137054000
2005-11-04,34.178672790527344,34.30658502744329,33.974008657225376,34.11045032841801,100944500
2005-11-07,34.22130584716797,34.3577475009944,34.067808579985034,34.289525047568375,65324500
2005-11-08,34.22981262207031,34.408891581253336,34.101900473949776,34.17864906403161,78859700
2005-11-09,34.246864318847656,34.39183530714106,34.13600453403781,34.2127531153641,72458800
2005-11-10,34.622100830078125,34.69884946246063,34.04222299719381,34.263942714310176,120763100
2005-11-11,34.71590805053711,34.89498712376731,34.69032625522589,34.767074894185384,80057200
2005-11-14,34.71590805053711,34.843823533144885,34.62210379702819,34.767074894185384,53652400
2005-11-15,34.55387878417969,34.87792890010205,34.434492755425474,34.732957827311004,79543500
2005-11-16,34.767051696777344,34.77557787185026,34.5026947271853,34.64766572761438,65895700
2005-11-17,35.2275276184082,35.23605378970425,34.835255425322934,34.88642221216595,94425500
2005-11-18,35.34693145751953,35.51748424712028,35.19343427218125,35.40662444592621,108820200
2005-11-21,35.432212829589844,35.45779786726397,35.16785904681167,35.3043006533172,69731400
2005-11-22,35.56011962890625,35.70508737743835,35.27018087881834,35.36398507046791,88814000
2005-11-23,35.64539337158203,35.83300174950847,35.568644785432454,35.585700388246096,64101200
2005-11-25,35.722145080566406,35.764782464816065,35.585703499153155,35.67950769631675,22930200
2005-11-28,35.423683166503906,35.81595233997786,35.38957195497812,35.81595233997786,74716200
2005-11-29,35.25312805175781,35.68803458462743,35.25312805175781,35.619815419070456,77443000
2005-11-30,35.167877197265625,35.381067520773954,35.12523653014302,35.201985176727064,88044400
2005-12-01,35.82447052001953,35.8585817239314,35.38956405572527,35.398090230191514,91914100
2005-12-02,35.909767150878906,35.92682276167906,35.70510307430219,35.764796085590156,72929200
2005-12-05,35.64539337158203,35.86711295513575,35.50042562720151,35.86711295513575,61519900
2005-12-06,35.76479721069336,36.080321140884394,35.730689241045205,35.84154583519588,81509400
2005-12-07,35.69658279418945,35.841550630408655,35.500448117114594,35.81596883649366,83885500
2005-12-08,35.440738677978516,35.815952244691346,35.1934372746108,35.78184103325631,112043200
2005-12-09,35.57718276977539,35.61982016055211,35.28724395825953,35.440741167475245,56526900
2005-12-12,35.70509719848633,35.76479019995091,35.54307380208597,35.70509719848633,44863600
2005-12-13,35.850074768066406,35.9950425828714,35.61129946570348,35.66246629900094,76611600
2005-12-14,35.730682373046875,35.90123194758106,35.56865572300494,35.77331976668042,73581600
2005-12-15,35.790374755859375,35.87564954165192,35.483380322166944,35.815956540992225,72607200
2005-12-16,35.543331146240234,35.851062862355015,35.51768439091028,35.782679123508935,63743000
2005-12-19,34.97913360595703,35.65444027285788,34.962040124021804,35.62024678724689,75341700
2005-12-20,35.00478744506836,35.17575164690259,34.83382324323413,35.00478744506836,70257700
2005-12-21,35.15864944458008,35.397997333482536,35.00478201289409,35.06461898511971,68935000
2005-12-22,35.38946533203125,35.4407523233743,35.13301733182888,35.14156733763391,59149500
2005-12-23,35.38946533203125,35.55187957273721,35.303981578339865,35.483492569784104,38000400
2005-12-27,35.08172607421875,35.62880898782606,35.02188908434741,35.492038259424234,55656300
2005-12-28,35.03899002075195,35.2441445074384,34.936409516536955,35.098827017774816,50302400
2005-12-29,34.808170318603516,35.150095368713366,34.74833335331254,35.07316166178639,47301700
2005-12-30,34.543190002441406,34.68851073602051,34.500449761108044,34.654317238605266,60026500
2006-01-03,35.312530517578125,35.46639800870348,34.32948857548523,34.74835080374239,109350400
2006-01-04,35.68009948730469,35.68009948730469,35.32107428465446,35.39800802373155,92769400
2006-01-05,35.8339729309082,35.90235994363857,35.654461913799345,35.68865542016454,77656900
2006-01-06,36.483619689941406,36.500716435242644,35.95363362908586,36.1245945603568,110053900
2006-01-09,36.62893295288086,36.68876992417006,36.346844839784666,36.4836155257129,80768800
2006-01-10,36.654598236083984,36.68878847920468,36.37250671945209,36.46653722499606,84369400
2006-01-11,36.936683654785156,37.02216740820105,36.646045414914646,36.75717266391943,100761400
2006-01-12,36.757179260253906,37.0050772983394,36.628955237555246,36.89395002939205,82429200
2006-01-13,36.74007034301758,36.799907330900844,36.526365883185555,36.70587684683535,64572100
2006-01-17,36.500728607177734,36.57766235625313,36.329764358024434,36.457988360107365,77962100
2006-01-18,36.08187484741211,36.29557939390596,35.91946056599092,35.92800731306673,121021900
2006-01-19,36.346858978271484,36.60330370653201,36.150251244576026,36.26137522827022,111094000
2006-01-20,35.26124572753906,36.3212215793446,35.175765224063596,36.29557481960422,188569400
2006-01-23,35.26978302001953,35.432200498310486,35.11591880717905,35.35526676145459,111381900
2006-01-24,35.42365264892578,35.6459071293077,35.31252866960633,35.35526891248854,77956900
2006-01-25,35.26978302001953,35.62025820772499,35.11591880717905,35.594614715730124,99826400
2006-01-26,35.51769256591797,35.63736658209735,35.24415102583013,35.47495231169282,112600600
2006-01-27,35.99639129638672,36.23573932478839,35.680109507302745,35.731396507176065,110830400
2006-01-30,36.06475067138672,36.17587786411485,35.9621734801062,36.056203930809225,53942600
2006-01-31,35.902347564697266,36.133148761774855,35.73993335677057,36.04766502533624,100988100
2006-02-01,36.03057098388672,36.047664470040004,35.64590232801637,35.680095822065084,89168700
2006-02-02,35.41510772705078,35.97074069572525,35.39801097684385,35.91090043956514,94047400
2006-02-03,34.97913360595703,35.2441282281368,34.85945966718883,35.15009777314172,121094200
2006-02-06,34.88513946533203,35.05610053363122,34.69707837715489,34.80820568024805,58162800
2006-02-07,34.731258392333984,34.98770315595545,34.568840875371784,34.82528889986534,87327000
2006-02-08,35.133018493652344,35.175762002347426,34.78254324410716,34.97915099279135,89907800
2006-02-09,34.79963302612305,35.36381266266838,34.731249295475465,35.22704194050198,78213400
2006-02-10,35.01334762573242,35.098831389893284,34.41497432009511,34.77399960782637,102575900
2006-02-13,34.61159133911133,34.82529589520127,34.449173789524416,34.79110238361742,70643100
2006-02-14,34.962039947509766,35.06461714295459,34.543177903065505,34.679948583948686,94340300
2006-02-15,35.1843147277832,35.26979523795856,34.816742664458744,34.86803292708743,92254300
2006-02-16,35.5091438293457,35.51769057536279,35.17576529985205,35.312536062230784,103859600
2006-02-17,35.227046966552734,35.44075145423268,35.21850022182909,35.44075145423268,81770200
2006-02-21,34.83384323120117,35.2783491066832,34.714169199508476,35.22705883844084,85101400
2006-02-22,35.26978302001953,35.50913423516638,34.77399036318144,34.859470843745186,91983900
2006-02-23,35.17576599121094,35.50914452725694,35.11592898529869,35.209956236823466,66517100
2006-02-24,35.26978302001953,35.295429772885704,35.05607855773886,35.20994603145065,57085400
2006-02-27,35.66300964355469,35.79123039292819,35.329631129962735,35.35527462766302,64945000
2006-02-28,35.133018493652344,35.66300800144995,35.02189450148643,35.5689774997158,117564600
2006-03-01,35.61171340942383,35.705743899703464,35.17575771733912,35.24414145335154,80962300
2006-03-02,35.63734817504883,35.7655721323677,35.39800026631566,35.517674220682245,69856500
2006-03-03,35.43220520019531,35.91090117226977,35.380914948528016,35.43220520019531,112066100
2006-03-06,35.12446975708008,35.58607223349285,35.01334251034255,35.50913848742405,99581000
2006-03-07,34.919307708740234,35.10736867836053,34.74834674821774,35.06462843822991,96441100
2006-03-08,34.93639373779297,35.124454649712476,34.62011214482223,34.842363281833215,103961900
2006-03-09,34.63722229003906,35.17575848926777,34.59448204648444,35.04753449773232,108556700
2006-03-10,34.671424865722656,34.86803264624035,34.355139806701985,34.60303784943524,124474900
2006-03-13,34.77398681640625,34.996237999726254,34.72269657677657,34.82527705603594,69169100
2006-03-14,35.363834381103516,35.40657464661577,34.73981737417944,34.73981737417944,118201000
2006-03-15,35.66300964355469,35.66300964355469,35.32108112348128,35.5005921291274,84375800
2006-03-16,35.363834381103516,35.833983823484864,35.32964412521765,35.77414679959305,101371200
2006-03-17,35.45705795288086,35.57681588727807,35.26886504845154,35.362961500666195,78219600
2006-03-20,35.542598724365234,35.65380392009572,35.41428804913068,35.55970746702831,60240100
2006-03-21,35.16621780395508,35.9360916804956,35.14055632035147,35.16621780395508,136566000
2006-03-22,35.25176239013672,35.31164136766999,34.95236750247034,34.96947624793121,112282800
2006-03-23,35.14912033081055,35.26032556734858,34.91815711484396,35.14912033081055,75158200
2006-03-24,35.328739166259766,35.499823304697244,35.08922333034242,35.26886020728043,81795500
2006-03-27,35.33729553222656,35.50837640926926,35.27741657262991,35.31163079014331,54400400
2006-03-28,35.191871643066406,35.64524182509637,35.063560989761285,35.405725995066724,100522800
2006-03-29,35.85909652709961,36.01307192309539,35.217533464836684,35.24319820627497,130669100
2006-03-30,35.97031021118164,36.184164615841645,35.747903066125296,35.93609272327782,115915600
2006-03-31,35.86766815185547,36.090075341192914,35.79068042032329,36.03875236227806,71074600
2006-04-03,35.910438537597656,36.24405095456732,35.84200681104076,36.05586125916592,80730700
2006-04-04,36.1071891784668,36.192732927316875,35.8676732080073,35.97032244346703,89952600
2006-04-05,36.449337005615234,36.500659962699785,36.10716873031184,36.18415642909718,91628200
2006-04-06,36.55199432373047,36.731631239851794,36.30392243204335,36.43223637964958,91712800
2006-04-07,36.201271057128906,36.82572548743717,36.18416231426524,36.680306067834536,116604300
2006-04-10,36.14994812011719,36.35524979001562,36.00452868727361,36.26970933106756,58981900
2006-04-11,35.85909652709961,36.295361236807146,35.67945965282403,36.26114375699509,91481900
2006-04-12,35.86766815185547,35.99598212546239,35.7564629256068,35.876220893954645,58751200
2006-04-13,36.013084411621094,36.20983335718928,35.7479070090163,35.842003479550755,63476900
2006-04-17,35.63670349121094,36.10718260314825,35.405740306115945,35.96176315132535,104072100
2006-04-18,36.321041107177734,36.40658485002515,35.73080396575118,35.73080396575118,124291700
2006-04-19,36.48355484008789,36.48355484008789,36.18415678050018,36.38945840030771,79050300
2006-04-20,36.355255126953125,36.6289885515621,36.25260590851471,36.47501309232457,81408000
2006-04-21,35.92753219604492,36.543433792187855,35.77355679700919,36.49210757145643,130181200
2006-04-24,35.893314361572266,35.98741080040595,35.68801600698833,35.88476162311398,78556400
2006-04-25,35.81633758544922,36.0130832615749,35.6281479135496,35.98742177521574,77660800
2006-04-26,35.80780029296875,35.978884556546284,35.6709335347389,35.80780029296875,82537000
2006-04-27,36.14994812011719,36.34669704938455,35.49983214789761,35.64525158074119,173950100
2006-04-28,35.79923629760742,36.11574325671388,35.73935730818948,35.92755028245168,88876600
2006-05-01,35.44850158691406,35.97030680700712,35.3372996564895,35.85910161342361,92875500
2006-05-02,35.542598724365234,35.6965741451739,35.41428804913068,35.6024776921065,85148100
2006-05-03,35.49127960205078,35.619590291177076,35.31163941621899,35.559711316952935,74971600
2006-05-04,35.78212356567383,35.91899026564941,35.525495647955026,35.525495647955026,88696800
2006-05-05,36.064395904541016,36.10716612007239,35.87620304041303,36.0130696880084,80392200
2006-05-08,36.09862518310547,36.167056897694785,35.987419975843565,35.99597597964182,45079100
2006-05-09,35.961769104003906,36.08152708724836,35.90189011238168,36.01309208930278,48528800
2006-05-10,35.645263671875,35.91044440562019,35.54261443368608,35.86767416163818,92424200
2006-05-11,34.84971618652344,35.62814611056671,34.75561972375568,35.611037366139904,140989700
2006-05-12,34.37923049926758,34.747060310452724,34.37067775947307,34.69573734536765,153920800
2006-05-15,34.353572845458984,34.50754828419294,34.03706922724335,34.23381489603465,127896500
2006-05-16,34.096954345703125,34.4391195109742,34.01996661246414,34.362131777735215,132397500
2006-05-17,33.635009765625,34.05416570072977,33.55802207399997,33.94296053212512,207897100
2006-05-18,33.404048919677734,33.92585405738126,33.361278702178424,33.78043466525191,139690900
2006-05-19,33.66067886352539,33.7633313177077,33.14742964524962,33.53236819053592,194306300
2006-05-22,33.33562469482422,33.56658783686946,33.03622657891706,33.369838918596024,169591800
2006-05-23,33.01056671142578,33.68634742718082,32.993457967122694,33.58369496136229,142243900
2006-05-24,33.23296356201172,33.39549495094223,32.70260570561341,32.959230264312055,234981600
2006-05-25,33.66923141479492,33.68634015540479,33.207305207804225,33.455377051909444,123510900
2006-05-26,33.78044128417969,33.85742899602676,33.55803088855076,33.746223798212306,91319600
2006-05-30,33.0533447265625,33.64358512299689,33.027683235642776,33.617920368917076,105606200
2006-05-31,33.20730209350586,33.41260369841179,32.96778627374752,33.113205660555565,137066200
2006-06-01,33.99427795410156,33.99427795410156,33.22440123699964,33.30138890870983,119357400
2006-06-02,33.90877151489258,34.216722539857045,33.62648525078245,34.18250503415856,128864100
2006-06-05,33.17307662963867,33.84030423759049,33.17307662963867,33.84030423759049,103190600
2006-06-06,33.14743423461914,33.318518418784535,32.805265866288345,33.23297469512214,127271000
2006-06-07,32.89936828613281,33.506714149859405,32.89081554379807,33.190210472913996,130754700
2006-06-08,32.84803009033203,32.98489674641014,32.06960037204555,32.73682491253154,280562200
2006-06-09,32.63418960571289,33.13888622633797,32.59997211136139,32.98491076491609,144146200
2006-06-12,31.992624282836914,32.72828078672164,31.98406827820077,32.67695781154344,145607500
2006-06-13,31.864307403564453,32.33478645756239,31.787319684680472,32.069609074974856,207099500
2006-06-14,32.18937301635742,32.257804744127945,31.821543098005947,31.95840981670696,201876800
2006-06-15,33.061885833740234,33.181643754946286,32.33477904145425,32.37754926143375,200700400
2006-06-16,32.81880569458008,33.10984374621025,32.69896707308958,32.99856362681584,120006100
2006-06-19,32.55342102050781,32.98997939008386,32.450702748694916,32.955738877694564,129450100
2006-06-20,32.59623336791992,32.93862880156924,32.476391537518865,32.60479186598486,102871700
2006-06-21,33.109825134277344,33.37518426509612,32.63902941505849,32.64758791234362,129548100
2006-06-22,32.69038772583008,33.10982594084442,32.51919165311152,33.03278640197876,143100500
2006-06-23,32.65615463256836,32.981429824474986,32.46783501014943,32.664713131152766,88050200
2006-06-26,32.741737365722656,32.86157588199012,32.58765834042029,32.67325634765287,65157700
2006-06-27,32.12542724609375,32.81022449287853,32.091189996038736,32.75886371976309,128227500
2006-06-28,32.3651123046875,32.39079106230936,31.997034873780688,32.20247146546706,91576300
2006-06-29,33.3494987487793,33.3494987487793,32.44214792524912,32.510625692423396,181997200
2006-06-30,33.186859130859375,33.503575723225815,33.10981960673185,33.48645546615801,82719200
2006-07-03,33.38374710083008,33.38374710083008,33.22110950843116,33.28958729167845,21598500
2006-07-05,32.65615463256836,33.109830160734475,32.604793844993324,33.07558963568445,93724000
2006-07-06,32.621910095214844,32.938626749582774,32.536308793118245,32.758868913213604,70615200
2006-07-07,32.26240158081055,32.67327816755734,32.15968325046306,32.44216274061471,108063300
2006-07-10,31.97990608215332,32.46782193893957,31.81726528632132,32.34798341486644,105109800
2006-07-11,32.2195930480957,32.30519435260826,31.740238804248936,31.911434882562276,136114200
2006-07-12,31.611820220947266,32.21957443784179,31.53478072406247,32.15109669914086,154458900
2006-07-13,31.081127166748047,31.70600207023965,31.081127166748043,31.36360334199612,177745500
2006-07-14,30.764381408691406,31.141020347072377,30.635984442259875,31.072539352692733,172448500
2006-07-17,30.84145164489746,31.029771301850452,30.704492784938047,30.772973847596152,134311000
2006-07-18,30.94416618347168,31.09824527396487,30.422009628506526,31.00408546695725,206964900
2006-07-19,31.34648895263672,31.5262501145935,30.892813328258832,30.918492094813992,192517600
2006-07-20,30.884254455566406,31.50056770295913,30.85001392366769,31.457768670764153,152292100
2006-07-21,30.558958053588867,30.78151485000173,30.49047702985879,30.713037091626596,119343000
2006-07-24,31.166719436645508,31.18383969641857,30.644562942311964,30.678803461858088,130269300
2006-07-25,31.34648895263672,31.449210549571134,31.021213691748404,31.235212120659767,108869600
2006-07-26,31.320804595947266,31.560481748636235,31.01264639085785,31.252323543546815,107170500
2006-07-27,31.115360260009766,31.705997823857995,31.029762222091158,31.44920044474634,99698700
2006-07-28,31.76590919494629,31.79158794685765,31.24375280371507,31.26943155562643,93556100
2006-07-31,31.757354736328125,31.945674334593548,31.57759690090519,31.7402377413547,78015300
2006-08-01,31.226634979248047,31.500552572152,31.038315409618352,31.474873818240777,98552800
2006-08-02,31.577600479125977,31.783040361000054,31.337923338069675,31.337923338069675,87370600
2006-08-03,31.774457931518555,31.962777428643047,31.226622956633516,31.260863458902335,99205600
2006-08-04,31.628948211669922,32.21102382715669,31.3464688988507,32.05694479568344,123493800
2006-08-07,31.423505783081055,31.620383803397495,31.269426764510882,31.59470505542064,69634800
2006-08-08,31.226634979248047,31.586153860781533,31.038315409618352,31.509114333692594,124139900
2006-08-09,31.269420623779297,31.93709732824896,31.18382263709662,31.663179852439725,145342200
2006-08-10,31.49200439453125,31.569043946862713,31.081127870548897,31.183846185205397,102481300
2006-08-11,31.269420623779297,31.406379361683918,31.13246188587468,31.372142126223174,86903200
2006-08-14,31.474864959716797,31.902861486340054,31.41494570721789,31.534784212215705,109281100
2006-08-15,32.270957946777344,32.31375697181444,31.7488013513983,31.84296116569371,133712100
2006-08-16,33.03278732299805,33.04990758381841,32.39079223633601,32.51063079672266,135452100
2006-08-17,33.15261459350586,33.366612882850994,32.90437579418036,32.92149604917054,129492200
2006-08-18,33.2039909362793,33.23823146232376,32.76743239260314,33.06703209745774,97754500
2006-08-21,32.88725662231445,33.00709841119265,32.75029784323709,32.955737644530565,66668400
2006-08-22,32.89581298828125,33.221091259756626,32.69893497972767,32.83589373634557,102058600
2006-08-23,32.6475715637207,33.101246795830846,32.4592520641939,32.92148905465748,96056300
2006-08-24,32.741737365722656,32.827335372955226,32.45925806421677,32.741737365722656,78985300
2006-08-25,32.801666259765625,33.07558388180226,32.579109416369214,32.673265945842864,73572900
2006-08-28,33.049903869628906,33.203982934340665,32.733187243434955,32.77598625799811,80035000
2006-08-29,33.15261459350586,33.178293343313754,32.68181901001751,33.024217579111635,104842000
2006-08-30,33.30671691894531,33.409435255376444,33.0413576790281,33.14407928081627,75687200
2006-08-31,33.2724494934082,33.4094082530753,33.17828973388312,33.349488999805594,61207200
2006-09-01,33.45223617553711,33.563513008181815,33.29815704456777,33.45223617553711,69388500
2006-09-05,33.777488708496094,33.794608963233834,33.25533236773649,33.469330653926185,85582800
2006-09-06,33.101261138916016,33.546378070900104,33.049903627957974,33.46933853910756,97888600
2006-09-07,32.947181701660156,33.298138804317205,32.83590166461618,32.99853920694575,115877400
2006-09-08,33.144065856933594,33.22966389173144,32.921505741890044,32.98998678201289,96627000
2006-09-11,33.3494987487793,33.5121395683595,32.801663549963635,32.8787030788818,142377500
2006-09-12,33.9658317565918,34.068550090765726,33.34095672021853,33.34095672021853,124102400
2006-09-13,34.19694137573242,34.22262013611709,33.92302371377564,33.991501496586785,116054300
2006-09-14,34.231178283691406,34.428056378340216,34.034296923686846,34.11133646205862,98116000
2006-09-15,34.353660583496094,34.65342943419999,34.25944658263618,34.51639177855886,137825600
2006-09-18,34.36222839355469,34.602046771963664,34.20806060287601,34.36222839355469,117806700
2006-09-19,34.13095474243164,34.47355033840243,33.848316152904424,34.44785681223643,159060800
2006-09-20,34.627723693847656,34.72193766151168,34.42216564919575,34.430732337474815,116635500
2006-09-21,34.413604736328125,34.833281010029836,34.3279574507009,34.71337350325792,121886900
2006-09-22,34.14809036254883,34.39647204636999,34.00248933445424,34.38790862534324,100996400
2006-09-25,34.74763488769531,34.824718754234254,33.98536291149609,34.29369837765187,136473400
2006-09-26,34.9189338684082,34.94462740234588,34.60203496998287,34.7048123729683,113375600
2006-09-27,34.876094818115234,35.073086114841395,34.68766693984095,34.833267924155955,113003800
2006-09-28,34.97031784057617,35.02170489910151,34.62772220331461,34.918927514816694,85943600
2006-09-29,34.816158294677734,35.05597333665529,34.79046149215521,35.03027980136767,85438200
2006-10-02,34.37934494018555,34.858978240437025,34.32795787506777,34.77332768651647,97068800
2006-10-03,34.52495574951172,34.67055681774249,34.15666646638837,34.27657399722199,116261400
2006-10-04,35.372867584228516,35.38143427301728,34.3793440549735,34.464994606688705,149209500
2006-10-05,35.544189453125,35.59557981890099,35.27011403679309,35.372891501108384,91799900
2006-10-06,35.46708297729492,35.595557176393484,35.32148193440218,35.42425933334027,85450400
2006-10-09,35.58699417114258,35.74972860914459,35.3900027747714,35.42426300037551,62786100
2006-10-10,35.646934509277344,35.75827856694597,35.38142602891163,35.62980440292573,98181800
2006-10-11,35.578426361083984,35.82680806523267,35.261524214176546,35.48421238590796,136561300
2006-10-12,36.14371109008789,36.186534738106126,35.71546807543575,35.766855146163664,95260200
2006-10-13,36.340694427490234,36.417778283726385,36.092312749925505,36.169396606161655,80470200
2006-10-16,36.37495422363281,36.50342513771468,36.31500047694777,36.34069400631732,62017400
2006-10-17,35.972408294677734,36.14370613048024,35.76685023826784,36.11800933140746,146149100
2006-10-18,35.80111312866211,36.2379228058943,35.67264219265565,36.16083893739655,120366100
2006-10-19,35.88676071166992,36.06662196750986,35.62124890502446,35.70689618859554,108198400
2006-10-20,35.972408294677734,36.04092873589252,35.664072843680124,36.00666851528513,105454300
2006-10-23,36.340694427490234,36.46916861029522,35.81823754269345,35.90388481974065,126960500
2006-10-24,36.09231948852539,36.35783132451866,35.90389152316018,36.21222700567242,103541700
2006-10-25,36.340694427490234,36.417778283726385,36.015228893689354,36.10944285878178,125399500
2006-10-26,36.67472457885742,36.76037185869942,36.160834365336804,36.4691698003429,130260700
2006-10-27,36.15228271484375,36.674739834009365,36.04094185818288,36.589092518541676,129375000
2006-10-30,36.38352584838867,36.529130171194446,36.02380328716537,36.10945058253238,103899900
2006-10-31,36.469173431396484,36.623337897014615,36.23792183211735,36.45204332027566,135811800
2006-11-01,35.972408294677734,36.631902838814966,35.81824056917893,36.59764261820757,148960600
2006-11-02,36.006675720214844,36.09232302163687,35.74973054871364,35.80968431315608,100216400
2006-11-03,35.91246795654297,36.13515293920116,35.63839262377795,36.05806904765877,119263300
2006-11-06,36.43491744995117,36.580518510573256,36.02380453690439,36.03236795984422,101283300
2006-11-07,36.68330001831055,36.90598495936381,36.374964509748274,36.43491827338704,139706500
2006-11-08,36.854591369628906,37.000195687939694,36.374961302804635,36.47773870751915,180245700
2006-11-09,36.68330001831055,37.12866990041708,36.546259110296134,37.051586023276506,124278000
2006-11-10,36.854591369628906,36.863158059242075,36.54625588825057,36.69186020656136,82419400
2006-11-13,37.23143005371094,37.29138378429395,36.82888077645366,36.871704402979624,89146200
2006-11-14,37.62543487548828,37.65969510384427,37.0344606389059,37.25714558874941,121962800
2006-11-15,37.77959442138672,38.02797612210886,37.61686000569694,37.67681702590099,116565900
2006-11-16,37.94233703613281,38.0451144626782,37.70252195178175,37.90807680487252,113513200
2006-11-17,37.94233703613281,37.94233703613281,37.64256818069398,37.73678218304204,95162500
2006-11-20,38.0194091796875,38.0964930425963,37.69394361771319,37.82241781163934,107184100
2006-11-21,38.0708122253418,38.122199306286596,37.89951433197615,38.04511541763384,68092200
2006-11-22,38.31060791015625,38.32773801753942,37.90805855473651,38.18213700563334,69852700
2006-11-24,38.242095947265625,38.42195719839205,38.01084436700265,38.02797447671483,51762900
2006-11-27,37.377037048339844,38.20782925893175,37.377037048339844,38.122178724872185,159506300
2006-11-28,37.48838806152344,37.54834181286714,37.1200988648496,37.26569989890305,118268400
2006-11-29,37.74535369873047,37.83956772127523,37.394194421123004,37.68539991479038,139515500
2006-11-30,37.719642639160156,37.92519744087127,37.50552114815752,37.72820606121701,123457100
2006-12-01,37.39417266845703,37.985146738047725,37.051577016174896,37.685377992726565,144559600
2006-12-04,37.90805435180664,38.096482244896286,37.50550830825177,37.50550830825177,89782400
2006-12-05,38.04511260986328,38.15645672241897,37.84812119056341,38.019419071287096,84697500
2006-12-06,37.90805435180664,38.02796509019413,37.74532325055966,37.92518445729056,78207500
2006-12-07,37.42844772338867,38.09650591619261,37.42844772338867,37.97659837053401,124936100
2006-12-08,37.5997314453125,37.90806361768829,37.23144225547088,37.30852611537342,133798700
2006-12-11,37.73676300048828,38.002271489702125,37.471251244040616,37.53977167173053,72931300
2006-12-12,37.51409912109375,37.79674116712039,37.3085442396525,37.728220695149346,110985900
2006-12-13,37.58259582519531,37.7795871566775,37.35990769935711,37.771020469480874,79035500
2006-12-14,38.00227355957031,38.17357137089134,37.63398440876202,37.659681204162275,109104200
2006-12-15,38.10002899169922,38.383011974009854,38.03142507403916,38.314411327564635,99942300
2006-12-18,37.72273254394531,38.37445366972736,37.55979980908768,38.2286751924507,121588700
2006-12-19,37.60268020629883,37.782763949392745,37.19964342703284,37.43117686425368,136535200
2006-12-20,37.46546936035156,37.825633515628695,37.448318374746364,37.645553073598144,67213400
2006-12-21,37.19964599609375,37.55123310551393,37.053864219827595,37.508357267041575,102952300
2006-12-22,36.813743591308594,37.22535737994635,36.813743591308594,37.216783523839894,92858600
2006-12-26,36.96809387207031,36.976667726947824,36.77086249773616,36.813738314553994,50848600
2006-12-27,37.156761169433594,37.21678798301782,36.95952647198144,37.05385525653264,54129200
2006-12-28,36.976688385009766,37.19964799096935,36.9166615536861,37.04529234721794,69016000
2006-12-29,37.01097106933594,37.396859977519746,36.97666910611621,37.03669590614311,75152500
2007-01-03,37.07958221435547,37.78275624117616,36.4621598410628,37.26823650636031,167689500
2007-01-04,37.78274917602539,37.911376632264854,37.00239749846426,37.13102495470373,136853500
2007-01-05,37.60268020629883,37.68843514853797,37.28539509805542,37.68843514853797,138958800
2007-01-08,37.6284065246582,37.8342118337545,37.4225979443455,37.63698038286371,106401600
2007-01-09,37.81704330444336,37.97997597571832,37.414006731407426,37.739865531527556,121577500
2007-01-10,38.26296615600586,38.29726812179857,37.57694319622931,37.696996805288265,121070100
2007-01-11,38.657447814941406,38.79465246224626,38.28870971195644,38.34015941018525,174029800
2007-01-12,38.85465621948242,38.888954907529794,38.56309610818299,38.60597192165337,104217300
2007-01-16,38.82893753051758,38.931843433259225,38.700310058914035,38.8889643381757,95690500
2007-01-17,38.511661529541016,38.83752375545597,38.44306084952633,38.666017148594605,127142600
2007-01-18,37.79991149902344,38.45163264466827,37.68843171986262,38.40875681305758,189029800
2007-01-19,37.87708282470703,37.97141160898993,37.65412655648781,37.705579512791935,127544300
2007-01-22,37.46546936035156,37.92853615804387,37.311113761120794,37.91138517243867,123441700
2007-01-23,37.37113952636719,37.7141493851723,37.302535591876776,37.43974018964195,133103600
2007-01-24,37.98857498168945,38.00572597271673,37.534085168726214,37.61126299274045,117615300
2007-01-25,37.49976348876953,38.13433673858161,37.371136030456036,38.040007973089175,158337600
2007-01-26,37.36256790161133,37.585527450326424,37.1224606379638,37.56837646417787,146284300
2007-01-29,37.39686965942383,37.65412790774444,37.21678921272101,37.268238899655465,104191500
2007-01-30,37.414024353027344,37.551228983809075,37.31969555601182,37.456900186793554,69605900
2007-01-31,37.79133605957031,37.894238714279865,37.15676587244224,37.37114831129672,157772500
2007-02-01,37.7313117980957,38.07432503201959,37.602681017570085,37.96284524031183,147365600
2007-02-02,37.86851501464844,37.94569282582081,37.67985741595677,37.8342130383015,98189200
2007-02-05,37.83420944213867,38.04001800944159,37.69700482100879,37.85136042868193,96347800
2007-02-06,37.78274917602539,37.928527614006505,37.42258510188125,37.902802777001675,121110200
2007-02-07,38.125770568847656,38.28870330923778,37.834210333178056,37.97141495753927,117823800
2007-02-08,38.1171989440918,38.24582644690696,37.92854134783646,38.07432310982008,89521900
2007-02-09,37.6284065246582,38.34873164892807,37.49977575306071,38.22010087733058,133472000
2007-02-12,37.48261642456055,37.63697200764278,37.379713792910955,37.6198210238319,126940000
2007-02-13,37.61125564575195,37.73130928827456,37.47405101555234,37.542651695043936,93648000
2007-02-14,38.24582290649414,38.3401516958898,37.76560837315793,37.76560837315793,133370000
2007-02-15,38.468780517578125,38.468780517578125,38.20294514916469,38.27154909116145,110452500
2007-02-16,38.34013748168945,38.44304336172409,38.220083892864,38.2972616672825,72342200
2007-02-20,38.631717681884766,38.69174450750217,38.100050110180604,38.28013058703282,93629000
2007-02-21,38.75176239013672,38.76891337510032,38.44305447443963,38.520228999951975,95864000
2007-02-22,38.94898223876953,39.06046197230469,38.648848269115184,38.89753257038017,116344400
2007-02-23,38.811790466308594,38.98329705031602,38.64028715351718,38.948995079271334,113467100
2007-02-26,38.623130798339844,39.01759359686477,38.383020305624875,39.000442613726875,101623700
2007-02-27,37.03668975830078,38.14290335439857,36.92521330316389,38.04857460680988,317813200
2007-02-28,37.156761169433594,37.52549590807268,36.81374800219575,37.00240557129817,214978700
2007-03-01,36.98524475097656,37.3368316818568,36.222044091593744,36.48787611785982,231806500
2007-03-02,36.42784881591797,36.99381809367544,36.41927496118282,36.68510698376863,183359400
2007-03-05,36.14488983154297,36.70228235374705,36.06771200278028,36.14488983154297,171885400
2007-03-06,36.74513626098633,36.865193133888305,36.44500225676964,36.4707270939267,155551800
2007-03-07,36.599365234375,36.85662347169233,36.57364039200806,36.75372083100859,119979300
2007-03-08,36.848052978515625,37.07958639460279,36.73657319938856,36.98525760235807,120900700
2007-03-09,36.813743591308594,37.16533057355432,36.57363636574047,37.15675671744786,128597600
2007-03-12,37.05386734008789,37.11389417324733,36.72800832328437,36.762307034220434,81310100
2007-03-13,36.333518981933594,37.079571899189744,36.32494512745231,36.87376340827408,171231800
2007-03-14,36.865196228027344,36.87377008406087,36.10199219241988,36.3849785097601,192586700
2007-03-15,36.779441833496094,36.92522355785933,36.63366338034848,36.788018960866914,111627400
2007-03-16,36.75114440917969,36.931338346823985,36.562367937393645,36.845529371795,108328800
2007-03-19,37.128700256347656,37.2316677702348,36.85411803712979,36.9485062887256,95913200
2007-03-20,37.39468765258789,37.40326691130921,37.07719943419192,37.1201022743523,78755700
2007-03-21,38.1154670715332,38.1326288639855,37.19733245163726,37.44617353227973,173333500
2007-03-22,37.9781608581543,38.141196184788235,37.832290590403844,38.13261365534649,114856300
2007-03-23,37.85804748535156,38.072564985362156,37.8151446400049,37.97817676163313,68530300
2007-03-26,38.01250076293945,38.02966255592126,37.43759542779679,37.8752096923623,114237300
2007-03-27,37.74650192260742,37.96101942932693,37.71217833594572,37.95243689602282,76419200
2007-03-28,37.34319305419922,37.7808071529586,37.33461052432146,37.58345151835919,142795000
2007-03-29,37.38609313964844,37.62635158617361,36.98279937017332,37.60061054498187,124407000
2007-03-30,37.35178756713867,37.643531509899766,37.08578795125005,37.37753189401114,120418700
2007-04-02,37.403255462646484,37.54912572919812,37.1544144832957,37.4718993312367,89617700
2007-04-03,37.89237976074219,38.02109159957675,37.57489470443578,37.60063576289148,105814500
2007-04-04,38.04681396484375,38.08113754143948,37.86662009763077,37.91810218924795,85147200
2007-04-05,38.235595703125,38.252757493819814,37.95243106657584,38.00391643866029,54220200
2007-04-09,38.14120864868164,38.39862897036388,38.08114401606502,38.36430538793238,63050200
2007-04-10,38.338565826416016,38.338565826416016,38.10688654592291,38.13262759710755,76364500
2007-04-11,37.93527603149414,38.321408207698745,37.815146748514366,38.304246413947716,114012300
2007-04-12,38.235595703125,38.28707780193257,37.71217254340217,37.87520464508761,113801300
2007-04-13,38.31282043457031,38.372885062714175,38.00391476224372,38.24417327481918,94572000
2007-04-16,38.66462326049805,38.7418496672256,38.467267615144564,38.467267615144564,72803200
2007-04-17,38.75043487548828,38.7847584555888,38.578820248262424,38.74185561710153,81852300
2007-04-18,38.62172317504883,38.810499592756535,38.46727361079688,38.553079287967606,82002500
2007-04-19,38.74186325073242,38.827668944613976,38.372892875142405,38.45011930894677,95413000
2007-04-20,38.956363677978516,39.188039604534,38.784749092183816,39.059331120144954,122377400
2007-04-23,39.01643371582031,39.12798042980877,38.904883728555426,39.007851185035705,85303300
2007-04-24,39.21377944946289,39.32532940850358,38.89629462956695,39.15371484227381,108143700
2007-04-25,39.73720169067383,39.745780945857405,39.21377874603634,39.342487213443164,106818100
2007-04-26,39.94315719604492,40.02896615861641,39.75438402494209,39.831607181340594,99308300
2007-04-27,39.960323333740234,40.07187336057422,39.72006475896942,39.78870866321355,96536500
2007-04-30,39.43688201904297,39.92598147864822,39.40255844598531,39.89166117886665,93290500
2007-05-01,39.402557373046875,39.59133374644747,39.17946070079927,39.44546347483865,135044400
2007-05-02,39.83159637451172,39.968890677376386,39.51411148232803,39.548435058044205,91971600
2007-05-03,39.97749328613281,40.089043335730274,39.84020217635065,39.9088460946026,98003600
2007-05-04,40.011802673339844,40.23489942003281,39.831605496201846,40.131931942580444,93591800
2007-05-07,40.011802673339844,40.14051120183602,39.960317297975116,40.03754372438366,47487900
2007-05-08,40.09759521484375,40.13191878716883,39.728624995539256,39.87449854128281,95138900
2007-05-09,40.18341827392578,40.30354754602431,39.86593002820576,39.89167435313914,116021000
2007-05-10,39.634254455566406,40.14051591630977,39.53128696602059,40.04612768702715,171196300
2007-05-11,40.1404914855957,40.1404914855957,39.625651077936546,39.67713642801265,104767900
2007-05-14,39.86592483520508,40.22631587783271,39.63424558064661,40.13192766968555,118899200
2007-05-15,39.55703353881836,40.07187760492997,39.46264856964527,39.83161573143338,179438500
2007-05-16,39.94315719604492,39.95173972894069,39.39399292869628,39.64283401023776,144420500
2007-05-17,39.7543830871582,39.96031804591744,39.72005950293928,39.89167415075675,109869100
2007-05-18,40.0804443359375,40.0804443359375,39.79728297038782,39.88308865127514,104961700
2007-05-21,40.33784484863281,40.53520370968179,40.04610109425536,40.10616896931938,112831400
2007-05-22,40.372188568115234,40.569544254413124,40.21773572261655,40.36360930926617,98029100
2007-05-23,40.18341827392578,40.64677357012338,40.157673948992404,40.49232071363179,119220600
2007-05-24,39.608497619628906,40.363599879744434,39.44546555336781,40.209147070328164,206268600
2007-05-25,39.857330322265625,39.9517184942876,39.625651156377735,39.69429501667295,87143200
2007-05-29,40.1662712097168,40.20917406930096,39.82304178648674,39.90026824304959,99702400
2007-05-30,40.4923095703125,40.50089210068747,39.77153086279952,39.88308084474027,132036500
2007-05-31,40.68107604980469,40.77546422127989,40.509461490147544,40.603849661622746,109457700
2007-06-01,40.70684051513672,40.99000519252529,40.64677587568048,40.82697306732655,125089800
2007-06-04,40.82695388793945,40.87843596998715,40.53521008765784,40.56095112868169,64782700
2007-06-05,40.82695388793945,40.82695388793945,40.3292719396396,40.715403921376414,151160400
2007-06-06,40.389347076416016,40.6553499049946,40.294958870363075,40.64676737356615,183166500
2007-06-07,39.762969970703125,40.5094900675777,39.74580817530307,40.25206968313245,221373300
2007-06-08,40.25204086303711,40.26920264614949,39.60848872606256,39.74577971768611,177587800
2007-06-11,40.174827575683594,40.49231248359787,40.12334220955837,40.226312941808814,97100400
2007-06-12,39.9345703125,40.363605223618535,39.857343897567596,39.960311359718595,153967700
2007-06-13,40.372188568115234,40.406512150065375,39.934574354720255,40.10618899119401,147985300
2007-06-14,40.63818359375,40.74973357697141,40.40650437010999,40.41508362730719,101531900
2007-06-15,41.013450622558594,41.10791261501371,40.918991905938974,41.013450622558594,100378400
2007-06-18,41.02203369140625,41.10790643026276,40.93615767671474,41.090731227324454,75713200
2007-06-19,41.013450622558594,41.09932665017029,40.79876546728259,40.90181670041663,109621300
2007-06-20,40.62702941894531,41.150858568028795,40.566917823544976,41.07357503894516,161889500
2007-06-21,40.996299743652344,41.03923614158742,40.429530773732594,40.609865610562245,143181300
2007-06-22,40.60985565185547,40.970525237068195,40.48104321380156,40.91041363953274,153328700
2007-06-25,40.43809127807617,40.85887557487048,40.20623094423054,40.618426001344396,136602600
2007-06-26,40.20624542236328,40.63561583761776,40.13754785935743,40.627029870680644,128211900
2007-06-27,40.82453918457031,40.84171439399307,40.10319676799563,40.16330836305716,141196200
2007-06-28,40.807350158691406,41.0907328286293,40.76441378758992,40.807350158691406,116546300
2007-06-29,40.87606430053711,41.116513972875744,40.54115588374154,41.030637919956064,124794700
2007-07-02,41.24530029296875,41.26247549403944,40.94474246381828,40.97050362750699,80863100
2007-07-03,41.48576736450195,41.4943533307485,41.25390696581263,41.29684334871746,34803300
2007-07-05,41.786319732666016,41.880781727926035,41.46858661065689,41.51152298781992,73588500
2007-07-06,41.958065032958984,42.001001406556576,41.648917901719784,41.82925263633087,65804300
2007-07-09,41.98382568359375,42.06111246544933,41.83784135999727,41.99241492370842,66768800
2007-07-10,41.631752014160156,41.99242483993503,41.58881563095354,41.751975197473094,104383100
2007-07-11,41.91513442993164,41.91513442993164,41.49435004873991,41.53728642824867,99637600
2007-07-12,42.5592041015625,42.65366285755624,42.009607123260515,42.05254679288306,107667100
2007-07-13,42.851173400878906,42.91128500346805,42.56778732367011,42.61931295839079,74232200
2007-07-16,42.808231353759766,43.00574463795507,42.73094454389444,42.8425817749969,77799500
2007-07-17,43.1345329284668,43.194644498621976,42.86832220646893,42.902672611081854,124833700
2007-07-18,43.08301544189453,43.08301544189453,42.62788396041151,42.89409473258515,144915900
2007-07-19,43.21183395385742,43.50380593770116,43.20324798778965,43.28912075181123,116563800
2007-07-20,42.97996520996094,43.246175968046664,42.713757727710544,43.18606438974268,163721300
2007-07-23,42.99714660644531,43.20324581590659,42.86833419105254,43.125959021838085,107464100
2007-07-24,42.36167907714844,43.022906514272236,42.12122946054044,42.67941220971692,175496200
2007-07-25,42.421783447265625,42.65364050738437,42.12981153634241,42.576357004568216,170258700
2007-07-26,42.06111145019531,42.48189575810455,41.262482482243136,42.129812266113234,318522000
2007-07-27,41.21096420288086,42.18133875447953,41.21096420288086,41.98382880302576,246387600
2007-07-30,41.691871643066406,41.84644527307736,41.17662839358769,41.40848883860412,166517200
2007-07-31,40.815948486328125,42.069712522786844,40.730075718113035,42.0525373139766,260224500
2007-08-01,41.13370132446289,41.15946251002422,40.343657783595326,40.6957415148957,301153900
2007-08-02,41.51153564453125,41.5888224573234,41.03922880006217,41.159452003108484,177369900
2007-08-03,40.72148132324219,41.48576327732973,40.48962422323144,41.43423765741861,166048400
2007-08-06,41.193790435791016,41.23672681354813,40.38657212028034,40.764420106548535,190869100
2007-08-07,41.48576736450195,41.75197490401351,40.77301096010486,41.11650857501556,167109700
2007-08-08,41.940895080566406,42.12981907905696,41.56305035942103,41.65750908283057,164831200
2007-08-09,40.970523834228516,42.05253910449101,40.95334862468699,41.38271903571643,242418200
2007-08-10,40.60125732421875,41.07356730751137,40.043077861164385,40.532559774907966,247006400
2007-08-13,40.87606430053711,41.116513972875744,40.77301631286996,40.94476514287285,116935100
2007-08-14,40.180484771728516,40.9962892265592,40.12895914192237,40.961938806688444,153529800
2007-08-15,39.41619873046875,40.43809896576396,39.33891193782721,40.08601541613824,214854100
2007-08-16,39.029754638671875,39.424774464845804,38.11948856998704,39.098452172172394,362468700
2007-08-17,39.768272399902344,40.00871868356712,39.14997821238159,39.768272399902344,223246600
2007-08-20,39.95719528198242,40.12035807705004,39.570764669282525,39.922848150873286,144715100
2007-08-21,40.377994537353516,40.472456553530456,39.83698689296325,39.914273699304715,115027200
2007-08-22,40.927589416503906,40.96193983723888,40.59268100392897,40.68714302303194,115814100
2007-08-23,40.815948486328125,41.09074527561976,40.558326905846734,41.03922292502516,118663400
2007-08-24,41.39131164550781,41.4170728239976,40.6356187433877,40.6871443762038,88189200
2007-08-27,41.11650466918945,41.391301424679526,41.082154255794265,41.27107825363208,72490400
2007-08-28,40.13753128051758,40.961921351090496,40.11176683867565,40.87604533800898,106024800
2007-08-29,41.288265228271484,41.322612375620544,40.403759848340954,40.403759848340954,113201000
2007-08-30,41.5029411315918,41.85502470052253,41.004869934851,41.07357076578184,138930000
2007-08-31,41.96665573120117,42.12981855544632,41.743384597807406,41.958069765847284,94687200
2007-09-04,42.66222381591797,42.9370204849549,42.000993307349496,42.01816850864364,98480900
2007-09-05,42.23286437988281,42.636473523623415,41.96665360569542,42.55918673601001,114049300
2007-09-06,42.19853210449219,42.38745617226139,41.91514927867533,42.27581892532169,99222600
2007-09-07,41.41706085205078,41.73479397298198,41.176614520085074,41.67468238999056,152438000
2007-09-10,41.39131164550781,41.86361848089419,41.056403221794504,41.75198124771091,125199400
2007-09-11,42.018192291259766,42.069717924306104,41.58882184338328,41.65751941160851,103064500
2007-09-12,42.026756286621094,42.39601494080775,41.889357946168026,41.94088355227599,93993400
2007-09-13,42.23286437988281,42.37884871435506,42.026765187635235,42.327326373169804,80807500
2007-09-14,42.26721954345703,42.34450633976002,41.84643514673282,41.90654673543115,99801200
2007-09-17,41.91513442993164,42.16416674141677,41.72621042909016,42.07829398239925,84882300
2007-09-18,42.97137451171875,43.00572491720413,41.932299314548295,42.15557039853332,151452100
2007-09-19,43.08301544189453,43.443688206640616,42.91985590298291,43.18606667515655,127025800
2007-09-20,42.96280288696289,43.160312885729475,42.86834087106663,42.988567339557704,109970600
2007-09-21,43.26866912841797,43.406138953167115,42.967951633471046,43.19993257727382,86829500
2007-09-24,43.466278076171875,43.78417640415532,43.242890859152425,43.3803606721349,107226800
2007-09-25,43.878684997558594,43.878684997558594,43.268662942295336,43.32021207074431,101102200
2007-09-26,44.093505859375,44.25675031786845,43.92166768975319,44.12787414880746,96124600
2007-09-27,44.31687545776367,44.37701829699363,44.12785323301868,44.351240453367275,73423200
2007-09-28,44.17082214355469,44.402803124569175,43.97320944362523,44.28251741831122,75546000
2007-10-01,44.67774963378906,44.815219501560655,44.14505430586667,44.205197168170486,100404100
2007-10-02,44.68632125854492,44.729283237142646,44.43715948138766,44.712099101211315,71046000
2007-10-03,44.37702941894531,44.73788654476458,44.24815000113001,44.54027384097692,106785000
2007-10-04,44.480140686035156,44.53169311991078,44.11068977044436,44.46295654140995,84129300
2007-10-05,45.38227081298828,45.451007367010156,44.72928993747691,44.823797782948056,115674700
2007-10-08,45.66580581665039,45.67439624744098,45.28776131107636,45.365088298349285,63022400
2007-10-09,45.8634147644043,45.92355760765768,45.56269727059826,45.76890364570923,93965600
2007-10-10,45.97511672973633,46.02666915409679,45.71736116301376,45.87201515855527,91777500
2007-10-11,45.24481964111328,46.3445787386815,44.91832742994497,46.215702563051835,239786700
2007-10-12,45.99230194091797,46.00089565061452,45.365095512207,45.45101622147284,131676000
2007-10-15,45.6400260925293,46.14694670435455,45.27916901845333,46.06102928982387,121578700
2007-10-16,45.42523193359375,45.777498597820994,45.261987525428744,45.356498653459866,193676600
2007-10-17,46.00947189331055,46.1039830055855,45.26197997969611,46.06961473247844,183985200
2007-10-18,46.207088470458984,46.30159959075815,45.64002502620319,45.820456836564865,144491200
2007-10-19,45.05577087402344,46.19849130368247,45.0128121740259,46.19849130368247,245111500
2007-10-22,45.59707260131836,45.640031313497936,44.69492653538861,44.81521224050729,207052100
2007-10-23,46.55076599121094,46.57654056018851,45.82904856198522,46.061029515401266,162360600
2007-10-24,46.19850540161133,46.344565681682425,45.19325447170542,46.17273082925519,298293400
2007-10-25,45.57988739013672,46.37893187255571,45.322131845575015,46.30160488143324,233833100
2007-10-26,46.33595657348633,46.567937463806444,45.91495348863758,46.46483593839919,146690300
2007-10-29,46.52498245239258,46.679636391519914,46.25863327333135,46.55934744522414,101896600
2007-10-30,46.61949920654297,46.87725800613794,46.31019454659971,46.34455954601166,114616600
2007-10-31,47.28108596801758,47.315454253821706,46.43049219837623,46.799943076920286,148431900
2007-11-01,46.3961296081543,47.057704442168024,46.37035502940718,46.98037742838615,181974200
2007-11-02,46.7569694519043,46.86866471421777,46.052436155845754,46.7569694519043,217882900
2007-11-05,46.45626449584961,46.739797923519646,46.04385491904408,46.27583592053593,150588900
2007-11-06,46.9803466796875,46.98893710780058,46.20707704797471,46.67963253265385,131884700
2007-11-07,45.83763122558594,46.894434260148415,45.80326623195185,46.585126374670494,197908200
2007-11-08,44.44575881958008,45.82046047179128,43.64671436507105,45.65721278649063,380626400
2007-11-09,42.95936965942383,43.92165862208378,42.95936965942383,43.586576063146644,309414900
2007-11-12,41.86819839477539,43.16557310460758,41.79946511237225,42.89063014237634,283216000
2007-11-13,43.59516143798828,43.638120143926905,42.40088843664369,42.435256712410265,255625900
2007-11-14,43.03669738769531,44.19659907720646,42.87345296012808,44.15364036232453,263284100
2007-11-15,42.804710388183594,43.4233262838103,42.418075453416904,42.95936436209027,251548800
2007-11-16,43.19993591308594,43.38036773500234,42.39230104001316,43.09683435594757,263623700
2007-11-19,42.70161437988281,43.346004929043396,42.452449247597826,43.09683979675842,198651100
2007-11-20,42.873451232910156,43.6295337614837,42.04003843210872,42.92500037767579,300763600
2007-11-21,42.36651611328125,43.10541424927265,41.9712875653787,42.48680178012779,212225400
2007-11-23,42.82189178466797,42.93358704256681,42.418072736714656,42.641463252512345,46463300
2007-11-26,42.08300018310547,43.27727019363599,42.01426689260973,42.9335971860774,150352100
2007-11-27,42.924991607666016,43.0023185865555,42.186090093286246,42.44384887461058,211369300
2007-11-28,44.23094940185547,44.419971603638565,43.4748638722616,43.50064171275654,216868100
2007-11-29,44.41999435424805,44.58323879914519,43.99040060474379,44.05913390034357,172087300
2007-11-30,44.084896087646484,44.89253086979184,43.77558817351536,44.85816259543527,171417400
2007-12-03,43.71543884277344,44.27390846923951,43.663886438891325,43.89586734005301,108625700
2007-12-04,43.535003662109375,43.76698454512265,43.285841923351384,43.380353017638825,113374100
2007-12-05,44.31687545776367,44.67773249314345,43.95601514484496,43.990383417987495,137614200
2007-12-06,44.95268630981445,44.99564502603048,44.342664017942916,44.35984815993732,99724500
2007-12-07,44.961265563964844,45.14169408058609,44.74646877440462,44.92689729102587,88992300
2007-12-10,45.14170455932617,45.27058069645497,44.952682291823,45.07296799749242,75657900
2007-12-11,44.093505859375,45.39947135994406,43.998994702205984,45.210449045606026,167064300
2007-12-12,44.48871612548828,45.047189166193,43.72403997385889,44.89253519422983,162975200
2007-12-13,44.24814224243164,44.359837499783694,43.80136449056258,44.10208198688901,153476200
2007-12-14,43.79277801513672,44.334063657834974,43.749816027825254,43.895879574097414,128396700
2007-12-17,42.72739028930664,43.80996828117562,42.71020614748682,43.629536430837504,134377000
2007-12-18,42.864845275878906,43.191337302110675,42.25482320183072,43.16556273709249,154251700
2007-12-19,42.85626220703125,43.13120187290714,42.62428124940984,42.86485263766641,137970900
2007-12-20,43.73263168334961,43.78418081995517,43.13119996181753,43.49205702821325,167341700
2007-12-21,44.59529113769531,44.63829790175579,44.27706142557154,44.449078638947114,107573500
2007-12-24,44.93073272705078,45.06834586161172,44.681307895360355,44.73291077022325,34499800
2007-12-26,45.15435028076172,45.26616197155312,44.72430884951637,44.83612054030777,58492100
2007-12-27,44.61248779296875,45.15434080125118,44.47487469509838,45.00812832018175,65778900
2007-12-28,44.569480895996094,44.86190911665691,44.23404920072878,44.75870012141039,67545400
2007-12-31,44.053436279296875,44.44907352789889,44.04483361509179,44.35446390737339,70135600
2008-01-02,43.356773376464844,44.26846231635044,43.1159512448162,44.096445101906205,152344100
2008-01-03,43.537384033203125,43.6577950825937,43.133147407528334,43.35676745911726,114103700
2008-01-04,41.62799835205078,42.857916708881014,41.46458056138158,42.84071466349717,212617600
2008-01-07,41.430171966552734,41.80000769971222,40.79371276131618,41.62799382648352,235083600
2008-01-08,40.355098724365234,41.93765180851427,40.355098724365234,41.516212913824894,261669800
2008-01-09,41.215171813964844,41.24957591807944,39.95945154238587,40.51850675090213,254011800
2008-01-10,41.27538299560547,41.63661626658594,40.67332426301521,40.793735353342036,249958500
2008-01-11,40.466880798339844,41.08614124563657,40.16585323698968,41.051737158352445,211685200
2008-01-14,41.17217254638672,41.29258364217964,40.69052816321503,41.017357342951165,168048500
2008-01-15,40.0368537902832,40.87113515840766,39.86483657363464,40.742121425682356,241094900
2008-01-16,39.60681915283203,40.34649101406644,39.09937008158676,39.72723024076208,265625900
2008-01-17,39.05635070800781,40.06264905541495,38.87573414956067,39.77022084037708,254098800
2008-01-18,39.0047607421875,39.68422706485644,38.686530967135454,39.25418558685677,273063300
2008-01-22,37.99846267700195,38.50591171780493,36.75134181933812,36.837352077668385,325732000
2008-01-23,37.852230072021484,37.972644380220196,35.78803400293135,36.58791100500203,390129000
2008-01-24,38.626319885253906,38.64352193562255,37.895250789842386,38.00705919580514,250249100
2008-01-25,37.83504867553711,39.45200218494702,37.79204190524848,39.45200218494702,199299100
2008-01-28,38.12746047973633,38.22206680290297,37.47379591360173,37.8608337118453,163711200
2008-01-29,38.1962776184082,38.42850037178071,37.878047896063165,38.32529135282255,138520000
2008-01-30,38.161861419677734,38.97894048969392,37.9984469180563,38.058652433440756,220824400
2008-01-31,38.81554412841797,39.21118149468861,37.68883429217136,37.73183778312146,246824100
2008-02-01,39.2111930847168,39.46061799929078,38.60053480224146,39.133785465744076,161920300
2008-02-04,38.66072463989258,39.228379187836616,38.652121974084935,39.20257775232506,100209900
2008-02-05,37.55979919433594,38.35967613909646,37.53399777061921,37.989840421370445,188990400
2008-02-06,36.82015609741211,37.989866274978546,36.785751988406986,37.77484551513115,178285000
2008-02-07,37.07816696166992,37.663023479701145,36.252488329492394,36.407303483145085,286254800
2008-02-08,37.499603271484375,37.64581903215111,36.93194883792093,37.15557217048063,173781300
2008-02-11,37.903846740722656,38.03286046632194,37.448003930594425,37.64582257047942,119562300
2008-02-12,37.68882751464844,38.428499237418,37.4222006691752,38.13607095820574,145412400
2008-02-13,38.51449966430664,38.600509897091754,37.981249344858526,38.179067958831936,148685900
2008-02-14,37.8178596496582,38.574730509288194,37.74905141826072,38.574730509288194,170868900
2008-02-15,37.68882751464844,37.82644062951565,37.37059780169716,37.61141993247591,100053300
2008-02-19,37.620018005371094,38.273679400958244,37.2157780943767,38.18767244502351,110507600
2008-02-20,37.79204559326172,37.92105935480582,37.18999012193923,37.20718889458595,137338800
2008-02-21,37.43079376220703,38.24787285819731,37.27597863745289,38.15326325074149,127857000
2008-02-22,37.56841278076172,37.57701216418319,36.6395218853962,37.55981011638511,157364700
2008-02-25,37.75762176513672,37.90383421025518,37.27597440054119,37.525399104400705,121444300
2008-02-26,37.903846740722656,38.25648053894466,37.301788156184884,37.542613558573194,148375900
2008-02-27,38.09306716918945,38.2392796671441,37.55981348252377,37.64582372922248,125682600
2008-02-28,37.946861267089844,38.29949516794952,37.800648731078994,37.946861267089844,129196700
2008-02-29,36.94057083129883,37.64583873048907,36.8545605503264,37.542629674278885,188724500
2008-03-03,36.69971466064453,36.97494404882834,36.32988224482959,36.91473526197745,132963800
2008-03-04,36.90614700317383,37.017958668228395,36.140673956706756,36.4675062878905,183851000
2008-03-05,37.0867805480957,37.44801713860961,36.76855073525372,36.974972112826876,183208300
2008-03-06,36.26968002319336,37.2157728088839,36.20947450639859,37.06095768542462,152752200
2008-03-07,36.183692932128906,36.6739399984122,35.590236820563966,36.054679164809556,242552400
2008-03-10,35.48701477050781,36.243888550746675,35.40960718751798,36.13207686843791,146801900
2008-03-11,36.83735656738281,36.854555340189165,35.7020439857433,36.00307500515488,196755300
2008-03-12,36.734153747558594,37.36201410801235,36.63954406786772,36.98357867020597,155566100
2008-03-13,37.01797866821289,37.26740356311062,35.96007681301127,36.321310152416174,208967900
2008-03-14,36.338497161865234,37.310391614092694,35.89985639122404,37.26738813163068,309589800
2008-03-17,35.67624282836914,36.1320857733451,35.306406871931785,35.512828237763266,193130600
2008-03-18,37.267391204833984,37.27599058965336,36.21808908526351,36.32990077364946,216300400
2008-03-19,36.34708023071289,37.49959076052193,36.321278809008355,37.42218321445439,216157200
2008-03-20,37.08991241455078,37.09851851500671,36.23776399462587,36.452952624721085,128397000
2008-03-24,38.372459411621094,38.527392290522634,37.25347528668527,37.25347528668527,125018000
2008-03-25,38.587650299072266,38.794229671398945,38.114232396823795,38.47575122367536,118107500
2008-03-26,38.47574234008789,38.604853597101844,38.114223596706665,38.44991746186977,124824600
2008-03-27,37.62360763549805,38.31221111374786,37.62360763549805,38.25195851462102,143868600
2008-03-28,37.434234619140625,38.165875021029024,37.296513957013886,37.89043369677554,111822300
2008-03-31,37.632198333740234,37.89042409938104,37.39979415960788,37.57194576454134,113644800
2008-04-01,39.24182891845703,39.259044416136916,38.22613753998691,38.23474364706663,137494400
2008-04-02,39.155738830566406,39.61193784171067,38.88029426293916,39.33649655760254,132486800
2008-04-03,39.24182891845703,39.51727031429431,38.85448842946072,38.98360302029964,140033800
2008-04-04,39.474212646484375,39.89598062758631,39.078266256689446,39.39674458904461,139261000
2008-04-07,39.38814926147461,39.947641351959604,39.29346896504906,39.71523709668983,102297100
2008-04-08,39.08687210083008,39.35370724880681,38.88889890724168,39.08687210083008,97435200
2008-04-09,38.64791488647461,39.15576065273992,38.41551055782564,39.138545152448785,127182300
2008-04-10,39.19879150390625,39.45701740000757,38.67373032117198,38.67373032117198,112773800
2008-04-11,38.11420822143555,38.82002664897933,37.976487632732315,38.751167996386634,120135400
2008-04-14,37.94209289550781,38.28639302448267,37.83019379391865,38.05398871357628,89274600
2008-04-15,37.99372100830078,38.17447875043441,37.59777453976444,38.0797984689735,124232300
2008-04-16,39.05246353149414,39.14714713134712,38.432722003992055,38.46714971742174,134027900
2008-04-17,38.96639633178711,39.13854806398401,38.71677648427766,39.0955076682939,124953100
2008-04-18,40.20587921142578,40.39524642785325,39.784110953863916,39.9992997785239,133022500
2008-04-21,40.489898681640625,40.524329654968696,40.016484290693825,40.12838002873255,83303200
2008-04-22,39.88738250732422,40.25750737988218,39.53447312692237,40.240291887726066,104689600
2008-04-23,40.32638168334961,40.507142779237675,39.827145351546214,40.18005486862952,131086200
2008-04-24,40.687889099121094,41.135482091549456,39.93042378243312,40.34358578693936,166509000
2008-04-25,40.584590911865234,40.75673924835205,40.08535154220016,40.73091765458283,121945400
2008-04-28,40.662052154541016,40.989136565804,40.56736861524755,40.679264358486655,71244000
2008-04-29,40.97193145751953,41.10965210860204,40.507126312315634,40.584594383769506,91270600
2008-04-30,40.636234283447266,41.36787785090604,40.48129815309218,41.05800559019588,132152700
2008-05-01,41.91877365112305,41.93598914699122,40.64485650855942,40.653462614733456,143596900
2008-05-02,41.97902297973633,42.34053851428859,41.60889805615958,42.31471691425481,124990000
2008-05-05,41.8585205078125,42.20282057009551,41.66054723320776,41.979025693787555,75624700
2008-05-06,42.11674118041992,42.288892832087015,41.436743962270704,41.73801017356803,139582600
2008-05-07,41.350685119628906,42.3749827376152,41.20435501219037,42.12536291426296,140008300
2008-05-08,41.6605339050293,41.9187596900091,41.36787713978045,41.52281326747213,128058700
2008-05-09,41.49700164794922,41.712190418100604,41.23016967441433,41.35067486033589,97062000
2008-05-12,42.254459381103516,42.34053356015807,41.4883880235518,41.557246710091555,89606500
2008-05-13,42.3663444519043,42.46102798771278,41.97039482183988,42.27166091609581,85448100
2008-05-14,42.271671295166016,42.9774900109255,42.211418718224536,42.52989709398938,143598200
2008-05-15,43.01192855834961,43.05496565180338,42.1597796604781,42.28028483555655,157248900
2008-05-16,43.046348571777344,43.13242602682491,42.56432795758765,43.097995044805884,146563200
2008-05-19,42.736488342285156,43.442307200725004,42.46965310223308,43.08078838247639,140048700
2008-05-20,42.40938949584961,42.58154111298299,42.08230175164809,42.58154111298299,137163700
2008-05-21,41.47116470336914,42.69343488954196,41.3334440727649,42.46103399325635,192806700
2008-05-22,41.617488861083984,41.91014559344494,41.410909569722506,41.574451782343566,153198200
2008-05-23,41.48839569091797,41.617506983360535,41.16130783972734,41.47118019522161,121698400
2008-05-27,42.220027923583984,42.27167440055041,41.56585563293969,41.574461737341046,106984300
2008-05-28,42.39216995239258,42.48685349693857,41.961792592469806,42.41799154326196,121363000
2008-05-29,42.770912170410156,43.01192578856657,42.392181175478,42.41800277318351,143993000
2008-05-30,43.046348571777344,43.244325076627156,42.822553755692006,42.93445280549426,94153600
2008-06-02,42.52128219604492,42.96887173689219,42.14254803814853,42.96887173689219,144359900
2008-06-03,42.28890609741211,42.9516880299463,41.89295618931901,42.68485272198453,167606900
2008-06-04,42.8311767578125,43.12383365339912,42.12535776554839,42.159788761151624,174870800
2008-06-05,43.511138916015625,43.56278536760455,42.77949891118711,42.943041082608666,126653700
2008-06-06,42.20281219482422,43.21850325150433,42.19420609047107,43.13242907389527,189136000
2008-06-09,41.97902297973633,42.34053851428859,41.2732041216411,42.28889531422104,208897300
2008-06-10,41.781044006347656,42.12534399930403,41.453956222047616,41.54863978725442,162798500
2008-06-11,40.77396774291992,41.76383741101766,40.75675224707682,41.69497542764526,170366900
2008-06-12,40.816986083984375,41.41090892532346,40.455470687968045,41.06660573372055,189913200
2008-06-13,41.63471984863281,41.720797321676336,40.85143290329598,41.066621660625,167855000
2008-06-16,42.00482940673828,42.194196494635506,41.37647885923772,41.419515938254726,136343900
2008-06-17,41.781044006347656,42.22863695235839,41.7207914254923,42.133953387151585,122932000
2008-06-18,41.33344650268555,41.70357133485323,41.16990427032828,41.54002581897693,169338100
2008-06-19,41.97902297973633,42.185602347046235,40.980547281685524,41.25598862711197,221304200
2008-06-20,40.845462799072266,41.64652341347482,40.66457899215798,41.62929920065293,197434200
2008-06-23,40.52674865722656,41.12108565975976,40.466454075202655,41.009108599226096,131488800
2008-06-24,40.32006072998047,40.80241780985067,39.975517142235034,40.337288237948854,178293800
2008-06-25,40.974693298339844,41.345076538529085,40.43203824874444,40.49233288916488,179023400
2008-06-26,39.32086944580078,40.225291823426396,39.31225405303515,40.216676430660755,190028300
2008-06-27,39.32086944580078,39.536208263607335,38.73514759850219,39.27779905359179,181351800
2008-06-30,38.90741729736328,39.475914949354156,38.890193082887535,39.200278230596595,132912400
2008-07-01,39.45869445800781,39.50176157346649,38.48536187675236,38.59733900559314,245494300
2008-07-02,38.51120376586914,39.73433028923759,38.45090914349997,39.57928603577102,199576400
2008-07-03,38.442298889160156,38.829909541529766,38.14082247695684,38.74377201555283,123118300
2008-07-07,38.67487716674805,39.15723431722184,38.106382463824175,38.7954664543665,181011300
2008-07-08,39.59651184082031,39.630963562259545,38.56288462400558,38.717928870818305,206151200
2008-07-09,38.54566192626953,39.648196009237466,38.528434420496815,39.58790138193833,168500300
2008-07-10,39.00217056274414,39.12275979023867,38.226952692075045,38.60594787645927,238811500
2008-07-11,38.38200759887695,38.99356930030363,37.770442611639346,38.59734650381403,265514700
2008-07-14,38.09774398803711,38.916032168672196,37.959927273410855,38.88157716856321,177389800
2008-07-15,38.10635757446289,38.700691512023724,37.29668153933449,37.90824297613311,283891100
2008-07-16,39.053855895996094,39.08831090229198,37.830729458974226,38.20972795660845,186047800
2008-07-17,39.31226348876953,39.467307737668754,38.74376900474249,39.28642387588979,197555100
2008-07-18,38.4078369140625,38.90742133089375,38.4078369140625,38.88158172069163,160661000
2008-07-21,38.57149124145508,38.92464680095826,38.32170068898445,38.7609904685382,128107800
2008-07-22,38.57149124145508,38.59733413611816,37.77904590239815,37.92547473364611,152524500
2008-07-23,39.07970428466797,39.52760960967812,38.51982509276351,38.63179895965781,169259100
2008-07-24,38.49395751953125,39.286405905400215,38.45950581338737,39.26056630434009,145561000
2008-07-25,38.99357604980469,39.17445997266689,38.554282767640494,38.74378208824555,111616700
2008-07-28,38.26139831542969,39.20889105417968,38.080514503000785,38.9849368509548,124028500
2008-07-29,39.053855895996094,39.22612764166526,38.39061181094646,38.42506681724234,142290900
2008-07-30,39.251956939697266,39.46729574374907,38.657623023405684,39.1658227324003,165679900
2008-07-31,39.15721130371094,39.751548565971234,38.77821615310894,38.86435036912449,180473100
2008-08-01,38.657615661621094,39.23472196938985,38.244165630874356,39.20026697870876,180350400
2008-08-04,38.27000045776367,38.69206254063471,38.15802339492084,38.64899545055926,116298000
2008-08-05,39.562042236328125,39.596497230864806,38.62316499296293,38.66623209322921,151657400
2008-08-06,40.16500473022461,40.32004897091134,39.26058218342552,39.57928277336592,133463700
2008-08-07,39.854915618896484,40.354500053138125,39.6912592722296,39.92382234377354,152805800
2008-08-08,40.75933837890625,40.862700109703844,39.75155411055684,39.82907623010758,143121500
2008-08-11,41.12971115112305,41.58622835956134,40.604283948908,40.74210065065216,157290100
2008-08-12,41.172767639160156,41.48285595958985,40.92297390483529,41.121088442960875,140549300
2008-08-13,41.08665466308594,41.44842236645234,40.699044062471785,41.103882165981034,169652100
2008-08-14,41.56039810180664,41.7412819474377,40.90576944274706,40.94883655563873,158069200
2008-08-15,41.48287582397461,41.836031405617724,41.31060408726356,41.62930795021253,123115900
2008-08-18,41.00051498413086,41.61207980428562,40.70765402199521,41.603464410387794,151399100
2008-08-19,40.4923210144043,40.991908786592134,40.26837002792008,40.793797413907114,155410600
2008-08-20,40.56121063232422,40.96604856922411,40.25973767025549,40.77654940117584,155466700
2008-08-21,40.37172317504883,40.552610290569504,39.94966090572346,40.2597493485477,118916200
2008-08-22,40.90576171875,41.069418031160104,40.55260620242648,40.58705791474844,96515500
2008-08-25,40.04442596435547,40.664599803425986,39.94106091966783,40.62153267771167,128076500
2008-08-26,39.992733001708984,40.28559398024902,39.725711634689766,40.07025512208165,107225500
2008-08-27,40.251129150390625,40.56121755619905,39.87213403540779,40.00995073956604,108489900
2008-08-28,40.578453063964844,40.72488190349221,40.33727460553856,40.41479343648124,112808600
2008-08-29,39.72571563720703,40.587071156661366,39.553443876154056,40.1477812874963,133184300
2008-09-02,39.234745025634766,40.552621264260004,39.05386114697604,40.37173409979059,162277500
2008-09-03,38.864376068115234,39.31228151635402,38.58013033865925,39.148625083383116,161682900
2008-09-04,37.606788635253906,38.68348322889472,37.606788635253906,38.64041610231131,219004700
2008-09-05,37.425899505615234,37.71014513001991,36.87463247638499,37.27946735270745,247977500
2008-09-08,37.35700607299805,38.0891605910399,36.76267165927553,37.91688874645287,311065100
2008-09-09,36.56454086303711,37.718757340190905,36.47840334336271,37.33975882524433,214180600
2008-09-10,36.86602020263672,37.19333626113863,36.56454704731321,36.917702723182586,160658100
2008-09-11,37.55508041381836,37.63260250294642,36.32334237867744,36.349185265592716,203398200
2008-09-12,37.40867614746094,37.64985467803426,36.95215870435828,37.23640436027526,172094300
2008-09-15,36.24583435058594,37.288073525295054,36.202763954859385,36.52146779702455,616772300
2008-09-16,36.53007507324219,36.90045808399683,35.68594734444144,35.7290144486621,349506500
2008-09-17,34.63511276245117,36.53870811779606,34.61788525372902,36.064963128276524,340088000
2008-09-18,35.806541442871094,36.151084895330584,34.023536140884474,35.40170337910268,423934000
2008-09-19,36.97705841064453,37.77865921211904,36.2875069299599,37.72694186466015,263394000
2008-09-22,35.235939025878906,36.92533252946966,35.166982578536725,36.83914025831632,164698200
2008-09-23,34.968746185302734,35.98583101351721,34.85669357527228,35.511766831423216,184011200
2008-09-24,35.21006393432617,35.56345735855334,34.92562692849601,35.17558901315067,159270800
2008-09-25,35.77033615112305,36.218543167338574,35.365225267846206,35.53761308762513,148586800
2008-09-26,35.40833282470703,35.76172645684345,34.66706733095139,34.744641703275235,182678600
2008-09-29,32.59840774536133,34.804964309840784,32.0467694262474,34.70152965898912,307954400
2008-09-30,33.537925720214844,33.87408019495788,32.40878850810726,32.512223183431665,195436700
2008-10-01,33.18453598022461,33.58964695215116,32.779425008298055,33.477594351570964,174033300
2008-10-02,31.676136016845703,32.969039527737365,31.581322566629865,32.969039527737365,192124000
2008-10-03,31.184850692749023,32.90872302164383,31.11589422134098,32.11574004057894,272116100
2008-10-06,30.047101974487305,30.62459775625851,28.366325418305287,30.391874544969344,394046600
2008-10-07,28.142200469970703,30.340135734100787,27.814664000202836,30.28841841107736,329365700
2008-10-08,27.918102264404297,29.40925092286837,27.444038194168222,27.538851665820317,452066500
2008-10-09,27.168228149414062,29.030010122920903,26.69416227515209,28.57318501042945,352433900
2008-10-10,26.995840072631836,27.995685879469107,25.3236834740194,26.306291807231215,472339100
2008-10-13,30.279823303222656,30.383254739134113,27.926737586074122,28.323227497089757,276998700
2008-10-14,28.969667434692383,31.15898550878901,28.60765263055432,31.15898550878901,341595900
2008-10-15,26.375242233276367,28.745564616626744,26.323526533002852,28.642133216079714,312088500
2008-10-16,27.806058883666992,27.814680086501998,25.21163250663818,26.556252446668644,494783500
2008-10-17,27.840538024902344,29.00415384358102,27.073415348898774,27.29751895353176,326571300
2008-10-20,28.616281509399414,28.667995575277146,27.323377254047262,28.237027490159765,232783400
2008-10-21,27.133739471435547,28.667984193139365,27.133739471435547,28.150824011538422,239932400
2008-10-22,26.38386344909668,27.237179955303656,25.608119676169817,27.038935055116823,289993600
2008-10-23,26.280426025390625,26.797587906623498,24.90994777992905,26.280426025390625,377966900
2008-10-24,25.43572425842285,26.073556518113445,24.211775423878205,24.332445903167457,322129500
2008-10-27,24.728939056396484,26.030462337681783,24.703080390035495,25.142667854099702,239302300
2008-10-28,27.461286544799805,27.478524018525704,24.8668585095919,25.582265455618394,327239500
2008-10-29,27.392322540283203,28.512840157683932,26.9354959373415,27.504373480017176,341316000
2008-10-30,28.30597686767578,28.495603829769212,27.564711420973886,28.159446045687748,255292100
2008-10-31,28.349077224731445,28.814523498364654,27.65952901639996,27.90087006730968,224261000
2008-11-03,28.28873062133789,28.693841469838826,28.021529359216693,28.280112710699616,128455500
2008-11-04,29.090335845947266,29.314437727214926,28.426644826158277,28.840373652515485,182487600
2008-11-05,27.573331832885742,28.9610476442655,27.512996577262154,28.90071238864191,183893900
2008-11-06,26.340770721435547,27.46990836612301,26.20286105619344,27.142371678163343,220677200
2008-11-07,26.8837833404541,27.133743916642935,26.366621430116567,26.651060234200354,176946200
2008-11-10,26.521772384643555,27.55609464776794,26.202855326005704,27.55609464776794,142584500
2008-11-11,25.944272994995117,26.513150602998614,25.616736406137107,26.271807939840734,162869800
2008-11-12,24.746179580688477,25.685689869057168,24.694463885589112,25.556399809302604,184946400
2008-11-13,26.25457000732422,26.314906908838076,23.513614883609478,24.6599897081733,317943900
2008-11-14,24.978904724121094,26.220093016428876,24.88409288266186,25.668454506075392,259407000
2008-11-17,24.453134536743164,25.19439866659377,24.35832101384997,24.556565976251115,202835200
2008-11-18,24.427268981933594,24.780662648177906,23.608429036823534,24.616894330353368,252661800
2008-11-19,23.15160369873047,24.806521042654825,23.091268436006093,24.478984410704502,244180600
2008-11-20,22.031085968017578,23.66014629367561,21.953511588509453,22.867165026269024,342472400
2008-11-21,22.987831115722656,22.996450672227965,21.591494198096324,22.41895353847067,282746800
2008-11-24,24.39278221130371,24.685840511567747,23.255027230990187,23.461891623409734,225058200
2008-11-25,24.280733108520508,24.685842368649755,23.72047513140196,24.659985345159658,202968700
2008-11-26,25.297822952270508,25.306442509900723,23.970440669442944,24.03077592884192,164912000
2008-11-28,25.099584579467773,25.159919854541332,24.849622275291093,25.013390624785714,41238200
2008-12-01,23.211936950683594,24.57379577710556,23.17745872124919,24.565176219746956,149161500
2008-12-02,23.987682342529297,24.039398049812547,23.134365774298534,23.53085560349128,181743000
2008-12-03,24.66860580444336,24.74617852176681,23.332604193449335,23.384319886335714,230944900
2008-12-04,23.970441818237305,24.806520864299795,23.548093338190704,24.280739331746073,188868700
2008-12-05,24.94442367553711,25.056474611396983,23.229171550832554,23.70323560533438,212283700
2008-12-08,25.927040100097656,26.254575123508165,25.375401473716682,25.504691571273124,185782500
2008-12-09,25.86670684814453,26.57349430431965,25.48745444092389,25.58226795373228,178148300
2008-12-10,25.780506134033203,26.254570285724594,25.530545544017965,25.94427443756818,162335100
2008-12-11,25.07371711730957,26.09080180947601,24.944427052579275,25.694310414422414,167161400
2008-12-12,25.58226203918457,25.73741079008728,24.53931857145666,24.72894555323221,158600100
2008-12-15,25.134061813354492,25.651223910570167,24.77204850970482,25.625365230304837,107887000
2008-12-16,26.340770721435547,26.426964673215085,25.082344615098112,25.358163945582323,169300100
2008-12-17,26.021846771240234,26.375240378953293,25.702929746614807,26.073562467877856,159813500
2008-12-18,25.565021514892578,26.20285395477717,25.30644137364644,26.02184818470736,142656400
2008-12-19,25.77477264404297,26.214998353324507,25.602134529909357,25.83519549007001,118308900
2008-12-22,25.213703155517578,25.82656706544564,24.80800567035344,25.77477628245431,95379600
2008-12-23,25.084224700927734,25.56761081719119,24.937482781061913,25.317285687726265,68764800
2008-12-24,25.153282165527344,25.213705024562813,25.015172303046437,25.205074598757257,27194700
2008-12-26,25.144651412963867,25.23097049314449,25.00654154323468,25.205075921569964,20937000
2008-12-29,24.937482833862305,25.23959874556682,24.566311997745263,25.2137025315124,52688300
2008-12-30,25.45539665222168,25.54171572293861,24.980644232877573,25.006538801613114,77089500
2008-12-31,25.67119026184082,25.964674077352313,25.420866799433448,25.429497223655144,89189700
2009-01-02,26.784706115722656,26.871023540217813,25.6280348463747,25.67982563035166,107891500
2009-01-05,26.77606964111328,27.043657235126478,26.404898849779364,26.612063598021745,91751900
2009-01-06,27.043664932250977,27.302620529657712,26.853764270579337,26.974609996515877,136791700
2009-01-07,26.275432586669922,26.67249811629986,26.059635673679793,26.52575614961058,133879800
2009-01-08,26.551645278930664,26.586171919657833,25.964677568974693,26.223633136826162,131926600
2009-01-09,25.956039428710938,26.57753528048865,25.8265616750569,26.56027114096172,117137900
2009-01-12,25.481294631958008,26.02510201625492,25.20507490365485,25.99057537341675,102726200
2009-01-13,25.48992347717285,25.878356803522646,25.187807570190188,25.47265933473973,186266700
2009-01-14,24.713056564331055,25.27412973746477,24.57494670071645,25.196442733381623,136294000
2009-01-15,25.118749618530273,25.325914363554144,24.229666147203663,24.661259777603156,192567200
2009-01-16,25.394973754882812,25.550347752637936,24.773479410261647,25.464028682062942,175478100
2009-01-20,24.134716033935547,25.40360241422556,24.134716033935547,25.291387143631653,135105800
2009-01-21,25.161909103393555,25.19643738516793,24.255563110004406,24.540414849046634,149179600
2009-01-22,24.82526206970215,25.230959428316496,24.39366850447033,24.61809735595873,200602700
2009-01-23,24.94611358642578,25.334548544710973,24.290091015988114,24.419570433015963,170164100
2009-01-26,25.127382278442383,25.54171177821438,24.816634330413844,24.98064037480658,140398700
2009-01-27,25.308658599853516,25.524455486477642,25.136022078393967,25.136022078393967,110591300
2009-01-28,26.197750091552734,26.45670577331171,25.73162788870649,25.73162788870649,139722800
2009-01-29,25.53308868408203,26.24090223995995,25.446769596350652,25.878363388607887,130731800
2009-01-30,25.084224700927734,25.835198442923247,24.980643137727895,25.722983161990946,140334200
2009-02-02,25.386343002319336,25.55898115244001,24.808007339734324,24.842535628318224,126796100
2009-02-03,25.783403396606445,26.2667877865162,25.05832598854232,25.438127185986204,120541100
2009-02-04,25.81793212890625,26.6465927968089,25.71435057441787,25.843828340727907,175780900
2009-02-05,26.38763999938965,26.5602781474019,25.429501406080504,25.446765550161608,217578900
2009-02-06,27.078189849853516,27.199035560734814,26.396271003824875,26.4825900743398,164513200
2009-02-09,27.19040298461914,27.337144907852423,26.92281535274644,27.09545184417428,98856900
2009-02-10,26.189115524291992,27.345787199380954,25.981950669314855,27.017774944200546,232795200
2009-02-11,26.06825828552246,26.353110041418073,25.66255918266564,26.223630623502547,169117200
2009-02-12,26.38763999938965,26.42216828755186,25.58487541001165,25.766145630064457,201151400
2009-02-13,26.266788482666016,26.56890435176622,26.145942793585544,26.309947186937887,145066700
2009-02-17,25.22233009338379,25.610765002755812,25.084220269251286,25.455391039007,157783300
2009-02-18,25.239601135253906,25.61077200651343,24.92022269700694,25.386343069323964,161271900
2009-02-19,24.85116195678711,25.55897524517093,24.790737465730775,25.394969205101816,155322400
2009-02-20,24.92021942138672,25.161910824745327,24.505888243744863,24.574943165618638,210752400
2009-02-23,24.048404693603516,25.075596650996978,23.93618939467512,25.058334151961443,169473500
2009-02-24,24.84253692626953,25.01517343901055,24.134721790912995,24.177882153897876,181337300
2009-02-25,24.67852783203125,25.179176456842825,24.290092844505327,24.695791975121136,220224700
2009-02-26,23.987979888916016,24.989277193491485,23.910292887147282,24.8425352619727,211218500
2009-02-27,23.7635440826416,24.15197733274167,23.64269675573141,23.737647874075364,204492600
2009-03-02,22.99530792236328,23.74628155784543,22.848566023310404,23.409639055594308,188180400
2009-03-03,22.978052139282227,23.44417253649888,22.80541397948376,23.185216943200686,158758800
2009-03-04,23.590917587280273,23.918928158444043,23.23701079481421,23.31469781232137,164911000
2009-03-05,22.88309669494629,23.513223061149077,22.805409702247402,23.33195450911781,199626900
2009-03-06,22.701833724975586,23.14205960830793,22.192552897967566,23.003949720956573,218421600
2009-03-09,22.218442916870117,23.14205314810236,22.12349177842219,22.520558828514122,181098800
2009-03-10,23.590917587280273,23.642708383485136,22.580988006086947,22.658675023594107,175068200
2009-03-11,23.953447341918945,24.160612094335217,23.530485766602503,23.832601647942564,173094900
2009-03-12,24.74757957458496,24.825266562096875,23.68585960712093,23.93618306412669,184395100
2009-03-13,24.80800437927246,24.894323444031915,24.44546562440212,24.738949456744738,156783500
2009-03-16,24.3936767578125,25.015171109318786,24.33325390166042,24.972012396752827,190269800
2009-03-17,25.317293167114258,25.317293167114258,24.42820931392759,24.514528406361205,169773800
2009-03-18,25.636667251586914,26.068260965274238,25.10149032219891,25.213703963341896,208033900
2009-03-19,25.619396209716797,26.00782945960763,25.42949397313118,25.990566966971688,146753400
2009-03-20,25.229461669921875,25.964384624665836,25.05653803970378,25.670415442768252,149410800
2009-03-23,26.71660614013672,26.751191535560093,25.24676146621425,25.85199104402147,179499000
2009-03-24,26.223766326904297,26.69930379834947,26.20647363543892,26.491796448130387,118757600
2009-03-25,26.34481430053711,26.846290855466492,25.644476722766516,26.448568809784074,190555200
2009-03-26,27.157554626464844,27.20078471300893,26.30158604973961,26.630138995192105,182459500
2009-03-27,26.647424697875977,26.95868651651719,26.55231655348635,26.803055607196583,156108100
2009-03-30,25.99032211303711,26.215122173521422,25.609892763714697,26.19782948060987,162919700
2009-03-31,26.215126037597656,26.759834400747188,26.171895948068673,26.18918864352915,150243800
2009-04-01,26.604204177856445,26.699310707282933,25.756881866254634,25.88657378756148,137950000
2009-04-02,27.460168838500977,27.901122626027522,27.001922357552527,27.079737828829092,212272400
2009-04-03,27.970291137695312,28.013524521973775,27.52069263592341,27.7454927113704,134577300
2009-04-06,27.90111541748047,27.952993484342944,27.365053603752667,27.659022719487012,160413700
2009-04-07,27.16619873046875,27.5985061567021,26.984628753907323,27.5985061567021,147531200
2009-04-08,27.624439239501953,27.797362832357813,27.226715635582114,27.434222957536186,126126000
2009-04-09,28.480405807495117,28.540928570036403,28.039453780659585,28.14320661669562,131871500
2009-04-13,28.437171936035156,28.592802818425305,28.125910171254855,28.39394186831406,119310500
2009-04-14,28.091341018676758,28.428540319560483,27.901124675308804,28.264261369108425,124069000
2009-04-15,28.013519287109375,28.039456674234234,27.537980183985187,27.892470451291793,124808200
2009-04-16,28.739795684814453,28.90407129962433,28.108624016099068,28.402593162451783,171168000
2009-04-17,28.800325393676758,28.964601048074,28.471770786637958,28.679276529219287,129835400
2009-04-20,27.875192642211914,28.376667691726638,27.7195616583034,28.281559501755336,123080500
2009-04-21,28.26426124572754,28.307494631391,27.73684890202242,27.771430993011233,145490200
2009-04-22,28.35073471069336,28.99054814577854,28.004887292961346,28.09999549774992,165040500
2009-04-23,28.62740135192871,28.65333874483625,28.09134100962587,28.532293180275378,181666600
2009-04-24,29.128870010375977,29.336379003528293,28.59280978391085,28.82625616436588,141170000
2009-04-27,29.163461685180664,29.448786200052115,28.83490708272864,28.895429864990295,120749100
2009-04-28,28.94730567932129,29.319090340202838,28.84355281761416,28.981891065971666,108968000
2009-04-29,29.345033645629883,29.742759075783727,29.137527880392348,29.180757973296444,141413600
2009-04-30,29.63901138305664,30.17507524297047,29.43150555839277,29.73411959362992,144120400
2009-05-01,29.716821670532227,29.86380796056835,29.405559689980475,29.630361475154533,100112000
2009-05-04,30.30474853515625,30.33933391925379,29.846503739717033,29.984841977863425,119317400
2009-05-05,30.278806686401367,30.31339206540478,29.941607486726266,30.252869301270444,113569500
2009-05-06,30.287450790405273,30.555482525081175,29.79462069308487,30.512252451292987,178840500
2009-05-07,29.57845687866211,30.49494930047692,29.293135850948246,30.49494930047692,216484700
2009-05-08,29.59577178955078,30.036727297523722,29.293157851329788,29.803280845934143,183507300
2009-05-11,29.69952392578125,30.019433850464267,29.120233459034583,29.21534163673794,142775900
2009-05-12,29.33637237548828,29.81190972531204,28.981880536720446,29.760031664184016,147842200
2009-05-13,28.549575805664062,29.09428395231632,28.49769773990186,29.07699126372892,175548300
2009-05-14,28.869497299194336,29.13752916420078,28.601468732432707,28.618758131760387,140021700
2009-05-15,28.852205276489258,29.241282735359064,28.731159688895296,28.826267878646235,121326400
2009-05-18,29.604408264160156,29.638990344893553,28.86948380300061,29.051052095263223,114333400
2009-05-19,29.742759704589844,30.036728960095193,29.353682263737948,29.535250636720587,129086400
2009-05-20,29.63901138305664,30.296120857065326,29.55255117248763,29.855165207724777,131873700
2009-05-21,29.094303131103516,29.62171563859238,28.80033382782114,29.41420983524322,139253200
2009-05-22,28.999181747436523,29.370966382524976,28.808965432299985,29.206687456454773,83510600
2009-05-26,30.079944610595703,30.11452998834137,28.687914489642594,28.748437251575933,144857200
2009-05-27,29.872434616088867,30.42578744803632,29.76868178465948,29.993480135796993,121348800
2009-05-28,30.218280792236328,30.322033620256505,29.578464539918883,30.05400190810787,118931300
2009-05-29,30.590078353881836,30.69383122606717,30.05401470139488,30.23558635052464,111535700
2009-06-01,31.463335037231445,31.558443201997605,30.788936484517254,30.918626737907815,119126200
2009-06-02,31.506574630737305,31.80919190980333,31.221253348569643,31.290420844938005,126858600
2009-06-03,31.411455154418945,31.446037237427728,31.06560793838318,31.411455154418945,93329800
2009-06-04,31.76595115661621,31.809181239625822,31.42010389605148,31.480626671913722,89280600
2009-06-05,31.800527572631836,32.05991462091712,31.48926575328416,31.956158482305675,121958800
2009-06-08,31.70543098449707,31.94752543125599,31.229893386381864,31.60167810631155,89194100
2009-06-09,31.947521209716797,32.13773424488145,31.70542679494819,31.852413043012426,109187800
2009-06-10,31.835115432739258,32.13772928166044,31.37687066201758,32.12908458522423,133404700
2009-06-11,31.835115432739258,32.18960735500847,31.77459266295502,31.791885354071027,147909800
2009-06-12,31.688127517700195,31.748650277957754,31.299050274442266,31.705416907851156,109452500
2009-06-15,31.039674758911133,31.411459412158777,30.76299826787716,31.385518723581633,112152900
2009-06-16,30.737049102783203,31.290401932250152,30.711111719602886,31.160711718105542,110550300
2009-06-17,31.031034469604492,31.307711029348802,30.650605024517258,30.866758792957796,153421800
2009-06-18,30.970502853393555,31.178011863195394,30.754349146545053,30.979150848684032,126266700
2009-06-19,31.302902221679688,31.476038404007497,31.086482819344432,31.207677156284493,122044700
2009-06-22,30.367984771728516,31.069181813934392,30.316042904702407,31.017243249207667,137714900
2009-06-23,30.298734664916992,30.523809526558658,30.099629090537825,30.454556993091995,114903100
2009-06-24,30.809486389160156,31.05187522149348,30.541124966005288,30.558438925786263,103314600
2009-06-25,31.415475845336914,31.4760730805657,30.54113864737584,30.610394517523968,112538200
2009-06-26,31.484725952148438,31.59726508119159,31.207709097812515,31.26830632830466,87677300
2009-06-29,31.55396842956543,31.813671207534284,31.2682930621897,31.57128238840335,93817600
2009-06-30,31.493366241455078,31.796352217425998,31.25963278757774,31.640529914841107,97843000
2009-07-01,31.51067543029785,31.891572499935233,31.502016802408953,31.649183755829533,85976000
2009-07-02,30.818145751953125,31.250984896235053,30.731579244016977,31.24232956636168,113309800
2009-07-06,30.65367889404297,30.766218035953703,30.33337873877586,30.627709592948865,107632500
2009-07-07,29.891870498657227,30.72292417241317,29.87455653646433,30.662323653587713,149773000
2009-07-08,30.047704696655273,30.186213146478302,29.6927765875899,30.073677301329667,152776400
2009-07-09,30.099624633789062,30.307385505726614,29.995744197820283,30.160221829962474,97851500
2009-07-10,30.22947120666504,30.419921404700577,29.91782993119667,30.013051727915265,108482000
2009-07-13,30.809486389160156,30.818141717900563,29.848583086267105,30.25545288536961,127140300
2009-07-14,30.922039031982422,30.982636266629964,30.645022158650352,30.7748719604801,115631700
2009-07-15,31.960832595825195,31.969491225768778,31.285604761414724,31.441427077401716,160869700
2009-07-16,32.341739654541016,32.41099219671562,31.787706107942526,31.813675398470448,120142500
2009-07-17,32.5148811340332,32.52353646481876,32.17726379197927,32.33308616452695,104906500
2009-07-20,32.82651138305664,32.895767214928824,32.558153290301476,32.68800302161209,97168800
2009-07-21,33.051597595214844,33.051597595214844,32.584130522967655,32.95637245431627,130587600
2009-07-22,33.32861328125,33.49309096316045,33.00831324708733,33.07756579125469,113808600
2009-07-23,34.06442642211914,34.18562411051121,33.23337637265529,33.293973565701656,160239300
2009-07-24,33.80472946166992,34.08174619208469,33.57099597620123,33.700849013339365,109312300
2009-07-27,34.06442642211914,34.116368288572886,33.64890139738722,34.04711576893391,94718600
2009-07-28,33.83070373535156,34.27219813946917,33.700850691746346,33.917270229554994,111564300
2009-07-29,34.05577087402344,34.13368202204764,33.7614402372986,34.03845691865147,126538200
2009-07-30,34.2548942565918,34.78295861254837,34.20295236341046,34.41071663383475,108969900
2009-07-31,34.150997161865234,34.49726637441617,34.11636924992031,34.25487759540057,78208300
2009-08-03,34.6617546081543,34.67906856777477,34.31548202034511,34.51458760253034,111722800
2009-08-04,34.6617546081543,34.791604351857636,34.42802110672812,34.49727364290987,100690800
2009-08-05,34.393409729003906,34.74833781617599,34.1596761151635,34.73968248335304,118093000
2009-08-06,34.090415954589844,34.56653840907302,33.96922150824515,34.47131325771619,116937500
2009-08-07,34.52324295043945,34.68772059774244,34.27219551326662,34.55786756408757,107442100
2009-08-10,34.28085708618164,34.49727664683253,34.055782196116894,34.4020548140785,87163200
2009-08-11,33.98653030395508,34.19429455935338,33.80473864441957,34.168325265791395,91922700
2009-08-12,34.514591217041016,34.81758058867939,33.934588369365486,33.96055766036574,147240000
2009-08-13,34.70504379272461,34.765641010612,34.3154878903766,34.722357755306824,110107000
2009-08-14,34.30682373046875,34.59249578379824,34.003834416713396,34.51458462338113,124480200
2009-08-17,33.31128692626953,33.77009518036923,33.29397297109416,33.726811943580465,131797200
2009-08-18,33.78742599487305,33.85668185013196,33.42384266166656,33.519067811497095,84496200
2009-08-19,34.021148681640625,34.10771847305134,33.363234778418565,33.389204064691846,88036300
2009-08-20,34.419376373291016,34.488632239736376,33.9345985173794,34.00385108152329,81473500
2009-08-21,34.878177642822266,34.93877485641234,34.40205526362863,34.6184748271076,114660200
2009-08-24,34.84355545043945,35.12057227306632,34.71370237007642,34.93878060239888,109904900
2009-08-25,34.947425842285156,35.28503979098186,34.8435453893708,34.92145655463158,92900400
2009-08-26,34.8868293762207,35.14653216516525,34.69638242555477,34.86951541665105,96407500
2009-08-27,34.973392486572266,35.033989682328794,34.341444641169346,34.87816737829787,121957800
2009-08-28,35.008026123046875,35.562062959283814,34.765637277524704,35.406240615076605,114300900
2009-08-31,34.653106689453125,34.800273740570596,34.44534571438291,34.74833184565246,96415300
2009-09-01,34.003841400146484,35.13788112305096,33.899960932356166,34.53190567338979,162958900
2009-09-02,33.977874755859375,34.16832504689599,33.79608309748849,33.82205239088411,92757200
2009-09-03,34.20296096801758,34.25490287426619,33.778780291710454,34.142363728545135,76783100
2009-09-04,34.938758850097656,34.95607280352007,34.211589317850766,34.26353117811803,74866600
2009-09-08,35.26772689819336,35.30235151210299,35.02533478702684,35.215785023879135,71024400
2009-09-09,35.57072830200195,35.7438646556718,35.137889068977984,35.29371145705071,99280800
2009-09-10,35.90833282470703,35.95161607603695,35.49280766779909,35.588032802105154,99289100
2009-09-11,35.94296646118164,36.02953297760449,35.68326360961216,35.9343078281588,93868400
2009-09-14,36.08146667480469,36.10743596337378,35.67459687495463,35.7092247945802,90435600
2009-09-15,36.194000244140625,36.31519464205213,35.986236060364,36.0554918890561,91594600
2009-09-16,36.72206115722656,36.77400302885831,36.2199696073184,36.358477962703375,96888500
2009-09-17,36.713401794433594,36.929821282328696,36.54026554365765,36.626835320195276,102169600
2009-09-18,36.774932861328125,36.93090598460933,36.575634605023424,36.861586432870894,87444200
2009-09-21,36.887569427490234,37.000217382860825,36.53229815793198,36.56695957581443,71351400
2009-09-22,36.9569206237793,37.11289381844849,36.77494969300039,37.095563096207776,75638400
2009-09-23,36.78361511230469,37.40750455843867,36.72295923984023,37.11289220960968,143924100
2009-09-24,36.45431137084961,36.991550122370256,36.194357349500564,36.930894294238634,111016400
2009-09-25,36.13371658325195,36.47165728242149,36.02973559246812,36.185705425895826,109216000
2009-09-28,36.74893569946289,36.96556465390573,36.29834707756233,36.33300850359211,84478500
2009-09-29,36.58431625366211,36.93092076203513,36.41967605460012,36.74895314722701,106686400
2009-09-30,36.610294342041016,36.91357356468808,36.04705772227291,36.731606031099844,173102700
2009-10-01,35.527137756347656,36.50630125907327,35.527137756347656,36.48030354468601,140119100
2009-10-02,35.423187255859375,35.7437973611963,35.28454478013281,35.28454478013281,145286400
2009-10-05,35.7091178894043,35.87375801874628,35.37984424171172,35.60513691147484,97054200
2009-10-06,36.341697692871094,36.51500163905817,35.89110875498383,35.908439480152325,124628000
2009-10-07,36.44567108154297,36.46300180149863,36.1943806004312,36.2983616146683,93787600
2009-10-08,36.60163116455078,36.930904809448315,36.51497759576538,36.66228700995273,107850400
2009-10-09,36.809593200683594,36.87024904622073,36.44565812746078,36.52364468679362,62828000
2009-10-12,36.887569427490234,37.14752345061912,36.63627910608459,36.956892263255135,53221900
2009-10-13,36.89625549316406,37.04356163701213,36.71428460803301,36.85292704568268,70939300
2009-10-14,37.398826599121094,37.44215173358649,37.13020547664221,37.355501464655696,91004900
2009-10-15,37.312171936035156,37.3641607690727,37.14753181676164,37.19952395529467,85772800
2009-10-16,37.069541931152344,37.25151274692082,36.80958787283406,37.17352619887581,111859300
2009-10-19,37.442142486572266,37.494134618387875,36.904903679791225,37.09553819095339,83512000
2009-10-20,37.45082473754883,37.65878673846412,37.20819799581911,37.65878673846412,89847900
2009-10-21,37.381500244140625,37.970731396982124,37.312180682010236,37.44215610056581,110397400
2009-10-22,37.5287971496582,37.68477024422348,37.07820857708021,37.31216821892812,85871800
2009-10-23,37.372840881347656,37.89274922697847,37.27752358003279,37.89274922697847,117020400
2009-10-26,37.251522064208984,37.918736435426894,37.07821821348526,37.43348961999569,107068600
2009-10-27,36.68827819824219,37.355495744425426,36.54963580588563,37.199522639837376,121438200
2009-10-28,35.86509323120117,36.670953297449856,35.787106666548205,36.55830530284093,143553600
2009-10-29,36.471656799316406,36.55830707290581,35.99507368358257,36.07306025201145,85207600
2009-10-30,35.492496490478516,36.52365270188779,35.457835055280675,36.445666125440844,162796500
2009-11-02,35.63981246948242,36.021078410048965,35.215218074229014,35.52716443719119,142456600
2009-11-03,35.75246047973633,35.80445264683725,35.388525226521786,35.44918110205754,95107000
2009-11-04,35.813106536865234,36.28102264731396,35.76977809407708,35.98640708603345,107970600
2009-11-05,36.696937561035156,36.74026598923661,36.203023890092396,36.22902160811226,135204800
2009-11-06,36.913570404052734,36.95689883686009,36.46298511341327,36.49764323196569,96312300
2009-11-09,37.70210266113281,37.710769670591304,37.15620006308925,37.19952519389493,101620800
2009-11-10,37.79741668701172,37.927395373764696,37.606785466734756,37.65877429703969,72846500
2009-11-11,38.04005813598633,38.24802014903828,37.78876767351,38.0833832799141,84676200
2009-11-12,37.82343292236328,38.265354723754115,37.73677932027895,38.06605639720555,92426100
2009-11-13,38.135345458984375,38.24799339880913,37.80607195102632,37.936047291906306,87959500
2009-11-16,38.52528762817383,38.68992772839793,38.230672154898976,38.299994998255464,87776100
2009-11-17,38.6466064453125,38.6466064453125,38.34332721328144,38.42131377373167,81884000
2009-11-18,38.42998504638672,38.55130006858658,38.17003089552262,38.525302339652704,100240800
2009-11-19,37.83209228515625,38.1960307611216,37.563471107788885,38.170033030733435,114558000
2009-11-20,37.641441345214844,37.736758602429035,37.50279896349287,37.632777642511336,70912100
2009-11-23,38.248023986816406,38.473320046641426,38.005400512078936,38.03139493994454,91621500
2009-11-24,38.118045806884766,38.25668825471478,37.892749763225545,38.23069052321768,60670000
2009-11-25,38.282676696777344,38.317338129691116,38.13536725964189,38.24801526386357,37630100
2009-11-27,37.70210266113281,37.97939077037944,37.17353077651064,37.2341866207377,61230000
2009-11-30,37.74543380737305,37.797422645874164,37.35550099113551,37.615455100128585,84819400
2009-12-01,38.135345458984375,38.38663574571102,38.02270082465392,38.03136452518153,81817800
2009-12-02,38.1873664855957,38.551304987640215,38.109379899835936,38.26535307135547,81653600
2009-12-03,38.0313835144043,38.559958758854464,38.02271980955086,38.32599906186033,72460400
2009-12-04,38.23068618774414,38.7592614931218,37.832089608621956,38.51663806330765,125062600
2009-12-07,38.04871368408203,38.37799065722267,37.970727119535454,38.20468681317518,67471900
2009-12-08,37.81476974487305,38.126716133022796,37.57214624542203,37.83210046704773,86621400
2009-12-09,38.19602584838867,38.23068397528761,37.537471854866865,37.780095270640096,78820500
2009-12-10,38.386653900146484,38.594619171600755,38.334665061404806,38.360659480775645,76722400
2009-12-11,38.23934555053711,38.63794204993284,38.08337243242649,38.594616918345594,66643700
2009-12-14,38.6032829284668,38.64660806264211,38.29133667361117,38.49930194534687,47965500
2009-12-15,38.386653900146484,38.70726385920496,38.27400590704643,38.4819711785007,61171100
2009-12-16,38.43864440917969,38.73325993633419,38.3779885628975,38.53396168347904,61629700
2009-12-17,37.970741271972656,38.308682075799666,37.918749107731145,38.265356925013634,90440900
2009-12-18,38.58957290649414,38.6069325362496,38.19031135515107,38.32918508218391,96442600
2009-12-21,39.023555755615234,39.17111096073828,38.77184607753009,38.78920570819228,82357400
2009-12-22,39.25791549682617,39.309994401672334,39.08432245835077,39.15376099814566,51569100
2009-12-23,39.544334411621094,39.55301257137409,39.240545844090896,39.33602215642865,73932200
2009-12-24,39.90886688232422,39.90886688232422,39.57904060582282,39.58772207444689,31770400
2009-12-28,40.11719512939453,40.18663035110408,39.87416357588241,40.0043591692286,49381400
2009-12-29,39.952266693115234,40.1432192821971,39.91755074956336,40.12585965491599,32410200
2009-12-30,40.07381057739258,40.15192730275059,39.89153932189482,39.90889896208691,57612700
2009-12-31,39.709251403808594,40.169270087323596,39.709251403808594,40.151910454415855,50079200
2010-01-04,40.29078674316406,40.351547117672006,40.16059445467695,40.21267335667878,62822800
2010-01-05,40.29078674316406,40.36022527916649,40.06511812317943,40.26474894766897,62935600
2010-01-06,40.0477409362793,40.403604999787675,39.98698389941276,40.27341276836374,96033000
2010-01-07,40.07381057739258,40.16060877835305,39.85682004151063,40.108529857776766,77094100
2010-01-08,40.40362548828125,40.40362548828125,39.86549004128724,39.98700417663958,88886600
2010-01-11,40.238704681396484,40.48173289630041,40.03039241789948,40.455695104992444,104673400
2010-01-12,39.73529052734375,40.047757308116346,39.518300075252945,39.99568171866194,90673900
2010-01-13,40.23002624511719,40.351543672747155,39.587736396986976,39.85680242349638,100661000
2010-01-14,40.26475143432617,40.37758740679279,40.117199502725995,40.15191546185955,75209000
2010-01-15,39.79607009887695,40.4036443705954,39.622480287826036,40.33420910837771,126849300
2010-01-19,40.43833923339844,40.48173665995014,39.88284422710933,39.891522388015105,84388200
2010-01-20,39.8568115234375,40.44702591977866,39.431512018169734,40.151918721608084,145680000
2010-01-21,39.48358154296875,40.230025868205644,39.318666691093114,39.96963800488939,204939600
2010-01-22,38.32919692993164,39.47490635984986,38.225042430215034,39.353392225011845,171098700
2010-01-25,38.45939636230469,38.71110281906562,38.294481467757805,38.5635508723786,154218700
2010-01-26,38.494110107421875,38.96281034227189,38.23372219173142,38.41599340161354,140816500
2010-01-27,38.79789733886719,38.92808963640995,38.19900151273014,38.424673459423246,161632700
2010-01-28,37.79974365234375,38.56355112355577,37.60011279381342,38.53751332362074,221439800
2010-01-29,37.14008712768555,38.20767977055211,37.00121336871945,38.11220344044825,212099600
2010-02-01,37.54802703857422,37.56538667237061,37.21820392947762,37.235563563274006,136827100
2010-02-02,37.88654327392578,37.999375951931334,37.34840444077118,37.6087956940451,110727700
2010-02-03,38.0948486328125,38.164287176598286,37.68690546560103,37.70426510154748,93581600
2010-02-04,36.992530822753906,37.895211885342015,36.992530822753906,37.817095191252434,151652500
2010-02-05,37.30500411987305,37.339723392428645,36.5585563149881,37.08801363291868,213618600
2010-02-08,37.035926818847656,37.478589171916006,37.00988902549471,37.24423909870536,94354400
2010-02-09,37.41783142089844,37.76501413288722,37.11404282302054,37.47858847827175,118956000
2010-02-10,37.33972930908203,37.59143910847658,37.105379148716,37.41784602920404,94102900
2010-02-11,37.90389633178711,38.00805414851927,37.11405109880106,37.34840121993038,93050800
2010-02-12,37.98200225830078,38.086160045469576,37.46122656650121,37.565381042658906,93938500
2010-02-16,38.468074798583984,38.49411259853445,38.060131607295,38.25976577695588,83861400
2010-02-17,38.68505859375,38.68505859375,38.415989233821364,38.64166116434516,82691700
2010-02-18,38.92808532714844,38.99752386029403,38.580902594454976,38.659019288738016,65752600
2010-02-19,38.910736083984375,39.10168546285157,38.728461556821365,38.82393790176101,80416500
2010-02-22,38.832611083984375,39.08431748115774,38.676377700353235,39.06695784841968,72055000
2010-02-23,38.32919692993164,38.83261641541696,38.14692572767461,38.806575307228925,95814400
2010-02-24,38.71977233886719,38.87600571124952,38.468062648805535,38.52881970350853,86591000
2010-02-25,38.711090087890625,38.79788824358314,38.042762499619236,38.311828504738315,97961300
2010-02-26,38.849971771240234,38.936769944683945,38.53750827987817,38.70241984290357,66222400
2010-03-01,39.414161682128906,39.48360024444231,39.01489988186555,39.02357804664828,77290100
2010-03-02,39.53567123413086,39.79605919034549,39.44887635239682,39.55303087268017,76368500
2010-03-03,39.57906723022461,39.770019936284065,39.431515274460395,39.63114614397147,65735500
2010-03-04,39.709251403808594,39.761330302531796,39.40546610545179,39.60509691737361,54470900
2010-03-05,40.308143615722656,40.3949417797793,39.917563466007685,40.00435831905292,68136300
2010-03-08,40.38624572753906,40.481722018026616,40.308129063595636,40.32548869013975,58712400
2010-03-09,40.61195755004883,40.83762629530603,40.273452776656285,40.299490586605415,98002800
2010-03-10,40.94175338745117,41.03722970791556,40.62060847308017,40.63796810507471,102578900
2010-03-11,41.09799575805664,41.09799575805664,40.77685077340798,40.84628931658173,67510300
2010-03-12,41.10667037963867,41.2542222927704,40.88099846295184,41.22818449892631,64068300
2010-03-15,41.00252151489258,41.12403565084038,40.716092499291136,41.01987783916066,60150500
2010-03-16,41.262908935546875,41.32366600280441,40.99383955839792,41.132713327988256,74950600
2010-03-17,41.3757438659668,41.575378024773975,41.25422972478819,41.32366826889712,75643500
2010-03-18,41.514617919921875,41.55801535131207,41.31498377570576,41.410460111371265,77829400
2010-03-19,41.26350021362305,41.663187972088856,41.11578750272768,41.6371190733748,86337100
2010-03-22,41.63713455200195,41.802225485230906,41.05498085884823,41.098424620128185,71902800
2010-03-23,41.923866271972656,41.96731003007063,41.506800228048846,41.69795674113545,59182600
2010-03-24,41.72401428222656,41.8543455313724,41.628436044125564,41.8543455313724,62995700
2010-03-25,41.66319274902344,42.227968129555144,41.61974899891264,42.071567977519734,76294800
2010-03-26,41.70663070678711,41.99336538387797,41.48072124885857,41.8369652535639,78067900
2010-03-29,41.906490325927734,42.05420308874183,41.793533897251834,41.915181066735514,57993300
2010-03-30,42.04550552368164,42.184527523123805,41.75877409994601,42.036818098830345,49437300
2010-03-31,41.845664978027344,42.09764340811304,41.76746488988165,41.91517764062182,59947400
2010-04-01,41.845664978027344,42.314865506901505,41.52417719989335,42.01944331996735,83728600
2010-04-05,42.236656188964844,42.33223442187287,41.82827767182892,41.94123406658799,56220300
2010-04-06,42.35831069946289,42.488645288972066,42.045510336277914,42.1410885933118,54097100
2010-04-07,42.25403594970703,42.462567270719475,42.028123151640365,42.29747969870583,77211500
2010-04-08,42.34962463378906,42.41913398642582,41.91518040753354,42.1324025206613,68314300
2010-04-09,42.601593017578125,42.6189711816211,42.25403968035638,42.35830535006831,54227300
2010-04-12,42.6363639831543,42.74932043093974,42.523407535368854,42.61898581314523,44280600
2010-04-13,42.853572845458984,42.87963843511487,42.45388500285419,42.592907005262205,59376000
2010-04-14,43.36622619628906,43.37491362314776,43.00998203324205,43.07949470629839,69004800
2010-04-15,43.557373046875,43.609504225528255,43.33146022422441,43.33146022422441,72254200
2010-04-16,43.036041259765625,43.5486855467801,42.74930981220631,43.40097611021389,127388000
2010-04-19,43.00997543334961,43.14899744358263,42.48864372361233,42.879640848642204,98251700
2010-04-20,43.22719192504883,43.3401483295087,42.94914794064434,43.24457008839233,69543700
2010-04-21,43.47048568725586,43.60950769898074,43.201132403971144,43.52262018460752,74748700
2010-04-22,43.71377182006836,43.75721557241146,42.80143644813406,43.05341485208822,110477200
2010-04-23,43.896217346191406,43.939661078520516,43.52259528198131,43.70506094649016,77205200
2010-04-26,43.8006591796875,44.00919383060789,43.70508093612173,43.939681175452485,67361000
2010-04-27,42.87095260620117,43.818041068662325,42.75799618924358,43.62688456527964,112608000
2010-04-28,42.89701461791992,43.12292743298717,42.558148709864895,43.09685852998966,130082100
2010-04-29,43.644256591796875,43.73114740590659,43.105546802499234,43.140303128143124,84180200
2010-04-30,42.7840576171875,43.69638958967089,42.749301292729236,43.62687694075437,110897000
2010-05-03,43.383602142333984,43.59213352172811,42.94915790162529,42.96653606899922,74169700
2010-05-04,42.08024597167969,42.8535557588995,41.77613649846223,42.8535557588995,141136500
2010-05-05,41.863037109375,42.14108109058219,41.39383664813322,41.637124303053085,128560200
2010-05-06,40.464111328125,41.984665231673524,37.04938143956389,41.57628683692341,274356800
2010-05-07,39.45622634887695,40.66398082425811,38.47438142335735,40.1600272216993,288200400
2010-05-10,41.50678634643555,41.53285192966764,41.107098602332556,41.211364249806124,136041600
2010-05-11,41.46335220336914,42.045505793980105,41.01152987364099,41.08972995598905,113016100
2010-05-12,42.245338439941406,42.28009475938781,41.61974126263151,41.68925058697925,85462400
2010-05-13,41.5763053894043,42.39306254336385,41.47203971756438,42.0628840489005,102844300
2010-05-14,40.77693557739258,41.289579899921485,40.29904758865631,41.26351430685022,147386100
2010-05-17,40.90726089477539,41.072348471031745,40.02968189553654,40.855126405909644,120969600
2010-05-18,40.342491149902344,41.341714196966855,40.16002537020944,41.25482336291328,153072100
2010-05-19,40.020992279052734,40.51625829523767,39.577857434332216,40.19476726999479,159000300
2010-05-20,38.53519821166992,39.34326466781138,38.44831069974882,39.23899899059684,189289800
2010-05-21,38.96095657348633,39.65606664101249,37.78795854169508,37.935667980930404,190631100
2010-05-24,38.804542541503906,39.38669929398891,38.78716438170114,38.943564505380984,113038000
2010-05-25,38.83930969238281,38.89144087178408,37.562042764315876,37.95304318255535,155643000
2010-05-26,38.404850006103516,39.595225630071205,38.33533737558689,39.10864716008877,140203200
2010-05-27,39.85590362548828,39.87328178846313,39.17817184219745,39.273750081286295,110671600
2010-05-28,39.621307373046875,39.96017661324266,39.27375402231075,39.925420283805245,128535300
2010-06-01,39.256370544433594,40.18608068650366,39.21292679578973,39.47359260219848,104242700
2010-06-02,40.18608856201172,40.21215415339716,39.212934480582966,39.482287763689044,97249300
2010-06-03,40.568397521972656,40.63791018378832,40.038378391085885,40.29904424380233,98928400
2010-06-04,39.17818069458008,40.22084750684394,39.04784610009219,39.70820318416275,112849900
2010-06-07,38.4656867980957,39.499662718399186,38.422243044469596,39.37801888242771,88436600
2010-06-08,38.39616775512695,38.648146124617064,37.87483616922259,38.535189732337805,133030100
2010-06-09,38.07469177246094,39.0217803194885,37.96173534541735,38.66553618608619,101949200
2010-06-10,39.160804748535156,39.20424851097939,38.4396290112303,38.543894704005794,76892300
2010-06-11,39.53443145751953,39.56918779714928,38.76112113076589,38.76112113076589,74346800
2010-06-14,39.525726318359375,40.177392478943446,39.456213670248566,39.89934520104572,68085000
2010-06-15,40.58578109741211,40.63791560072326,39.49098304425067,39.73427076394286,76332600
2010-06-16,40.75086212158203,40.9593934550096,40.40330547980838,40.47281813398142,78399700
2010-06-17,40.881195068359375,40.99415147879281,40.524950987342486,40.976773314530284,77111900
2010-06-18,40.9151496887207,41.21113175547222,40.79327530608676,40.95867577954313,75921400
2010-06-21,40.566932678222656,41.50711214189975,40.33189113313111,41.43746774274098,95488100
2010-06-22,40.2535400390625,41.03701955002856,40.17519175588315,40.74103751588738,94493400
2010-06-23,40.088134765625,40.45376118041423,39.77474164461348,40.297064619908475,92397600
2010-06-24,39.478763580322266,40.03590880733768,39.34818531402511,39.91403110963487,114145900
2010-06-25,39.48662567138672,39.82680149986909,39.20750687225459,39.69596310705654,88740300
2010-06-28,39.34705352783203,39.730840920495424,39.08538015431802,39.486612882196674,71350000
2010-06-29,37.829341888427734,38.780091011005446,37.56766852009644,38.74520034126597,136384200
2010-06-30,37.25364685058594,38.091002683797186,37.19258986237406,37.70721542541444,101313200
2010-07-01,37.148983001708984,37.47171331356606,36.43374105253561,37.36704465273396,158695000
2010-07-02,37.04431915283203,37.34960417297999,36.71286446855913,37.21004483128989,78565300
2010-07-06,37.15770721435547,37.82933755682798,36.8524222074848,37.59383055408902,88591900
2010-07-07,38.34397888183594,38.38759056813906,37.24494908114873,37.27983976113458,72448400
2010-07-08,38.55331802368164,38.71032274970012,38.0997491848903,38.64926572595496,78264600
2010-07-09,38.91964340209961,38.9283677316529,38.44863275428321,38.53585608567522,47851200
2010-07-12,39.03303527832031,39.27726326111767,38.78008296621922,38.884754953723835,60927500
2010-07-13,39.538944244384766,39.68722458526425,39.07665123386569,39.37321524298173,93310500
2010-07-14,39.739559173583984,39.95762083938587,39.46044050754613,39.61744184575508,87687100
2010-07-15,39.77446746826172,39.896584860433585,39.242399518341394,39.661077737997346,95992500
2010-07-16,38.675418853759766,39.80061789656675,38.64052818715557,39.63488889387538,98831900
2010-07-19,39.006866455078125,39.08536877701695,38.46607120289663,38.78880481939876,81800800
2010-07-20,39.477901458740234,39.477901458740234,38.256757540619596,38.3788715996958,89061200
2010-07-21,38.937110900878906,39.91402674352956,38.867332861511784,39.89658472920681,83577000
2010-07-22,39.9227409362793,40.105911986364696,39.460451144913904,39.48661748710958,82890300
2010-07-23,40.175689697265625,40.210577041248015,39.582561593916715,39.65233960923906,81056100
2010-07-26,40.507144927978516,40.52459026530015,40.04485513470787,40.22802618554818,64850900
2010-07-27,40.48970031738281,40.751377054546076,40.30652926325487,40.68159570400709,67655600
2010-07-28,40.166961669921875,40.629254704245945,40.01868132140695,40.446080360244174,51988200
2010-07-29,39.87039566040039,40.480969012839125,39.46916297895899,40.40246667713476,85669500
2010-07-30,39.95762252807617,40.20185053934163,39.31215850598691,39.538944511325205,98958100
2010-08-02,40.707767486572266,40.8124395263681,40.30653464943003,40.46353938176541,68706800
2010-08-03,40.53329849243164,40.73391480088214,40.341403185497875,40.68157880971206,60856600
2010-08-04,40.943275451660156,40.98689046617741,40.55948794636083,40.71649268201929,43820600
2010-08-05,40.84731674194336,40.92581575487732,40.57691905263859,40.74264473665019,39150200
2010-08-06,40.786258697509766,40.8647610422067,40.16696427121032,40.40247130530113,71339200
2010-08-09,41.06538391113281,41.16132827109158,40.812431522272554,40.995602564954375,26927600
2010-08-10,40.707767486572266,40.95199891873751,40.36759167563174,40.73393716020041,86694500
2010-08-11,39.60000991821289,40.05357537043274,39.43428088051928,40.036133360803966,92219700
2010-08-12,39.286006927490234,39.46045699850775,38.77138104803566,38.84115908002765,66000200
2010-08-13,39.006866455078125,39.303430412696315,38.99814212633131,39.13770144007184,46387300
2010-08-16,39.07665252685547,39.34705020884739,38.640529165333966,38.814979175414,55472900
2010-08-17,39.5738410949707,39.93146219244546,39.277277014575205,39.35577936901395,56927100
2010-08-18,39.730857849121094,39.966364983836435,39.347070292932514,39.49535071440575,61835400
2010-08-19,39.128997802734375,39.65234462966489,38.86732438926912,39.49533991611414,82969500
2010-08-20,39.18132019042969,39.277267859864516,38.84986883992749,39.06793051505861,65806700
2010-08-23,38.79753875732422,39.5476715665603,38.78009342137017,39.42555754223956,69612200
2010-08-24,38.07358169555664,38.48353551018949,37.91657697425618,38.35270046067787,79095800
2010-08-25,38.43992614746094,38.60565188445635,37.74212919253506,37.80318621813118,87247900
2010-08-26,37.977638244628906,38.657989894801354,37.94274756324609,38.57076651870282,91199000
2010-08-27,38.43992614746094,38.518428512849994,37.48045575035765,38.25675507067258,109568800
2010-08-30,38.0386848449707,38.59692228461962,38.029960513337535,38.25674655279341,49373200
2010-08-31,37.9078483581543,38.24802410675085,37.66362029810709,37.838070338437,72066900
2010-09-01,39.04176330566406,39.17260164991028,38.43991424231757,38.46608058022389,83523100
2010-09-02,39.477901458740234,39.49534679965949,39.015611570135,39.11155928151161,41816800
2010-09-03,40.132080078125,40.14080441080913,39.73084728596293,39.9140183440337,64041100
2010-09-07,39.86168670654297,40.14952647289343,39.80062968557899,39.96635541000149,51195200
2010-09-08,40.34142303466797,40.515873097046274,39.96635656512997,39.975080898295886,66879800
2010-09-09,40.49842071533203,40.73392775948397,40.40247303134151,40.69903708760421,61476400
2010-09-10,40.6467170715332,40.707774107665806,40.34143189087019,40.542048342071446,66995700
2010-09-13,41.21366882324219,41.318337526688566,40.943271068034434,40.960716406501845,64523400
2010-09-14,41.38812255859375,41.606184317777746,41.06539208666179,41.1613364657217,91405800
2010-09-15,41.6497688293457,41.69338048725597,41.16130960962451,41.28342691007197,67108200
2010-09-16,41.815521240234375,41.85041191985009,41.46662442615223,41.57129313764104,66885800
2010-09-17,41.957157135009766,42.0882985669294,41.74732617472839,42.0882985669294,76372600
2010-09-20,42.691551208496094,42.77897881076166,42.06206179970646,42.1145170270061,84475000
2010-09-21,42.68278884887695,42.98878866579058,42.49918895872877,42.717761209423614,82272000
2010-09-22,42.56916427612305,42.85768147788534,42.33310565699494,42.50796426395841,88315900
2010-09-23,42.55167007446289,42.980073414148166,42.24567007122334,42.28938388095043,85040000
2010-09-24,43.417213439941406,43.443441055883255,42.971327293182334,43.03252728714633,79495900
2010-09-27,43.18115234375,43.49589705708344,43.14617996779087,43.390983264355405,43859800
2010-09-28,43.163665771484375,43.31229670041272,42.48172112209949,43.28606575110224,104922900
2010-09-29,43.09373474121094,43.30356237536875,42.936362348017525,43.10247616965497,81679200
2010-09-30,42.901397705078125,43.57460121184513,42.62162525228543,43.31231495424582,122458600
2010-10-01,42.84893035888672,43.303561335511645,42.647844158001654,43.259847524040985,77675400
2010-10-04,42.38554000854492,42.88388458564794,42.14074009983428,42.726512262862926,71359900
2010-10-05,43.417213439941406,43.50464104984726,42.84018254317402,42.86641015911587,99301300
2010-10-06,43.04127502441406,43.46093361675798,42.76150262951811,43.36476123067187,81831200
2010-10-07,43.19865036010742,43.312308945521174,42.8401917462489,43.286077988794766,75693300
2010-10-08,43.495906829833984,43.600820646134274,42.91013440907811,43.216134429599826,83223900
2010-10-11,43.51337432861328,43.73194663084553,43.38222961321448,43.522115753237166,46880000
2010-10-12,43.81066131591797,43.898088959671036,43.06751300341359,43.44345787482327,88571700
2010-10-13,44.16910171508789,44.37018788063441,43.95927078769401,44.090415534208866,71122900
2010-10-14,44.0816764831543,44.274021246921215,43.8631041007464,44.195335055848375,68464000
2010-10-15,45.01716232299805,45.02590374946426,44.265272911227754,44.62373142903111,104654000
2010-10-18,44.85104751586914,45.21825081421741,44.85104751586914,45.02590607055168,72399400
2010-10-19,44.43138122558594,44.85103968243912,44.08166417730048,44.43138122558594,105739800
2010-10-20,44.7548828125,45.08711378980752,44.475110411130544,44.55379660746258,80861400
2010-10-21,44.84230422973633,45.20950417771052,44.4051595287293,45.03464563027783,85885400
2010-10-22,45.1483039855957,45.19201778847212,44.77235927758963,44.85104545682693,47406900
2010-10-25,45.36688232421875,45.664140892229995,45.331909943241,45.331909943241,51413900
2010-10-26,45.48926544189453,45.59418254589413,44.955948502916605,45.139551767341615,60498300
2010-10-27,45.62916946411133,45.664141845819394,45.16579707950404,45.25322469862432,57483400
2010-10-28,45.72533416748047,45.85647890928736,45.32316185082501,45.82150653345228,61220000
2010-10-29,45.62043762207031,45.89146863453231,45.61169285723089,45.72535145408923,46668700
2010-11-01,45.6553955078125,46.11876784258494,45.44556457528092,45.786536922388905,60555600
2010-11-02,46.14500427246094,46.27614904723636,45.970149019627264,46.03134902514908,48137500
2010-11-03,46.35482406616211,46.372310254258544,45.777793199577076,46.18871028196998,126225800
2010-11-04,46.9231071472168,47.08922425585305,46.77447956069925,46.861907160397905,84201000
2010-11-05,46.9231071472168,47.04551045600372,46.78322098660946,46.94933809524571,77937100
2010-11-08,46.984310150146484,47.06299632340063,46.73076544353322,46.84442399048901,39623500
2010-11-09,46.73077392578125,47.2466048584887,46.520942980633414,47.167918670951984,66828700
2010-11-10,46.966827392578125,47.01054119532239,46.424765566071315,46.79196884645172,83553700
2010-11-11,46.6695671081543,46.75699471035221,46.04007769985174,46.25865004049577,85163600
2010-11-12,45.908931732177734,46.66082109748496,45.55921799760055,46.42476257569205,99164300
2010-11-15,45.73408889770508,46.2324336889569,45.71660270597606,46.145002730311816,56723400
2010-11-16,44.9821891784668,45.68162001404431,44.457613550421684,45.4105891061302,101097000
2010-11-17,45.11333084106445,45.34938937475686,44.89475849525474,45.0084170489176,77836200
2010-11-18,45.83898162841797,46.15372626446741,45.576695543426275,45.60292315138089,71488300
2010-11-19,45.873966217041016,45.978880011958,45.58544911208255,45.77779384872152,54506100
2010-11-22,46.25865173339844,46.25865173339844,45.611676113949436,45.690362292866894,69918900
2010-11-23,45.52424621582031,45.856477102867395,45.261960077688066,45.78653235395256,76818300
2010-11-24,46.4422721862793,46.55593079153749,45.95267204390708,45.97015823972764,53444200
2010-11-26,46.13624572753906,46.450990402111074,46.04881479840854,46.14498715287765,23640300
2010-11-29,46.10127258300781,46.24990349246346,45.550469411740906,46.075044972282825,89269100
2010-11-30,45.541725158691406,46.11001448020404,45.35812522471914,45.62041132112933,118862100
2010-12-01,46.50345230102539,46.739510840845746,46.197452343007924,46.21493853134455,81758800
2010-12-02,46.97556686401367,47.04551161361299,46.520935997065806,46.573394559265296,56844600
2010-12-03,47.09797286987305,47.1591728660323,46.77448669943846,46.77448669943846,38014200
2010-12-06,47.08047866821289,47.16790960152569,46.93185108430476,47.10670961578128,39312000
2010-12-07,47.10670852661133,47.66625314627948,47.05424996783656,47.64876696002122,59067300
2010-12-08,47.281578063964844,47.34277806254518,46.940602355253255,47.22911949297465,48066900
2010-12-09,47.3253059387207,47.59633363151983,47.16793351412409,47.57010600580399,51679800
2010-12-10,47.640052795410156,47.69250804905224,47.29033554042526,47.46519416791771,44696200
2010-12-13,47.473907470703125,47.85859689029241,47.44767985942165,47.823624518484486,53110200
2010-12-14,47.56134796142578,47.753689374737654,47.412717018937464,47.59631700511455,69884800
2010-12-15,47.35151290893555,47.82362997678025,47.23785435516197,47.53511287915872,76951900
2010-12-16,47.718719482421875,47.78866090370519,47.26408857105688,47.39522998664418,65519400
2010-12-17,47.76076126098633,47.900924768871185,47.66439822273519,47.77828211719214,36844200
2010-12-20,47.795814514160156,47.97101643499921,47.445403988957196,47.8483737537069,48159600
2010-12-21,48.08489227294922,48.08489227294922,47.8483657094663,47.97977046976632,35775400
2010-12-22,48.07612609863281,48.146206176023234,47.997283922967746,48.06736400035816,35766500
2010-12-23,47.953487396240234,48.067367949075084,47.83960350164375,47.98852576693316,21664800
2010-12-27,47.97976303100586,48.05860520660985,47.48918912260758,47.81331992329138,29263700
2010-12-28,47.89216995239258,48.11117567562488,47.78704814093447,48.07613729964693,24160500
2010-12-29,47.99729919433594,48.09366225544892,47.944736613248196,48.0235788139986,24132700
2010-12-30,47.883399963378906,48.006042604942735,47.78703693307551,47.99728384844304,27553300
2010-12-31,47.70819854736328,47.84836205482212,47.48919285809875,47.822082441474095,38540100
2011-01-03,48.45282745361328,48.78571374715076,48.137458677199135,48.154979536084596,90994300
2011-01-04,48.41779327392578,48.66307865298612,48.1111832083377,48.6280369297596,43851500
2011-01-05,48.829505920410156,48.84702343335592,48.242568983886876,48.26884859506686,43787400
2011-01-06,48.98719024658203,49.022231958369204,48.776946659382126,48.882068452982075,46139600
2011-01-07,48.94340133666992,49.10108573519089,48.46158938197246,49.07480611602485,72261700
2011-01-10,49.12734603881836,49.21494695681227,48.68933476532715,48.838256994268974,55551800
2011-01-11,49.19744873046875,49.372653988793225,49.01348471302111,49.328853509652696,56663800
2011-01-12,49.5478630065918,49.5478630065918,49.23249418603141,49.43397907877552,51979300
2011-01-13,49.565372467041016,49.696773884208184,49.41644685080402,49.58288998258717,47364500
2011-01-14,49.93330001831055,49.95082087546874,49.460246900324776,49.58288955867032,43867400
2011-01-18,50.0734748840332,50.13479622710576,49.486541074120844,49.55662117687695,65805600
2011-01-19,49.50404357910156,50.161060634261844,49.337600461495114,50.161060634261844,67767200
2011-01-20,49.15364456176758,49.36388818256581,48.77695445426181,49.293808089553764,92357800
2011-01-21,48.77694320678711,49.4865227823239,48.75066359568767,49.3989185090569,59673300
2011-01-24,49.451499938964844,49.460258698752384,48.77696181539582,48.87332488187177,64103300
2011-01-25,49.521575927734375,49.539096787616224,49.10108531585699,49.20620713338575,55305100
2011-01-26,49.78437805175781,49.915779468610914,49.451488447225316,49.5916519635924,60547700
2011-01-27,50.09098815917969,50.23991044358463,49.863220340750644,49.94206253301269,53656100
2011-01-28,48.820762634277344,50.126038407947,48.59299811884319,50.08223458341965,123359900
2011-01-31,49.05729293823242,49.19745649867114,48.5229183197589,48.89084975451234,70571300
2011-02-01,49.97710037231445,50.090984272692886,49.37264583971224,49.4252050693009,76952900
2011-02-02,49.89827346801758,50.08223751144233,49.793151634883834,49.87199384517485,48661000
2011-02-03,49.985877990722656,50.05595809918571,49.40770289341045,49.801910604761126,45341900
2011-02-04,50.26618576049805,50.30122413036178,49.84569524627928,49.97709665223177,47647800
2011-02-07,50.502716064453125,50.783043094820414,50.28371036311857,50.36255254926948,45627100
2011-02-08,50.83560562133789,50.87064733784687,50.42387714852445,50.520236856281116,38099900
2011-02-09,50.74800491333008,50.91444805489678,50.590320530051294,50.756763671617996,62540800
2011-02-10,50.826847076416016,50.89692716796609,50.36255602689044,50.415115260112486,70194700
2011-02-11,51.19477844238281,51.22982016134307,50.607844687728665,50.67792478388693,47853500
2011-02-14,51.31741714477539,51.38749723094555,51.14221191670733,51.19477114589451,48506100
2011-02-15,51.247337341308594,51.3086586742051,51.01081076795265,51.194774766642155,39723800
2011-02-16,51.58023452758789,51.72039807215623,51.361228780339694,51.37874964113105,53061700
2011-02-17,51.56272506713867,51.65908815191543,51.29115667747357,51.32619840680389,38361900
2011-02-18,51.44882583618164,51.65907280795199,51.25609972387233,51.56270975179734,44334300
2011-02-22,49.9595832824707,50.92321044598871,49.8807410903807,50.7480052033707,92598100
2011-02-23,49.5478630065918,50.13479682348605,49.1711728422294,49.95959155186777,97842900
2011-02-24,49.81067657470703,49.959598905356565,49.17993884074879,49.65299214121747,98716100
2011-02-25,50.502716064453125,50.56403739348586,50.03842170522584,50.090984276580386,54094600
2011-02-28,50.60783004760742,50.853115325847185,50.30998220613287,50.70419307599055,51402800
2011-03-01,49.79313659667969,50.8268437786292,49.670493938102936,50.8268437786292,91993900
2011-03-02,50.055938720703125,50.38006619810916,49.74933209907059,49.7668529548441,61552900
2011-03-03,51.045860290527344,51.13346125327234,50.52024448876982,50.52024448876982,64146600
2011-03-04,50.78304672241211,51.03709081436839,50.450157096910935,51.028332056064535,62328400
2011-03-07,50.09974670410156,51.03709090713366,49.6442144109462,50.993290432010696,98470000
2011-03-08,50.30122756958008,50.528995368955925,49.73181475466402,50.03842139794484,62399100
2011-03-09,49.9595832824707,50.16983024196472,49.68801833108674,50.117267666650704,84764200
2011-03-10,49.1799201965332,49.51280980123011,48.97843535051613,49.398925899825045,102894400
2011-03-11,49.48653030395508,49.635452578502225,48.89959328002015,48.89959328002015,81679400
2011-03-14,49.311317443847656,49.574123579413445,48.934627424224196,49.21495441439589,73565800
2011-03-15,48.61050033569336,48.899586084471515,47.716956794609466,47.86587904724278,101276500
2011-03-16,47.43663024902344,48.47909605255738,47.10374068938415,48.20752781419884,176507700
2011-03-17,47.87465286254883,48.39150650766027,47.41912055314874,48.190018299737666,94434500
2011-03-18,47.76673889160156,48.442228520564896,47.7316477389726,48.442228520564896,94887200
2011-03-21,48.68787384033203,48.93350528613119,47.81061485221794,48.49487579207414,57423000
2011-03-22,48.60013961791992,48.78436316564382,48.49486615081187,48.7580464721052,36162100
2011-03-23,48.87208938598633,49.012450667138246,48.09132955042397,48.42468884808862,60365100
2011-03-24,49.74059295654297,49.845863114316955,48.96860399108508,49.24055552401904,69502400
2011-03-25,49.8633918762207,50.19675116759906,49.76689286978406,49.89848303246619,74131100
2011-03-28,49.591453552246094,50.09149094833785,49.565136851339496,50.0827198301949,37824000
2011-03-29,50.07394027709961,50.07394027709961,49.328268194403,49.47740394953319,47994800
2011-03-30,50.310794830322266,50.38097714619554,50.07393788044249,50.31956929304493,44935900
2011-03-31,50.3809814453125,50.42484372323765,50.13535001174981,50.223074567600115,50004300
2011-04-01,50.40728759765625,50.79328359419342,50.2581552146135,50.63537674951486,68031800
2011-04-04,50.240623474121094,50.600299531282474,50.02130872349885,50.547662786401226,48659100
2011-04-05,50.10902404785156,50.43361222840037,50.003753923972525,50.144115204636876,55349400
2011-04-06,50.231834411621094,50.64414709383682,49.9423407651011,50.495014713063966,49532100
2011-04-07,50.19675827026367,50.53011426233388,49.83708223404674,50.21430385086905,60697000
2011-04-08,49.959903717041016,50.50380339266294,49.6967266705451,50.424849944066395,42782200
2011-04-11,49.7932014465332,50.25815082479849,49.61775238686089,50.15287737322353,42451700
2011-04-12,49.451087951660156,49.687948278728705,49.258093250938614,49.56513255650297,50422800
2011-04-13,49.872161865234375,50.00375202494336,49.477398079060976,49.8195284785322,49979800
2011-04-14,49.78443145751953,49.85461376015598,49.32825652981179,49.53002563017699,53544100
2011-04-15,49.696720123291016,49.88971481384065,49.37213190711354,49.59144664137965,68530000
2011-04-18,49.3458137512207,49.36335933102062,48.52996269614901,49.19668134263717,69065000
2011-04-19,49.65284729003906,49.65284729003906,49.21421788519251,49.477398205281865,38608400
2011-04-20,50.775753021240234,50.82838642070145,50.468710356313615,50.53011822000342,67397500
2011-04-21,51.179290771484375,51.29333537978522,51.021383881983986,51.26701533388346,43666800
2011-04-25,51.31086730957031,51.3371840019926,51.12664042318436,51.22313942403494,25376800
2011-04-26,51.60035705566406,51.784580581613945,51.328405650826326,51.442450220142334,49400000
2011-04-27,51.95127868652344,52.01268654837457,51.46001244523693,51.69687277515306,56465500
2011-04-28,51.87232208251953,51.960046637968034,51.653007347420996,51.793368644024966,48100000
2011-04-29,51.828453063964844,52.012676614332875,51.740725173448986,51.77581632965533,44831200
2011-05-02,51.731964111328125,52.05654900312515,51.600373923219266,51.90741323350328,48149400
2011-05-03,51.48632049560547,51.75827194274821,51.170510121910674,51.70563520722728,38100000
2011-05-04,51.40735626220703,51.64421650255918,50.977501391790184,51.51262971112547,53097200
2011-05-05,51.12665557861328,51.731966455570806,50.951206448487625,51.15297562531425,72200000
2011-05-06,51.29332733154297,51.93372590671088,51.15296604584147,51.63545775628557,72507000
2011-05-09,51.48632049560547,51.688089628720306,51.1792812379257,51.38105037104054,40022000
2011-05-10,51.92495346069336,52.00390689612176,51.56527744295886,51.63545976177396,38053600
2011-05-11,51.54772186279297,52.030216844847956,51.19682037622521,51.845989966937644,61900000
2011-05-12,51.85478973388672,51.92496872685759,51.091575198008506,51.38984344771052,66100000
2011-05-13,51.240699768066406,51.819690593551094,51.22315418590292,51.731966029211264,63506600
2011-05-16,50.35466766357422,51.16174433285709,50.240623057183385,51.00383744600131,73115300
2011-05-17,50.495018005371094,50.50378912096868,49.98620629231501,50.09147641186991,63136000
2011-05-18,50.91612243652344,51.00384701390974,50.36344822885101,50.42485610231705,42351100
2011-05-19,51.065250396728516,51.17929501448418,50.74943659154532,51.074024861582394,35015800
2011-05-20,50.67924118041992,51.06523384694831,50.60905887024563,51.012600460794324,44703300
2011-05-23,49.93357849121094,50.13535099729214,49.69672151646361,49.98621523364221,43700000
2011-05-24,49.62654113769531,50.06517063571028,49.61777002018511,50.05639951820008,39314800
2011-05-25,49.81953811645508,50.056398441867394,49.53881551147991,49.56513220992214,41369000
2011-05-26,50.12657165527344,50.26693294161935,49.661625521717035,49.67039663802995,40564100
2011-05-27,50.3809814453125,50.43361818670906,50.17043782620355,50.214303450606,30127200
2011-05-31,51.19682312011719,51.19682312011719,50.59151241799806,50.85469273012465,47590100
2011-06-01,50.082706451416016,51.19682556070557,50.03884417946286,51.074009860646015,51795000
2011-06-02,50.18798828125,50.36344075646898,49.90726565949068,50.17921716340398,50198100
2011-06-03,49.433536529541016,49.99498502355608,49.36335755933729,49.60898897476591,57773700
2011-06-06,49.029998779296875,49.59144393291814,49.003682083494965,49.3194958190262,50175600
2011-06-07,48.94228744506836,49.35459695870332,48.907196276871936,49.16160222657899,46311100
2011-06-08,48.591365814208984,48.92472510494817,48.451004535973034,48.83699721450268,46426400
2011-06-09,48.6790885925293,48.91594550566605,48.45099944780106,48.60890628754323,45307500
2011-06-10,47.93341827392578,48.54750007730883,47.88955600507198,48.451001077944504,53740600
2011-06-13,47.93341827392578,48.187824118345084,47.76674031369069,47.959734965942744,37736800
2011-06-14,48.54750442504883,48.66154901146342,48.27555297943769,48.30187302028838,40565300
2011-06-15,47.62638854980469,48.38083177196271,47.529889531182995,48.08256359916715,59022400
2011-06-16,47.442169189453125,47.8106163698473,47.038627498788344,47.6527094792562,66316200
2011-06-17,47.293556213378906,48.00572695920604,47.15288022064933,47.82988448377924,70337000
2011-06-20,47.53974914550781,47.680425170146655,47.16168170041949,47.16168170041949,37402900
2011-06-21,48.559661865234375,48.61241664384402,47.5045897709136,47.706811391277974,55892800
2011-06-22,48.207977294921875,48.638796282744394,48.19918315411945,48.35744414874299,36833300
2011-06-23,48.656375885009766,48.68275159656625,47.530967472178205,47.689228449480346,80743300
2011-06-24,47.812320709228516,48.47174034563133,47.71560529258569,48.42777970733415,56298300
2011-06-27,48.57725143432617,48.82343371673719,47.75957073462438,47.86507694794595,49968900
2011-06-28,49.2982177734375,49.30701191456062,48.612422341047974,48.68275870012228,47028800
2011-06-29,49.50042724609375,49.597142650774416,49.14873882923286,49.41250598037385,65407300
2011-06-30,50.15985870361328,50.195028559839386,49.64990920426315,49.676284919441684,50347200
2011-07-01,50.915992736816406,50.986332447741034,50.04555726102519,50.18623668287445,53203900
2011-07-05,51.17095184326172,51.22370325462371,50.84563917526619,50.968730273752016,43128800
2011-07-06,51.33800506591797,51.425929677386115,50.94235269926375,51.109407784062746,49282700
2011-07-07,52.04140090942383,52.190871117084015,51.64575177722531,51.72488227446141,54799800
2011-07-08,51.90072250366211,51.90951664405981,51.32043333474197,51.5929946693794,69519500
2011-07-11,50.959957122802734,51.61937686824474,50.78411118655507,51.355609640864394,52080800
2011-07-12,50.57307815551758,51.05665176782592,50.5203233899276,50.95114559062686,84000700
2011-07-13,50.784095764160156,51.29404848901487,50.59945909646362,50.94235672332326,82378100
2011-07-14,50.19502258300781,51.153379250171895,50.00159175077857,50.91598777988556,98774200
2011-07-15,50.863224029541016,50.863224029541016,50.38844452670127,50.75771784601897,68281500
2011-07-18,50.590660095214844,50.81046657457815,50.098292374007976,50.58186595781112,59512200
2011-07-19,51.74245071411133,51.78641469895785,51.074240404606705,51.074240404606705,73904600
2011-07-20,51.52265167236328,52.0413952413047,51.434730397891165,52.03260445545014,57085500
2011-07-21,51.86556625366211,52.155709218469156,51.2940677582186,51.575419934872556,70148800
2011-07-22,52.40188217163086,52.48980680736434,51.80400806457083,51.83917791886422,43620400
2011-07-25,52.296363830566406,52.586510030203385,51.89192066196437,51.988636061843366,48916100
2011-07-26,52.428253173828125,52.60409906426121,52.15569187595778,52.26119806862507,40918900
2011-07-27,51.07424545288086,52.12931746784079,50.94236019326781,52.085356832630275,83969500
2011-07-28,51.16217041015625,51.8127992616947,50.89840322590401,51.100624845630115,61031900
2011-07-29,50.99510955810547,51.53143797112942,50.502741775628486,50.74892734385754,82860500
2011-08-01,50.75773620605469,51.71609305082026,50.142277097254194,51.61058682913462,85421100
2011-08-02,49.47405242919922,50.74893092901177,49.42129765642733,50.520330267648255,90853300
2011-08-03,49.94883346557617,50.010379021198354,48.66516087435912,49.53559614584333,103612300
2011-08-04,47.62767028808594,49.31578593365418,47.62767028808594,49.236655460362215,132830000
2011-08-05,47.328765869140625,48.383835025283084,46.00113192642126,48.11127694667227,214111800
2011-08-08,44.48004150390625,46.70448211210025,44.48004150390625,45.87801091614214,204804500
2011-08-09,46.625370025634766,46.669334024207004,43.899769813265394,45.14826956033019,193707100
2011-08-10,44.717445373535156,46.634158770922475,44.664690593742016,45.570295866624335,205917900
2011-08-11,46.6868896484375,47.20563301581926,45.1394536827114,45.35926013746672,143825300
2011-08-12,47.100135803222656,47.390281988522894,46.49347108029621,46.977044701815636,90483300
2011-08-15,47.794742584228516,47.794742584228516,47.064983139521246,47.29358385756683,73554300
2011-08-16,47.390296936035156,47.785946071356015,46.75725295315055,47.32875136591938,89219200
2011-08-17,47.108951568603516,47.84749851610583,46.6165835829528,47.45184932393887,84416600
2011-08-18,44.79657745361328,45.84285546838886,44.383340048878345,45.834064681769405,130019400
2011-08-19,43.98767852783203,45.42960872367183,43.952512034602236,44.33057615318646,96674600
2011-08-22,44.14593505859375,45.05154008655142,44.014053175751606,45.04274594864007,77107700
2011-08-23,45.96593475341797,45.96593475341797,44.26023750056457,44.44487415780509,75688400
2011-08-24,46.32642364501953,46.41434827052754,45.46478243893015,45.83405915810075,80197700
2011-08-25,45.570289611816406,46.511061254785545,45.412028648141096,46.30004551855802,93623700
2011-08-26,46.71329116821289,46.87155216006312,44.97242361184235,45.42082751943003,91573300
2011-08-29,48.01455307006836,48.067304506233484,47.161702409585985,47.17928733963518,45985800
2011-08-30,48.331058502197266,48.621201363394306,47.57492353971209,47.838690691886114,61617900
2011-08-31,48.41019058227539,49.008064602408155,48.00574402466928,48.621202969392,60900400
2011-09-01,47.97057342529297,48.92013579403965,47.88264880986569,48.53327754810302,57158400
2011-09-02,46.84517288208008,48.014545388399455,46.59019982211511,47.108943436635855,58185700
2011-09-06,46.853965759277344,46.9243021123422,45.64063264457669,45.75493299153664,52992200
2011-09-07,48.04091262817383,48.049706767231484,47.390287205122995,47.52216910515589,48952200
2011-09-08,47.82109832763672,48.506893487386094,47.66283739015905,47.79472262271737,61422800
2011-09-09,46.75725173950195,47.68923276189322,46.46710547021698,47.48700777506809,63663500
2011-09-12,47.35512924194336,47.39029909903819,46.22092650550147,46.23851143404888,65973000
2011-09-13,47.98816680908203,48.08487887213146,47.30236810376191,47.53096879019586,59020000
2011-09-14,48.67396926879883,49.21908864424198,47.75957309748746,48.23435611189708,90757300
2011-09-15,49.39492416381836,49.482845435069294,48.700334717398846,49.201493342288494,83536100
2011-09-16,49.84769058227539,49.90054320433331,49.40726214573301,49.504156939404695,91902100
2011-09-19,49.865291595458984,50.12954789775805,48.82588056090829,49.231073781780275,73042900
2011-09-20,49.64509963989258,50.51714616327555,49.53058729230598,50.12076321275749,66570100
2011-09-21,48.781837463378906,50.147164465768256,48.77302701602479,49.900525703071146,79938000
2011-09-22,47.19631576538086,47.97146744185785,46.46520290301442,47.53984942930629,151885500
2011-09-23,47.698402404785156,47.9009990882453,46.76469288256665,46.79992796496035,85940600
2011-09-26,48.25332260131836,48.341410275848325,46.87037803310936,47.936213693412896,96261400
2011-09-27,48.755428314208984,49.5041586990666,48.42951220043933,49.072537337423746,81148600
2011-09-28,48.033111572265625,49.30154728619896,47.91860262824775,48.966820821666396,76757100
2011-09-29,47.4605598449707,48.82588705528704,46.65898038393066,48.764227355222545,116900200
2011-09-30,46.236167907714844,47.22272643343745,46.20973992278016,46.82634026143236,104870100
2011-10-03,45.0470085144043,46.55327257848748,45.020583890185755,45.822163306762306,99149500
2011-10-04,45.97193145751953,46.06001918482597,44.13093995935527,44.588986060739074,137013700
2011-10-05,47.15226364135742,47.284393506034036,45.50506235878632,45.857406424455945,108825700
2011-10-06,47.945030212402344,47.953837300870006,46.87038396845924,47.09059814236878,71939200
2011-10-07,47.62792205810547,48.147627651601454,47.319623553574665,47.91860638540738,72525200
2011-10-10,49.2751350402832,49.2751350402832,48.35023594359911,48.43832365198009,48230200
2011-10-11,49.609867095947266,49.73318654111074,49.06373668442209,49.143013950627584,66449100
2011-10-12,49.856510162353516,50.41145107227496,49.82127843235778,50.08553488844313,85627600
2011-10-13,50.314537048339844,50.376196752549674,49.7067470953279,49.759599710451404,63443700
2011-10-14,51.248252868652344,51.2570599588467,50.65807701956148,50.93114385841872,65643600
2011-10-17,50.455482482910156,51.16897778619549,50.18241899267445,51.0104232743543,65161300
2011-10-18,51.08087921142578,51.34513553748655,49.90933824028098,50.37619119499506,91434600
2011-10-19,50.094303131103516,50.95754201028706,49.926941622757916,50.79898758755942,67639400
2011-10-20,49.84769058227539,50.13837160308817,49.14300575584803,50.085522341232554,80378300
2011-10-21,50.473087310791016,50.79019625459812,50.01504143198092,50.376192537938664,60455800
2011-10-24,51.52130889892578,51.66224583388462,50.481897743528776,50.65806639207614,61449500
2011-10-25,50.508331298828125,51.37157059810006,50.40262941897091,51.353953058090156,65299200
2011-10-26,50.44667053222656,50.895906032361545,49.51296109247274,50.79020415471839,98193800
2011-10-27,51.838417053222656,52.14671892387312,51.11611480571273,51.653437946953424,104455500
2011-10-28,51.91769027709961,51.9793499744198,51.53011455677249,51.54773209317847,42950000
2011-10-31,51.04563522338867,51.653425003197455,51.01040015668068,51.46844594328186,60520200
2011-11-01,49.715545654296875,51.01040594093682,49.433671809072045,49.786015795703726,99933000
2011-11-02,50.13837814331055,50.349785298916586,49.66271792355177,50.23527294962153,65003800
2011-11-03,51.177772521972656,51.248242670313225,49.953382256269045,50.53474753927225,78994200
2011-11-04,50.91352462768555,51.13373883745945,50.40262940831523,50.93114216769172,61527800
2011-11-07,51.27467727661133,51.30991235764023,50.358585331073584,50.8782910155419,65559000
2011-11-08,51.864837646484375,51.952921962569675,51.06325827338357,51.644623496069855,62906900
2011-11-09,50.041473388671875,50.93994768069348,49.8829189041856,50.86067043845034,69539000
2011-11-10,50.01504135131836,50.578789090421104,49.53057084803954,50.5347469283415,66052400
2011-11-11,50.957550048828125,51.10729740956042,50.38499530772508,50.446654997379234,54471000
2011-11-14,50.64044952392578,51.098492018046606,50.45546707646004,50.816618163110064,44617600
2011-11-15,51.2042121887207,51.40680887111501,50.43786427160032,50.49071689491281,52203900
2011-11-16,50.35859298706055,51.230642893990535,50.261701539804136,50.834256572658724,68342800
2011-11-17,49.1782341003418,50.24406996431801,48.869932220874716,50.22645242604544,101706900
2011-11-18,48.799468994140625,49.239897402534666,48.71138129634056,49.187044783854624,60417000
2011-11-21,47.86574935913086,48.20928290684354,47.37246843716825,48.138816123821094,52283700
2011-11-22,48.02430725097656,48.16524418728824,47.45174905709696,47.742433378353205,51940100
2011-11-23,46.94085693359375,47.71600845292151,46.914428946201745,47.663159198541145,48437300
2011-11-25,46.57969665527344,47.27557079619508,46.57088620780541,46.73825110768626,25448100
2011-11-28,48.200469970703125,48.262129658441886,47.68957157492372,47.71599619532577,46710700
2011-11-29,47.90099334716797,48.53520795322995,47.760056394687304,48.17405680248563,52056700
2011-11-30,49.671512603759766,49.715554770113954,49.0372946556134,49.20465959204197,66918600
2011-12-01,50.01504135131836,50.14717119775876,49.63627270907091,49.66270069447994,45362200
2011-12-02,49.874107360839844,50.508325284872015,49.83006519616023,50.508325284872015,36938900
2011-12-05,50.42024230957031,50.75496545828596,50.138365055606926,50.62283896069879,40492200
2011-12-06,50.27930450439453,50.60522055845488,50.11193957269185,50.46428361397999,38670000
2011-12-07,50.27930450439453,50.50832577909055,49.63627612501341,50.13836419971783,44576200
2011-12-08,49.43367385864258,50.34095848576565,49.336779090291444,49.953379412361116,51692600
2011-12-09,50.2264518737793,50.376195907146794,49.53938468971324,49.55699886759027,55757900
2011-12-12,49.66270065307617,50.2176379431794,49.239889849101615,49.69793236658954,55411700
2011-12-13,49.11656951904297,50.19121579905983,48.91397287546961,49.988619155486475,68557700
2011-12-14,48.35022735595703,48.96682776429751,48.077163908981916,48.93159268720334,63682800
2011-12-15,48.21809768676758,48.81707715697556,48.147627537212706,48.76422790501108,58732900
2011-12-16,48.46636199951172,49.12895352512637,48.386850881633364,48.47519507033608,60978900
2011-12-19,47.98927307128906,48.766714378322646,47.856753479482094,48.65186429009749,46733900
2011-12-20,49.41164779663086,49.473489388757685,48.74021998194816,48.766725928655376,81758800
2011-12-21,48.70488357543945,49.15544422105334,48.13947281619302,49.12010520607195,78552300
2011-12-22,49.12010192871094,49.146607873235446,48.74021596829239,48.81089399353944,40334100
2011-12-23,49.544166564941406,49.544166564941406,49.102438988735216,49.21728573206678,26594600
2011-12-27,49.728965759277344,49.888123637027256,49.454853966645224,49.50790884126912,21443500
2011-12-28,49.15420913696289,49.746639970337995,49.02157365659453,49.66705935672906,38180100
2011-12-29,49.507911682128906,49.543278227513355,49.07463861382395,49.23379987376772,28077900
2011-12-30,49.366432189941406,49.622855649441355,49.357588024371246,49.401798733039456,21832400
2012-01-03,50.312564849853516,50.56898835689238,50.17992932619844,50.32140564400183,39514100
2012-01-04,50.52479553222656,50.5955354027099,50.01194496347306,50.23300199913948,29403400
2012-01-05,50.940364837646484,50.98457555367641,50.22413909494053,50.41867029314592,41260600
2012-01-06,51.117210388183594,51.23215757370507,50.75467712470972,50.94920494724065,46325200
2012-01-09,50.94920349121094,51.26752603015171,50.781201428130544,51.24984106987041,39195500
2012-01-10,51.32057571411133,51.638898220817744,50.96688329042398,51.4885777601793,35949900
2012-01-11,51.42668914794922,51.541639707378444,51.11721076455677,51.31173858852,37144100
2012-01-12,51.63005447387695,51.700794308412654,51.16141487579131,51.541633053768294,26188300
2012-01-13,51.444374084472656,51.46205904538118,51.002260180943715,51.35595265299143,35980400
2012-01-17,51.91300964355469,52.134066577863535,51.71848183504447,51.89532468404264,41790800
2012-01-18,52.60271453857422,52.60271453857422,51.88648878949169,52.01028014470218,48692700
2012-01-19,52.929866790771484,53.02713237034792,52.744179796885966,52.84144200340166,47774500
2012-01-20,52.85028839111328,52.876814141909314,52.66460138941931,52.69996793279372,41041700
2012-01-23,52.867977142333984,53.2393511723661,52.55849541091277,52.859132976060195,40958300
2012-01-24,52.770713806152344,52.91219011502696,52.53197190247743,52.62923749727772,38440200
2012-01-25,53.43388366699219,53.56651917987002,52.90334836160326,53.28356319419322,61591800
2012-01-26,53.248199462890625,53.76104983547519,52.99177259006765,53.663784237296724,37852700
2012-01-27,53.40736389160156,53.50462612246263,53.10672628541406,53.13325204173421,45532300
2012-01-30,53.45158386230469,53.53116451810215,52.753042925089424,52.956414962558014,42797800
2012-01-31,53.52230453491211,53.81410131097332,53.17745625270245,53.716835718952915,51449600
2012-02-01,53.955596923828125,54.15012817748199,53.63727428078085,53.831805534434714,46146700
2012-02-02,54.12358474731445,54.300430988196474,53.91137195670522,54.13242891454237,46373600
2012-02-03,54.866336822509766,54.928232501493184,54.53917346601719,54.62759490083307,36453800
2012-02-06,54.822113037109375,54.83979799446928,54.521475508112474,54.66295179393097,28541300
2012-02-07,54.93707275390625,55.04317914273629,54.53032541277873,54.77791148413054,37935700
2012-02-08,55.22886657714844,55.22886657714844,54.74254197057793,54.94591395612337,41171100
2012-02-09,55.62677001953125,55.688665694859004,55.105075489582134,55.441082993548,46856400
2012-02-10,55.23772048950195,55.38803762022767,55.04318926332805,55.228876321187556,58090500
2012-02-13,55.750579833984375,55.82131969953631,55.39689062541203,55.65331420538168,36810200
2012-02-14,55.89203643798828,55.90088060458768,55.43223759359568,55.6267687820475,51648200
2012-02-15,55.50297927856445,56.4667877131912,55.41455447493825,56.15730596009154,105709100
2012-02-16,56.26341247558594,56.325308148019516,55.37918472875066,55.52066103332186,83642300
2012-02-17,56.08656311035156,56.31646082750588,55.83898043448369,56.27225011725247,76112300
2012-02-21,56.2457160949707,56.49329873443239,55.892023718830735,56.14845052287919,38141300
2012-02-22,55.98929977416992,56.30762229768543,55.90971914329104,56.13962024274607,43174700
2012-02-23,56.360687255859375,56.42258293838375,55.785937777491085,56.06004963800025,54250000
2012-02-24,56.55519485473633,56.65246042761972,56.413718577740624,56.51982494222228,41364900
2012-02-27,56.63479232788086,56.82047935319674,55.998147243299194,56.24572994372037,42678500
2012-02-28,57.20954895019531,57.20954895019531,56.61711780876139,56.68785766789137,43717500
2012-02-29,56.953125,57.43944632057634,56.76743119553352,57.25375926223368,59784400
2012-03-01,57.40406036376953,57.45711861285412,56.99731643343809,57.16532185431571,67558900
2012-03-02,57.3598518371582,57.54553883979865,57.174164834517754,57.324481920542624,33358200
2012-03-05,56.76742935180664,57.395237107019746,56.58174567255665,57.32449725486565,45788800
2012-03-06,56.210350036621094,56.342985530032415,55.909712508208045,56.210350036621094,54638600
2012-03-07,56.64361572265625,56.77625120678853,56.387192292026576,56.47561369940777,42741800
2012-03-08,57.253746032714844,57.421751461685794,56.8558462490831,56.9796375927073,43711100
2012-03-09,57.49248123168945,57.59859098271717,57.315638392765145,57.35100830977438,43117200
2012-03-12,57.51902389526367,57.57207540709321,57.22722708795511,57.47480980465702,32687300
2012-03-13,58.588924407958984,58.588924407958984,57.71353420070848,57.82848810964599,61559100
2012-03-14,58.792301177978516,59.01335811536343,58.42977130865088,58.65082824603579,59926900
2012-03-15,58.9603271484375,59.084118536806955,58.66853027037034,58.969171317928094,65531200
2012-03-16,58.91869354248047,59.051554251743376,58.77698040815606,59.051554251743376,53023100
2012-03-19,59.334991455078125,59.476711356955825,58.85669692260616,59.01612843343015,60966200
2012-03-20,59.44124984741211,59.50325058219749,58.865524877220295,59.02495630346459,47290600
2012-03-21,59.450138092041016,59.77785352574305,59.370418961156346,59.450138092041016,39648100
2012-03-22,59.32612228393555,59.467835388236296,59.0604009217061,59.09583088717502,56953900
2012-03-23,59.290679931640625,59.41468140608838,58.95409870879084,59.396963048268105,45541700
2012-03-26,60.326988220214844,60.326988220214844,59.63612084760065,59.68926241239425,40855300
2012-03-27,60.41554641723633,60.6635493416526,60.34468650809658,60.37126404220364,37278200
2012-03-28,60.17641067504883,60.68127576907023,59.82211783979769,60.450984412520924,44421900
2012-03-29,59.94611358642578,60.167545742587585,59.52096087326295,59.87525367463646,53975300
2012-03-30,59.830997467041016,60.24728442634083,59.59184684954477,60.21186121252577,39480900
2012-04-02,60.45100021362305,60.53071257466409,59.66270199686463,59.768991902494896,40031600
2012-04-03,60.43327713012695,60.71671006706675,60.09669587167864,60.50413029618121,45539900
2012-04-04,59.609554290771484,60.01698875074454,59.26412057997748,59.98155878584581,54088100
2012-04-05,59.98154830932617,60.034689868605,59.458964865314215,59.503254003095684,42979900
2012-04-09,59.52983856201172,59.76898914926959,59.13126326001556,59.23754640317441,36908200
2012-04-10,58.5732536315918,59.73356316314516,58.387251361092936,59.50327174166176,69254200
2012-04-11,58.8566780090332,59.24640085638273,58.706105729857136,59.086969396791986,62950000
2012-04-12,59.52983856201172,59.59183931471279,58.883260249211254,58.971831787702044,57407400
2012-04-13,58.626365661621094,59.520946490899796,58.59979489051381,59.32609191692258,55227500
2012-04-16,57.970951080322266,58.95411065377044,57.78494883096381,58.918680688524795,57588000
2012-04-17,59.14896011352539,59.33496232524153,58.13037078096924,58.218949054944716,47362400
2012-04-18,58.99838638305664,59.343820018678905,58.82124335468695,58.98066802567565,42536100
2012-04-19,58.3340950012207,59.494397481120224,58.121521997037924,58.78581854798632,81110900
2012-04-20,58.17467498779297,58.909831603757155,58.086103448447055,58.652969409351286,59906900
2012-04-23,57.64323043823242,57.73180196443178,57.12064694577989,57.625512078447976,70514400
2012-04-24,57.33323287963867,57.77609731580664,57.08522311902159,57.536946736033926,49661500
2012-04-25,58.8566780090332,58.89210797311722,58.43153195517434,58.52010348659705,57526900
2012-04-26,59.202091217041016,59.33495184696813,58.76808613301329,58.8478052139985,41799500
2012-04-27,59.556434631347656,59.742436968414616,59.1401407903786,59.4501514430683,46003800
2012-04-30,59.131248474121094,59.49439371840066,59.08695933716268,59.37925142291173,37787700
2012-05-01,59.22868347167969,59.90183245084437,58.98067374730035,59.069252027651416,37643800
2012-05-02,59.39695739746094,59.441246530224575,58.794661682769096,58.93638150155442,38299300
2012-05-03,58.76811218261719,59.47669801793528,58.617539888824076,59.43240886913715,51297600
2012-05-04,57.30665588378906,58.76810988860009,57.29780346043527,58.22781473071495,107554000
2012-05-07,57.359806060791016,57.63437986026141,56.943512392190534,56.961223997044144,50267800
2012-05-08,57.1472282409668,57.34208968899764,56.226072711156846,56.996655942970435,72659700
2012-05-09,56.970069885253906,57.28893275882001,56.25262841973017,56.4829197745443,85715300
2012-05-10,56.85492706298828,57.244643093422376,56.6423506896398,57.226931492864594,49448900
2012-05-11,56.84606170654297,57.44835742366177,56.60691457955876,56.6600595118174,47099900
2012-05-14,56.314640045166016,56.757504455541515,56.22606513581853,56.3589258104461,46360000
2012-05-15,56.12862777709961,56.925781594088846,56.03119707775065,56.46520563518142,66908600
2012-05-16,55.74776077270508,56.49177298397376,55.632618479365746,56.32348575454856,52825900
2012-05-17,54.56974792480469,55.85405526680277,54.560888745330594,55.76548036599673,62253900
2012-05-18,53.86117935180664,54.879765630006055,53.81689020071236,54.73804913135275,79496500
2012-05-21,55.36690902709961,55.42005397455932,53.89659926858847,53.967459198534755,61473000
2012-05-22,55.304901123046875,55.756624671046815,54.90632589441832,55.5263333073014,62954800
2012-05-23,55.411197662353516,55.544054961598,54.357178176228686,54.83547256259857,56951100
2012-05-24,55.04805374145508,55.54405977433854,54.64061587028806,55.49091820155114,83131200
2012-05-25,54.97718811035156,55.19862031745908,54.817756650931166,55.1011896057258,32078900
2012-05-29,55.67692947387695,55.9337917132088,55.16320499521328,55.490927181445585,44216700
2012-05-30,55.20746612548828,55.40232412296892,54.63174117494614,55.17203617002398,56431800
2012-05-31,54.96833419799805,55.27833794708848,54.55204055311593,55.13662146482036,55260100
2012-06-01,53.50688171386719,54.312894862652236,53.48916673074374,53.97631694088195,71430800
2012-06-04,53.914302825927734,53.99401854083079,53.17914979185444,53.65744408127276,74119500
2012-06-05,54.135746002197266,54.24203589621004,53.70174076073434,53.728311544843834,47916900
2012-06-06,55.37577819824219,55.420063973054624,54.49004918684123,54.54319414388898,58781800
2012-06-07,55.15433120727539,55.960344257119196,55.11004544429681,55.960344257119196,38414800
2012-06-08,55.68577194213867,55.7566318720695,54.879758822506304,55.0657610703936,39730800
2012-06-11,54.74690246582031,56.137496516204045,54.711472500244135,56.11092235262817,51008900
2012-06-12,55.411197662353516,55.437768446444935,54.63175533406045,55.003759826489876,48802600
2012-06-13,55.03032684326172,55.668049230154395,54.844321242413855,55.2517590253686,50840100
2012-06-14,55.23404312133789,55.45547529974044,54.7380338253529,55.021466743405206,65170600
2012-06-15,55.92029571533203,56.00019466775356,55.36100304838133,55.38763490367074,41536100
2012-06-18,56.44407653808594,56.58611874276231,55.600699466202876,55.68947457416812,32191200
2012-06-19,57.02998352050781,57.26968370296374,56.68375594416472,56.72814687368764,36476500
2012-06-20,57.074398040771484,57.32297109339156,56.64827135632828,57.15429361921036,51389700
2012-06-21,55.65394973754883,57.09212713593826,55.59180649966828,57.029983898057715,42492700
2012-06-22,56.239891052246094,56.31091385210194,55.68947789957724,55.84039965599417,29504200
2012-06-25,55.156822204589844,55.79601049089444,54.9970242863753,55.77825817691824,33136400
2012-06-26,55.50304412841797,55.66284203001986,55.0946732183479,55.34324622681607,30611100
2012-06-27,55.840389251708984,56.088962231782894,55.653956130100696,55.71609937511917,35705800
2012-06-28,55.218955993652344,55.458652829868484,54.63303152286389,55.42314143489875,49793400
2012-06-29,56.958984375,56.958984375,56.11560387616526,56.28428133055359,44761300
2012-07-02,57.127647399902344,57.15427925268768,56.70152082257198,57.03887229958256,33425600
2012-07-03,57.607032775878906,57.607032775878906,57.07437547753896,57.16315056507811,15895100
2012-07-05,57.64255905151367,57.926643468865834,57.24306766786765,57.55378394104864,37016200
2012-07-06,56.92347717285156,57.429502800222394,56.50622666424436,57.376232310478294,40684100
2012-07-09,56.81692886352539,57.047749533503065,56.53284449013199,56.86131979844231,35628300
2012-07-10,56.25763702392578,57.26969142754238,56.035695892585395,57.12764585239374,47365700
2012-07-11,55.94693374633789,56.337549008765016,55.48529567989472,56.18663063006148,43432000
2012-07-12,55.42314147949219,55.653958773875104,54.917115953701966,55.50304042496185,57680400
2012-07-13,56.266536712646484,56.39082324885111,55.538569812115824,55.574077832064205,32357200
2012-07-16,56.106719970703125,56.39080435442897,55.88477883425774,56.1422313653071,27621400
2012-07-17,56.39967346191406,56.58610656701116,55.6006875024864,56.46181670142891,42467800
2012-07-18,57.16316223144531,57.331839673368414,56.27539762866081,56.293153327102885,44489700
2012-07-19,57.7934684753418,57.9798982104077,57.45612039852336,57.56264780535775,53017800
2012-07-20,57.02998352050781,57.79346145118872,57.003351672036025,57.77570914324249,40573100
2012-07-23,56.33753204345703,56.53284130913262,55.49415512578378,55.92028504844918,48657800
2012-07-24,55.89366149902344,56.5150974307537,55.52967812832552,56.43519847686619,57269700
2012-07-25,55.52079772949219,55.8847810723776,55.17457008461986,55.45865447972295,46264400
2012-07-26,56.25763702392578,56.5772327949044,55.90253324571291,56.31978026977686,41928200
2012-07-27,57.58930206298828,57.69582949873991,56.497348434781124,56.66602590553129,42621000
2012-07-30,57.544891357421875,57.979894041296276,57.34958209479513,57.73132107908233,37821300
2012-07-31,57.52714157104492,57.86448963839799,57.47387109601667,57.63366897489035,34588300
2012-08-01,57.35846710205078,57.95326771447682,57.12764642666684,57.935515403957695,30920200
2012-08-02,57.1542854309082,57.722454262099504,56.737038350438354,56.92347149974761,40534900
2012-08-03,58.23735427856445,58.485927273789606,57.873374327872234,58.07755638547598,42117400
2012-08-06,58.681243896484375,58.93869646603211,58.41491855678833,58.539205069934546,23523600
2012-08-07,59.169490814208984,59.40918419044367,58.84101559119467,58.92979066487033,28223300
2012-08-08,59.14286422729492,59.267150696110875,58.92092313682293,59.018577758478976,20723500
2012-08-09,59.320438385009766,59.40034073191383,59.02747440154036,59.13400860637668,20726200
2012-08-10,59.355934143066406,59.373686452640094,58.95644283315594,59.107361170401624,20312000
2012-08-13,59.49797058105469,59.506850122042394,59.0363360462727,59.33817270880222,19890300
2012-08-14,59.524620056152344,59.84421585892387,59.355942612160014,59.7199225817514,24218700
2012-08-15,59.675540924072266,59.76431603455114,59.47135207417476,59.48023161715468,29100400
2012-08-16,60.3857421875,60.51890822567238,59.8264529549033,59.89747574500937,35699900
2012-08-17,60.652069091796875,60.66094863307945,60.37686426998624,60.51890306498011,22584800
2012-08-20,60.7408447265625,60.7497242679242,60.36798526663742,60.607678698559106,26924000
2012-08-21,60.50114059448242,61.149204764054616,60.261440431848285,60.90063183473354,41391000
2012-08-22,60.749725341796875,60.865132289116914,60.19930891043571,60.36798633376209,44555700
2012-08-23,60.25259017944336,60.66983388208204,60.09279226901116,60.47453134542658,28800400
2012-08-24,60.62544631958008,60.767485135843934,60.012886568356784,60.11054121777228,38384800
2012-08-27,60.72311782836914,60.962811360597826,60.58995174463837,60.88291577422439,20671400
2012-08-28,60.72311782836914,60.89178854619363,60.46566520598522,60.66984733101181,27337900
2012-08-29,60.72311782836914,60.87403622914677,60.46566520598522,60.72311782836914,26672400
2012-08-30,60.11053466796875,60.48339413977843,60.01288002919396,60.45676228794999,24425400
2012-08-31,60.51002883911133,60.76747457215492,59.89746919437411,60.54553345717538,42128000
2012-09-04,60.447906494140625,60.67872725584465,59.85310565927681,60.39464276955832,32017200
2012-09-05,60.3857421875,60.67870611685801,60.22594429631437,60.421253582553035,26129300
2012-09-06,61.72627639770508,61.744035484038136,60.740857072534844,60.7586161588679,43100000
2012-09-07,61.63751983642578,61.74405406716701,61.45996955829934,61.58425610760964,32958600
2012-09-10,60.84737777709961,61.61085576553866,60.80298684421845,61.47768974000061,25490000
2012-09-11,60.749725341796875,61.09595295686265,60.652070704408516,60.8562595207039,29810100
2012-09-12,60.9272575378418,61.08705537245105,60.554398181454765,60.97164845921801,42203400
2012-09-13,61.752906799316406,62.01923890318265,60.91841263520859,60.980555889696475,45417800
2012-09-14,62.303306579589844,62.525247682142805,61.95707900145563,61.974831309493695,38880300
2012-09-17,62.32993698120117,62.356568829192476,62.10799588380061,62.338816521566535,31798400
2012-09-18,62.38319396972656,62.409832587958455,62.16125289618916,62.1701324355998,27169800
2012-09-19,62.49863815307617,62.65843607490561,62.196794623795085,62.374351633109654,36484600
2012-09-20,62.43647384643555,62.498617085471,62.02810302233045,62.19677365793805,42520200
2012-09-21,62.45427322387695,62.8014881619873,62.391952768124334,62.74807256917656,23678500
2012-09-24,62.089263916015625,62.19610192048091,61.804369363196784,61.937915170672916,32341600
2012-09-25,61.21676254272461,62.39195313847861,61.190054746160705,62.24950250024405,41299600
2012-09-26,60.718177795410156,61.17223060727731,60.40657558821453,61.136617956109426,32770400
2012-09-27,61.55508041381836,61.69753107008959,60.76271731746778,60.869555309671206,25339500
2012-09-28,61.047630310058594,61.53729609863303,60.99421469400436,61.350334650020024,30112600
2012-10-01,60.95856857299805,61.72422368099131,60.762702365034265,61.341396126994674,37715300
2012-10-02,61.136653900146484,61.41265041085937,60.65589301535463,61.225682184199194,33254300
2012-10-03,61.52836608886719,61.64410214049804,61.06540829750292,61.30579205636294,38236000
2012-10-04,61.74201965332031,61.91117804884445,61.430417445053784,61.62628363094095,26128600
2012-10-05,61.412628173828125,62.14267070659397,61.25237460359073,62.05363566235747,25207900
2012-10-08,60.851722717285156,61.18113464182482,60.709278906956236,61.05649376063005,30911500
2012-10-09,59.88132858276367,60.84284338506926,59.73887792024643,60.691494650460776,67974000
2012-10-10,59.5786247253418,60.032677724669256,59.471793520150506,59.863519259887724,45134300
2012-10-11,59.39168167114258,60.06830894687124,59.35606899427017,60.02379140267483,30469400
2012-10-12,59.36495590209961,59.70326604140424,59.249219831595234,59.38275883893816,24891200
2012-10-15,59.80118179321289,59.88131196674948,59.23139288609325,59.58751265114792,22220100
2012-10-16,60.646968841552734,60.71818736269162,59.872408839546964,59.89021177172675,33960600
2012-10-17,60.61137771606445,60.807244001719425,60.2552578141847,60.33538122608601,33439400
2012-10-18,59.90803527832031,60.611370128571394,59.685461216560654,60.41550386743548,61707600
2012-10-19,58.474647521972656,59.89021504614112,58.40342220451987,59.836799454261595,75362600
2012-10-22,58.777374267578125,58.92872984081002,58.314423057922035,58.44796889669206,38621500
2012-10-23,58.216468811035156,58.715032516623594,58.038412285445304,58.29659900224533,52591200
2012-10-24,58.01171112060547,58.643820688890735,57.922676055206615,58.545887550889454,39872400
2012-10-25,58.01171112060547,58.51027488321428,57.84255264725384,58.412341745213,52688700
2012-10-26,58.180870056152344,58.42125389482798,57.55766527518346,58.01171835413089,54213100
2012-10-31,57.82474899291992,58.21648158608484,57.62888948876001,58.109643571833715,38524500
2012-11-01,58.64380645751953,58.75954250506127,58.02059511307435,58.1897535453755,26945000
2012-11-02,58.02060317993164,58.94651206625921,57.967187580165806,58.91089940227494,44083000
2012-11-05,58.40345001220703,58.51919290628161,57.90488613749612,58.029527106173845,28094700
2012-11-06,58.51027297973633,58.910903591310394,58.27879404358915,58.50136811500177,29608400
2012-11-07,57.13032150268555,57.95829747196024,56.889944450119344,57.88707212585809,70737800
2012-11-08,56.231109619140625,57.42410670039256,56.231109619140625,57.29056090772136,58585800
2012-11-09,56.471500396728516,57.076902214776055,56.231119963426295,56.26673263418467,51542100
2012-11-12,56.46259307861328,56.86322711671638,56.31124432878048,56.80090664370157,32663700
2012-11-13,56.070858001708984,56.6050377950015,55.89279807061148,56.026343867987286,43288300
2012-11-14,55.41204071044922,56.40917157059715,55.32300904673289,56.34685110410108,82655300
2012-11-15,55.2250862121582,55.63462514919556,55.0203184417452,55.44766031863469,55124200
2012-11-16,55.46546936035156,55.62572299652885,54.584077757587984,55.2696064465216,70873100
2012-11-19,56.7830924987793,56.82761002727613,56.05304986141116,56.07085619356777,55306400
2012-11-20,56.80091857910156,56.881045403558986,56.25783714624703,56.76530590240676,52012700
2012-11-21,56.91664123535156,56.99676463988409,56.62284183388921,56.86322223611911,19611700
2012-11-23,57.78023147583008,57.798034413240735,57.20153751986846,57.23715018711152,16462900
2012-11-26,58.02950668334961,58.065119346498825,57.45971765780408,57.63777418112919,26430900
2012-11-27,57.833641052246094,58.225373558666085,57.735707925641094,58.02060244146808,25828600
2012-11-28,58.33220672607422,58.3767242550961,57.20153348858391,57.55765334349515,37295800
2012-11-29,58.67942810058594,58.88419243084995,58.38562871289803,58.64381543610063,41136100
2012-11-30,58.5815315246582,58.732880348842464,58.41237296090788,58.688362792352756,33497400
2012-12-03,58.46577453613281,59.08898621500451,58.439066725631314,59.035563801577666,28240000
2012-12-04,58.430137634277344,58.554778559893826,58.04730999347787,58.49245809708559,49584500
2012-12-05,57.78023147583008,58.3500205668755,57.46862912798052,58.341115701959296,54076200
2012-12-06,58.15414810180664,58.29659875561271,57.450813281586484,57.602162006939665,47512300
2012-12-07,57.806941986083984,58.501372048799325,57.611075703282815,58.43905157631006,30089400
2012-12-10,57.97610092163086,58.27879842112638,57.64668882592504,57.64668882592504,33219600
2012-12-11,58.73283004760742,59.062235230783294,58.33219275959888,58.376710277961934,40750800
2012-12-12,58.60820388793945,59.04444714945661,58.447950290913774,59.04444714945661,45917700
2012-12-13,58.14524841308594,58.90200569204945,57.895966539158884,58.492463422115996,45467700
2012-12-14,57.593257904052734,57.94047284581735,57.3973916717916,57.75351147659181,39630300
2012-12-17,58.35892105102539,58.376723987099645,57.566557943506645,57.646681344472675,42302900
2012-12-18,59.24922561645508,59.33825389418324,58.492468274710205,58.65272189158978,55596000
2012-12-19,58.99102020263672,59.43616824293825,58.95540754432219,59.418358517570965,34832500
2012-12-20,58.99102020263672,59.12456597321119,58.6972208658569,59.097851385160254,40754300
2012-12-21,58.37063980102539,58.44226186057276,57.833488014931156,58.08415839309143,51152900
2012-12-24,58.25425338745117,58.3169209758707,58.11996374647936,58.21844236117503,11418300
2012-12-26,57.74394226074219,58.352715878716715,57.55593954743059,58.299002769271404,21751300
2012-12-27,57.6544303894043,57.86928970310704,56.9382235700559,57.797667655121316,52933200
2012-12-28,57.09934997558594,57.681266960866154,57.07249342446182,57.21573405566719,33082100
2012-12-31,58.30794906616211,58.41538211284687,56.920308071977985,57.036688749863515,57544000
2013-01-02,60.16112518310547,60.18798856690844,59.51654740714051,59.74036112706315,70695900
2013-01-03,59.847782135009766,60.28645507542654,59.66873390674842,60.16111994959317,47366500
2013-01-04,59.65083694458008,59.87465068990302,59.50759969930519,59.87465068990302,33972500
2013-01-07,59.66873550415039,59.76721408140615,59.310632207788764,59.498634901571855,26766200
2013-01-08,59.552364349365234,59.82094360291011,59.239026440398966,59.65979741683401,28734900
2013-01-09,59.77616882324219,59.9373149842633,59.57921847555246,59.64188604760217,25600300
2013-01-10,60.13425064086914,60.223774736007236,59.57919715286256,60.18797056215251,37528000
2013-01-11,60.21485900878906,60.241715568533714,59.982090773911644,60.107425939556194,21158600
2013-01-14,59.94626235961914,60.116362962325816,59.686637640317684,59.91045134693078,36768500
2013-01-15,59.65083694458008,59.74036790691202,59.382264548344615,59.65083694458007,31675300
2013-01-16,59.892555236816406,60.09846004252163,59.62397602995843,59.73140907875221,33822300
2013-01-17,60.17904281616211,60.411811031044074,60.035798736156686,60.134277333597,32024200
2013-01-18,60.04473114013672,60.107398694553545,59.77615200392109,59.99996567401706,31992000
2013-01-22,60.14322280883789,60.18798828471361,59.74036084696705,60.10741179418785,32123100
2013-01-23,60.51027297973633,60.68932805068934,60.39389230630629,60.48341642665652,31975700
2013-01-24,59.677696228027344,60.23274990690086,59.588165271851494,59.677696228027344,42596300
2013-01-25,59.98207092285156,60.15217151861193,59.74930276500874,59.86569025905615,39240100
2013-01-28,60.11635971069336,60.32226448469895,59.91940256668669,59.99102458818946,32926100
2013-01-29,60.12532043457031,60.25960320106219,59.650829615372736,60.044743944422564,35554700
2013-01-30,59.99998092651367,60.41180419480019,59.86569815452121,60.23274911505542,34445000
2013-01-31,59.86569595336914,60.295414468450836,59.811976016294444,59.973122167013244,34870500
2013-02-01,60.57294464111328,60.68037084857996,60.04474074347715,60.28645654052944,53120800
2013-02-04,59.51655197143555,60.39389799587404,59.498643047526805,60.22379737000704,48483700
2013-02-05,60.39388656616211,60.58188925010461,59.632921370132394,59.77615858302824,35120300
2013-02-06,60.19694137573242,60.474475056880244,60.01789311649464,60.19694137573242,43593200
2013-02-07,60.25065994262695,60.31332751495527,59.58816637200981,60.268562036040855,46017900
2013-02-08,60.86840057373047,60.993735758271484,60.54610814769491,60.555062612377924,39837200
2013-02-11,60.88626480102539,60.931023431068546,60.680353246025994,60.9041668869926,17650400
2013-02-12,60.6356086730957,60.922089926737705,60.572941112306886,60.80570243509286,22057900
2013-02-13,60.85047149658203,61.083239663355634,60.67141643358224,60.814660483982074,23494700
2013-02-14,60.83256149291992,60.922092437953154,60.53713259716751,60.57294360913038,24478800
2013-02-15,60.65351486206055,60.97580714796917,60.483414258316465,60.82361546580463,25333600
2013-02-19,61.09218215942383,61.11009107934481,60.75198781369369,60.76988990336299,23436500
2013-02-20,60.15219497680664,61.10116323849221,60.143240512945084,61.07430667716219,38200300
2013-02-21,59.50758361816406,59.99102199704918,59.292724393187875,59.92835443850397,45855600
2013-02-22,60.10742950439453,60.11638396825857,59.615036445692304,59.84780469437469,21968000
2013-02-25,59.36436080932617,60.70724339856628,59.310647691437865,60.492384096759,40927600
2013-02-26,59.588165283203125,59.69559833248282,59.05101369731066,59.44492804774986,42088800
2013-02-27,60.19694137573242,60.56399918649914,59.507598064388354,59.58816773196937,36339500
2013-02-28,60.071598052978516,60.644560600868,60.062643592159276,60.205887644257814,28557300
2013-03-01,60.3222770690918,60.42971012375857,59.5702661771844,59.86570195482802,31617200
2013-03-04,60.59084701538086,60.59980147612901,60.044741024032724,60.12531751026148,19380500
2013-03-05,61.486106872558594,61.56667653512548,60.94895529802079,60.94895529802079,35581900
2013-03-06,61.33393478393555,61.69203822484549,61.25335826535967,61.67412929615973,29071100
2013-03-07,61.49508285522461,61.59356147521687,61.28021668601137,61.40555186959148,21775900
2013-03-08,61.56666564941406,61.79047933508632,61.324949874198744,61.70095522686774,26159900
2013-03-11,61.7457275390625,61.763629630589556,61.29810011810975,61.48610281527962,23187900
2013-03-12,61.52192687988281,61.70992961693569,61.2264910801195,61.566685533321774,27575400
2013-03-13,61.44132995605469,61.67409809944289,61.22647073229336,61.60247608143859,34297300
2013-03-14,61.647281646728516,61.78157131026804,61.51299198318898,61.65623611236609,31530800
2013-03-15,61.47587966918945,61.72713015418209,61.32332886381913,61.69123624974568,30752600
2013-03-18,61.34124755859375,61.592497913824914,60.77593425932362,60.910527773869795,36163000
2013-03-19,61.22462463378906,61.646362575931946,60.677254612424974,61.5297125297301,33125100
2013-03-20,61.65532302856445,61.78992341651485,61.368178729098325,61.65532302856445,28035400
2013-03-21,60.95542907714844,61.242573470125585,60.81185345762869,61.090029508932616,30050800
2013-03-22,61.54764175415039,61.59251083244926,61.13487224882939,61.20666003568352,28837200
2013-03-25,61.32331848144531,61.87966363692406,61.027205800587346,61.74506322959166,24909800
2013-03-26,61.65532302856445,61.673273398189906,61.422016145854435,61.556616533804835,19725200
2013-03-27,61.73609161376953,61.780953849792496,61.14385259135619,61.233583909462865,22539500
2013-03-28,61.88862228393555,61.96937839911709,61.59250283615134,61.736078391219785,23662800
2013-04-01,61.4669075012207,61.99632721402628,61.29641315828751,61.93351458969235,28112800
2013-04-02,61.95146560668945,62.15784701189475,61.70918344885042,61.763027731738354,29431900
2013-04-03,61.38614273071289,62.07708150140651,61.233591939260165,61.98735017153303,35131200
2013-04-04,61.404090881347656,61.5566348382237,61.07207740515083,61.35922179000192,32287400
2013-04-05,60.89260482788086,60.98233614991562,60.291397439580784,60.434966185624205,55610800
2013-04-08,61.21565246582031,61.23359599455869,60.74007022453913,60.91953289617132,17891600
2013-04-09,61.628414154052734,61.87966460041938,61.09898770258483,61.37716370768609,30931400
2013-04-10,62.83082962036133,62.965430031203034,61.80787745166239,61.8437713509576,55271300
2013-04-11,62.80390548706055,62.947481071849964,62.60649248100544,62.67828027340015,37233600
2013-04-12,62.75904083251953,62.80390306649164,62.283458706840534,62.6513591480777,32783700
2013-04-15,61.52070236206055,62.62441696417348,61.44892144539964,62.525710501949646,48795800
2013-04-16,62.33729934692383,62.4090871402609,61.74506032098414,61.87068553629363,27682600
2013-04-17,61.116939544677734,61.81685347526085,60.75800739292549,61.798909948400855,60204800
2013-04-18,60.27342987060547,61.31433207819433,60.013204318708254,61.27843819040929,56798200
2013-04-19,61.0989875793457,61.224619648336834,60.300367156693476,60.390105326838736,43062800
2013-04-22,61.72713088989258,61.951462660747225,61.09002948219286,61.31436125304751,34412100
2013-04-23,62.31934356689453,62.543675267057665,61.754030147065095,62.07706834298482,53078300
2013-04-24,62.292423248291016,62.51675494265628,62.02322932268871,62.166798047131266,44500700
2013-04-25,62.62444305419922,62.85774995720447,62.44497357263337,62.45394875822684,26437100
2013-04-26,62.42700958251953,62.606472159192776,62.1578088714512,62.47187864971708,24079800
2013-04-29,63.00131607055664,63.243598149057256,62.597521734469524,62.624440444067275,31664000
2013-04-30,63.45897674560547,63.467951933946814,62.84879401358762,63.08210098802284,30135800
2013-05-01,63.162818908691406,63.575588323702696,63.03719373221226,63.476881849889274,28537200
2013-05-02,63.96147918701172,64.09607963089263,63.216695997458615,63.27054028264876,31744200
2013-05-03,64.7152328491211,64.91263906022283,64.52679497984502,64.58063241504891,34061700
2013-05-06,64.96643829345703,65.0651447535956,64.77800055484457,64.83183795271735,19244300
2013-05-07,64.9305648803711,65.11900267838321,64.6882828214556,65.07413360197371,25838100
2013-05-08,65.24463653564453,65.29847395763278,64.78699791056215,64.89467960059942,24252100
2013-05-09,65.15489959716797,65.59458781295596,65.02927439265711,65.11900570358485,29337200
2013-05-10,65.54973602294922,65.57665473590981,65.17285350331704,65.28951038756134,20663700
2013-05-13,65.63050079345703,65.79201993852465,65.37925031136568,65.44206293188851,29730100
2013-05-14,65.97146606445312,66.16887906402408,65.62150914559932,65.64843470140848,36009800
2013-05-15,66.1060791015625,66.16889171834204,65.68433431201629,65.8458534474582,27214400
2013-05-16,66.03424835205078,66.49188674585213,65.99836131956904,66.15988034996614,27253400
2013-05-17,66.67140197753906,66.69832069343661,66.15992583729951,66.37528241054194,31114500
2013-05-20,66.57266998291016,66.78802647375204,66.30346923481324,66.54575127731235,25132400
2013-05-21,66.64447784423828,66.88675998463411,66.3034960254563,66.53680297833985,25900000
2013-05-22,66.06117248535156,67.25461140252776,65.72018406953794,66.72519210900663,59843200
2013-05-23,65.90868377685547,66.13301558936493,65.3523452633127,65.47797053063292,48222100
2013-05-24,65.8727798461914,65.89072337433015,65.28951591378528,65.46897857942015,26430300
2013-05-28,66.30347442626953,66.88673819544186,66.09709310315405,66.64445613397247,27057100
2013-05-29,65.98939514160156,66.22270196090771,65.61251963460889,66.04323254372673,32090300
2013-05-30,66.33940124511719,66.65346440099509,65.99841936817307,66.0163629001961,32390500
2013-05-31,65.72918701171875,66.59061990392874,65.6573992258529,66.08811909498793,38347600
2013-06-03,65.84585571289062,65.86380608748051,64.99339776354493,65.7381808495993,47613100
2013-06-04,65.50484466552734,66.2406522358731,65.23564393532762,65.98042668896242,35251900
2013-06-05,64.65240478515625,65.54075648416851,64.59856051674947,65.28950605180633,48654200
2013-06-06,64.96643829345703,64.97541347512173,64.13192439614029,64.74210667424347,62524100
2013-06-07,65.85479736328125,65.92658513295851,65.07412077167278,65.23563983041734,31969800
2013-06-10,65.88172912597656,66.18682378455847,65.7381604042191,65.98043561733601,25390000
2013-06-11,65.2267074584961,65.80996458205954,65.00237568910637,65.2267074584961,40278900
2013-06-12,64.47290802001953,65.63046003308591,64.37420155677728,65.60354133330311,42081900
2013-06-13,65.28950500488281,65.43307374419014,64.20374031326466,64.38320294891399,28221500
2013-06-14,64.85877990722656,65.36128072370167,64.76007341169607,65.28949978281963,27690700
2013-06-17,65.48692321777344,65.86379889023412,65.14593459844698,65.3702663338728,32441900
2013-06-18,66.02532958984375,66.15095483602326,65.55871566455203,65.57666604032765,24853100
2013-06-19,65.28950500488281,66.11504408256692,65.21771721219879,66.0432562898829,43145100
2013-06-20,63.73712158203125,64.75110524867749,63.52176506668009,64.53574188726614,60908400
2013-06-21,63.39866638183594,63.88475665219035,62.86756508233584,63.71372298269931,51558900
2013-06-24,62.7685432434082,63.254626569093396,62.24644560593273,62.876558707908146,41492300
2013-06-25,63.22764205932617,63.47968737727688,62.8405705016962,63.371671879709346,28897400
2013-06-26,63.79475402832031,63.91177311234393,63.54270183025992,63.76774328488085,23742300
2013-06-27,64.0647964477539,64.46987516643559,64.02878899268977,64.12780777718619,23545000
2013-06-28,64.15481567382812,64.53289054184557,63.72273992140855,63.86676288297498,28301100
2013-07-01,64.55087280273438,65.08197406520225,64.48786148695531,64.58688024999647,24942800
2013-07-02,64.57787322998047,64.97394826103876,64.22680922253079,64.52386549582451,23067900
2013-07-03,64.83894348144531,65.14500343412999,64.28984177703711,64.34385639675808,18847500
2013-07-05,65.33404541015625,65.36104928945338,64.6859248361408,65.20802272828892,28795900
2013-07-08,65.39700317382812,65.70305604541964,65.15395472383209,65.67605218824573,20558500
2013-07-09,65.7931137084961,65.93714353011862,65.39704543447392,65.70309850384196,26108600
2013-07-10,66.17118835449219,66.27020713962557,65.69410159033306,65.73010217790895,25598900
2013-07-11,67.48541259765625,67.53942033315877,66.83729230075343,66.8823033254843,47768900
2013-07-12,67.7824935913086,67.82749776472947,67.35041094660015,67.53044137572495,31412600
2013-07-15,67.93549346923828,67.98049762498913,67.66544106386144,67.85447500053805,19783600
2013-07-16,67.84552001953125,68.04355078852936,67.67448626641423,67.9895430213228,31747100
2013-07-17,68.01652526855469,68.17855538635402,67.82749127574213,68.05253272447898,24631500
2013-07-18,67.84552001953125,68.17857707426795,67.73749761739595,68.00755018887311,36278800
2013-07-19,67.14332580566406,67.27835197295076,66.94529521038855,67.2603516889134,37732400
2013-07-22,67.34136199951172,67.49439531566779,67.1343278322613,67.39537658603811,21135900
2013-07-23,66.84630584716797,67.47641908105182,66.7922912358928,67.46741550121942,24739500
2013-07-24,67.06237030029297,67.53045362153094,66.90934372101536,67.50344973903746,24426900
2013-07-25,67.48541259765625,67.56642420091002,67.02632624273039,67.37739025893306,23162200
2013-07-26,67.84552001953125,67.85451673558423,67.10738410757881,67.21539964199194,20885600
2013-07-29,67.71946716308594,67.99851632635959,67.53942990636172,67.71046358331995,20958400
2013-07-30,68.07955932617188,68.36761220200557,67.82751391828266,67.96254020614397,24104600
2013-07-31,68.20556640625,68.60164159518816,68.07954373117344,68.21456998810424,25007600
2013-08-01,68.89865112304688,68.99766985293034,68.6015949333965,68.67360980380556,16880000
2013-08-02,69.2857666015625,69.30376689677286,68.75466517863151,68.90769859266138,18105300
2013-08-05,69.33074188232422,69.38475648088745,69.114704091224,69.24973028605572,15462800
2013-08-06,68.91668701171875,69.30375855549804,68.63763782936145,69.2407472282651,23675400
2013-08-07,68.7906723022461,68.92569855268856,68.29558520758422,68.71865738631406,20281200
2013-08-08,69.13268280029297,69.29471279387626,68.68260024786323,69.16868336089838,19994000
2013-08-09,68.85366821289062,69.25874687347661,68.65563067229999,69.01569830358125,18558500
2013-08-12,69.01573181152344,69.14175451349955,68.58365593838313,68.59265265443702,20515900
2013-08-13,69.40277099609375,69.55579751000512,68.61062768785933,69.10571468011123,23917000
2013-08-14,69.14175415039062,69.47481807113387,69.04273533254053,69.37579925328377,29921000
2013-08-15,67.97149658203125,68.40357216183257,67.77345907974002,68.36756471889622,39406600
2013-08-16,67.94450378417969,68.29556782534685,67.82747785864487,67.98050436526263,23825000
2013-08-19,67.82748413085938,68.52961227812163,67.80948383865336,67.9535067794593,29586900
2013-08-20,68.12454223632812,68.43959886604226,67.89950080542954,67.95350855117498,18842800
2013-08-21,67.8904800415039,68.49358927540675,67.63843480152767,67.9084871973409,30705100
2013-08-22,68.5566177368164,68.60162189772423,68.15153908233353,68.18754653169103,17269500
2013-08-23,69.01573181152344,69.10574704611749,68.77268999134729,69.04273569512944,20697300
2013-08-26,69.05170440673828,69.56479853929838,68.90768147766602,69.06971156519651,27525500
2013-08-27,67.6384506225586,68.57462378124514,67.4764205207144,68.23256328522709,40068900
2013-08-28,67.89949798583984,68.1875507307196,67.55743749745737,67.55743749745737,20490400
2013-08-29,68.3765869140625,68.71864741351754,67.78248111314382,67.88149989125017,27287900
2013-08-30,67.93549346923828,68.44858754527993,67.69244493085553,68.44858754527993,26228500
2013-09-03,68.32256317138672,68.80865336798763,67.99850304031945,68.49358994720939,27241500
2013-09-04,69.05170440673828,69.16872346584191,68.34957631667908,68.55661743263641,27142900
2013-09-05,69.16870880126953,69.3667462960115,69.0696969216158,69.0967007858593,17809700
2013-09-06,69.24974060058594,69.61880492919822,68.45759733675284,69.40276710591984,27715100
2013-09-09,70.05989074707031,70.17690980344464,69.51979275713862,69.54679662647742,25161900
2013-09-10,70.40196990966797,70.50098870203045,70.14092099050508,70.46498124410589,27619400
2013-09-11,70.26692199707031,70.31193302252986,69.84384308153633,69.93386513245542,28132900
2013-09-12,70.22193145751953,70.43796931264154,70.07790164229179,70.28494278475176,18332700
2013-09-13,70.26692199707031,70.33893689071827,69.88885410699588,70.29392586525873,16932500
2013-09-16,70.077880859375,70.86102729504991,69.91585079915666,70.86102729504991,25704300
2013-09-17,70.54598236083984,70.6359975496139,70.19491831721791,70.23091889855259,27174300
2013-09-18,71.39215087890625,71.5361807104297,70.50999219784636,70.65401516164945,31714700
2013-09-19,71.56314849853516,71.73418212028912,71.4371258933639,71.61715622426087,26435700
2013-09-20,71.31758117675781,71.8141616091165,71.2814656100099,71.7328998618487,26328900
2013-09-23,71.17315673828125,71.69682235126216,70.83909276689488,71.6155605686685,30319400
2013-09-24,71.17315673828125,71.55236002147032,70.93840889654102,71.32664279742782,21871300
2013-09-25,70.92932891845703,71.32659316058167,70.78487357753603,71.22727710005051,22746400
2013-09-26,71.4800796508789,71.65162682733076,71.19116207852429,71.21824702462968,22421700
2013-09-27,71.38980865478516,71.51620968776054,70.95642876434123,71.06477545903714,25151600
2013-09-30,71.21827697753906,71.40787856835752,70.42375504148919,70.64947220508371,28031900
2013-10-01,71.94055938720703,71.97667495231768,71.19117690992557,71.22729247503621,33129700
2013-10-02,71.91350555419922,72.01282167914509,71.38080934873116,71.45304051020865,25503800
2013-10-03,71.07382202148438,71.9766906815371,70.69461883746413,71.82320466253002,42998200
2013-10-04,71.68777465820312,71.7870907641931,71.01062314736684,71.07382367951124,22852700
2013-10-07,71.09187316894531,71.64262357789404,71.0286726411155,71.05575759756529,20227100
2013-10-08,69.71949768066406,71.15505510412224,69.69241273129151,71.09185459280657,43660700
2013-10-09,69.5028076171875,69.9181262256311,68.93399615630749,69.88201066554835,64526700
2013-10-10,70.97447967529297,71.13699624954627,70.23412792332536,70.25218225898077,48062700
2013-10-11,71.53429412841797,71.5884640491751,70.78491141234876,70.79394202858892,25214100
2013-10-14,72.03986358642578,72.03986358642578,71.03767920701672,71.09184910157767,31471900
2013-10-15,71.75997924804688,72.32878382683602,71.66968690267882,71.98569633478938,38684000
2013-10-16,72.57254791259766,72.60866346942585,72.03985894814258,72.09402883921581,46735900
2013-10-17,72.98789978027344,73.01499162650732,72.18434721719993,72.24754774839646,32193500
2013-10-18,74.170654296875,74.1977392518017,73.4483566865739,73.65601948824614,39628200
2013-10-21,74.33316802978516,74.52276959525383,74.09842028229717,74.34219175551682,31176900
2013-10-22,74.4415054321289,74.8478003921112,73.9720168407125,74.62208326601215,43944800
2013-10-23,73.99005889892578,74.2157759875599,73.62891706778231,74.08035124505054,38021300
2013-10-24,74.31510925292969,74.46860214385418,73.9268754951145,74.03522220253053,23155100
2013-10-25,74.84783935546875,75.19092708593723,74.48669038803983,75.01035604639458,35824500
2013-10-28,74.86585235595703,74.98322966634196,74.53179542846715,74.8568286308042,28618400
2013-10-29,74.99226379394531,75.17284164714773,74.66723054652172,75.11866484701663,36878100
2013-10-30,74.92003631591797,75.38049432299606,74.55888751340028,75.25409327536593,33535500
2013-10-31,74.74848175048828,75.20894660072581,74.46859472796145,74.73042052354732,31309900
2013-11-01,74.76654815673828,75.09158141073954,74.39637560477853,75.00129592648162,30867800
2013-11-04,74.8748779296875,75.00127895671731,74.61304526274306,74.99224834383251,16834000
2013-11-05,74.95616149902344,75.13673938420857,74.36930231511221,74.58598888899239,27975600
2013-11-06,74.9381103515625,75.29925924899752,74.69433880659066,75.2721742871498,25576800
2013-11-07,73.52962493896484,75.05546827087562,73.46642440910274,74.9471284415927,52173200
2013-11-08,74.52275848388672,74.54081282099838,73.59280513500325,73.80046100931395,31470500
2013-11-11,74.40538787841797,74.61304375218893,74.16160955383911,74.41441160278073,24822900
2013-11-12,74.52275848388672,74.6311051715744,74.14355540948867,74.17967097205123,20108500
2013-11-13,75.4256591796875,75.4346897962798,74.03524042318756,74.03524042318756,31345900
2013-11-14,75.66040802001953,75.71457794362448,75.06451130699602,75.22702796615313,31101200
2013-11-15,75.80482482910156,75.80482482910156,75.48882228848089,75.6784238128533,20511300
2013-11-18,75.0644760131836,75.9402594375132,74.92002065537632,75.78677346723704,31679600
2013-11-19,74.84783935546875,75.3805287439601,74.72143825012017,75.01937977653118,25545300
2013-11-20,74.66722869873047,75.32632579201228,74.45054216859067,75.04643873690087,32177400
2013-11-21,75.4256591796875,75.48885971914922,74.92005486399377,74.98325540345549,28125000
2013-11-22,75.8319320678711,75.85901702383751,75.49787509316424,75.55204500509707,25361300
2013-11-25,76.01248931884766,76.18402962292032,75.82288779013224,76.10277477704467,21695100
2013-11-26,76.40977478027344,76.59937637863543,75.86805494376182,76.03057158354945,26621000
2013-11-27,76.94245910644531,76.96051344661622,76.50005544468412,76.56325596779286,21638100
2013-11-29,77.40292358398438,77.50223278690537,77.16817583297204,77.2494306958184,16708900
2013-12-02,77.17719268798828,77.610565655921,77.05981538923803,77.49319524550987,26354600
2013-12-03,77.114013671875,77.32166960112757,76.81606536815676,77.12303739864873,37147000
2013-12-04,77.18621826171875,77.43902031379346,76.54518251871808,76.78896084631819,37193200
2013-12-05,77.0869140625,77.33972304186408,76.89731249423222,77.24943067649244,39829300
2013-12-06,77.64666748046875,77.80918403677535,77.27648820119455,77.73695292545288,36842900
2013-12-09,77.96267700195312,78.12519357289294,77.82724537811353,77.96267700195312,22590000
2013-12-10,77.9085464477539,78.0530018680108,77.75506041112406,77.83631529345445,26965900
2013-12-11,76.90636444091797,78.00786547592158,76.79801770542274,77.89951874042634,36830600
2013-12-12,76.70774841308594,77.12306732106869,76.65357847806237,76.93346566014246,33662600
2013-12-13,76.60840606689453,77.1049865958847,76.48200500285002,77.06887102210892,34072000
2013-12-16,77.03272247314453,77.47512600792187,76.93340640986045,76.98757630316507,24902500
2013-12-17,76.8792495727539,77.22233710251281,76.73478731495673,77.0327355554087,24454900
2013-12-18,77.77312469482422,77.84535585835471,75.88613204390452,76.9695719434904,68387200
2013-12-19,77.55640411376953,77.65572019802615,77.21330968148675,77.64668958445557,44964100
2013-12-20,78.34623718261719,78.50927009131367,77.64882285166343,77.70316485115434,40475400
2013-12-23,79.17045593261719,79.17045593261719,78.75381092926366,78.98930442893668,28181800
2013-12-24,79.2066650390625,79.26101393547707,79.04363217026291,79.18855334707234,13852500
2013-12-26,79.46931457519531,79.53271585059528,79.19759778500435,79.35157132380131,15241100
2013-12-27,79.27007293701172,79.61425730552602,79.1704482574247,79.56896770644067,15827400
2013-12-30,79.15232849121094,79.26101938128586,78.92589431955506,79.15232849121094,18983700
2013-12-31,79.66858673095703,79.66858673095703,79.27006043457381,79.2972383358721,24890500
2014-01-02,79.04362487792969,79.32440790453823,78.81719074272164,79.2972369139487,29177500
2014-01-03,78.47300720214844,79.11607926657412,78.45489551324697,79.0436186905265,35723700
2014-01-06,78.18318939208984,78.58171573976207,77.89335393293433,78.49114345444268,32073100
2014-01-07,78.90777587890625,79.02551915041896,78.40055867881797,78.54547985319232,25860600
2014-01-08,79.079833984375,79.29721567130053,78.75376836420624,78.92586047213408,27197400
2014-01-09,78.81718444824219,79.37874354639077,78.54546765382516,79.36968424684393,23674700
2014-01-10,79.07078552246094,79.16135777473353,78.41865424974638,79.00738425484812,38008900
2014-01-13,77.90240478515625,79.23383865663212,77.60351005682051,78.96211491992295,48842300
2014-01-14,79.38780975341797,79.45121103532054,78.16506679659912,78.16506679659912,37178900
2014-01-15,80.03993225097656,80.19390578840184,79.6504653026404,79.73197826590531,39835600
2014-01-16,80.04898834228516,80.16673850829679,79.84973211945972,79.97653467499454,31630100
2014-01-17,79.59609985351562,80.03991559522744,79.40589606859024,79.80442223332109,36895800
2014-01-21,80.20298767089844,80.23921105795755,79.5327375365202,80.10335608092932,26412700
2014-01-22,80.41128540039062,80.61054853611527,80.17579197542321,80.41128540039062,29376900
2014-01-23,80.13956451416016,80.17578789133663,79.5780054248343,80.16673550215289,35011900
2014-01-24,78.56360626220703,79.86786943501617,78.53643526447739,79.7501261414466,63974600
2014-01-27,77.80278778076172,78.69946522348636,77.21405751444277,78.56360332968615,63519300
2014-01-28,77.75749969482422,77.83901959678226,77.26840101374528,77.44049320992761,44378800
2014-01-29,76.92420196533203,77.65784632615625,76.77022841729604,77.08723481331754,51939300
2014-01-30,78.34623718261719,78.61796100051923,77.78467785039071,77.86619775985082,65833600
2014-01-31,78.13790130615234,78.50925666643609,77.39519749580741,77.47671739132784,45187000
2014-02-03,76.3445053100586,78.34618148762601,76.14524223994638,77.99294492159758,65596900
2014-02-04,76.90612030029297,77.21406751658951,76.49853456609455,76.73402808517204,37675500
2014-02-05,76.70685577392578,76.9785726818569,75.84640162325118,76.65250686416056,41721800
2014-02-06,77.6850357055664,77.78466729793264,76.9151608729187,76.93327947710682,32308600
2014-02-07,79.07078552246094,79.12512749178052,77.89332551225745,78.1197595980489,38359400
2014-02-10,79.52366638183594,79.5598897603484,78.98927826079355,79.04362023878325,30205400
2014-02-11,80.4294204711914,80.58339404933945,79.60519677012398,79.69576905666855,38635500
2014-02-12,80.58336639404297,80.76451090496538,80.33881370305555,80.59242569265513,32507200
2014-02-13,81.18118286132812,81.24458415776792,79.976558228972,79.9946699235735,40454500
2014-02-14,81.34420776367188,81.5253592430086,80.90945803370847,81.1540038930351,33212400
2014-02-18,81.74273681640625,81.89671039627736,81.28080916657032,81.4800723453318,29546600
2014-02-19,81.18118286132812,81.77897243652309,81.0181499690225,81.58876854720371,41749900
2014-02-20,81.56156158447266,81.71553510646922,80.89131170598172,81.23549594364464,41814800
2014-02-21,81.4529037475586,81.94200240703576,81.35327215524532,81.82425221054399,31192200
2014-02-24,81.88765716552734,82.2590056137771,81.55253210375157,81.64310439038157,31500400
2014-02-25,81.79705810546875,82.1684133737629,81.53439370087014,82.00538053333,26771700
2014-02-26,81.724609375,82.27710229570845,81.39854367444406,82.01444478546958,42953700
2014-02-27,82.25483703613281,82.33668836195335,81.60909557867389,81.73642448922043,28742400
2014-02-28,82.1639175415039,82.72780791797834,81.43632444231017,82.23667893309575,48609800
2014-03-03,81.55452728271484,81.77281137929052,80.82693444417983,81.39081767973596,38885700
2014-03-04,82.59134674072266,82.74596636649194,82.36397269336781,82.4458309586463,33189000
2014-03-05,82.81873321533203,82.96425595814988,82.55497844815442,82.72778497052403,27203300
2014-03-06,82.74597930908203,83.07339160469188,82.44584385429114,83.00972713903076,24063900
2014-03-07,82.33670806884766,83.09159174698361,81.91834055707405,83.00973346266548,31167800
2014-03-10,82.40947723388672,82.45495483379516,81.88196760614201,82.29124518859533,18131700
2014-03-11,82.05474090576172,82.81871431448283,81.80917306802657,82.60953409305408,27484300
2014-03-12,82.36396026611328,82.4094378442846,81.38170980331246,81.68183822696882,27977200
2014-03-13,81.19982147216797,82.7004916240726,80.82693162991966,82.67320784767705,48542000
2014-03-14,80.64502716064453,81.29076863615731,80.60864647962764,80.93606566987431,38732300
2014-03-17,81.35442352294922,81.77279783597469,81.11795953251432,81.16343017425737,28467200
2014-03-18,82.33670806884766,82.43675322806601,81.42721166788584,81.4544954496896,31250200
2014-03-19,81.89103698730469,82.45492711765034,81.35443063217,82.36397194840687,40869400
2014-03-20,82.1184310913086,82.36399206709457,81.4726894775976,81.63639910775721,31634500
2014-03-21,81.13027954101562,82.63438162009044,80.97531326047637,82.58880002944981,62754000
2014-03-24,80.41925811767578,81.48580066407898,79.68088357859278,81.42199060458753,77735300
2014-03-25,80.6836166381836,81.35818112256311,80.00904519902916,80.83858293308059,41723300
2014-03-26,79.64439392089844,81.2669980126968,79.63527621398592,81.08467864830942,40930400
2014-03-27,79.19774627685547,79.89054621076293,78.7601935484325,79.53503201087857,64784500
2014-03-28,79.35269927978516,80.22781146804934,79.13391601663902,79.45297320336711,39895100
2014-03-31,79.91786193847656,80.45569536593695,79.87228731379955,79.97256122477059,33924300
2014-04-01,81.32170867919922,81.3764010234599,79.95434443448833,80.30985858173122,38683800
2014-04-02,81.5313720703125,81.75014839626232,81.16674022388013,81.66810292729738,34631600
2014-04-03,80.88417053222656,81.75016526072459,80.41926465824925,81.61342742075767,30319100
2014-04-04,78.73281860351562,81.50401037178506,78.52315307145832,81.4219649184504,131213200
2014-04-07,77.98533630371094,78.96983318294038,77.43838509274913,78.24057649294721,83995800
2014-04-08,78.70547485351562,78.81486648606217,77.8030164880205,78.07649209200012,51495700
2014-04-09,80.05461883544922,80.10020042578162,78.78752851767995,78.99719409652505,45685200
2014-04-10,77.57511138916016,80.1092913989432,77.35633511008956,80.1092913989432,73659600
2014-04-11,76.67266845703125,77.88506637285234,76.49035601387685,76.88232707118142,93657400
2014-04-14,77.2742919921875,77.68450535195133,76.56326384765747,77.3472197390041,46500700
2014-04-15,77.52954864501953,77.97621897837574,75.91605508335391,77.55689481474715,84631500
2014-04-16,78.55963897705078,78.55963897705078,77.56601728001846,78.20412480736458,46970900
2014-04-17,78.57787322998047,78.96985131194309,78.05827502410213,78.25882292019116,53719500
2014-04-21,79.1612548828125,79.1612548828125,78.39553439676297,78.76016618026063,25947900
2014-04-22,79.79026794433594,79.990815831835,79.2980159354132,79.43475376368755,38593400
2014-04-23,79.08833312988281,79.8175897332529,79.04275154945911,79.79024356690776,34376700
2014-04-24,79.8449478149414,80.41012750458306,78.98807100423964,80.39189904255696,48926300
2014-04-25,78.56875610351562,79.462096898486,78.37732593316483,79.37094066804865,44334000
2014-04-28,78.82398986816406,79.40739804086108,77.58424576248939,78.94249226253957,58623800
2014-04-29,79.45299530029297,79.59884389484603,78.67814986534255,79.061017204942,36742700
2014-04-30,79.66261291503906,79.74465835795853,78.88777483407777,79.08832263369003,38689400
2014-05-01,79.89967346191406,80.35546166539928,79.58973386706056,79.79028178935823,37127200
2014-05-02,79.7538070678711,80.31898686716025,79.5623768829768,80.17313132355977,40074200
2014-05-05,80.17314147949219,80.19137690213978,79.08837029434454,79.27980050348825,27924400
2014-05-06,79.13392639160156,80.0910841677284,79.09746250962989,80.04550257657021,33698500
2014-05-07,78.90603637695312,79.38005991203005,77.96711397122638,79.2980144347082,67489100
2014-05-08,78.83308410644531,79.79023459476002,78.4411062051054,78.6234185967543,46556900
2014-05-09,79.12483978271484,79.17953214497494,78.2588379698632,78.78755398763244,35081500
2014-05-12,80.42837524414062,80.45572141875647,79.5259097531688,79.59883752199428,38951100
2014-05-13,80.48307037353516,80.77477450413868,80.32810407550909,80.50129883898379,30311900
2014-05-14,80.06371307373047,80.53772948226766,79.8722829690459,80.2369077657181,26483600
2014-05-15,79.43476867675781,80.18226106291351,78.92428810712256,80.04552320896802,59680300
2014-05-16,79.954345703125,79.99992729391495,78.97895947127907,79.52590378688696,66804100
2014-05-19,80.51040649414062,80.63802660066773,79.58060186733255,79.7173327280586,32017000
2014-05-20,80.21871185302734,80.76565622470662,79.89054383906478,80.47395209615934,33716000
2014-05-21,80.98442077636719,81.03000236518508,80.31897409017952,80.36455567899742,36837700
2014-05-22,81.33997344970703,81.56786757273069,80.94799527991526,81.07561543242637,30617100
2014-05-23,81.93248748779297,81.95072291117073,81.23969440451593,81.42200690963594,22687300
2014-05-27,82.95342254638672,82.97165100772514,82.22415890692666,82.29708666182736,29725200
2014-05-28,82.69818115234375,83.04457755090752,82.63437110643007,82.92607516700308,30468100
2014-05-29,83.22692108154297,83.23603183733573,82.82582527384793,82.98990929019813,33036100
2014-05-30,83.23600769042969,83.36362778225977,82.7984550769475,83.24512539835281,29906400
2014-06-02,83.15396118164062,83.35450900801041,82.6252454493517,83.33627359391895,30409900
2014-06-03,83.11750793457031,83.25424573864696,82.7711115250466,82.88049620448903,21774500
2014-06-04,83.42745208740234,83.56418991052647,82.78023380970774,82.90785392335036,20118300
2014-06-05,84.12935638427734,84.2843226471227,83.21778031374203,83.50036667008045,35583100
2014-06-06,84.61248779296875,84.61248779296875,84.27520215429747,84.43928611976278,22680600
2014-06-09,84.5486831665039,84.7583487293353,84.32078914179635,84.63072167710725,23399500
2014-06-10,84.69453430175781,84.74010893147882,84.37547711984406,84.47575104191296,20626000
2014-06-11,84.67631530761719,84.79481771360139,84.32080113488989,84.40283965716172,22878200
2014-06-12,83.91060638427734,84.58517094064196,83.61890222843515,84.49401469596171,35275900
2014-06-13,84.15668487548828,84.36635038776893,83.79205313291482,84.27518723604655,39447100
2014-06-16,84.22965240478516,84.47577494829586,83.82855660300072,84.01087603780061,25212300
2014-06-17,84.27522277832031,84.50311684419438,84.0291002472773,84.16583807775673,19977900
2014-06-18,84.74922180175781,84.8677241779962,83.8467635094244,84.3572438437103,34514000
2014-06-19,84.69453430175781,84.93153906776305,84.31166707441598,84.87684673018852,38422200
2014-06-20,84.79417419433594,84.8855823571995,84.57480994508367,84.73019266440971,25897500
2014-06-23,84.81244659423828,84.83986624982515,84.55652051081053,84.78502693865141,20837900
2014-06-24,84.73019409179688,85.52539909724526,84.48341017891366,84.80331783393409,31945800
2014-06-25,85.26943969726562,85.41568015100657,84.52908127407316,84.53821650817744,32818600
2014-06-26,85.31517028808594,85.33345471039635,84.65707752765277,85.32431249924115,22563900
2014-06-27,85.68989562988281,85.70817307262743,85.17804355149468,85.20546320234239,22877800
2014-06-30,85.8361587524414,86.04638076300013,85.616787558646,85.67163384382626,19751900
2014-07-01,86.77759552001953,87.00610192745715,86.10121153311142,86.1377733951169,31862500
2014-07-02,86.92383575439453,87.05179878432905,86.75017562717605,86.83243458636447,18777300
2014-07-03,87.47225952148438,87.47225952148438,86.96954955435022,87.20719819658363,15291700
2014-07-07,87.2071762084961,87.48137967412458,87.04265133973455,87.3716941037965,23266400
2014-07-08,86.15605163574219,87.10663905934413,85.79958222357416,87.04265754878735,40612400
2014-07-09,86.7958984375,86.89644184415741,86.13779867518394,86.38458957278456,29919000
2014-07-10,86.52169036865234,86.87815989252404,85.58023788478563,85.68078128623291,44245300
2014-07-11,87.07923889160156,87.07923889160156,86.47598546213409,86.74105379310717,19566300
2014-07-14,87.60022735595703,87.80131414319183,87.32602380619771,87.47226430471002,19579000
2014-07-15,87.29859161376953,87.86528305264818,86.67705389404352,87.73732001977478,39467500
2014-07-16,87.64591979980469,88.02067366689819,87.55451862868459,87.92926552231573,22052600
2014-07-17,86.48509979248047,87.71903288659335,86.21088933891694,87.4082605743239,43111500
2014-07-18,87.85615539550781,87.90185249778311,86.83244407075334,86.93298745860703,36682200
2014-07-21,87.74647521972656,87.89272269235516,87.33516640651942,87.67335148341226,29750700
2014-07-22,88.30400848388672,88.4411137103656,88.06635988955409,88.15776104938618,25770400
2014-07-23,88.8707046508789,88.9712410428033,88.45024677374157,88.61477164678534,28947500
2014-07-24,88.77019500732422,89.12666453875705,88.64223194339777,89.02612113517714,24707200
2014-07-25,88.42285919189453,88.5416870159697,87.95671102709824,88.31318055239603,29898900
2014-07-28,88.45024871826172,88.67875510398711,87.76472956108555,88.51423022732637,25603400
2014-07-29,88.29491424560547,88.84332847600744,88.2217904886278,88.64224860451677,27022200
2014-07-30,88.6422119140625,88.95297729238882,88.29487769891848,88.78845239402123,35348500
2014-07-31,86.8507308959961,88.05724470706915,86.7227678382659,87.91100420114762,50047900
2014-08-01,86.53081512451172,87.14321069662641,85.95498141880935,86.66792038019219,60708000
2014-08-04,87.12494659423828,87.46313868025264,86.39372310092335,86.71363773766367,33230500
2014-08-05,86.45771026611328,87.02440885902476,86.05554359470742,86.77762492369536,50331100
2014-08-06,86.39370727539062,86.93298607195511,85.84529324259451,85.91841697322407,34431900
2014-08-07,86.1195068359375,86.96040884796302,85.81787666636433,86.79588393487428,33274700
2014-08-08,86.74104309082031,86.84158647890361,85.89099888377433,86.25661057012604,40236900
2014-08-11,87.2529067993164,87.52711734368664,87.0152581257598,87.07923965631767,28277500
2014-08-12,87.21632385253906,87.44483025980738,86.76845324686256,87.16148454630255,28152300
2014-08-13,88.13951110839844,88.17607297843173,87.52711547563402,87.57281258307788,27996500
2014-08-14,88.59651184082031,88.61478928659182,88.13949898844291,88.25831981961446,25006600
2014-08-15,89.02609252929688,89.23631450671435,88.1851906727035,89.108351483905,55205500
2014-08-18,89.71162414550781,89.79388311151696,89.3642899153464,89.49225992935403,38938300
2014-08-19,90.21432495117188,90.26917122974643,89.86699772968899,89.92183703480156,21363400
2014-08-20,90.21432495117188,90.39713425731706,90.05894227104496,90.14120820217579,23435600
2014-08-21,90.39715576171875,90.44285286902934,90.12294522400055,90.26005049285965,19339500
2014-08-22,90.53425598144531,90.71705834742005,90.23262580147006,90.43371258812023,24692000
2014-08-25,90.8541488647461,91.11007492496412,90.63478466648236,90.96382747714689,24124700
2014-08-26,90.94556427001953,91.04610766276797,90.73533527423737,90.99126834798273,20100400
2014-08-27,90.96383666992188,91.0735222668696,90.7718921053605,90.9729788796999,15589100
2014-08-28,90.86332702636719,90.97300568216559,90.56169677599178,90.65309798031208,23563900
2014-08-29,91.2015151977539,91.32034304342098,90.73535997478992,91.0644099000039,17906300
2014-09-02,91.46654510498047,91.49396475830333,91.09179822046424,91.42084103380088,18326800
2014-09-03,90.92729187011719,91.7133476617034,90.76276694316576,91.7133476617034,25950700
2014-09-04,90.84502410888672,91.60366719989811,90.6165176578686,91.13751208725138,24663500
2014-09-05,91.3020248413086,91.35686415073512,90.51596219670319,90.98211724721628,30798200
2014-09-08,91.47569274902344,91.70419917157388,91.05524176834614,91.32944529132911,25571300
2014-09-09,90.71707153320312,91.82304204706928,90.54340437886022,91.48484995005,36449200
2014-09-10,91.46654510498047,91.50310696723169,90.57993912240927,90.83586518470567,31080100
2014-09-11,91.39342498779297,91.4391290607765,90.70790573381485,91.07351739729567,28691900
2014-09-12,90.92729187011719,91.33860070076398,90.64393912325085,91.31118104184935,30444400
2014-09-15,90.04979705810547,91.03694635796998,89.77559356822871,91.02780414960222,32972200
2014-09-16,90.83589172363281,91.00955887669978,89.62024257255673,89.71164376815778,38166900
2014-09-17,90.97298431396484,91.4025775441766,90.42457024339242,90.81760160577092,37196500
2014-09-18,91.65850067138672,91.6676428814142,91.15579069528377,91.25632711173394,30196700
2014-09-19,91.60169219970703,92.13308296340222,91.23521074918975,92.04146434828597,46918000
2014-09-22,90.74958801269531,91.3909250415284,90.35562184068374,91.38176108681668,48658000
2014-09-23,90.50227355957031,90.90540396867266,90.31903627728066,90.38317002508747,33989600
2014-09-24,91.47342681884766,91.51923962597365,90.28237072415453,90.59387544444178,35959000
2014-09-25,89.54940032958984,91.29934596400258,89.51275148493669,91.18023547136677,68642500
2014-09-26,90.50227355957031,90.6671899096527,89.68685577028911,89.84260815924075,56106200
2014-09-29,90.38313293457031,90.63050386315318,89.55855152254175,89.60436431934109,33342700
2014-09-30,90.51140594482422,90.9786699387233,90.08079079260858,90.63050943775653,41834300
2014-10-01,89.0638198852539,90.34650155292482,88.77980006236027,90.2548829316739,58164900
2014-10-02,89.0638198852539,89.33868273905937,87.92773360362663,89.02717103874299,54501300
2014-10-03,89.94335174560547,90.30983314126559,89.27452966432315,89.58603430710096,41627800
2014-10-06,89.7509765625,90.44729071678508,89.4761206787411,90.2274046117673,36038700
2014-10-07,88.4774398803711,89.58604111874794,88.46827592251873,89.32950621929568,45154000
2014-10-08,90.19990539550781,90.48393220602523,88.01018751308933,88.5232643698016,64931600
2014-10-09,88.74314880371094,90.30985025169078,88.60571738054374,90.08080020976298,62497100
2014-10-10,86.52594757080078,88.71566545026897,86.50761965270038,88.22091651234838,77579400
2014-10-13,85.16992950439453,87.02981391305951,85.09663184542018,86.3701489623893,80835900
2014-10-14,85.17912292480469,86.27856022954413,84.94090894575878,85.70135669306372,71814500
2014-10-15,84.6294174194336,84.98673494848502,82.67790646378798,83.89645444237513,108847800
2014-10-16,84.0980224609375,84.82182150305017,82.81534070263724,82.84282559194922,93165800
2014-10-17,85.20662689208984,86.02204459023997,84.7118778971358,85.20662689208984,69546700
2014-10-20,86.48011779785156,86.5534154757665,85.02336314706159,85.19743639454543,41479300
2014-10-21,88.75230407714844,88.75230407714844,87.33219116014978,87.55207722166732,53609800
2014-10-22,88.29423522949219,89.14630188268737,88.23925845215247,89.02719135682992,39178000
2014-10-23,89.62272644042969,90.1174755150655,89.02719475855022,89.18294715517966,48123800
2014-10-24,90.35565948486328,90.41979321446614,89.45778028037114,89.81509777245162,43157600
2014-10-27,90.4197998046875,90.58471611997932,89.80594035940238,90.18158579592092,29545700
2014-10-28,91.7849349975586,91.80325592567227,90.77711619004155,90.84124992351848,34495100
2014-10-29,91.44593048095703,91.7299572674808,90.79542924352224,91.48257932405856,40552800
2014-10-30,91.63834381103516,91.85823689879032,90.83209012609191,91.03365529484098,35935800
2014-10-31,92.90271759033203,93.22338631724541,92.60036979493341,93.15925257186274,54254100
2014-11-03,93.17755889892578,93.4249368709526,92.93018791695185,93.06761934696088,33481000
2014-11-04,92.86605072021484,93.10426472401466,92.23387035976839,92.88437164817516,22773300
2014-11-05,92.87520599365234,93.4798944205297,92.55453036888872,93.4798944205297,25818600
2014-11-06,93.16838836669922,93.19587325068936,92.46291039071043,92.86604066270402,24671900
2014-11-07,93.0859375,93.36996431089709,92.60035251982629,93.3333154646506,20931700
2014-11-10,93.415771484375,93.53487499386824,92.8843736911538,93.13175165940113,20360000
2014-11-11,93.70892333984375,93.70892333984375,93.17752572768154,93.43406756772738,15454000
2014-11-12,93.8738784790039,93.97466106753629,93.33332367692412,93.33332367692412,22050300
2014-11-13,94.27701568603516,94.62516929623823,93.83723645046733,94.04796560273091,28027800
2014-11-14,94.57018280029297,94.57018280029297,93.93800244527715,94.24951413834748,19251300
2014-11-17,94.28617095947266,94.56102684008145,93.83722780472124,94.35030469728669,23361600
2014-11-18,94.99161529541016,95.1198827348771,94.35943506514366,94.36859902226307,26336800
2014-11-19,94.56099700927734,94.8908295539994,94.12122494301525,94.8908295539994,23760200
2014-11-20,94.98246765136719,95.06492929950213,94.08459542089058,94.15788612027981,22874000
2014-11-21,95.16571807861328,95.91700196923355,94.86337033249646,95.82537635643244,34049100
2014-11-24,95.90782165527344,95.95363445386177,95.33977510701574,95.4222367464644,17928300
2014-11-25,96.05442810058594,96.33845492317813,95.80705711580225,96.05442810058594,17526000
2014-11-26,96.67745208740234,96.73242885835842,96.04527863686232,96.1460612285527,18973800
2014-11-28,97.12638092041016,97.34626700159907,96.86984599401434,96.9339797256133,17360400
2014-12-01,96.02693176269531,97.04391444898143,95.66961427724907,96.86067722210463,35969500
2014-12-02,96.41175079345703,96.58582407943413,95.9261588124289,96.12772397624192,26031300
2014-12-03,96.58582305908203,96.72325448659842,95.98113456408385,96.55833817158931,32974300
2014-12-04,96.53999328613281,96.91563163873707,96.13686306280539,96.49418049164522,31008800
2014-12-05,96.54917907714844,96.84236287526448,96.33845693571824,96.69577447123302,25622200
2014-12-08,95.86202239990234,96.72325280666416,95.35811649449805,96.30180156230591,32685800
2014-12-09,96.16436767578125,96.23766536598119,94.40526505129773,94.74426162593306,46035100
2014-12-10,94.65266418457031,96.2285300425472,94.47859085611091,95.99031597353674,39330100
2014-12-11,95.10160827636719,96.23769486246239,94.90920003310687,94.92752795630054,47576000
2014-12-12,94.06625366210938,95.27563739973175,94.05709669481587,94.1945211047321,46889400
2014-12-15,93.0950927734375,94.9000080898779,92.82939390547932,94.55184757804551,52968400
2014-12-16,91.60169219970703,93.88302856934746,91.58336428265243,92.50872837244683,65348600
2014-12-17,93.26919555664062,93.53488749871927,91.54673447799676,91.66584499346692,79715300
2014-12-18,95.51385498046875,95.52301893816094,94.35028399541812,94.60681889038666,49840900
2014-12-19,95.93415069580078,96.32038696640498,95.37318548635686,95.61228713696396,51419900
2014-12-22,96.1732177734375,96.20080506626348,95.73180003993114,95.77778353870569,33869200
2014-12-23,95.8329849243164,96.53189360777954,95.72262870605418,96.52269550223298,30156900
2014-12-24,95.91575622558594,96.28359626340337,95.88816190826053,95.95253461648848,14291300
2014-12-26,96.5962905883789,96.7986068646509,96.16407072836155,96.1916580358349,13924300
2014-12-29,96.57787322998047,96.78938756780605,96.44912781255587,96.50430943152287,17073800
2014-12-30,95.93415069580078,96.52270320798796,95.80540527226606,96.30199776994262,18604000
2014-12-31,94.95014190673828,96.4767044566946,94.81219840873896,96.09965936323633,24367100
2015-01-02,94.66509246826172,95.82380136344577,94.20528534652522,95.41917586726558,31314600
2015-01-05,93.27645111083984,94.36159594417659,93.00976220087338,94.25123973505653,36521300
2015-01-06,92.02576446533203,93.5707161277411,91.61194100879818,93.4143834455925,66205500
2015-01-07,93.21207427978516,93.43277967214868,92.41200758533272,92.63271999379417,37577400
2015-01-08,94.99617004394531,95.18009011695794,93.90182666604727,94.00298481103454,40212600
2015-01-09,94.37080383300781,95.31800525717168,93.81902974629969,95.29041795605607,41410100
2015-01-12,93.38678741455078,94.65585197648805,93.1476858538043,94.55469389371441,34129800
2015-01-13,93.35919189453125,95.29038652889585,92.60510884297533,94.29720191969635,56162300
2015-01-14,92.84423828125,93.32244154013907,92.02578229717705,92.42121663906276,51354200
2015-01-15,91.6395263671875,93.4235725589117,91.52917017359844,93.27643798355687,51005400
2015-01-16,92.7154769897461,92.83502427594414,91.37284148160073,91.51997606337544,35362200
2015-01-20,93.45116424560547,93.69025880085628,92.2280761113648,93.27643536468621,30964100
2015-01-21,93.92936706542969,94.37078484274979,92.84422233795274,93.17528391691843,40128800
2015-01-22,95.66744232177734,95.76860042203354,93.46956544547983,94.29721944025876,40887200
2015-01-23,95.87897491455078,96.17325116703566,95.38238242296393,95.65826246311265,34783000
2015-01-26,95.76860046386719,95.94332936731294,95.28120617120057,95.76860046386719,19960900
2015-01-27,93.28565216064453,94.31561541388797,92.97297973298245,94.2604408156352,45253200
2015-01-28,92.80743408203125,94.88576348243745,92.78904489092028,94.78460539108379,43591700
2015-01-29,93.69947052001953,93.8741994263295,91.9246152076068,92.73387300717758,46539700
2015-01-30,92.97296142578125,94.33399304883747,92.84421604447694,93.61669534839994,42927600
2015-02-02,93.78223419189453,93.86499608009461,91.73149198573202,93.18448371809127,43624700
2015-02-03,94.6834487915039,94.7478214855525,93.5063440911308,94.12248373646712,30750400
2015-02-04,94.60069274902344,95.22603053673254,94.08570414872908,94.29721845143713,34073200
2015-02-05,95.41915893554688,95.48353164052334,94.60070296537539,94.83979757466015,23605500
2015-02-06,94.83981323242188,95.79621287575544,94.49956045684249,95.56630931772622,34169300
2015-02-09,94.53630065917969,94.98690945292019,94.30639721109422,94.47192797435962,22604700
2015-02-10,96.00773620605469,96.13648164929153,94.91339292244112,95.06053458105491,23686500
2015-02-11,96.35714721679688,96.57785259721655,95.93412564761853,96.11804562861866,20303600
2015-02-12,97.47909545898438,97.51588086524039,96.83536838975138,96.98250299867655,22520300
2015-02-13,98.31592559814453,98.33431478909567,97.57103356682389,97.75496055682163,29030200
2015-02-17,98.40788269042969,98.47225538101107,98.06762303101554,98.31592270618445,17675300
2015-02-18,98.54582977294922,98.60100436229148,98.15958659926142,98.2883319851249,15149600
2015-02-19,99.03323364257812,99.09760634176352,98.45387233381149,98.48145963116265,19828100
2015-02-20,99.69535827636719,99.75053287186259,98.65618995388321,98.96886236591936,28336700
2015-02-23,99.79649353027344,99.82408783974147,99.41945549404089,99.64016085710621,17868000
2015-02-24,99.87008666992188,99.9896409894101,99.36430314072072,99.66777045180199,19745000
2015-02-25,99.62178802490234,100.10918233074675,99.4010756094988,99.72294612793777,19472300
2015-02-26,100.12759399414062,100.18277561842419,99.44708143417434,99.72296850729296,22255500
2015-02-27,99.6861572265625,100.1551623227111,99.52982453321226,100.09078260840441,27757600
2015-03-02,100.58739471435547,100.62418012284074,99.86089868299479,99.87929489528706,22988600
2015-03-03,100.11839294433594,100.3850818841954,99.48385694894274,100.28392376852115,20788900
2015-03-04,99.73212432861328,99.9344405085398,99.18955549708056,99.78730593338238,21007400
2015-03-05,99.9068603515625,100.21033464313251,99.49303687476538,99.98962925658057,15381000
2015-03-06,98.77572631835938,99.97122010549694,98.52742665154912,99.77810204025387,30990400
2015-03-09,99.06082916259766,99.30912187546606,98.57343482600882,98.9780602475758,26237100
2015-03-10,97.2215805053711,98.38029595854951,97.2215805053711,98.35270164863101,34234500
2015-03-11,96.66060638427734,97.48826020154564,96.62382099061026,97.3687059181035,25459700
2015-03-12,97.295166015625,97.40551520760103,96.522686591302,96.58705929198742,21473200
2015-03-13,96.87213134765625,97.58943613122959,96.26518978136832,97.20319293512156,42021100
2015-03-16,98.12281799316406,98.15960339771992,97.1296401345501,97.23079824305407,25674100
2015-03-17,98.2791519165039,98.43548461456626,97.62622681039224,97.85613031322444,19603800
2015-03-18,99.24473571777344,99.69535160448977,97.50666591500367,98.01245639352297,40622200
2015-03-19,99.39189910888672,99.66777914448542,99.19878097913788,99.34591559490401,31314000
2015-03-20,100.0352554321289,100.5329899767336,100.01682394480345,100.21038620677726,31761400
2015-03-23,99.84168243408203,100.25645766053405,99.80481243116101,99.97994318697738,17268500
2015-03-24,99.48220825195312,100.29332721589401,99.46377676669188,99.83246272978883,22445300
2015-03-25,97.20553588867188,99.73107128591946,97.16866588617208,99.63889979578693,41581400
2015-03-26,96.87372589111328,97.42676193831555,96.08103831163723,96.40364208648565,47846300
2015-03-27,97.2608413696289,97.49127362053824,96.70780537389335,96.85528538994775,33878400
2015-03-30,98.37614440917969,98.45909664804562,97.85075913299181,97.85075913299181,30570200
2015-03-31,97.3345947265625,98.30241312600639,97.3069439778187,98.09963159223832,30488100
2015-04-01,96.82763671875,97.35302198078607,96.2008607015636,97.33458346226726,32970500
2015-04-02,96.89215850830078,97.20554300413797,96.57876698022916,96.91980925414119,19164200
2015-04-06,97.68486785888672,97.9521631498714,96.17322543703,96.32070549076666,24451100
2015-04-07,97.51893615722656,98.34848667519977,97.51893615722656,97.62953914243121,19379400
2015-04-08,98.29320526123047,98.43146605321378,97.54660682965095,97.55581905881012,25866900
2015-04-09,98.91072082519531,98.94759082313112,97.91525900986063,98.24707492681682,23114700
2015-04-10,99.31626892089844,99.32548817706223,98.65262312174552,98.87383604405248,17164300
2015-04-13,99.06743621826172,99.89698669418324,98.95682620642955,99.39003996247945,17783500
2015-04-14,98.7817153930664,99.25179924798591,98.21946002579138,98.96606545001309,23755700
2015-04-15,99.39926147460938,99.61126225903305,98.91996544303193,99.03978769286758,21128600
2015-04-16,99.26100158691406,99.43612532086384,98.99369932408767,99.13196008516815,16195300
2015-04-17,97.7125015258789,98.57892207726216,97.28850699387544,98.31162683301405,46514000
2015-04-20,99.17802429199219,99.3531550263468,98.16412394873359,98.20099394713631,28945900
2015-04-21,99.6020278930664,99.92463865072632,99.4822056614035,99.74950790025194,22759800
2015-04-22,100.14584350585938,100.31175498436816,99.21489537465821,99.86010277317394,21429200
2015-04-23,100.52375793457031,100.97541018731285,99.78637898732428,99.80481047230603,29473200
2015-04-24,101.8879165649414,102.02617731061521,101.41783284254393,101.58374433090576,32508100
2015-04-27,101.62983703613281,102.45939450606949,101.40861702266044,102.2658252362227,31121300
2015-04-28,101.4270248413086,101.89710843736634,100.56981688719472,101.70353922610651,36849200
2015-04-29,100.79106903076172,101.45471506414776,100.23803301368484,100.8648090416345,34043900
2015-04-30,99.20569610595703,100.62515970093403,98.68031082352431,100.21960369682249,44080500
2015-05-01,100.51454162597656,100.57906236914312,99.57437418871122,99.592812705178,32874300
2015-05-04,100.68048095703125,101.30725707780374,100.62517242456846,100.83717322916549,23507300
2015-05-05,99.0397720336914,100.4684547070987,98.99368980591831,100.28411173153881,47843300
2015-05-06,98.35771942138672,99.50066162937244,97.7032925509983,99.21492783543489,42687200
2015-05-07,98.9476318359375,99.224153418955,98.25633491062973,98.33007493706586,29335800
2015-05-08,100.1827163696289,100.3947100785323,99.82324266128539,99.97071562849209,33023300
2015-05-11,99.79561614990234,100.45005006213874,99.72188315931758,100.2472685155005,19679300
2015-05-12,99.34394073486328,99.85089444795163,98.44065034165759,99.20567999199977,33665000
2015-05-13,99.5467529296875,100.29335132634475,99.39927288320743,99.77718522813585,20738400
2015-05-14,101.00308227539062,101.08603452368922,99.98918161351848,100.35786764893717,23904200
2015-05-15,101.00308227539062,101.39942609247755,100.7542114660241,101.26116531307785,23937400
2015-05-18,101.44548034667969,101.64826182956317,100.76340293062621,100.83714293026266,17631100
2015-05-19,101.33489227294922,101.71279752021933,101.16898076549944,101.55610527213744,14212900
2015-05-20,101.3993911743164,102.00772854905689,100.86478676192758,101.40860339946478,21131900
2015-05-21,101.9248046875,102.06306545775567,101.0768156105431,101.22428860851022,16771800
2015-05-22,101.8233871459961,102.1920800923027,101.7404278927664,101.80494863095258,13543800
2015-05-26,100.65280151367188,101.74044198823364,100.24724554555723,101.60218826741844,25488400
2015-05-27,102.27505493164062,102.38566494966416,100.73576910004475,100.95698210385721,30572700
2015-05-28,102.04460906982422,102.32113056191656,101.73122460887099,102.08147907091877,17302400
2015-05-29,101.43629455566406,102.11837214947009,101.19664301050807,101.98011137217873,30383000
2015-06-01,101.77731323242188,102.05383474189266,100.94775573624364,101.98009473506923,24570200
2015-06-02,101.45469665527344,101.95243108999945,100.90166073854448,101.3993951732705,19449600
2015-06-03,101.75888061523438,102.13678583959226,101.51000985303139,101.91557285381609,20507200
2015-06-04,100.98458099365234,101.83257663190885,100.66197739703732,101.18736240644779,31374600
2015-06-05,100.74497985839844,101.10445359634805,100.12741610017243,100.86480209363697,22641700
2015-06-08,99.72187805175781,100.7726487103052,99.51909651550564,100.69890869126164,24549200
2015-06-09,99.55595397949219,99.91542773673643,98.8093486871712,99.48221396974095,27554600
2015-06-10,100.92011260986328,101.21506562718787,99.7863898063672,99.89699279271727,30297900
2015-06-11,101.06756591796875,101.52843032522604,100.8924351928965,101.26112812514889,17593500
2015-06-12,100.238037109375,100.74499091454622,100.09977634139787,100.53299013268331,27201800
2015-06-15,99.74029541015625,99.89698765424873,98.91073789402802,99.49143167143491,31238800
2015-06-16,100.28411865234375,100.45003015469104,99.59282189793578,99.63890412888911,16456900
2015-06-17,100.56062316894531,100.88322688258465,99.94306648394523,100.450020199831,23296700
2015-06-18,102.02619934082031,102.20132309306966,100.87403793181198,100.92933942912914,43032400
2015-06-19,101.52177429199219,102.15923240925893,101.447864674371,102.07608232733284,27877600
2015-06-22,102.27005767822266,102.57492946888459,102.03909548197697,102.27005767822266,19120900
2015-06-23,102.35324096679688,102.44562446560948,101.92827123353156,102.38095531159973,18127900
2015-06-24,101.82660675048828,102.66730541807597,101.79889241671377,102.23310244159805,15815900
2015-06-25,101.62340545654297,102.32553277688831,101.45711232931406,102.223908807559,18326700
2015-06-26,100.948974609375,101.8358758298406,100.57020019400028,101.6049135856046,32311700
2015-06-29,98.56546783447266,100.38545178338788,98.51927255771871,99.83113665597905,50874900
2015-06-30,98.9165267944336,99.51703014303061,98.61165488767378,99.30454174026814,34809900
2015-07-01,99.7017593383789,100.09901459847399,99.23983494517098,99.89576673771741,21293000
2015-07-02,99.7294692993164,100.07129587272156,99.42460456996214,99.98815286882675,20499400
2015-07-06,99.49854278564453,100.0713317508815,98.88880605992306,99.10128740054982,24311000
2015-07-07,99.74799346923828,99.8403769742007,97.7709568597222,99.60941468758985,44230800
2015-07-08,98.01113891601562,99.15671677295178,97.82637193181749,99.03661188965522,39691500
2015-07-09,97.95572662353516,99.40616954229206,97.94648615825625,99.31378603473242,28381000
2015-07-10,99.45235443115234,99.82189547119727,98.89804639528951,99.25834697102081,26415800
2015-07-13,101.19843292236328,101.28157595949276,100.3022981528955,100.31153861760191,25780700
2015-07-14,101.86357879638672,102.14072922947578,101.28154949492534,101.3369852202692,21977200
2015-07-15,101.97445678710938,102.37171216516415,101.6880658337707,102.05760686774869,28631500
2015-07-16,103.41568756103516,103.43416144478113,102.61193617408246,102.81518413734018,29838900
2015-07-17,104.94001770019531,104.94001770019531,104.0716043240986,104.24713086321518,35926800
2015-07-20,105.3003158569336,105.67909029519858,104.83839134054637,105.16173709233567,26539000
2015-07-21,105.23564910888672,105.50355913190744,104.93077722949344,105.33726602027555,35468900
2015-07-22,104.04385375976562,104.55196636762686,103.6281175732534,103.6281175732534,35575000
2015-07-23,103.65583801269531,104.4873033862703,103.38792804915032,104.1454838232059,25698300
2015-07-24,102.63959503173828,104.39490907183092,102.4825424353717,104.21014214062396,30844700
2015-07-27,101.78970336914062,102.50106413947891,101.56798153854828,102.05762047829424,35994800
2015-07-28,102.66730499267578,102.87055283738852,101.42935109983472,102.24233543027931,33553500
2015-07-29,103.05534362792969,103.27706538179878,102.4917952568565,102.889050550426,26714100
2015-07-30,103.54501342773438,103.72053997162762,102.19619452751631,102.81517176044474,25438100
2015-07-31,103.42486572265625,103.92374489818984,103.21238445525158,103.868316228155,22081700
2015-08-03,103.10153198242188,103.7297494929122,102.41788579549069,103.4433586000912,25001800
2015-08-04,102.90754699707031,103.24013322502364,102.48257727210972,103.05536623100913,22132300
2015-08-05,103.7020263671875,104.39491295761415,103.36019977848389,103.48030463180491,28989900
2015-08-06,102.03912353515625,103.93301688441353,101.57719901566998,103.79443811888589,42125400
2015-08-07,101.9097671508789,102.14996983194509,101.0690683397586,101.7896693345496,30006800
2015-08-10,103.0738296508789,103.2955514308773,102.54723601812756,102.55647648141326,21500800
2015-08-11,101.75273132324219,102.92602353525606,101.18918285260409,102.52876817150148,36123300
2015-08-12,102.10376739501953,102.30701526099476,99.97891936074915,101.05058031533615,41889000
2015-08-13,101.93751525878906,102.69507835376048,101.71579342888101,102.2054323671158,22510500
2015-08-14,102.09455108642578,102.24236325564007,101.4940478495487,101.69729574957556,17924900
2015-08-17,102.94448852539062,102.97220286607666,101.58642944450992,101.84510602212374,21224900
2015-08-18,102.41790771484375,102.88907271065152,102.2793289456757,102.80592262978709,13984400
2015-08-19,101.74349212646484,102.64886728597423,101.1522293053844,102.10379268779798,42511400
2015-08-20,98.92575073242188,101.12450877322715,98.91651026904302,100.80116303905113,57747300
2015-08-21,94.60218048095703,98.36224727734174,94.60218048095703,97.53078140316579,97763400
2015-08-24,90.96216583251953,94.72223073828174,78.2869572415743,87.05428876145488,150829900
2015-08-25,90.62030792236328,94.91620542309376,90.54640538941308,94.29722853815132,75088300
2015-08-26,95.18415832519531,95.36893234838362,91.39637895493854,93.2717912377481,104103800
2015-08-27,97.59539031982422,97.66005945630765,95.41510650637265,96.56067708768217,69377700
2015-08-28,97.57691955566406,97.92797958656658,96.86555198325723,97.0780403232821,49919600
2015-08-31,96.36669158935547,97.56769816673166,96.12649591260731,97.03186402923097,39549400
2015-09-01,93.35494232177734,95.42436206505039,92.96692039308186,93.9646789838845,73155500
2015-09-02,95.9879150390625,96.00638891824956,93.95544295645965,95.04558508712236,43963600
2015-09-03,95.5167236328125,97.02259458837956,95.24880664407847,96.36666280840593,45131800
2015-09-04,94.38040924072266,95.01786020389049,93.85380858878936,94.20487569007823,49379600
2015-09-08,97.04112243652344,97.1612202971041,95.79392740534993,96.19118284992922,37343500
2015-09-09,95.95095825195312,98.21438549551861,95.70151507341951,98.18667115310568,47146700
2015-09-10,96.99491119384766,97.63236930309135,95.72924248795789,95.84009986458533,47686700
2015-09-11,97.53073120117188,97.53073120117188,96.27429609323343,96.55145359143467,29106100
2015-09-14,97.23512268066406,97.90953565898933,96.86558161233829,97.89105472894775,19718800
2015-09-15,98.38067626953125,98.6855481256738,97.10576720985566,97.46606774951198,30020200
2015-09-16,98.93496704101562,99.02735756201257,98.05731347880189,98.39914008063198,31329100
2015-09-17,98.97193908691406,100.45010309956913,98.51925505845286,98.83336737808499,56139800
2015-09-18,97.56429290771484,98.7219138654845,97.39759520717371,97.45316581772582,48384000
2015-09-21,97.86988067626953,98.67558719358716,96.99009180705309,98.10140480664813,35772600
2015-09-22,96.4066390991211,96.70298968070556,95.5083244115058,96.36959439322864,47359700
2015-09-23,96.480712890625,96.92524222380975,95.98062004037493,96.66592932454544,21775100
2015-09-24,96.12884521484375,96.4900223811171,94.71191125612819,95.54539974197338,38284300
2015-09-25,95.31385040283203,97.24939576839006,94.7211492060955,97.15678753119165,44700000
2015-09-28,92.60041046142578,94.97122290522712,92.32258568053882,94.90639641646443,44077500
2015-09-29,92.11883544921875,93.77654931036119,91.45204472679758,92.83192676507893,49315500
2015-09-30,94.23960876464844,94.34147997402131,93.0727248626413,93.43390203566962,41411400
2015-10-01,94.66561126708984,94.67487421298034,93.15606903702641,94.40630530661595,39339100
2015-10-02,96.32329559326172,96.32329559326172,93.05417619244955,93.35052677952035,59370900
2015-10-05,97.70319366455078,97.96249958833734,96.82340469948123,97.03640296592452,32853500
2015-10-06,97.2401351928711,97.79579169514777,96.48073632446328,97.47165932428268,33051500
2015-10-07,97.82357788085938,98.03658320022782,96.58261187188347,97.85136671295133,37389300
2015-10-08,98.21255493164062,98.37925261529048,96.5085333803802,97.45315594291503,50188900
2015-10-09,98.65707397460938,98.84229754202954,97.9902832630101,98.25885213660185,23916200
2015-10-12,98.89785766601562,99.08307416148638,98.49037289731227,98.84229413048568,16162000
2015-10-13,98.25885009765625,99.3331255697312,98.16624184864618,98.33293952308689,26999600
2015-10-14,98.10140228271484,98.74966700487424,97.69391756275434,98.25883699158848,30902600
2015-10-15,99.71279907226562,99.72206201474917,98.33291739552378,98.46257032807375,38393800
2015-10-16,100.12954711914062,100.18511064316613,99.44423068356981,99.92580477697389,27091100
2015-10-19,100.70372009277344,100.76854655785199,99.77762369704851,99.99989191922194,23776300
2015-10-20,100.18515014648438,100.7408068025013,99.84249179358771,100.52780849938104,23404700
2015-10-21,99.57390594482422,100.79635320638762,99.53686829753863,100.69448907801748,30195200
2015-10-22,101.60205841064453,101.68541077977777,100.17586878091551,100.46296353508953,42778700
2015-10-23,104.4451675415039,104.87117110567051,103.78763984036269,104.3340404777119,53170900
2015-10-26,104.51000213623047,104.71374452308508,103.97286440098767,104.37108623014265,25918000
2015-10-27,104.72301483154297,104.87118662704769,104.20439588338398,104.23218471900078,31390500
2015-10-28,105.59351348876953,105.59351348876953,104.03767117945034,104.88042233537767,42221900
2015-10-29,105.42683410644531,105.60279472234784,105.00083051607386,105.11196465225804,24913300
2015-10-30,104.95451354980469,105.64908589508443,104.92673178648234,105.47312530663588,27199200
2015-11-02,106.13990783691406,106.2695607662865,105.01006911047872,105.23233026575224,22176900
2015-11-03,106.5103759765625,106.89007192284751,105.76949584229217,105.92693057451872,20418400
2015-11-04,106.5196533203125,106.93640112940146,106.07513080262058,106.86231168793347,28633000
2015-11-05,106.23252868652344,106.87153753261785,105.67687219953314,106.61223164305942,25004100
2015-11-06,106.30662536621094,106.42701537585916,105.35274703634713,106.02879357095372,29924900
2015-11-09,105.17679595947266,106.04732906898094,104.52853113253458,105.90841315876374,33479800
2015-11-10,104.9082260131836,105.01009720859942,104.30626178542371,104.62113831640625,35452100
2015-11-11,104.778564453125,105.70466101506922,104.60260384537767,105.19530507977748,22748800
2015-11-12,103.7598648071289,104.86192203161572,103.68577538275612,104.35256607099835,31196900
2015-11-13,101.72245025634766,103.43573467106947,101.6668867196303,103.3246005320782,52836000
2015-11-16,103.1856918334961,103.20421772406716,101.38906905373898,101.62059322697814,33980600
2015-11-17,103.25048828125,103.99136824629777,102.99118241314979,103.36162239567366,30579500
2015-11-18,105.23237609863281,105.33424731115936,103.56540610971773,103.66727732224429,32966500
2015-11-19,105.30642700195312,105.78800111504349,105.10268465145761,105.2879081817059,26188100
2015-11-20,106.01956939697266,106.10291472114005,105.70469279714898,105.80656401483681,22727600
2015-11-23,105.71395111083984,106.44556843055265,105.26016565729165,106.05660240481062,20696200
2015-11-24,105.6213150024414,105.87135796363253,104.50073195236962,105.02861377204555,26374400
2015-11-25,105.71395111083984,105.90843059093193,105.49168985724287,105.77877760420387,14159900
2015-11-27,105.86210632324219,106.0751116626389,105.50092919320332,105.94545869624325,8828000
2015-11-30,105.59351348876953,106.1769587707362,105.2508623262737,106.1769587707362,25041600
2015-12-01,106.64926147460938,106.64926147460938,105.88985566746564,106.01951565971439,28639400
2015-12-02,105.99176025390625,107.19568874202646,105.8343255169302,106.73264041052742,22395500
2015-12-03,104.19512939453125,106.46406321544794,103.57463930896022,106.27884672353662,42754300
2015-12-04,106.63076782226562,106.80672844691954,104.29700737077947,104.51000564378046,40037300
2015-12-07,106.14920043945312,106.76968349847628,105.63984445634055,106.7048570156762,25892100
2015-12-08,106.1584701538086,106.50112850215541,105.00084919182864,105.03789391047891,30792600
2015-12-09,104.54703521728516,106.27883824731741,103.90802635970935,105.6953929197723,48509200
2015-12-10,105.01936340332031,105.72319884827728,104.47296269594835,104.78783923667523,30154600
2015-12-11,102.60223388671875,104.08398689965836,102.53740741320125,103.80615511855157,56022200
2015-12-14,103.38018035888672,103.42648802381913,101.29646261696612,102.74117838927695,53098500
2015-12-15,104.00990295410156,104.90821775263993,103.88025000024614,104.3340424042962,48428000
2015-12-16,105.55651092529297,105.73246450363303,103.62096503909238,104.71375948931785,44944100
2015-12-17,104.01918029785156,106.01955254663575,104.00066147283262,106.01955254663575,45668800
2015-12-18,102.02384185791016,103.92813399388183,102.02384185791016,103.69590272702169,53746100
2015-12-21,103.15711975097656,103.17569513185663,102.22819479000293,102.9899129745159,26432800
2015-12-22,103.83524322509766,103.98387463817217,103.15713189256883,103.70519428222539,26540300
2015-12-23,104.60624694824219,104.68056265066879,104.18823352457962,104.37401569351066,25656900
2015-12-24,104.587646484375,104.87561800994764,104.54120449370049,104.6062289503522,11468600
2015-12-28,104.53190612792969,104.5504885926389,103.58440595463868,104.33683277128547,19183600
2015-12-29,106.17613220214844,106.40836345623264,105.08928454681147,105.15430901446963,27725700
2015-12-30,105.21935272216797,106.12041128672072,105.2007773367842,106.08325342881643,19520100
2015-12-31,103.90950775146484,105.04279691298588,103.89092529041531,104.84772359475998,29886800
2016-01-04,101.71729278564453,101.81018387304447,100.43537877039978,101.67084369837671,50807600
2016-01-05,101.54081726074219,102.34898478320211,101.06707048387622,102.21893581459531,38795200
2016-01-06,100.56543731689453,101.15065760184054,99.77585236786493,99.77585236786493,41891100
2016-01-07,97.41638946533203,99.66438677587897,97.3606491333981,98.41962330736276,61386300
2016-01-08,96.61749267578125,98.73544057343611,96.51531035728603,98.12234666246475,69344000
2016-01-11,96.91476440429688,97.5928758076222,95.4284855540599,97.30491127364597,50024100
2016-01-12,98.03873443603516,98.5403547306472,96.68250493747722,97.84366105820845,46734200
2016-01-13,94.65746307373047,98.67971020125532,94.50883166537928,98.43818770625245,69870700
2016-01-14,96.67323303222656,97.51855825895137,93.51488633495484,95.0290387548826,78445700
2016-01-15,93.67279052734375,94.69461366355405,92.43732570406826,93.46843298723678,91443900
2016-01-19,93.87716674804688,95.0940634276879,92.78103486512745,94.94543201238007,56563800
2016-01-20,93.58919525146484,94.59243596847244,90.33795769930477,92.40017236633082,86675000
2016-01-21,93.68208312988281,95.07547060455772,92.72529153121434,93.98863007522374,61660100
2016-01-22,96.39454650878906,96.43170436016162,95.24268146478148,95.56780380537207,42229800
2016-01-25,94.96402740478516,96.59893067281976,94.88042045051397,96.0508682003522,38881500
2016-01-26,95.81864166259766,96.22736395636298,94.52743612253242,95.3634702711344,36143900
2016-01-27,93.43128204345703,95.66998770021782,93.03184399354394,95.26126550266034,54524700
2016-01-28,94.75035095214844,95.01974005531177,93.13402342030382,94.98258220448214,47641500
2016-01-29,96.72895050048828,96.7661083481794,94.694609721127,94.72247633511162,54245100
2016-02-01,96.98908233642578,97.35136259298223,95.89295033047284,96.26451473617615,32750300
2016-02-02,94.88968658447266,96.58032973714998,94.6017150260942,96.5431718880968,44928100
2016-02-03,94.43452453613281,95.52136515006521,92.78103198428576,95.52136515006521,61572900
2016-02-04,94.42521667480469,95.17764356932672,93.3012184061125,94.18369421852391,49321600
2016-02-05,91.14613342285156,94.1279821453412,90.77456196518186,94.09082429086062,70749900
2016-02-08,89.75273895263672,90.15217699903401,88.09924644599371,89.44619199181507,91673100
2016-02-09,89.47406768798828,90.83029751899322,88.41509361327023,88.55443379934077,73778400
2016-02-10,89.81774139404297,91.6755909984728,89.75271694137328,90.50514376328455,59421700
2016-02-11,89.68771362304688,90.40298277096214,88.42437502736612,88.67518166472628,76839200
2016-02-12,91.05322265625,91.14612082317761,89.85491567879687,90.70023371818439,49186500
2016-02-16,93.10615539550781,93.10615539550781,91.82423436625133,92.40017041469521,40565900
2016-02-17,95.2148208618164,95.34486980626656,93.54275288012037,93.7842753857289,41766500
2016-02-18,94.12797546386719,95.53064716347893,94.00721067359352,95.51207178112523,38991500
2016-02-19,94.40665435791016,94.694625955101,93.46844511962307,93.67280268625605,28257900
2016-02-22,95.93938446044922,96.03227555424816,95.19624862292154,95.28913971672048,23979100
2016-02-23,94.36019897460938,95.64211286582497,94.29517451100718,95.38201501141614,29869700
2016-02-24,95.2612533569336,95.38201104513477,92.67883612678888,93.25477212841277,40739100
2016-02-25,96.19945526123047,96.19945526123047,94.60170338424076,95.45631963302343,29389300
2016-02-26,96.07872772216797,96.95191962354636,95.84649643666405,96.93333715190967,30925000
2016-02-29,95.2148208618164,96.70109957491513,95.2148208618164,95.98583038043935,27553900
2016-03-01,98.27098846435547,98.27098846435547,95.82791797078116,96.12517372318236,37699800
2016-03-02,98.30815124511719,98.32672662995093,97.54643289847652,98.15023566905259,29209800
2016-03-03,98.12232208251953,98.23379560762679,97.41634435157447,98.20592899813339,25474600
2016-03-04,98.15951538085938,98.79118474370135,97.50927063402331,98.23383109110813,31655400
2016-03-07,97.55569458007812,98.22452167424501,96.8590008715101,97.65787689097223,25861200
2016-03-08,96.74754333496094,97.73220159931554,96.58033654600113,96.88688350695003,28898500
2016-03-09,97.36991119384766,97.3884865741684,96.57103518449463,97.10981334654849,31047400
2016-03-10,97.22130584716797,98.33601314927519,95.96725127337712,97.77865949822157,44236100
2016-03-11,98.92121887207031,98.92121887207031,97.96442727916282,98.27097422265798,31454000
2016-03-14,99.08843994140625,99.320671219278,98.52179505642827,98.5496616758311,25374900
2016-03-15,99.05128479003906,99.16275835782913,98.41961541350139,98.73545364533841,26524600
2016-03-16,99.93374633789062,100.19384418608657,98.78187431425883,98.80974801553825,31693100
2016-03-17,99.87800598144531,100.11023721540128,99.27421044286764,99.64577474748934,29623700
2016-03-18,100.03453063964844,100.28608122894269,99.50347307722048,100.11837846669398,37682300
2016-03-21,100.42585754394531,100.51902418678232,99.80163321796228,99.85753178203264,17288600
2016-03-22,100.73331451416016,100.96623467683872,99.8389019424536,99.85753242787781,18840300
2016-03-23,99.90411376953125,100.61218590697605,99.68050530787187,100.53765686124845,20912900
2016-03-24,99.93208312988281,99.96003241616646,99.25195302828607,99.41965585414826,19017300
2016-03-28,99.79232025146484,100.23021131735709,99.61529864402084,100.21157372280528,13892300
2016-03-29,101.39479064941406,101.46000800017036,99.43826301856697,99.60596579310575,29963900
2016-03-30,101.88858032226562,102.52212334829328,101.6742906791006,102.00038454150278,23807200
2016-03-31,101.73950958251953,102.19603815358607,101.58112560063518,101.81404572981508,21447200
2016-04-01,102.82025909423828,102.85752716669009,100.98484739789528,101.12460089255005,26389000
2016-04-04,102.42894744873047,102.8947876578178,102.18670854972098,102.82025151840602,17163000
2016-04-05,101.44137573242188,102.01902023240083,101.31094102406509,101.63702779495705,20107900
2016-04-06,103.10910034179688,103.14636842240691,101.54387649697325,101.54387649697325,25056000
2016-04-07,101.62772369384766,102.69915782803972,101.18983266532193,102.51281743922078,28567200
2016-04-08,101.55317687988281,102.50348788456363,101.19914084052296,102.26125606676081,22898000
2016-04-11,101.18051147460938,102.50349621720247,101.17119267834919,101.99107615343358,25772100
2016-04-12,102.0283432006836,102.22399527122005,100.6401340064373,101.25504660654512,28564100
2016-04-13,103.33267211914062,103.4910560743517,102.680491602375,102.81092628409671,25356700
2016-04-14,103.34199523925781,103.72398764096386,102.48485091934481,103.35131403417104,17199700
2016-04-15,103.08114624023438,103.47245040611033,102.82027679631707,103.25816783781794,21353300
2016-04-18,103.63084411621094,103.66810508785386,102.71779393145233,102.78301129406657,17126100
2016-04-19,102.99728393554688,103.82647902652454,102.37305258733278,103.82647902652454,42481400
2016-04-20,103.08114624023438,103.55630536060332,102.64325519873353,102.99729839390064,18078300
2016-04-21,103.09043884277344,103.46311242860246,102.62459863752653,103.02522149836517,20216000
2016-04-22,101.5345458984375,102.22398749092459,100.7333000849424,101.74882843683837,39074000
2016-04-25,101.5345458984375,101.54385758573615,101.04074925343748,101.22708962178416,14351900
2016-04-26,101.0407485961914,101.91653055132842,100.7332994296962,101.7488277749864,19118300
2016-04-27,100.23017883300781,100.46309893229915,99.40098384818322,100.00657041981485,33059800
2016-04-28,99.01901245117188,100.92896051325718,98.82336037929602,100.34199718947079,29818200
2016-04-29,98.49727630615234,99.2239860526125,97.71466088893129,99.01901517886036,67502800
2016-05-02,99.42896270751953,99.56871623030895,98.33889802444902,98.74883268762937,24813800
2016-05-03,98.50658416748047,99.16807648142026,98.24570765192718,98.72086670577286,38569400
2016-05-04,97.873046875,98.27366980505359,97.63080793613632,97.91030784267873,27474500
2016-05-05,97.8450698852539,98.4413518649434,97.64941785942209,98.22706225103781,20788100
2016-05-06,98.3668212890625,98.3854517700322,97.26743809975359,97.36060472091722,30758500
2016-05-09,98.6463394165039,99.10286802859784,98.32957142426783,98.3761511893949,19289600
2016-05-10,99.99726104736328,100.04384080340488,98.82334172948978,99.00036328365731,21178900
2016-05-11,99.09355926513672,100.1463558912973,99.06560998159894,99.84821835329504,20966300
2016-05-12,98.65564727783203,99.44757427880417,97.95688690494636,99.32645837310757,29196300
2016-05-13,98.29229736328125,99.17739103655926,98.09664530207742,98.57180436966296,21059300
2016-05-16,99.5221176147461,99.88547246624542,98.34819811320133,98.44137185617745,18311900
2016-05-17,98.2736587524414,99.7270780058435,98.01278225091988,99.43825933578484,29932700
2016-05-18,98.6277084350586,99.15876609031142,97.86373063086755,98.0500639067546,27524400
2016-05-19,98.11528778076172,98.48796146544694,97.39789680197411,98.24572250417765,27334600
2016-05-20,99.19603729248047,99.59666024560298,98.450689949131,98.5065956201856,29549600
2016-05-23,99.06559753417969,99.6618725352633,98.97243089804013,99.30782936651079,15729800
2016-05-24,101.0500717163086,101.17118762901092,99.58733353545162,99.61528281467844,29931300
2016-05-25,101.77680969238281,102.0842660656361,101.25507071340304,101.43209234191139,37951700
2016-05-26,102.07492065429688,102.2053553650349,101.63702965046551,101.87926858818983,21885900
2016-05-27,102.60597229003906,102.61529108544903,102.12150155109397,102.14013203375569,19870000
2016-05-31,102.80162811279297,102.96001920793523,102.27988928124239,102.74572955460069,24366100
2016-06-01,102.81095123291016,103.04387137938623,102.40101660866021,102.4848644494754,19571500
2016-06-02,103.02522277832031,103.03453446466759,102.04695549188511,102.60596232349486,15696600
2016-06-03,102.54077911376953,102.87618474602233,101.86996784926393,102.82960497430714,20269900
2016-06-06,102.9134292602539,103.18361746370219,102.55007442655132,102.72709599974529,12502400
2016-06-07,102.65258026123047,103.0718337348082,102.60599338276198,102.96934828870525,12184300
2016-06-08,102.82958984375,103.04387240006162,102.44759738782929,102.82958984375,14568700
2016-06-09,102.66187286376953,102.77366997051274,102.21466311232314,102.4103151572816,17571600
2016-06-10,101.4972915649414,101.92586380791927,101.14324837123333,101.73021172578758,32965000
2016-06-13,100.6494369506836,101.48795076960468,100.5190022575356,100.91962513167803,25154700
2016-06-14,100.6494369506836,101.01279175418978,99.91340854897274,100.37924876968916,24588500
2016-06-15,100.3606185913086,101.03142964846977,100.1929158270183,100.89167616020157,24605700
2016-06-16,100.65876770019531,100.75193433377207,99.22397879700607,99.86684065255514,32079900
2016-06-17,99.47892761230469,100.59058287666632,99.24538706951219,100.45045712557247,29208800
2016-06-20,100.10482788085938,101.11371767159146,100.03009319203709,100.63730006630682,20562800
2016-06-21,100.4223861694336,100.62790289076564,100.04872005129243,100.23555667390721,22804100
2016-06-22,100.17955017089844,101.06700851800545,100.09547899571655,100.47848178336488,22724200
2016-06-23,101.60880279541016,101.62749002753556,100.53452214219608,100.95489221283717,18714200
2016-06-24,97.42373657226562,99.48823332881476,97.20887621882882,97.99357584976211,68012700
2016-06-27,95.49005889892578,96.77920013777903,95.05100153528315,96.77920013777903,48222600
2016-06-28,97.58256530761719,97.62927626019713,96.4989410532513,96.54564487874053,28260600
2016-06-29,99.31076049804688,99.51627727953758,98.30187094895967,98.34857477296816,31356700
2016-06-30,100.45979309082031,100.52518415273768,99.14262110879595,99.4789200349685,36300800
2016-07-01,100.96424865722656,101.3379149492131,100.37572193104297,100.4130892729508,19902800
2016-07-05,100.34768676757812,100.57189079346767,99.80587106231475,100.43176505905943,21167900
2016-07-06,101.16976165771484,101.21646548801901,99.55365803485186,99.87127686554088,24579300
2016-07-07,101.46869659423828,101.69289351751503,100.99227189606995,101.26317977827972,19161700
2016-07-08,103.0380630493164,103.09411048407746,101.84232980005815,102.01047923143119,29457900
2016-07-11,103.62657928466797,104.00958195548417,103.37435870896849,103.38369519641279,20218500
2016-07-12,104.14971923828125,104.42997068872421,104.00959351305977,104.26182124387653,21906100
2016-07-13,103.89749908447266,104.4579948606953,103.88815546885998,104.3926038055875,21107800
2016-07-14,104.60746002197266,104.8036331794569,104.3458886849035,104.58877279149405,20871000
2016-07-15,104.43932342529297,104.90640446542918,104.20578290522486,104.85034989419091,17999300
2016-07-18,105.13060760498047,105.31743718128041,104.48603345069013,104.50472068457502,20713900
2016-07-19,104.74757385253906,105.07453622723693,104.56074431878875,104.76626108216801,18936700
2016-07-20,105.97134399414062,106.16751716709696,105.18664417522447,105.31742629052872,24997900
2016-07-21,105.72843933105469,106.25156769065596,105.43885143585962,106.04605094164421,18885400
2016-07-22,106.1675033569336,106.288941840465,105.47622553351898,105.80318077924956,20003400
2016-07-25,106.17687225341797,106.20489597728333,105.82188607887934,106.08345033774474,12968100
2016-07-26,106.29830169677734,106.68130443541303,105.76582960749003,106.13949585702818,21223800
2016-07-27,107.03629302978516,107.31653737803552,106.58789209465705,107.19509887316947,27646100
2016-07-28,107.40996551513672,107.53140402704335,106.86814976584587,107.20444870491664,16939700
2016-07-29,107.64348602294922,107.93307395051589,107.30718714644398,107.6528225110648,22385300
2016-08-01,108.21333312988281,108.48424099134712,107.58744623982277,107.7182283623102,13990100
2016-08-02,107.3912582397461,108.14792714789898,106.69998038381517,108.05451237716618,21278400
2016-08-03,107.7462387084961,107.75558232382555,107.2417975141492,107.30718856727493,15011300
2016-08-04,108.05449676513672,108.15725513622301,107.4566337663196,107.70886145065475,12835300
2016-08-05,109.09144592285156,109.3343300578139,108.48423914899124,108.60568478001792,23196600
2016-08-08,108.9699935913086,109.17551036196016,108.62435110184094,109.14747951652485,12358200
2016-08-09,109.22222137451172,109.56786388673589,108.98868087013904,109.05407192627976,13276500
2016-08-10,108.94198608398438,109.31564522030914,108.65239098811415,109.28762149779391,14688400
2016-08-11,109.40906524658203,109.64260576630716,109.0914464336685,109.31564333701913,12969800
2016-08-12,109.48380279541016,109.493146412638,109.10080001416883,109.22223852976403,19379000
2016-08-15,109.95085906982422,110.20308678842525,109.58653647814727,109.62390381153594,11777800
2016-08-16,109.34366607666016,109.75469251447066,109.3249788452971,109.74535602587966,14161400
2016-08-17,109.53984069824219,109.57720803437407,108.76448450945965,109.37169124919406,15980300
2016-08-18,109.56787109375,109.7266769366674,109.25025228082413,109.43708897286614,10036300
2016-08-19,109.53984069824219,109.78271769246345,109.07275968722966,109.37169124919406,18743000
2016-08-22,109.6239242553711,109.81076095715775,109.17553042526595,109.38104010659414,14500600
2016-08-23,109.820068359375,110.240445481733,109.77336454161713,110.05360882943293,11997900
2016-08-24,109.11012268066406,109.89481532693,108.74580007674196,109.74535311544187,17728700
2016-08-25,108.9326400756836,109.26893899266491,108.69909955706272,108.82988167732313,24266300
2016-08-26,109.09144592285156,109.80141109507707,108.43753532151953,108.97000741891591,23896000
2016-08-29,109.24091339111328,109.53050134855124,109.10078765693363,109.11946776218183,11184900
2016-08-30,108.88593292236328,109.38103769878921,108.51227378119816,109.0634260033806,19843300
2016-08-31,108.77384185791016,108.88593675336709,108.3160972778226,108.71778728309016,16169800
2016-09-01,109.05408477783203,109.18486690552558,108.27873562853205,108.81120775616766,20944700
2016-09-02,109.40906524658203,109.82009171487634,108.99803165119665,109.59589481152571,18088200
2016-09-06,110.09098052978516,110.09098052978516,109.35299175985801,109.59587585394425,18525200
2016-09-07,110.15638732910156,110.34322401553179,109.73601725704253,110.1937546663876,17546900
2016-09-08,109.5118179321289,109.85745332195181,109.22222285635618,109.82942960138138,20125300
2016-09-09,106.75602722167969,108.83921152007127,106.73734711847403,108.59632741585702,50813300
2016-09-12,108.67106628417969,108.82052849687364,106.14882462849684,106.15816824400595,39646000
2016-09-13,107.69954681396484,108.44687220001373,107.17641833102154,108.12926051453844,45863900
2016-09-14,108.21333312988281,108.80185980816745,107.78361942355393,107.81165027302221,28221800
2016-09-15,109.89480590820312,110.06295533614718,108.2319988580283,108.24134247266123,38521400
2016-09-16,109.84237670898438,109.95475957873701,109.29920355593366,109.77682182119874,27596500
2016-09-19,109.36474609375,110.46045215655518,109.1493545488974,110.12331073031572,16222900
2016-09-20,109.57080078125,110.0203251590013,109.38350312507305,109.75809843742694,18078600
2016-09-21,110.64777374267578,110.80697745567792,109.3928566553156,110.0390456780207,31546800
2016-09-22,111.52806854248047,111.6498184285081,111.1815672236544,111.29394294005361,22614400
2016-09-23,110.81634521484375,111.44380019020294,110.65714150078794,111.44380019020294,22213400
2016-09-26,109.8891830444336,110.31998041582823,109.72997935867024,110.18887065755888,16403900
2016-09-27,110.97557067871094,111.03175855469635,109.7112934543989,109.81430932367122,20238400
2016-09-28,111.16285705566406,111.22841195262903,110.59158989142018,111.11603621208788,14794300
2016-09-29,110.35747528076172,111.18160223357887,109.87986404577754,110.97557049537458,27207500
2016-09-30,111.18157958984375,111.50935404070884,110.53539056889032,110.64777344273571,25543200
2016-10-03,111.02235412597656,111.16282375957879,110.59155676644387,111.04108102880826,19216400
2016-10-04,110.85382080078125,111.59365874865905,110.4323903230303,111.35016606006617,21239700
2016-10-05,111.24713134765625,111.60299972072579,111.1347484769752,111.18157645932905,14481300
2016-10-06,111.1909408569336,111.42506647327562,110.64776771223285,111.10665191967813,11987100
2016-10-07,110.94744873046875,111.45316092150911,110.40427558324612,111.29395007149778,19984200
2016-10-10,111.64981842041016,111.8933110475014,111.47188067619581,111.51870865465634,19687300
2016-10-11,110.05776977539062,111.57490638542937,109.57079162306479,111.55617947935595,27774400
2016-10-12,109.9641342163086,110.33873668747529,109.62699270675334,110.16079890605783,14267800
2016-10-13,109.57080078125,109.87048131810167,108.57811034260652,109.21493237653476,22821000
2016-10-14,109.7018814086914,110.55410195113934,109.63632653196046,110.11394471668345,21313300
2016-10-17,109.40221405029297,109.85173836237388,109.26173725620852,109.60824572895729,14182700
2016-10-18,110.3761978149414,110.89127710668808,110.32000994491372,110.70397229834934,19276700
2016-10-19,110.3668212890625,110.52602500373692,110.17015661594458,110.29189937217551,13702900
2016-10-20,110.23573303222656,110.47922573718141,109.59891090423218,110.25446708758005,18132200
2016-10-21,110.64777374267578,110.71332863302649,109.95476388111855,110.31999929092217,15707800
2016-10-24,111.97760772705078,112.05252964457317,111.34078571800511,111.35951976985936,19143000
2016-10-25,111.6217269897461,112.06188427532012,111.45315626644,112.04315022553804,20341800
2016-10-26,110.86316680908203,111.47189488191184,110.53539235292668,110.90062776763511,20463700
2016-10-27,110.35747528076172,111.4344548200441,110.19827153576699,111.34080597857358,19099800
2016-10-28,109.66444396972656,110.61031351815726,109.32730248998786,110.03904640776372,35369300
2016-10-31,109.56143188476562,110.06714412174809,109.50524401786117,110.06714412174809,18749400
2016-11-01,108.73731994628906,109.76747140087679,107.79145029805537,109.74874449222523,23498700
2016-11-02,107.86636352539062,108.91524894900722,107.59477692967882,108.66238926043704,26960100
2016-11-03,106.80811309814453,108.04429611367956,106.68636320024714,107.68842059052973,36205200
2016-11-04,106.43350219726562,107.2669887852279,106.2461974250038,106.54587791567623,26997500
2016-11-07,108.96207427978516,109.0744571621086,107.97875085300893,108.15668148550309,26591200
2016-11-08,109.67381286621094,110.1701580684736,108.59683351783963,108.84969320443022,20777900
2016-11-09,110.1795425415039,110.35747319344789,108.25970917540165,108.39081897997026,70234400
2016-11-10,108.40015411376953,110.8631528834395,106.94857251819839,110.7133162129956,72825400
2016-11-11,108.44698333740234,108.68110894292786,107.54793472463143,107.9319041472676,41115200
2016-11-14,107.35128784179688,108.57811107637376,106.78938772452115,108.47509522129599,35906000
2016-11-15,108.84033966064453,109.21494215147364,108.00685286964762,108.16605660614181,31796600
2016-11-16,109.48651885986328,109.56143363528368,108.32525052900236,108.32525052900236,16538100
2016-11-17,110.28255462646484,110.30128153578305,109.2055751444881,109.43033378104772,20598600
2016-11-18,109.87046813964844,110.60093891404858,109.76745229762312,110.41364128033712,16428700
2016-11-21,111.01300048828125,111.11601632864193,110.10459197507156,110.14205293019786,20268500
2016-11-22,111.35015869140625,111.6217452982205,111.07857208459201,111.45317454726504,18850600
2016-11-23,110.90061950683594,111.10665119105728,110.41364137181463,110.98490844353864,22926000
2016-11-25,111.25650787353516,111.30332871494018,110.90063232512973,111.03174211297987,7162800
2016-11-28,111.00365447998047,111.51873377930568,110.89127873827167,111.11603736663723,13479000
2016-11-29,111.38763427734375,111.92144053463346,110.78827311634997,111.10668060721288,18553000
2016-11-30,110.03904724121094,111.56554379246118,110.00158628262876,111.52808283387901,30405300
2016-12-01,108.137939453125,110.01094436019929,107.96936872569044,110.00157733507884,39796600
2016-12-02,108.35334014892578,108.7841376014161,107.90382293451015,108.203503459103,32876800
2016-12-05,109.19619750976562,109.62698783171864,108.41889866702653,108.91525102759499,21419700
2016-12-06,109.45843505859375,109.64573988907902,108.9995507275651,109.50526305245225,27293300
2016-12-07,110.8444595336914,110.98493636690816,108.90589924115598,109.23367375536273,26622400
2016-12-08,111.04108428955078,111.32203785489702,110.67584894156828,110.89124762765984,18578400
2016-12-09,111.91206359863281,111.94952456099684,111.44381228650465,111.45317931333265,21863100
2016-12-12,111.40635681152344,111.64048247911951,110.94747250362067,111.41572383881282,23259300
2016-12-13,112.81109619140625,113.41982427722556,111.74348385717744,111.74348385717744,54477900
2016-12-14,112.57699584960938,113.31683388692616,112.24922131281055,112.9515983823576,28746000
2016-12-15,112.75492858886719,113.4198446607384,112.45524800513724,112.72683465054075,22762300
2016-12-16,112.3369369506836,113.25742672262224,112.11151366276933,113.03199626863086,26283900
2016-12-19,112.79718017578125,113.49224667165021,112.28997956085028,112.44965409392401,21138700
2016-12-20,113.2292251586914,113.43585894760184,113.0225842037054,113.15408169031912,11461800
2016-12-21,113.14470672607422,113.35134771715025,112.89110643362069,113.27620423565409,7079300
2016-12-22,112.8253402709961,113.18226100391828,112.38388134291492,113.15408399422387,16645000
2016-12-23,112.90045928955078,112.94742574256797,112.53414388745544,112.63746435123358,9007500
2016-12-27,113.48282623291016,114.1403136707647,113.09772849533125,113.14468778884908,16110600
2016-12-28,112.59992980957031,113.83038105746145,112.52479349243256,113.72706055956043,17975200
2016-12-29,112.44024658203125,112.83473908926858,112.0833258134941,112.5717440844437,13267500
2016-12-30,111.28496551513672,112.66568953169015,110.96560926342943,112.65630196993234,41749000
2017-01-03,112.28056335449219,112.70323284143772,111.67003518862295,112.02695592946417,22307600
2017-01-04,112.89110565185547,113.09774664150052,112.39329263102516,112.40268019158957,19749100
2017-01-05,113.5298080444336,113.60494435743746,112.80656459891827,112.80656459891827,20644300
2017-01-06,114.52540588378906,114.82597256008454,113.36071090890347,113.65188286110616,24074300
2017-01-09,114.90113830566406,115.10777927933408,114.54421038166086,114.61935385682746,18909200
2017-01-10,115.15477752685547,115.50231084249391,114.68514139732827,114.94813648329092,16176600
2017-01-11,115.46469116210938,115.46469116210938,114.60995032146022,115.20169618531753,20686000
2017-01-12,115.2862319946289,115.36137546713574,114.21546259267228,115.051414017602,19622500
2017-01-13,115.68074035644531,115.87798661207731,115.34260187076863,115.34260187076863,16930800
2017-01-17,115.33322143554688,115.55864473190495,114.99508290797105,115.38018074066288,14538500
2017-01-18,115.56802368164062,115.6807388974701,115.21110291396185,115.50227493059252,12499700
2017-01-19,115.51168060302734,116.1409911607056,115.26746786195926,115.73710388997176,12710700
2017-01-20,115.76526641845703,116.31004586263748,115.45530495889822,116.01886668877486,22091000
2017-01-23,115.85921478271484,116.02828405127013,115.12658367433448,115.69014551415957,17434200
2017-01-24,116.6387939453125,116.8172579134058,115.88737350014995,116.08461975463791,17640900
2017-01-25,117.8128890991211,117.84106611299188,117.26810961069664,117.37143010560737,15036200
2017-01-26,117.93499755859375,118.17921030069148,117.72835655882467,117.9725693009224,16052200
2017-01-27,118.16041564941406,118.27312369853027,117.77531070539675,118.18859266169312,15053000
2017-01-30,117.23992156982422,117.76591155547831,116.59182164744607,117.76591155547831,25006700
2017-01-31,117.00507354736328,117.03325055134948,116.32879678739745,116.82660963401834,19091100
2017-02-01,117.8128890991211,118.04770710281335,117.27750433734583,117.83167138634269,22861900
2017-02-02,117.70957946777344,118.06650028653868,117.27751516103315,117.60625896332712,15101400
2017-02-03,118.04772186279297,118.1698246601923,117.71897804973501,117.8316861193105,16957200
2017-02-06,118.18858337402344,118.20736565870804,117.7377297147592,117.85044492109421,11630100
2017-02-07,118.62067413330078,118.86488688531736,118.32010734854093,118.43281541402749,17541100
2017-02-08,118.8178939819336,118.98696320862997,118.23554283085146,118.4609732438305,12569100
2017-02-09,119.24998474121094,119.5129797821647,118.8742744686724,118.94002322891083,17542700
2017-02-10,119.64446258544922,119.81353182899088,119.30632409836592,119.51296508114756,13915700
2017-02-13,120.32075500488281,120.47102764002985,119.96382704058128,120.0107863433051,19120200
2017-02-14,120.72463989257812,120.7340274538489,119.98261408578097,120.36771191412436,16333500
2017-02-15,121.4384536743164,121.4948220254809,120.57432527442805,120.64008118471097,17891400
2017-02-16,121.40089416503906,121.75782207653243,121.09093271539776,121.51360220776247,15098300
2017-02-17,121.92691040039062,121.93631229407711,121.20366686212705,121.222456317345,15563700
2017-02-21,122.52804565429688,122.60318914404174,122.09598850345799,122.16173009938774,18479600
2017-02-22,122.57500457763672,122.6595356238353,122.20868904528858,122.4153300463213,12110900
2017-02-23,122.11471557617188,122.76281537956628,121.62630458324674,122.76281537956628,17489000
2017-02-24,122.3495864868164,122.3495864868164,121.5230367313095,121.56060131158699,18624500
2017-02-27,122.49984741210938,122.50923497214274,121.91750338268118,122.12414436063688,12008700
2017-02-28,122.12415313720703,122.52803322995756,121.78601463372003,122.47167920140203,16598600
2017-03-01,123.45787048339844,123.6832865114144,122.66888572104605,122.90370363832818,25813800
2017-03-02,122.8380126953125,123.44853387021301,122.68772570906886,123.42975874604944,19951400
2017-03-03,123.06343078613281,123.10099536283425,122.42471832497314,122.75346928276694,13722700
2017-03-06,122.791015625,122.99765659655773,122.30260453963835,122.65951812784074,12026200
2017-03-07,122.58441925048828,123.11981132579957,122.36839064059518,122.54685466569893,15500900
2017-03-08,122.80040740966797,123.18549797755544,122.53741243699555,122.65950803221061,15776000
2017-03-09,122.89435577392578,123.06343220141271,122.23686818293122,122.77226014912615,20855300
2017-03-10,123.41094207763672,123.60819549510663,122.8755645139087,123.45790854200123,21922600
2017-03-13,123.61759948730469,123.64577650323837,123.29825041861994,123.363992011747,10731600
2017-03-14,123.31698608398438,123.38274198822641,122.81917318556613,123.33577553264638,14019700
2017-03-15,124.07786560058594,124.36903769471562,123.17615796610231,123.57065057738994,22709100
2017-03-16,123.99327850341797,124.31264184222421,123.71150839881219,124.31264184222421,18457300
2017-03-17,123.94999694824219,124.27941727880275,123.88410426495265,124.14764627418606,21234500
2017-03-20,124.06295013427734,124.34532070054502,123.73352977526805,123.9123505840061,10105200
2017-03-21,122.18048858642578,124.64649497678509,122.10518881761053,124.53355250454341,35841900
2017-03-22,123.00877380371094,123.13113772539216,122.0581267727339,122.21814776045365,29177900
2017-03-23,122.69816589355469,123.18760721135952,122.49109511917428,122.8487654316427,20311700
2017-03-24,122.95228576660156,123.57348365173124,122.48167303916233,123.09346384004905,22967600
2017-03-27,123.14997863769531,123.36647090952016,121.79461120525177,122.07698181400514,18472400
2017-03-28,123.90292358398438,124.27000095254604,122.87699124133272,123.1499403156124,23721900
2017-03-29,124.47711181640625,124.52417597871113,123.8558993427002,123.98767037997428,13710000
2017-03-30,124.68417358398438,124.81594461168669,124.31709612381619,124.43003861557105,16092400
2017-03-31,124.59944152832031,124.93828329705546,124.36413514341986,124.50531322957535,19841400
2017-04-03,124.52415466308594,125.0041745677092,123.82764252131187,124.70298983205248,23700300
2017-04-04,124.72178649902344,124.74061503047291,124.1194027502933,124.16646689793626,13400000
2017-04-05,124.21351623535156,125.6347614081578,123.97820988715426,124.90060675073897,32011200
2017-04-06,124.27947235107422,124.60890718958042,123.95945896404852,124.33595797405115,18832200
2017-04-07,124.21351623535156,124.59000064768337,123.77113915178384,124.24175184817847,16743100
2017-04-10,124.26062774658203,124.77830478235092,123.92178590153016,124.33592753014526,15619300
2017-04-11,123.72410583496094,124.33591110987784,122.82994436142751,124.14765449484906,33778400
2017-04-12,123.22525024414062,123.80880550333782,123.09347923845215,123.70527011587097,15955200
2017-04-13,122.73583984375,123.78060106702677,122.71702566817102,123.05586753415176,23683000
2017-04-17,123.7523422241211,123.77117075813368,123.03701591324021,123.08408006728999,13325500
2017-04-18,123.5641098022461,123.92178016712911,123.25350359515788,123.3382104620098,12841100
2017-04-19,123.76173400878906,124.51470284525948,123.59230596721126,124.10057572998474,17764800
2017-04-20,124.79708099365234,125.07004442127953,124.07234772600407,124.26058994666647,21977900
2017-04-21,124.76885986328125,124.957102105797,124.4488466148082,124.91005231663995,22454900
2017-04-24,126.27479553222656,126.39714506075082,125.93595383408446,126.15243164174333,22469900
2017-04-25,127.18779754638672,127.41368245898823,126.57599239685007,126.6889492151112,19384400
2017-04-26,127.00895690917969,127.54544791530789,126.93365715425718,127.23484181198747,25398500
2017-04-27,127.77140808105469,127.77140808105469,127.24432390732743,127.31962369814083,16136500
2017-04-28,127.99727630615234,128.3266966535862,127.79020552229652,128.27963250053477,22771900
2017-05-01,129.13613891601562,129.30556697841877,128.36434145517964,128.4208126886601,24815500
2017-05-02,129.35263061523438,129.40911621672467,128.96673902447853,129.29615937570733,18345100
2017-05-03,128.93850708007812,129.10792080348833,128.5902438231288,129.06085664855317,23827600
2017-05-04,128.9855499267578,129.35262733634198,128.5337656600303,128.91967160296727,14630100
2017-05-05,129.45616149902344,129.45616149902344,128.83496352390088,129.31498340512348,19330700
2017-05-08,129.738525390625,129.738525390625,129.25850553403694,129.52204753710043,13279900
2017-05-09,130.19033813476562,130.48211578685664,129.82324634566118,129.93620318921776,28426100
2017-05-10,130.26565551757812,130.3127196837802,129.80446402991222,130.26565551757812,20499400
2017-05-11,130.16207885742188,130.19973592323947,129.3055744965659,129.90795829198456,27232100
2017-05-12,130.45384216308594,130.4820777752587,130.10557900968968,130.21853582034007,19738600
2017-05-15,130.8679656982422,130.9432654493053,130.38794594241878,130.5103098331412,20481300
2017-05-16,131.4138946533203,131.4327231839444,130.8209323772895,131.20682390233787,21786000
2017-05-17,128.0725860595703,130.61389254080234,128.05375752448978,130.36916467064802,55642200
2017-05-18,129.19264221191406,129.6256123793197,127.88433898440165,128.02553146510505,41319900
2017-05-19,129.738525390625,130.28443792895996,129.56911168663933,129.65381853863218,36730100
2017-05-22,130.83038330078125,130.89627599906473,129.98328584433943,130.03033564372404,19509700
2017-05-23,130.9620819091797,131.2256238326352,130.62324024160006,131.21621675035382,19687500
2017-05-24,131.5645294189453,131.63042211280106,130.99038115777034,131.3574586124911,15891900
2017-05-25,132.68460083007812,133.02344268912228,131.78101775197175,132.06338836150286,23928600
2017-05-26,132.919921875,132.97639313071474,132.53401581165934,132.71285102940098,13851600
2017-05-30,133.0328369140625,133.19284355953408,132.76929486717233,132.85400173325178,20306400
2017-05-31,132.9857635498047,133.50344052105777,132.30809430612103,133.50344052105777,33229400
2017-06-01,133.50341796875,133.55988919935385,132.69396348551922,133.25870451547965,20120700
2017-06-02,135.0281982421875,135.05643385440243,133.75753824467859,133.97401605897943,37222900
2017-06-05,134.99998474121094,135.23529114788136,134.81174248826727,135.0188132750943,15727500
2017-06-06,134.46353149414062,135.28239342428128,134.26586773757182,134.8400161061216,22393000
2017-06-07,134.99058532714844,135.10352781294083,134.21878773762694,134.8399857714492,18842400
2017-06-08,135.13180541992188,135.3482833492643,134.39763602630052,135.29181209482428,25417400
2017-06-09,131.75271606445312,135.4423175895989,129.99262931465586,135.29173245372496,109783700
2017-06-12,131.04684448242188,131.28215089717403,129.39029249287364,130.6421243427908,104454000
2017-06-13,132.1104278564453,132.2986701069965,131.09390246911315,131.7809931465084,51193000
2017-06-14,131.53627014160156,132.64690939288369,130.47268067808133,132.64690939288369,60093800
2017-06-15,130.95269775390625,131.09387582263264,129.4090886340035,130.20912162672005,55145200
2017-06-16,130.3845672607422,130.97915949850378,129.9032396022771,130.88477474927183,48087400
2017-06-19,132.56471252441406,132.687395397233,131.45103314846543,131.64923532930905,39626500
2017-06-20,131.5264892578125,132.6024085805724,131.4792969083501,132.43253340380758,40935100
2017-06-21,132.82896423339844,132.89502202217716,131.7435974649474,131.82853507955758,35743400
2017-06-22,132.791259765625,133.28203463358037,132.45149476490107,133.03665440014947,24099100
2017-06-23,133.3008575439453,133.47073277121888,132.27211586369043,132.6401932572039,21654300
2017-06-26,132.67796325683594,134.29183564616065,132.3853907418758,134.06533532546305,34411100
2017-06-27,130.2713165283203,132.33821867832611,130.26188381387357,132.177776126187,65957800
2017-06-28,132.14944458007812,132.26269474151786,129.9976051061909,130.75262538390743,57427200
2017-06-29,129.85606384277344,131.60208111933244,128.59138868735818,131.60208111933244,88769400
2017-06-30,129.90321350097656,130.87531573816105,129.4785110169493,130.2240985421449,68898300
2017-07-03,128.5347137451172,130.64879332809627,128.44977613353402,130.49779793008852,32797000
2017-07-05,129.79940795898438,130.14860557103208,128.50642056208196,128.94055579850516,42116600
2017-07-06,128.6291046142578,129.35582678752746,128.16665683215936,128.80842697918962,48430500
2017-07-07,130.01646423339844,130.36567621606702,129.0538091056215,129.06324181825494,36970400
2017-07-10,130.8659210205078,131.17737343951006,129.7711211963348,130.1014534470896,24853500
2017-07-11,131.23394775390625,131.39439025899074,130.18634071393043,130.67711534195072,31517700
2017-07-12,132.791259765625,132.94226963285644,132.09286433159338,132.3571243987016,36045800
2017-07-13,133.08380126953125,133.40470076264955,132.69685837671634,132.95167126686732,31073600
2017-07-14,134.1314239501953,134.30131363085806,133.25370620356202,133.6784088035811,34544800
2017-07-17,134.19744873046875,134.66934354172938,133.9426215000837,134.27295362840087,25343200
2017-07-18,135.0941162109375,135.1224287622425,133.67843104131006,134.10313371197944,25748500
2017-07-19,135.8868408203125,136.0850429994018,135.4338257837934,135.49045086322224,33752300
2017-07-20,136.066162109375,136.320989365902,135.45270455223815,136.2360517474224,36139400
2017-07-21,136.00955200195312,136.00955200195312,135.29227692068943,135.5659696329471,39697100
2017-07-24,136.6324462890625,136.72681662351235,135.83021924025064,135.99066176979528,26712700
2017-07-25,136.28321838378906,136.60411780651714,135.91514099988623,136.1794009472479,28120900
2017-07-26,136.726806640625,136.80231154332526,136.40592160496467,136.6229891995481,18610600
2017-07-27,135.86793518066406,137.7555140754152,134.30124124176044,137.623384128826,80665900
2017-07-28,135.7547149658203,135.9812296915172,134.83923775095917,135.05631976349363,38013200
2017-07-31,135.17897033691406,136.31151489259074,134.88639788681516,136.14163968972764,33848600
2017-08-01,135.49050903320312,135.67926417936675,135.07523907098644,135.64151891057185,20149400
2017-08-02,135.85853576660156,136.39650285299504,134.59386091937745,136.36819031172055,41769700
2017-08-03,135.32998657226562,136.06614128861924,135.08460646717643,135.990636394495,27112800
2017-08-04,135.57537841796875,135.87739802062006,135.0185459768036,135.63201789428132,29472900
2017-08-07,136.4342498779297,136.4342498779297,135.63203719626185,135.82079227423725,17933900
2017-08-08,136.19827270507812,137.29307207992196,135.8113155189734,136.16996016961545,30810400
2017-08-09,136.01895141601562,136.08502359998937,134.76370953029158,135.07516182383992,36169500
2017-08-10,133.10272216796875,135.33950018933223,132.97059212453576,135.24512981607705,63331700
2017-08-11,134.11257934570312,134.40515197334673,132.98001970165882,133.28203944702906,45862500
2017-08-14,135.83966064453125,136.04729555512986,135.14126540078104,135.17901065675824,34161000
2017-08-15,135.93409729003906,136.18892466872754,135.5660196990869,136.1794775503088,25509200
2017-08-16,136.16995239257812,136.811736762279,135.71693744996216,136.27376981704066,31913000
2017-08-17,133.38583374023438,135.84912605583503,133.38583374023438,135.64149111727164,70191000
2017-08-18,133.2913818359375,134.20685876719435,132.74398221923144,133.4612714278525,60751900
2017-08-21,133.12159729003906,133.57461250847155,132.3004901053309,133.28203987987777,37111500
2017-08-22,135.15074157714844,135.29231873504386,133.79168150748026,133.83887389344542,36294200
2017-08-23,134.6693878173828,134.97139310731566,134.37681524238516,134.47118559501163,25702300
2017-08-24,134.27296447753906,135.12236944600465,133.51792983829858,134.97135963793895,38160800
2017-08-25,133.98988342285156,135.13186139435646,133.81056099730264,134.79211077890912,26380400
2017-08-28,134.4051055908203,134.71655794534243,133.97095595694697,134.39565847635382,15362100
2017-08-29,134.93362426757812,135.16013899626418,133.1309823546434,133.25367963281784,24498300
2017-08-30,136.5192108154297,136.74572558833438,134.96196315484892,135.04690079427874,33642700
2017-08-31,137.98199462890625,137.99144173872523,136.83057051538924,136.90607538853092,38480700
2017-09-01,137.7932891845703,138.35012162295934,137.42521179635364,138.16136657278696,22293600
2017-09-05,136.556884765625,137.67999640789438,135.5281578197632,137.38742401054677,44794300
2017-09-06,136.9722137451172,137.283666096931,135.98123160772576,136.9061415487829,30722700
2017-09-07,137.29312133789062,137.64231900127265,136.79291383047098,137.2270491307149,22721100
2017-09-08,136.10398864746094,137.17990888019958,135.96241147933236,137.11383665485383,27890100
2017-09-11,137.67063903808594,137.90658653182425,137.13268624093047,137.17043150344807,27126300
2017-09-12,138.0009765625,138.1802989687674,137.34975915072576,138.057601658986,30256700
2017-09-13,138.18972778320312,138.20860761519634,137.53851038981364,137.76502517045546,28450900
2017-09-14,137.37803649902344,138.06699899822672,137.29309887605777,137.6517435966982,35296400
2017-09-15,137.84996032714844,138.35016785775724,137.1232380199822,137.34975279653963,46422400
2017-09-18,137.66925048828125,138.4448443782649,137.25307182080385,138.00975899507117,24858200
2017-09-19,137.90577697753906,138.1043986110442,137.4423024450038,137.9152303396918,20871200
2017-09-20,137.48013305664062,138.00980994438726,136.42076484853465,137.85846956714173,34236200
2017-09-21,136.6383056640625,137.39497859430602,136.15591007352958,137.38552523409186,28841800
2017-09-22,136.505859375,136.7044809283682,136.06130617874604,136.20317871686618,21702400
2017-09-25,135.06817626953125,136.04240633750294,134.40608026692092,135.9667361611174,54947700
2017-09-26,135.41810607910156,136.0139995563815,134.945178413351,135.75861457574624,29628800
2017-09-27,136.6383056640625,137.149061335238,135.7964947614472,136.13698892049018,33249400
2017-09-28,136.59100341796875,136.73287597740244,135.9951098031266,136.30724386649106,24149400
2017-09-29,137.57467651367188,137.67872119365083,136.5058696367343,136.86528490452685,43102400
2017-10-02,137.69764709472656,138.25569838267973,137.08283235269178,137.7827706269344,27351300
2017-10-03,137.99085998535156,138.15165369038166,137.5746812511044,137.87736194241498,19715200
2017-10-04,138.12330627441406,138.4165192312578,137.59362939332698,137.72604861359875,26381100
2017-10-05,139.47586059570312,139.5515163362084,138.48270941840659,138.62458197261617,31562400
2017-10-06,139.6650390625,139.6650390625,139.0029430399129,139.0029430399129,23561100
2017-10-09,139.50424194335938,139.9960764437963,139.3245270774799,139.84475052275982,13704800
2017-10-10,139.6082763671875,140.11903198242769,138.9934616379322,139.97715943169692,19223100
2017-10-11,140.0244598388672,140.05284878551112,139.3623637904229,139.54207866770307,12439100
2017-10-12,139.7690887451172,140.31768673559665,139.62720174281776,139.81638441255032,14513500
2017-10-13,140.30819702148438,140.46899071954635,139.77852026725452,140.3365715309889,18409900
2017-10-16,140.7905731201172,140.82840098336686,140.35547331340692,140.6581539498327,21809400
2017-10-17,140.9702911376953,140.98921228798952,140.52575235034809,140.74329506460037,13138200
2017-10-18,140.80003356933594,141.1310887280247,140.59194422946433,141.11216757914335,17218200
2017-10-19,140.2798309326172,140.29875208429235,139.2961475346579,139.97716466886433,27680300
2017-10-20,140.6581573486328,140.97027691765402,140.4878958783774,140.84732553466634,30173300
2017-10-23,139.74069213867188,140.96083934292238,139.54205613990086,140.95138598397483,29297100
2017-10-24,139.97718811035156,140.27040106367517,139.45696459673917,140.01501598742684,20289500
2017-10-25,139.44752502441406,140.15691693219438,138.4070922192388,139.70291015234727,36179100
2017-10-26,139.00291442871094,139.712305971027,138.96507213086034,139.36232966264438,28230200
2017-10-27,143.0512237548828,143.3160622008858,141.12167001101787,141.3392127846747,60165100
2017-10-30,143.37277221679688,143.94974462413012,142.8147209597754,142.94714014673997,31733400
2017-10-31,143.91192626953125,144.12001565975874,143.42009174045842,143.8362705209134,26319300
2017-11-01,143.86465454101562,144.55512514551614,143.297135360602,144.48890832033587,29481600
2017-11-02,143.59031677246094,143.76057826223226,142.60663343276912,143.70381481056907,31017400
2017-11-03,144.9713134765625,144.99022019990258,143.6187322618583,144.11058128835194,26199200
2017-11-06,145.46315002441406,145.5199134930365,144.81052167769693,144.8578029192955,28693900
2017-11-07,145.54827880859375,145.7374470608679,145.03750865157974,145.34964276250773,21333100
2017-11-08,146.1346435546875,146.1724714162642,145.30228627393547,145.4725477325468,17373500
2017-11-09,145.3685760498047,145.4442462435522,143.87412219667218,144.9334760439099,40594500
2017-11-10,145.3590545654297,145.4725670304309,144.77262882125564,145.02801382674787,20150800
2017-11-13,145.5387725830078,145.72795521793788,144.81047428244014,144.81047428244014,12522400
2017-11-14,145.00912475585938,145.18883963530985,144.30920082445633,145.0280459096467,25173800
2017-11-15,144.328125,144.71592932017538,143.56198415399368,144.3848740356133,24808000
2017-11-16,146.17250061035156,146.50355580384468,145.028023553345,145.0563980633462,34790600
2017-11-17,145.61444091796875,146.31437913361898,145.4725683761653,146.2103344587603,28725800
2017-11-20,145.50096130371094,145.85092323953398,145.2928719276512,145.71850403955145,21143900
2017-11-21,147.08058166503906,147.1467985008391,146.12527247183056,146.19147487501598,20147800
2017-11-22,147.26023864746094,147.4021111931966,146.92918346393253,147.21294298801274,17299000
2017-11-24,147.79934692382812,147.84664257629072,147.3264192644157,147.4115572118911,8280600
2017-11-27,147.73316955566406,148.08313146441515,147.39266100596248,147.7520907063723,22653400
2017-11-28,148.11151123046875,148.20610255475748,147.26970040169405,148.06421556832439,25227300
2017-11-29,145.52935791015625,147.97912069806515,144.82941949963404,147.94129282058861,71986300
2017-11-30,146.74951171875,147.033271326172,145.80365598241872,146.1441646248025,56595500
2017-12-01,146.125244140625,146.8346358760685,144.0159756557592,145.85093792065757,59015800
2017-12-04,144.44163513183594,147.20353213636358,144.29974811251938,147.04273839389532,51319100
2017-12-05,144.53619384765625,146.1819878092687,143.86464444499362,144.4132279995865,40604200
2017-12-06,145.18885803222656,145.4158686086041,143.8268234391882,143.99708497962467,28647800
2017-12-07,145.6806640625,146.09684278003718,145.02802147659935,145.17936181617816,32666200
2017-12-08,146.3238525390625,147.10891438735092,146.09685644107776,146.7494846553944,28081700
2017-12-11,147.4588623046875,147.50615796480704,146.38058764396357,146.39005543555294,20821500
2017-12-12,147.26023864746094,147.6953240761229,146.94810461423359,147.39265783435053,20310300
2017-12-13,147.54400634765625,148.01693410312748,147.32644918866046,147.85614039818043,24418500
2017-12-14,147.43997192382812,148.17773811909228,147.27917820769215,147.79938722882173,24594700
2017-12-15,149.11415100097656,149.27495917678925,147.7710375878276,148.01696931604948,49816200
2017-12-18,150.3643035888672,150.48752657009803,149.82404602268423,150.09891136990166,26844500
2017-12-19,149.47335815429688,150.23162793865947,149.05630904975777,150.0799710892283,31415000
2017-12-20,149.3122100830078,150.02308520793656,148.72455794116,149.99465135996272,38972600
2017-12-21,149.33114624023438,149.9946266884787,149.16052871766354,149.52071001647718,18638700
2017-12-22,149.16058349609375,149.21745120357204,148.7624950809513,149.10371578861546,23330400
2017-12-26,148.35488891601562,148.5444527048612,147.81461693187623,148.3264550708283,21918700
2017-12-27,148.37391662597656,148.77201960273177,148.2317473219911,148.36444349331018,22388200
2017-12-28,148.55392456054688,148.87619890789435,148.37383390070883,148.84775060016054,25393800
2017-12-29,147.63455200195312,148.71508169576907,147.5776843016669,148.68664784562597,33186000
2018-01-02,150.22215270996094,150.2600596903924,148.02317181231658,148.39282633839383,32573300
2018-01-03,151.6818084716797,151.81450459596132,150.3358865074538,150.3643203581718,29383600
2018-01-04,151.94723510742188,152.4021912846639,151.72923738165116,152.2031542845938,24776100
2018-01-05,153.47317504882812,153.5774372963508,152.38317247610033,152.66752537505212,26992300
2018-01-08,154.0703125,154.1461409028284,153.41630518054535,153.4731728669694,23159100
2018-01-09,154.0797882080078,154.53474416981084,153.6153591192384,154.37361423464705,24782400
2018-01-10,153.7196502685547,153.74809858305758,152.71494894070165,153.39739030731755,34004000
2018-01-11,154.771728515625,154.78121610697485,153.7480810452603,153.98503942433933,20473500
2018-01-12,155.90914916992188,156.07027914132195,154.44000424354283,154.63904119412246,37762700
2018-01-16,155.46365356445312,157.73844816243434,154.99920994629912,156.94227149942006,41231800
2018-01-17,157.1413116455078,157.37827002359023,155.444696022066,156.20296572448808,33849900
2018-01-18,157.16983032226562,157.52999738350096,156.52529572466887,156.89495038146177,26432200
2018-01-19,157.66256713867188,157.91848614595696,156.90429770476678,157.63413330039424,38937600
2018-01-22,159.34979248046875,159.34979248046875,157.42569128125635,157.60578199317771,26081400
2018-01-23,160.66726684570312,160.8094505620659,159.76682782657687,159.8426562494118,37989700
2018-01-24,159.6246795654297,161.35921700105814,158.70527970398518,161.0085086914755,54287400
2018-01-25,159.56781005859375,160.78103604424942,159.05597175861098,160.72416833598345,28925000
2018-01-26,162.01321411132812,162.03217483569614,160.14599495073713,160.45876735743664,32038200
2018-01-29,161.22653198242188,161.99427503121885,160.8853112426459,161.67201501665147,37277800
2018-01-30,159.89952087402344,160.5819622036132,159.06543716447464,159.75735162318915,44987700
2018-01-31,160.56301879882812,161.1222516589373,159.5583174171315,160.79997721763561,42449200
2018-02-01,159.19810485839844,160.87575956983684,158.68626672120809,159.33080095641262,38037900
2018-02-02,156.0228729248047,158.95167496706958,155.8901768133918,158.5725473524017,68478100
2018-02-05,149.87142944335938,157.10340372718997,149.75769405065472,154.5632168715087,105372200
2018-02-06,153.84288024902344,154.0324440899537,147.0090076059064,147.68196141062802,118537900
2018-02-07,151.85244750976562,155.01820868152672,151.8429599163229,153.35001206863618,91028300
2018-02-08,145.445068359375,152.41165135988317,145.445068359375,152.24103378497605,94184800
2018-02-09,147.95681762695312,149.03734725663938,142.29825037963022,147.50184712608083,113836600
2018-02-12,150.5823211669922,151.60598320251285,148.2980531559696,149.4733575775431,63050600
2018-02-13,151.35952758789062,151.66282677453245,149.4922945140944,149.71977975116891,31785600
2018-02-14,154.1935272216797,154.43048556653434,149.75767394813963,150.4685489827036,52107400
2018-02-15,157.05599975585938,157.05599975585938,153.96606791579026,155.57738188806198,51633900
2018-02-16,156.35464477539062,158.0607337697845,156.08923804845594,156.54420861223508,62256300
2018-02-20,156.6674041748047,157.98489225651699,155.73853132725026,155.8048866191861,36785600
2018-02-21,156.221923828125,158.97063518273274,156.1271346933628,157.4351495465662,41161800
2018-02-22,156.20297241210938,157.7384581397299,155.8048840554223,156.90435998507564,37074400
2018-02-23,159.3971710205078,159.3971710205078,156.81906253223366,157.4635968856985,50096900
2018-02-26,161.5108642578125,161.5108642578125,160.0132996689465,160.14599581464836,39266700
2018-02-27,159.51089477539062,161.8236108500838,159.43508082197027,161.55821862473786,42209900
2018-02-28,158.4872589111328,160.94214440661983,158.38299663906076,160.42083304625956,42936300
2018-03-01,155.8996124267578,159.30234486272553,154.49682323469824,158.57250919418345,76809900
2018-03-02,157.3308868408203,157.60575219039126,153.5111190178696,154.02294274088806,57445100
2018-03-05,159.07493591308594,159.48249747297828,156.00394943534076,156.5916161799506,38540200
2018-03-06,159.7478790283203,160.28815115779622,158.74317766065695,159.85214130965107,29480900
2018-03-07,160.11746215820312,160.25017269596898,158.25024398271694,158.52510925846238,34609400
2018-03-08,160.99896240234375,161.11269776847536,160.13643064174386,160.78096479632876,25828400
2018-03-09,164.12681579589844,164.12681579589844,161.90888937068613,162.14584769293842,38310500
2018-03-12,164.9989013671875,165.37802908306125,164.24063147264476,164.6102860576,37635000
2018-03-13,162.75253295898438,166.06995094910576,162.3354838118934,165.3780219265254,55638900
2018-03-14,162.72409057617188,163.72880649571093,162.0132152666499,163.60558348063265,40536400
2018-03-15,162.58189392089844,163.52972750731436,161.9847541333627,162.8378130388127,28810400
2018-03-16,162.09849548339844,163.21693211447723,162.0226670649333,162.85676520525783,31176700
2018-03-19,158.6399383544922,160.6526007268329,157.25384998450403,160.53868081481522,71395100
2018-03-20,159.1620635986328,159.53231775860004,158.17472400080482,158.7063695139625,34075700
2018-03-21,158.4690704345703,160.21591031275807,157.7760333770978,158.74439624954746,43863500
2018-03-22,154.55763244628906,157.37726603615164,154.358258122673,156.27599198035415,66607300
2018-03-23,150.48487854003906,155.03237635764344,150.40892707800853,154.37730767310777,80110400
2018-03-26,156.07659912109375,156.26648492532192,151.10190395338012,153.53229159046967,57481500
2018-03-27,151.02597045898438,157.23485166004454,149.69684210285584,157.23485166004454,78889100
2018-03-28,149.2886505126953,151.69055896140753,148.13990476118795,150.16207044983997,89369700
2018-03-29,152.02281188964844,153.52282009437877,148.70001275526283,150.09558955060515,68692600
2018-04-02,147.63671875,151.65256959147425,146.0892534539557,150.94054114974196,85549400
2018-04-03,149.2981719970703,149.92476072723855,146.62095162875477,148.92791765401836,64090000
2018-04-04,151.65255737304688,152.11773997962922,146.24113006286774,146.41202440796775,65768700
2018-04-05,152.51651000976562,153.39943294690218,151.40574720724516,153.16209009628864,43054900
2018-04-06,148.70005798339844,152.33615245189097,147.9880293808903,150.8361437909228,59870900
2018-04-09,149.7443389892578,152.73486743371004,149.48801915484603,149.98168182677352,41810400
2018-04-10,153.04820251464844,153.54186531816845,151.01654786339927,152.09883091151778,48296800
2018-04-11,152.16517639160156,153.79809560257843,151.99429657211041,152.08922497641063,41622100
2018-04-12,153.99749755859375,154.5291430742399,153.0006549736303,153.0860948987333,30467900
2018-04-13,153.20001220703125,154.99432303510775,152.53545532371655,154.7664832386876,44604900
2018-04-16,154.36773681640625,154.9278622530078,153.30443140152008,154.27279391795577,28180800
2018-04-17,157.69061279296875,158.03238711425809,155.61148687898037,155.9247812140172,35536100
2018-04-18,158.01339721679688,158.5450429472015,156.94060276963486,157.69061437851687,29573900
2018-04-19,156.560791015625,157.58611353829434,156.0196425371662,157.21585939007375,34705700
2018-04-20,154.08297729492188,156.27602285671782,153.54182865694233,156.16210292714638,49197100
2018-04-23,153.6937255859375,155.4405653740719,152.86777715610094,154.8329682961879,33040600
2018-04-24,150.43739318847656,154.66209287436675,149.421558872385,154.4247500326172,70256800
2018-04-25,150.61769104003906,151.24427932550566,148.54806938266537,150.70314543260315,52089300
2018-04-26,153.78866577148438,154.3013199117636,152.0702915090282,152.56396865295923,43005500
2018-04-27,153.88356018066406,156.08610811552722,153.01014049533148,156.04812515871726,51043400
2018-04-30,152.79180908203125,155.2032056481879,152.41205189577263,154.2443459146138,35615300
2018-05-01,154.53863525390625,154.55762673313308,152.03229598736914,152.39306166140804,36513500
2018-05-02,153.62728881835938,155.28868878909026,153.4469059323073,154.8045000978435,38646800
2018-05-03,153.6082763671875,154.17789044479082,151.1588967206017,152.84877644412694,60337100
2018-05-04,156.52285766601562,156.88362343265845,152.8298035092902,152.9437379276425,41543200
2018-05-07,157.82350158691406,158.33615575218604,157.1304500574857,157.2538729710497,32500200
2018-05-08,157.6620635986328,158.00382328364213,156.51331820775644,157.49116926987494,26040200
2018-05-09,159.3804168701172,159.49433676077405,157.38673186610646,157.94685731017285,29122700
2018-05-10,161.03236389160156,161.14629830435564,159.76969825665134,159.8931211678611,27067600
2018-05-11,160.8804473876953,161.26019006720205,160.17790749572774,160.84246442799184,24688800
2018-05-14,161.15573120117188,162.17156514947868,160.88990847355464,161.2506740980004,21821700
2018-05-15,159.37095642089844,159.96906497897382,158.52601653844195,159.8836250381792,49361600
2018-05-16,160.42477416992188,160.79502843428838,159.50388275845117,159.57983420835427,22941200
2018-05-17,159.80764770507812,161.0228416203619,159.02915640727696,159.86460765637986,27480200
2018-05-18,158.98171997070312,159.74120540115013,158.74437715212443,159.19056832369682,26217900
2018-05-21,159.8740997314453,160.91841381619972,159.19055132801597,160.21587393316,22954600
2018-05-22,159.66525268554688,160.87095825044787,159.38045289453206,160.60513545466347,19477700
2018-05-23,161.0133819580078,161.03235895433733,158.43109080403218,158.45006780036172,26557800
2018-05-24,160.9658966064453,161.25071087563836,159.34246541242376,160.9658966064453,27696500
2018-05-25,161.1272735595703,161.70639054347728,160.64309948564974,160.94689072234866,27460500
2018-05-29,160.415283203125,161.3171831166802,159.45642332458323,160.39629171937693,41220500
2018-05-30,161.56399536132812,161.84880963884973,160.6526070567661,160.99438129254085,22665800
2018-05-31,161.45956420898438,162.53234379620272,161.0418385702425,161.5639811324152,35670900
2018-06-01,163.99441528320312,164.0893437282254,162.21908097482293,162.2665524404628,45543300
2018-06-04,165.47543334960938,165.51340183060785,164.3077106159944,164.41212756030455,20459600
2018-06-05,165.988037109375,166.26336283646722,165.25703180365434,165.8646287189142,24779300
2018-06-06,166.9563751220703,166.98485509154665,165.32345593625502,166.15890700423057,25036600
2018-06-07,165.59886169433594,167.02291892630066,164.76342463557293,166.9849504407357,39600300
2018-06-08,165.60833740234375,166.02606310604946,164.41212025332163,164.8203574587638,31780300
2018-06-11,166.05450439453125,166.46272701859607,165.45639595938616,165.4848759337975,22319700
2018-06-12,166.927978515625,167.08936991867273,166.1020300158342,166.28239841717584,22511800
2018-06-13,166.91845703125,168.1716195251448,166.54818834381487,167.18427981741723,37858600
2018-06-14,168.6083526611328,168.88366397068955,167.56403841193816,167.68746131945846,35916000
2018-06-15,168.01971435546875,168.3520000767652,167.19376603018156,167.9722428972471,49615700
2018-06-18,167.92266845703125,168.0653731332348,166.43848175547026,166.9617564303183,31633200
2018-06-19,167.44700622558594,167.48505597576812,165.26829872536078,165.80108233149804,38236000
2018-06-20,168.63623046875,169.3307507945637,168.06538269692987,168.21761070505016,33038000
2018-06-21,167.1710662841797,169.23560953087159,166.8475781560477,169.06434940218276,43469400
2018-06-22,166.800048828125,167.79901077096955,166.20066004860738,167.73242008283626,30073200
2018-06-25,163.04196166992188,165.53464792461108,161.55777500130765,165.28727380166822,77799700
2018-06-26,163.7079620361328,164.64984195016007,163.04196815610948,163.64135684122596,39008100
2018-06-27,161.481689453125,165.1445982238207,161.36752569458307,164.4025047587715,52843500
2018-06-28,162.87075805664062,163.42257379675928,160.9489190330915,161.28191604571523,46407700
2018-06-29,163.30838012695312,164.51666645299272,163.07052928813306,163.65088591554454,36408500
2018-07-02,164.4025115966797,164.45008467047194,161.42461428790406,161.77662890289173,31770000
2018-07-03,162.49972534179688,165.0209388818555,162.33798848425215,165.0209388818555,25512700
2018-07-05,164.5166778564453,164.64987375472649,162.71852597101744,163.55576562722146,31626200
2018-07-06,167.075927734375,167.1996148041911,164.59276463519973,164.89722064789729,37005600
2018-07-09,168.57916259765625,168.6172123442159,167.27574464835791,167.94172409262484,27362100
2018-07-10,168.70281982421875,169.08337529152146,168.12246330036274,168.8930975578701,23902500
2018-07-11,167.84658813476562,168.46500906267272,167.2567226650898,167.38039523686004,30280600
2018-07-12,170.73886108398438,170.73886108398438,168.4745163393994,168.58868010223097,27930100
2018-07-13,170.8815460205078,171.15744658785678,170.25361636304336,170.72931800949908,28049800
2018-07-16,170.4724578857422,171.20504258422721,170.18704847345563,170.91961865467658,21405300
2018-07-17,171.5094451904297,171.87096850573332,168.66474462408456,168.66474462408456,31034100
2018-07-18,171.18601989746094,171.6712449596522,170.66275960121806,171.52852572836923,23220800
2018-07-19,170.32977294921875,171.1384717572646,170.12998633742959,170.56762383190684,31094100
2018-07-20,170.29168701171875,171.41433597117663,170.10139473218925,170.8435026843763,35897300
2018-07-23,170.83395385742188,170.9100678544186,169.10240760684326,169.7874190625532,22184700
2018-07-24,171.5380401611328,173.20299615226392,170.83399640152513,172.59409854191225,36900300
2018-07-25,173.93553161621094,174.04017202660154,171.52846828024607,171.61410559724027,35026600
2018-07-26,171.30020141601562,172.1279178074579,171.07185935201613,171.57610204074132,40873500
2018-07-27,168.98826599121094,172.498946833563,168.01784498294114,172.38478307194623,59456100
2018-07-30,166.60023498535156,169.09290702385596,165.80105968530225,168.997775402762,60193000
2018-07-31,167.87509155273438,168.5220532770016,166.3243142101697,167.2566852803158,47285100
2018-08-01,168.5125732421875,169.01681590578653,167.54215218239193,168.26521357312942,37101900
2018-08-02,170.80543518066406,171.00523626347388,167.24718157301334,167.32329557992838,47178200
2018-08-03,171.32876586914062,171.33827467913764,170.37736224782194,171.12896472106615,28934400
2018-08-06,172.3372039794922,172.38477705092544,171.00524508294015,171.21455498343593,24808800
2018-08-07,172.96514892578125,173.28862261241662,172.4513829366409,172.8224296989025,29895700
2018-08-08,173.17449951171875,173.4884644638638,172.26114560390877,172.72733862690015,22680700
2018-08-09,173.06979370117188,173.7548053015407,172.81291072171766,173.06979370117188,18852900
2018-08-10,171.74732971191406,172.4133091259497,171.10036791166343,171.8995432085062,33818500
2018-08-13,171.5570831298828,173.1649428226533,171.48096910912352,172.0613258148062,26089200
2018-08-14,172.63211059570312,172.83191165860697,171.29062857734274,172.21349085800819,20913000
2018-08-15,170.51995849609375,171.80435837462136,169.4639005676233,171.26205168720725,58528000
2018-08-16,171.08132934570312,172.19446934082225,170.7483324208359,171.8329314815105,27711800
2018-08-17,171.11940002441406,171.5475286107296,169.60667224471004,170.63418956222478,36092600
2018-08-20,170.96722412109375,171.56661303498566,170.30124450413987,171.50000781465684,24939000
2018-08-21,171.59512329101562,172.6226407379396,171.37630456685332,171.48095952488995,26258700
2018-08-22,172.2610626220703,172.46086368346613,171.01472674159706,171.23354541473657,18042400
2018-08-23,172.0137176513672,173.20297176328586,171.7282937610543,171.95663577675703,25776200
2018-08-24,173.61204528808594,173.75476447303072,172.5464783900139,172.5845281289764,23136100
2018-08-27,175.3816680908203,175.3816680908203,174.21144618170746,174.48734673105915,29343600
2018-08-28,175.6385498046875,176.028628610762,175.26750312793058,175.84785967539767,20277000
2018-08-29,177.6650390625,177.76017067228722,175.87639639827557,175.94298707340056,29175600
2018-08-30,177.35108947753906,178.4071477024153,176.76120957030975,177.3225485404285,29315500
2018-08-31,177.57943725585938,178.08367989208486,176.94199872548498,177.13227650037436,28653200
2018-09-04,176.8182830810547,177.34154320521154,175.86687992111845,177.03710174300718,29063500
2018-09-05,174.53488159179688,176.53283374615182,173.9355075592968,176.5042928168546,42623300
2018-09-06,172.9746551513672,174.8203801268978,171.80443299820888,174.611070211079,46091400
2018-09-07,172.3086395263672,173.7928262420641,171.6712011044851,171.7282829755102,46629500
2018-09-10,172.88902282714844,173.39326545556958,171.94712825771816,173.29811931096566,26132000
2018-09-11,174.220947265625,174.50637112568123,171.74730768541238,172.194468345473,30116500
2018-09-12,173.7072296142578,174.08778515661785,172.21351935010475,173.9641125898457,36204000
2018-09-13,175.56243896484375,175.89543590622063,174.71569066073315,174.79180466211247,31133200
2018-09-14,175.04869079589844,175.9620297945916,174.35415596461323,175.6861292371614,31224100
2018-09-17,172.52749633789062,174.87746399624115,172.3657594951507,174.75377690350763,33071200
2018-09-18,173.95458984375,174.80133826799178,172.58456665907488,172.67020399606466,31877300
2018-09-19,173.82144165039062,174.39228963974043,172.68926899911622,173.98317852667734,31843400
2018-09-20,175.74322509765625,175.98107593126423,174.60154399979044,175.02016378970254,33295800
2018-09-21,174.78233337402344,176.46630702025925,174.56350012911093,176.21894735062517,38605400
2018-09-24,175.26837158203125,175.33509663372172,172.79980645041883,173.51464292397816,34945600
2018-09-25,175.50669860839844,175.6401342050414,174.59170127185453,175.1921687284424,25277500
2018-09-26,175.630615234375,177.26997522564793,175.28749303751812,175.65920753883057,36210600
2018-09-27,177.11741638183594,177.7464759646994,176.25007797607432,176.34539532258765,33113300
2018-09-28,177.07933044433594,177.54636229631467,176.29778326115513,176.62183905556208,28076800
2018-10-01,177.4414825439453,178.73771999861006,176.99351716703563,178.1086603786876,27371300
2018-10-02,177.0411834716797,178.4041314968541,176.63135083531648,177.2889882371514,25618600
2018-10-03,177.23184204101562,178.20402402039085,176.95544491746443,177.78465083150783,29128700
2018-10-04,173.82919311523438,176.63135474734338,172.57107379331322,176.51697100864973,80557300
2018-10-05,171.70372009277344,174.39151229184202,170.06436056923917,173.81011136147947,83325600
2018-10-08,170.65530395507812,172.17075385010966,168.63468955165018,171.10326932682494,66864500
2018-10-09,171.20814514160156,172.53297512980382,170.36939883192923,170.77923152381726,49097900
2018-10-10,163.67848205566406,170.24544571675534,163.45926961462604,170.14060245480064,114471100
2018-10-11,161.64837646484375,165.2702033234154,159.94229176713324,163.0017985776529,143084500
2018-10-12,166.14707946777344,166.6617553721652,162.91600437870872,166.0041034352188,102078400
2018-10-15,164.13597106933594,165.88015904548377,163.51643747810837,165.5656438351763,64885300
2018-10-16,168.91111755371094,169.32095020750754,165.55614717023394,165.86115108845334,71979700
2018-10-17,168.9778289794922,169.9023521144067,167.2431664513039,169.73079831702663,66987600
2018-10-18,165.0605010986328,168.3964046572314,164.35520508258145,168.33922006602563,82486200
2018-10-19,164.9080352783203,167.81504023981722,164.30756790532942,166.39489301773847,82923700
2018-10-22,165.7563018798828,167.03347301911688,164.49818257731545,165.89926337181694,52909300
2018-10-23,165.14630126953125,165.9659810547627,160.9049408577932,162.63960323751462,77567000
2018-10-24,157.5880889892578,165.23207819317656,157.302151474654,164.95568113987076,102997400
2018-10-25,163.03994750976562,164.01212946589365,159.32280259426065,160.03763927365696,83481100
2018-10-26,158.8462371826172,161.9915213296501,156.5301588899935,157.45468211443566,130970900
2018-10-29,155.57699584960938,161.89615451612025,152.58421459127663,161.27663543027518,111871900
2018-10-30,158.140869140625,158.25523830850156,154.41418529122308,155.11949576102336,92584000
2018-10-31,161.85806274414062,163.22101077298134,160.63806166326475,160.71431263978116,73828600
2018-11-01,163.99301147460938,164.1645797862354,160.86679454399038,162.0963213899249,52706800
2018-11-02,161.43869018554688,164.46006424111607,160.333072837437,163.48788246651003,75966800
2018-11-05,161.0383758544922,161.70555369048105,159.24651434350545,161.64836909645146,39573500
2018-11-06,162.2583770751953,163.16383383080117,160.80963754019348,161.0479163992154,34410400
2018-11-07,167.34799194335938,167.34799194335938,163.81192765820543,164.2027084352181,51169600
2018-11-08,166.280517578125,167.081131016466,165.4894300580785,166.56644056082771,40296500
2018-11-09,163.47836303710938,165.12724866301002,162.18212546731218,164.72694192660921,50602700
2018-11-12,158.5316619873047,162.63958640625052,158.388685973134,162.33459708744533,62578400
2018-11-13,158.66513061523438,161.53400289297946,158.2171651888792,159.27512392338372,64128100
2018-11-14,157.45468139648438,160.79058572498357,156.54922455885517,160.2377769767685,75270700
2018-11-15,160.20916748046875,160.63806651085312,155.79625297473623,157.16872696328878,73254300
2018-11-16,159.64686584472656,160.41888716754073,158.00750582004383,158.64609153821593,65390700
2018-11-19,154.46185302734375,159.07492728538725,153.96622903180833,158.88430714660728,67280500
2018-11-20,151.69786071777344,153.81377821100534,149.7630374896163,150.94489135702983,102652800
2018-11-21,152.85113525390625,154.37612594282427,151.7645841146536,153.78519895897833,42965800
2018-11-23,151.74545288085938,153.29902051642304,151.63106918583387,151.63106918583387,23503700
2018-11-26,155.25296020507812,155.32921117898448,153.2228198370567,153.87094584356763,42012600
2018-11-27,155.77719116210938,156.16797198623763,153.6231409416671,154.4047025899236,36608100
2018-11-28,160.79055786132812,160.79055786132812,155.80576861499893,156.9018454584951,70141000
2018-11-29,160.26634216308594,161.32430079571813,158.99871153091206,160.11385475827257,44885700
2018-11-30,161.4291534423828,161.5244708013898,159.6849504849418,160.48557848779416,36722800
2018-12-03,164.2503662109375,165.18441516018112,161.5625740052916,164.99379500326813,50771700
2018-12-04,157.9503173828125,163.85010523592987,157.75969717271258,163.39259927962235,70594700
2018-12-06,159.06544494628906,159.0845113284058,154.18549824836384,154.76689928412355,71715500
2018-12-07,153.81378173828125,159.28465531850662,153.3181576135617,158.36967259651934,80432200
2018-12-10,155.42449951171875,156.1012031457826,151.93609445962724,153.52779506633507,73960800
2018-12-11,155.93919372558594,157.9979262496193,154.6238899668893,157.95979349358987,59058300
2018-12-12,157.31175231933594,159.74220031130525,157.22597539504557,158.21720934364836,53780000
2018-12-13,157.35935974121094,158.9987194070988,156.33951927341653,158.34106744837337,46378500
2018-12-14,153.52786254882812,156.12986406392682,153.16567396704804,155.55800343012606,56547400
2018-12-17,150.0489044189453,154.09011771106438,148.84798461890452,152.87013153672322,74834100
2018-12-18,150.99252319335938,152.45078843031783,149.67721943320657,151.2117356389231,63642100
2018-12-19,147.28492736816406,153.18471425222,146.15071767079144,150.76379289708794,81856500
2018-12-20,145.14988708496094,148.56204076839575,143.33897427587925,146.92268169046883,99002100
2018-12-21,140.6512451171875,146.86554699025402,139.84109121813663,145.8743133835041,141129400
2018-12-24,137.16336059570312,141.44552972074598,137.1251333237363,139.62943530992285,56163300
2018-12-26,145.72772216796875,145.80417671648632,137.72731227094897,138.67360139005768,98982100
2018-12-27,146.2916259765625,146.4158755229806,140.5852478763061,143.72996174552165,85824300
2018-12-28,146.21522521972656,148.71952784819712,145.02042212064728,147.34311234445798,77856600
2018-12-31,147.44821166992188,148.13641921674719,145.96666793647307,147.64894494816028,53015300
2019-01-02,148.04083251953125,148.8724104984564,144.2174640316094,144.322607248427,58576700
2019-01-03,143.2042999267578,146.49238517679825,142.88887021857158,145.86154034542182,74820200
2019-01-04,149.33123779296875,150.06724044455302,145.03951521911114,145.61301184560864,74709300
2019-01-07,151.1090850830078,151.845087637356,149.2165216711066,149.7039959269768,52059300
2019-01-08,152.4760284423828,153.03997212334875,150.25846642332772,152.49513479478713,49388700
2019-01-09,153.71856689453125,154.3876535927889,152.4281739453945,153.06858654122655,46491700
2019-01-10,154.15830993652344,154.24433227937254,151.6922340131673,152.55250119666485,38943400
2019-01-11,153.59434509277344,153.75683657967005,152.7340780277323,153.250241183757,30176600
2019-01-14,152.2370147705078,152.89654832388396,151.58703439000786,152.29436297775848,30710200
2019-01-15,155.20965576171875,155.4199422052814,152.84872444216973,152.9347467368106,40874200
2019-01-16,155.18101501464844,156.54786260657127,155.1236522208989,155.46775605841046,33812200
2019-01-17,156.4044952392578,157.10225610148066,154.43546224572643,154.68397601699826,39329000
2019-01-18,157.95294189453125,158.68894455780847,156.586094390584,157.5036948415565,57183200
2019-01-22,154.7891082763672,156.89195847208921,153.66120674989125,156.8154893359725,56711700
2019-01-23,154.9897918701172,156.28973771949038,153.24061364849095,155.58242389445923,38106100
2019-01-24,155.99346923828125,156.22287665381435,154.9038095382435,155.49642713045793,32417800
2019-01-25,157.85736083984375,158.33528202262863,156.71035291815946,157.24562230927899,36515900
2019-01-28,155.90748596191406,155.91703913724598,154.60753945174818,155.82146362892527,33491200
2019-01-29,154.43545532226562,156.03171029482922,153.88106500966921,155.99346843327262,30784200
2019-01-30,158.36390686035156,158.93741793527496,155.6971139074404,156.18458811163057,41346500
2019-01-31,160.7344512939453,161.52780218584712,159.1190754067594,159.33891506102242,37258400
2019-02-01,160.05580139160156,161.15502886433697,159.61612207050504,159.94110497479326,32143700
2019-02-04,162.04391479492188,162.04391479492188,159.94106503029616,160.08443551550045,26718800
2019-02-05,163.47767639160156,163.66884189833956,162.19685145296435,162.2637528170757,28156400
2019-02-06,162.99026489257812,163.80272225515762,162.25426209412467,163.5159811771877,27970000
2019-02-07,160.80137634277344,161.96750533529064,159.57789913505027,161.5660532438501,42036200
2019-02-08,161.11676025390625,161.14543435334792,159.21464359429987,159.3962413624323,29020700
2019-02-11,160.96380615234375,162.0917074309813,160.562354214691,161.69980866387036,21434100
2019-02-12,163.34388732910156,163.58284790010117,161.85277569966325,162.13953130186195,29722100
2019-02-13,163.45860290527344,164.55783041177895,163.27700510141366,164.0703414553731,26094100
2019-02-14,163.65933227539062,164.2423967063331,162.33071196029184,162.87553452871506,30326800
2019-02-15,164.34747314453125,164.94009050770964,163.5827966399516,164.9018632457267,32521700
2019-02-19,164.6724853515625,165.16952735612665,163.8122332457729,163.84090734363298,19487700
2019-02-20,164.64381408691406,165.4371648396802,163.75488786796765,164.78718457868152,32593000
2019-02-21,164.04164123535156,164.6533796880643,163.1718358779754,164.20413266661953,25207400
2019-02-22,165.25555419921875,165.37025059381662,164.30926518880364,164.39530206974626,27735400
2019-02-25,165.8577117919922,166.94737111400596,165.74300083152266,166.51724512097272,32608800
2019-02-26,166.02976989746094,166.5554859696003,165.17907101163286,165.45627338830315,21939700
2019-02-27,165.9246826171875,166.1254159433065,164.1754892338569,165.2651490120795,25162000
2019-02-28,165.54232788085938,166.1349454311057,165.07395991002207,165.40851054419096,25085500
2019-03-01,166.68934631347656,166.93786007310302,165.53277065618337,166.73714134782693,31431200
2019-03-04,166.71798706054688,168.0274861467643,164.85409777377913,167.78852560781988,38063500
2019-03-05,166.84228515625,167.35843360799603,166.0202601516198,166.84228515625,22319900
2019-03-06,165.89598083496094,167.03343546154585,165.6283461681169,167.0047613604551,27194600
2019-03-07,163.86000061035156,165.53272424868504,163.24826226316074,165.475376057541,39407400
2019-03-08,163.61154174804688,163.69756406358974,161.86234840702056,162.02483986471185,39303200
2019-03-11,167.0143280029297,167.12903900154012,164.26151198122201,164.29018608462545,30518400
2019-03-12,167.9319305419922,168.36205664596056,167.05255740488036,167.45400940758387,33953500
2019-03-13,169.1936798095703,170.0730531808627,168.56283482875148,168.80179545959177,42426100
2019-03-14,168.90689086914062,169.50906157046327,168.85909583951303,169.30834286502082,23751500
2019-03-15,170.47445678710938,170.98105197021258,169.45169866481052,169.56639505796775,38192000
2019-03-18,170.88046264648438,171.39756498084904,170.05694174602866,170.4016717650924,32935100
2019-03-19,171.45504760742188,172.36474751924308,170.72727598873237,171.57952332256033,36893300
2019-03-20,172.1349334716797,173.1882795065779,170.67941936541874,171.46462900017247,50105000
2019-03-21,174.82571411132812,175.07468011614344,171.59865354876587,171.61780927576353,42428500
2019-03-22,170.98583984375,174.53847549826364,170.80389692562494,174.06925505739073,70794500
2019-03-25,170.66024780273438,171.25394390648805,169.4249589662621,170.36339975085755,46336500
2019-03-26,171.45504760742188,173.0254813892467,170.58364454374927,171.98172059159438,33248100
2019-03-27,170.353759765625,172.09656528062715,169.1089153823784,171.71353848755672,37096700
2019-03-28,170.7464599609375,171.38803820721688,169.72185472365476,170.79434198769872,30368200
2019-03-29,172.03915405273438,172.20194120947335,171.01453448724092,172.06788033853897,35205500
2019-04-01,174.3181610107422,174.52883014734672,173.10204280852298,173.8106438938867,30969500
2019-04-02,174.97891235351562,175.15128466973394,174.06921259633708,174.5097066386388,22645200
2019-04-03,175.98439025878906,177.07603297733974,175.43857620528343,175.96523453066308,31633500
2019-04-04,175.9173583984375,176.6738415891732,174.90230941967985,176.03226353841288,28530800
2019-04-05,176.82704162597656,176.93237619827036,176.21418991759558,176.42485906218317,25674700
2019-04-08,177.2771453857422,177.4207768290129,175.8407725068729,176.53980321669127,22697500
2019-04-09,176.65467834472656,177.25795952700295,176.2812220441598,176.67383407108687,25631900
2019-04-10,177.6027374267578,177.6601900097903,176.69303743514513,176.88455091576748,24563000
2019-04-11,177.1813507080078,177.89953702324155,176.85577641853763,177.89953702324155,20654100
2019-04-12,177.94744873046875,178.06235388439023,177.21010656587814,177.96660445996915,24989100
2019-04-15,177.97613525390625,178.17723383987803,176.78872868637035,177.9569795286858,21073000
2019-04-16,178.5889892578125,178.98160126643512,178.04316066852684,178.6272860972096,27195700
2019-04-17,179.21145629882812,179.95836905174232,178.68479791497037,179.78601131408874,29651600
2019-04-18,179.44125366210938,179.82428053908322,178.38790783312317,179.50829140192613,28580900
2019-04-22,179.94876098632812,180.01579872247055,178.52195891645664,178.65603438874146,17936000
2019-04-23,182.23739624023438,182.4576359705207,180.1498748585222,180.40841143303865,33665600
2019-04-24,181.66281127929688,182.62039287673625,181.6053441097606,182.39056803319798,24977100
2019-04-25,182.4001922607422,183.10880811151216,181.41388409407878,183.0226292491528,29517500
2019-04-26,182.56300354003906,182.60131500273005,180.5903869461659,182.11293882844177,26359500
2019-04-29,182.9172821044922,183.20455957084758,182.2661188733173,182.56296689765364,21716200
2019-04-30,181.50006103515625,181.7969236882625,180.22649000744318,181.44260846085817,31495300
2019-05-01,180.9159393310547,183.20457407354934,180.7914636212935,182.68747167086732,34797100
2019-05-02,180.1307373046875,181.79693512182047,178.94333045220347,180.85849431079924,44110100
2019-05-03,183.00344848632812,183.1375093466171,181.29895414342383,181.62452843104873,30386200
2019-05-06,181.88307189941406,182.13203788326405,178.83795447091143,179.1156613486069,38371800
2019-05-07,178.34007263183594,180.6669898220825,176.6834452915465,179.90092131828075,58818100
2019-05-08,177.8899688720703,179.2305775006917,177.11432997897234,177.75590800920816,37165300
2019-05-09,176.932373046875,177.54522474434032,174.36604651830731,175.90775362449088,55351700
2019-05-10,177.1526336669922,178.0048808877394,173.3510327377558,176.30038644624497,58526400
2019-05-13,171.0049285888672,173.5712403339764,170.50698205192955,172.6423849874837,67185800
2019-05-14,172.88182067871094,173.92559599943024,171.27309018509865,171.90509771253465,43360600
2019-05-15,175.3236846923828,175.7641788410068,171.70402590503983,171.7423373674637,40944500
2019-05-16,177.08558654785156,178.17724377321917,175.18957876836598,175.40024792292414,39281200
2019-05-17,175.27577209472656,177.7080381303925,175.12257010638112,175.3332392783377,44702300
2019-05-20,172.31686401367188,173.4946856869932,171.73273845654592,172.8339664342309,38608300
2019-05-21,174.11712646484375,174.5959174363871,173.24572338986502,173.8011226702402,31613800
2019-05-22,173.34149169921875,174.34695568653854,173.08294047698425,173.1499782281915,24332600
2019-05-23,170.68893432617188,171.4262763104241,169.6260180777438,171.34966802269975,45351300
2019-05-24,170.60276794433594,172.2210834383309,170.3920987905888,171.60823170330409,25903300
2019-05-28,169.9612274169922,172.0391785177418,169.94207168655205,171.08159655731112,24763800
2019-05-29,168.56314086914062,169.49199648206158,167.6630115443273,168.90787093797252,42178800
2019-05-30,169.2717742919922,169.75056529216405,168.31419229164845,169.01322306066768,30354800
2019-05-31,166.5713653564453,167.85452157082278,166.4947570525443,167.27998120887491,45446200
2019-06-03,162.90382385253906,166.57136418612092,162.08988802594664,166.12129953607695,75842300
2019-06-04,167.4906463623047,167.5480989359633,164.10079840105004,164.73280593437406,47797800
2019-06-05,168.7355194091797,169.1185463390486,166.9831427125249,169.08982004988547,34412700
2019-06-06,170.0760955810547,170.48784872093427,168.27583721134985,169.02274980909164,29913200
2019-06-07,173.36061096191406,174.05965622976674,170.76557234184858,170.98581207518632,45888300
2019-06-10,175.38111877441406,177.0090196902493,174.48100406398615,174.51930091082852,41385300
2019-06-11,175.62049865722656,177.53566228320085,175.02680260886697,177.21008797355455,41260300
2019-06-12,174.60543823242188,175.50556734022956,174.27986397133216,175.1416816298724,27758100
2019-06-13,175.63966369628906,176.07057261267022,174.9885150424757,175.33324509788855,23715800
2019-06-14,174.89276123046875,175.34282590165338,174.22245680898334,174.73954461654623,22844100
2019-06-17,175.9460906982422,176.43445217137113,175.08425828434864,175.27577172803416,20379500
2019-06-18,178.50283813476562,179.75726803425997,177.564397391103,178.02404720448294,48177300
2019-06-19,179.17315673828125,179.57533939826072,177.69848698502324,178.74224778912762,31672900
2019-06-20,180.83932495117188,181.7107132659789,179.22100940554134,181.67241642386563,40922000
2019-06-21,180.57119750976562,181.72029268681356,180.1881560430577,180.62865007688734,39980400
2019-06-24,180.57696533203125,181.11439442299684,180.48098957556837,180.932049272024,19375200
2019-06-25,177.4771270751953,180.55776727436537,177.20841252967918,180.45219979978086,33921100
2019-06-26,178.302490234375,179.78043505629498,178.014592218017,178.65758886096017,22595700
2019-06-27,178.98385620117188,179.40612608696716,178.494415002915,178.94547468602866,19709200
2019-06-28,179.2141876220703,179.6076530631871,178.5711910812985,179.41571620149824,21179200
2019-07-01,181.6326446533203,182.889862763101,180.7881194112302,182.64993799040062,31025600
2019-07-02,182.3523712158203,182.3715692928855,181.05678656884174,181.57501749886475,18035800
2019-07-03,183.7247772216797,183.7247772216797,182.62111459547296,182.81306610879204,15792100
2019-07-05,183.3504638671875,183.68634967040572,181.75736029949726,182.46754270341557,21415600
2019-07-08,182.0644989013672,182.21803960797038,181.31592022889717,182.16046001251365,17598800
2019-07-09,182.97618103027344,183.20649937563715,181.0471770248009,181.20073235093798,19193500
2019-07-10,184.7996368408203,185.30827613860768,183.75356844679305,184.08946895386526,28374500
2019-07-11,184.665283203125,185.54820454202596,184.0798662166549,185.07796139547847,23736100
2019-07-12,185.73056030273438,185.74015202167354,184.6940835473218,184.86683699514674,20211900
2019-07-15,186.3255615234375,186.36395768533632,185.64418341010722,186.16241444498033,15606100
2019-07-16,185.3658905029297,186.2680100738968,184.79967150203663,186.0952712507826,20190900
2019-07-17,184.45416259765625,185.6921826271855,184.43496451553477,185.36587380650465,16765100
2019-07-18,184.665283203125,185.02036715359472,183.00500800300935,183.58081862724308,28877000
2019-07-19,183.31210327148438,186.0184615182254,183.1201663975799,185.93209212154508,29387900
2019-07-22,184.77085876464844,185.164338893589,183.72479030425623,183.72479030425623,18954900
2019-07-23,185.9800567626953,185.99925484235203,184.54050830916842,185.77852817975426,23786700
2019-07-24,187.28529357910156,187.29489994319263,185.25073595508582,185.2699340394202,20422900
2019-07-25,185.5098419189453,186.68067601113597,185.15474328846364,186.65188620918428,23434700
2019-07-26,187.4196014404297,187.6691325394075,186.594259757948,186.6902355104539,20431200
2019-07-29,186.776611328125,187.314040415425,185.5961856796736,187.2468691014347,20451700
2019-07-30,185.97048950195312,186.69985554254254,185.21233366001454,185.34669094759275,18705000
2019-07-31,183.39846801757812,186.59425250929502,181.69020512500984,186.46950160849616,41627500
2019-08-01,182.48678588867188,187.12213449912412,181.60386443580194,183.71519961821673,63251600
2019-08-02,179.79962158203125,181.3735274269589,178.70556525865285,181.11440458504563,55214000
2019-08-05,173.44638061523438,176.1143424244668,171.97804244842098,176.0375647540908,75040000
2019-08-06,175.87442016601562,176.39266578737127,173.77269181580857,175.04907850268626,41897200
2019-08-07,176.8245391845703,177.07405565057726,172.64025099586007,173.9646402901655,49990600
2019-08-08,180.6729278564453,180.73052209707976,177.1316508592658,177.62109207582444,38418100
2019-08-09,178.97427368164062,180.42341391523954,177.57310668347526,179.80920713447338,33608900
2019-08-12,176.92054748535156,178.4080694807328,176.10479733498036,177.87064028964704,24642900
2019-08-13,180.79769897460938,182.03570427521518,176.60381891580838,176.7669659930141,40241900
2019-08-14,175.39463806152344,178.4560811587156,175.06834381541404,177.88986208861115,51000500
2019-08-15,175.19305419921875,176.19113470920718,173.85907318395402,175.62491581754216,36685000
2019-08-16,178.00498962402344,178.45604938433007,176.68061478919546,176.78618227871078,32781400
2019-08-19,180.83607482910156,181.21996321389716,179.94356179166033,180.57696664368964,22494100
2019-08-20,179.43495178222656,181.03764761024544,179.38696389581403,180.38505921534542,19902900
2019-08-21,181.02801513671875,181.60382571249926,180.38501860631652,181.0088170577063,20418500
2019-08-22,180.44264221191406,181.8246113610181,179.0222768954198,181.36394521541862,24243700
2019-08-23,174.73239135742188,180.8552605780289,174.24293553066067,179.21418360693562,55372400
2019-08-26,177.37156677246094,177.41954000483295,175.70168532951848,176.71896387238175,27598900
2019-08-27,176.9972686767578,178.90707484131684,176.30629891150699,178.60957051259297,28012800
2019-08-28,177.6306610107422,177.92816531856118,175.53852449521335,176.42144570171712,21792400
2019-08-29,180.3466339111328,180.86487957050298,179.15660188206476,179.83799461380124,25358900
2019-08-30,179.91476440429688,181.35431283790857,178.89748585422632,181.31591667912633,26319800
2019-09-03,178.1680908203125,179.63642893195677,177.5730822020585,178.71512620974687,27964200
2019-09-04,180.7401123046875,180.8936676574069,179.36773513600522,179.88598079047202,21592100
2019-09-05,184.05108642578125,184.5789238429147,182.66911742232116,182.73630338624983,33932600
2019-09-06,183.86874389648438,184.4253711221857,183.46567203866877,184.35819980113936,19487800
2019-09-09,183.48483276367188,184.52130932010823,182.553923670683,184.44453165179706,24407600
2019-09-10,182.95706176757812,183.0530375487186,181.2967861895548,182.49641023456985,23744700
2019-09-11,184.6748809814453,184.7708567438894,182.88024844573485,183.3025183703362,25063600
2019-09-12,185.44259643554688,186.86296121392638,185.1930800174302,185.80728666835265,28689900
2019-09-13,184.78050231933594,185.60584432783773,184.5405774871418,185.17398255865822,27669800
2019-09-16,183.955078125,184.33896647131013,183.40805736679232,183.59040250080923,20319000
2019-09-17,184.83804321289062,184.83804321289062,183.58082515434756,183.97430528006305,20953400
2019-09-18,184.76124572753906,184.8380234007061,182.44836774635488,184.4541350348709,29781300
2019-09-19,185.068359375,186.21999529433003,184.7132754161999,185.08755745607831,26039400
2019-09-20,183.11058044433594,185.51941977194406,182.49637364219686,185.3274828919966,29086100
2019-09-23,183.19134521484375,183.73948384217155,182.44127158940896,183.05671699164714,22485900
2019-09-24,180.7584228515625,184.43185870073194,179.969875585031,184.02797400569509,40820700
2019-09-25,182.78749084472656,183.26830810347005,179.06596995753307,180.5757285198309,34704900
2019-09-26,182.11441040039062,182.71061930474454,180.7681128225363,182.5471431430147,26826000
2019-09-27,179.8544921875,182.5470716147801,178.62360125046524,182.45090229926467,40773500
2019-09-30,181.56619262695312,181.85468588784218,180.21028457213833,180.58532140928105,26307700
2019-10-01,180.08526611328125,183.2778844769089,179.78716181702353,182.22970657284932,32367600
2019-10-02,176.98878479003906,178.89281647651538,175.99830269680209,178.86396862318801,48544300
2019-10-03,178.93133544921875,179.06596369001966,174.84438889294697,176.96959288511675,39392500
2019-10-04,181.56619262695312,181.82583802909096,179.7102452381992,179.9025691876663,31887600
2019-10-07,181.01809692382812,182.4605487802992,180.700755754599,181.04694478708723,21216000
2019-10-08,178.3062286376953,180.65261865759763,178.16198936326475,179.88330828942682,32379300
2019-10-09,180.04678344726562,180.86417846056915,179.27747308298726,179.81600060934443,20147400
2019-10-10,181.44114685058594,182.16237255241103,179.9409997385297,180.09486474319561,25177700
2019-10-11,183.77793884277344,185.23962714444755,183.40290203805037,183.50868240211975,40976700
2019-10-14,183.7586669921875,184.3452644131452,183.33554561662814,183.51825845365357,14975000
2019-10-15,186.09547424316406,186.528206744416,184.2106645548418,184.326055975609,23234200
2019-10-16,185.63385009765625,186.10505611417437,185.04725267846945,185.46076299365328,20457100
2019-10-17,186.12435913085938,187.037908964907,185.41274432333265,186.74941568221357,19045200
2019-10-18,184.3356475830078,186.23967904004255,183.39325025000286,185.78770982787876,27700800
2019-10-21,185.9705047607422,186.0955219475373,184.76846157503147,185.31660031093736,15801200
2019-10-22,184.48956298828125,186.96095573235365,184.43185259943365,186.70131033935633,22392300
2019-10-23,184.84532165527344,184.88378056585674,183.81636604835083,184.11448496720666,14828400
2019-10-24,186.64361572265625,186.7590218276546,185.34541809677967,186.1627985263961,18998500
2019-10-25,188.13417053222656,188.23033985031984,185.64354073141527,185.6819996546259,21507100
2019-10-28,189.99009704589844,190.24011668326222,189.0092259443751,189.0092259443751,18818700
2019-10-29,188.51881408691406,189.9612657846023,188.4899662268305,189.67278718376662,18569700
2019-10-30,189.432373046875,189.74971417192347,187.79758276510225,188.88423437450666,21764300
2019-10-31,189.5189208984375,190.06704490978956,188.42265820235605,189.98050133010932,26801800
2019-11-01,191.24024963378906,191.24987536981712,190.04783223655625,190.3363108498364,22131900
2019-11-04,192.42303466796875,192.83653038528533,191.240213881138,192.50957823577335,19015900
2019-11-05,192.52882385253906,192.85577601703204,191.8941416461402,192.6634520775289,15048900
2019-11-06,192.09608459472656,192.32688213570498,191.16329804249827,192.30764533894597,19725500
2019-11-07,192.74034118652344,193.9808575571645,192.18260624710794,193.05768224242294,17832400
2019-11-08,193.50965881347656,193.52889560729912,191.8844945597673,192.39417421913194,15258800
2019-11-11,193.25006103515625,193.32697887679592,192.2691898104162,192.528835214425,10147600
2019-11-12,193.80780029296875,194.45210828603092,193.11543698956092,193.41354132085337,14778300
2019-11-13,193.85589599609375,194.03860889945884,193.0096676110979,193.1346701186282,15774600
2019-11-14,193.70199584960938,193.82701300786104,192.53842652859544,193.12502405622757,16945400
2019-11-15,195.12521362304688,195.12521362304688,194.2501229140519,194.87517932140574,18427900
2019-11-18,195.27911376953125,195.58682916174388,194.02898605648284,194.8175186711466,18365900
2019-11-19,195.56761169433594,196.01958110198314,194.8175379270445,196.01958110198314,16923300
2019-11-20,194.3944091796875,195.64453696998393,192.92310956194245,195.05793933541133,36629000
2019-11-21,193.9615936279297,194.31740822024076,193.35577412721844,194.1827653607807,17883600
2019-11-22,194.08665466308594,194.55786075768012,193.038476786175,194.4424546625167,17189600
2019-11-25,196.385009765625,196.4234686914932,194.89447327244753,194.9233211351934,17752800
2019-11-26,196.760009765625,197.01002942034103,196.22149686415904,196.50999011090897,14780600
2019-11-27,198.13510131835938,198.14472705118266,197.0292278732996,197.26963641991026,16963100
2019-11-29,197.23118591308594,197.93317479055747,197.13501662099446,197.63507052779727,9854600
2019-12-02,195.21177673339844,197.30813261273366,194.03858163039166,197.24082583711905,28007000
2019-12-03,193.6827850341797,193.75971754579666,191.58641444440238,192.52882670667788,31104100
2019-12-04,194.66366577148438,195.12526089863965,194.38479822136722,194.67329150749472,15300100
2019-12-05,195.0482940673828,195.3560094246461,194.0962707926415,195.3560094246461,14962300
2019-12-06,197.13507080078125,197.27931010518677,196.31767561347564,196.47154065376012,16555300
2019-12-09,196.24075317382812,197.70242700218748,196.15419491983278,196.77926612884235,13984100
2019-12-10,196.07720947265625,197.01962156291518,195.63486595331915,196.3368548177989,21799800
2019-12-11,197.1157989501953,197.31774861382914,196.2118603409897,196.51959036683638,18780800
2019-12-12,198.5870819091797,199.3660179703482,196.6445913063802,196.91384772010238,32612000
2019-12-13,199.2410430908203,199.93342106538074,198.05823683152002,198.48134366186062,32519400
2019-12-16,201.2412109375,201.49123056919382,200.48151163523372,200.54883307840592,21296600
2019-12-17,201.3566131591797,201.66434319012023,201.0200352720104,201.5008524403234,15996100
2019-12-18,201.51048278808594,202.06823247690332,201.29892205531465,201.529719583804,15443300
2019-12-19,202.7702178955078,202.8375246692774,201.57778602928045,201.59702282466128,17865900
2019-12-20,203.58761596679688,204.36653744742344,203.1644945024131,203.7318552508478,27672600
2019-12-23,204.1253662109375,204.4530272174162,203.95190380933877,204.30847521608393,23774700
2019-12-24,204.2313995361328,204.39523005832166,203.7688183731766,204.3084988474905,7089000
2019-12-26,206.03350830078125,206.05278680101776,204.53010879644827,204.55901919420953,17067500
2019-12-27,205.86004638671875,206.77557663002938,205.31071941762013,206.75629812974861,18134100
2019-12-30,204.5108642578125,205.87934379971782,203.4989561253281,205.7540555941641,21815500
2019-12-31,204.89630126953125,205.04085324034364,203.5374539231537,203.85548296412622,18170900
2020-01-02,208.31753540039062,208.31753540039062,206.21662000258715,206.62138028175576,30969400
2020-01-03,206.40939331054688,207.65259944663924,205.54205181970212,205.5613303232201,27518900
2020-01-06,207.7393341064453,207.76824450960788,204.53979361320714,204.79035534234592,21655300
2020-01-07,207.71041870117188,208.29828805996976,207.05509663834903,207.8164284119449,22139300
2020-01-08,209.27162170410156,210.22570902104238,207.35382987712364,207.68149088105508,26397300
2020-01-09,211.0448455810547,211.4496058280339,209.81128634116016,210.9966566862554,23547000
2020-01-10,210.5052032470703,211.89296141567695,210.1293533018385,211.87369761708334,21898500
2020-01-13,212.93374633789062,212.9626567363947,211.0352184084569,211.372525997921,22756900
2020-01-14,212.09535217285156,213.1843597227567,211.76769112949265,212.82777357068733,24418100
2020-01-15,212.18209838867188,213.17472819357963,211.4882192447298,212.21100879423688,25742100
2020-01-16,214.2154998779297,214.2540568803451,212.7891995975038,213.24214879216402,18805000
2020-01-17,215.2755889892578,215.44905137821644,214.0612934457984,215.17921119193375,24325200
2020-01-21,215.1792449951172,215.71892545246268,214.5817437323689,214.6781068396437,21146300
2020-01-22,215.74781799316406,216.98137742359447,215.4779777868317,216.26823460908247,20736400
2020-01-23,216.44166564941406,216.53804343993446,214.6202371679939,215.6225132507356,26496100
2020-01-24,214.62025451660156,217.6848890996048,213.62762495578545,217.45359120677085,37436500
2020-01-27,210.1871337890625,211.32431522635616,209.30049930941394,209.77272694475005,42264400
2020-01-28,213.41561889648438,213.90712511131423,211.11233054275615,211.67128945646775,26731900
2020-01-29,213.76255798339844,214.84191880488564,212.81811726459713,214.6009889997188,28924500
2020-01-30,214.52389526367188,214.62025835852046,211.71946892175637,212.38443750851857,39568100
2020-01-31,211.12196350097656,215.44905311931274,210.37024902718596,215.42014272091933,52015800
2020-02-03,214.31190490722656,214.80339646155866,212.0086163440638,212.15316835851743,25408600
2020-02-04,219.21722412109375,219.59307404921108,216.4995287137922,217.24159667116865,30691200
2020-02-05,219.94003295898438,221.89638207841796,218.61974214478676,221.85783977439928,38534800
2020-02-06,221.83848571777344,221.89630650670446,219.70866019263923,220.4892702535791,22467100
2020-02-07,220.88442993164062,222.07944699148595,220.24837175276227,220.84588763527864,25884900
2020-02-10,223.55392456054688,223.56355645784163,220.0941764626458,220.15199725678772,21478900
2020-02-11,223.59249877929688,225.5295838907473,223.0046294462739,224.78751594787164,30198000
2020-02-12,225.7705078125,225.87651751585867,224.35383936997437,224.91279828721204,24471300
2020-02-13,225.48138427734375,226.40654648213962,223.92979576422067,224.1996359660518,22773200
2020-02-14,226.12710571289062,226.33912514444665,225.07665515984766,225.83798696938783,23438500
2020-02-18,226.2137908935547,226.63782967038173,224.78749067574404,225.02842046210606,24394500
2020-02-19,228.3822021484375,228.85442991285313,227.29320930772505,227.56304954305114,22230500
2020-02-20,226.26202392578125,228.35329311469695,223.46724374091642,227.8810800526389,42604000
2020-02-21,221.91561889648438,225.51991920537787,221.0000886198206,225.13443741684185,66017200
2020-02-24,213.3577880859375,216.11402552137415,212.26878070986876,213.63726017708728,84522600
2020-02-25,207.55621337890625,215.86348344199496,206.9490802415388,215.15032589209045,97743000
2020-02-26,208.62594604492188,212.2880822574722,207.10326781477556,208.84761206751284,79537700
2020-02-27,198.17922973632812,208.5681222717322,198.0443096269796,203.24838779349616,121822600
2020-02-28,198.3333740234375,199.6536643536524,190.98019331506345,191.43314242349345,148173700
2020-03-02,208.568115234375,208.71268194284923,198.4683417612655,201.30167866717323,112933900
2020-03-03,201.87989807128906,211.64237847473407,200.0873797340312,209.23308042493528,131953500
2020-03-04,210.30282592773438,210.40883563849096,203.70134286874293,205.58060725989966,73086200
2020-03-05,203.913330078125,208.5102745108435,202.4773979653889,204.97342701822768,78705500
2020-03-06,200.47288513183594,201.5618778990907,195.5482791115377,197.24441971991618,89828400
2020-03-09,186.547119140625,193.86174381153205,185.14008273987875,186.460373242942,116424000
2020-03-10,196.7047576904297,196.8878667202942,186.6531571939136,193.81359963199714,100599200
2020-03-11,188.13726806640625,193.4666341981648,185.73760190502446,192.11743316677845,89168800
2020-03-12,170.88671875,183.85837270417383,170.52050069873366,175.4836493689432,137820700
2020-03-13,185.3617401123047,187.4240985310272,171.66729905352958,180.28295071568397,134882000
2020-03-16,163.15765380859375,177.97964422455982,163.02273371681625,167.83168282781844,92054400
2020-03-17,175.5318145751953,177.70018277612678,163.62024466987097,169.1038092730566,121257100
2020-03-18,170.1928253173828,172.71776504502085,160.74837373270967,165.38386096925564,114156300
2020-03-19,171.21435546875,176.83284013220916,165.4031299076033,169.31582748089275,120896500
2020-03-20,164.50686645507812,176.23532749391617,163.92864375131538,175.14633478449502,118983900
2020-03-23,164.6256866455078,168.24733571628911,159.2849479248567,165.0699340124014,124639800
2020-03-24,177.37388610839844,177.53806576241072,171.85931537797967,173.7522370849659,94881800
2020-03-25,176.06040954589844,183.02362417647132,173.81980925619098,178.10784345878415,88754900
2020-03-26,185.33180236816406,186.12374317163557,177.32555199711015,177.57664763072293,79887600
2020-03-27,178.9577178955078,183.9893863558448,178.3396238407872,180.53191767157102,58845000
2020-03-30,185.46701049804688,185.90162006711387,179.96210823394748,180.6574658606257,49356900
2020-03-31,183.88311767578125,188.5671212033543,182.72419337369243,185.15794472364436,62659300
2020-04-01,176.070068359375,181.23695965981682,174.66970049575394,178.44587635715587,53715400
2020-04-02,179.64340209960938,183.59342424655048,174.77591343116143,175.0366762262731,56465300
2020-04-03,177.09376525878906,180.66713664284723,175.08495593438872,179.19915776414615,47487600
2020-04-06,189.7550811767578,190.88503385566943,182.71460225845405,183.96044298550214,64763500
2020-04-07,189.6778106689453,195.7235590600364,189.2915073648521,195.44347663852133,69904500
2020-04-08,193.705078125,194.28453302457615,189.45566851214988,191.3678947328437,45940400
2020-04-09,193.98516845703125,196.26439336276965,192.21780207051773,195.4241755550848,68252600
2020-04-13,196.0809326171875,196.45758357764743,191.94742447902692,193.15464098518433,42853900
2020-04-14,204.60865783691406,205.22675193563566,199.35485062951767,200.1371243614047,63959600
2020-04-15,202.26181030273438,204.57967409237907,200.03087727338848,201.34432899989633,47036000
2020-04-16,205.9510955810547,207.03275664286102,202.51294600329027,204.44449203453112,64657400
2020-04-17,207.92124938964844,209.09949355322345,204.8211265103519,208.77113429098793,62863200
2020-04-20,205.4585723876953,208.49109929959357,205.29439273084583,206.05734698756143,38249100
2020-04-21,197.87722778320312,203.93262857054916,196.66035911817565,203.39179805275919,72932800
2020-04-22,203.7491455078125,205.08191705847247,201.1995051955896,201.9431545848085,40089100
2020-04-23,203.3145294189453,207.1003576864137,202.90890654063006,204.541050478425,43278500
2020-04-24,206.52088928222656,206.9651513344646,202.3294381106388,203.7491255617453,34231900
2020-04-27,208.18203735351562,209.21542159577743,207.15832027318018,208.79047909378295,36451700
2020-04-28,204.26095581054688,209.88176081702113,203.98088817081106,209.88176081702113,46862800
2020-04-29,211.50428771972656,212.44108871183653,207.77640333757992,208.79046793833598,48716400
2020-04-30,211.41737365722656,212.5086871402764,209.91077011589803,212.4217711059367,43359500
2020-05-01,205.4585723876953,209.25405355630917,204.4348405340307,207.1583277202499,48795000
2020-05-04,207.8536376953125,208.07576132858185,203.8939630444663,204.2223370191323,32841000
2020-05-05,210.21014404296875,212.6052568351252,209.42787031053436,209.99767281483525,37783100
2020-05-06,211.50428771972656,213.47445816235918,210.64475033626272,211.8905910264305,36455200
2020-05-07,214.22779846191406,215.10664079277848,212.87570726518814,214.22779846191406,38624800
2020-05-08,217.1637420654297,217.2989497113445,214.86519734834957,215.89858164939926,31852300
2020-05-11,219.1049041748047,220.128621142671,215.60881081589696,215.84060162875423,35714100
2020-05-12,214.51748657226562,220.29281952139905,214.4885145621969,219.70369742245822,41054100
2020-05-13,211.83261108398438,216.92223807449193,209.29263853687792,215.03898398472887,65521200
2020-05-14,214.2374267578125,214.27605119381286,208.59731596406328,210.50954238140108,51549300
2020-05-15,215.6280975341797,215.6860415444305,210.85717753654873,211.2917723499534,55747200
2020-05-18,219.64569091796875,220.85290686348768,217.75278456784778,218.53505814270042,42398100
2020-05-19,219.0952606201172,221.98292715903048,218.95040056654557,219.9065063931708,36237300
2020-05-20,223.47018432617188,223.82751557322564,221.6255546033614,221.64487418703376,37417000
2020-05-21,221.03646850585938,224.19455043797876,220.52460997923944,223.51851226475682,43642900
2020-05-22,221.79942321777344,222.00222728846185,219.71335007153678,220.63083144321163,28762400
2020-05-26,221.2006378173828,225.5756029934186,220.9591945713325,225.37278418266482,33055300
2020-05-27,222.4078369140625,222.52373968407574,216.27518777873954,220.86260910029554,55665600
2020-05-28,222.11813354492188,225.4790193977128,221.21030458354977,221.26824860465416,42784300
2020-05-29,225.372802734375,225.60459357481275,220.93024074674634,222.4948031307782,50691800
2020-06-01,226.04881286621094,226.42546372482894,224.05932295984263,224.50358499805844,25776000
2020-06-02,227.56507873535156,227.6230227529316,224.06897073059386,226.473750615843,33383400
2020-06-03,228.58877563476562,229.3420772703099,227.29464356719205,228.17348565097768,37228700
2020-06-04,226.98561096191406,229.65113894829665,225.68181160948944,228.24111872044787,38716100
2020-06-05,231.48609924316406,232.07522127740808,227.56506378818975,228.13486623900093,47365600
2020-06-08,233.282470703125,233.40801117207488,229.7670575785261,231.34125754502816,32937300
2020-06-09,234.9725799560547,235.82245019731135,232.23944052661614,232.42293975923093,35046300
2020-06-10,237.7926025390625,239.33784506016997,236.14112441042232,236.66265002431913,58084400
2020-06-11,226.0101776123047,235.25261657892358,225.95223359629532,233.8715684089503,72919400
2020-06-12,227.80654907226562,232.17183259666058,223.80824928171896,230.90667227387442,72034800
2020-06-15,230.5782928466797,231.25433096740667,223.54746691806739,224.48426786269115,45307400
2020-06-16,234.53799438476562,236.02527841860515,230.91634539634447,235.4361562603609,48890100
2020-06-17,235.28158569335938,237.09724343412327,234.42204841456632,236.0348873652668,34749300
2020-06-18,235.91897583007812,236.16041902744283,234.19024902101708,234.9628554633655,30578600
2020-06-19,235.8804168701172,238.54594520368053,234.15167484472832,238.28518235192658,49422100
2020-06-22,238.70921325683594,238.83497203202995,235.45857256467735,235.74879647831915,24068700
2020-06-23,240.74085998535156,242.97567274457055,239.7540691320293,240.30550934275024,32767400
2020-06-24,235.77780151367188,241.21487860014443,234.27824752813524,239.98621007187438,46032400
2020-06-25,238.0223388671875,238.3222467820991,233.29149670339368,235.8649239122379,36940800
2020-06-26,232.4014434814453,237.9546262115426,231.8790108584563,237.78047708316166,52824600
2020-06-29,234.9361572265625,234.94584119916232,229.6248525472428,232.15957332663174,34377800
2020-06-30,239.54122924804688,240.08300025069124,234.68461388208036,234.86843220701027,38909200
2020-07-01,242.33717346191406,243.33364832067178,239.03815701076502,239.5799280296446,34689200
2020-07-02,243.9818115234375,245.9941141912671,243.51743852690805,244.7847987487362,31956500
2020-07-06,249.98007202148438,250.5024751273051,247.11639129095556,247.13574447485212,34589000
2020-07-07,248.25799560546875,252.38903707126366,247.95808766371957,249.72854244172026,36578200
2020-07-08,251.5279541015625,251.55697649421415,248.15155448442556,249.58339474528853,30426300
2020-07-09,253.6466522216797,254.31419671087306,249.24475580098976,253.44349549323476,40312900
2020-07-10,255.37844848632812,255.62999559482355,250.821755283997,253.5015881944202,32885300
2020-07-13,250.12515258789062,261.00899212379306,249.30281214031714,258.2227244787133,64108100
2020-07-14,251.89559936523438,252.3019424005483,244.533285347248,247.60010796017536,72230500
2020-07-15,252.40830993652344,254.14005789422913,249.10929390982363,253.30803352808638,54523900
2020-07-16,250.68629455566406,251.3248167676321,247.30021070463584,249.6220908690507,47594100
2020-07-17,250.97653198242188,251.83754932542152,248.79976393164944,251.1409823682021,35137900
2020-07-20,258.09698486328125,258.725823103141,250.36704859363883,251.61504110027627,40610100
2020-07-21,255.40744018554688,259.67390892247204,254.56576129973328,259.664224950445,43243800
2020-07-22,256.30718994140625,257.23596562138243,254.00464821179912,255.90087641518613,29865500
2020-07-23,249.61241149902344,256.6070736888156,248.19990969040234,255.90085230881024,51363500
2020-07-24,247.24217224121094,248.56757751578107,243.1401828616405,245.77164022630512,54054500
2020-07-27,251.65370178222656,252.04067681924838,248.10316817406525,248.88680221943287,36445700
2020-07-28,248.45147705078125,251.39254095177097,248.1612531071309,250.87010832889274,31302400
2020-07-29,251.31504821777344,252.1760948503574,249.51560129133236,249.98964342316503,27556900
2020-07-30,252.6308135986328,253.1919229192316,248.19986571034966,249.35113626270052,41774500
2020-07-31,257.1391906738281,257.2939866061692,252.35997328840392,257.2552802420076,53686300
2020-08-03,260.61236572265625,261.35729353762446,259.1515029631688,259.2772765152185,32081600
2020-08-04,261.5797424316406,261.6764935608913,259.36426852628824,260.10919612534934,24911300
2020-08-05,262.22802734375,262.68273126739774,261.1735075047184,262.06357692788623,21612100
2020-08-06,265.701171875,266.030102185925,261.39599638999357,262.03451859036824,28048200
2020-08-07,262.6343078613281,265.9333241341228,260.48656232248806,265.1593444887768,44969400
2020-08-10,261.5120849609375,263.1277436392848,257.9905731860006,262.9245573551924,35088400
2020-08-11,256.5587158203125,261.6378411480263,256.0169448139675,260.3511128647277,43104300
2020-08-12,263.0115661621094,263.9596800378492,258.66771481499626,258.7161051442192,38773400
2020-08-13,263.6114501953125,265.88493979878893,262.67302015211345,263.7855845478306,31895700
2020-08-14,263.3018798828125,264.50151155298477,261.90874590002187,264.2306260299037,30799500
2020-08-17,266.3590087890625,266.86207342141137,263.3405619463594,265.01423574638244,24803000
2020-08-18,268.9226989746094,269.3967411220377,265.96229749711546,267.42315981990794,23529500
2020-08-19,267.11370849609375,269.93865397467016,266.6009597227985,268.8841340267352,31999400
2020-08-20,270.8190002441406,271.3027265459482,265.91400845797756,266.3203515421925,27723400
2020-08-21,272.6958312988281,273.1505351545465,270.3642672322133,271.0124733975465,34748900
2020-08-24,274.3985290527344,276.6913865178221,272.1153260351239,275.96579721751306,36418500
2020-08-25,276.55596923828125,276.74947155623244,273.1795693174854,273.6245892196029,34866600
2020-08-26,282.4573974609375,282.7089445354077,276.5269094615622,277.8039537290661,42216700
2020-08-27,281.5770263671875,284.2859109668264,279.31319115616515,283.4345480790629,49482700
2020-08-28,283.00885009765625,283.6376882543655,281.4609203489305,282.8153478074514,28021000
2020-08-31,285.28240966796875,287.0915411935552,283.0959574801818,283.5313229328272,36321000
2020-09-01,290.1583251953125,290.27441475478145,286.1627422192065,287.9331670497137,36216200
2020-09-02,292.9059753417969,293.62188085887885,287.2270329795529,293.4090400937583,50836800
2020-09-03,278.0555114746094,288.90064514411176,275.1531541321541,288.39758050016957,110083300
2020-09-04,274.3501281738281,279.5260042219647,262.95354051596087,276.26569448177094,123959000
2020-09-08,261.1637878417969,269.16460858102386,260.8832183782912,263.35989416653064,99568600
2020-09-09,268.8356628417969,270.9350179006585,264.11449066571544,266.66857903282937,64837900
2020-09-10,263.4759826660156,273.015078667916,261.75391857764834,271.79607919802197,69667500
2020-09-11,261.6475524902344,266.2622904991096,258.2130782424053,265.2271091905795,71809000
2020-09-14,266.2042541503906,268.19720409347343,264.0758466751033,265.4302743756,38525200
2020-09-15,269.977294921875,271.3220680816617,266.17521364561674,269.94827252756414,41849900
2020-09-16,265.67218017578125,271.23503337667654,265.32391136443954,270.7706749615542,42321000
2020-09-17,261.5216979980469,265.46889016761645,258.00015765399314,258.84183638339624,81570800
2020-09-18,258.1839904785156,263.2340926635591,254.0820021758585,262.9438687833904,86251100
2020-09-21,258.8031311035156,258.93855905031637,251.64396165681055,253.92716405705983,57168600
2020-09-22,263.6114501953125,264.1918980370395,257.8647803677729,261.20247355492427,41128900
2020-09-23,255.56222534179688,263.47597875836726,254.68184012929768,263.29216044343315,48837300
2020-09-24,256.752197265625,259.9544622311648,252.71790791372052,252.8823878064297,70631700
2020-09-25,262.72137451171875,263.534030994483,255.69766055627156,257.2552742914648,55242400
2020-09-28,268.1778564453125,268.1778564453125,262.82784506916073,267.5780110688686,58438300
2020-09-29,266.968505859375,268.6712020340795,266.40736692479027,267.61668244413096,27050000
2020-09-30,268.7969055175781,271.941125048411,266.8910235748399,267.1619089996013,49380800
2020-10-01,273.0634765625,273.67297638022234,270.73191242253915,272.6184566655552,50020200
2020-10-02,265.3818664550781,273.0537569293741,264.5401875878808,267.03620179833854,75497400
2020-10-05,271.0415344238281,271.3607808034577,267.2394526448643,267.3458582633036,28184600
2020-10-06,266.2042541503906,272.03799199821265,265.3238687639904,270.35463396504605,49704200
2020-10-07,270.8092956542969,271.60258420390795,268.2552070819735,268.84536841355174,27539700
2020-10-08,272.2508239746094,273.27632130939753,271.1866202712513,273.20859254547736,25443300
2020-10-09,276.4108581542969,276.48827089145067,273.5085005215108,273.8954756343539,30201100
2020-10-12,284.9437255859375,287.7783537475403,280.0484192953146,281.0932547917312,79370700
2020-10-13,284.9341125488281,287.3817663034774,283.57000091926034,286.74327360601114,64240000
2020-10-14,282.5541687011719,286.7045481035689,280.81276604840866,285.73709562441013,36949100
2020-10-15,280.6579895019531,281.2481213833502,277.2138608001073,277.85238302338996,42514200
2020-10-16,279.1197509765625,283.72480514243966,278.7714526980252,282.30264868072373,40570700
2020-10-19,274.56298828125,281.99304539448815,273.5858814018512,281.03524741066656,36756800
2020-10-20,275.153076171875,278.2585893815985,273.74060426555394,275.29818809302145,32195400
2020-10-21,274.9403381347656,277.9684692915658,274.45661186752744,275.4047259800652,29306100
2020-10-22,274.9306335449219,276.6720656909763,271.68000744451007,275.77231246291046,32196200
2020-10-23,275.4724426269531,275.63692255890373,272.6087912107467,275.5014650238491,24658500
2020-10-26,271.3414001464844,276.0141826669079,267.75215968735864,273.18923793913956,38421100
2020-10-27,273.4601745605469,274.28251523285076,271.0802492651122,272.3379259232388,30559100
2020-10-28,262.798828125,269.5709960593002,262.5472810110899,268.9614962213238,53413500
2020-10-29,267.3941345214844,270.39321279822263,263.6500696119746,264.1144573085174,43246300
2020-10-30,260.61236572265625,266.281623343448,258.3775527534436,265.4109219764302,65838300
2020-11-02,261.19281005859375,264.61757030336025,258.28076888148894,263.00194132601484,39987400
2020-11-03,265.7107849121094,267.8101695251323,262.0247937804703,263.1083357003649,43604100
2020-11-04,277.57183837890625,279.3712861039812,272.69586884350133,274.359888552646,75728200
2020-11-05,284.8083190917969,285.7757714676253,282.4960937419013,283.97629469594665,52054200
2020-11-06,285.02117919921875,285.7467686056481,280.3967572298811,284.1504778163652,40959800
2020-11-09,279.19708251953125,289.40372297904185,278.7423787139035,287.9621988371177,86537100
2020-11-10,274.19537353515625,277.329909878657,271.4864890873703,275.88841524340836,69024900
2020-11-11,280.3289794921875,280.8030216572005,274.1566292793315,276.72037189261647,36102900
2020-11-12,279.01324462890625,282.56380765239703,277.9006803600016,281.29644746857406,34414600
2020-11-13,281.46099853515625,282.08018241636955,278.5005957233473,280.72575458160605,24806900
2020-11-16,283.6570739746094,283.95698187620894,280.5515303107335,281.16103008634104,30168400
2020-11-17,282.7573547363281,284.17951120893724,282.11883249104346,283.8505808748772,21843500
2020-11-18,280.66754150390625,283.82144510046083,280.5804743494631,282.205816471963,28069600
2020-11-19,282.8636474609375,283.1732392162937,279.4485427562065,280.11608706181437,22718400
2020-11-20,280.9288024902344,283.53125152891744,280.8417353264938,282.78629436530196,25907300
2020-11-23,280.93853759765625,283.22171126057486,278.6940407761283,281.92532849063366,26875600
2020-11-24,284.8857116699219,285.3791218456151,280.2032455596767,282.00269286629174,24516800
2020-11-25,286.6368103027344,287.2753324617549,285.0018133025846,285.949927331004,23326800
2020-11-27,289.2779541015625,290.40020243829326,288.204066575533,288.60072560591834,17163100
2020-11-30,289.8681335449219,290.20674784840224,285.1856666612284,289.5972480069994,27836200
2020-12-01,293.5831604003906,295.2085032216548,291.03875531535044,292.1416654610543,27521300
2020-12-02,293.9604187011719,294.2990329472495,290.5743352890044,292.41248895074875,23620000
2020-12-03,294.37646484375,295.9243948502273,293.65087542111775,294.27005923343233,22828700
2020-12-04,295.5760803222656,295.7212218182587,293.7476104304128,294.4248094730478,19332100
2020-12-07,297.2497863769531,297.6174230579563,295.5760828908154,295.759901231317,20851000
2020-12-08,298.2558898925781,298.5557977557596,295.0246026228502,296.77568899470424,18341500
2020-12-09,291.5030212402344,298.32354746906464,290.4388179109202,298.043007587385,48839300
2020-12-10,292.67376708984375,293.7960157145858,288.38795890629683,289.4715011579617,27519500
2020-12-11,292.0254821777344,292.15125570041494,288.75548868524487,291.0193235205912,26760400
2020-12-14,294.14422607421875,296.0887852563194,293.1477513166906,293.21545054394346,28804800
2020-12-15,297.28839111328125,297.28839111328125,294.21187071701684,296.3983221096424,25709000
2020-12-16,298.92340087890625,299.70703482385153,296.64019826175405,297.6850632045471,25461900
2020-12-17,300.8776550292969,301.1098341255949,299.3200710511308,300.5197024144041,23730500
2020-12-18,299.9682922363281,301.8258138564122,297.5980220193117,301.5162219990141,41173400
2020-12-21,299.4071960449219,299.9402476304263,294.25101189806537,297.02292746721054,37095500
2020-12-22,300.2212829589844,301.1420109826274,297.4008897341945,300.30850795630914,26176300
2020-12-23,298.7093200683594,300.62832914085624,298.5542435491377,300.2697276304532,21201300
2020-12-24,300.02740478515625,300.4732312600848,298.8934503370828,298.97097380227143,16785000
2020-12-28,303.05133056640625,303.5262616280765,300.8027655062896,302.6345790774025,22497700
2020-12-29,303.3226623535156,304.9993991652534,302.4213079884554,304.37909320791135,25871900
2020-12-30,303.3323974609375,304.8055799060059,302.71209143491757,304.48575494609014,18138100
2020-12-31,304.07867431640625,304.56327730579443,302.15966540823325,303.23546984732184,21611400
2021-01-04,299.7851257324219,305.5809886517187,295.7822999497379,305.4065090807964,45305900
2021-01-05,302.2565612792969,302.5279673471048,298.7965184263941,298.7965184263941,29323400
2021-01-06,298.069580078125,302.27592998393476,296.55762129457366,297.54620062910624,52809600
2021-01-07,305.2804870605469,306.1139899427387,300.6961324750406,300.7252074691213,30394800
2021-01-08,309.2057800292969,309.5547095596435,305.3774046091996,307.56781957057547,33955800
2021-01-11,304.73779296875,307.4224832000481,304.0884118717858,306.249752108564,32746400
2021-01-12,304.2532043457031,305.86206050889166,301.61696246298015,304.7765543650335,29266800
2021-01-13,306.307861328125,307.10258773993957,303.91392141249594,304.5148243780855,22898400
2021-01-14,304.6698913574219,307.7519591297655,304.1949603367071,306.75367820056675,23500100
2021-01-15,302.2565612792969,305.4161822238818,301.0159788139452,304.4566777731747,35118700
2021-01-19,306.6665344238281,307.1705109950983,303.477837773853,304.57304550206436,24537000
2021-01-20,313.7997741699219,314.73990504779744,306.76335966017797,310.28158170395784,30728100
2021-01-21,316.3100280761719,317.05633556018074,313.7610413662639,315.13729720135154,25130600
2021-01-22,315.3990478515625,316.40700085407076,314.71089025556637,315.2730463317936,21609400
2021-01-25,318.0061340332031,320.1481003708012,311.51247224210186,318.78151650082356,39080600
2021-01-26,318.47137451171875,319.6053584694792,317.1435671137224,318.72337751962505,25498100
2021-01-27,309.5934143066406,316.2227787014921,307.58715111959197,316.21310675600824,55264000
2021-01-28,311.4252624511719,316.36821870377565,310.17497849589614,310.79528450025003,42836300
2021-01-29,304.8734130859375,310.8437251270906,303.1288542538718,309.73881617638284,55259000
2021-02-01,312.4914245605469,313.57693059334537,306.2884822397194,308.31411931482035,35646000
2021-02-02,317.5894470214844,318.742804644067,315.29243330220027,315.4572113530647,33930800
2021-02-03,316.3293762207031,320.0317492703711,316.2712262421481,319.66344635431454,24824500
2021-02-04,320.07061767578125,320.157842676717,316.40701974736385,317.7251554430915,22350900
2021-02-05,321.1561279296875,322.1641105831951,319.38249373215876,321.0204544524247,22732000
2021-02-08,323.3077087402344,323.4627852420299,321.20454838611016,322.84250881266615,20462800
2021-02-09,323.2400207519531,324.49997718166213,322.36771137064466,322.3774128990954,17597500
2021-02-10,322.5033264160156,325.1298666378689,319.3534066238231,324.6743385925005,28068700
2021-02-11,324.2769775390625,324.68405713239645,321.8927387147467,324.03467600388905,22046100
2021-02-12,326.08935546875,326.25410391756105,322.38698162108943,323.43371103849927,20346800
2021-02-16,325.2074279785156,327.7758182666713,324.04436880985253,326.8841356269865,27080800
2021-02-17,323.64697265625,325.3237097887866,320.00277798200216,322.23194008983177,31360300
2021-02-18,322.2318420410156,323.588724197162,318.24839096432186,320.0608305911814,32236200
2021-02-19,320.8265686035156,323.705111688559,319.8089141056786,323.5791101725215,39157700
2021-02-22,312.5108337402344,317.70576451299615,312.3073087302855,316.4458083476422,47256900
2021-02-23,311.5804138183594,313.2474496333406,301.42312239012205,307.23835947803434,97241900
2021-02-24,314.1487731933594,314.458926239365,306.23034646139433,308.92473819569517,58206300
2021-02-25,303.19671630859375,314.05183592483166,301.6556822348677,311.4931473273802,110182600
2021-02-26,304.4664306640625,309.2833567795683,301.30680918642094,306.1237648797508,104739800
2021-03-01,313.6253662109375,313.96459422673973,308.1493582226554,309.43838918932,49164500
2021-03-02,308.5951843261719,314.34256880454757,308.3432108792186,314.26504533882803,48370000
2021-03-03,299.6397705078125,308.44014914832144,299.5816205062757,307.5000180197119,86301100
2021-03-04,294.7356262207031,302.4311262035778,290.8684731744773,299.27150436710195,139131600
2021-03-05,299.1744384765625,300.0757927695711,288.29027630033136,297.3523268447944,121523700
2021-03-08,290.7036437988281,300.512003576939,290.2868923264038,298.6317416108626,88409800
2021-03-09,302.1694030761719,304.0690685037758,297.46877671898756,298.00182829212423,80391100
2021-03-10,301.3067321777344,306.7245895600071,300.6186042767961,306.42413809997134,76798100
2021-03-11,308.2462158203125,310.01014786802676,305.15444700317596,306.0460997608665,53484800
2021-03-12,305.7457580566406,308.43047797154094,301.8011115793504,304.19502233019176,69315600
2021-03-15,309.0119323730469,309.1767104053718,304.42760697615097,306.0655674633329,42955700
2021-03-16,310.7081298828125,314.216681390136,309.2737235475164,311.2024345404228,54925900
2021-03-17,311.9874267578125,313.8773904178107,305.958963843639,307.67447751041885,78258700
2021-03-18,302.43109130859375,308.0912516000334,301.9755632410346,307.1123439366389,82718100
2021-03-19,303.4971923828125,305.0382264310817,300.1243447287122,302.26628178699343,78446200
2021-03-22,309.18865966796875,311.25568011642184,305.88920389424806,305.88920389424806,56194800
2021-03-23,307.83990478515625,311.59546535450744,307.0247468768243,310.2756943453556,53455400
2021-03-24,302.6479797363281,309.246921077523,302.50242116880156,309.2080955877921,64803700
2021-03-25,302.1239929199219,303.6378911365038,298.3005255349611,300.8042221864616,78729000
2021-03-26,306.656005859375,306.97623486012884,300.51319446888624,301.91058699645197,63519600
2021-03-29,306.5685119628906,307.6165632197717,303.2302307518322,306.1221225030311,54608000
2021-03-30,305.02557373046875,305.59812389358433,302.32777943527344,304.60829592576704,44635700
2021-03-31,309.693359375,311.2557376046905,306.47152436840304,306.81118082295455,55032500
2021-04-01,314.9725341796875,315.10837900652535,313.26456756678306,313.51688889328375,55685600
2021-04-05,321.2608947753906,322.0275428991795,317.2142175655649,317.45682510719115,42172500
2021-04-06,321.0376892089844,322.98823354990924,320.2613273685376,320.9503540547796,33537200
2021-04-07,321.8140869140625,322.64867236045967,319.6306187691433,320.56222355205784,32046400
2021-04-08,325.1716613769531,325.35604544050096,323.87128877073377,324.66704845392206,29940800
2021-04-09,327.1416931152344,327.34550476932856,323.0756180393598,323.81312481383054,36664900
2021-04-12,326.7148132324219,327.1320911934997,324.8321759019947,326.1034373467944,25833000
2021-04-13,330.5284729003906,330.9942603593308,328.0247468478908,328.2382426382964,30374000
2021-04-14,326.5594177246094,330.897241128073,325.7442600560948,330.77108048618845,42564300
2021-04-15,331.5086364746094,331.8968322351225,326.27803325321327,329.43193130872146,36342800
2021-04-16,331.8968505859375,332.11034641995263,330.0238977449585,332.03269541748523,40860100
2021-04-19,328.8594055175781,331.4795494048191,326.93794297479013,330.32476466150547,34533100
2021-04-20,326.4623718261719,329.4803950215686,324.4924000385341,328.19944988212427,38081800
2021-04-21,329.2572021484375,329.44158621717884,324.0945074540267,325.1813843128136,36598100
2021-04-22,325.2882385253906,329.8492430277399,324.1334241342537,328.8691285928351,45936100
2021-04-23,329.3833923339844,330.6934492560074,325.91894982444245,325.91894982444245,36381900
2021-04-26,331.528076171875,331.80950922399916,328.8787910467704,329.62604125946075,30812000
2021-04-27,330.0918273925781,332.03268779719735,329.1408247480296,331.81919196808207,33187200
2021-04-28,328.97576904296875,330.77107046078066,328.325567914184,329.76181497146814,33615700
2021-04-29,330.1596984863281,332.6633948761398,326.937863752322,332.2461170803668,37708900
2021-04-30,327.9956359863281,330.19853110561087,327.08342938996134,327.71423260087664,38263400
2021-05-03,326.24896240234375,329.9462994475264,325.8025727600481,329.1990787837727,29729700
2021-05-04,320.3778076171875,324.0169204943218,316.5639948144166,323.69666197663526,65147000
2021-05-05,319.3006286621094,323.2891119484255,318.5242963940347,322.4254149061531,46219300
2021-05-06,321.7073974609375,321.86266988169433,316.79702191334917,319.03871381050095,46814300
2021-05-07,324.31768798828125,326.69522350029325,321.8818994356728,324.4826444885977,53324500
2021-05-10,316.1272888183594,323.11436710542796,315.92347719379603,322.9396968116653,60700500
2021-05-11,315.69061279296875,316.4863725809252,309.5865991846512,310.2465141587872,71963600
2021-05-12,307.5195617675781,313.08010643996755,306.6558648948386,310.76079425410165,91164900
2021-05-13,309.89715576171875,312.866669605649,307.5293038630691,310.46002182452656,69877800
2021-05-14,316.7386779785156,317.6508549788167,312.5560972204388,313.0607397997424,44370000
2021-05-17,314.8171691894531,316.7192035119393,311.9447049614904,315.03066495326476,39395000
2021-05-18,312.6919860839844,316.99098429290916,312.4202668422621,315.7682625127471,36528500
2021-05-19,313.051025390625,313.3518563360605,306.9470121011332,307.2963823180364,66319100
2021-05-20,319.10650634765625,319.96048954623984,314.31260905592654,314.53578901793674,46466100
2021-05-21,317.3403015136719,321.0764330594228,316.9812471772893,320.6591552963388,50330400
2021-05-24,322.6777648925781,323.8034675119384,317.2336359084848,319.6305997585061,32475800
2021-05-25,323.1241760253906,324.9097642116866,321.9499636624555,324.1916552713236,31280300
2021-05-26,324.24981689453125,324.7156043929025,323.10471647413306,323.79371355892494,25444900
2021-05-27,323.0367431640625,324.64766051801115,322.83296115629486,323.8033911563719,27931700
2021-05-28,324.0556945800781,325.6472140532538,323.7354656991059,324.24007865599907,29927400
2021-06-01,322.9786071777344,325.8607862429022,321.62969489713447,325.3852552757995,31145400
2021-06-02,323.609375,324.4536445747608,321.89172412773416,323.3958791614827,22047900
2021-06-03,320.2419738769531,322.046959878064,318.5728327072903,320.7756986540093,37057800
2021-06-04,325.6763916015625,326.12278121578436,321.96934100973573,322.03727823358133,38736500
2021-06-07,326.6468200683594,326.7050435127181,324.4536382802467,325.1426354486117,32611900
2021-06-08,326.8020324707031,329.25721930775677,325.12317782604936,328.39352234967527,27282800
2021-06-09,326.8796691894531,328.9466900273445,326.6952851024466,328.17035779849925,21485300
2021-06-10,330.2858581542969,330.39259123957316,326.77290627431074,327.21929578440205,33702100
2021-06-11,331.1496276855469,331.1593414654519,329.6454725593959,330.29564427901624,21222800
2021-06-14,334.3229064941406,334.3325906574946,330.3926465465192,331.5765725355183,27827700
2021-06-15,332.1393737792969,334.2840157386362,331.42123545718994,333.9734710380047,35963800
2021-06-16,330.9263610839844,333.6726650969372,327.4716324725193,332.60518611807436,55399500
2021-06-17,335.12835693359375,336.137612619447,329.8686419091237,329.91715157235996,59722700
2021-06-18,332.4984436035156,334.6139739465521,331.7511935319041,333.4688736267625,55414900
2021-06-21,334.5649719238281,334.88560197114685,330.474729930323,332.6898761727154,32992600
2021-06-22,337.68365478515625,338.1305621489894,334.0597409959635,334.3609209204521,28941600
2021-06-23,337.84881591796875,338.9952743346827,337.0132921332687,337.62537705205324,27188500
2021-06-24,339.9376525878906,341.4629725682367,339.23813126810626,339.7822001113243,32581600
2021-06-25,339.5198669433594,340.74403668648523,338.9175071172272,340.50114774694623,28682800
2021-06-28,343.64898681640625,343.7850188574494,340.74404452058076,340.802335495448,39130300
2021-06-29,344.89263916015625,344.9217846528403,342.63865187700964,343.4741757669752,29426000
2021-06-30,344.3485107421875,345.1257731621185,343.76557133962166,344.73712712738813,32724000
2021-07-01,344.48455810546875,344.9897564637457,342.648303353147,343.99878018998015,29290000
2021-07-02,348.4388732910156,348.75947373922304,346.14598561310726,346.3791495754399,32727200
2021-07-06,349.9447021484375,350.22646164532887,346.349933662475,349.041162328563,38842400
2021-07-07,350.68304443359375,352.4415578919642,348.7302079739393,352.14037799464285,35265200
2021-07-08,348.5650634765625,349.42003732395847,344.3388194688007,345.62125059036464,50890000
2021-07-09,350.7413330078125,351.2173858133208,347.3991790253446,347.98211837568704,35184500
2021-07-12,352.1112976074219,352.5679300602868,350.56649765552464,352.1404430980501,25717700
2021-07-13,352.1112976074219,355.07453120291746,351.25632368294856,351.73237657972146,39723000
2021-07-14,352.74273681640625,355.0938850180123,351.9169085375173,354.452654694976,35336400
2021-07-15,350.2652587890625,352.8593256167972,348.2638563704623,352.65530721671445,53391600
2021-07-16,347.4283447265625,352.1015255470273,347.07856923619346,351.1202447443441,47262000
2021-07-19,344.5817565917969,345.07722995707803,342.02655973823147,343.9793670063491,64404600
2021-07-20,348.5845947265625,350.0322037168533,343.736509997138,345.514474127725,42183700
2021-07-21,351.2757568359375,351.2757568359375,347.9336020918231,348.1570706277468,30259900
2021-07-22,353.59771728515625,353.6074126807085,351.47970327513866,351.47970327513866,30252200
2021-07-23,357.7268371582031,358.00856697658435,353.56857975570756,354.9190268234628,31960800
2021-07-26,358.0085144042969,358.39716036483674,356.1722897336992,357.0369588019952,28438100
2021-07-27,354.0641174316406,357.746322676778,349.91558431978564,357.746322676778,57933100
2021-07-28,355.4242248535156,356.9981700647173,352.90789903399076,355.2007860080486,42066200
2021-07-29,356.0558166503906,357.2216659398344,354.86079222041604,354.86079222041604,25672500
2021-07-30,354.2001037597656,354.78304316742987,352.10153968189235,352.13068516979905,36484600
2021-08-02,354.22930908203125,356.4444554857011,353.52006255712615,355.8615159795701,27334100
2021-08-03,356.3764343261719,356.4930162958141,351.70325259596177,354.88995491416483,35558500
2021-08-04,356.8913269042969,357.84346232319564,355.22997468160975,356.3375329468905,29602200
2021-08-05,359.155029296875,359.38819319042074,356.99817433299086,357.7073910590354,21443900
2021-08-06,357.5810852050781,358.8635459227193,356.4735270576817,357.89199016381457,33332100
2021-08-09,358.2417907714844,358.76640957041377,356.9399095212192,358.03774270014765,25960200
2021-08-10,356.4056396484375,359.0482734522398,355.22034000887453,358.7568184792077,35130800
2021-08-11,355.79339599609375,358.1639942187618,354.46236946318714,357.66852098541506,34249800
2021-08-12,357.0758361816406,357.43530701746806,353.9377008521444,355.28817739703624,25969200
2021-08-13,358.3292541503906,358.65957959844343,356.93021128244163,357.4257142792874,19336200
2021-08-16,358.4847412109375,358.52358210301765,353.35492675044514,357.2120052312184,34856900
2021-08-17,355.3270568847656,356.7066492975724,352.89816777113714,355.73509365212107,44793900
2021-08-18,351.9071960449219,356.1917604133601,351.57687065148923,354.7927177767465,38541900
2021-08-19,353.6074523925781,355.27852960997615,349.7212290637019,349.9738430679288,48499400
2021-08-20,357.2701110839844,357.6684523929076,354.36514000662123,354.6760448793692,39486000
2021-08-23,362.61376953125,363.30356582383774,358.30005955452134,358.30975495051,34034700
2021-08-24,363.72137451171875,364.32373442077983,362.7400935730356,363.2064510749859,21732900
2021-08-25,364.13916015625,364.7124042614198,363.2258951863814,363.9740122476023,20441900
2021-08-26,361.82684326171875,363.96424834530154,361.38963126873074,363.2841770389699,29133300
2021-08-27,365.3438415527344,365.8490398813782,361.97254183101103,362.45831971800555,27104700
2021-08-30,369.4437561035156,369.92953392213406,366.11129773415433,366.13074782259514,27295700
2021-08-31,369.1426696777344,369.75472497853656,367.59786973187414,369.686738600358,29628200
2021-09-01,369.75469970703125,371.8241183407126,369.5506812873745,370.20163673041526,28138300
2021-09-02,369.5798034667969,371.43547851776793,368.3653587724071,371.10515311883734,25453400
2021-09-03,370.716552734375,371.11489416925747,368.41397023843336,368.4333906805509,24605400
2021-09-07,371.24114990234375,371.8921052945021,369.6672343461001,370.82338804966736,23970200
2021-09-08,369.94903564453125,371.06631894293287,367.68532355818826,371.06631894293287,32949200
2021-09-09,368.67633056640625,371.2800933473203,368.4334415834956,370.1725350030054,29399000
2021-09-10,365.87823486328125,371.10521037835343,365.54790941338325,370.38626849619504,40249400
2021-09-13,365.6256103515625,368.63743950186546,363.57564168171336,368.2099525437821,48741800
2021-09-14,364.58612060546875,367.8408095443802,363.63398503451015,367.11214253127406,41826600
2021-09-15,367.29669189453125,367.64646743225006,362.7498174509155,365.04270476619996,34097900
2021-09-16,367.5492858886719,368.12250027388,364.0419835530262,365.96564513231044,35193100
2021-09-17,363.19671630859375,367.1218103087527,362.1571740657108,367.07324437526984,60912300
2021-09-20,355.6919250488281,359.14476056928754,351.052446315012,357.40373906547455,76203200
2021-09-21,356.1295471191406,358.71675431650056,355.0012893402798,357.52040510766665,41927500
2021-09-22,359.45599365234375,360.91494318773044,355.9447730023296,357.04385306817227,46972900
2021-09-23,362.7726745605469,363.8036631873685,359.9714867131809,360.6134280684026,44652000
2021-09-24,363.1130676269531,363.53132237880186,360.1368129986181,360.5064182906499,36056800
2021-09-27,360.214599609375,361.0899632808485,357.66630616651645,360.06871061119614,43338100
2021-09-28,350.0214538574219,360.1660095292844,349.51569535289286,355.66274340365425,97701600
2021-09-29,349.4475402832031,353.4256052044323,348.82507067423813,351.2858306757652,58076600
2021-09-30,348.16363525390625,352.7544633426065,347.3271852778963,351.09126953473697,61384600
2021-10-01,350.32293701171875,351.3636614163688,344.68167764256236,348.78618997498535,56375500
2021-10-04,342.96978759765625,349.0390070263044,340.73274393661956,348.7083154222971,76766000
2021-10-05,347.5995788574219,349.8463586647929,343.8063161750035,344.0300027634827,47232900
2021-10-06,349.826904296875,350.09924033410766,343.48531850039706,344.3898600152339,56806500
2021-10-07,353.03656005859375,355.6821226976073,352.3362631929019,352.8711994076054,39411200
2021-10-08,351.27618408203125,354.3497083285022,350.741218052169,354.11625619373734,41822300
2021-10-11,348.58197021484375,353.2603327728741,348.4944071205362,349.7393762271604,34847200
2021-10-12,347.3660888671875,350.4687601594735,346.7241476639016,350.031093213413,43905100
2021-10-13,350.1478576660156,350.81897676780096,347.648183891679,349.6712770247832,40120800
2021-10-14,356.5964050292969,356.81038545468476,353.07547867896915,353.73686192747704,43433900
2021-10-15,358.8431701660156,358.95988136016933,356.78119324956873,357.8121817077922,40419900
2021-10-18,362.45172119140625,362.665701662127,356.9466142468693,357.54964202369865,34513500
2021-10-19,365.1944885253906,365.24310829907796,362.50030598675886,363.52155869340515,29091000
2021-10-20,364.7178649902344,366.26434760986103,363.23944410928465,365.65158418498294,31390300
2021-10-21,366.94525146484375,367.13978994323423,363.6188631341587,363.9203769979809,25469300
2021-10-22,363.8620300292969,366.65348213428575,362.1988358244689,365.690584912923,36275800
2021-10-25,367.587158203125,368.5014355371204,363.3367570240195,365.28202289509034,32597800
2021-10-26,368.7446594238281,372.23640872219755,367.56778167336654,369.8242976093445,47191300
2021-10-27,369.6005859375,372.66437433181625,368.9294667094946,369.1920669664678,45760500
2021-10-28,373.70501708984375,373.95791114428573,370.72876276602915,371.49715107440244,38007000
2021-10-29,375.5433349609375,375.7086956406966,370.281416249106,370.6315499016707,37310100
2021-11-01,376.82708740234375,376.9535344050654,373.8994831005979,375.980901685539,30765300
2021-11-02,378.40289306640625,378.87950346614826,376.165848824832,376.2144686065333,25135300
2021-11-03,382.4197998046875,382.8380248315274,377.8484429446031,378.88913759797674,33748900
2021-11-04,387.3218688964844,388.2750598100501,383.1395593613044,383.6842314026562,40265300
2021-11-05,387.6915283203125,390.01610580693085,386.29093439470984,389.09212224591516,43383800
2021-11-08,387.166259765625,388.6835647540906,386.5243184732125,387.66231205576224,29256300
2021-11-09,384.5013122558594,388.6350028022809,383.13963189469575,388.23621968179623,50490700
2021-11-10,378.8502502441406,384.5401289612193,376.92442641715365,381.729235316056,54937400
2021-11-11,379.9006652832031,382.0015558230101,379.56023784567157,381.82648903195934,32243000
2021-11-12,383.89825439453125,384.433190667977,379.4533144906086,381.04841716504535,34730600
2021-11-15,383.8106384277344,385.39603473785365,381.36935013449727,385.07507895448435,33716900
2021-11-16,386.5438232421875,387.0398458924159,382.88671363238944,383.0812224246189,27872900
2021-11-17,386.7479553222656,388.78075415631855,385.7850584225551,386.86466650012204,28703300
2021-11-18,390.75531005859375,391.26106853591654,386.573000006846,388.7906020726515,45721500
2021-11-19,392.93402099609375,394.2081679319985,391.5626048175631,392.3893488562752,45191700
2021-11-22,388.372314453125,397.5247938245009,388.26533907910016,394.4707418797755,61715400
2021-11-23,386.6021728515625,389.27691358306146,382.1669687768328,387.21490670410526,70098700
2021-11-24,387.8470764160156,388.12911856511744,381.7972990319402,384.12187605855655,46954400
2021-11-26,380.4940490722656,386.66053885353557,379.1031612958598,385.26965107712977,51533300
2021-11-29,388.7516784667969,389.76322507789195,384.3262102771607,385.0556850127537,54447100
2021-11-30,383.0423278808594,390.21062820500714,381.02897048546834,387.8665791578093,81332700
2021-12-01,376.5256652832031,389.520057013859,376.05882046092955,387.3802526370976,77766500
2021-12-02,379.23931884765625,381.01922409411867,373.8217461673623,375.2417819698472,84416600
2021-12-03,372.64483642578125,381.6027768520608,368.53058869788106,380.60096618273656,105349100
2021-12-06,375.6308898925781,376.9925702047442,368.91969820689434,373.1312158694991,67588800
2021-12-07,386.9425964355469,387.5553600113219,382.2350559963303,382.27396962972693,56005300
2021-12-08,388.6737976074219,388.8780718765483,385.37658769208196,387.27323361603425,39204000
2021-12-09,382.9547424316406,389.2476781537611,382.76020398882554,387.4483014461182,49973700
2021-12-10,387.1176452636719,387.3802454713432,382.5948783547429,385.7656712319082,52545800
2021-12-13,381.5249938964844,387.42885308796576,381.1553886423513,387.10789728866115,50166400
2021-12-14,377.576171875,379.4144329532964,373.1312315950935,376.70077836090985,75199200
2021-12-15,386.1839294433594,386.5438285946548,373.3743691680471,377.3232568620715,73858000
2021-12-16,376.25335693359375,387.57481962538174,374.66796034900517,387.1468587185331,82591400
2021-12-17,374.3761901855469,378.5390584450025,371.32210816631004,372.8394133470758,80492500
2021-12-20,370.74456787109375,371.5334044386726,367.60868840628507,369.65383235643225,65336800
2021-12-21,379.0420227050781,379.3536699549312,370.2674258712642,374.01682225238807,48899500
2021-12-22,383.658203125,383.86270862526777,378.08763497623073,378.7498630763565,37042200
2021-12-23,386.5506286621094,388.02116027516325,383.8432562962341,384.0087984673513,29595500
2021-12-27,392.939208984375,392.939208984375,387.81661549702426,387.84583056663473,32820700
2021-12-28,391.1180725097656,394.0104835432617,390.2415906221069,393.83519310979347,33113700
2021-12-29,391.0596008300781,392.52041372779274,388.68334280550386,391.25438777123253,32248500
2021-12-30,389.89093017578125,393.0268094113681,389.3065991298355,390.84530882119145,23850100
2021-12-31,387.4562683105469,390.5823994941913,386.9595824300405,389.21898010882563,34752900
2022-01-03,391.1862487792969,391.4394658842447,386.511658923801,388.62495181868604,40575900
2022-01-04,386.11236572265625,391.7705791947588,383.0154492062838,391.73161585861396,58027200
2022-01-05,374.2505187988281,385.54747736079605,373.99730172965064,384.42749707501173,75739800
2022-01-06,373.9875793457031,377.2306007150052,370.199219910222,372.42940265304225,70814300
2022-01-07,369.9361877441406,375.6820747117179,368.1637576183187,373.9972600596945,72652300
2022-01-10,370.1796875,370.69586988679407,359.661847242509,365.0279090976705,91770500
2022-01-11,375.7405700683594,375.906112223643,367.3652366626688,369.4493143206494,68295700
2022-01-12,377.2306213378906,380.0061720189423,374.9517565939594,378.31160870654446,54576400
2022-01-13,367.793701171875,379.29516458019566,366.8587893280662,378.61344007139684,77994000
2022-01-14,370.0823059082031,370.4134198933439,365.06682510069675,365.2713602811778,80121200
2022-01-18,360.86944580078125,366.3913312973548,360.1098243286915,364.26829048052855,75450900
2022-01-19,356.9057922363281,364.90129926723534,356.6428269126242,362.4276479497391,81791500
2022-01-20,352.2701721191406,364.1027509832261,351.73455259619834,360.1293528653298,88610700
2022-01-21,342.5021057128906,352.71804508915903,342.21967363742374,350.07885212551247,143388900
2022-01-24,344.0700988769531,344.7323566054048,325.420394599812,336.8731765490251,198685800
2022-01-25,336.09405517578125,341.85940942247294,332.75367038091014,337.61332782671474,124398400
2022-01-26,335.5682373046875,347.5566405149398,331.87724139745393,343.69035417715276,146559500
2022-01-27,332.1888427734375,342.09313709621506,331.16625596244336,340.271995193972,95255700
2022-01-28,342.6093444824219,342.82359825338784,329.12119433675423,334.06846815680814,108167900
2022-01-31,353.5654296875,354.1497608345529,342.3366482255291,343.97278138134067,94326400
2022-02-01,355.97088623046875,356.6233957534103,349.7575868291186,354.9093657280363,74433000
2022-02-02,358.86322021484375,360.43117455474135,354.7729626939763,360.10006059259797,78777100
2022-02-03,344.3135681152344,352.4746471186195,343.25204770428917,349.1634773534148,95384800
2022-02-04,348.65716552734375,351.9585879066283,342.77494938368886,344.8298123537539,86318300
2022-02-07,345.852294921875,351.6176193023127,344.5959876270935,349.2511097649402,58198100
2022-02-08,349.7380676269531,350.8288031286312,343.5831690442686,344.71286787681044,64720900
2022-02-09,357.1492919921875,357.22718893761805,352.6597114986028,354.2568812229211,55766400
2022-02-10,349.0660705566406,356.91550206060344,347.22546193723235,350.12759092704323,112468500
2022-02-11,337.9931640625,350.6632914067648,336.7660716564922,349.0661216262267,101569100
2022-02-14,338.4118957519531,341.81074053043295,334.9059686837341,337.43802051737816,80254400
2022-02-15,346.8262023925781,347.05992294534923,342.6288023839486,343.6903228548699,55128800
2022-02-16,346.7385559082031,347.7611130431249,341.54778412878585,344.57655164209007,58947100
2022-02-17,336.42523193359375,344.22595282253224,336.00644297006625,343.52476142259576,61801400
2022-02-18,332.58819580078125,337.749723508386,330.2801158688841,337.36017929428124,80001500
2022-02-22,329.2477111816406,335.0520287130775,325.61517574368247,329.6470035760064,85967100
2022-02-23,320.8139953613281,333.24062324194284,320.5023481509499,332.4031047994044,86215400
2022-02-24,331.5947570800781,332.1304062718498,309.9455304218847,310.51036496050875,130614100
2022-02-25,336.73687744140625,336.94141266861925,328.5758267705903,332.393401594117,78842100
2022-02-28,337.7399597167969,339.43452303674104,332.4031418162457,333.5620558611428,77515500
2022-03-01,332.56866455078125,338.98649917012875,330.04633110641726,336.71738281263964,67407000
2022-03-02,338.14898681640625,339.4831912377867,331.35132644345447,334.11712876141945,70609000
2022-03-03,333.3185729980469,340.89532171846434,331.4584675901399,340.78817997983646,71089400
2022-03-04,328.48809814453125,332.3933472673378,326.17030009780126,330.96174951241795,76936300
2022-03-07,316.37310791015625,329.6373141349506,316.168602423875,328.47840017883215,89933800
2022-03-08,314.90264892578125,324.50504709175635,311.58172990374453,315.584343943711,116153900
2022-03-09,326.2384033203125,327.59210394635454,320.4925462962206,323.0830575737236,64723400
2022-03-10,322.6156005859375,323.82322594560713,318.17473241246887,322.17737461373935,69362700
2022-03-11,315.92510986328125,325.8976121503663,315.43817226185195,325.58596495257655,66228400
2022-03-14,309.85797119140625,318.05798600078396,309.15677966459043,314.68838519818155,79802600
2022-03-15,319.5771179199219,320.3562358559971,310.8901684049329,312.497056425142,76471000
2022-03-16,331.42926025390625,331.54612053854316,319.8206532148058,323.4921822389416,105243000
2022-03-17,335.4416198730469,335.5000500150178,328.2349484002418,329.53018950768575,67810000
2022-03-18,342.30743408203125,342.59961451650804,332.62711081530585,333.78602484866855,85446300
2022-03-21,341.3556823730469,343.6958960470586,336.96782636985427,341.47271686238986,73799100
2022-03-22,348.06427001953125,348.9321048086692,341.47275472750243,341.85302014961167,63345900
2022-03-23,343.06207275390625,348.7468006718368,343.00357038743124,345.1877678450262,70615500
2022-03-24,350.6872253417969,350.7359971556149,342.82808943729736,344.98300611896843,53555300
2022-03-25,350.39471435546875,351.6818260333896,346.0946115385893,350.62872383979783,57584200
2022-03-28,355.8161926269531,355.91370650882885,349.146653754064,350.38499375841536,56833900
2022-03-29,361.939697265625,362.56373256036494,356.93753556395194,359.7067572779281,68073000
2022-03-30,357.94183349609375,361.7349060109512,356.45972376857384,360.07725940542946,68757700
2022-03-31,353.5052185058594,358.4391168355058,352.66663492729305,358.0880728528101,67011400
2022-04-01,352.8324279785156,354.5485472014141,349.65366014256847,353.7684957143745,54527800
2022-04-04,360.09674072265625,360.10650103702426,353.4077116185241,353.67097229295626,45950200
2022-04-05,352.1011047363281,359.3556963579886,350.96024898030936,358.64387783012603,62738700
2022-04-06,344.45648193359375,347.88874994745345,341.82375623495386,346.78690570881565,90077100
2022-04-07,345.27557373046875,347.46950207698916,340.00039133532164,343.4619108236752,63777400
2022-04-08,340.44891357421875,344.29072819287865,339.8151180142693,343.5399278842686,61956100
2022-04-11,332.3948059082031,337.13367715180743,332.0535221925016,336.2171002042934,66107400
2022-04-12,330.9907531738281,339.025398852843,329.615887487228,337.14350253113304,72790200
2022-04-13,337.7187194824219,338.77179202700484,330.6103830960466,331.33193225146346,61367800
2022-04-14,329.99603271484375,338.323217066601,329.78151410953205,337.8064263024939,73519400
2022-04-18,330.2496032714844,332.54104552775783,327.4218793147686,328.9430006089207,58560600
2022-04-19,337.6308898925781,338.20618297574475,328.58215727059024,329.6059783960975,56515700
2022-04-20,332.706787109375,338.89854638294173,331.4879380302106,338.44025793889364,65500000
2022-04-21,325.82269287109375,339.2007800342766,324.8963855304097,336.58757504715226,75801000
2022-04-22,317.2907409667969,327.1975484365031,316.86170377171504,325.9786995316237,82562100
2022-04-25,321.3665466308594,321.67857907479,314.3947372353848,315.6623578799585,101755900
2022-04-26,309.2366638183594,319.49448735286336,308.963613047289,319.3092199050992,105819600
2022-04-27,308.8661804199219,314.83366197617295,307.15003104168255,309.3341995179408,111204200
2022-04-28,319.8358154296875,321.6689695310997,309.6072119078846,313.8293225311068,99450000
2022-04-29,305.443603515625,319.075223412998,304.8098078954962,315.63319453014344,91977900
2022-05-02,310.5432434082031,310.7772529007873,301.9332771565138,305.03402196148,115511800
2022-05-03,310.87481689453125,313.1662594023677,308.1055950099553,310.56278434940856,78185500
2022-05-04,321.3861083984375,322.058915423081,306.0676225876862,311.3525351569356,116083400
2022-05-05,305.1997985839844,317.144519135594,301.90402602983977,317.06652589040266,154607400
2022-05-06,301.5432434082031,307.2377023806188,297.50640122599674,303.20088995546826,139572800
2022-05-09,289.7448425292969,301.64082330799135,288.3504861060333,295.91711189687913,113387300
2022-05-10,293.2648620605469,298.1402585982894,289.1792773813539,296.92140946385376,124124600
2022-05-11,284.567138671875,296.511860068782,283.69933357058653,291.0026679881509,140326100
2022-05-12,283.89434814453125,288.3797191271689,277.83911368435355,280.2865723866947,120910900
2022-05-13,294.4154357910156,295.4490174318297,286.7512972908962,288.3504415696245,83684900
2022-05-16,291.0026550292969,294.72746492235825,289.72530358674845,292.6700322221477,59190400
2022-05-17,298.5400085449219,298.9202739551614,293.0600385039576,296.86287114868503,62715300
2022-05-18,283.88458251953125,294.71769852776856,282.6267219754765,294.025400603484,79477100
2022-05-19,282.3634033203125,287.05356134445896,280.41324504685844,282.0806517957403,79920700
2022-05-20,281.48583984375,286.4782402945012,273.22691831272135,285.82495393267806,91764200
2022-05-23,286.1662292480469,286.5464946290503,280.13048714847355,282.52917343826965,63648400
2022-05-24,280.0816955566406,281.6613188495015,275.2160606409924,280.9495301906734,73491100
2022-05-25,284.0015869140625,286.07851044139545,278.38512100995723,278.58987931690285,67144500
2022-05-26,291.8704528808594,293.4208550430776,282.9192326893722,283.2020139981043,59462200
2022-05-27,301.39697265625,301.5432285780379,294.8834510448265,295.0004557822568,66985600
2022-05-31,300.597412109375,303.57139174205287,296.7458373982823,301.3677330030046,60968300
2022-06-01,298.374267578125,304.85853901035546,296.1608482664755,302.7328732653819,65341700
2022-06-02,306.54541015625,306.7209172742776,295.8390296007222,297.25290637352026,59291300
2022-06-03,298.56927490234375,302.7328525405804,297.321174666632,301.32873605577254,60914700
2022-06-06,299.5638732910156,304.56603502069134,298.0037404098427,303.00590213951847,51785000
2022-06-07,302.1478271484375,302.92790846647307,295.14676470252834,296.2388487907185,44900300
2022-06-08,299.973388671875,303.95169883811553,299.1250447456459,301.3482242002919,38342100
2022-06-09,291.9387512207031,301.34826098976845,291.77300439528057,298.28652730672485,55900500
2022-06-10,281.6418762207031,287.5216026829034,281.1933481148443,286.33200485314705,85963500
2022-06-13,268.5466003417969,275.3038929191494,267.68852577507414,272.7784410394437,94442000
2022-06-14,269.0341491699219,271.715617403757,266.5281880787887,270.7405380459988,64697500
2022-06-15,275.75244140625,279.6820101835615,269.71669756181245,272.4566980422643,86051400
2022-06-16,264.6268310546875,269.18043550544473,262.569397903917,268.72214696528744,81910300
2022-06-17,267.84454345703125,270.28224178129193,263.7687190005617,265.3970848172145,82703400
2022-06-21,274.60205078125,276.91745540200355,272.2183118950251,272.3257624590559,51633700
2022-06-22,274.2015380859375,278.6075778742547,271.50513702184077,272.10106431583864,67472900
2022-06-23,278.2852478027344,279.1351926915743,273.8498699692125,276.683029536765,57457800
2022-06-24,287.8202819824219,288.2403946837072,280.8741562890391,281.1086156093789,58422300
2022-06-27,285.7100830078125,289.7448762013786,284.57681329074364,289.1782562499726,54151500
2022-06-28,277.00543212890625,288.8363259156391,276.81980855974086,286.24740483814566,61609800
2022-06-29,277.2594299316406,278.76394687885903,274.36765551748465,276.868654440148,57302700
2022-06-30,273.82049560546875,277.3961485990517,269.4242053400514,274.27966489242687,79313600
2022-07-01,275.6279602050781,276.01873573364435,270.64549022663914,272.5212545037234,56675100
2022-07-05,280.3465881347656,280.46381779289936,270.3719005317924,271.89594571604516,61829300
2022-07-06,282.1441650390625,284.24463896136103,279.0081525835329,280.72760032166383,63194700
2022-07-07,288.1817932128906,288.8852010207753,282.9550853168003,282.9550853168003,56620100
2022-07-08,288.54327392578125,289.9110031081742,284.41074914665745,285.3486163268326,59895500
2022-07-11,282.378662109375,286.3548403943848,281.49940987825573,286.1301601592719,55273900
2022-07-12,279.6431884765625,285.5439965591251,278.050749340826,283.62917585417716,55797100
2022-07-13,279.0667724609375,281.41145499175724,273.56651926592025,274.13316901454067,73939400
2022-07-14,280.0633239746094,280.93279724456465,273.35162716315244,276.46811178093606,63741800
2022-07-15,285.1434326171875,285.2509130128908,281.44077025302914,283.05276748878146,63818100
2022-07-18,282.7303771972656,289.33459333825147,281.55805071888204,287.92777771278395,59519600
2022-07-19,291.4253234863281,291.7184275318557,284.75274176429593,286.35493058563725,55172600
2022-07-20,296.0462646484375,297.2283702220619,291.0637950490178,291.84537586095666,67769400
2022-07-21,300.2960205078125,300.3546353422184,293.8481203948282,296.50543554018043,55049400
2022-07-22,295.03021240234375,301.43902572615195,293.20331391412896,299.36788883439493,57127700
2022-07-25,293.3498840332031,295.5285015713093,291.3471408242923,295.0595530505578,40582400
2022-07-26,287.5858459472656,291.9039942701177,286.7749875225989,291.64997677634415,50074100
2022-07-27,299.7391357421875,301.42927622650285,291.58156710744385,292.1482168992006,69304400
2022-07-28,302.66998291015625,303.24638193831424,295.7726930962561,299.5241912245391,55139900
2022-07-29,308.18975830078125,309.0983477604255,302.7872063659575,304.21358001413796,57501000
2022-08-01,308.0041198730469,311.46254361846223,305.3272768178621,306.4214599699302,46358800
2022-08-02,307.0857849121094,311.2085299334208,304.65318020301095,305.70830669402716,48676500
2022-08-03,315.4485168457031,316.26915417396464,308.7075141238164,308.76612894624554,53735700
2022-08-04,316.9237060546875,317.236338326772,313.37736011725616,315.5266697200189,38973700
2022-08-05,314.3348693847656,316.3669200685735,311.0523190922462,311.8338701673425,53894000
2022-08-08,313.3187255859375,318.9459868724976,311.8532954437502,315.2531041067557,43878500
2022-08-09,309.77239990234375,311.6774711360757,308.1506833433338,311.4234536877769,39764200
2022-08-10,318.41845703125,318.71156097894493,314.63765163860506,317.1093428781285,51459600
2022-08-11,316.6111755371094,322.7464442308503,315.9077676059808,320.7437008592727,45897700
2022-08-12,322.7757263183594,322.9710991571308,317.6076332325729,318.6627300418637,40928400
2022-08-15,325.3841857910156,325.8824417015116,321.80853179378624,321.82808994824325,38266600
2022-08-16,324.6221008300781,326.7127955861123,321.57401074568605,324.40716987211437,41186900
2022-08-17,320.9195251464844,323.7917715329037,318.8386089058885,321.4861750127914,47842200
2022-08-18,321.69134521484375,322.8734509617022,319.25873979988563,320.8707076027406,41937200
2022-08-19,315.4192810058594,319.30756775757953,314.65725825508906,318.65302542531253,51770600
2022-08-22,307.1151428222656,311.3942046870982,306.3042843906594,311.15974534576816,51098900
2022-08-23,306.86114501953125,309.6943046194441,306.1088716338093,306.88067335924467,39497100
2022-08-24,307.75018310546875,309.5673026088862,305.77671762390725,306.3824241250464,38057100
2022-08-25,313.1918029785156,313.21136113357704,308.48290881912897,309.5282266157888,38098300
2022-08-26,300.3547058105469,314.1004541746472,300.26678353831,312.8987901588764,69047700
2022-08-29,297.39434814453125,300.1395844448248,296.29038618046525,297.59949998299777,48321900
2022-08-30,294.08251953125,299.66094524908925,291.5619927249913,299.0454597995629,51184500
2022-08-31,292.37286376953125,297.8828958308832,292.2654131951686,296.98408549089675,50044000
2022-09-01,292.49993896484375,292.8711861501975,286.19860533441727,289.8817101402858,57990700
2022-09-02,288.367431640625,296.7496811199104,286.7554342127629,295.37217284959314,64666800
2022-09-06,286.29620361328125,289.7644063343311,284.16645219550657,288.84606768368445,57005400
2022-09-07,292.0797424316406,293.07622410933396,286.51109644545727,286.7748929294423,49260400
2022-09-08,293.5940856933594,294.91297901870183,288.64095359084064,290.0086826705722,55649800
2022-09-09,300.0127258300781,300.51098178699556,293.59413248751395,295.85089328232664,56125200
2022-09-12,303.5785217285156,303.91068234154807,301.0775231480615,301.39015542418196,45905700
2022-09-13,286.9312438964844,296.03642750924746,286.04221266779194,294.84454309228386,79562200
2022-09-14,289.2075500488281,290.08680225615325,286.30599689467647,288.0742803851126,54907200
2022-09-15,284.3912658691406,289.6961180104919,282.7890472771313,287.2928199367427,65299400
2022-09-16,282.6521911621094,283.04296659564545,279.0374513198282,281.0890596137106,79920400
2022-09-19,284.853271484375,285.0098685244469,279.9499592056261,280.0086793621741,52613800
2022-09-20,282.58270263671875,284.8728784555132,280.2827301687522,282.3477921314196,51271100
2022-09-21,277.5227966308594,287.6916002247942,277.38579286511487,283.42441230062724,82931000
2022-09-22,274.1070556640625,277.0040261404584,272.8836693298613,275.9959569957898,62757100
2022-09-23,269.6441955566406,271.93437162201394,266.22847995728023,271.6407409257336,74815200
2022-09-26,268.5284423828125,273.53942878181266,267.7356903085554,269.1743940484729,71176700
2022-09-27,268.63616943359375,274.2441552338092,266.3166030444239,271.895258624913,69780100
2022-09-28,273.9799499511719,275.26205705415657,267.13877985089624,268.61661094041256,79652100
2022-09-29,266.0816955566406,270.3684471169324,263.11620753953764,269.98673614914634,81216000
2022-09-30,261.56982421875,269.3309808245553,261.41322716628036,265.25954706384584,78482400
2022-10-03,267.7063903808594,269.30169153769157,261.83413377480724,263.34135466668965,61267400
2022-10-04,276.123291015625,276.8279629865428,273.05012912728216,273.05012912728216,66696900
2022-10-05,275.9764709472656,277.7674959008721,269.55614005462246,272.3552344355478,55766300
2022-10-06,273.80364990234375,278.1295271223247,273.48065919396817,274.97808282670456,53489400
2022-10-07,263.3706970214844,269.29187675342655,262.0396367491258,269.16463975667466,71354700
2022-10-10,260.7379455566406,263.9579074840265,258.02693157551664,263.5663998737213,60393000
2022-10-11,257.1558532714844,261.93195915010915,255.47247218095,259.06434824004356,66522500
2022-10-12,257.06781005859375,259.71030747132846,256.37293475983284,257.7920454441237,50580200
2022-10-13,263.0965881347656,264.4178513968698,248.8465710561196,249.72741820882763,112894100
2022-10-14,255.18862915039062,266.02294724334166,254.601427520286,265.4259489634571,77244300
2022-10-17,263.6153564453125,264.4863921927444,261.0609096360297,261.15878653978905,64576500
2022-10-18,265.699951171875,271.3079350717996,263.018267988797,270.6424200672293,69781000
2022-10-19,264.7310791015625,267.85316427712985,262.3626192311699,264.1830042620747,53115400
2022-10-20,263.3804626464844,268.9884780554146,262.21582598157306,263.8404572423426,60605500
2022-10-21,269.55615234375,270.0944305591332,261.13924564715404,262.27455211951724,77897700
2022-10-24,272.5215759277344,273.4513317035027,266.17952985624714,269.82032910449914,63963600
2022-10-25,278.158935546875,278.5406464744242,271.98328283594896,273.461143297227,59014500
2022-10-26,272.0126953125,277.9339050801036,271.52334061440916,272.5314100977627,63492400
2022-10-27,267.0604248046875,272.3552461557025,266.54171002593654,270.89697873140716,57760300
2022-10-28,275.2325744628906,275.7023655835936,266.26759551733807,266.43398920628437,62651300
2022-10-31,272.0322570800781,273.8037184923803,270.1139653810978,272.9816062790332,47742000
2022-11-01,269.2526550292969,276.06449209440797,268.89053742922755,275.5066207207611,45895900
2022-11-02,260.0234375,272.28666184613866,259.9549206918271,269.2232974549257,79803100
2022-11-03,254.94398498535156,258.8686189743919,254.5623038761739,257.4103516237001,70038900
2022-11-04,259.04473876953125,260.9336403199302,253.5639613842532,259.87664754666133,78313200
2022-11-07,261.8928527832031,262.43116089039495,257.9584516271216,260.09203101618783,47333800
2022-11-08,263.80126953125,267.04079438997553,259.86683967941065,263.4097918494507,63213800
2022-11-09,257.7137451171875,262.84217239242884,257.4299110516059,262.0592168841519,64862100
2022-11-10,276.73004150390625,277.02364233290325,268.0195351189067,270.13355069119353,99256700
2022-11-11,281.8291015625,282.49464653858405,275.2032508265349,276.54407769304146,66961800
2022-11-14,279.3627624511719,283.0524854621789,278.3840532301036,279.77380359803294,55290700
2022-11-15,283.2286682128906,287.01626801782163,279.8814696249084,285.9886054426059,73985400
2022-11-16,279.3627624511719,283.3167560672818,278.5406502896147,281.27125737938917,48859800
2022-11-17,278.74609375,280.2239538226813,274.7431777273478,274.8997747435376,55462100
2022-11-18,278.7559814453125,281.8584731051754,276.30920827035084,281.7606260724462,53588600
2022-11-21,275.888427734375,278.5211287388434,275.05651870859407,277.36625872876033,40083500
2022-11-22,279.8619384765625,280.0185056820932,274.48880406730166,276.62241305758806,41873400
2022-11-23,282.6707763671875,283.2971346752864,279.70528891612594,279.8814493901695,46390000
2022-11-25,280.81134033203125,281.7802531705234,280.3219855864747,281.0755811422082,15498800
2022-11-28,276.69085693359375,280.85037084364467,275.76110115675283,278.83423237314076,38714200
2022-11-29,274.59649658203125,277.31730745051124,273.2263094302499,276.91603302251815,35618900
2022-11-30,287.1141662597656,287.2218398216722,274.0092633352717,274.8607357077632,74718100
2022-12-01,287.4664611816406,289.4532396198207,284.6869306980874,287.437101100991,51547300
2022-12-02,286.3213195800781,287.20218161611086,282.22052628619434,282.39671661409875,53583200
2022-12-05,281.51593017578125,285.4698938607277,280.05763314961825,284.19758384085077,41482100
2022-12-06,275.6827697753906,281.49630416938044,274.29301959119425,281.3593004278178,53937600
2022-12-07,274.55731201171875,276.55388729782686,272.8445707786554,274.49859184458353,45614300
2022-12-08,277.8065185546875,278.77543077769644,273.8329629343218,275.9078209586123,42594900
2022-12-09,276.03509521484375,279.55845359468753,275.59466421692764,276.7886903937683,47860500
2022-12-12,279.49981689453125,279.55856693685723,275.1739380789546,276.2113676519847,35732500
2022-12-13,282.50439453125,290.55918171240603,279.822740976595,290.334067852014,80667700
2022-12-14,280.4100341796875,285.20570417082473,277.16071186797296,281.9172251208929,64984400
2022-12-15,270.99481201171875,276.9845076979305,269.8007855608975,276.31896272447955,60554100
2022-12-16,268.4110412597656,271.8560874452993,266.80594357710976,270.31953645378024,68300400
2022-12-19,264.6388244628906,268.76904574063184,263.4026891406042,268.68075463751654,44167900
2022-12-20,264.4328308105469,266.17910261112206,261.89190908573653,263.47138883115707,51064200
2022-12-21,268.2688293457031,269.5736160520832,264.6291028618082,265.4728236156343,46394700
2022-12-22,261.7055358886719,265.3844822211629,257.48699279714367,265.25694062467517,60278400
2022-12-23,262.294189453125,262.96132792591095,258.5367714450869,260.4400157441043,39373600
2022-12-27,258.58575439453125,261.793814605663,258.0461876003975,261.685883283232,38009000
2022-12-28,255.1716766357422,260.43992202376086,254.80869212138504,258.1835139976111,47139000
2022-12-29,261.3916015625,262.3334034752378,257.2809896473435,257.97752846222875,45893600
2022-12-30,261.2345886230469,261.3621302042253,257.3201997757236,258.6249860783853,37858300
2023-01-03,259.46875,265.03130035204026,257.16327086795667,263.55972174937557,42335300
2023-01-04,260.7048645019531,262.38248572216736,257.55569456855136,261.5878356449477,47754900
2023-01-05,256.6236267089844,259.2037988396348,256.3097127522674,259.0370367281505,45396700
2023-01-06,263.70684814453125,264.825262145389,255.40715401036852,258.36013103501256,54659700
2023-01-09,265.4139404296875,270.07393960622954,264.8056926958867,265.6984240862427,45568700
2023-01-10,267.6604919433594,267.76842326727916,263.8736443498317,264.38378077930986,35247800
2023-01-11,272.29107666015625,272.3990079906392,267.94502179315026,268.7298816623899,44077000
2023-01-12,273.7626953125,274.7928184280619,268.5533087963396,272.8503236490701,60600000
2023-01-13,275.6463317871094,275.89159492070866,270.9274714918074,271.26102576078074,44802900
2023-01-17,276.2055358886719,277.4907122994927,274.2826513860073,275.45010628428685,36269700
2023-01-18,272.6147766113281,279.2957393669702,272.4087640425557,277.74566020178713,47754500
2023-01-19,269.9365539550781,272.12431152107627,268.7004483260857,270.98628717773255,44150400
2023-01-20,277.3238830566406,277.65743727728545,270.48594668506337,271.5455000347287,60613600
2023-01-23,283.4848937988281,284.7112093017604,277.3729564933935,278.1676065441461,52799900
2023-01-24,282.9060363769531,284.06367086220337,281.34616687102994,281.86612337300437,44875100
2023-01-25,282.27825927734375,282.89629723104247,275.8523471502151,278.39326964657994,50872000
2023-01-26,287.78192138671875,287.9585036418443,283.0532414038365,285.70209498809857,51596300
2023-01-27,290.6466064453125,292.608711331998,286.3495919531761,286.46731345608214,56441900
2023-01-30,284.7700500488281,288.80219070771494,284.3972753111684,287.3796528484936,49405800
2023-01-31,289.03759765625,289.13570886523166,284.701363649033,284.80926502137663,46705100
2023-02-01,295.21832275390625,297.680744097422,286.7616253046277,288.8316615869483,67562200
2023-02-02,305.81365966796875,307.7365140162562,300.91821770304585,301.7422981380262,83070600
2023-02-03,300.37860107421875,306.4709577187037,298.769690790087,299.1621057418746,76170800
2023-02-06,297.837646484375,300.1136948707084,296.49360970345265,297.7591754783428,40802300
2023-02-07,304.0084533691406,305.13665738471235,296.59170130689733,297.7100852201123,67584000
2023-02-08,298.6028747558594,303.6356776933816,297.9161561301726,302.6938758967984,56720900
2023-02-09,295.9638977050781,303.1353887624289,294.51195923155336,302.98823688191555,49137800
2023-02-10,294.0214538574219,295.8560172897448,291.61786319429524,293.80562110424586,50050100
2023-02-13,298.7304382324219,299.31907562567426,294.2470218426378,295.4242966291426,39636700
2023-02-14,300.9377746582031,301.8893965286975,295.2084331685964,297.1509273822048,64079100
2023-02-15,303.2432556152344,303.41001773123855,298.43610559153916,299.12282420101644,43100600
2023-02-16,297.5531921386719,302.5859959303086,297.4060402610044,298.61274553656614,59498600
2023-02-17,295.4537353515625,296.2091348983239,292.4517174944119,295.3654442309807,58230700
2023-02-21,288.4588317871094,293.06978997591324,288.3215000215614,291.627641771274,46526700
2023-02-22,288.6746520996094,290.7446581736878,287.016671243805,289.0376366764408,51389200
2023-02-23,291.1959533691406,292.48112949801686,287.00684085103126,292.3241575359496,69294400
2023-02-24,286.32012939453125,287.4189032172758,284.5542172313994,286.23183827727587,74332000
2023-02-27,288.37054443359375,290.8722160742341,287.7819070065774,289.47913843428347,48995000
2023-02-28,287.9977111816406,290.5092026778838,287.4090738129779,287.7426280027074,48243100
2023-03-01,285.6824645996094,288.36071843177893,284.70141222109334,287.70343010420504,58287000
2023-03-02,288.0467529296875,288.8512230053116,282.90604843154955,283.190561983044,53565900
2023-03-03,294.00177001953125,294.2372429494575,289.28291046741515,289.79307686613646,60511500
2023-03-06,294.3353271484375,298.23992643719316,294.13913463412405,295.23790852017675,56736300
2023-03-07,290.7250671386719,295.3065950596229,290.11681943570414,294.3844034004965,65955800
2023-03-08,292.1770324707031,292.7754600628296,289.29273602432113,291.14690948879917,50876300
2023-03-09,287.11480712890625,295.27717051410644,286.3005168477535,292.67735762881415,71456700
2023-03-10,283.0826416015625,288.7727631546609,281.9348271262649,287.2815444320978,98593600
2023-03-13,285.1820983886719,288.89047492289336,279.786310683679,281.2971396240923,97123600
2023-03-14,291.7355041503906,292.2848910178012,287.8897960785165,288.73348664656174,73602500
2023-03-15,293.2659606933594,293.59951488700585,287.68377063812324,289.1259187355792,83631500
2023-03-16,300.9967041015625,301.35968872296763,291.5589841876488,292.3536342883857,98198100
2023-03-17,299.5741271972656,303.2923239367892,297.62184262760394,300.90837394378406,89923700
2023-03-20,300.63726806640625,300.96150332211346,296.7462950694743,298.95707995181795,56359500
2023-03-21,304.9311218261719,305.383096151372,301.05978916317935,302.5729571040387,49757000
2023-03-22,300.78466796875,309.75554713715763,300.61764766949733,304.8623321401105,75791900
2023-03-23,304.3514099121094,308.6747169209865,301.6591745901483,304.51846019922783,74576000
2023-03-24,305.4715881347656,305.5698212705116,301.6002550384221,303.92894408666183,57195200
2023-03-27,303.3786926269531,307.2500255451253,302.5238604825814,306.16919123041095,50287400
2023-03-28,301.7672119140625,302.8284054254043,299.45816398128835,302.7989294937386,48585900
2023-03-29,307.26971435546875,307.88873910485705,304.6462356522751,305.46178666631613,53274300
2023-03-30,310.1780700683594,310.8069300312133,307.3580955143523,309.74573634032066,58354800
2023-03-31,315.33660888671875,315.5724463955545,310.09951690570233,310.404111618322,62138100
2023-04-03,314.5701904296875,314.8355038670899,311.88779001645594,313.2142372606845,47126800
2023-04-04,313.50897216796875,316.0243518179642,312.290563597787,315.01230477117457,45875400
2023-04-05,310.4139404296875,313.499198740395,308.5961775150166,312.5559386818872,62795700
2023-04-06,312.5067443847656,312.99802996310086,307.36791642622194,308.76315067670646,46916500
2023-04-10,312.32989501953125,312.3790415697629,307.7904209826378,309.57870772010875,45134700
2023-04-11,310.32550048828125,312.34962508359314,309.81457417419864,312.2906432149506,40113600
2023-04-12,307.5841064453125,312.87034446403476,307.12229676746927,312.28079572849316,62813300
2023-04-13,313.6072692871094,314.0788842815735,308.1638163356823,309.3428838075366,54613800
2023-04-14,313.0176696777344,314.7764502848593,310.10923775139554,312.05473924440327,56278300
2023-04-17,313.2829284667969,313.6366696130594,310.5317417100296,312.60495209000663,43007000
2023-04-18,313.30255126953125,315.8179604285136,312.10384352531014,315.3954321409455,46746900
2023-04-19,313.1552429199219,314.2164365542462,310.76760222122994,310.89534126848116,38960100
2023-04-20,310.767578125,313.70545604121475,309.4804124167507,310.18786478954866,62462100
2023-04-21,311.09185791015625,311.86809756580624,308.6256245513953,310.40407605124466,59002300
2023-04-24,310.443359375,312.2021401015281,308.2718555959959,310.86585776277883,44043100
2023-04-25,304.5872802734375,309.4804963444167,304.48904712793683,308.81235502938426,57121600
2023-04-26,306.4344482421875,309.4509487559447,305.91368675167655,307.9770920863072,55400500
2023-04-27,314.76666259765625,315.2677534758937,309.5590176982264,310.1977129113469,65430400
2023-04-28,316.93817138671875,317.02659919853187,313.4009089857231,314.53085989537186,59712600
2023-05-01,316.5745544433594,317.9894590891621,315.4937203409146,316.4762913457394,41013400
2023-05-02,313.81353759765625,316.8300378297772,312.07436769901994,316.5057726007453,56519400
2023-05-03,311.7600402832031,316.8497521612235,311.65194185315056,314.17715716201246,59882100
2023-05-04,310.6595458984375,312.68364014813113,309.62782815897486,311.5340186637454,50224500
2023-05-05,317.26239013671875,318.1172221778604,310.6987925389379,312.9194127732155,51806100
2023-05-08,318.0484619140625,318.3923678179955,315.71977305719315,316.8006073328287,36465800
2023-05-09,316.0341796875,317.25255824331975,315.7197497422272,316.3878908866645,31768800
2023-05-10,319.4731750488281,320.32800708992704,315.9948650328523,318.47093335731375,60446600
2023-05-11,320.51470947265625,321.0551115912344,318.4709447629655,320.0234239155159,44278500
2023-05-12,319.3651123046875,321.4678290419078,317.3115421183243,321.0453006415859,48432800
2023-05-15,321.0944519042969,321.33025939765366,318.3137586071263,319.8367619635715,33375600
2023-05-16,321.45794677734375,323.16761080073854,320.3378013925757,320.37711263038034,40019200
2023-05-17,325.3489685058594,325.9286819112278,321.3400912336349,322.51915867337476,47486100
2023-05-18,331.3917236328125,331.607890460888,325.7222995308489,325.7419401567872,64213500
2023-05-19,330.6449890136719,332.3153417839332,329.58379550250504,331.60788943838475,61554900
2023-05-22,331.75537109375,332.7674182813665,330.3797473558135,330.3895826637314,43015900
2023-05-23,327.5498962402344,331.1854214014878,327.1961850279305,330.0358299758091,48216700
2023-05-24,325.8697204589844,327.10776972072495,323.8161503250398,325.5946017325634,62891200
2023-05-25,333.7991027832031,335.0666280785355,330.8022724961006,333.2292246578266,66862800
2023-05-26,342.3277587890625,343.162950205455,334.72266821385983,334.82093131914536,63007000
2023-05-30,343.8802795410156,347.76141779152016,342.45553930603324,346.56267972749924,72652200
2023-05-31,341.9249267578125,344.48945306585824,340.4707406387247,342.2983085945595,65105400
2023-06-01,345.87481689453125,347.20126371605517,340.61805620562313,341.66941434054206,50488600
2023-06-02,348.4688415527344,349.62826827724246,345.8748693896707,347.6336501039752,53372100
2023-06-05,348.7144775390625,351.26916839727164,347.6827898779061,348.2526679224413,47266200
2023-06-06,348.655517578125,349.6184480290235,346.7788032216218,348.10528017352283,41390400
2023-06-07,342.740478515625,350.8958071324031,342.1116185813994,348.9405001234873,69225900
2023-06-08,346.9949951171875,347.4568047564389,342.809262414588,343.03523458791426,47153900
2023-06-09,348.32147216796875,351.4264005957321,346.87709138014355,348.4492112149935,53196900
2023-06-12,354.20709228515625,354.305355405067,349.00931208022024,349.98204800024035,44606500
2023-06-13,356.92877197265625,357.76393338304973,353.75505666181834,356.9582479049561,57097800
2023-06-14,359.522705078125,359.80765904998975,354.1382354559209,356.93853867853517,69525600
2023-06-15,363.80682373046875,365.2904858588163,357.6362777663679,358.25527243714697,71138800
2023-06-16,361.5174560546875,366.3517201091453,361.07531695518327,366.2239810407229,80932000
2023-06-20,360.9998474121094,362.39702549677264,358.03827186745264,360.0651424498802,49204700
2023-06-21,356.0802307128906,360.291402247806,355.15534457900924,359.8584755456989,53378300
2023-06-22,360.2815856933594,360.438986288893,354.4272564085089,354.8306667482636,47603000
2023-06-23,356.7099304199219,359.01229681038444,355.0175888816136,356.38522040066624,48922900
2023-06-26,351.9281005859375,358.97296342588555,351.83955148925304,356.1786373877198,52685500
2023-06-27,357.97918701171875,358.7073073891835,352.74476147658174,353.47285182722567,49428100
2023-06-28,358.6778259277344,360.62596625050804,356.0802654616045,356.15899579339106,46498000
2023-06-29,357.95953369140625,359.02218292164616,356.3164059384481,358.38261161325084,46151000
2023-06-30,363.4793395996094,364.53211002061613,361.3245547688206,361.63938600193586,58712500
2023-07-03,364.3353576660156,364.96505018225037,363.0365774410757,364.1188942951923,19432900
2023-07-05,364.3255310058594,366.0277217083489,362.73158700877076,362.77095217680977,34460900
2023-07-06,361.5508117675781,361.9935872602602,358.6580879500002,360.61610687732315,49374700
2023-07-07,360.35052490234375,364.5223623431032,360.12424272442456,361.32462523858015,47133700
2023-07-10,360.468505859375,361.1474122875821,357.5659631843357,360.0749443133993,48498800
2023-07-11,362.24945068359375,362.7020449901475,358.75652041765636,360.89163773710936,38214100
2023-07-12,366.8246765136719,368.17264069428137,364.3451814994598,366.3523845998162,61975400
2023-07-13,373.0528869628906,373.8793753287955,369.4222234106645,370.002732023854,46960000
2023-07-14,372.9742126464844,376.70324433821355,372.09851025291334,373.48583975813085,55148500
2023-07-17,376.457275390625,377.33297780937045,373.21035434589106,373.6924651000872,40868900
2023-07-18,379.5368957519531,380.9045575398771,373.8892104448696,375.8176832280745,55262000
2023-07-19,379.4483337402344,381.74088168868525,378.12003716399835,380.59953211345845,54093000
2023-07-20,370.7012634277344,377.92322394765165,369.6779794496444,376.4571644907943,71941700
2023-07-21,369.5894775390625,373.8104982140494,369.15655080179084,373.08237777764356,60499600
2023-07-24,370.1798095703125,371.50807603161047,368.32018848158145,370.5635223180503,40380100
2023-07-25,372.6888427734375,374.35166830858134,370.86858659289726,370.8882841903377,38894400
2023-07-26,371.44903564453125,373.14137727763733,369.1466691250998,371.6458314264261,47075700
2023-07-27,370.5635070800781,378.5234068573083,369.2745758075157,376.90979558078055,63940200
2023-07-28,377.313232421875,378.3364864635538,374.1056471836481,374.6172742044875,56902900
2023-07-31,377.510009765625,378.69072449832686,376.19156199597427,377.61825646242045,44019900
2023-08-01,376.63433837890625,377.3919451508952,374.56810260541835,376.1620464793932,41060600
2023-08-02,368.3694152832031,373.16109557263337,367.12966784749693,373.16109557263337,72687100
2023-08-03,367.7790832519531,369.90435184798616,365.7915476989131,365.95882713700206,47666400
2023-08-04,366.0572204589844,372.0197669898347,365.55541217782184,369.70755141474365,61702800
2023-08-07,369.15655517578125,369.2549530766585,365.53574062735606,367.86762374671235,37230400
2023-08-08,366.0178527832031,366.6672428994244,362.8889976997199,366.64757532989904,44726500
2023-08-09,361.9936828613281,366.4606840220455,361.23607595733694,366.30325336144443,51150900
2023-08-10,362.66265869140625,368.3398598555968,361.137596428398,365.0043904450485,72035300
2023-08-11,360.35052490234375,362.08223214291667,358.82546229399486,360.1045451250728,48707200
2023-08-14,364.3943786621094,364.51244412842345,358.83524275979033,359.553484355475,42130800
2023-08-15,360.527587890625,364.21728388168873,359.8585001971934,363.42028192294197,45539900
2023-08-16,356.7099304199219,361.5212777414886,356.6115325344863,359.98636681451353,53190500
2023-08-17,352.8136291503906,358.4514953081847,352.4004000236627,358.1071176846967,62604300
2023-08-18,352.3709411621094,353.63035636998836,349.00592473263663,349.54709823695447,61191400
2023-08-21,358.048095703125,358.72700217281374,353.3744807454022,353.83692384755506,50696500
2023-08-22,357.5364685058594,360.6653235223592,356.84771323850873,360.6554747243955,44530200
2023-08-23,363.1743469238281,364.26651268565723,358.5007314261463,358.71719481869087,51770600
2023-08-24,355.4111328125,366.74586602633184,355.2045182820807,366.64749817258183,66842500
2023-08-25,358.1661376953125,359.8584793596251,352.813616618734,356.24751390715073,69960500
2023-08-28,360.86212158203125,361.7968265629238,358.392475423515,361.0884037220295,40910000
2023-08-29,368.7432861328125,369.0975125611246,360.3406401002619,360.66532013496044,58492400
2023-08-30,370.7996520996094,371.3801906583347,367.8478954803411,368.8515119480578,41731500
2023-08-31,371.9114685058594,373.6136588894132,370.80948422184616,370.8783657463019,35730700
2023-09-01,371.5179443359375,374.7058320533503,370.0322171464116,374.28275412084383,39801200
2023-09-05,371.9902648925781,373.210314848442,369.7862659063022,370.71115217182,32344200
2023-09-06,368.7137756347656,371.5573157971025,366.70660260739953,371.2129381611802,42998700
2023-09-07,366.0768737792969,366.85417813956576,363.2136660969296,364.2566177579788,52060700
2023-09-08,366.5884704589844,368.82198545674055,365.6242492069954,366.0276595371048,35800100
2023-09-11,370.907958984375,371.4195860717581,367.65118938805244,369.6190274535924,39936600
2023-09-12,366.795166015625,370.88827258740463,366.5098211030943,369.23526587586855,41391000
2023-09-13,368.1923522949219,369.7961452073487,365.8998340392701,367.0313349813614,46300700
2023-09-14,371.20306396484375,372.1869828419729,367.8774433826772,369.94364900319135,48039400
2023-09-15,364.8469543457031,370.2683569363539,363.91221940703196,369.8649465958127,69811200
2023-09-18,365.227294921875,366.34073749059183,363.621180779056,363.9069387117155,36903500
2023-09-19,364.448974609375,365.24710039292785,361.4239630211809,363.90704774360796,37621700
2023-09-20,359.197021484375,365.86778417760956,359.1181771883691,365.51307505644786,45514200
2023-09-21,352.6148986816406,356.3001026510691,352.44740717910935,355.5118100588146,69734800
2023-09-22,352.66424560546875,356.4972156395276,352.34892851338105,354.3590373875739,51589700
2023-09-25,354.3392639160156,354.4279712684221,350.7132080525282,351.698551280886,39168000
2023-09-26,349.0184020996094,352.2996117540498,348.03305891189785,351.75765495863584,53657700
2023-09-27,349.8362731933594,351.74784148919474,346.21018720799054,350.171286287333,56066000
2023-09-28,352.7626953125,354.8910400317703,348.0625894477545,348.91983313948447,56453300
2023-09-29,353.0189514160156,357.6303811505316,351.78727222768936,356.24104341766446,64829600
2023-10-02,355.96514892578125,357.3643196460992,352.67410573890834,353.2850138058325,51625100
2023-10-03,349.7179870605469,355.7187229444557,348.1020099392168,353.5213970012672,60478500
2023-10-04,354.47723388671875,355.3246146472607,350.0924443998235,350.5555569297421,54786700
2023-10-05,353.4327697753906,354.87136248860946,349.93481329542783,354.4673681510727,45897400
2023-10-06,359.3546447753906,360.5469015205701,349.64900911351157,350.4372715745606,75049100
2023-10-09,361.1874084472656,361.7293351903447,355.4921258364322,356.98983670606606,45304800
2023-10-10,363.1875915527344,365.83816676549657,361.01985488274585,361.52235939095345,46968800
2023-10-11,365.7790832519531,365.96630085500436,362.7934947273552,364.5178452299844,38215100
2023-10-12,364.5080261230469,368.2621815500544,362.1136492104433,366.2816620389047,49587900
2023-10-13,359.92620849609375,365.7200320574214,358.5270077438873,365.13868310419866,52469900
2023-10-16,363.9956359863281,365.0499604297053,361.0987245658137,361.2465200321077,44201100
2023-10-17,362.8033752441406,364.498166736826,358.32990873374644,360.4483905820312,50999100
2023-10-18,358.044189453125,362.5176564466025,356.7139699865063,360.31049708114347,54280500
2023-10-19,354.69403076171875,360.655345729828,353.8959050901614,359.46308875026443,72274200
2023-10-20,349.4027099609375,354.7629794547473,349.17607019624336,354.19146355083643,72559700
2023-10-23,350.4570617675781,353.99444057612124,345.9737317484537,348.08238082629725,60665200
2023-10-24,353.8663330078125,354.6348995548222,350.5752900977818,352.27008172327623,47082100
2023-10-25,345.2052001953125,351.6493543958834,344.6238512027196,351.4719998022708,71190500
2023-10-26,338.6230163574219,344.93906929286834,337.3322192905976,344.00298131145286,78621400
2023-10-27,340.2488708496094,343.7271312742948,339.03688784248624,341.35245046408454,63476700
2023-10-30,344.0818786621094,345.4022350230032,341.37218469520366,342.73193313591645,55298500
2023-10-31,345.7273864746094,346.1018217264424,341.5396775996275,344.1114391570496,47671900
2023-11-01,351.7281188964844,352.2897717671252,346.46638953800874,346.5649298772897,58992700
2023-11-02,358.1131591796875,358.3496319411529,355.0191668891615,356.2410129874096,58162400
2023-11-03,362.32049560546875,363.6112926349251,359.1772487739663,359.4038885077177,53280500
2023-11-06,363.7986145019531,364.3602674355303,361.53233679599015,363.08916607803803,38848700
2023-11-07,367.2374572753906,368.10453411405916,363.640930200235,364.84305022033044,50777400
2023-11-08,367.4739074707031,368.3114552322413,365.1879039548286,367.611839886679,35663400
2023-11-09,364.64593505859375,369.3065887638403,364.1532634993729,368.16361720829923,53859400
2023-11-10,372.8440246582031,372.9918201228677,365.8382189302241,366.3703126733044,58309800
2023-11-13,371.6813659667969,372.73569059464137,369.74023831574317,371.2675385887695,40733500
2023-11-14,379.6822814941406,380.59867352227815,377.56379963116063,378.08603032361884,67792600
2023-11-15,379.96807861328125,382.0668646539616,378.60830004775363,381.57419300385976,54141400
2023-11-16,380.2932434082031,380.5297161682242,377.9382585819302,379.1994967525258,45343500
2023-11-17,380.3818664550781,381.3967686658416,378.6575159951207,379.56401482613836,46571900
2023-11-20,385.0130310058594,385.6732242470782,380.39176852820106,380.39176852820106,44429600
2023-11-21,382.7762756347656,383.5251460922471,381.03222898910747,383.30836938457026,43337000
2023-11-22,384.3429870605469,387.30887987612056,383.3379477672656,384.8455217423324,44121000
2023-11-24,383.8010559082031,384.5302002849697,382.805849611046,383.9389883255665,15718800
2023-11-27,383.4660339355469,385.4169942650287,382.58906403651775,383.30837541200384,34139700
2023-11-28,384.4710693359375,385.05241822113135,382.362420433784,382.71715962576826,35491100
2023-11-29,384.0966796875,388.36323313049917,383.7518035091755,386.934473278994,38811700
2023-11-30,383.1310729980469,384.82586490197184,380.16520971889946,384.3627522866466,52834400
2023-12-01,384.2247619628906,384.81597394641676,380.4114882710684,382.0668577687091,40490100
2023-12-04,380.65777587890625,380.9336707602358,377.0514163134852,380.4311361273443,51186900
2023-12-05,381.61358642578125,382.8058433095871,378.5787124502714,378.7560970843749,42933000
2023-12-06,379.40643310546875,384.64846678152765,379.0615869999134,384.54992643552964,41994100
2023-12-07,384.7075500488281,385.53523475354353,381.2884078381228,382.3821544599071,49593500
2023-12-08,386.42205810546875,386.8654445057405,382.786139271799,382.9733568864543,46687500
2023-12-11,389.7228698730469,389.98893173986414,385.7913607506285,385.9982743701549,41198000
2023-12-12,392.8268127441406,392.9450491247109,388.629240812153,389.76237955300553,39221200
2023-12-13,397.82244873046875,398.4333566952143,392.99427312781876,393.76283961093213,55408100
2023-12-14,397.4776306152344,400.3449530293757,394.47231564117436,399.04432278440584,55447800
2023-12-15,399.3990173339844,400.58144122653687,397.6549706592437,398.25601558992724,62896600
2023-12-18,401.9146728515625,402.8131297549099,399.4661600981629,399.7919595715153,46610000
2023-12-19,403.96832275390625,404.0867952971535,402.1812915891065,402.36888315936517,35711900
2023-12-20,397.9654846191406,405.26173067173573,397.78777579004617,403.1686352259005,54042400
2023-12-21,402.5959167480469,402.96124723744623,399.3378015199468,401.8949341636447,45568900
2023-12-22,403.1982421875,404.76806372836126,401.3223565171198,403.810370446538,34314000
2023-12-26,405.6664733886719,406.3378378440753,403.95841398590886,404.05715114237404,22722500
2023-12-27,406.4923400878906,406.77881943678676,405.08960720527585,405.9490452519644,31980500
2023-12-28,406.2947082519531,407.8950191252155,405.9391037109151,407.64806147854006,27029200
2023-12-29,404.536376953125,406.630603150487,402.61998317509017,406.27496845803023,42662100
2024-01-02,397.690673828125,401.1480805472682,395.36926614460435,400.90112292447225,58026900
2024-01-03,393.4825744628906,396.12009559564825,393.04795670596747,395.06310955186376,47002800
2024-01-04,391.4575500488281,394.72726726631595,391.2402260881703,391.61560657896115,39432800
2024-01-05,391.9218444824219,394.69764643870457,390.52899952720855,391.62550732012187,44922800
2024-01-08,400.02203369140625,400.30848287458235,392.99854209536767,393.14671066359654,42473800
2024-01-09,400.8122863769531,401.74084959997214,396.82144210862884,397.01902029717724,39132900
2024-01-10,403.52886962890625,404.5364461618828,400.23940642845145,401.1284480923958,33962800
2024-01-11,404.3684997558594,406.1959925651025,399.32066924425925,404.8031476719886,54536200
2024-01-12,404.575927734375,406.24536398225337,403.18308286889186,405.40570188156073,39595000
2024-01-16,404.536376953125,406.11691194429363,401.87911022418587,403.3411103666014,43903000
2024-01-17,402.2545166015625,402.62989707760573,398.0167447545256,401.22719441535935,54386000
2024-01-18,407.9642028808594,408.5470193930794,404.1808244553629,405.5242597758291,59562500
2024-01-19,416.0545349121094,416.2125914446626,409.58425576240296,410.16707226895505,70325100
2024-01-22,416.59783935546875,419.5613313657799,415.9952469706817,418.2573876461551,44880600
2024-01-23,418.3265075683594,418.54383150320854,415.4519169444807,417.2892673649532,33003800
2024-01-24,420.64794921875,424.6190480726647,420.1540338505478,422.23837238038595,46948000
2024-01-25,421.1616516113281,423.8189187740876,418.82049752764993,423.1471709444893,44367200
2024-01-26,418.6524963378906,421.02328381753233,418.0005245054045,419.27483445736374,37137000
2024-01-29,422.939697265625,423.1372754590085,418.45493756237755,419.10690942510337,38694700
2024-01-30,420.1243896484375,422.47543156579263,419.21560227550077,421.9025030173065,36739000
2024-01-31,411.895751953125,417.7239468242111,411.7179496692199,415.72853974147705,64010600
2024-02-01,416.74603271484375,417.23994807927374,412.72555441329524,413.6936393802105,51008600
2024-02-02,423.78924560546875,425.0042580366374,417.6449376290023,418.64262610680913,59602400
2024-02-05,423.236083984375,424.3819410907607,419.8280559423624,423.84853420729877,39889200
2024-02-06,422.3865051269531,424.9845045666784,420.0453513036871,424.3819121925699,35846100
2024-02-07,426.73297119140625,427.56274535553325,423.8682682124962,425.1722119616388,37712700
2024-02-08,427.5232238769531,428.28384260422365,426.16990074649345,426.85147614203305,29889900
2024-02-09,431.73138427734375,432.52166690474706,427.86899286829663,428.65924534950017,36943900
2024-02-12,430.04217529296875,433.7959497087528,429.3605697585453,431.62271030244636,33203300
2024-02-13,423.3348388671875,426.0217396052204,420.15402277397357,422.08030471765994,64491700
2024-02-14,427.947998046875,428.3727579939155,423.66081661689094,426.0118584018304,45092700
2024-02-15,429.2222900390625,429.68657163381835,426.0809657732135,428.63947359393467,38796100
2024-02-16,425.33026123046875,429.6964559347723,424.6190219381849,429.59769698417165,53716500
2024-02-20,422.1198425292969,424.84623489473955,418.3463218363223,423.33485505593694,53999500
2024-02-21,420.43060302734375,420.51953431757676,416.49905619784107,419.3835049137998,49779000
2024-02-22,432.73895263671875,433.7761626949603,428.43199559983816,429.20250225212544,53887800
2024-02-23,431.46466064453125,435.228292926846,430.486717969249,434.29972972450184,39853900
2024-02-26,431.2374572753906,433.26252819127274,431.0497670405967,432.27469754338847,33043200
2024-02-27,432.2747497558594,432.6599880790419,429.73601744906733,432.34390514465196,33713200
2024-02-28,429.9730529785156,431.3560400595294,429.0148560047162,430.1311095062372,32938800
2024-02-29,433.6576843261719,434.73441618907316,429.7261072238398,432.89706552748044,42495200
2024-03-01,440.1871643066406,441.14536116207785,434.48739279006463,434.5466602123641,43853000
2024-03-04,438.6165771484375,440.6120144586767,438.369619473107,440.1872243459957,34325700
2024-03-05,430.74359130859375,435.5839861548268,428.37280351125247,435.57409820043125,57917100
2024-03-06,433.4501953125,436.61123512944897,431.57332321084317,434.9615749173212,46234500
2024-03-07,440.0291748046875,441.2837088767111,435.4950055955854,437.0360491430509,44526700
2024-03-08,433.67742919921875,443.1803859905229,433.00571154880004,440.38480818808466,72096000
2024-03-11,432.06732177734375,433.32185602240395,430.1410396869711,432.1858566482215,45860000
2024-03-12,438.2609558105469,438.6165603792511,431.14856297446795,434.3787885378619,55300900
2024-03-13,434.8924560546875,437.28301956013377,433.7762025649882,437.26324365300286,37928700
2024-03-14,433.7959899902344,436.6508050498592,431.079455553198,436.12725598238745,52195200
2024-03-15,428.6394958496094,433.52923955852765,427.4738327526326,430.76332575224257,73069800
2024-03-18,432.72760009765625,436.24892486952547,432.4901867270838,433.96402116042105,47323800
2024-03-19,433.80572509765625,434.21127480001553,428.6226278409683,430.71962317205856,43004100
2024-03-20,438.9492492675781,439.28555217441175,433.3012863034724,435.00260289372903,43653500
2024-03-21,441.0264587402344,444.4587649437248,440.82864947457784,444.00377042804644,39345700
2024-03-22,441.5309753417969,442.62890291366284,439.66149193750783,440.5121654474263,28253900
2024-03-25,439.9284973144531,441.4122025295857,437.73261238861454,438.7316200402831,27789200
2024-03-26,438.504150390625,442.37167905062427,438.27663805083887,441.4517588496184,34142000
2024-03-27,439.9977111816406,441.6891568502137,437.1292204876425,441.5902371326152,41359200
2024-03-28,439.1866760253906,440.79897397057766,438.83057105161373,439.9483005564888,36839600
2024-04-01,440.116455078125,442.6684148785135,438.2073980092949,440.13622694821476,38729000
2024-04-02,436.3181457519531,436.63467679175466,433.2716175055322,435.2993359937669,44259700
2024-04-03,437.2973937988281,439.17674771806725,434.1816188556079,434.1914896972789,39949800
2024-04-04,430.6108093261719,442.0947032292261,430.3832969960165,441.48141305916283,57267700
2024-04-05,435.68511962890625,438.35580126025417,431.22410267243185,432.03520215289296,54744600
2024-04-08,435.813720703125,437.6930747609312,434.42893509137633,436.6149191708532,28144900
2024-04-09,437.42596435546875,438.42497196594405,432.68799077841504,438.1480148779818,39443600
2024-04-10,433.60797119140625,434.46851553046224,431.5406785345994,432.252858364519,61502200
2024-04-11,440.5318603515625,441.48142324592834,433.20235289872653,435.47738569459614,45474600
2024-04-12,433.5090637207031,437.43593883261815,432.13417898239015,436.30833834521655,53665000
2024-04-15,426.3772888183594,437.3468118507363,425.53651653619744,437.25779316477445,63453600
2024-04-16,426.4169006347656,429.0480082692235,425.03211508664594,426.2190611910081,47619000
2024-04-17,421.2140197753906,428.41493461701685,420.2842287497744,428.39516274759995,56880500
2024-04-18,418.8104553222656,423.5879732317038,418.236739020357,421.8569836696365,46549400
2024-04-19,410.1455993652344,418.1576140935352,408.58277638390166,417.63337275699286,75231000
2024-04-22,414.2703552246094,416.6047039969206,409.443361955552,412.77674873242034,47807700
2024-04-23,420.4524230957031,421.6492702748659,414.3197623321765,416.1991163771081,44384700
2024-04-24,421.8768005371094,425.06182265057004,419.59189664985104,423.5484443591903,48440300
2024-04-25,419.83917236328125,420.6997166428322,413.59772089332074,414.68574734246255,57392200
2024-04-26,426.3179931640625,427.85114324602824,422.28232799555997,422.9747056964863,41874900
2024-04-29,428.0490417480469,429.048079789253,425.30914309303853,428.42491864220625,30022200
2024-04-30,419.9776306152344,427.86105287563,419.89851294550385,426.4663662313873,43665900
2024-05-01,416.94097900390625,425.4673645155584,416.09033575149846,418.5532769953046,52251700
2024-05-02,422.2624816894531,423.1625997737883,416.0606049995212,420.6798568179414,36559000
2024-05-03,430.7493591308594,431.738496056238,427.9204118275236,429.72064827636785,48515300
2024-05-06,435.467529296875,435.55654799740194,431.7780377160311,432.5495633066614,30227200
2024-05-07,435.5367431640625,437.1688129223332,434.80476137168813,435.9126199952162,30996100
2024-05-08,435.279541015625,436.68412856388983,432.79679796970544,432.91551974287444,24896700
2024-05-09,436.2291259765625,436.8028422580396,433.69693803654405,435.54661913008255,24580100
2024-05-10,437.2578125,439.48337030563385,435.71476150297866,437.73260903218335,27116600
2024-05-13,438.2667541503906,439.26579205563456,436.85229566102873,439.16687233072867,22994200
2024-05-14,441.0857849121094,441.6199272591331,437.65347886134185,437.8414172762935,34478300
2024-05-15,447.9800720214844,448.2273562332633,442.0452509387902,443.5586291074348,41464700
2024-05-16,447.0700988769531,449.75065137557704,446.90193232511433,447.7921494818684,34780400
2024-05-17,446.85247802734375,447.80204096189675,444.6565929882727,447.1986517798775,35803700
2024-05-20,449.96826171875,450.6309665241783,446.88215948281277,447.07009790490423,24474200
2024-05-21,450.8486022949219,451.0365407272053,447.92076542333984,448.1186048845004,23167700
2024-05-22,450.7595520019531,451.85750961813636,448.15811721893635,451.1057559416888,25120000
2024-05-23,448.7318420410156,455.57665236835396,446.9415066973637,455.5469794693014,40899200
2024-05-24,452.9752502441406,454.24134425420493,448.6428258419646,450.34414249793184,29669500
2024-05-28,454.6864013671875,454.7457471608754,451.7288919661858,454.19183296241476,26216800
2024-05-29,451.4816589355469,453.26209332010234,450.3936022845126,450.5320959428548,29739200
2024-05-30,446.6447448730469,450.69034126496246,445.31930507978444,450.5518476128299,30536800
2024-05-31,445.81390380859375,447.5646955194597,438.24701222029506,446.8722875838762,55941300
2024-06-03,448.20758056640625,450.63094770967405,443.03438403283286,449.63194002907153,32997500
2024-06-04,449.43408203125,450.6309291046102,446.22928846559876,447.9503768344026,23767400
2024-06-05,458.4945983886719,458.5737160540312,449.4736752346723,453.00490099928925,33817400
2024-06-06,458.3363952636719,459.4936988062594,457.16922087785883,459.1771677296123,21966800
2024-06-07,457.9308166503906,460.6806160602475,456.8229881379394,457.97039057899616,25829700
2024-06-10,459.7804870605469,460.1365920375163,456.5163473996493,456.8032055496993,20660800
2024-06-11,462.9358825683594,463.0546043632941,457.0109616657925,458.5045681782186,22053300
2024-06-12,468.999267578125,471.3237453921932,466.17035045815595,466.862728194943,34532600
2024-06-13,471.5413513183594,473.1932232482495,469.26634848832265,472.53048823334285,25859000
2024-06-14,473.9844970703125,474.05374389556346,470.87859282283176,471.3434883571342,23372600
2024-06-17,479.7907409667969,481.5711753074278,472.94593054199913,474.25156830496593,37054500
2024-06-18,479.9390869140625,480.6215937616727,478.1784245124455,479.7412776538949,24438600
2024-06-20,476.2397155761719,481.55137557735753,474.40980638490623,481.1359550087394,33918700
2024-06-21,474.9637451171875,477.2981238769037,473.4701689381695,475.96278303672466,37456800
2024-06-24,469.5564880371094,475.47102271790493,469.4178044814247,473.7372817505667,37751000
2024-06-25,474.92608642578125,475.2232870328967,470.70565640050626,471.64684204643737,29014700
2024-06-26,475.9068603515625,476.45176842235986,473.68768194638443,474.1037627803362,22737100
2024-06-27,477.1353759765625,478.611553035427,474.84684046619515,475.65922915173917,26222100
2024-06-28,474.65863037109375,482.6734937308387,474.0146754920727,477.92798859650065,34881600
2024-07-01,477.44256591796875,478.00724715446825,471.8351485120763,475.58002788223945,24898300
2024-07-02,482.4555358886719,482.51497601687083,475.81777272205466,475.94656974450004,26723600
2024-07-03,486.477783203125,486.6065802178196,481.7025582982194,481.7025582982194,18064900
2024-07-05,491.55023193359375,491.98614635742524,487.02268407891466,487.31991495009567,28495900
2024-07-08,492.7192077636719,493.27400238194434,490.89630684162825,491.9167358967407,22109400
2024-07-09,493.1452331542969,495.3545252210374,491.6294495164821,494.2350191565913,25614500
2024-07-10,498.2869873046875,498.8417819227691,493.7594701786326,495.06718307323126,28046900
2024-07-11,487.3594665527344,498.6040196443068,486.170633904284,498.3959792217848,49966600
2024-07-12,490.22265625,494.97804756604864,487.4684863179307,487.934120777822,37109400
2024-07-15,491.5402526855469,496.3551140334472,489.4993946125061,491.9959703492449,31151400
2024-07-16,491.728515625,493.80901063185854,488.56815140505716,492.99662197224063,25950600
2024-07-17,477.2939147949219,484.2585985960934,477.22458813542045,483.74344074557246,56268800
2024-07-18,475.0350341796875,481.19724518023446,471.84495008807244,481.01892482186776,49347400
2024-07-19,470.8246154785156,477.2147017078111,469.53670565331464,474.69829195474045,42042900
2024-07-22,477.8387756347656,478.85920470287533,473.2715913896256,476.6895495582666,40300000
2024-07-23,476.1545715332031,479.92917053758373,475.67905054621997,476.9372401363334,23282500
2024-07-24,459.07476806640625,469.7843305630981,458.2128560235188,469.4177730491382,58818600
2024-07-25,454.01220703125,463.59237645887646,451.3967509671105,459.4115832282099,59256800
2024-07-26,458.6685485839844,461.60103876896824,455.4982676790012,458.35151444667815,39992100
2024-07-29,459.5899353027344,463.56268838097253,457.3311198139349,461.383116315446,28218500
2024-07-30,453.27911376953125,462.2252153474391,449.93051231846664,461.5218203822993,41317200
2024-07-31,466.69329833984375,468.3973190381643,462.07659074748636,463.52301742956,44552100
2024-08-01,455.3893127441406,471.1316633842162,451.74351079884156,467.37689795882113,56653900
2024-08-02,444.5806884765625,449.35591337831903,440.340454930092,446.7008203668183,66323200
2024-08-05,431.32501220703125,438.18073242125257,419.5157767707517,420.7640496665403,87483500
2024-08-06,435.44635009765625,442.91630484411263,430.5225248808415,433.16773136287384,63164400
2024-08-07,430.7305603027344,444.8283608872693,430.33428273182557,442.34167151120243,54929200
2024-08-08,443.906982421875,444.81841775754043,433.08842699644043,436.96210275811563,47890100
2024-08-09,446.2252197265625,447.8598834396681,441.4697986482107,442.5893045939609,33574000
2024-08-12,447.186279296875,450.1484898369526,444.3825556071596,447.19619606278854,27795000
2024-08-13,458.2821350097656,458.5496457773467,451.44624926843295,451.5849630344436,40084500
2024-08-14,458.4308166503906,460.78867882910635,454.1410294667669,459.203568511929,34733700
2024-08-15,470.0122375488281,470.40851515300034,464.02834595348503,464.40482025936376,38280600
2024-08-16,470.61651611328125,471.9836994318874,467.267914706038,468.22890368838864,38383600
2024-08-19,476.7984924316406,476.8381292557489,468.97189765937463,470.755191935789,23737700
2024-08-20,475.7979431152344,478.4530361414534,474.1038088531109,475.8871033026028,29209300
2024-08-21,478.01708984375,479.86971082600905,474.86664249742586,476.58054970811685,25658800
2024-08-22,470.4382019042969,481.0288841455253,469.4078560191765,480.33537571180096,37739600
2024-08-23,475.54034423828125,478.25487736174836,470.8641963105765,474.7873956850109,36061500
2024-08-26,470.9236145019531,475.9167963494327,468.8431195460001,474.99544423155214,27452600
2024-08-27,472.3304138183594,473.4003661930295,467.3273154259764,469.2889300525828,27510000
2024-08-28,466.9706726074219,472.5879754586852,463.5428280840913,471.86477727035714,37372400
2024-08-29,466.287109375,473.4895530413343,465.0090862780714,468.88276216101195,41081500
2024-08-30,471.844970703125,472.4691222187162,466.13850734780476,470.62641796700854,33466500
2024-09-03,457.5193786621094,468.93233689946493,455.1416828085824,468.80357010979293,44985200
2024-09-04,456.3304443359375,460.13479338816336,453.4772278978257,454.4084967487091,32505100
2024-09-05,456.7565002441406,461.0363402813741,453.6852962003829,454.70572529323357,34452400
2024-09-06,444.521240234375,456.9348232587385,444.0258857158704,456.05307770346093,50624400
2024-09-09,450.2376708984375,451.22838004635804,445.64079617378894,448.8506841381575,32981200
2024-09-10,454.39862060546875,454.90389190042566,448.02836861259885,452.0010913798349,29680300
2024-09-11,464.26605224609375,465.00908400490187,447.0871616105351,455.6369852193334,57843000
2024-09-12,468.8233642578125,469.6357529807418,462.5125520912894,464.29581638811914,40067800
2024-09-13,470.9236145019531,472.1025606358586,467.8623273065814,468.0902012618372,29111800
2024-09-16,468.8431396484375,469.4573744200276,465.524288528779,468.79361628971213,22585600
2024-09-17,469.0908508300781,473.1626810286975,466.5942747357859,471.8648545022235,30084400
2024-09-18,467.05987548828125,474.38119962315574,466.4555272479723,470.2895966560615,39909200
2024-09-19,478.869140625,481.71250116567927,476.0258103183634,478.1261087929225,52782500
2024-09-20,477.9576416015625,479.19602782363893,473.8560919217068,478.0071649568301,34577700
2024-09-23,479.224609375,480.315926835132,477.7959811138323,479.135323893243,24843000
2024-09-24,481.5361633300781,482.4885720219182,476.3772551624619,480.6333475885268,25952600
2024-09-25,481.9825744628906,483.9370148847234,480.7325173604069,480.91108829604076,26549900
2024-09-26,485.6037902832031,489.80038938586057,481.96276544725106,489.47297902508933,32020200
2024-09-27,482.9052734375,486.76456175281504,481.72467055232573,486.6256530479584,22851100
2024-09-30,484.2148742675781,484.55218506630086,479.10555878077656,481.9429538811356,30281100
2024-10-01,477.46856689453125,484.1454193353246,473.62913982724353,483.8478010651969,42735400
2024-10-02,478.1432189941406,480.05796717810114,473.9466197241842,476.5657513321326,23744000
2024-10-03,477.7860412597656,480.72265250634194,475.2065719333754,475.95064787695753,25337200
2024-10-04,483.4707946777344,484.02636896280734,478.57974271825753,483.59977268614915,30686600
2024-10-07,478.2919921875,482.72668574042143,477.0716968180428,481.55601359663206,24975100
2024-10-08,485.4351501464844,486.11970246020155,480.0282162700938,480.83181589462646,28272000
2024-10-09,489.2547302246094,489.83016591016013,484.0958218394654,485.1375160516646,24995000
2024-10-10,488.69915771484375,490.5643129343177,485.663330270901,486.972911204982,25750400
2024-10-11,489.46307373046875,490.48496711592765,486.29829849674525,486.86377321706453,20644500
2024-10-14,493.5703430175781,494.88982428126036,491.34804603599724,491.8539970558773,26060100
2024-10-15,486.9728698730469,494.5624378387375,484.81999699247893,493.89771672699226,34784500
2024-10-16,487.03240966796875,487.8062474023501,483.718795252719,487.30026609568785,22996800
2024-10-17,487.36968994140625,492.5682902789601,487.31016629452773,492.51869733206945,27210700
2024-10-18,490.5643310546875,491.65564854006584,489.40355921193753,490.15756588847694,25335000
2024-10-21,491.5068054199219,492.3104049952959,487.4292536147581,489.35393242594535,30336500
2024-10-22,492.04254150390625,493.5207929965994,488.08406709201313,488.83807375200354,26685800
2024-10-23,484.50250244140625,490.3459927399207,481.218650061365,489.6912023486025,39346600
2024-10-24,488.4312744140625,489.1058959697234,485.5740180882913,488.2229113611023,22024900
2024-10-25,491.4076232910156,496.3284372626755,490.5246386010865,491.22905232334307,38762100
2024-10-28,491.4869384765625,494.58228943962433,491.189320221086,494.52276578852906,20477800
2024-10-29,496.2093505859375,497.38995346166206,489.94919430030234,491.8044187402905,28014100
2024-10-30,492.459228515625,496.39787173074626,491.9731085864843,495.4454629981242,29756000
2024-10-31,480.0281982421875,488.5404136876197,479.92898206139125,488.4908207354854,41245200
2024-11-01,483.5798645019531,486.8736476423335,481.36749827680495,481.66511651625655,33655800
2024-11-04,482.171142578125,485.5145189767317,480.4250346737851,482.97474217579787,23291600
2024-11-05,488.3221740722656,488.98689526722075,483.669216537167,483.7585020212901,24353600
2024-11-06,501.5865478515625,502.4100088623021,495.6538016210877,496.6062103649232,43082200
2024-11-07,509.4836120605469,510.26741073728783,504.3247041524069,504.3842278003702,32853100
2024-11-08,510.0789489746094,510.8527564586331,508.36257264354634,508.9876012725544,22924500
2024-11-11,509.7813720703125,511.5076186893174,506.8844228762925,511.2992556117253,24167500
2024-11-12,508.858642578125,510.59481982391384,505.80298394720904,509.711895702093,25835300
2024-11-13,508.203857421875,510.9122744153452,505.9220366929146,508.35269682828596,24567400
2024-11-14,504.6720275878906,508.73961881650786,503.7592810433263,507.8665950790709,28679500
2024-11-15,492.6477355957031,499.3543196021951,490.58414799637626,498.9674158501514,51461100
2024-11-18,496.0704345703125,498.1737145612043,492.8064433987384,494.1953790330812,27080800
2024-11-19,499.4833068847656,499.9694571048066,493.1536958116036,493.49103689348044,24523000
2024-11-20,499.1955871582031,499.5031361161102,492.6377823112046,499.1856564574556,29565500
2024-11-21,500.9913024902344,502.95564359753246,493.6298978588017,502.24132948309835,34526700
2024-11-22,501.7948913574219,502.5290365817057,498.8086569561695,500.4357175118036,23826600
2024-11-25,502.58856201171875,507.41018976726633,500.2769794512125,505.87241468402135,26375200
2024-11-26,505.2870788574219,506.1105398394157,503.2235216050594,504.0667834357268,26557100
2024-11-27,501.3087463378906,504.2255264165309,497.96536999082,504.1561023396317,24957400
2024-11-29,505.71368408203125,506.3089508903919,501.31868278834094,501.9337807222535,15334000
2024-12-02,511.21978759765625,512.18215721545,506.58669211119974,506.97362609834516,25147200
2024-12-03,512.787353515625,513.0651709231122,509.31499924035353,509.890434903682,18597900
2024-12-04,519.1268920898438,519.3848480945504,515.4957677287545,516.2101120920232,26086200
2024-12-05,517.6884155273438,519.9007822143092,517.3014814587618,519.1765675882936,18169600
2024-12-06,522.3214111328125,522.5595057281002,518.2240284052577,518.3530064032137,23762600
2024-12-09,518.25390625,522.1925195302961,517.1030347782992,521.398850563676,20674400
2024-12-10,516.4878540039062,521.2301267457367,515.0592258717493,519.4840189672058,24350000
2024-12-11,525.7343139648438,526.4188662970179,520.4464575332266,520.853192430636,32168600
2024-12-12,522.3412475585938,524.7818381497026,521.8650583907863,523.5119196314856,23577500
2024-12-13,526.3394775390625,528.958578680959,523.1349494940644,526.2700231888497,28780400
2024-12-16,533.9191284179688,534.8914288475645,528.7899817598816,528.8693668170654,31979900
2024-12-17,531.5678100585938,533.234532805748,529.911018011913,532.1233843076452,28579100
2024-12-18,512.3905029296875,532.6393233284896,510.942073860317,530.9230075449514,54703200
2024-12-19,510.108642578125,517.6387171158508,509.77136208940215,517.0732121815271,46441800
2024-12-20,514.5632934570312,520.6746720854811,505.26733831570937,506.4082488880885,60530000
2024-12-23,519.5764770507812,519.9540883119314,512.8789414988543,516.2773821985058,29672800
2024-12-24,526.621826171875,526.7112253012842,520.8881517500126,521.5241349732042,17558200
2024-12-26,526.2640380859375,527.8937223215758,522.994783551006,524.9921323134935,19090500
2024-12-27,519.2683715820312,523.1338828752066,514.5979649367405,522.6966520264838,33839600
2024-12-30,512.3621215820312,516.088500066774,508.60593328242436,512.2627757493814,34584000
2024-12-31,508.0097961425781,514.3992562583705,507.0459049159329,513.644094410772,29117000
2025-01-02,507.0160827636719,513.3857099460889,502.52453474139946,511.06042287109295,36389800
2025-01-03,515.3134765625,516.3767439002675,509.3015977009679,510.11637914045036,29059500
2025-01-06,521.23583984375,524.5945536836261,518.7417015715621,520.7191566265536,36109700
2025-01-07,511.9348449707031,522.676749747613,510.0468495678178,522.2793057604914,36690300
2025-01-08,512.0242919921875,513.6638621182858,507.35388554228564,511.8354863915311,30777800
2025-01-10,503.9952392578125,508.35757110922964,500.74584773317105,508.2582252642564,40532500
2025-01-13,502.3755187988281,502.83261280745984,496.55244498887237,498.0429966184263,31694200
2025-01-14,501.8985290527344,506.9465475304781,498.4305219813621,505.5354786511669,33737200
2025-01-15,513.4453125,514.5880322454942,508.2382987029594,509.79844685715614,34957600
2025-01-16,509.84814453125,515.7904573182853,509.71895854451463,515.7109442532102,28229000
2025-01-17,518.4535522460938,520.768892568159,509.8779077274795,519.5565458046289,51837900
2025-01-21,521.4943237304688,522.6569370321079,516.784190233401,521.1763321012501,23628000
2025-01-22,528.1620483398438,530.4574953112844,525.926221004647,526.2342659003573,33593000
2025-01-23,529.284912109375,529.404151376624,525.1213025176294,525.7075521398207,23096600
2025-01-24,526.2938842773438,530.427653898665,524.8232261530454,529.6625453438141,19878300
2025-01-27,510.9710388183594,514.7271972494635,506.9365846555357,507.7812366132107,60771700
2025-01-28,518.523193359375,519.7057001509473,508.5563720628021,511.97467611093344,33194200
2025-01-29,517.54931640625,519.2982398960235,513.6440786970315,519.1690539120722,26649000
2025-01-30,519.7552490234375,522.7860246698378,514.9457705817763,520.4111255886488,27431300
2025-01-31,519.0001220703125,528.1720244019145,517.9070751282055,523.6009629833273,38755200
2025-02-03,514.846435546875,517.5691667149378,507.8309085723365,510.2356481268789,40580800
2025-02-04,521.1663818359375,521.8023650900426,514.9656967351663,515.3632014316573,26046800
2025-02-05,523.5313720703125,523.6903982021383,517.3406339590531,518.533087344952,21134100
2025-02-06,526.2640380859375,526.4727371352427,522.4283666892038,524.0381574961376,19434500
2025-02-07,519.6261596679688,528.7483284429109,518.9007772767695,526.8007131129621,29605500
2025-02-10,525.9161987304688,527.0191921678618,523.4319464927245,523.8989568010895,20852800
2025-02-11,524.6641845703125,526.5820202342347,522.5178170831823,522.6470030660466,19325500
2025-02-12,524.9722290039062,525.8566374548477,518.6622518801204,519.0100229717194,25009400
2025-02-13,532.5243530273438,532.8422839525621,525.856597948036,526.6415998490472,28714800
2025-02-14,534.76025390625,535.445910069072,532.2958340155867,532.6337190649526,17862600
2025-02-18,535.9725341796875,536.5985706975572,532.6634926781901,536.3302520039847,20565000
2025-02-19,536.1216430664062,537.4034956659445,533.0809200913482,535.177614880373,19666900
2025-02-20,533.845947265625,535.7041632085364,529.106034929491,535.3364987054381,26550800
2025-02-21,522.7662353515625,535.0086388627485,522.3985708362279,534.9887454346671,47093800
2025-02-24,516.5953369140625,525.7373982954535,516.2575125365582,524.5548916727963,39268400
2025-02-25,510.08660888671875,516.048814936847,506.2310441222468,515.9693018739836,48940000
2025-02-26,511.31878662109375,516.3866374854662,508.1488779896471,512.2827081341442,34457600
2025-02-27,497.1187744140625,515.8003708854543,496.90015898717843,514.8662895456173,52448000
2025-02-28,504.96905517578125,505.5751982352111,493.7998352114138,496.9796905709141,47654000
2025-03-03,493.9190673828125,509.80833658708485,490.4709237175102,508.29792199196845,44587200
2025-03-04,492.42852783203125,500.5669416036149,484.6677252997208,491.0671622880661,67875400
2025-03-05,498.84783935546875,500.4576300932126,488.1655538058739,493.07443907980854,46323700
2025-03-06,485.1248474121094,495.43943846939203,483.1374453830968,490.58025627763743,57574300
2025-03-07,488.6922302246094,490.172835031535,477.5031471015196,484.0913896771833,54714700
2025-03-10,469.7522888183594,480.92147845342646,465.7079184343633,480.4047648459635,76668000
2025-03-11,468.62939453125,475.7939702022416,464.0683106107926,469.37467027626616,68760800
2025-03-12,473.9159240722656,478.02983070184774,468.8182327695673,476.14180474816123,46971100
2025-03-13,465.389892578125,473.27988043346534,463.4919201519314,473.25007061840876,46563300
2025-03-14,476.63861083984375,477.5329356476442,470.1397980058928,470.745971366685,43563000
2025-03-17,479.7290344238281,482.77970385821135,474.7903391011045,476.58893553595675,41744400
2025-03-18,471.5509033203125,476.5889445811857,469.4343152382102,476.3902225670012,39072300
2025-03-19,477.8608703613281,482.27287473503395,471.87877115950045,473.8065534525706,40430300
2025-03-20,476.24114990234375,481.4978063463737,473.1805338469725,473.8761366755608,36780500
2025-03-21,477.8111877441406,478.5763266010879,469.93114605028205,471.0937592442753,42234900
2025-03-24,488.29644775390625,489.1423592971704,482.0665930507614,485.39050030859886,34567200
2025-03-25,491.0829162597656,491.2421491588082,488.0575822896671,489.02291086034575,26035200
2025-03-26,482.0467224121094,490.7844275024884,480.49423943900865,489.92855437237864,34627100
2025-03-27,479.29998779296875,484.2360865180512,477.9365920668743,480.08619079487124,33469800
2025-03-28,466.6810607910156,478.20526514414263,465.79533345257164,477.4986938052008,46363800
2025-03-31,466.6611633300781,467.5966072840796,455.12696717610356,459.6948832614754,53000300
2025-04-01,470.4230041503906,471.34851702765127,462.18289033712415,465.04899179213385,41156200
2025-04-02,473.8563232421875,477.24990051464846,463.6158828815237,463.87464014945493,49894500
2025-04-03,448.4891357421875,457.85381060895133,447.9716515602276,454.24129177123984,70456300
2025-04-04,420.63397216796875,438.24869137872236,420.63397216796875,436.0294529358994,117088400
2025-04-07,421.6490478515625,441.0053675205171,400.4516641030583,406.6914499899583,161557000
2025-04-08,414.0557861328125,441.0053554988176,407.81600041600757,436.0493338288811,101248100
2025-04-09,463.7552185058594,465.5763897991723,413.4288133631856,413.56815354318593,142876900
2025-04-10,444.03070068359375,453.3953754518723,430.5459844866977,451.3751553721857,108384100
2025-04-11,452.2110900878906,453.5944088551687,439.2040426870755,442.50805710466096,52483800
2025-04-14,455.2762756347656,462.80978696729005,450.4496325846052,462.2226327115798,43941200
2025-04-15,455.7838439941406,460.15271186095026,453.9527109525871,456.3312128563289,35404200
2025-04-16,442.04034423828125,450.4396905530406,435.6512868687369,446.86698749756175,48980600
2025-04-17,441.9607238769531,445.59313532137156,439.2339021288606,445.0159426129849,44837000
2025-04-21,431.02362060546875,436.9648633110088,425.86858083880827,436.1189822025886,44149300
2025-04-22,442.3388977050781,445.42394033849905,435.51192735142513,436.70615895638065,52304400
2025-04-23,452.370361328125,461.1478822749814,450.69846125364955,455.9629875862526,55801100
2025-04-24,465.0987243652344,465.4072286279397,453.6341981671536,454.28109133466916,45956100
2025-04-25,470.28363037109375,470.81107609503925,463.1481859616907,464.72056158591084,38697100
2025-04-28,470.1343688964844,472.5228018406058,463.7850969803822,470.75137745023704,33550800
2025-04-29,473.2393493652344,474.1250767730389,467.327960183027,467.90518330443473,30613100
2025-04-30,473.1795959472656,474.90127322951986,460.2024029412006,464.87977453427817,46810600
2025-05-01,479.35968017578125,484.83318599096134,478.4242058431775,481.08135748377987,43316500
2025-05-02,486.4752197265625,488.54521706431206,482.49448832227375,484.1962728644179,39218100
2025-05-05,483.5892333984375,486.67430655244186,481.7680620014255,482.2656534659239,28309500
2025-05-06,479.09100341796875,482.71345338039805,475.88651326591844,477.2499089792982,32786300
2025-05-07,480.97186279296875,483.4598199362607,474.4832814966688,479.75773849221946,38006300
2025-05-08,485.9378356933594,490.3265956463865,481.83768726665016,486.1766698555149,39577600
2025-05-09,485.6194152832031,489.17222563016486,483.8579524315384,487.8486153265174,27767400
2025-05-12,505.40362548828125,505.44344130675324,499.0643154796623,504.5477524292731,45090600
2025-05-13,513.1063842773438,514.8977013705513,505.97090943590337,506.707335072133,53269600
2025-05-14,516.1814575195312,516.7287959644325,513.2655789214306,514.2806849131285,47014500
2025-05-15,516.7486572265625,519.4157397813761,512.6882944867682,514.0318276811001,50153300
2025-05-16,518.9978637695312,519.1869509574169,514.6090729974479,518.1519218274547,48394600
2025-05-19,519.4954223632812,520.0129368955124,511.76283198638407,511.76283198638407,52536200
2025-05-20,517.7637939453125,518.4205878915068,514.171137741155,516.967599082951,42517600
2025-05-21,510.56866455078125,520.4807090994899,508.7773472986688,513.7831469453776,71292800
2025-05-22,511.5240478515625,515.2161985462538,509.8322246501273,511.18565891481614,55607200
2025-05-23,506.78692626953125,509.37440786318274,503.14455323986806,503.74166904926017,58368100
2025-05-27,518.7091674804688,519.1968580915909,512.1111611741854,513.6636439652767,47226300
2025-05-28,516.4103393554688,521.1573812940497,515.8928855439889,519.6646069225357,46637200
2025-05-29,517.4254760742188,523.9439124018006,514.8280630915039,523.7946714004786,58513300
2025-05-30,516.609375,518.1718194248762,509.46396914496165,516.937802360934,67662800
2025-06-02,520.689697265625,520.9285314569356,513.4845216279213,514.7484234216115,44762800
2025-06-03,524.7598876953125,526.192953382638,520.172109482974,521.0379136751978,44070300
2025-06-04,526.222900390625,527.2877534208493,523.4363395775185,525.4665516408473,41359300
2025-06-05,522.2620239257812,530.4822445825432,520.1422794419956,527.6260744548405,61031200
2025-06-06,527.3672485351562,529.2381970448477,525.6655248338539,527.446880166096,42467000
2025-06-09,528.1435546875,529.7855699578893,526.4616932284755,527.5862547168781,33688700
2025-06-10,531.63671875,532.3233974321485,526.3423380359699,528.6113236327552,40664800
2025-06-11,529.8452758789062,534.1942808270467,527.5563674659288,533.039834702878,53701000
2025-06-12,531.0892944335938,532.0646150066514,528.2829320298816,528.5317277617894,34104900
2025-06-13,524.4215698242188,529.3078908293887,523.1974536303323,525.1380723113464,55814400
2025-06-16,531.7162475585938,532.7910620936354,527.8947792535579,527.9445262501218,37622100
2025-06-17,526.5313720703125,530.7608992855103,525.366964373918,529.1487078886557,42180900
2025-06-18,526.4417114257812,529.9845595741693,524.8594048736611,527.5463496966778,43983500
2025-06-20,524.292236328125,530.989797962704,522.3516174800588,529.6960723110417,61643500
2025-06-23,529.6832275390625,530.2012624901581,521.7128229011945,524.8611059770333,50666100
2025-06-24,537.7831420898438,538.6997215726698,534.2861174166954,534.9038188952696,45442000
2025-06-25,539.157958984375,541.3000294115662,537.3845756916884,540.0546537700266,44804200
2025-06-26,544.19921875,544.6475661276676,539.5166551436107,541.3398412384469,43811400
2025-06-27,546.0623779296875,547.9553124291843,542.5254624415982,545.2354314727291,57577100
2025-06-30,549.5992431640625,550.7549250315776,546.9789678853869,549.2206440950201,45548700
2025-07-01,544.9664306640625,548.6727003482655,542.6450333450836,547.6962844543337,56166700
2025-07-02,548.7623291015625,548.9616013728256,544.099649838931,544.1394799694398,36538300
2025-07-03,554.1622924804688,555.1387084222483,551.1335605372531,551.1335605372531,26443500
2025-07-07,549.98779296875,552.2892446862089,547.5468445873587,551.4722709809203,45349300
2025-07-08,550.2966918945312,551.9604968449189,549.0612280892235,551.3328226115977,36153300
2025-07-09,554.192138671875,555.5670381907667,551.0537678549799,552.4286673738716,43045500
2025-07-10,553.3951416015625,555.2382732584896,550.7051180084419,554.8298167972696,34710900
2025-07-11,552.1497802734375,553.733864104168,550.0077097543851,551.2530854493318,39618600
2025-07-14,554.15234375,554.8895964181139,549.5892702624878,551.9405249362994,36453300
2025-07-15,554.660400390625,558.7253235687808,554.6006247913591,558.177370440617,43277700
2025-07-16,555.2283935546875,558.1376353727512,549.519610019722,555.2184816275869,52314700
2025-07-17,559.7216186523438,560.229741645841,555.1486333295833,555.9556343165032,40423800
2025-07-18,559.1836547851562,562.6407884950407,557.9083608963978,561.0367592084838,50484700
2025-07-21,562.0828857421875,563.9659084478778,559.9807060956166,560.0106243017523,39595200
2025-07-22,559.1737060546875,562.2622135594852,556.5434579032301,562.212410691865,43270600
2025-07-23,561.7241821289062,561.7640122575135,557.5098504754792,560.2596495832936,40215300
2025-07-24,562.9197387695312,564.1451688896942,561.2060703387892,563.0392899612859,42275500
2025-07-25,564.2747802734375,565.599877131678,562.1825732841013,562.8401049406639,30630800
2025-07-28,566.0382080078125,566.9348420155121,564.7728868526946,565.6396634648174,31498700
2025-07-29,565.1614990234375,569.9935327032099,564.434219030358,568.6485511909246,45463300
2025-07-30,565.9186401367188,568.508997161805,562.9595959750744,566.0780214636062,43433800
2025-07-31,562.9197387695312,572.5041444344463,561.7839416385068,572.4144506359528,64613600
2025-08-01,551.8309326171875,556.9519318446527,549.6390593282571,556.7626323149415,69400800
2025-08-04,562.0131225585938,562.2323403030458,556.8822111512052,556.9818168836358,47669800
2025-08-05,558.1973266601562,564.4640352064246,557.6592854470431,563.2983805936119,48666600
2025-08-06,565.2213134765625,565.6596882115512,558.55605944308,559.0342643142066,41823700
2025-08-07,567.1340942382812,571.1990173575662,563.0193682552224,569.5550971875249,44463000
2025-08-08,572.4244995117188,572.6437172653317,568.0408133424522,568.3396913615944,35255500
2025-08-11,570.730712890625,574.6661119984625,569.4554798808987,572.5639325532171,33112900
2025-08-12,577.9041137695312,578.2029917684722,570.372084149425,573.0321895540377,42143300
2025-08-13,578.193115234375,581.1620715545174,576.7982700747931,580.6041456525571,41209300
2025-08-14,577.7446899414062,579.7273181327926,575.7719736747898,576.1406607906154,45425000
2025-08-15,575.2042236328125,577.6949751695009,573.4407520858407,577.6550842269212,49480200
2025-08-18,574.9750366210938,575.6326290840033,573.1119593251236,574.3075322318431,29831000
2025-08-19,567.1739501953125,574.4269858610731,566.1477315418194,574.2576318109441,53752600
2025-08-20,563.8064575195312,566.347011543646,556.772578668353,566.2274603525832,76781100
2025-08-21,561.1962280273438,564.3943140175195,558.9046880126308,562.2622161511607,46436900
2025-08-22,569.85400390625,571.8665505027725,561.186237654488,562.5810219572568,51502100
2025-08-25,568.210205078125,571.1691888777926,567.0544622483576,568.289926158301,34044700
2025-08-26,570.4915771484375,570.8004278507278,566.6956749257416,567.7218935616645,34103000
2025-08-27,571.368408203125,572.2849877073902,568.2599552674767,569.4754735923461,36927100
2025-08-28,574.9451293945312,575.8617088595212,570.3422257905413,571.9860851866184,46787900
2025-08-29,568.2898559570312,572.9027323513419,566.4366907257225,572.5340452045847,56030400
2025-09-02,563.5275268554688,563.8762077332766,557.4700023275942,559.2334738058692,65876800
2025-09-03,567.9610595703125,569.585034325084,564.6333889904666,567.1241403555323,54230200
2025-09-04,573.1019287109375,573.4705550386212,566.9249141338813,568.6285491052419,47526300
2025-09-05,573.9288940429688,578.9701724080204,569.4156841594208,578.3424981949754,68342500
2025-09-08,576.728515625,578.6912594012136,575.6326093036281,576.2303653317651,46371400
2025-09-09,578.3624267578125,578.7908286858918,574.9052323196163,577.5255075617649,44007600
2025-09-10,578.5517578125,581.6104078841153,576.4096872460331,581.5804896782814,49308000
2025-09-11,581.9192504882812,582.7162787776647,579.4683292093007,581.0823312583443,44745800
2025-09-12,584.4896850585938,585.6852579441866,581.939157947032,582.8756829463206,50745900
2025-09-15,589.4910888671875,589.6006673309763,586.1136154844122,586.263084887294,44360300
2025-09-16,588.992919921875,590.6666974580144,588.3054701472681,590.417622334017,36942100
2025-09-17,587.8173828125,589.5609089479608,582.2082052948111,588.9132892024719,69384800
2025-09-18,593.11767578125,595.9272507480725,590.7664209781601,592.7091584852494,61069300
2025-09-19,597.1327514648438,597.8301740597724,593.6456992995646,595.1202655655359,58196100
2025-09-22,600.667724609375,601.3360027595129,596.1990824942005,596.2190510860968,57154800
2025-09-23,596.6779174804688,601.0367933292055,595.4609900615409,600.8372900448078,64635500
2025-09-24,594.583251953125,598.3736318933126,591.8502333814113,598.0544387994095,49850300
2025-09-25,592.0198364257812,593.6057566967052,587.0026056631178,590.6932034651784,70920200
2025-09-26,594.4535522460938,594.7827296224774,589.5560723046866,592.8376791327265,54337400
2025-09-29,597.20654296875,600.5181027058711,595.8898943349653,597.5855809487724,48332900
2025-09-30,598.8424072265625,599.1815689140329,594.5832523790604,596.9073409482912,46533800
2025-10-01,601.7150268554688,602.2536309055715,594.8226361779185,595.6504804045827,46899600
2025-10-02,604.188720703125,605.6150748101588,601.3958573858611,605.5153536087707,43765400
2025-10-03,601.645263671875,605.7847287787447,599.859840058186,604.9668078782124,46482100
2025-10-06,606.1636962890625,607.8094613156995,604.4280726015548,606.9018036091138,41962100
2025-10-07,602.9718627929688,608.1586438162234,601.4956480641417,607.4703970532165,58209500
2025-10-08,609.8842163085938,610.193425090037,603.7199483921797,603.869530194898,50629800
2025-10-09,609.1461181640625,610.0537759298148,605.9342796270852,609.9241018375851,45551000
2025-10-10,588.0000610351562,611.6198017284072,587.5511938507611,609.8443624637231,97614800
2025-10-13,600.4782104492188,601.415821078074,595.7103438165695,598.1541220292103,65872600
2025-10-14,596.4784545898438,601.1565238344467,588.628483812035,593.7952965646048,69203200
2025-10-15,600.6876831054688,605.1563255984365,594.4137092888615,602.4731675952409,62805500
2025-10-16,598.46337890625,606.7622168482491,593.9848129790577,603.5703467351942,70982000
2025-10-17,602.393310546875,603.9693073296388,594.8525491800316,596.4285459627954,72024900
2025-10-20,609.9839477539062,611.2407514930889,605.5253506485595,605.5951798429426,45761700
2025-10-21,609.8244018554688,611.1609582497778,607.7696457807522,610.0837500489531,44538200
2025-10-22,603.9493408203125,609.8542605281881,598.2139715066553,609.2657958565487,61478800
2025-10-23,609.0264282226562,609.8143961922938,602.9818500103868,603.3708114071275,42844300
2025-10-24,615.52978515625,616.8464337655934,613.5648269782704,614.4226241256162,47632500
2025-10-27,626.4918823242188,626.9506729134798,622.4422152319877,622.930958710038,54098600
2025-10-28,631.3095703125,633.0651018787079,627.648925370604,628.7560864561588,61195700
2025-10-29,634.15234375,635.3891789092543,628.6463695521778,633.9728090539653,67422800
2025-10-30,624.45703125,631.8880872300178,624.3473257513068,630.5614543099158,61628600
2025-10-31,627.4694213867188,632.5863736464859,625.0954721134605,632.5564207552092,66305100
2025-11-03,630.4716796875,634.2021534587442,628.2473125587718,633.4939381480045,37154300
2025-11-04,617.67431640625,625.3547359077402,616.8863484805083,621.6940912807667,63830800
2025-11-05,621.6941528320312,625.0056518350635,615.6395900613109,616.9163015661201,48688500
2025-11-06,610.1136474609375,620.4572571227977,608.7471381645778,620.2078932237561,72115100
2025-11-07,608.1885375976562,608.3980251800011,597.1466973484642,606.7621834660789,81835400
2025-11-10,621.6442260742188,622.7214951546598,615.3203917446493,617.3451949289606,55919900
2025-11-11,619.9884643554688,621.1355017301039,615.9487814833327,618.9910087880348,44868800
2025-11-12,619.4996948242188,623.2700450530867,616.2379957742788,623.2501373408774,47444400
2025-11-13,606.8519897460938,616.5472286099415,604.5378855310528,615.9686873362173,71333600
2025-11-14,607.310791015625,611.7893568378086,595.6505328274214,598.0244819828539,80087300
2025-11-17,602.1240234375,610.9215891749508,598.3436886131177,604.7573208445992,63850400
2025-11-18,594.7926635742188,600.7773963408275,589.8353391548725,598.0942387152705,83327300
2025-11-19,598.3436279296875,604.6176011290698,593.0770945294743,595.5507646962523,73111500
2025-11-20,584.1797485351562,612.4676329241026,583.262106516965,610.0637310644662,117743200
2025-11-21,588.568603515625,595.4609945768989,579.2623261905873,585.9751825584982,103344200
2025-11-24,603.6201782226562,605.1363301511908,593.6456226504143,593.7653733267485,60168100
2025-11-25,607.3407592773438,608.7072685888149,595.8001905964915,601.9744432402352,57560900
2025-11-26,612.70703125,614.6221288317284,608.8368989020178,610.9514997668095,42393600
2025-11-28,617.67431640625,617.7441455966097,613.8540448070679,614.5422915350683,23034400
2025-12-01,615.599609375,617.8638528985133,610.961477711232,612.0686387329198,40957600
2025-12-02,620.4172973632812,622.1628444217793,616.0185455630003,617.8837824065502,54541800
2025-12-03,621.9334716796875,622.6316418245013,616.4574507356939,618.0433708850139,47841600
2025-12-04,621.35498046875,623.3498916256304,617.9636071501104,623.339907329069,47067800
2025-12-05,623.8884887695312,627.3197383563271,622.1230338136666,622.7913119974152,53614200
2025-12-08,622.6915283203125,627.2399228158015,620.1080918729878,625.6140655337878,43462400
2025-12-09,623.4595336914062,624.2774544880871,619.4198511857304,621.4247464351753,37156000
2025-12-10,626.0130615234375,627.6090269272694,619.4099106697121,622.2626189242517,55031400
2025-12-11,623.98828125,624.1877845427603,616.148234091509,622.2327496814814,58272800
2025-12-12,612.0586547851562,621.9533965533452,609.8043955563878,620.497150448988,75158700
2025-12-15,608.9865112304688,616.8464661142882,607.7696446385382,616.7966055109866,49538200
2025-12-16,610.1934204101562,611.9489518835392,605.3657088583533,606.7123103516171,55152800
2025-12-17,598.8822631835938,612.0886258751325,598.7526499708691,611.5001003103562,70654300
2025-12-18,607.5601196289062,611.3704070362718,605.375689596093,608.248366375679,78875800
2025-12-19,615.47998046875,616.0485374798797,610.313167643226,610.392981139488,60369800
2025-12-22,618.4302368164062,620.8671665076671,616.9920478025754,620.5674955378034,43703100
2025-12-23,621.3265380859375,621.6261480926279,617.0020349130734,617.42148892244,41120400
2025-12-24,623.144287109375,623.4938829346665,620.9370481838333,621.2067276835874,18468700
2025-12-26,623.1043090820312,624.7322611929134,622.3552536061636,623.873297918951,28959800
2025-12-29,620.088134765625,621.995763643064,617.9508150333834,619.3190849184411,32458300
2025-12-30,618.64990234375,621.3964390816567,618.4401448660525,619.0594201394988,31226800
2025-12-31,613.536376953125,619.1792861072609,613.2766946262738,618.8696789386981,40746500
2026-01-02,612.347900390625,622.0656280105537,609.381669736326,619.2791633693975,61859200
2026-01-05,617.2117309570312,620.0281869343077,615.9433108116908,618.5400731036631,46828400
2026-01-06,622.6348876953125,623.2341686687002,617.7610283782293,618.4501618747352,43137500
2026-01-07,623.2341918945312,627.1492383750701,621.7760085257346,622.2553845556755,44880300
2026-01-08,619.6885986328125,622.6348958217857,617.0219780933957,622.2454332860368,50435900
2026-01-09,625.86083984375,627.0992684709724,618.280371644388,620.6273877403378,49688700
2026-01-12,626.3801879882812,628.0580650499223,621.4763979710708,621.5263228144307,37388700
2026-01-13,625.4513549804688,628.6772678768714,622.9145755930199,626.4800871429724,44481400
2026-01-14,618.769775390625,622.6648884214621,613.7860691564842,621.4563902550666,72598700
2026-01-15,620.9970092773438,629.206628407055,619.9682771169513,625.8108857116995,53934900
2026-01-16,620.4776611328125,625.2915986535979,618.1006533744517,624.7123119754499,61058100
2026-01-20,607.2942504882812,614.2854351912486,606.2855126563834,609.7611716460692,81988900
2026-01-21,615.50390625,619.6386461402016,607.0944662344775,608.7024240227943,79837900
2026-01-22,619.978271484375,621.6761428244047,617.0020437780021,621.5662350217955,42254800
2026-01-23,621.935791015625,624.612469784726,617.8709699342951,618.949566020391,43645800
2026-01-26,624.67236328125,626.81961915323,621.3365426117721,622.425196766994,35983000
2026-01-27,630.335205078125,631.2440322678261,626.5499998769385,628.1179690883873,38997200
2026-01-28,632.4225463867188,635.7982947738302,631.014348844542,634.6597767228699,50691700
2026-01-29,628.6373291015625,632.8719797654484,617.4914101080947,631.8533057393616,79944000
2026-01-30,621.0868530273438,627.4688205124429,618.5200822009824,624.9220440060533,65650700
2026-02-02,625.3515014648438,627.6985176699922,617.8808797571519,617.9208683974972,49020300
2026-02-03,615.7435913085938,629.1866011443993,610.1905958568021,627.5087242048245,81234000
2026-02-04,604.9871826171875,614.3253838343164,599.7138024298947,614.2455284678144,81850700
2026-02-05,596.2781982421875,604.0483693053457,594.0110373128413,599.4541864003901,89354500
2026-02-06,608.8822631835938,610.6399955270392,598.0159600076653,599.434154665902,78019300
2026-02-09,613.54638671875,615.6837064208919,604.3080353554789,606.7748955946631,56797600
2026-02-10,610.699951171875,616.2430108652889,610.2405694597212,614.5351423104305,53938900
2026-02-11,612.337890625,616.7423712103644,606.9247331463698,615.6037921922693,58575100
2026-02-12,599.8836059570312,615.0344847338599,598.8149461335121,613.9358943887876,81378900
2026-02-13,601.1619873046875,605.7162424752422,595.6689134343201,599.673873409497,69237500
2026-02-17,600.542724609375,603.1894116444834,592.5927882610704,597.626419057608,69013800
2026-02-18,605.027099609375,609.0021290003773,599.9634770047899,601.3517411914925,64250700
2026-02-19,602.7100219726562,605.0570991965415,599.993476524114,602.0508799312083,60960800
2026-02-20,608.0433349609375,609.581373723881,598.4753818004266,599.3642756707148,74127300
2026-02-23,600.652587890625,607.2443127599432,598.2955745850619,605.8460514657053,63859100
2026-02-24,607.1044921875,608.2230768722754,598.9747284234804,601.6414099286677,55023700
2026-02-25,615.9033813476562,616.053216829597,610.2305417280922,610.3004608891118,55710700
2026-02-26,608.4727783203125,614.8148183820397,603.2193924504018,614.8148183820397,96178900
2026-02-27,606.5252075195312,607.5539396831472,601.4316544188312,602.2206376135266,68125200
2026-03-02,607.32421875,609.1518702196468,597.2369017749593,598.1058012495889,75264600
2026-03-03,600.8224487304688,603.1994564784976,591.1246545665933,595.5790600436336,97015500
2026-03-04,609.9808959960938,612.108218610738,602.6701065956436,603.3991678160902,70943900
2026-03-05,608.1431274414062,611.9883154244911,601.5015388569162,606.6350803018902,89602400
2026-03-06,598.9946899414062,605.2368188486739,597.5764953219963,599.5539822531658,86302300
2026-03-09,606.99462890625,608.5027370453225,590.5853272955466,593.4816386137257,93068200
2026-03-10,607.004638671875,612.5176457382476,604.65756151405,607.0146358319374,64078900
2026-03-11,606.9247436523438,611.6587648578186,604.2681201890963,608.1831666985171,60114800
2026-03-12,596.5078735351562,603.3792143506387,596.2981160455262,602.0009473234562,71836600
2026-03-13,592.9722900390625,602.8398528802119,591.8237748266745,598.9747313072235,63145500
2026-03-16,599.6239013671875,603.099499235842,598.3554812666724,599.2843027330098,49077200
2026-03-17,602.5502319335938,605.1369970937805,601.1120429286618,602.3804630878033,47106600
2026-03-18,594.15087890625,602.400426051188,593.8112802396884,600.7325461165636,56128000
2026-03-19,592.273193359375,595.0496606380132,586.3406715242521,588.7676039624899,75597600
2026-03-20,581.3269653320312,590.4254777892629,577.8113788279011,590.3156309505814,91964700
2026-03-23,588.0,595.0800170898438,585.9600219726562,590.52001953125,89936100
2026-03-24,583.97998046875,587.9299926757812,581.9299926757812,584.8099975585938,57750900
2026-03-25,587.8200073242188,591.3699951171875,585.6900024414062,589.1400146484375,60475500
2026-03-26,573.7899780273438,584.6300048828125,573.4299926757812,582.5999755859375,81492100
2026-03-27,562.5800170898438,571.02001953125,561.5700073242188,570.8099975585938,82702200
2026-03-30,558.280029296875,568.0499877929688,555.5999755859375,567.3800048828125,70602600
2026-03-31,577.1799926757812,578.6400146484375,564.2100219726562,564.2899780273438,95878000
2026-04-01,584.3099975585938,587.739990234375,580.4199829101562,581.47998046875,79435100
2026-04-02,584.97998046875,586.0499877929688,571.9199829101562,573.969970703125,50941700
2026-04-06,588.5,590.6099853515625,584.6900024414062,586.22998046875,35108500
2026-04-07,588.5900268554688,588.97998046875,578.4000244140625,585.6400146484375,49948200
2026-04-08,606.0900268554688,609.9000244140625,602.1199951171875,608.7100219726562,63086000
2026-04-09,610.1900024414062,610.5,603.030029296875,605.9299926757812,37837500
2026-04-10,611.0700073242188,613.6699829101562,609.5800170898438,611.8400268554688,34038500
2026-04-13,617.3900146484375,626.739990234375,608.1099853515625,609.47998046875,32972100
2026-04-14,628.5999755859375,628.5999755859375,620.0999755859375,620.219970703125,49921100
2026-04-15,637.4000244140625,637.8300170898438,628.2000122070312,629.0800170898438,50102400
2026-04-16,640.469970703125,642.1799926757812,635.260009765625,639.2100219726562,42320600
2026-04-17,648.8499755859375,650.0,644.0700073242188,645.5900268554688,53488900
2026-04-20,646.7899780273438,648.760009765625,642.52001953125,648.0399780273438,37138500
2026-04-21,644.3300170898438,650.2000122070312,642.2100219726562,648.4099731445312,39580500
2026-04-22,655.1099853515625,655.3300170898438,648.52001953125,650.1500244140625,37368400
2026-04-23,651.4199829101562,656.9199829101562,645.52001953125,653.5499877929688,40099800
2026-04-24,663.8800048828125,664.510009765625,656.530029296875,658.510009765625,45563100
2026-04-27,664.22998046875,664.4299926757812,660.6900024414062,663.4000244140625,32717000
2026-04-28,657.5499877929688,659.6400146484375,653.8099975585938,657.4099731445312,34147900
2026-04-29,661.5700073242188,661.719970703125,656.5900268554688,658.6300048828125,31724900
2026-04-30,667.739990234375,668.9000244140625,657.5599975585938,665.3499755859375,40622200
2026-05-01,674.1500244140625,675.969970703125,668.7999877929688,669.1599731445312,39172600
2026-05-04,672.8800048828125,676.72998046875,668.9000244140625,674.6599731445312,34542000
2026-05-05,681.6099853515625,682.77001953125,677.510009765625,677.9600219726562,37101100
2026-05-06,695.77001953125,695.9299926757812,686.47998046875,687.780029296875,38778500
2026-05-07,694.9400024414062,701.239990234375,691.77001953125,696.5800170898438,43779100
2026-05-08,711.22998046875,711.22998046875,699.5,699.9199829101562,44320400
2026-05-11,713.2899780273438,714.5900268554688,708.9099731445312,710.3599853515625,36019100
2026-05-12,707.239990234375,710.1799926757812,696.6400146484375,708.219970703125,45873000
2026-05-13,714.7100219726562,716.6500244140625,704.8300170898438,709.9600219726562,40012500
2026-05-14,719.7899780273438,722.030029296875,714.219970703125,714.6199951171875,33327500
2026-05-15,708.9299926757812,715.1300048828125,705.5499877929688,710.1400146484375,51792700
2026-05-18,705.8800048828125,712.0700073242188,698.8499755859375,711.5399780273438,49834500
2026-05-19,701.530029296875,706.489990234375,695.25,699.8099975585938,46827500
2026-05-20,713.1500244140625,713.1500244140625,703.7899780273438,705.2899780273438,36779200
2026-05-21,714.510009765625,717.1199951171875,706.77001953125,708.989990234375,36415400
2026-05-22,717.5399780273438,722.1199951171875,715.9500122070312,718.0700073242188,33118600
2026-05-26,730.280029296875,731.1699829101562,724.1599731445312,725.9600219726562,34254700
2026-05-27,729.4500122070312,733.3200073242188,725.4400024414062,732.9600219726562,35148700
2026-05-28,735.5999755859375,736.5999755859375,726.4099731445312,729.72998046875,32840000
2026-05-29,738.3099975585938,741.6300048828125,735.25,737.8400268554688,37541700
2026-06-01,742.739990234375,745.6500244140625,735.989990234375,737.0399780273438,33890600
2026-06-02,746.1599731445312,746.4400024414062,739.22998046875,742.4000244140625,30085200
2026-06-03,744.2100219726562,748.6500244140625,741.010009765625,747.3099975585938,40270200
2026-06-04,740.6099853515625,743.5,732.6199951171875,735.47998046875,40782600
2026-06-05,705.0599975585938,731.6900024414062,704.3200073242188,730.0599975585938,99606600
2026-06-08,716.0700073242188,723.030029296875,713.0700073242188,717.8099975585938,47401500
2026-06-09,707.8300170898438,725.6599731445312,686.3699951171875,722.97998046875,91932200
2026-06-10,693.6900024414062,711.280029296875,692.9299926757812,701.6599731445312,65334300
2026-06-11,717.1199951171875,718.3699951171875,695.0,699.2899780273438,71798900
2026-06-12,721.3400268554688,724.010009765625,711.280029296875,717.6099853515625,51168400
2026-06-15,744.0,744.760009765625,737.3800048828125,738.0999755859375,46710200
2026-06-16,729.8599853515625,744.219970703125,729.6400146484375,742.25,45348700
2026-06-17,722.510009765625,735.6799926757812,720.8499755859375,735.1900024414062,51669300
2026-06-18,740.6199951171875,741.8200073242188,732.510009765625,737.2000122070312,50154600
