Date,Close,High,Low,Open,Volume
2008-03-19,12.41617488861084,15.163116235648635,12.086541926966303,13.075440811899911,708486000
2008-03-20,14.141252517700195,14.28409379092945,12.635929122745281,12.833709218247343,198985200
2008-03-24,13.125980377197266,14.877429068965148,12.965559152683754,14.77634185981412,149566400
2008-03-25,13.899517059326172,14.119272269750303,13.145756620507441,13.312771049877556,87092000
2008-03-26,14.055546760559082,14.169820438981311,13.53033180340211,13.785247881121386,43111600
2008-03-27,13.824804306030273,14.226956023053457,13.767668303426378,14.07532602350847,39829600
2008-03-28,13.791840553283691,13.941274205864762,13.659987724912082,13.925891403831402,24675200
2008-03-31,13.703933715820312,13.950059292698363,13.635809305464099,13.75667449171585,22157200
2008-04-01,13.53912353515625,13.994016917858993,13.253441826151132,13.857768872942687,60410800
2008-04-02,13.695145606994629,13.695145606994629,13.295191163038275,13.563292806813285,43836400
2008-04-03,14.39396858215332,14.567575427313212,13.585269211542407,13.61383762818511,100868000
2008-04-04,14.169820785522461,14.354414410657956,14.009398698021645,14.262117598090208,36394400
2008-04-07,14.29288101196289,14.459895463824413,14.068729728248847,14.306065789852154,28301600
2008-04-08,14.96313762664795,14.996101257087805,14.242340508282634,14.262119357186503,53925600
2008-04-09,14.457694053649902,15.101576823065315,14.418138052653086,15.040045638536721,48324400
2008-04-10,14.528024673461914,14.664273578571551,14.308269348407702,14.539013110354654,22372000
2008-04-11,14.528024673461914,14.673062316165653,14.339034959787286,14.339034959787286,26421600
2008-04-14,14.433526039123535,14.77634371997482,14.400562413672535,14.657675674310997,28443600
2008-04-15,14.141252517700195,14.624715159660765,14.064338501838227,14.567578315049102,23888000
2008-04-16,14.534611701965332,14.712612913068195,14.187398014110835,14.187398014110835,25136800
2008-04-17,14.732397079467773,14.888423157863711,14.506049364659583,14.560988195500409,22459600
2008-04-18,15.163108825683594,15.481753195583671,14.767548794373937,14.945551646762844,104099600
2008-04-21,15.596030235290527,15.932255496829775,15.130148505462586,15.268595384872503,58848000
2008-04-22,15.44439697265625,15.910278654073975,15.382865777800937,15.804795408179642,47357600
2008-04-23,15.400449752807617,15.756452217850137,15.314745331475184,15.591635765041664,37319600
2008-04-24,15.888307571411133,16.03993757601946,15.391660164262747,15.646575419746156,38086800
2008-04-25,16.503629684448242,16.71899070736386,16.242121906779996,16.701409873533894,101460000
2008-04-28,16.62009048461914,16.984885037984142,16.459670076240293,16.811278173303172,132517200
2008-04-29,17.7738094329834,17.7738094329834,15.60262750489265,16.294857088669158,197308400
2008-04-30,18.338577270507812,18.63744458258619,17.815560312670513,17.888079956762997,147543600
2008-05-01,18.76709747314453,19.259348731901937,18.437464619435666,18.545144215532734,116395600
2008-05-02,18.18475341796875,19.228591227459404,17.800181593419563,19.182442809705513,136648800
2008-05-05,18.692380905151367,18.789073751025203,17.760619120747215,18.2067220070478,70377200
2008-05-06,19.23518180847168,19.371430702777367,18.62426232152028,18.782486411268835,75913200
2008-05-07,19.448345184326172,19.74281649873329,19.263751526327678,19.520864839939858,100464800
2008-05-08,19.184633255004883,19.72303292607982,18.885765992414882,19.668094115700768,92836400
2008-05-09,18.20891761779785,19.04618446739256,18.134199971353056,18.857194844537172,94312000
2008-05-12,17.997962951660156,18.564932139760415,17.162891976476818,18.382534802436655,147471600
2008-05-13,18.10343360900879,18.349560047958313,17.754023629629653,17.982569249382955,53249600
2008-05-14,18.070472717285156,18.536352716822872,17.89906223507487,18.30561073873088,51400400
2008-05-15,18.074874877929688,18.224308561005753,17.824353949919818,18.13640609861983,36688800
2008-05-16,18.10124397277832,18.206725573851063,17.857315464972846,18.175959967154864,34066800
2008-05-19,18.310014724731445,18.62206690281247,18.05290138123934,18.079270948817907,45473200
2008-05-20,18.182544708251953,18.42427509199751,18.00014916717249,18.213310302005073,40702000
2008-05-21,17.767215728759766,18.33418480702903,17.69469607713465,18.16936833148098,41831600
2008-05-22,16.989273071289062,17.712267842001893,16.736555946018413,17.705675454608613,85283600
2008-05-23,16.778316497802734,16.989281380563572,16.508018422884103,16.66624082750484,42196400
2008-05-27,17.303525924682617,17.347477975585385,16.3409986440027,16.903571482763642,62776400
2008-05-28,18.00235366821289,18.00894605891831,17.481534683286192,17.6441531348861,52996000
2008-05-29,18.734146118164062,19.107729592988722,18.241894537117332,18.334191394201003,100613200
2008-05-30,18.978063583374023,19.241769213557465,18.8571975248569,18.90334592630903,72016000
2008-06-02,18.914331436157227,19.107715423296433,18.591290999320712,18.9450970323703,36856000
2008-06-03,19.24176597595215,19.32747037517118,18.90554076723144,19.120901614371082,48411600
2008-06-04,18.784687042236328,19.360444955148978,18.740734968647462,19.13629524794638,40684400
2008-06-05,19.171438217163086,19.171438217163086,18.808841895679805,19.00002947377793,27059600
2008-06-06,18.382530212402344,18.896756782558207,18.360555018879406,18.876979611367503,41748000
2008-06-09,18.050701141357422,18.66821302977986,17.703487347017415,18.45944615462351,45240000
2008-06-10,17.64854621887207,18.21112088272759,17.494718191606744,17.646349873196673,36048400
2008-06-11,17.083776473999023,17.800179218152895,17.053010866268476,17.800179218152895,56996400
2008-06-12,17.483722686767578,17.749626270142908,17.261771148123135,17.34967188438676,44605600
2008-06-13,17.916641235351562,17.978172423259203,17.61337966212143,17.637552868313595,30689200
2008-06-16,18.299022674560547,18.34956713010789,17.822154086856678,17.90566217196969,34384000
2008-06-17,18.60668182373047,18.67480711038861,18.389124534776983,18.48142136322998,33277600
2008-06-18,18.428682327270508,18.613276001899532,18.336385489955997,18.397916714832338,33724000
2008-06-19,18.518770217895508,18.547339467307093,17.9364202712629,18.345165082944106,36925200
2008-06-20,18.364944458007812,18.569316888459564,18.18474523692342,18.233091655658146,42546800
2008-06-23,17.8133487701416,18.53634328688842,17.80455836450535,18.426465731332947,30141200
2008-06-24,18.164966583251953,18.226497774202173,17.25298212041324,17.593601692201727,49891200
2008-06-25,18.03312110900879,18.55174380081933,17.989170715438423,18.318803697016307,50711600
2008-06-26,17.382640838623047,17.743039333133087,17.145304753965334,17.712273730670006,76562800
2008-06-27,18.15177345275879,18.211108276917695,17.26176617976252,17.31670496241409,176022800
2008-06-30,17.868301391601562,18.204526703840177,17.646349764570687,18.022131094519708,49301200
2008-07-01,17.89027976989746,17.89027976989746,17.40461908170322,17.501311950172646,44921600
2008-07-02,17.45296287536621,18.107834307702323,17.426593316391358,17.99795667437476,33804000
2008-07-03,17.156293869018555,17.538667569530734,16.9760946146071,17.439778368629195,28738800
2008-07-07,16.61789321899414,17.56723586680198,16.261889097341363,17.250787758666178,79944400
2008-07-08,17.373857498168945,17.47055038903544,15.877324095695732,16.45747808769417,95796400
2008-07-09,16.672826766967773,17.38263508743381,16.569541560043227,17.360659903887935,55322000
2008-07-10,16.976097106933594,17.057407172380955,16.237719156892375,16.648662175872428,52812000
2008-07-11,16.38275909423828,17.020048154412837,16.26189300263278,16.61350116466701,54645200
2008-07-14,15.949844360351562,16.740963317518172,15.932263529245557,16.72118446337383,42679600
2008-07-15,15.035652160644531,15.670744629661163,14.787329358838496,15.659757874320675,84268800
2008-07-16,15.872916221618652,15.945434151469598,14.615916416217681,15.015870747336276,92448800
2008-07-17,16.494829177856445,16.494829177856445,15.679537369451985,16.19596189196268,67268800
2008-07-18,16.130041122436523,16.369573620910412,15.848754575876333,16.31463478989162,46632000
2008-07-21,15.800402641296387,16.46845879534185,15.727883007188279,16.242111158519105,52937200
2008-07-22,16.27287483215332,16.312430839110235,14.921379883824569,15.29496308995154,65408000
2008-07-23,16.097078323364258,16.48165016044122,15.95423701998707,16.152017157232397,49942800
2008-07-24,15.400449752807617,16.202556825128784,15.374078516782385,16.024553916007864,36625600
2008-07-25,15.813579559326172,15.899283929181077,15.178487343427703,15.501527665157104,38690800
2008-07-28,15.50373649597168,16.1739891295194,15.4378092378392,15.912481472553488,35699200
2008-07-29,16.694807052612305,16.694807052612305,15.60482118495592,15.609215552368443,49040400
2008-07-30,17.239795684814453,17.33868653602515,16.32121883297294,16.976090101451014,76089200
2008-07-31,16.05531883239746,17.173873982736616,15.710303139686088,16.749746261936046,148888800
2008-08-01,15.763047218322754,16.28386616703412,15.459783854161952,16.108062946247912,61715600
2008-08-04,15.932255744934082,16.17398618643387,15.71250049327982,15.769637328157792,42686000
2008-08-05,16.173980712890625,16.312427547603797,15.892694354221058,16.08607830665665,34354800
2008-08-06,15.70810604095459,16.00037924985765,15.618005583496105,15.998182904504644,40924000
2008-08-07,15.272984504699707,15.657556056976318,15.23782287229551,15.554270857537631,43847200
2008-08-08,15.954235076904297,16.00917390408138,15.187289518960235,15.332327150875754,36354400
2008-08-11,16.435501098632812,16.81128250640756,15.811395098458316,15.919076415782142,55289200
2008-08-12,15.998183250427246,16.437693760860967,15.954231193424148,16.305839266451216,33734400
2008-08-13,16.269969940185547,16.322786902354093,15.950865291681852,16.010284164243846,29924800
2008-08-14,16.67711067199707,16.67931186935203,16.19735206893496,16.2567726443675,25839200
2008-08-15,16.679302215576172,16.842155466131604,16.4680327253641,16.72331606307094,26003200
2008-08-18,16.492244720458984,16.780539351039284,16.316185931069167,16.64189418773401,25850400
2008-08-19,16.22816276550293,16.558271863054372,16.199553914829615,16.38441420352801,21104800
2008-08-20,16.410823822021484,16.441633870675282,16.210558505771814,16.307389367674432,18118800
2008-08-21,16.369001388549805,16.42622074168425,16.107116104206213,16.276571288193242,15544800
2008-08-22,16.305179595947266,16.679304057040312,16.250161440994244,16.58467276336028,20955600
2008-08-25,16.135726928710938,16.481240928428416,16.093912587152285,16.17974078791502,18039600
2008-08-26,16.140127182006836,16.351398401410915,16.036694447929513,16.212751558738173,18667200
2008-08-27,16.38441276550293,16.39541707273083,16.0322967614902,16.07190991688048,19141600
2008-08-28,16.64849853515625,16.683709290774974,16.322790230821237,16.45043278785937,26741200
2008-08-29,16.70351791381836,16.725524847550325,16.439429671970505,16.496649042890752,19326400
2008-09-02,16.503253936767578,17.05563697205306,16.371210631497963,16.908188642485683,29898400
2008-09-03,16.076311111450195,16.5802761076586,15.860639130640457,16.408619673453618,35400800
2008-09-04,15.51512336730957,15.983877553959362,15.350068863402022,15.959669425731223,37670000
2008-09-05,15.79241943359375,15.840835702403924,15.240036416111163,15.39848904893658,40616800
2008-09-08,15.427094459533691,16.349199521677367,15.114591658370701,16.17754310072928,56669600
2008-09-09,14.852705955505371,15.48211400770093,14.784483956239473,15.48211400770093,49882000
2008-09-10,15.193819046020508,15.383081697814738,14.663443045777708,14.804289436086705,43936800
2008-09-11,15.61414909362793,15.704379658595808,14.755867363068184,14.835093627276862,47132000
2008-09-12,15.768206596374512,15.770407793124383,15.240031870823332,15.38968134841248,28240400
2008-09-15,15.268640518188477,15.620758116755894,15.02216021401666,15.110189613658513,38734400
2008-09-16,14.601824760437012,15.176214698846003,14.30472692171344,14.661245335594698,83596400
2008-09-17,14.10445785522461,14.953938570480284,14.086853316131963,14.482983149569174,67536800
2008-09-18,14.722862243652344,14.797686146969799,12.84784295823445,14.128665015743477,84189200
2008-09-19,15.310454368591309,15.66037075918761,14.75367082636142,15.627359525505529,68941600
2008-09-22,14.344337463378906,15.18281384354515,14.282717381133377,15.167408822983768,46266400
2008-09-23,14.722862243652344,14.84830360081845,14.108859280990478,14.49178526407313,43803600
2008-09-24,14.454373359680176,14.903321818116737,14.414760211023383,14.755873528846944,24532400
2008-09-25,14.21669864654541,14.628235274166526,14.203494819452482,14.469782632964348,23895200
2008-09-26,13.653307914733887,13.952606864175207,13.38041744921075,13.805157746651659,51171200
2008-09-29,12.720199584960938,13.309994381147268,12.299860837780662,13.270381235171278,78439200
2008-09-30,13.510265350341797,13.51906846140881,12.407701294280024,12.407701294280024,38720400
2008-10-01,13.492658615112305,13.666515423947285,13.030505404554324,13.369417591061351,27054000
2008-10-02,12.67398738861084,13.532271292475896,12.612367298521718,13.532271292475896,35216000
2008-10-03,12.508930206298828,13.241771738000196,12.392291963479499,12.999692144353512,58355600
2008-10-06,12.187625885009766,12.328472273186536,11.058652743044876,11.756282771830037,87360800
2008-10-07,11.256722450256348,12.420906758180113,11.140083312025052,12.324075042215235,75845600
2008-10-08,11.582422256469727,11.978552805621266,10.508467632950314,10.785758765503266,75210400
2008-10-09,10.970623970031738,12.310866772369268,10.873792282394666,11.837710961982486,42537600
2008-10-10,11.443777084350586,11.87291889291583,10.34341390316303,10.34341390316303,72541600
2008-10-13,12.95567798614502,12.984287668613414,11.793694544783692,12.101796621877073,49433200
2008-10-14,12.678384780883789,13.668711649648404,12.159013222054446,13.644503525201369,53142400
2008-10-15,10.948614120483398,12.324068155720006,10.680125224161847,12.218433386555096,76699200
2008-10-16,11.679259300231934,11.736478678131158,10.57229377618676,11.036647354359983,56062800
2008-10-17,11.492194175720215,12.119400899187712,11.33374159736609,11.33374159736609,35098400
2008-10-20,11.445980072021484,11.844311937385978,11.250115515075137,11.732075236493476,35965600
2008-10-21,11.157686233520508,11.67925830566688,11.06745645868075,11.300732987065581,28995600
2008-10-22,10.675724983215332,11.443778980317466,10.563488289523816,10.997031723383088,40243600
2008-10-23,10.63391399383545,10.90460334456405,10.066126800468608,10.730745690511355,47970000
2008-10-24,10.559088706970215,10.673526618883038,9.625980870620703,9.639184696161289,40798800
2008-10-27,10.25318717956543,10.827577063855397,10.220175938590547,10.345617311077929,41901600
2008-10-28,10.997031211853027,11.35134833273801,10.354418600919448,10.541480867718217,58436000
2008-10-29,11.155481338500977,11.776086089387956,10.895795567334316,11.09166091368004,55994400
2008-10-30,11.938941955566406,12.35928070788703,11.131275686145704,11.1334760433888,74913200
2008-10-31,12.18101692199707,12.341670643569985,11.663846696720187,11.85971115787177,40372800
2008-11-03,11.551610946655273,12.346072313936538,11.423968437864119,12.306459179450341,28425200
2008-11-04,13.162548065185547,13.303394454326392,11.857516929066945,11.967553275522066,73603600
2008-11-05,12.42750358581543,13.028301856880068,12.418700477786283,12.82803576652519,44992000
2008-11-06,11.340343475341797,12.324068497247614,11.166486718497923,12.112798953063043,52092800
2008-11-07,11.77388858795166,12.059982909102558,11.291929712463086,11.542812437772499,30906400
2008-11-10,11.441577911376953,12.17001787541726,11.267720309275568,12.17001787541726,26516800
2008-11-11,11.837711334228516,12.101798755510389,11.082861867823956,11.221507910911324,32392800
2008-11-12,11.41103458404541,12.270996947130126,11.2853478936003,11.565386910900681,42746000
2008-11-13,12.004189491271973,12.035060634489206,11.000900468409638,11.439702045170604,38733600
2008-11-14,11.960087776184082,12.568675924527792,11.565387049660025,11.710919053034772,37410400
2008-11-17,11.633739471435547,11.95787919411201,11.391186475339667,11.710916036485912,29303200
2008-11-18,12.048288345336914,12.145310240394238,11.600667355094291,11.640357977408195,31482800
2008-11-19,11.37354850769043,12.312891195411444,11.29857743187026,11.907165521764483,34948000
2008-11-20,10.615021705627441,11.311811639057973,10.584151398632542,11.071463167401248,50990000
2008-11-21,10.226934432983398,10.936953872121302,9.600705569652337,10.936953872121302,84771200
2008-11-24,10.963417053222656,11.025157666988905,10.094634090726153,10.49815526509128,44853600
2008-11-25,10.921518325805664,11.239043329654383,10.80465195141833,11.104536303429864,44959600
2008-11-26,11.466160774230957,11.466160774230957,10.628249193575357,10.762756214165165,27670000
2008-11-28,11.589641571044922,11.629332190625577,11.283141599582653,11.402213458324617,10610000
2008-12-01,10.595174789428711,11.276529466553841,10.51138336797651,11.245659164216885,30951600
2008-12-02,10.954593658447266,10.972233468376697,10.480511675026037,10.73629522764684,26573200
2008-12-03,11.563180923461914,11.63153717936883,10.60840304831775,10.610607708955566,36399600
2008-12-04,11.203765869140625,11.63154169698241,11.073668971016415,11.450729172966092,30484400
2008-12-05,11.726354598999023,11.7903006980963,10.694400052421601,10.970028919752053,40991600
2008-12-08,12.383456230163574,12.716415599343284,11.900554659443241,11.995371076333717,53093600
2008-12-09,11.803528785705566,12.445192670417105,11.708712400580456,12.237920092387936,32127200
2008-12-10,11.721944808959961,11.874091645749965,11.234633157899044,11.719740148058326,30186800
2008-12-11,11.486005783081055,12.037263498066414,11.404419876785926,11.554362042554146,29928400
2008-12-12,11.675638198852539,11.887320952771923,11.135405487184382,11.137610147866829,25100000
2008-12-15,11.631539344787598,11.85645262357773,11.415446392495737,11.644769834535005,21858800
2008-12-16,12.076952934265137,12.07915759480136,11.629331982845027,11.75281316053199,30714400
2008-12-17,12.207051277160645,12.348173121103132,11.920397426508401,11.9711130366032,24687600
2008-12-18,12.0615234375,12.39007268622062,11.922606206371363,12.209260156057619,30374800
2008-12-19,12.121055603027344,12.398889137243694,11.85865637727308,12.019623538363454,35585200
2008-12-22,11.852041244506836,12.180591223066331,11.682253762019316,12.096799812233616,14083600
2008-12-23,11.829991340637207,11.995368661292048,11.713124128724052,11.801325702867654,10670400
2008-12-24,11.662410736083984,11.852043567752457,11.609490454454885,11.783687292732768,6529600
2008-12-26,11.741793632507324,11.788099095660252,11.450729519613454,11.638156874938824,6476400
2008-12-29,11.503645896911621,11.81676072470665,11.450725625918333,11.69768885324294,13801600
2008-12-30,11.243454933166504,11.510263517744102,11.084692410900907,11.510263517744102,17095200
2008-12-31,11.565385818481445,11.635946731324243,11.157454647384567,11.159660149059146,16371600
2009-01-02,11.783687591552734,11.84322354075976,11.519084494391812,11.669025856911727,13199200
2009-01-05,11.867478370666504,12.193822901615563,11.686665871642738,11.686665871642738,16600000
2009-01-06,12.70318603515625,12.784771961466703,12.01742113489262,12.01742113489262,32506400
2009-01-07,12.427555084228516,12.778155053466069,12.345969171217382,12.500320671197207,28441600
2009-01-08,12.295248985290527,12.414320827265987,11.746196893657572,12.350374744595573,34683600
2009-01-09,12.264382362365723,12.41653004188538,12.079159722063267,12.352583940091685,16702400
2009-01-12,11.677846908569336,12.381252512660947,11.589646151097517,12.191619664424998,31520400
2009-01-13,11.717536926269531,11.761637723257527,11.358116566373562,11.631540834776946,23133200
2009-01-14,11.239042282104492,11.600667199535287,11.07366497173169,11.468364846545548,25246800
2009-01-15,10.888443946838379,11.212582950707857,10.473897859203992,11.108947059663727,47446400
2009-01-16,10.454050064086914,10.903876509358884,9.968943162782972,10.811264786554691,69204800
2009-01-20,9.353739738464355,10.233547349671102,9.274359340572293,10.154166110626589,59766000
2009-01-21,9.741827964782715,9.955716261578676,9.41548344624874,9.525735006881272,50503200
2009-01-22,9.741827964782715,10.07258264668031,9.532349831350373,9.653626379815629,31927600
2009-01-23,9.772700309753418,9.801365957031985,9.212622062802373,9.413279911446683,22617200
2009-01-26,9.391223907470703,9.975557262612888,9.375788762948664,9.76828387991301,24009200
2009-01-27,9.735213279724121,9.744032765425004,9.402253090800322,9.589681251251234,26436000
2009-01-28,10.41215705871582,10.469487496852686,9.977765665544284,10.123297683594517,32089600
2009-01-29,10.202677726745605,10.60840343213334,9.97776448168966,10.12991130577787,26097600
2009-01-30,10.881828308105469,10.881828308105469,10.332776026871898,10.374671315596318,30315200
2009-02-02,11.018539428710938,11.022949591350077,10.482716864766997,10.641478514013432,28544000
2009-02-03,10.670145034790039,11.234633282089339,10.626044245896681,11.071460615529688,28953600
2009-02-04,10.833316802978516,11.078075361944679,10.707630111804406,10.773780869082488,33166400
2009-02-05,11.849841117858887,12.149724732409611,11.355913630614229,11.519086351918666,96728400
2009-02-06,12.2180757522583,12.348172604415204,11.836605520953059,11.89614145409122,45907600
2009-02-09,12.198229789733887,12.425347683123611,12.039467309844586,12.24233057205341,31874400
2009-02-10,11.8740873336792,12.348169164862506,11.821167079732202,12.156331772288171,38071600
2009-02-11,12.142526626586914,12.202178879174237,11.819963343229613,11.952523342670828,23668000
2009-02-12,12.460668563842773,12.504854656367655,11.731586238042553,11.992288229358671,34827600
2009-02-13,12.361249923706055,12.803117654006211,12.208805017363181,12.577765010417634,40788000
2009-02-17,11.985665321350098,12.19555271673479,11.85752324148297,12.082875944052171,35581600
2009-02-18,12.405439376831055,12.568929998175854,11.985664610942331,12.056363394679972,36329200
2009-02-19,12.29055118560791,12.79207116191236,12.259620579255392,12.582183820925662,35102400
2009-02-20,12.297178268432617,12.39217989298747,12.040895031744023,12.074035446931351,42908000
2009-02-23,11.985665321350098,12.557884215565105,11.92822287220706,12.381137245744954,31967200
2009-02-24,12.449625968933105,12.588814573555075,11.84426750427809,12.005549163629128,43590800
2009-02-25,12.244154930114746,12.493810444483763,12.182293714899567,12.396599843031934,34394800
2009-02-26,12.385557174682617,12.518117203649895,12.104970965332305,12.427534320536497,35902400
2009-02-27,12.529160499572754,12.792072363864154,12.151363755976146,12.151363755976146,47237200
2009-03-02,11.965778350830078,12.586602828176067,11.901707326337567,12.356831401386538,39060000
2009-03-03,12.009966850280762,12.290553002347114,11.755892530036036,12.091712156695072,42195600
2009-03-04,12.215434074401855,12.343575282844272,11.908336124925409,12.151363048782727,35775200
2009-03-05,11.802288055419922,12.259621985268408,11.638797448007649,12.051943588290777,44144800
2009-03-06,11.088672637939453,11.963571561941789,10.872157507305314,11.87740662910524,60701600
2009-03-09,11.002509117126465,11.28530510961888,10.768319699832652,10.973787471361668,33554400
2009-03-10,11.680771827697754,11.680771827697754,11.177042944655637,11.265416817341773,38644400
2009-03-11,11.349372863769531,11.855311637160506,11.161579408114081,11.855311637160506,36124400
2009-03-12,11.950312614440918,11.950312614440918,11.106345330073397,11.333906937955947,43276000
2009-03-13,11.499608993530273,12.228690673864369,11.422282467887232,11.987872696124146,49564400
2009-03-16,11.52612018585205,11.870777344175465,11.457631222020742,11.705076933157725,33474400
2009-03-17,12.215434074401855,12.235318156738971,11.340536137160502,11.488561427940033,25730400
2009-03-18,12.440788269042969,12.482765406827529,11.811126145498879,12.029851078324834,45296400
2009-03-19,11.641006469726562,12.526951848890295,11.583564028618738,12.456253070851782,41743600
2009-03-20,11.605656623840332,12.00996603495325,11.599028877033852,11.75368276395348,33476000
2009-03-23,12.270671844482422,12.279509404796139,11.687406348515292,11.901711707948039,44656800
2009-03-24,11.84205436706543,12.10496619559612,11.769146632700192,11.992289456855602,43555600
2009-03-25,11.654264450073242,12.096132296521517,11.32949131323903,11.919385326501414,58624800
2009-03-26,12.261829376220703,12.325900398655731,11.60344656670507,11.793449823418161,59466400
2009-03-27,11.985665321350098,12.440789506083512,11.976827762160081,11.992293069344592,32687200
2009-03-30,11.819966316223145,12.11822681138322,11.711708309973233,11.77577935769673,38596400
2009-03-31,12.283921241760254,12.4231097977915,11.895078051820116,12.018801306380748,47446400
2009-04-01,11.994500160217285,12.372296880548754,11.848683837836937,12.096129539465077,44144400
2009-04-02,12.281716346740723,12.617535998079587,12.177877137180495,12.252994701858873,47396800
2009-04-03,13.27370834350586,13.291382616222652,12.211016042988552,12.211016042988552,57694800
2009-04-06,13.063820838928223,13.26487064030315,12.75893184204457,12.968819201078938,44927600
2009-04-07,12.626376152038574,12.98207911971571,12.608701030695123,12.898124821722837,27122400
2009-04-08,12.774397850036621,12.785444376321312,12.462881089151104,12.769979070963558,23815600
2009-04-09,12.988701820373535,13.152192404665689,12.732418576708278,13.0019573125727,45785600
2009-04-13,13.501267433166504,13.565338450631598,12.814163038823642,12.849512420391326,38124400
2009-04-14,12.887072563171387,13.459290456142112,12.842885622252792,13.280334567475709,35712000
2009-04-15,13.059399604797363,13.096957953594806,12.648462521648455,12.820790649628682,29687600
2009-04-16,12.829629898071289,13.116843763525269,12.703697658273807,12.836257644546155,36114000
2009-04-17,12.814162254333496,13.06381772044382,12.650670847844657,12.853930411511978,37814400
2009-04-20,12.151363372802734,12.743466237301154,12.142525815351506,12.593231131813742,42577200
2009-04-21,12.953356742858887,12.968822050763212,11.985665879208977,12.11601693354263,37746000
2009-04-22,12.705910682678223,13.242780231236074,12.639630668381374,12.769981728376822,34680000
2009-04-23,12.864977836608887,13.028469254561303,12.615322352993395,12.869396614693628,35890800
2009-04-24,13.339987754821777,13.421733053485681,12.823002447938642,13.103588573402158,39686000
2009-04-27,13.006378173828125,13.194172490416829,12.953354510948342,12.986494089549225,29496800
2009-04-28,13.412893295288086,13.706735708588942,12.836255834981552,12.847303201276734,42287600
2009-04-29,14.031513214111328,14.08232875855151,13.589645363853366,13.67360049138527,59240400
2009-04-30,14.351865768432617,15.023505018593713,14.122094312936042,14.170700040043839,101753600
2009-05-01,14.362913131713867,14.647918061427978,13.839299188435588,14.172909845237793,60616800
2009-05-04,15.067688941955566,15.147225268325318,14.298840034503462,14.599310226213275,78935200
2009-05-05,14.8887357711792,15.133972541368436,14.795943935321631,14.983737418059642,56786000
2009-05-06,14.623620986938477,15.072116706192519,14.526409494279166,15.038976271368432,41830400
2009-05-07,14.477799415588379,14.802572545612206,14.438031242818276,14.720826388920322,34731200
2009-05-08,15.118502616882324,15.127340172682132,14.471166403471326,14.575005577129792,37834800
2009-05-11,14.566173553466797,15.012459334509265,14.566173553466797,14.758386672533199,25980000
2009-05-12,14.409308433532715,14.857803956119401,14.296631678777109,14.767220253027771,36373600
2009-05-13,14.266576766967773,14.487866925131854,14.054137573572488,14.233382905581179,47555600
2009-05-14,14.277640342712402,14.405989040368503,14.05413765312967,14.158144298185132,32861600
2009-05-15,14.399351119995117,14.494505959475218,14.166995768984876,14.262150608464976,24682000
2009-05-18,14.695879936218262,14.726860422710708,14.22010576749871,14.454672790458629,59304400
2009-05-19,14.339601516723633,14.673748407167054,14.22674307441181,14.611787439093035,45784400
2009-05-20,14.375009536743164,14.817589885860787,14.29755831330959,14.441397264434826,33858000
2009-05-21,14.667108535766602,14.675960342953914,14.266573968320904,14.275425775508214,55723600
2009-05-22,14.549827575683594,14.937085343857682,14.434757438853929,14.806524963833448,21735200
2009-05-26,14.775543212890625,14.802098639832863,14.445821347830032,14.558679801947124,20556800
2009-05-27,14.587448120117188,15.07871258512228,14.439184106137473,14.678177903433475,27156800
2009-05-28,14.715792655944824,14.824224339630364,14.549825069599581,14.669321934365309,20184000
2009-05-29,14.983555793762207,15.0256014623526,14.56089248687981,14.744562027527108,32198400
2009-06-01,14.751197814941406,15.257950621764818,14.565313266396112,15.158370759254046,43628000
2009-06-02,14.784394264221191,14.826439932647553,14.494504710274846,14.69366618136044,31043600
2009-06-03,15.098626136779785,15.215909634183276,14.57638130100184,14.757839137954537,35362800
2009-06-04,15.384090423583984,15.764709750190509,15.11854291997052,15.14731003156386,56221200
2009-06-05,15.330981254577637,15.676193346803231,15.224762928497386,15.492523806224911,74260800
2009-06-08,15.44605541229248,15.623086545288862,15.169442684194909,15.193784739332303,20636000
2009-06-09,15.18714427947998,15.57219040405132,15.15173872898852,15.505802675453483,21773200
2009-06-10,15.328763961791992,15.472602859552351,15.038874480929469,15.275654812328424,33797200
2009-06-11,14.764479637145996,15.401794685484628,14.751202767902459,15.346472145889992,43948800
2009-06-12,14.242232322692871,14.87069545594725,14.231167141318963,14.802096058696005,80963200
2009-06-15,14.25772476196289,14.578594811564033,13.956770015933868,14.15814402332756,25564400
2009-06-16,13.821783065795898,14.405988947838978,13.746544378311263,14.405988947838978,29788400
2009-06-17,13.576149940490723,13.963407690886275,13.454440530625957,13.821782134377829,32063600
2009-06-18,13.589423179626465,13.744326397624869,13.416817194969326,13.600487514307503,32168400
2009-06-19,13.580577850341797,13.742119577351728,13.4677202321298,13.653604013538699,25469200
2009-06-22,13.551807403564453,13.932425838279778,13.432310535432457,13.441162342884047,30168000
2009-06-23,13.868253707885742,13.912511908033407,13.569512334160168,13.571725708452776,19989600
2009-06-24,13.518616676330566,13.974474735729443,13.476571847437254,13.94128087218129,22798800
2009-06-25,13.708924293518066,13.781949600500168,13.337156792095856,13.474356442048968,20882800
2009-06-26,14.1227388381958,14.1227388381958,13.622623416346892,13.680158490162952,19751600
2009-06-29,13.93685245513916,14.138226442115398,13.830633292749429,14.138226442115398,22680800
2009-06-30,13.777525901794434,14.147080932407501,13.724416732607121,13.885958458797317,49253600
2009-07-01,13.454440116882324,13.846123759393288,13.450014212858177,13.781949417275445,26167600
2009-07-02,13.295110702514648,13.653600457523787,13.295110702514648,13.454439013543816,21514800
2009-07-06,13.425673484802246,13.520828320303961,13.25528080594611,13.292899727623322,23382400
2009-07-07,13.213234901428223,13.571725558935428,13.144635493902296,13.571725558935428,30361600
2009-07-08,13.16455364227295,13.348224059167096,12.834830891057212,13.215450284163015,64080400
2009-07-09,13.374774932861328,13.421246500953075,13.22208504957371,13.308388063786488,26616400
2009-07-10,13.246427536010742,13.350434168960959,13.146846807032329,13.24864006591921,16654800
2009-07-13,13.354860305786133,13.370350548859228,13.07824761640237,13.301751142151215,30640000
2009-07-14,13.341584205627441,13.390267467738504,13.19774526119866,13.38805493752413,13291200
2009-07-15,13.863829612731934,13.885958292268764,13.425674329338595,13.498700491289156,36492400
2009-07-16,14.253297805786133,14.321897204489515,13.764245986463694,13.819568517885045,50086000
2009-07-17,14.184698104858398,14.383859575098656,14.162569427789446,14.217891964616749,18075600
2009-07-20,14.852997779846191,14.88840333141731,14.22895952757535,14.242236398375756,32220400
2009-07-21,14.859635353088379,14.87069884867677,14.558680584799752,14.85299691807334,17742800
2009-07-22,14.793248176574707,14.950364001578215,14.675964651453079,14.74235238069291,25328400
2009-07-23,14.868484497070312,15.012321732103846,14.742349189466783,14.870696182805487,19396000
2009-07-24,14.89061450958252,14.970279099254453,14.660472549231363,14.664897609408749,13194800
2009-07-27,15.089775085449219,15.116328821552504,14.850781330661013,14.881761814988028,14245200
2009-07-28,14.671538352966309,15.114118675067132,14.63391774247218,14.983556602126217,22644800
2009-07-29,14.777758598327637,14.802100654259931,14.543191537500267,14.737926296648446,22032400
2009-07-30,14.872910499572754,15.419497429936811,14.788820851943601,14.97913051243416,57776000
2009-07-31,14.4856595993042,14.864065725170896,14.46131753667734,14.813169912995189,33046800
2009-08-03,15.293356895446777,15.293356895446777,14.583015972290358,14.647190295282648,30334400
2009-08-04,15.29115104675293,15.293364421271999,15.02560350700753,15.12075835160648,18686400
2009-08-05,15.131814956665039,15.31106106826041,15.016744858726792,15.31106106826041,19874400
2009-08-06,15.191573143005371,15.42171516231866,15.036668984152614,15.162804335397269,20892800
2009-08-07,15.306640625,15.412860649257203,15.209274098433406,15.32213086933855,15380400
2009-08-10,15.242467880249023,15.37745503299248,15.180506896362228,15.277875121504442,10038800
2009-08-11,15.182710647583008,15.32433614621616,15.165007038176583,15.167220411429666,14537600
2009-08-12,15.170522689819336,15.303501603087902,15.044194074931896,15.135062886272275,14430400
2009-08-13,15.221500396728516,15.265825580384398,15.057495188124909,15.181607055079274,14968400
2009-08-14,15.026467323303223,15.221500499968233,14.959977856471065,15.137281974091897,12207600
2009-08-17,14.722831726074219,14.844728494742858,14.636396450435386,14.81369884289325,19771200
2009-08-18,14.851387023925781,14.924523443091132,14.74943769970003,14.771600302201595,17076800
2009-08-19,14.893488883972168,14.902354259237201,14.660779124130457,14.700672467374385,15451600
2009-08-20,15.0286865234375,15.068579876305893,14.793759940377983,14.869113111963925,12149200
2009-08-21,15.292418479919434,15.303500618944847,15.03754450040804,15.146142361089638,27450800
2009-08-24,15.059710502624512,15.40323659954895,15.017602084752522,15.347829273651293,19978400
2009-08-25,15.287989616394043,15.292421458329164,15.048629570361355,15.104036894485736,17574400
2009-08-26,15.55838394165039,15.609359450063584,15.170532473252713,15.2037772230093,18964400
2009-08-27,15.449773788452148,15.569453778410905,15.35447314964593,15.443125181937253,20604000
2009-08-28,15.624863624572754,15.624863624572754,15.354475643079157,15.525131128859874,14021600
2009-08-31,15.757840156555176,15.806598864635157,15.425396264261197,15.447558852234714,21521200
2009-09-01,15.55394458770752,15.957309852453076,15.54507921265958,15.686921831631816,22288400
2009-09-02,15.536221504211426,15.704660331446343,15.387730203402151,15.46308339214779,13335200
2009-09-03,15.715744972229004,15.746772959682884,15.469736149631451,15.604930248208431,17066400
2009-09-04,15.59383773803711,15.724598213865601,15.525133195882978,15.658110438170517,9894400
2009-09-08,15.724595069885254,15.791084523183791,15.549509445266715,15.66918775576882,12220400
2009-09-09,15.620444297790527,15.802180378198175,15.553954786781032,15.793314997337008,16388000
2009-09-10,16.026016235351562,16.065909582198625,15.573892201384037,15.598271562840443,17001600
2009-09-11,16.02158546447754,16.068127423762782,15.901905415930754,16.068127423762782,15394000
2009-09-14,16.150129318237305,16.178940521401618,15.846496538085148,15.848713304758569,13099200
2009-09-15,16.223276138305664,16.278683504475968,16.041540044903012,16.17895092172887,15351200
2009-09-16,16.42051124572754,16.533542643045003,16.10358302363819,16.234343476872503,16601600
2009-09-17,16.36068344116211,16.591178236987133,16.245436888698727,16.389494656553392,14236400
2009-09-18,16.354034423828125,16.46041559409604,16.21440850376466,16.382845638505223,15210000
2009-09-21,16.265377044677734,16.46706055468379,16.181158504628844,16.194455723874018,12940400
2009-09-22,16.491436004638672,16.562357308616306,16.249859203313516,16.31191513293179,15248400
2009-09-23,16.382844924926758,16.619988316488534,16.347385100014694,16.4914445489219,14976400
2009-09-24,16.296403884887695,16.38062410998425,16.01271862137783,16.2653759148724,16050400
2009-09-25,15.660329818725586,16.23434899192878,15.343399798073186,16.21661823909144,48175200
2009-09-28,15.766711235046387,15.92406786476343,15.627085358482788,15.757845858469663,18369600
2009-09-29,15.41874885559082,15.988336034364199,15.338962179965995,15.777788895902535,41892400
2009-09-30,15.316802024841309,15.514051979017012,15.20598736784833,15.458644650520522,30467200
2009-10-01,15.31901741027832,15.549512078950142,15.241445804659069,15.241445804659069,28217200
2009-10-02,15.024250030517578,15.31458386432598,14.747213413250838,15.168309409675748,35416400
2009-10-05,15.106249809265137,15.292417559225187,14.999867030075885,15.041977126760763,19902400
2009-10-06,15.128423690795898,15.225939479391696,14.937822266820321,15.223724402783686,36431200
2009-10-07,15.70465087890625,15.811031986152056,15.272474460287896,15.325665013910799,49056800
2009-10-08,15.897466659545898,15.963954419225834,15.662538507498622,15.7578391515138,24105200
2009-10-09,16.165651321411133,16.24322128448061,15.811042877267727,15.857586546007791,20736800
2009-10-12,16.334077835083008,16.608899369410835,16.2565079225297,16.473705368576237,19282400
2009-10-13,16.549062728881836,16.617768975407905,16.22991762298096,16.342947371099033,23606000
2009-10-14,16.5778751373291,16.677607662941114,16.354029032787118,16.58452374691688,27132800
2009-10-15,16.639930725097656,16.8083678007075,16.40500248234056,16.442680754027414,22272400
2009-10-16,16.464839935302734,16.639927274952797,16.400567239160516,16.56235736267676,14942000
2009-10-19,16.61111831665039,16.62220045998278,16.22105189663578,16.460410298177305,14582800
2009-10-20,16.63328742980957,16.821672084840234,16.502525202314203,16.721937838601768,16502800
2009-10-21,16.6643009185791,17.063232483898595,16.582297501774473,16.582297501774473,16275600
2009-10-22,16.775123596191406,16.817232016740064,16.4581936042749,16.755176078333616,21757600
2009-10-23,16.427169799804688,16.863778245969993,16.318570189162955,16.828318425418068,25499200
2009-10-26,16.13018226623535,16.80615239487765,16.059260948713668,16.615551036994823,34836400
2009-10-27,16.378408432006836,16.500303553484546,16.070343787164713,16.31413572101779,40189600
2009-10-28,16.97015953063965,17.291521416870317,16.569010941873486,16.608904293141233,77930400
2009-10-29,17.127517700195312,17.331416317840986,16.8061557852298,17.06767851339201,41498400
2009-10-30,16.790637969970703,17.176272518218756,16.65766071446078,17.056592480990556,27308800
2009-11-02,17.129730224609375,17.324763416107483,16.80615162260461,16.863774027951035,25322800
2009-11-03,17.209516525268555,17.213948367542073,16.799502633620428,17.014481647284278,26090800
2009-11-04,17.35579490661621,17.619534390147237,17.313686477381115,17.353579830428686,24364000
2009-11-05,17.639467239379883,17.674928723056514,17.346916762634123,17.4023240627064,16350400
2009-11-06,17.657197952270508,17.70817341224794,17.431136912340733,17.50870679413543,15763600
2009-11-09,17.987436294555664,18.093817420494407,17.663856001673416,17.69931750425134,26318800
2009-11-10,17.974136352539062,18.06057164648281,17.854456324563703,17.929811167761855,19660000
2009-11-11,17.912090301513672,18.16696448186758,17.814572812116058,18.08939452025509,14662800
2009-11-12,17.740053176879883,17.999760762083593,17.609090130731925,17.90875285931443,12969200
2009-11-13,17.757814407348633,17.799989758491574,17.48034855723381,17.74227638748289,13697600
2009-11-16,17.657928466796875,17.84438471667525,17.584677071408688,17.780012432259927,23030400
2009-11-17,17.879892349243164,17.908748175546698,17.600206418739333,17.6601382713748,15734000
2009-11-18,17.844375610351562,17.950923194135417,17.682336574960846,17.799981771659517,11470800
2009-11-19,17.797771453857422,18.10187466765162,17.364925358965433,17.751157389293464,36533600
2009-11-20,17.757814407348633,17.85548292851454,17.675683906048473,17.695662327885657,12538400
2009-11-23,17.85548973083496,17.935400061592457,17.737844436530256,17.930959657929378,17463600
2009-11-24,17.895429611206055,17.899868317560113,17.66901663627313,17.83549606757002,12153200
2009-11-25,18.1551456451416,18.179562775348625,17.83994484694547,17.935393166795528,11494800
2009-11-27,17.831064224243164,17.94426906176487,17.669023436932193,17.775571059118683,9295200
2009-11-30,17.979787826538086,18.064136838774164,17.802208997757983,17.831066531207153,15704800
2009-12-01,18.41706657409668,18.512514858184787,17.97978028870504,18.077448772939338,24410000
2009-12-02,18.250587463378906,18.512515199412576,18.219511434825463,18.434825128028976,12852800
2009-12-03,17.764474868774414,18.341603548730415,17.742277937529433,18.27945146383755,19122800
2009-12-04,17.817739486694336,18.110743244866608,17.47146277981343,17.999756947172315,21865600
2009-12-07,17.742265701293945,17.899866006014243,17.72228729148978,17.815517048048996,9660800
2009-12-08,17.755584716796875,17.84881447968135,17.657917941346643,17.673455952908014,10418800
2009-12-09,18.14626693725586,18.18622208816115,17.64682839769836,17.67346572947428,16743600
2009-12-10,18.272781372070312,18.37044984200228,18.064126620312475,18.175112902138345,14546800
2009-12-11,18.055248260498047,18.29054033928105,18.01085442334007,18.266123220789265,11518800
2009-12-14,18.816614151000977,19.06966444068173,18.532489530291183,18.858789481533822,70498800
2009-12-15,19.120723724365234,19.13404154129275,18.62350546804084,18.696756848175973,38040000
2009-12-16,19.318283081054688,19.41817180839573,19.058575438299005,19.142924451449833,33778800
2009-12-17,19.318283081054688,19.400413586621692,18.978665133833065,19.198417624355777,38240000
2009-12-18,19.748910903930664,19.908731514960152,19.398193640117864,19.40041384124807,337533600
2009-12-21,19.42482566833496,19.771102435321417,19.22948866663651,19.74668531010911,44560800
2009-12-22,19.156238555908203,19.526932439812935,19.058570057244246,19.45812146676338,28816800
2009-12-23,19.122941970825195,19.31161836325712,19.011955658392683,19.191752942607998,23111600
2009-12-24,19.154014587402344,19.267221080081924,19.045248494797647,19.22060534687777,6912400
2009-12-28,19.258346557617188,19.311619516581665,19.109623603002905,19.18509518059301,13439600
2009-12-29,19.538028717041016,19.59574207080042,19.233927320055518,19.233927320055518,18743200
2009-12-30,19.56466293334961,19.595738958858046,19.415941712199746,19.415941712199746,12350800
2009-12-31,19.413732528686523,19.573553146859155,19.34936024117158,19.52915928337446,12643600
2010-01-04,19.56466293334961,19.704505048137577,19.41372151223018,19.533586907841173,20180000
2010-01-05,19.340471267700195,19.42926064291154,19.089642849230884,19.37820789528864,25833600
2010-01-06,19.080764770507812,19.329374695792403,19.06744695623926,19.313836681306903,16254000
2010-01-07,19.258346557617188,19.311619516581665,18.98975986871204,19.08298797027908,27841200
2010-01-08,19.311614990234375,19.398184163329972,19.140696844088726,19.27165985699668,11907200
2010-01-11,19.256118774414062,19.520266651688548,19.127374288556233,19.424818387141006,12912000
2010-01-12,19.16511344909668,19.322715485210193,19.056347349406252,19.21838809236739,12842000
2010-01-13,19.342697143554688,19.356014961013493,19.078549140508613,19.191755669459354,13428800
2010-01-14,19.40929412841797,19.429270859248575,19.20063924098346,19.304966684700716,18379600
2010-01-15,19.120723724365234,19.43148576963682,19.071889470941812,19.418167952709307,21295200
2010-01-19,19.500301361083984,19.62460722470627,19.023059717263358,19.12738715725174,15239600
2010-01-20,19.404848098754883,19.475879276972382,19.158458328856113,19.462561460280625,12771200
2010-01-21,18.745588302612305,19.51139490760416,18.672338620313774,19.41150620598776,28140800
2010-01-22,18.363798141479492,18.732271861091366,18.121847071536028,18.65236157134095,29776400
2010-01-25,18.208423614501953,18.60353482124397,18.070801599377386,18.512526878356844,16147200
2010-01-26,18.01308250427246,18.321624380006636,17.97756606419399,18.057476360853478,12437600
2010-01-27,18.62572479248047,18.674557350089728,17.89321441262284,17.95314627949415,19335200
2010-01-28,18.346040725708008,18.75225110079357,18.070795100922584,18.72561377187227,13070800
2010-01-29,18.208423614501953,18.86324421444918,18.172908856685734,18.334948008722908,20281600
2010-02-01,18.570234298706055,18.812183694992395,18.24615271171854,18.266131132554488,16098000
2010-02-02,18.647920608520508,18.750027812295222,18.53471409614381,18.703413764496986,14441600
2010-02-03,18.53915023803711,18.75446392439353,18.223949562152022,18.698970776096164,32197600
2010-02-04,18.434833526611328,19.129607472249244,18.379340351267544,18.923172792229686,66486800
2010-02-05,18.326059341430664,18.614624430760355,17.877675384974594,18.494759010278024,38687200
2010-02-08,18.434833526611328,18.73005593236709,18.326065683605048,18.401537282701597,23966800
2010-02-09,18.483659744262695,18.67455633730249,18.35713541571462,18.576889533863962,17968000
2010-02-10,18.593704223632812,18.653727891948108,18.426974449966046,18.560357929686866,14572800
2010-02-11,18.927162170410156,18.942723546793935,18.507003311985248,18.627048942401338,18044800
2010-02-12,18.84713363647461,18.882703469519207,18.59592805083336,18.784888124709557,22114800
2010-02-16,19.091672897338867,19.10501243457517,18.940504478478793,18.947175095128557,16065600
2010-02-17,19.211713790893555,19.238391162685996,19.064992486192125,19.120569072045946,14976800
2010-02-18,19.331756591796875,19.44068620923732,19.11834273686634,19.11834273686634,15289200
2010-02-19,19.29842185974121,19.336215244227255,19.004977421521367,19.11835418285236,13672000
2010-02-22,19.320648193359375,19.509608276104668,19.298416198631518,19.35177095070269,11572800
2010-02-23,19.14502716064453,19.471816133403745,19.13168762375209,19.345101557336204,19129200
2010-02-24,19.036090850830078,19.25395180534461,18.840461886660318,19.167252470400747,16210000
2010-02-25,18.947175979614258,18.99386012196256,18.615938209138744,18.84046815705864,14140800
2010-02-26,18.958284378051758,19.05609971025884,18.900484254832772,19.024976958386183,12476400
2010-03-01,19.300642013549805,19.327319392731603,18.958289946334766,19.007197626803094,13495200
2010-03-02,19.218381881713867,19.336205663339744,19.17392129337172,19.300635835815843,12901200
2010-03-03,19.296199798583984,19.387344557636297,19.17170703803394,19.25173749265056,13658000
2010-03-04,19.34954071044922,19.440685412226482,19.147241161719524,19.340648254850525,14576800
2010-03-05,19.67633819580078,19.687452497178242,19.36288538545874,19.429577977975836,19503600
2010-03-08,20.147624969482422,20.214317556481134,19.582966606698935,19.662997032672212,31258400
2010-03-09,20.040916442871094,20.37882132586096,19.9764474021826,20.063146737162327,36690800
2010-03-10,20.345474243164062,20.40994328133904,19.907532204906744,19.949769253594532,28438800
2010-03-11,20.616687774658203,20.73673339175872,20.185414664403716,20.223206331992035,55125200
2010-03-12,20.730064392089844,20.81454018331957,20.596680938967207,20.712279479390126,28641200
2010-03-15,20.543323516845703,20.70782968408683,20.256548220941546,20.64558419897193,20734000
2010-03-16,20.374378204345703,20.654484692446463,20.307685618015025,20.603353483451215,19068000
2010-03-17,20.34325408935547,20.54333013890583,20.283230426458953,20.47886109538056,14785200
2010-03-18,20.036468505859375,20.412166738678057,20.025354207222456,20.341028782363665,18766000
2010-03-19,19.749704360961914,20.174310497949406,19.71635975004761,19.749704360961914,24224000
2010-03-22,19.838621139526367,19.95199786972834,19.602976916339962,19.64966105323181,16674400
2010-03-23,20.003129959106445,20.074267936919714,19.84084554618637,19.896422144354958,13516400
2010-03-24,19.72968864440918,19.994233744747568,19.69411881415134,19.91864870348109,15611600
2010-03-25,20.098711013793945,20.403269523199253,19.894187953038923,19.936426687770222,20353600
2010-03-26,20.06315040588379,20.28545678157225,19.92976691968332,20.16985821248199,13536000
2010-03-29,20.060928344726562,20.2654515144311,20.038698044733053,20.134289861162,11134400
2010-03-30,20.229877471923828,20.416613988323743,20.083154469555765,20.112055379995862,16330800
2010-03-31,20.236549377441406,20.49664743341065,20.123172649430554,20.163187865430675,12504400
2010-04-01,20.574453353881836,20.581122273006255,20.298792258944932,20.381046218959423,17464400
2010-04-05,20.556673049926758,20.718955771898912,20.474419071461806,20.685611168797255,15363200
2010-04-06,20.541112899780273,20.74785793170644,20.40995123416138,20.458858916390007,13813600
2010-04-07,20.165416717529297,20.563345443697113,20.14763179549572,20.563345443697113,14750400
2010-04-08,20.33880615234375,20.469967772192017,20.118723355179135,20.154293182955865,10770000
2010-04-09,20.56778335571289,20.587791809749238,20.374377911051305,20.438846957959466,9567200
2010-04-12,20.71673011779785,20.783421007795226,20.56333818749693,20.685607363253162,9323200
2010-04-13,20.627811431884766,20.850117835897667,20.487759007939413,20.76564201295554,11436000
2010-04-14,20.954599380493164,20.99461459583205,20.643370116308844,20.710062707227998,17329200
2010-04-15,20.996835708618164,21.1769050194159,20.88123714391433,20.976828949675628,20639200
2010-04-16,20.86345863342285,21.09910460838688,20.630037893775206,20.914589859858147,18766400
2010-04-19,20.701171875,20.936816108250788,20.4699730233303,20.718955097387532,12586400
2010-04-20,20.907915115356445,20.916805877764915,20.563339557853684,20.81899222670447,9090400
2010-04-21,20.703386306762695,20.981269197847002,20.643364348556013,20.974600279830987,11365600
2010-04-22,21.150218963623047,21.163556797443537,20.554438076081738,20.63446847112925,14658400
2010-04-23,21.472570419311523,21.523701628191144,21.170235331201436,21.385871074915446,12498800
2010-04-26,21.34141731262207,21.605962507466757,21.239156558193372,21.570392664501924,18274800
2010-04-27,20.663381576538086,21.392548077038576,20.650043733745324,21.330300853191023,17868400
2010-04-28,20.81010627746582,20.91014349845073,20.51888537970052,20.834560121895652,20395200
2010-04-29,20.63447380065918,21.030178802785514,20.474412969223195,20.84566413898777,29408000
2010-04-30,20.058698654174805,20.75674031645976,20.012012837571742,20.736731867049514,25059600
2010-05-03,19.845287322998047,20.289900027585606,19.656327262760907,20.129840878626894,31020000
2010-05-04,19.64521598815918,20.218765176396275,19.589639391526905,19.860851758399377,30622800
2010-05-05,19.21394920349121,19.55185430804096,18.673744387301713,19.287310749210935,37174400
2010-05-06,18.43364143371582,19.24283638124843,16.875275200662458,19.084999082280216,63938000
2010-05-07,18.293603897094727,18.71153954783021,17.951251649720955,18.46477917274953,45519200
2010-05-10,19.116125106811523,19.38511562259862,19.102787266775774,19.1739252404049,35106800
2010-05-11,18.709306716918945,18.9516198694681,18.482553247864246,18.924942491913676,47244000
2010-05-12,19.07554817199707,19.49188019052109,18.868495586117458,18.933060553605337,37131600
2010-05-13,19.086673736572266,19.587607064761787,18.817281429768197,19.12006793291628,31835600
2010-05-14,17.2009334564209,17.786468099130907,16.90259902158656,17.514850713241323,169829200
2010-05-17,16.633207321166992,17.641752492951614,16.401664675548556,17.537112848446768,90552000
2010-05-18,15.604631423950195,16.92264416952657,15.20388571702551,16.7155916264437,189331200
2010-05-19,16.245824813842773,16.51966741733865,15.742664636099844,15.742664636099844,131631200
2010-05-20,16.212427139282227,16.791283030528945,15.83171805274782,16.029864857460133,101612800
2010-05-21,16.51966667175293,16.920413998520598,16.032092739202266,16.032092739202266,79601200
2010-05-24,16.59758949279785,16.96493919418494,16.419479208391248,16.79573629244278,41148000
2010-05-25,16.245824813842773,16.44174479433518,15.978659351077722,16.265861331792614,45448000
2010-05-26,16.3415584564209,16.740078946748458,16.3326527713281,16.506309384173303,44406000
2010-05-27,16.4061279296875,16.740083569247954,16.23247126888986,16.697781978022707,39094800
2010-05-28,16.13227653503418,16.36381921482937,16.02986372064918,16.334877016824528,26581200
2010-06-01,15.916325569152832,16.38608997912614,15.887383358069838,16.13896266587625,25082000
2010-06-02,15.86289119720459,16.000926791744924,15.589046854422358,15.9096447779555,37608800
2010-06-03,16.216890335083008,16.299266697887397,15.954180110187082,16.014291397550927,39125600
2010-06-04,16.05880355834961,16.34155345307179,15.818356928805406,15.818356928805406,42138400
2010-06-07,16.005380630493164,16.42616460433583,15.929684833482256,16.029870846840513,30615200
2010-06-08,16.330425262451172,16.36159430971774,15.827265115941927,16.054355830124845,30502800
2010-06-09,16.430612564086914,16.804642821274467,16.292577001803608,16.5018563417138,35586800
2010-06-10,17.243240356445312,17.25214604305724,16.697780215506516,16.838040957825797,36380000
2010-06-11,16.938222885131836,17.118558306447156,16.775697132384174,17.03395686034803,30177200
2010-06-14,16.426151275634766,17.140815567158075,16.408339914819173,17.13190988675028,37456800
2010-06-15,17.127464294433594,17.134143132588353,16.452874463435073,16.579777484131967,31226400
2010-06-16,17.180898666381836,17.198710035891867,16.833585453864643,16.96048848909867,28142000
2010-06-17,17.41912269592285,17.617269538853193,17.200939333377185,17.323388694393568,29133200
2010-06-18,17.15195655822754,17.64398417816696,16.978299951023708,17.47923325576662,29732800
2010-06-21,18.01133918762207,18.65476017992363,16.791287304440523,17.35678566245723,115862800
2010-06-22,17.534894943237305,18.033601471283554,17.505951038966174,18.033601471283554,46870800
2010-06-23,17.3122615814209,17.579425425224294,17.100755314705776,17.579425425224294,27933600
2010-06-24,17.027280807495117,17.35678266079774,16.866981874067573,17.171993518175118,26277600
2010-06-25,17.067358016967773,17.234335813748817,16.842494108365223,17.14973264295139,24130400
2010-06-28,16.746753692626953,17.207612167373867,16.731169172170212,17.140820394796204,20523600
2010-06-29,15.907410621643066,16.57977521356814,15.82948802286639,16.537473646267117,39851600
2010-06-30,15.751569747924805,16.052129396330606,15.742664062964948,15.954170258943643,24716400
2010-07-01,16.221332550048828,16.25472844098917,15.609080777623005,15.80722757899397,30360000
2010-07-02,16.292573928833008,16.42838261972315,16.15899208330091,16.30593160381062,18801200
2010-07-06,16.089982986450195,16.546389735545,15.983118126225891,16.437298028645007,23726000
2010-07-07,16.6577091217041,16.679972493814738,16.063268423559457,16.18126582447359,20873600
2010-07-08,16.715587615966797,16.87588653971147,16.484044914845118,16.809094755289312,16231600
2010-07-09,17.227649688720703,17.27663009833421,16.835809808983527,16.973843655801115,22479600
2010-07-12,17.033954620361328,17.225422545615437,16.893692245707015,16.918182447675697,15832800
2010-07-13,17.0517635345459,17.32115574432028,16.8024112325315,17.32115574432028,19931600
2010-07-14,16.982757568359375,17.143056550737477,16.84249680807167,17.047322530627568,12814800
2010-07-15,16.76011848449707,17.062905037872376,16.53302941875862,17.00724576995171,16489200
2010-07-16,15.907410621643066,16.41947632546454,15.867335899617167,16.386080440678747,39060000
2010-07-19,15.856204986572266,16.085520789724807,15.778282388207604,16.076615107256664,20019200
2010-07-20,16.386089324951172,16.399448705259886,15.695914692379386,15.74266827699443,19106400
2010-07-21,16.11001205444336,16.4773634122038,16.014278084828035,16.472909721383353,15907600
2010-07-22,16.577550888061523,16.59758910141289,16.256953063123827,16.285896960344072,19493200
2010-07-23,16.82912826538086,16.913731403681542,16.48626881577452,16.57977593839443,12660800
2010-07-26,16.938222885131836,17.031730014807525,16.775697132384174,16.851394593492202,15792800
2010-07-27,17.05622673034668,17.203166318983005,16.891475767758646,17.143055055128624,17352400
2010-07-28,16.737855911254883,17.107432584519714,16.72004453701447,16.95381415280802,25205200
2010-07-29,16.025409698486328,16.67105554659527,15.88514732160017,16.644340197539062,58866800
2010-07-30,16.330425262451172,16.392763356984307,15.889604909060745,15.938583627204151,30784800
2010-08-02,16.081071853637695,16.116692891694,15.80054874763241,15.802775593318922,53846800
2010-08-03,16.25250816345215,16.368278707101524,15.902967987332312,15.947494727523706,34164800
2010-08-04,16.130062103271484,16.34156843151356,16.114477569492536,16.29926682614779,20499200
2010-08-05,15.918554306030273,16.1189280565927,15.878479555917789,16.05881508213075,30787600
2010-08-06,16.061037063598633,16.074394743394205,15.776061904053536,15.840626854042025,19362800
2010-08-09,16.639894485473633,16.668838392276243,16.21020486341084,16.27922351159808,28612400
2010-08-10,16.757888793945312,16.860303324292772,16.48849818676191,16.48849818676191,31068400
2010-08-11,16.393268585205078,16.580593917506256,16.279534375501743,16.502541695714097,23113600
2010-08-12,16.275075912475586,16.544914581261388,16.17472159176969,16.23047342502488,24677200
2010-08-13,16.1055908203125,16.30629777224353,16.08998037412959,16.266156381857325,14566800
2010-08-16,16.241626739501953,16.333058874070318,16.01192942665156,16.07437121638823,10700800
2010-08-17,16.359821319580078,16.45125345945393,16.154654940994167,16.37989116684095,13334000
2010-08-18,16.252777099609375,16.364280788633234,16.172494307399297,16.29737959606568,12232000
2010-08-19,15.974014282226562,16.219323704003155,15.945023942112458,16.150190275406622,18442400
2010-08-20,15.632820129394531,15.96510071576416,15.516857017184947,15.89819950920881,31538400
2010-08-23,15.63728141784668,15.90043025016868,15.521316602837446,15.733174679660925,18389600
2010-08-24,15.75770092010498,15.82683265745447,15.387507884751015,15.501242115076902,26747600
2010-08-25,15.8023042678833,16.087753463462526,15.670729019082973,15.67964951912125,22398800
2010-08-26,15.590446472167969,15.922726985998551,15.583754821702803,15.880355040108768,14099200
2010-08-27,15.858057022094727,15.862516421662662,15.521315357430169,15.697491415064963,15654000
2010-08-30,15.507927894592285,15.92272161000032,15.507927894592285,15.826828402644468,14000000
2010-08-31,15.38304615020752,15.632813267303066,15.166728771000928,15.507929708755292,23217200
2010-09-01,15.728713989257812,15.775545346054122,15.403123340998942,15.572609466603454,17290400
2010-09-02,16.052072525024414,16.11228377111902,15.757702841137931,15.829065137188856,16776800
2010-09-03,16.16803741455078,16.310762022511135,16.07437470959146,16.279541120858028,14072000
2010-09-07,15.945028305053711,16.275079989219872,15.909346306155161,16.02754165144809,14419200
2010-09-08,15.287158012390137,15.759932613398849,15.23140616216466,15.688570313166698,45012000
2010-09-09,14.892428398132324,15.380814968161562,14.73409340679467,15.338443033363173,53064000
2010-09-10,15.18457317352295,15.27154762553287,14.870133621684976,14.90581392124287,31392000
2010-09-13,14.60252571105957,15.164503626234255,14.473181007085286,15.164503626234255,60549200
2010-09-14,14.968254089355469,15.153348898574224,14.618132614523793,14.63597190962402,39616000
2010-09-15,15.371895790100098,15.499009903990052,15.07529562388655,15.10205711680426,43076400
2010-09-16,15.24925422668457,15.43435088416848,15.177891885432178,15.345147532249886,29800400
2010-09-17,15.273774147033691,15.387508381027727,15.206872957528113,15.336215937803376,41961600
2010-09-20,15.679652214050293,15.68188276479609,15.18011603592922,15.276009301058023,29386800
2010-09-21,15.597142219543457,15.858060538111342,15.503477793734671,15.710874798563168,25300000
2010-09-22,15.74878215789795,15.804534004207033,15.599365916717,15.628357965700971,25826400
2010-09-23,15.829066276550293,15.936108877625832,15.588217872013123,15.62166932287853,26984000
2010-09-24,16.13905143737793,16.13905143737793,15.913813413198707,16.000786191576545,21028800
2010-09-27,16.279541015625,16.388814170704517,16.034233203617063,16.228248562434153,20098400
2010-09-28,16.339750289916992,16.41334313503362,16.17918640249615,16.26392859597476,29212800
2010-09-29,16.593978881835938,16.61404872805152,16.25277618347043,16.28176822988562,27882000
2010-09-30,16.56053352355957,16.718868607075134,16.460179151362855,16.667576145541908,23144000
2010-10-01,16.350900650024414,16.674260662875316,16.317449203526778,16.667570713858037,18121600
2010-10-04,16.333057403564453,16.58282624143499,16.185873441209523,16.337518503236094,23152000
2010-10-05,16.723325729370117,16.723325729370117,16.42672715774538,16.529310365426262,20658000
2010-10-06,16.553844451904297,16.837063176584554,16.45795117635204,16.738939350044046,15120800
2010-10-07,16.41557502746582,16.67872383036532,16.399964577353625,16.564989578741343,9975200
2010-10-08,16.502544403076172,16.51369545148053,16.317447888594895,16.433412666920244,9381600
2010-10-11,16.567218780517578,16.678722472645376,16.46463558792936,16.469094986993493,10399200
2010-10-12,16.55829429626465,16.62073607660394,16.404418693706457,16.52930395579595,13899200
2010-10-13,17.15818214416504,17.17156203766505,16.569443010415092,16.66087511834963,29848000
2010-10-14,17.209482192993164,17.334367505152553,17.013236275902113,17.09574963380996,21303200
2010-10-15,17.30536460876465,17.372267473410226,17.086818426888744,17.341046590285096,14348000
2010-10-18,17.474853515625,17.4770840651925,17.1158115987437,17.28529763624681,20168800
2010-10-19,17.294225692749023,17.742469371336714,17.22509223722338,17.30760559318103,28970400
2010-10-20,17.73354148864746,17.824975307302534,17.229546166175513,17.34104982712413,19824000
2010-10-21,17.66219139099121,18.036844018141306,17.523927844991306,17.71794325990395,19506400
2010-10-22,17.6822509765625,17.81159563320465,17.552906319920346,17.65103008722279,14815600
2010-10-25,17.981090545654297,17.998931550454177,17.7625441917973,17.84282701198489,16515600
2010-10-26,17.8472843170166,17.9141872264551,17.702329147507633,17.88073577173585,15630400
2010-10-27,17.822750091552734,17.97439518388254,17.653265701204575,17.905263437856615,20665600
2010-10-28,17.048913955688477,17.72908716261758,16.796916222363123,17.693405164229215,44460800
2010-10-29,17.430261611938477,17.490472869646926,17.024386454435692,17.037768057246648,22865200
2010-11-01,17.2429256439209,17.568516121845327,17.104660495181427,17.523915339109138,13677200
2010-11-02,17.488243103027344,17.543994963239555,17.27861726558942,17.430262393423103,15381600
2010-11-03,17.61758041381836,17.666642302386403,17.394573066808,17.521687186547464,14124400
2010-11-04,17.83835792541504,17.862888870681562,17.630961016332424,17.775916137977024,20202000
2010-11-05,17.795991897583008,17.945406453096407,17.651036741623237,17.90080395050259,23766400
2010-11-08,17.552915573120117,17.802684520916934,17.52838461836276,17.706791252705024,12224800
2010-11-09,17.465932846069336,17.729081545875875,17.40349107008317,17.615347338809197,10806400
2010-11-10,17.6822509765625,17.686710374434945,17.396801873221793,17.506074985910782,11910800
2010-11-11,17.666650772094727,17.726862036033026,17.40350190840779,17.59751900583004,9205200
2010-11-12,17.15818214416504,17.575204704748362,17.15149219741503,17.52168342933764,13316000
2010-11-15,17.028844833374023,17.36335592616988,17.019924333396766,17.28753252706889,13310000
2010-11-16,16.723325729370117,17.0154666026862,16.56053126770255,16.85043988904117,20359200
2010-11-17,16.92220687866211,17.060747551734014,16.727800886188092,16.73673926909954,14880000
2010-11-18,17.19257164001465,17.228323435794263,17.02051090181174,17.04285598727659,17200800
2010-11-19,17.217159271240234,17.331119768370307,17.15235730169215,17.16129568074928,10312000
2010-11-22,16.86186408996582,17.201515637399744,16.82164224105447,17.132243633550512,19955600
2010-11-23,16.680864334106445,16.792591487442966,16.649580867557905,16.759073000477795,14625600
2010-11-24,16.942306518554688,16.98252836445282,16.792592532919883,16.87303622471614,17354800
2010-11-26,16.8663330078125,16.935603302225793,16.810469427202765,16.826111161580645,4349600
2010-11-29,16.578081130981445,16.810473892627787,16.294293111400524,16.810473892627787,21576400
2010-11-30,16.50210189819336,16.598187328103712,16.36802964141225,16.43283160156772,18542000
2010-12-01,16.80823516845703,16.86633377227439,16.636174377680575,16.74566822810969,22343200
2010-12-02,17.20598793029785,17.221629669314346,16.873041368477224,16.886448086256596,26758800
2010-12-03,17.284202575683594,17.326659469696835,17.031699643255266,17.145661898077908,20678400
2010-12-06,17.498714447021484,17.50765282807441,17.2395082157741,17.273026718517105,18351200
2010-12-07,17.179166793823242,17.824949615395997,17.163525060266227,17.650655525811807,25374800
2010-12-08,17.41602897644043,17.462954175640306,17.20598138541343,17.20598138541343,14308800
2010-12-09,17.67971420288086,17.695355943980704,17.273027229462972,17.462963144195925,14858400
2010-12-10,17.92103385925293,17.929972235672437,17.65959274206106,17.65959274206106,23734800
2010-12-13,18.07522201538086,18.267392890430425,17.76462060904243,17.943384768797824,40988400
2010-12-14,18.019363403320312,18.14226401018504,17.90987122027291,18.048411862751134,24787600
2010-12-15,17.19257164001465,17.96125314989412,17.150114784256914,17.918797998957125,45802000
2010-12-16,15.013894081115723,17.76461580708522,14.879820145130047,17.246201929712804,202230800
2010-12-17,14.9490966796875,15.32450006400973,14.859714596787649,15.261933117426263,167890800
2010-12-20,15.19266128540039,15.244056537734398,14.971441948878903,15.083169127601879,64190800
2010-12-21,15.206071853637695,15.384834341947725,15.168083311842562,15.346847504974283,43468400
2010-12-22,15.317797660827637,15.366956189906032,15.208303792660862,15.255229005523107,23286800
2010-12-23,15.358019828796387,15.402710021532895,15.25299600056186,15.268637738501795,16600800
2010-12-27,15.822799682617188,15.903243373333307,15.34013924314162,15.346842599897771,31037600
2010-12-28,15.804931640625,16.044027798260466,15.753536374671102,15.945707309386176,19129600
2010-12-29,15.775874137878418,15.905478048419745,15.715542223562208,15.845146134103533,12998000
2010-12-30,15.706607818603516,15.809396623876282,15.668620984989534,15.802693265570465,11019200
2010-12-31,15.726720809936523,15.746832593405108,15.630635345151163,15.704375709832874,11102000
2011-01-03,15.758001327514648,15.847383415941442,15.684262681522467,15.731187894361689,25710000
2011-01-04,15.775874137878418,15.854082806370215,15.699900489863849,15.849614470236874,18138000
2011-01-05,16.10882568359375,16.16245596309,15.793755889456113,15.82950770429863,38512800
2011-01-06,16.35015106201172,16.43506478886382,16.20267210745031,16.251832327244465,28358800
2011-01-07,16.303232192993164,16.435071170434764,16.20044337752129,16.41049105099348,28248400
2011-01-10,16.0462589263916,16.365798766828814,16.039555567577523,16.24513319371039,18202400
2011-01-11,16.0618953704834,16.204905994113016,15.988156743014551,16.09988389927651,20593600
2011-01-12,16.225019454956055,16.229487791549623,16.086477153057416,16.088712173764844,18545200
2011-01-13,15.896540641784668,16.374732763837045,15.847380417211228,16.34121427391686,28109600
2011-01-14,15.892072677612305,15.988158108396085,15.807158940516112,15.925589463496323,25165600
2011-01-18,15.912186622619629,15.943470100274167,15.807162788427249,15.92559334023681,19341600
2011-01-19,15.445172309875488,15.874204447833153,15.295456531623637,15.856327682546041,42852800
2011-01-20,15.795988082885742,15.985923933840294,15.085403202573062,15.349079396017927,81365200
2011-01-21,15.675324440002441,15.865260314065678,15.621695868403522,15.755768149811598,24783600
2011-01-24,16.041790008544922,16.05072838824761,15.68202832341444,15.693201724248201,22922000
2011-01-25,15.994861602783203,16.1736240467094,15.711073644508199,15.90324450772428,30279600
2011-01-26,15.865254402160645,16.11999215335896,15.85408100586456,16.066363601743767,17839600
2011-01-27,15.775874137878418,15.914416425507538,15.75576406804672,15.878662917156367,19417200
2011-01-28,15.521140098571777,15.849618290226479,15.512201719329706,15.820569836305884,25048400
2011-01-31,15.608283996582031,15.722246177756563,15.496556835969674,15.619457394571736,24602800
2011-02-01,15.798215866088867,16.02837519127065,15.688723753501923,15.688723753501923,25448800
2011-02-02,16.10882568359375,16.10882568359375,15.809397628103774,15.88090296261046,27162400
2011-02-03,16.006031036376953,16.195968556908294,15.86525543987141,16.028377830430777,33462800
2011-02-04,16.289813995361328,16.31215907779146,15.99932280930807,16.08423650929129,28833600
2011-02-07,16.519981384277344,16.566906596665863,16.294291996752214,16.30770041802145,22240400
2011-02-08,16.662986755371094,16.665221775677058,16.495396033664335,16.528914518969884,15376000
2011-02-09,16.407739639282227,16.730163022635224,16.367436716363102,16.519692013140055,18674400
2011-02-10,16.734643936157227,16.826445722269494,16.322659932430632,16.322659932430632,24752400
2011-02-11,16.77718162536621,16.821961888431904,16.63164320801641,16.703292653876037,17280400
2011-02-14,16.95854377746582,17.22723047850871,16.680902390486608,16.790615229910586,28970800
2011-02-15,16.929431915283203,16.996603998316036,16.813000532460563,16.95182204020847,15855200
2011-02-16,17.0078067779541,17.06378297260571,16.895854388650882,16.95854745333942,20147200
2011-02-17,17.0481014251709,17.177966543661423,16.8936066563371,16.96077874059277,23475600
2011-02-18,16.978700637817383,17.258581625352583,16.920484914097827,17.146629230338505,26009600
2011-02-22,16.51073455810547,16.81524513210711,16.36967519107462,16.645077056457357,31588800
2011-02-23,16.318178176879883,16.692100421675992,16.295788042691896,16.488346271572514,28714800
2011-02-24,16.548795700073242,16.622682946114367,16.26219627506093,16.26891485038934,19613200
2011-02-25,16.721202850341797,16.88241450559987,16.6092505017745,16.6092505017745,24869600
2011-02-28,16.356246948242188,16.85331418829735,16.35176789544654,16.761514105084043,24857200
2011-03-01,16.277875900268555,16.765988361338707,16.235335156094614,16.539845776299355,26993600
2011-03-02,16.562227249145508,16.6182034116973,16.235326664833867,16.250999922018092,21544000
2011-03-03,16.978700637817383,16.994373904789036,16.69434059785715,16.725687131800452,20388000
2011-03-04,16.72344207763672,17.003322944067875,16.573424634954115,16.98541015863454,19520000
2011-03-07,16.6025390625,16.84211709843547,16.568953005297157,16.703295525850702,18637200
2011-03-08,16.60701560974121,16.772706361792697,16.414457379822377,16.66970866910869,33497600
2011-03-09,16.50402069091797,16.716731251228993,16.41222062184775,16.65851553166138,17861600
2011-03-10,15.986791610717773,16.41668810881187,15.94872823196354,16.41668810881187,28557600
2011-03-11,16.235334396362305,16.295787929074148,15.946497055055218,15.982320927854676,17335600
2011-03-14,16.08979034423828,16.28458802963379,16.03829151651632,16.09874673637502,13971600
2011-03-15,15.942017555236816,16.076361772167733,15.774088992330848,15.874847155029036,24180400
2011-03-16,15.88828182220459,16.10994705988626,15.82558876170939,15.991277808483526,24056800
2011-03-17,15.993517875671387,16.121143526929263,15.926345761006047,16.029341750770488,13790400
2011-03-18,15.991275787353516,16.152487470112998,15.879323419688049,16.148010127039708,25268400
2011-03-21,16.11219024658203,16.19279611646345,16.03830124781437,16.085321053868835,14807600
2011-03-22,16.031583786010742,16.112189652922208,15.942021521858214,16.076365772216057,15354400
2011-03-23,16.118906021118164,16.203990938125827,15.975607086246159,15.975607086246159,17580000
2011-03-24,16.26891326904297,16.311453992445088,16.018139437128962,16.17039467288801,20558800
2011-03-25,16.141292572021484,16.32489610654488,16.13233788530794,16.22861699592641,29466800
2011-03-28,16.289060592651367,16.367426865535133,16.11217574342422,16.20845479532617,23174800
2011-03-29,16.165924072265625,16.226379318142158,16.065167606815226,16.20174965623066,23558400
2011-03-30,16.620450973510742,16.86898368382503,16.49506314714738,16.555518388560976,59673200
2011-03-31,16.483869552612305,16.774944724600456,16.479390500650354,16.68314465847408,18555200
2011-04-01,16.618215560913086,16.674191764387864,16.40326714456092,16.5667167020827,17270000
2011-04-04,16.846588134765625,16.848827659942746,16.57790319425546,16.61148923888353,15529200
2011-04-05,16.93168067932129,16.998851090749802,16.748078821537277,16.833162025983246,18078800
2011-04-06,17.016759872436523,17.016759872436523,16.911524373588403,16.95182729424816,18132000
2011-04-07,17.108562469482422,17.139908997275842,16.954067648030815,17.041390362349293,22079200
2011-04-08,17.1779727935791,17.401877544885902,17.088410551404845,17.200362927058244,23977200
2011-04-11,17.399639129638672,17.410835051221696,17.173494838072394,17.19588668123844,19004400
2011-04-12,17.247379302978516,17.370527575103534,17.189163600859658,17.222749648553513,20512000
2011-04-13,17.352619171142578,17.462332026944722,17.28544705878988,17.321272640913396,18258400
2011-04-14,17.08616828918457,17.298878793814495,17.05258394847332,17.272009612988082,18609200
2011-04-15,17.121994018554688,17.240663245494698,17.030192264426802,17.121994018554688,20256000
2011-04-18,16.945112228393555,17.083933793937685,16.893613382193358,16.9227220941465,15332000
2011-04-19,16.998849868774414,17.01228531670067,16.828683472115017,16.90257074854914,14261200
2011-04-20,17.323511123657227,17.444419893656413,17.10856276863345,17.153343035333442,14838400
2011-04-21,17.413076400756836,17.460097914336487,17.251866371765153,17.321276316536217,10989600
2011-04-25,17.41082763671875,17.435457287106487,17.30783169339598,17.413065453476133,7126400
2011-04-26,17.636972427368164,17.68847125988458,17.3302240823485,17.419786303796844,15200000
2011-04-27,17.66384506225586,17.68175785170167,17.43994031895612,17.643694455322542,8982400
2011-04-28,17.388442993164062,17.65264894742137,17.36381333501167,17.65264894742137,11416000
2011-04-29,17.49144172668457,17.56532900453333,17.36605389043329,17.39740042243164,10877600
2011-05-02,17.719820022583008,17.83848925500352,17.567564739338813,17.567564739338813,13503600
2011-05-03,17.912385940551758,17.950449350693454,17.755653246875227,17.82954054060374,18944800
2011-05-04,17.860881805419922,17.945966706799148,17.699671814493584,17.878794596053204,17334400
2011-05-05,17.621301651000977,17.771319119085895,17.50934928547173,17.710863885075884,20991600
2011-05-06,17.7802791595459,17.88103562588148,17.525026142197188,17.576524992534896,29754400
2011-05-09,17.88103675842285,17.907905948334513,17.6974348980048,17.717585509245055,19093200
2011-05-10,17.99074363708496,18.069109946243156,17.849684280600208,17.90566045974998,19706400
2011-05-11,17.764604568481445,17.968358739888213,17.67728184023795,17.96164186975532,17667600
2011-05-12,17.896705627441406,17.923574810750093,17.706386943379865,17.708624760795747,25078400
2011-05-13,17.892227172851562,17.95268069621865,17.845205677918038,17.912377777888103,21474000
2011-05-16,17.898954391479492,18.20346512645113,17.715352481416456,17.722069353646084,18763200
2011-05-17,18.046722412109375,18.091504386825168,17.85640371727584,17.867599638019204,22112000
2011-05-18,17.94801902770996,18.04223393742836,17.8291285400021,18.04223393742836,20127200
2011-05-19,17.86501693725586,17.977178018836543,17.813423798136427,17.97493431800109,14941200
2011-05-20,17.548730850219727,17.909888108064248,17.548730850219727,17.797726979998387,17216000
2011-05-23,17.25486946105957,17.43881366320612,17.183086399525386,17.293003838121408,18258400
2011-05-24,17.407394409179688,17.44777245515365,17.196532801486132,17.27504519325723,14828400
2011-05-25,17.665372848510742,17.739399583574517,17.185323488336454,17.263835914263552,18002800
2011-05-26,17.786508560180664,17.802211046708916,17.416376564651717,17.624996292208564,21110800
2011-05-27,17.900915145874023,17.909886529258603,17.58013427942565,17.645187933342353,15344800
2011-05-31,18.18355941772461,18.194776213802704,17.94802210306974,17.95026409313112,15274400
2011-06-01,17.761829376220703,18.116258813315252,17.761829376220703,18.116258813315252,17732800
2011-06-02,18.102792739868164,18.129712007919473,17.755094512608217,17.764067601958654,19466400
2011-06-03,17.7506160736084,18.026533148245157,17.712481708198265,17.903155246691593,18954400
2011-06-06,17.542001724243164,17.849323865939233,17.53078663703694,17.72146023397461,17628000
2011-06-07,17.905393600463867,17.97493291796607,17.61377412649089,17.676585764895307,27764800
2011-06-08,17.207759857177734,17.651918672054002,16.682846605585116,17.651918672054002,80785200
2011-06-09,17.144947052001953,17.21224440143659,17.02156914851935,17.111298377284633,32074000
2011-06-10,16.754621505737305,17.118022284187035,16.723216542450096,17.09559041204505,29456800
2011-06-13,16.79275894165039,16.855568879752884,16.667139065445404,16.790515240591745,20820000
2011-06-14,17.03278350830078,17.109052229407467,16.786029448062898,16.848839385784274,30033600
2011-06-15,16.78827667236328,17.05522070235652,16.781547278572354,16.94530327707112,22775600
2011-06-16,16.797252655029297,16.909413801337717,16.685091508720877,16.77930817231684,21041600
2011-06-17,16.696304321289062,16.934085347025185,16.644709453271652,16.916140868597395,25859200
2011-06-20,16.611059188842773,16.676111119184387,16.51908626759683,16.662652335174744,22546800
2011-06-21,16.821924209594727,16.86678968422361,16.633494350482007,16.725465578446208,25295200
2011-06-22,16.74790382385254,17.041765490670866,16.727713926800313,16.810713794337982,17722000
2011-06-23,16.893701553344727,16.91389143797126,16.599840067381,16.642461826026345,20405600
2011-06-24,16.458526611328125,16.902683775729155,16.449553514585055,16.893710678986086,39700800
2011-06-27,16.575166702270508,16.61105907463948,16.400195665578032,16.552734825261155,20880000
2011-06-28,16.88697052001953,16.925104873287165,16.646945897331896,16.66264837876222,23297600
2011-06-29,19.419580459594727,19.58782217607895,16.777064173180086,17.030547743230084,132109200
2011-06-30,18.901391983032227,19.596790568608217,18.82736523480359,19.3208734667755,119880400
2011-07-01,19.733623504638672,19.94897260359177,18.789227281664598,18.86549600545439,61742400
2011-07-05,19.812137603759766,19.919813018056583,19.367978873019037,19.507059259935208,33089600
2011-07-06,19.785215377807617,20.016268658324627,19.48238078036572,19.704459256964128,33615200
2011-07-07,20.22264862060547,20.375187799759303,19.74035550185124,19.785219261596534,48524000
2011-07-08,20.12843894958496,20.22265389649547,19.830089906258507,19.957953537477962,20818800
2011-07-11,19.71792221069336,20.01851314464644,19.66857105164014,19.87719077126527,25733600
2011-07-12,19.673057556152344,19.919813361621223,19.648381975605457,19.744840596440742,18421200
2011-07-13,19.906356811523438,20.180030241706444,19.74484451099294,19.771763798229028,18855600
2011-07-14,19.726898193359375,20.05216475447545,19.691005813721343,19.796437539604486,17211600
2011-07-15,19.908601760864258,19.937763040281773,19.67530639119476,19.895142972124347,15998000
2011-07-18,19.756059646606445,19.94224751691335,19.675303503134604,19.812140206715064,13515200
2011-07-19,20.011783599853516,20.02524238442273,19.785217694763713,19.850271339252572,21594800
2011-07-20,19.883920669555664,20.074594206841823,19.789705751570878,20.074594206841823,9474400
2011-07-21,19.751571655273438,20.27424111393785,19.749327953926308,19.975893869591395,21060400
2011-07-22,20.08131980895996,20.139644052083813,19.762782739835338,19.762782739835338,9035200
2011-07-25,19.982622146606445,20.240593020958716,19.82335358870541,19.883919830155207,13357200
2011-07-26,20.009544372558594,20.186759158594725,19.89738324555671,19.9691662983802,10704000
2011-07-27,19.684274673461914,19.96467744658815,19.572113564211417,19.81213826954977,24094800
2011-07-28,19.498090744018555,19.957952069038342,19.439768187713614,19.76952047763832,19224800
2011-07-29,19.18852424621582,19.34554912662103,18.753338561317324,19.255819890056838,16708400
2011-08-01,19.21993637084961,19.590068539689966,19.08085591687418,19.5160417636332,13512800
2011-08-02,18.744359970092773,19.379192121686764,18.744359970092773,19.067384442426007,17327200
2011-08-03,19.62371253967285,19.684278798325057,18.800448524561844,18.96196082955848,35308800
2011-08-04,19.06515121459961,19.47341771965315,19.04047562543896,19.46444462255443,38827200
2011-08-05,18.71071434020996,19.217681247910267,18.14317777248973,19.14365451584557,33626800
2011-08-08,17.775291442871094,18.351799454167715,17.51507856919675,17.98615486795261,58529200
2011-08-09,18.56490707397461,18.58958265464818,17.07316399539771,18.024289711962577,58702000
2011-08-10,17.784269332885742,18.313670028225147,17.72594506334683,18.235157575832247,38429600
2011-08-11,18.9597110748291,19.222169342380607,17.878478168720978,17.979424182838486,37359600
2011-08-12,18.804935455322266,19.244606879286675,18.715206209087217,19.092067674120003,16598800
2011-08-15,19.26255226135254,19.343308408426168,18.95747386383949,19.092066871814552,18328800
2011-08-16,19.25358009338379,19.37471431982912,18.979906660834303,19.067392205804314,20360000
2011-08-17,18.87380027770996,19.35693756105682,18.7254893642397,19.294017675679235,19090000
2011-08-18,18.042367935180664,18.595166641073813,17.965963942065333,18.316520515256652,32999600
2011-08-19,17.887298583984375,18.354705801578802,17.826626339464518,17.826626339464518,31170000
2011-08-22,17.93000602722168,18.314268385152943,17.808659748753016,18.253596103138115,19341200
2011-08-23,18.82436752319336,18.828862781542757,17.927755499626198,18.026630610048198,20076000
2011-08-24,19.41088104248047,19.455825071050743,18.676063748360203,18.786173618088448,29150800
2011-08-25,18.900766372680664,19.53446218787655,18.86256525923752,19.43109356150426,24273200
2011-08-26,19.291772842407227,19.314243988378337,18.577179428119283,18.765940826041394,21498800
2011-08-29,19.45581817626953,19.759182975244627,19.341213087078486,19.54570448711665,18568800
2011-08-30,19.759178161621094,19.849064450570605,19.392893548616915,19.46480223688885,16622800
2011-08-31,19.747949600219727,19.965923380571112,19.49402231862759,19.887273489320368,24092800
2011-09-01,19.714237213134766,19.9906355559593,19.556935768181386,19.711989584287846,20800800
2011-09-02,19.224369049072266,19.57717153257389,19.123246269812675,19.262570187831948,15807200
2011-09-06,19.29403305053711,19.381671777069556,18.70752667178018,18.70752667178018,15809200
2011-09-07,19.882776260375977,19.89401097736488,19.48278227503134,19.509748681794413,16552800
2011-09-08,19.6535701751709,20.022102572027684,19.64907663032883,19.72098534887554,18386400
2011-09-09,19.40413475036621,19.8670486931633,19.316496060811783,19.523233394404848,26492400
2011-09-12,19.651317596435547,19.658060483659114,19.21087659195511,19.262561774037202,19608400
2011-09-13,19.723228454589844,19.754690121759097,19.47379646206696,19.69851138982067,17469600
2011-09-14,20.129966735839844,20.269288915235478,19.676041551873208,19.826601879599448,26147200
2011-09-15,20.336706161499023,20.35917731713216,19.853568600409808,20.226596298789154,21478400
2011-09-16,20.41535186767578,20.56591046535824,20.141199367753142,20.36366839178547,50275200
2011-09-19,20.231090545654297,20.37490800402039,19.925478018016513,20.1052506981938,22088000
2011-09-20,20.862537384033203,21.29174380773202,20.282774053508852,20.31423401274509,36064000
2011-09-21,20.543439865112305,21.15241716046829,20.538946320564428,20.817592372384965,28070400
2011-09-22,19.84232521057129,20.22433983274778,19.368176661781785,19.941198595046522,35689200
2011-09-23,20.242319107055664,20.433326433919838,19.765922890005925,19.765922890005925,21526000
2011-09-26,20.287261962890625,20.565907973478367,19.81311336183994,20.44680934453517,19095600
2011-09-27,20.10749626159668,20.606362054660455,20.026598735275165,20.478274590391255,20066800
2011-09-28,19.6917667388916,20.190634108152363,19.65356561605887,20.179399391433808,17090400
2011-09-29,19.705259323120117,19.992894255006174,19.32549041631836,19.992894255006174,15552000
2011-09-30,19.2625732421875,19.68953215529203,19.156956900507783,19.374930760665553,17952400
2011-10-03,18.93448257446289,19.46930354977278,18.925493770536793,19.094029986663248,26223600
2011-10-04,19.05133819580078,19.120999299996082,18.361463186491584,18.660334560038297,31600000
2011-10-05,19.098529815673828,19.201898523178276,18.700784969092805,19.01089109160615,25114000
2011-10-06,19.57941436767578,19.613121955458947,18.970437015632644,19.073805694245664,19486000
2011-10-07,19.381668090820312,19.77491932744565,19.273804140135486,19.646831850379545,17553200
2011-10-10,20.055809020996094,20.06479782460933,19.64008671190806,19.72772540408839,13322400
2011-10-11,20.338939666748047,20.41758951406424,19.876025952873434,19.93445228849607,17626800
2011-10-12,20.48725700378418,20.747927110488874,20.383888355606377,20.44456233863944,19065200
2011-10-13,20.808603286743164,20.882759629070048,20.327713448008318,20.33670225142118,13193600
2011-10-14,21.1052303314209,21.269273019785093,20.936694097848022,20.992872842372314,15800400
2011-10-17,20.491756439208984,21.10522728065081,20.45580122497995,20.92770226788266,13842800
2011-10-18,21.102989196777344,21.235570240959195,20.35693365461918,20.473786429787893,14400000
2011-10-19,20.242319107055664,21.23106503454151,20.197375097274364,21.17039104994642,21662400
2011-10-20,20.527708053588867,20.667031924271413,20.285015523150427,20.404115873515845,17646400
2011-10-21,20.995113372802734,20.995113372802734,20.65129984688318,20.783880816198085,14128800
2011-10-24,21.170400619506836,21.21534464960398,20.94119206654946,20.96366322437831,12138400
2011-10-25,20.377151489257812,21.04005989800148,20.347939163307544,21.01084757205121,16824000
2011-10-26,20.678272247314453,20.837821396003463,20.13446239292424,20.705238662819486,26746400
2011-10-27,21.213090896606445,21.233314418483317,20.359173430066765,20.449059749877094,41568000
2011-10-28,21.370391845703125,21.516456909122837,20.954669522461668,20.954669522461668,23299600
2011-10-31,20.9569149017334,21.543421007584758,20.952419643036936,21.18612337652596,17826000
2011-11-01,20.231090545654297,20.777148047226582,20.224349370174533,20.485019584987665,30528400
2011-11-02,20.561418533325195,21.12095829533668,20.476027466996882,20.907479772296362,24565200
2011-11-03,20.938940048217773,21.07826394066136,20.287266321117073,20.687258675737485,18410800
2011-11-04,20.81758689880371,21.040054155868,20.595119641739426,20.74792583277435,13608400
2011-11-07,20.889497756958008,20.972642890573706,20.565907739036046,20.853544262988176,9647200
2011-11-08,21.24454689025879,21.271513295505596,20.988372040949315,20.995113213651358,19602000
2011-11-09,20.927705764770508,21.145679572748882,20.738946001844447,20.738946001844447,19594800
2011-11-10,20.90748405456543,21.201860159448373,20.80636127469827,21.201860159448373,11248800
2011-11-11,21.383872985839844,21.493982818531588,21.05803531745169,21.07601292283286,13648400
2011-11-14,21.0827579498291,21.50971672625959,21.026579208573487,21.260282977929535,10432000
2011-11-15,21.489486694335938,21.532183076786634,21.08949442013071,21.127695544197785,14153200
2011-11-16,21.036773681640625,21.397146328762368,20.98496930812047,21.295792112456738,12999600
2011-11-17,20.586313247680664,21.17417199214821,20.464687122784675,21.10209744240164,17227200
2011-11-18,20.453418731689453,20.64261544285639,20.36783076615697,20.6133340379801,12906000
2011-11-21,20.543516159057617,20.692170868340355,20.068274057649045,20.1944057947839,15844400
2011-11-22,20.46017837524414,20.76424450028951,20.412879620288596,20.48495415903884,13469600
2011-11-23,20.111061096191406,20.667387055961775,20.09078922625735,20.352060413190785,21064400
2011-11-25,20.050249099731445,20.3588190544847,19.99619363878511,20.054754723872378,6933600
2011-11-28,21.05253791809082,21.115602910507455,20.52549157588063,20.64711765485221,14792400
2011-11-29,20.924161911010742,21.059301469812276,20.84307783205128,21.05254474963111,14513600
2011-11-30,21.840856552124023,21.854369989828754,21.31606295495341,21.363361705312354,21504000
2011-12-01,22.01878547668457,22.131402012054533,21.56606652334758,21.604355732959295,19042400
2011-12-02,21.892658233642578,22.207984940380705,21.80256636176795,22.160686192128832,12928000
2011-12-05,21.635896682739258,22.13816738291648,21.442196028715095,22.13591457017872,16731600
2011-12-06,21.480484008789062,21.685445261445555,21.41516619554466,21.631389791943857,14135200
2011-12-07,21.863380432128906,21.94896840514591,21.40841025372332,21.45796010016951,16055200
2011-12-08,21.577333450317383,22.043565937107036,21.53003298322377,21.834099068062855,14238000
2011-12-09,21.890405654907227,21.95121783613698,21.51201397616602,21.76427394973203,11974000
2011-12-12,21.829593658447266,21.93770631253838,21.58409038157069,21.766528659557586,13644400
2011-12-13,21.602108001708984,21.96923734553503,21.516518321735532,21.94671437863389,13564000
2011-12-14,21.703466415405273,21.789054393562854,21.408411539553104,21.557064524604957,19150800
2011-12-15,21.581838607788086,21.919688305291587,21.525530324870836,21.919688305291587,21020000
2011-12-16,21.946712493896484,22.016534200811545,21.7147226897923,21.773282055027867,17556800
2011-12-19,22.203481674194336,22.381416047542892,21.96248230135867,21.96248230135867,23541200
2011-12-20,22.827377319335938,22.861162632421937,22.37916387301271,22.41745309259372,27454400
2011-12-21,22.68548011779785,22.807106208785925,22.410695436498017,22.77332089711274,15244000
2011-12-22,22.644935607910156,22.96701900292827,22.545832496091617,22.660701855845637,13439200
2011-12-23,23.081884384155273,23.08638828919246,22.63817498794712,22.732772459254647,7803200
2011-12-27,22.953502655029297,23.300360065604778,22.953502655029297,23.084136527753394,8719200
2011-12-28,22.68548011779785,22.973778236410027,22.658451524780833,22.903956519106487,9969600
2011-12-29,23.232797622680664,23.255320591924143,22.70800401918481,22.748546051180032,8637600
2011-12-30,22.867921829223633,23.244060783636534,22.858912296864975,23.237304063965688,8586800
2012-01-03,23.196754455566406,23.28910084330412,22.93998888153319,23.28910084330412,16829200
2012-01-04,22.782331466674805,23.077386317393533,22.523313023229186,22.90395756320733,16522000
2012-01-05,22.953502655029297,23.021071544012397,22.446728254892385,22.683221943921122,12096400
2012-01-06,22.683218002319336,23.023320355128952,22.572854299950194,22.964759286806057,13089200
2012-01-09,22.500791549682617,22.789089700602528,22.24852980843143,22.750800478331843,18002400
2012-01-10,22.47826385498047,22.737280542819512,22.399430896011545,22.7192632009678,18711600
2012-01-11,22.322856903076172,22.41069769122868,22.147175326771148,22.29357721315617,19016000
2012-01-12,22.82512664794922,22.90170681268707,22.383669879154905,22.383669879154905,16708800
2012-01-13,22.68998146057129,22.926476897171813,22.586374443300166,22.685477554773474,16623200
2012-01-17,23.093151092529297,23.18549749485359,22.791339542126817,22.816115322341027,17018800
2012-01-18,23.37468910217285,23.397212066816966,22.99855026560079,23.009812607118874,11752400
2012-01-19,23.057117462158203,23.469292807773847,23.0300888663832,23.460284994241352,14567600
2012-01-20,22.653947830200195,23.090898918508916,22.478266269928486,23.06161923126108,20032800
2012-01-23,22.433218002319336,22.72376892806795,22.25303254061578,22.692236429310018,16166400
2012-01-24,22.75079345703125,22.80935281946953,22.295821681829242,22.309336834877456,12140800
2012-01-25,22.649436950683594,22.741783334135768,22.478261054866607,22.66069929153111,15088400
2012-01-26,22.71701431274414,23.007565265392856,22.51880977100215,22.685481811066833,13939200
2012-01-27,22.75980567932129,22.86791660614727,22.500787267946073,22.615656631291852,11362800
2012-01-30,22.496278762817383,22.64042779238768,22.41069081350751,22.55483984307781,12476000
2012-01-31,22.66745948791504,22.698991985057674,22.485021223248054,22.633674178578726,13240400
2012-02-01,23.08864974975586,23.1314428780106,22.658453625902613,22.789089260010222,15376800
2012-02-02,23.888214111328125,24.126962286631386,23.33188826394348,23.374683088632025,33740400
2012-02-03,24.10670280456543,24.28463719214982,24.00759967264691,24.05264733187919,16533200
2012-02-06,24.1810302734375,24.385991539185333,24.054900263746525,24.08643276616927,13349600
2012-02-07,24.095439910888672,24.223822720431475,23.888224134706608,24.203550846086646,13045600
2012-02-08,24.404010772705078,24.46932859057578,24.10445027921298,24.273375136963672,22742000
2012-02-09,25.320709228515625,25.87928817273771,25.23737406634816,25.464858300884067,39601200
2012-02-10,25.6540470123291,25.676569975646895,25.090964337424566,25.178805097238318,21888800
2012-02-13,25.386032104492188,25.940105534025626,25.307200833329617,25.73289141600034,22078400
2012-02-14,25.955867767333984,25.95812057998759,25.246382999994207,25.250888625301414,17960800
2012-02-15,25.97393035888672,26.436542324201685,25.87012510829038,26.226674700564747,21701200
2012-02-16,25.6805477142334,26.116079028788896,25.635413909652314,26.055148823024084,15971600
2012-02-17,25.95359992980957,26.007758771863198,25.680546877287746,25.81820196383623,15512800
2012-02-21,25.770824432373047,26.177020263057788,25.69184238798419,26.010029408967146,10819600
2012-02-22,26.258256912231445,26.346265713497225,25.56772578793711,25.678300639482448,14381200
2012-02-23,26.285329818725586,26.357542192334222,26.10028550374853,26.2582495329928,10890800
2012-02-24,26.5245361328125,26.576437867864268,26.154447458916852,26.28758833913391,11094000
2012-02-27,26.371082305908203,26.470374968380575,26.24471107852798,26.418471516175785,15812800
2012-02-28,26.842727661132812,26.84724190452503,26.413967509559743,26.438790683178738,11937200
2012-02-29,26.260509490966797,26.93524409117541,26.17927034667049,26.858517467482685,15217600
2012-03-01,26.443296432495117,26.626083644440072,26.30112879228004,26.504224929250448,11174000
2012-03-02,26.213119506835938,26.395906715292174,26.08674655182222,26.29210152767018,12213600
2012-03-05,26.231170654296875,26.364313247526336,26.154445756456656,26.213118851185513,10153600
2012-03-06,25.915245056152344,26.064184077285688,25.62188297833325,26.000998451960935,13302000
2012-03-07,26.095775604248047,26.199580800978552,25.94232406958576,26.11382913107398,10694000
2012-03-08,26.621578216552734,26.66896744258346,26.186046695398602,26.330471495210183,9520400
2012-03-09,26.4410457611084,26.716356067580428,26.40494042280747,26.64414366929919,8457600
2012-03-12,26.29661750793457,26.526795680854363,26.19281230665513,26.40719235165062,7709200
2012-03-13,26.463611602783203,26.495206140854982,26.10480673589253,26.382374161830842,12785600
2012-03-14,26.346261978149414,26.603518702557192,26.283076357653332,26.472633219141578,14996000
2012-03-15,26.402671813964844,26.5087341044126,26.244707799475822,26.31692016633918,13293200
2012-03-16,26.330461502075195,26.515505814209337,26.237938485168744,26.499709411527597,16006400
2012-03-19,26.817903518676758,27.01648890045454,26.210868651987937,26.276311405375676,15918400
2012-03-20,26.29436492919922,26.763746398258924,26.177020422774017,26.662198300807873,10588000
2012-03-21,26.346261978149414,26.549359845228985,26.307899525945228,26.42298688255779,8427200
2012-03-22,26.465858459472656,26.515504786456315,26.177008980671765,26.21085890558596,9368000
2012-03-23,26.80436134338379,26.85400768347737,26.380113774575364,26.517768909678782,10151200
2012-03-26,27.093212127685547,27.237636911776285,26.459097006234675,26.93524805811106,16363600
2012-03-27,27.03679084777832,27.142853154441305,26.978119474385988,27.075155018601176,10662000
2012-03-28,26.932987213134766,27.14736895983799,26.74343035585174,27.00745671635838,8992000
2012-03-29,26.85401153564453,26.894631117758898,26.526799478713897,26.75020631950323,8691200
2012-03-30,26.62834358215332,26.899139607876442,26.538077666352564,26.874316437989258,12002000
2012-04-02,26.849498748779297,27.05710917901162,26.425249401623503,26.62834731018964,11777600
2012-04-03,27.160905838012695,27.212807568381216,26.711835180638154,26.817895762336956,15691600
2012-04-04,26.849498748779297,27.007462832286635,26.673479413569055,26.96458612890062,10308800
2012-04-05,27.307592391967773,27.339185204133333,26.644139893132763,26.700555875096853,13395600
2012-04-09,26.966846466064453,27.158660510817697,26.788571709603563,27.00295353041685,13295600
2012-04-10,26.344003677368164,27.027765031187677,26.31015374742405,26.962324014089063,10679200
2012-04-11,26.488431930541992,26.842724237752893,26.395910612954015,26.632856710444578,14171200
2012-04-12,27.30984878540039,27.341443320394763,26.445557218736464,26.508742845366807,17164000
2012-04-13,27.792770385742188,27.9101148715523,27.1496268092749,27.169937458204604,21497200
2012-04-16,27.266977310180664,27.767951588060114,27.088702571189724,27.76569446633938,18308400
2012-04-17,27.549047470092773,27.6438258885076,27.36174603250242,27.447497688923626,10328800
2012-04-18,27.48134994506836,27.639315710826395,27.377544755862253,27.44298749460329,8480000
2012-04-19,27.348207473754883,27.589667768015172,27.194755959161874,27.366259276540816,8522400
2012-04-20,27.307592391967773,27.56484913198969,27.210556834122375,27.490379622594098,7841200
2012-04-23,26.65090560913086,27.262454556923082,26.285331201736792,27.1360833268786,17347200
2012-04-24,26.838211059570312,26.908166326400735,26.513254451905397,26.70732556796315,9430800
2012-04-25,27.483610153198242,27.621265287791296,26.980378833372605,27.02099840950956,12150800
2012-04-26,27.799537658691406,27.86949291994183,27.42042222054892,27.506173886651993,11107600
2012-04-27,27.874008178710938,28.029716843038916,27.72507087856697,27.923654519318653,9787200
2012-04-30,27.752153396606445,28.016179805550987,27.600957241259334,28.00715304092733,9375200
2012-05-01,27.7769718170166,28.28697277170139,27.765689653727293,27.8627252107468,17178000
2012-05-02,27.57387924194336,27.799543197185248,27.23086906583526,27.442993734700025,25366800
2012-05-03,26.269542694091797,27.646092520642288,26.037107366567497,27.533260539422095,47838000
2012-05-04,26.580955505371094,26.829185493225136,26.021308180713223,26.22666319102179,23403600
2012-05-07,26.74342918395996,26.874312937057656,26.393649451427713,26.393649451427713,13476800
2012-05-08,26.659929275512695,26.872053862749624,26.210858659458793,26.650902514175094,14596800
2012-05-09,26.497455596923828,26.8494924632523,26.305641619946325,26.472632429372496,17672800
2012-05-10,26.66670799255371,26.964584331366993,26.547106377059787,26.696045407306062,13468000
2012-05-11,26.61029052734375,26.847238345319813,26.46135322705416,26.48391927598541,8139600
2012-05-14,26.339488983154297,26.70957761752935,26.138648262853646,26.36431214828618,16246400
2012-05-15,26.314666748046875,26.605773377144725,26.27855969869573,26.27855969869573,12589200
2012-05-16,26.57240867614746,26.72388885433514,26.294318405735236,26.407363623773765,17339600
2012-05-17,26.002655029296875,26.73744876267246,26.002655029296875,26.452574401521076,17814800
2012-05-18,25.46683120727539,26.056927490610576,25.43517867847019,25.966490954767103,25934800
2012-05-21,26.276233673095703,26.298842374225977,25.471352183311343,25.60926577768601,13272000
2012-05-22,26.766849517822266,26.96128745211732,26.319191371372415,26.319191371372415,18594400
2012-05-23,26.943199157714844,27.00876559677693,26.540758423067064,26.59275998678295,16558000
2012-05-24,27.0788516998291,27.356943704723758,26.85276125598841,27.067548212596982,12749600
2012-05-25,26.98842430114746,27.221297246156453,26.893464977751933,26.99294535229312,11780000
2012-05-29,27.194154739379883,27.345634902884306,26.904759285242182,27.16476360651473,18006400
2012-05-30,26.563364028930664,27.072067494347312,26.556581592047735,26.839194628390317,18346400
2012-05-31,26.045625686645508,26.76007251591676,25.937103209372452,26.62215716880976,21004000
2012-06-01,25.378652572631836,25.975531212291948,25.308565086325242,25.692918154690258,18650400
2012-06-04,25.810483932495117,25.873788975963322,25.326648832560128,25.328910219807728,16646400
2012-06-05,25.731359481811523,25.89414491924831,25.57987925944871,25.720055991671195,11374800
2012-06-06,26.30337142944336,26.339546742207776,25.961975971131928,25.993628507333863,12384000
2012-06-07,26.40962791442871,26.678676132489294,26.35084563269903,26.64024116560448,9158000
2012-06-08,26.35762596130371,26.36214701148511,26.102142640255376,26.314668222380547,10376800
2012-06-11,26.305622100830078,26.662845406643775,26.27623096488331,26.513624889683694,10942800
2012-06-12,26.48875617980957,26.48875617980957,26.163185401587782,26.319188353641245,10398800
2012-06-13,25.97779655456543,26.44580378020541,25.92127393444015,26.18127833200313,14891200
2012-06-14,26.33727264404297,26.454840628857315,25.833091971467695,26.05918239233665,13152800
2012-06-15,26.769119262695312,26.791727970848495,26.436765905548533,26.53624629134318,12551600
2012-06-18,27.153461456298828,27.239376927320905,26.55658283363242,26.680933265410072,10931600
2012-06-19,27.43607521057129,27.4925978219342,27.243898676924026,27.325291375281278,10270400
2012-06-20,27.7164363861084,27.7164363861084,27.36373572221349,27.37956198982586,12702800
2012-06-21,27.013282775878906,27.779729122963946,26.97484609547161,27.71416269748435,13061200
2012-06-22,28.249998092651367,28.249998092651367,26.979371000063107,27.187373778396218,37216000
2012-06-25,27.417984008789062,27.874687615395338,27.390854262806936,27.777468667449092,16164000
2012-06-26,27.845306396484375,28.017133931992987,27.50843031451035,27.528779356175125,13128800
2012-06-27,27.90860939025879,28.062350985584956,27.702866225585968,27.89052173788313,13768400
2012-06-28,27.47451400756836,27.90182659606045,27.033638267367685,27.809128672517335,11514800
2012-06-29,27.951562881469727,28.044260797814346,27.476773261600478,27.867910515428626,15931200
2012-07-02,28.627578735351562,28.66827509293355,28.035221024976778,28.09400503591377,17042400
2012-07-03,28.564273834228516,28.713494396857516,28.410533945362776,28.59818775527453,6364400
2012-07-05,28.71575927734375,28.819760716248908,28.41279706406882,28.428623332490606,11298000
2012-07-06,28.324615478515625,28.652447714338052,28.211570236838963,28.505488555171688,9631200
2012-07-09,27.95608139038086,28.046517905348527,27.365985243259818,27.843036177904537,17684000
2012-07-10,27.64633560180664,28.204779201464184,27.540072831030283,28.109821641383046,18204000
2012-07-11,27.29815673828125,27.639553754342717,27.035892748906637,27.562683839762695,11644000
2012-07-12,27.727739334106445,27.906351039654908,26.927378741178025,26.929640129204465,15067600
2012-07-13,28.05556869506836,28.179919157285088,27.616954307746862,27.696085636005876,12112800
2012-07-16,28.74740219116211,29.617850112850835,28.458006679789232,28.984796138022684,30607600
2012-07-17,28.991580963134766,28.993844075824526,28.49644399037694,28.968973985305475,10766800
2012-07-18,28.89888572692871,29.12045516122419,28.803928137202153,28.826536840717974,11903600
2012-07-19,28.349483489990234,29.082017844269167,28.335918613962857,29.007407576251865,13832400
2012-07-20,28.430877685546875,28.528096660347675,27.956088025446903,28.173134677923077,11816800
2012-07-23,28.141481399536133,28.274873950397474,27.865650746984347,28.046523815031446,11391200
2012-07-24,27.72998809814453,28.20703898346214,27.42024362701112,28.14825499607147,13504000
2012-07-25,27.628257751464844,28.055568648284545,27.479038921987186,27.895044604102917,15305200
2012-07-26,28.661489486694336,28.98253928031984,28.080437020144156,28.254527656290403,21036000
2012-07-27,29.19732093811035,29.27871363911723,28.4195692284594,28.69766124438845,13937600
2012-07-30,29.58167266845703,29.923071444543336,29.10010237184564,29.131754895800693,12652800
2012-07-31,29.18149185180664,29.545494112224375,29.052618657855575,29.48897150783166,8961600
2012-08-01,28.817493438720703,29.258370925972837,28.713492021069484,29.0526277536018,11612000
2012-08-02,29.22671890258789,29.231238228529094,28.530359772391215,28.668275110674763,11112400
2012-08-03,29.61332893371582,29.739939045531756,29.13401823902212,29.473153945614865,12934400
2012-08-06,29.624629974365234,29.975070845121905,29.53193206631913,29.61784753717809,9227600
2012-08-07,29.48219108581543,29.715063955836367,29.2425357787932,29.579411765944315,13179200
2012-08-08,29.651771545410156,29.735427387182806,29.482203648391337,29.5681191535052,7962800
2012-08-09,29.054880142211914,29.611064122257496,28.883052656033918,29.590716811367905,14203600
2012-08-10,29.186016082763672,29.23123348390622,28.939578314150214,28.982536052688932,5984800
2012-08-13,29.01193618774414,29.165676080137178,28.80393160552532,29.084283357732794,6454000
2012-08-14,29.36688995361328,29.432454669612717,29.06166645014925,29.192799332014783,8732400
2012-08-15,29.228740692138672,29.50956976158031,29.122297610899007,29.255916472635676,7735600
2012-08-16,29.369152069091797,29.43030102795267,29.147208475825924,29.147208475825924,9121200
2012-08-17,29.14495086669922,29.45068881132288,29.054359158287507,29.439367871526702,9582400
2012-08-20,29.024913787841797,29.151738697292004,28.988677112078992,29.126826414670028,8674400
2012-08-21,28.879966735839844,29.271767557015995,28.762201003799085,29.149473104760453,7605200
2012-08-22,29.011322021484375,29.101910243066186,28.653490943654116,28.732758229327555,8866000
2012-08-23,28.796173095703125,29.101912688886017,28.70558313864827,28.97282256163725,7000000
2012-08-24,28.685209274291992,28.766738357644748,28.492704914124623,28.66935442913262,10650800
2012-08-27,28.911685943603516,29.02039254967265,28.77127137224884,28.82788990020245,8820400
2012-08-28,28.85279083251953,29.043029910041376,28.812025439326252,28.956968675600198,7862800
2012-08-29,28.99321174621582,29.000005691937233,28.698794760647502,28.886768655620198,8583600
2012-08-30,28.694259643554688,28.78484960344297,28.57649390520175,28.78484960344297,8573600
2012-08-31,29.045303344726562,29.072479130914456,28.59462036922135,28.877712994413614,13784000
2012-09-04,29.106449127197266,29.249125444756565,28.90262211384097,29.070212445773894,10200800
2012-09-05,28.900348663330078,29.215147400188616,28.750874986793725,29.183441176897798,12698800
2012-09-06,29.328378677368164,29.328378677368164,28.943373625256836,29.029431382684095,15698400
2012-09-07,29.37594985961914,29.432568370796197,29.140414917919582,29.33065228610176,10789200
2012-09-10,29.142688751220703,29.414460465843742,29.08380672277019,29.08380672277019,11633600
2012-09-11,29.77907371520996,29.99422336894086,29.17212147164141,29.18797631369344,15890400
2012-09-12,30.225229263305664,30.229756256341677,29.79945692896906,29.81530831603485,14656000
2012-09-13,30.569459915161133,30.94767108496302,30.02592369099868,30.109717966162975,15745200
2012-09-14,30.40414047241211,30.641938910267648,30.29090345016849,30.63061451689935,13289600
2012-09-17,30.318086624145508,30.540033729993244,30.261468099214646,30.451708969329925,10649200
2012-09-18,30.27052116394043,30.313551784666192,30.014604391657496,30.141429301763143,13192400
2012-09-19,30.526430130004883,30.69175864457032,30.286368233557585,30.318074456565355,11976800
2012-09-20,30.485671997070312,30.537760060948862,30.22749171839784,30.413198642352544,12779600
2012-09-21,30.573997497558594,30.789147159175226,30.551348709716912,30.641940405363805,29225600
2012-09-24,30.28864288330078,30.567205017361115,30.23655135991226,30.372437182035352,10530000
2012-09-25,30.474353790283203,30.66459120145939,30.261467587229653,30.31129216478348,15398400
2012-09-26,30.01233673095703,30.474342190196463,29.980630507830003,30.37922352081538,10637200
2012-09-27,30.3271427154541,30.40187957120096,30.01234390497367,30.055374530014586,8432800
2012-09-28,30.410924911499023,30.487925233183347,30.17539349937092,30.342982028246375,9431600
2012-10-01,30.965797424316406,31.230771661268605,30.544555532200626,30.544555532200626,14700800
2012-10-02,30.800479888916016,31.04960279971762,30.68271238056246,30.934098788472888,10041600
2012-10-03,31.371185302734375,31.38930364080227,30.79820625225081,30.947676493801573,11717600
2012-10-04,31.631628036499023,31.665601215162198,31.29871092877317,31.43459673198681,8475600
2012-10-05,31.765247344970703,32.066458230378636,31.593128320045988,31.873957371394333,11280800
2012-10-08,31.41419792175293,31.59311079210283,31.380224761449107,31.479873835858736,6803600
2012-10-09,30.968063354492188,31.565954718176098,30.96353290581554,31.51839364637087,9978000
2012-10-10,31.1220645904541,31.248889509834648,30.872945200447994,30.943151605410804,8050400
2012-10-11,31.491220474243164,31.66786997434663,31.29645263365215,31.29871613031806,14057600
2012-10-12,31.50706672668457,31.70410148754487,31.350799089206223,31.563685235584288,8116000
2012-10-15,31.68144416809082,31.760711441487075,31.389294261377383,31.561413238012104,9694400
2012-10-16,31.969079971313477,32.1072292897391,31.71089967442034,31.7516633475361,8324400
2012-10-17,32.2861442565918,32.3337053338567,31.887551120286787,31.969081927226473,10126000
2012-10-18,32.132137298583984,32.408435898661224,31.962281771768613,32.24084386814435,11241600
2012-10-19,31.699575424194336,32.24084830592046,31.65201434962291,32.22952391143012,10134400
2012-10-22,31.479888916015625,31.717687329186944,31.260208839208907,31.663332320093144,9782800
2012-10-23,30.94540786743164,31.24888220439092,30.78460980356031,31.242088260706687,11923200
2012-10-24,30.91143035888672,31.337199030581445,30.900105970360553,31.14016780195526,11478000
2012-10-25,31.151512145996094,31.411955970346096,30.91824410694302,31.214924615502536,15875600
2012-10-26,31.32362937927246,31.454984760054387,30.99750615191322,31.214922788726117,12148800
2012-10-31,31.425539016723633,31.699574147182343,31.11753415988238,31.162831736018937,14271200
2012-11-01,32.585079193115234,32.69378574206869,31.774301884124817,31.89206932799375,21310000
2012-11-02,32.47637939453125,33.15806853881564,32.47637939453125,32.62585310614045,18498000
2012-11-05,32.04608154296875,32.58735444281553,31.982669078563948,32.32917413610451,13864000
2012-11-06,32.58054733276367,32.80249086850348,32.136656805565316,32.268012130392194,9089200
2012-11-07,32.2861442565918,32.519412282279184,32.05287623090441,32.28161380739509,10431600
2012-11-08,32.17290496826172,32.442409657247595,32.132141295500816,32.19328680464217,10133200
2012-11-09,32.369930267333984,32.569228512287864,31.769775492033315,31.914718727712682,11799600
2012-11-12,32.440155029296875,32.562449536732956,32.163856319315116,32.163856319315116,8943600
2012-11-13,32.26123046875,32.79117896134385,32.26123046875,32.29520365256451,10149200
2012-11-14,31.768632888793945,32.513192226896045,31.700532231240256,32.37018465615097,13608000
2012-11-15,31.779991149902344,31.888950149710787,31.446300965728835,31.779991149902344,13717600
2012-11-16,32.39514923095703,32.58582826844025,31.784519096969895,31.784519096969895,16632400
2012-11-19,33.062538146972656,33.06481036305016,32.61081050678554,32.687989651051964,15120400
2012-11-20,33.219181060791016,33.45526301393498,32.95132270813206,33.037580357698424,9566400
2012-11-21,33.29179763793945,33.34627538318963,33.08295819908081,33.19191715332386,6565200
2012-11-23,33.62321853637695,33.62321853637695,33.232778495646585,33.43708045021091,4454400
2012-11-26,33.425743103027344,33.50746322471525,33.23733272625399,33.50746322471525,8623600
2012-11-27,33.31904983520508,33.55966920960013,33.21690055826772,33.39622898100272,9981600
2012-11-28,33.43482208251953,33.44844498946045,33.117023528787264,33.14880338416049,10358400
2012-11-29,33.63685607910156,33.670908155062456,33.4234790029731,33.58010608291163,12572800
2012-11-30,33.98414993286133,34.03408671448943,33.5982474070411,33.66862027187693,14048000
2012-12-03,33.74126434326172,34.213424541756524,33.69586505689065,34.04998433982588,11736800
2012-12-04,33.502925872802734,33.87974666703128,33.41439602006179,33.81845570321223,9100800
2012-12-05,33.60961151123047,33.711760794366,33.16469355596414,33.711760794366,11971200
2012-12-06,33.702674865722656,33.80028315849121,33.38260418078402,33.69813389795049,9124000
2012-12-07,33.72084045410156,33.88654943393877,33.548318289687536,33.85022861366802,7557200
2012-12-10,33.74580383300781,33.88427390180807,33.657274016151476,33.7662329914185,9288800
2012-12-11,33.80027770996094,34.12488931034506,33.68677778015752,33.68677778015752,14492800
2012-12-12,33.56875228881836,34.00459175866004,33.55740159905152,33.979621626670685,18319600
2012-12-13,33.41438293457031,33.845684801484204,33.34401352324977,33.62095366465175,13042800
2012-12-14,33.32813262939453,33.52562146746904,33.19874100186697,33.34175207150392,9579200
2012-12-17,33.85251235961914,33.85251235961914,33.34629984701257,33.36219151019759,13903200
2012-12-18,34.21342086791992,34.40183117668468,33.75488015820017,33.825249564080586,11869600
2012-12-19,33.85929489135742,34.240652936597584,33.85702267630131,34.231574467600545,8640400
2012-12-20,34.60841751098633,34.619764738674455,33.89563773218739,34.022757163247874,10863200
2012-12-21,34.22477340698242,34.49944132633591,34.04090405553647,34.27017269093619,13930400
2012-12-24,34.31783676147461,34.41771725287808,34.102187589804174,34.102187589804174,3272000
2012-12-26,33.9954948425293,34.3428043211517,33.86837548613713,34.34053556969565,7614400
2012-12-27,33.913780212402344,34.19753005843564,33.573280397162385,33.979612116378284,11976800
2012-12-28,33.743534088134766,34.03409368595118,33.652735512720994,33.70040701624658,6973600
2012-12-31,34.40864181518555,34.415451534404774,33.6754331813887,33.6754331813887,12868000
2013-01-02,35.2712516784668,35.398371090281614,34.94209899547119,34.99431147540842,15826400
2013-01-03,35.29849624633789,35.88415659970785,35.1441379253501,35.6639663460234,14937200
2013-01-04,35.586769104003906,35.68210862977431,35.1350381346161,35.32117968284142,10376000
2013-01-07,35.84101486206055,36.040775886859414,35.59358579690792,35.62536564505832,10242400
2013-01-08,36.1746940612793,36.1746940612793,35.641243060330346,35.78652281705265,11800400
2013-01-09,36.72631072998047,36.89883286341551,36.25415400621997,36.637780911307445,17552800
2013-01-10,36.43574523925781,36.948767124976214,36.15426763770615,36.78078598643454,16313600
2013-01-11,36.58331298828125,36.603742152602656,36.20649223776821,36.27005194704217,9578000
2013-01-14,36.46754837036133,36.73086919989729,36.21785045028006,36.61055947780235,8877600
2013-01-15,36.422142028808594,36.467541326987174,36.11342195195206,36.27913441273329,6696000
2013-01-16,36.36539840698242,36.49705881937243,36.16336855053371,36.344969238786994,5464400
2013-01-17,36.292762756347656,36.56743082912227,36.23147178371598,36.547001659493475,7833600
2013-01-18,35.92727279663086,35.986291519828974,35.52548203002145,35.98402276792482,13812400
2013-01-22,36.104331970214844,36.24733954070908,35.81604114986447,36.02033965842385,6918000
2013-01-23,36.104331970214844,36.3109026943928,35.884141807298704,35.931809842882345,7108800
2013-01-24,36.22011184692383,36.358581956422995,36.07029104705698,36.161093106254036,6794000
2013-01-25,36.283668518066406,36.351769190825294,36.099799126238274,36.30182892838505,6701600
2013-01-28,35.4914436340332,36.45165245447135,35.48009294376321,36.38355177659577,13532000
2013-01-29,35.561805725097656,35.65941402103724,35.21222393389827,35.352966229459426,11664000
2013-01-30,35.187259674072266,36.11341985075481,35.12824093624846,35.636722051998944,18708000
2013-01-31,35.845558166503906,36.20648720768322,35.491438845819005,36.09298724778452,16685600
2013-02-01,35.99308776855469,36.201927169107286,35.71841994998504,36.09296823484986,12738400
2013-02-04,35.559532165527344,35.95678198176924,35.5391030062762,35.81377440326774,10532000
2013-02-05,36.21329116821289,36.22918282266811,35.59358245558311,35.779720559063634,11105200
2013-02-06,36.50612258911133,36.51974202779631,36.00672007903987,36.14292139337633,15056800
2013-02-07,35.6525993347168,36.27230801530001,35.62990142576741,36.088438673217105,20182800
2013-02-08,35.820594787597656,36.079374606387084,35.66169550654179,35.72979272431963,12914000
2013-02-11,35.48690414428711,35.90458323917466,35.3983742984822,35.77065409414189,11032400
2013-02-12,35.59358596801758,35.79788449800315,35.507324895304535,35.60266444021405,9805600
2013-02-13,35.20686340332031,35.80285621628038,35.063550776581884,35.589025779892225,13917600
2013-02-14,35.48211669921875,35.634526968932484,35.099954256542276,35.168198541605506,12760000
2013-02-15,35.93937683105469,35.959849089985056,35.42754953148938,35.56631173821358,17884400
2013-02-19,35.85291290283203,36.12133606422364,35.63680886304151,35.94390298135993,13210000
2013-02-20,35.354732513427734,35.8529113284571,35.30241339412408,35.74144553676346,15688800
2013-02-21,35.81424331665039,36.007598108684846,35.21142274242158,35.2864911220523,14220800
2013-02-22,36.26693344116211,36.30105733440552,35.64364392209656,36.00988482818875,11738000
2013-02-25,35.46166229248047,36.47621904742684,35.46166229248047,36.21461640160455,11183200
2013-02-26,35.9029541015625,36.07583661806641,35.48894131142214,35.48894131142214,11354000
2013-02-27,36.36701202392578,36.419334614536346,35.782393676521906,35.81651408687761,8318000
2013-02-28,36.08720016479492,36.473913039144314,36.01213182025485,36.473913039144314,11228000
2013-03-01,35.95983123779297,36.137264335871855,35.63453491061548,35.92570735213207,13212000
2013-03-04,36.2828369140625,36.291934530855066,35.839254335655035,35.88702289814999,6570000
2013-03-05,36.46255874633789,36.801503253808654,36.36474457291546,36.41706370123329,10267600
2013-03-06,36.63772201538086,36.78330825705097,36.44209017772573,36.59222696568079,7516000
2013-03-07,36.51258850097656,36.801487292215846,36.31695676793194,36.59448093506612,8687200
2013-03-08,36.54899215698242,36.715050589947616,36.371559097967875,36.701402427107816,9571600
2013-03-11,36.665008544921875,36.76055263610346,36.48985247686966,36.708230045444765,6742000
2013-03-12,36.35109329223633,36.61724292789874,36.17593373898787,36.55127216775684,8340800
2013-03-13,36.25326919555664,36.487571913514856,36.13498280370781,36.282842529043116,11021600
2013-03-14,36.54671859741211,36.6399856714907,36.23734751272472,36.260093293760704,14853600
2013-03-15,36.066741943359375,36.54217150583412,36.06219139830276,36.40340938552272,17599600
2013-03-18,35.95756912231445,36.2100672127441,35.57767654003739,35.777858958810874,15162800
2013-03-19,35.4866828918457,36.24873804749446,35.4138880300661,35.941640364818085,17652400
2013-03-20,36.244178771972656,36.38976498941943,35.65045927389064,35.71415302708303,16070400
2013-03-21,35.896141052246094,36.33517329546425,35.896141052246094,36.04400082499685,14883200
2013-03-22,36.41706085205078,36.43298602566864,35.87793749408958,35.98940329626707,18790400
2013-03-25,37.3065071105957,37.37020086944202,36.510331653967135,36.56720132944061,19336800
2013-03-26,38.09357833862305,38.1663697056568,37.42933758978985,37.5112300471084,17264800
2013-03-27,38.36655807495117,38.49621912799123,37.64999809292636,37.90022604938889,13371200
2013-03-28,38.63498306274414,38.88976157686908,38.24599641455236,38.38703210324767,12456400
2013-04-01,38.06856155395508,38.89658387703451,37.966193362866974,38.61450904152743,13235200
2013-04-02,38.205047607421875,38.421151681813036,38.05946137583787,38.311962875887424,9582000
2013-04-03,37.477115631103516,38.33698483497082,37.3702003649727,38.311962039258304,16624800
2013-04-04,37.87063980102539,37.882014426269684,37.53624595092327,37.629513018458866,8903600
2013-04-05,37.570377349853516,37.62952055349923,37.213234177747466,37.35427331113184,7962400
2013-04-08,37.827423095703125,37.84562180418782,37.41568729550194,37.67956336195696,6125600
2013-04-09,37.477115631103516,37.961646370332524,37.308780144396614,37.950271741181474,6004400
2013-04-10,37.98666763305664,38.057185471478064,37.527159708084035,37.527159708084035,8996400
2013-04-11,38.12997055053711,38.19366429543498,37.81150182604777,37.98893489698451,6590000
2013-04-12,37.70458984375,37.95026722577363,37.55673009552747,37.74098726428292,7076800
2013-04-15,36.69002914428711,37.50668011826809,36.69002914428711,37.44753344906552,10774000
2013-04-16,37.46802520751953,37.48849746129418,36.96529565929111,36.99941608224886,10092000
2013-04-17,36.90385818481445,37.313320424250534,36.837890907567115,37.24735314700319,9543600
2013-04-18,36.71733856201172,37.16774542546472,36.68549168219281,36.985761767478294,21010800
2013-04-19,37.29740905761719,37.3315294740861,36.794679604995046,36.86974799227615,7620400
2013-04-22,37.199588775634766,37.38612296191037,36.96301247243443,37.208689866747804,5403600
2013-04-23,37.68410873413086,37.688655807341334,37.199578166499975,37.367913593590316,6324000
2013-04-24,38.002586364746094,38.118602708863605,37.670469447625116,37.68411761256857,7447200
2013-04-25,38.389305114746094,38.780568766136135,38.08903502824303,38.19595029757924,9322800
2013-04-26,38.04125213623047,38.580378875340706,38.02077989160629,38.38929417903591,6127200
2013-04-29,38.19366455078125,38.33015313135991,38.02533256858953,38.15499359619535,10694400
2013-04-30,38.321067810058594,38.64863426067863,38.225523690363275,38.350637684202475,12161600
2013-05-01,37.76601028442383,38.275560290756694,37.215512311982586,37.98666487504086,12252400
2013-05-02,39.899757385253906,40.86881874227746,38.67137395395952,38.67137395395952,30677200
2013-05-03,40.84151840209961,41.1372413638162,40.13405960791448,40.2546264949554,15026400
2013-05-06,40.69364929199219,41.121310198859135,40.52076679419722,40.79601397451616,13084000
2013-05-07,40.89839172363281,40.914316897871316,40.31377330134224,40.83015089418009,11876400
2013-05-08,40.7778205871582,40.83241671144741,40.422954456900044,40.82331909292353,14449200
2013-05-09,40.623138427734375,40.91886137199773,40.543519510454274,40.770998164341655,11501200
2013-05-10,40.661800384521484,40.72322057937337,40.38882675447137,40.64587521616995,13837600
2013-05-13,40.70276641845703,41.04626151316254,40.52078621610032,40.62315094768844,12480000
2013-05-14,41.018959045410156,41.28510869617455,40.63679304127841,40.71413496282375,16074800
2013-05-15,41.42234802246094,41.42918461969816,40.94832424199662,41.02125258241329,13624400
2013-05-16,40.97565841674805,41.4177767483247,40.97109952786416,41.4177767483247,9913600
2013-05-17,42.06271743774414,42.06499514322329,41.13973901639726,41.221781620015044,13248800
2013-05-20,41.38814926147461,42.137924784507966,41.203554251597176,41.912310206841475,21192000
2013-05-21,41.37446975708008,41.63427074566311,41.11010988030076,41.37218857427553,13422800
2013-05-22,41.053138732910156,42.02853222829427,41.0440244333123,41.49525702778683,19563200
2013-05-23,40.58821105957031,40.90954123893173,40.362593145310825,40.65202155457905,16906000
2013-05-24,41.123783111572266,41.27191742010134,40.31475258779907,40.538092903289765,12306400
2013-05-28,41.02806091308594,41.60007784479865,40.94601832534833,41.57729036217903,9937200
2013-05-29,40.59734344482422,41.06680807190555,40.58139255266975,40.84347123985392,7490400
2013-05-30,41.25595474243164,41.47473612566537,40.64291480580221,40.64291480580221,9628000
2013-05-31,40.59734344482422,41.34028224057875,40.58822914608062,41.151131852994226,12514400
2013-06-03,41.064537048339844,41.176203743829014,40.45377461075791,40.736366601569046,15232400
2013-06-04,41.06680679321289,41.420045843897846,40.72496322366215,40.88448952730331,13528400
2013-06-05,40.3876838684082,41.06453450357528,40.30564126179967,40.99160619662856,12176800
2013-06-06,40.87308883666992,40.88903972493763,40.200793844175436,40.26688553425959,14664800
2013-06-07,41.0075569152832,41.249125825054946,40.91867772249147,41.16936093111321,13899200
2013-06-10,41.55221939086914,41.73681433368027,40.9369017556947,41.14428417986068,13779200
2013-06-11,40.94374084472656,41.46562044915941,40.92094988456976,41.14656787143788,7856400
2013-06-12,40.827510833740234,41.167076658395736,40.7272396527354,41.167076658395736,9994800
2013-06-13,41.53399658203125,41.650222151873656,40.72724723198102,40.8275184316461,9760400
2013-06-14,41.233184814453125,41.5864239947068,41.04631206947471,41.48843047131612,7427200
2013-06-17,41.55678939819336,41.86900544785554,41.363076629075465,41.5499528042163,14779200
2013-06-18,41.93508529663086,42.2131183208114,41.41320568873204,41.41320568873204,7579200
2013-06-19,41.620609283447266,42.190348759035544,41.59781831345822,41.98979935085606,12220800
2013-06-20,40.67026901245117,41.58640724209537,40.67026901245117,41.36990701799773,15534000
2013-06-21,40.907283782958984,41.36307524572176,40.747757466474596,41.02123164864968,17923200
2013-06-24,40.626976013183594,40.90272792120781,40.036723382396914,40.59051185888536,15527600
2013-06-25,41.128334045410156,41.33571995079401,40.679379273276815,40.975644355623444,12721600
2013-06-26,41.625152587890625,41.73682274449308,41.130619284215925,41.451953089559765,10392800
2013-06-27,41.99208068847656,42.16072483970446,41.590985314843586,41.805207932577524,11102400
2013-06-28,41.647953033447266,42.096907990031,41.52716855044896,41.99207440308594,12656400
2013-07-01,42.210853576660156,42.72134133856335,41.84850014742033,41.91002949980291,11616000
2013-07-02,42.21540069580078,42.62561017363698,41.99206040619117,42.178936549242586,8749200
2013-07-03,42.62561798095703,42.71677836404947,41.91686208544868,41.97383602085156,4533200
2013-07-05,43.480228424072266,43.496182795661475,42.730452939882255,43.04266900325745,8495600
2013-07-08,42.86720275878906,43.93147576195517,42.85808497914207,43.66483808461246,19588000
2013-07-09,42.662078857421875,43.19307631188164,42.52534350940511,43.06089637460982,23330400
2013-07-10,42.54813003540039,42.80109442254875,42.34530298461749,42.69626433917567,15523200
2013-07-11,43.29109191894531,43.31387941471873,42.735025556342585,43.14979414452729,14235200
2013-07-12,43.46427917480469,43.46655688051228,43.10648116615553,43.277402984383606,7782800
2013-07-15,43.35716247558594,43.71723814497233,43.25461009293966,43.64203213705496,14529200
2013-07-16,43.158897399902344,43.466554569910414,43.00392648469194,43.34349239738981,7515200
2013-07-17,43.21814727783203,43.28879439967443,42.87630367350071,42.944673089849566,11118000
2013-07-18,43.530364990234375,43.61924419166672,43.28879605697789,43.34805117620819,5938400
2013-07-19,43.28195571899414,43.75370153938495,43.16344896819731,43.54631559484369,9048400
2013-07-22,43.57822799682617,43.59873778087826,43.129273066370224,43.3480545284993,7930400
2013-07-23,42.97657775878906,43.635196288251954,42.96745998211521,43.46655219391481,11710800
2013-07-24,42.559532165527344,43.266010395652664,42.31112662762767,43.25233372935148,13993600
2013-07-25,44.35078048706055,44.667555357900184,43.52807690489253,43.52807690489253,21923200
2013-07-26,44.029457092285156,44.348513220673354,43.71724103544429,44.21177438316226,8709200
2013-07-29,43.749141693115234,44.09554416155916,43.58505649634773,43.951968745034414,5776400
2013-07-30,43.62836837768555,44.02946369584113,43.56227665459125,43.91551580662963,13911200
2013-07-31,40.3398323059082,44.41688782665366,38.96790216167245,44.15480906061423,90073600
2013-08-01,40.83207702636719,41.422326125253925,39.48977133221518,41.422326125253925,74287200
2013-08-02,41.93281555175781,41.95332533348119,41.2126641892246,41.39042258565314,21698400
2013-08-05,42.055904388427734,42.19264330811979,41.65936778066808,41.93284214263702,11479600
2013-08-06,41.67985153198242,42.00346306380398,41.21494575487043,41.980675576370714,19986800
2013-08-07,41.338016510009766,41.47703307865565,40.9984505367826,41.34257539940854,15556400
2013-08-08,41.19899368286133,41.60464784238636,41.00528090309808,41.570464870622594,9626800
2013-08-09,40.977928161621094,41.32888951181814,40.92095423258766,41.20354617246205,10028400
2013-08-12,40.96653366088867,41.01667099783117,40.656595340431736,40.88449106202029,13622400
2013-08-13,40.84574890136719,41.167082700984515,40.72040555994773,41.13517743929708,11407200
2013-08-14,40.72018051147461,41.43709297335697,40.72018051147461,40.985024557215795,15338800
2013-08-15,39.71101760864258,40.52382585121872,39.60142685609245,40.514691256273665,17288400
2013-08-16,39.52837371826172,39.89367744535951,39.352569318168875,39.66307940230726,12612400
2013-08-19,39.95076370239258,40.386848436869606,39.31833040004102,39.34572722647405,11982000
2013-08-20,39.54892349243164,40.01697229327377,39.47586065272862,39.86628279925725,14135200
2013-08-21,40.72930908203125,41.43937229486662,39.38909468517074,39.55804637011196,30930800
2013-08-22,40.850311279296875,41.42338336717358,40.41651213501753,41.01469913022578,10586400
2013-08-23,40.89140701293945,41.231595706645685,40.553496741788564,41.18821509860425,9807200
2013-08-26,39.955318450927734,40.97360981404682,39.9484692464709,40.97360981404682,13789200
2013-08-27,39.76581954956055,39.97358806191811,39.40051583548099,39.49412280014337,12762400
2013-08-28,40.00325393676758,40.135674171007665,39.5831497855887,39.5831497855887,15672000
2013-08-29,40.039791107177734,40.475875669954284,39.907367358510285,39.980430178669025,9404800
2013-08-30,39.82289123535156,40.06947302587774,39.683618283771786,40.04892541429064,9886400
2013-09-03,40.41653060913086,40.73160456424037,40.0124100005577,40.190496339828236,12550400
2013-09-04,40.227020263671875,40.612875088089126,40.0124025399964,40.38912276809723,9753200
2013-09-05,40.23158264160156,40.34345530408801,40.007830348974046,40.21331693503029,7406800
2013-09-06,40.336605072021484,40.61515099343949,39.96673410390098,40.256696527113604,6697200
2013-09-09,40.76583480834961,40.78866432494888,40.47587242530763,40.47587242530763,10801600
2013-09-10,42.144859313964844,42.15855771970882,41.400550236654915,41.64713199152589,19507200
2013-09-11,42.537574768066406,42.58780459200155,41.76130137169545,42.23848121525187,11006000
2013-09-12,42.25217819213867,42.8800474862123,42.25217819213867,42.56497014381606,14212000
2013-09-13,43.1517448425293,43.22024037237815,42.28414292670768,42.350356549631606,16403600
2013-09-16,43.238521575927734,43.62665840574282,43.12436347987455,43.59926157751522,11380800
2013-09-17,43.745361328125,43.8138533635081,43.05127850974374,43.224800956252466,10400800
2013-09-18,44.21342468261719,44.29333673520686,43.418885390880234,43.47596443306478,10474800
2013-09-19,44.455421447753906,45.20657975011197,44.29559741915184,44.41432274548216,14966400
2013-09-20,45.39610290527344,45.39610290527344,44.263653208950025,44.59014713217732,57707200
2013-09-23,44.80474853515625,45.85956770385244,44.74995142209437,45.19745246919914,19551600
2013-09-24,44.14265060424805,44.93262614139281,43.97826267147606,44.80476963453205,15296400
2013-09-25,43.73622512817383,44.29331688767855,43.53530587488971,44.12664713465515,10594800
2013-09-26,44.19287109375,44.40748882078474,43.75907182527859,43.939440041332254,9326400
2013-09-27,44.07642364501953,44.227113106602175,43.793310427848546,43.83440913729254,7258400
2013-09-30,43.631221771240234,43.827573818101634,43.43715163191586,43.5627262230182,9561600
2013-10-01,44.115238189697266,44.20428133150185,43.39604385080079,43.67458629442933,9384800
2013-10-02,43.795597076416016,44.06500840895907,43.60837619746727,43.81385929910766,8712400
2013-10-03,43.07182693481445,43.86180210149672,42.86406195051232,43.83440528682543,19646000
2013-10-04,43.48963928222656,43.64261061433885,42.92569837229138,43.06953859548599,9365600
2013-10-07,42.542137145996094,42.912008094173956,42.53985523929109,42.912008094173956,11785200
2013-10-08,41.67454528808594,43.010196117686405,41.66997798975578,42.52159971119536,16039600
2013-10-09,41.97591018676758,42.16997675284497,41.122006844546966,41.87316516986147,13448000
2013-10-10,43.1585807800293,43.179128387519334,42.36404193597784,42.45308505226097,10865600
2013-10-11,43.882347106933594,43.882347106933594,42.80926229549193,43.10607387750601,11915200
2013-10-14,44.16546630859375,44.245374852152466,43.38462567584118,43.464534219399894,8922400
2013-10-15,43.69284439086914,44.38920908822165,43.69284439086914,44.07184989615958,10567600
2013-10-16,44.665496826171875,44.70659206763883,43.800176525557575,43.9326003322209,10382800
2013-10-17,45.27052307128906,45.377831933687524,44.6289552879032,44.67461781824074,12605200
2013-10-18,45.765968322753906,45.88926098594757,44.96686185446597,45.37098238675763,14387200
2013-10-21,45.67233657836914,46.046774723871394,45.494250355741606,45.90293799564214,11526000
2013-10-22,45.658668518066406,46.275121504831844,45.5513596351899,45.67465232284004,12202800
2013-10-23,45.409793853759766,45.46002367984636,45.01937174805536,45.361845934739804,7476400
2013-10-24,46.32761764526367,46.43492648392399,45.57417386796908,45.63353479589367,8885600
2013-10-25,46.36187744140625,46.55366217368607,46.01027209889325,46.517134236938496,11014400
2013-10-28,46.36643981933594,46.6906483039249,46.222599543476996,46.478315976540415,6854400
2013-10-29,46.63128662109375,46.86188465315057,46.457764136455566,46.457764136455566,8599600
2013-10-30,46.53538513183594,46.78196343264842,46.0376542654823,46.772832322325584,11946400
2013-10-31,44.90293502807617,45.41207904698523,44.35269229220061,44.989696276472706,24035200
2013-11-01,45.471435546875,45.88468713259615,45.3253133814737,45.42348763274348,13233600
2013-11-04,44.845863342285156,45.663235678998646,44.79335159672626,45.59017282967461,11089200
2013-11-05,45.06275177001953,45.19974283640309,44.521643677076796,44.60840491804155,11058000
2013-11-06,45.439476013183594,45.70660546043492,45.067319615917455,45.375547777114605,8878800
2013-11-07,44.77279281616211,45.74541823949775,44.77279281616211,45.65637509147285,10832400
2013-11-08,45.27280044555664,45.311617250476175,44.69744635002074,44.69744635002074,11462400
2013-11-11,45.496559143066406,45.59473341307856,45.25682649429614,45.35271885703867,8385200
2013-11-12,45.26823043823242,45.4759954246144,44.94402202067799,45.391519589314335,9016400
2013-11-13,45.705196380615234,45.705196380615234,44.95480600494227,44.98912125439968,8181600
2013-11-14,45.789852142333984,45.80815477599285,45.47414131161236,45.73952077248973,10909600
2013-11-15,46.21308517456055,46.336623569242455,45.69604894367714,45.70062198323839,12391600
2013-11-18,45.7326545715332,46.375522752837384,45.588527014060475,46.21308907209614,16380800
2013-11-19,45.15842819213867,45.84704778389095,45.02802672379485,45.835611692061356,14462800
2013-11-20,45.32543182373047,45.80128980631794,45.2224825682231,45.247648252091146,10197200
2013-11-21,46.123863220214844,46.213086366138434,45.17214733644993,45.59081086451291,12776400
2013-11-22,46.24054718017578,46.290878552980935,45.71893430825931,46.14446096596702,8150800
2013-11-25,46.19707107543945,46.36179126943575,46.05523004372544,46.33205254751284,6742000
2013-11-26,46.56082534790039,46.579127977642194,46.12614574598929,46.36407644176308,11246000
2013-11-27,46.66835403442383,46.8605264224265,46.44872595465656,46.55625172932066,5939600
2013-11-29,46.5471076965332,46.915439896123225,46.5471076965332,46.787321464677305,4139200
2013-12-02,46.92915344238281,47.24029113948073,46.693512777397196,46.693512777397196,8762000
2013-12-03,46.15589141845703,46.350353819542,45.73951441504966,45.73951441504966,17032800
2013-12-04,46.38237762451172,46.51735558741823,46.00260592367379,46.16274956533148,11739200
2013-12-05,46.14674377441406,46.42813932145247,46.10327546006055,46.256556074817084,13260000
2013-12-06,46.1833381652832,46.63403036700906,45.984302748078726,46.602001639058116,9106800
2013-12-09,46.119293212890625,46.373236585802275,46.06667532217789,46.162761532080886,12667200
2013-12-10,45.6251220703125,46.14216175954507,45.6251220703125,45.96371548352293,15647200
2013-12-11,47.05042266845703,47.56517249398926,45.98431774754577,45.98431774754577,40328000
2013-12-12,46.54253005981445,47.04812675906504,46.327478490012936,46.89255961802493,11469200
2013-12-13,47.4393424987793,47.58576008247517,46.65234667733753,46.78732467822408,17674400
2013-12-16,47.52854537963867,48.17369987340543,47.42330614991557,47.59488934623195,14779600
2013-12-17,48.786834716796875,48.914949644501085,47.54914677081518,47.727593061670326,20647200
2013-12-18,49.267269134521484,49.297007855719286,48.04330729053371,48.75251941355148,16142000
2013-12-19,49.43427276611328,49.84378320486913,49.08195324636737,49.171176386144886,13394800
2013-12-20,49.40910720825195,49.91928036819617,49.39309109782858,49.580690438315095,23263600
2013-12-23,49.88038635253906,50.06340915457688,49.54179643783433,49.642459153498606,7994800
2013-12-24,50.040531158447266,50.23728006430921,49.64932335723145,49.98105023002191,5207600
2013-12-26,50.37684631347656,50.38828589607656,50.10002726525733,50.10002726525733,4898800
2013-12-27,50.255584716796875,50.65136906408935,50.13661936428816,50.55985940269485,5242000
2013-12-30,50.53926086425781,50.701691006690254,50.2624384300272,50.466050356046054,5940000
2013-12-31,50.94419860839844,50.95335166806061,50.56671693276568,50.678819222975925,6448400
2014-01-02,50.56214904785156,50.79550323696277,50.21669604023333,50.68340092758571,10654000
2014-01-03,50.59646224975586,50.900736921137565,50.38369723540294,50.731440215677694,7809600
2014-01-06,50.292198181152344,50.85956585425849,50.237290280837406,50.60104595688911,8577600
2014-01-07,50.67652130126953,50.813789247817034,50.436307631114744,50.502651594395736,8178000
2014-01-08,50.8389778137207,51.01742413006294,50.47750864985885,50.65595496620109,8487200
2014-01-09,50.7680549621582,51.36516483666099,50.71086054310955,51.14325021148258,8386400
2014-01-10,50.58960723876953,50.95793942677373,50.33337387480778,50.75203742943642,6429600
2014-01-13,50.07942199707031,51.28965761916233,50.01307802010597,50.79321057911868,13554400
2014-01-14,50.93734359741211,50.93734359741211,49.94902594096882,50.04282561752652,10851600
2014-01-15,51.19129180908203,51.45209822153431,50.74975256756989,50.98310677582834,11288000
2014-01-16,50.736019134521484,51.191284412348324,50.626203351873066,51.06088297039932,13514000
2014-01-17,53.117591857910156,53.13589448838608,50.79778668085113,50.80007669145426,38344400
2014-01-21,53.06040954589844,53.87714759913378,52.806469653673346,53.62320421603807,19752400
2014-01-22,53.30291748046875,53.49280339001968,53.0032157616954,53.167935984658364,7254400
2014-01-23,52.21849060058594,53.1519036882762,52.08351264560446,52.99862310519852,13662400
2014-01-24,50.61705780029297,51.92337978843253,50.61705780029297,51.795261365172095,16043200
2014-01-27,49.466304779052734,50.80465545541058,49.21464796253195,50.80465545541058,19470800
2014-01-28,50.55073165893555,50.87101910297502,49.736279961045575,49.78661134380482,17852400
2014-01-29,49.672210693359375,50.50038830091045,49.53036964333001,50.12519303077594,16800000
2014-01-30,50.53239440917969,51.70373453465669,49.48687916354764,51.646540138047556,20040400
2014-01-31,49.28557205200195,50.07943085067388,49.21236501243927,49.445719214606385,24457200
2014-02-03,48.8371696472168,49.83692695117139,48.51688230456116,49.53265223021342,21662400
2014-02-04,49.081939697265625,49.388504302654376,48.35900520901396,48.99500659203787,14913600
2014-02-05,49.32674789428711,49.58526774872808,48.75709030480145,48.78454599583497,13520800
2014-02-06,50.10458755493164,50.10458755493164,49.36563678651141,49.43427077377484,12721600
2014-02-07,50.73830795288086,50.78863931615746,49.97876795493666,50.37455231991177,12537200
2014-02-10,50.45691680908203,50.81838595369599,50.32880186990145,50.76347805510276,10316800
2014-02-11,50.8641471862793,50.99226214156956,50.34253430209996,50.58961464053292,9809600
2014-02-12,51.377532958984375,51.54484071585597,51.08416997549886,51.21022520211278,14650800
2014-02-13,51.35002517700195,51.510457493120946,50.985613880996915,51.074997849774796,13158800
2014-02-14,51.796939849853516,51.85194670867234,51.22625549252952,51.400442130208184,12682000
2014-02-18,51.81068420410156,52.365323513399225,51.70984005747264,51.906943572112425,13427200
2014-02-19,51.31106185913086,52.20719216311342,51.26522105823873,51.76714775241342,9322000
2014-02-20,51.21479415893555,51.56086976765845,51.015396499475024,51.37522644453022,8810000
2014-02-21,51.191871643066406,51.492109943070936,51.10477833570825,51.27667081255005,9136000
2014-02-24,51.84048080444336,52.12467413416166,51.21708379507974,51.276671929371304,10817200
2014-02-25,52.05133819580078,52.353867160746425,51.680051535179686,51.840483826981284,11339600
2014-02-26,51.82215118408203,52.23239974647233,51.62733828467522,52.07884286570448,10413600
2014-02-27,51.861106872558594,52.20947661113955,51.705259369370104,51.840480614282725,8097600
2014-02-28,51.783180236816406,52.2530203552909,50.58222358477427,51.90465063611296,14004000
2014-03-03,50.75185012817383,51.34774221736897,50.32784709590022,51.16439295740921,16422800
2014-03-04,51.682342529296875,51.79006210392023,51.013108180949416,51.60212463426699,14884800
2014-03-05,51.06581115722656,51.75109035271165,50.94892554409128,51.70983434403029,11328400
2014-03-06,51.30646514892578,51.812976504839156,51.18270410791761,51.28354475380957,9120400
2014-03-07,51.696102142333984,51.73506402742411,51.23313730669213,51.55629608540482,8971200
2014-03-10,51.682342529296875,51.88173670067293,51.503574617615925,51.684633170209096,7350400
2014-03-11,52.067378997802734,52.34470041778676,51.482947335082514,51.78547629608528,11062800
2014-03-12,51.81986999511719,52.181987184673346,51.63422312312225,51.82445127800903,9394800
2014-03-13,50.60055923461914,52.13842540939496,50.520341349523825,51.948197322388275,11996400
2014-03-14,50.5982666015625,50.86183364707777,50.09175526969927,50.56388601052064,13692000
2014-03-17,51.28813552856445,51.311055926360375,50.73808095307928,50.877886986446335,8800000
2014-03-18,51.89091491699219,51.9734234667014,51.16667359145157,51.47608152715169,8304800
2014-03-19,51.297298431396484,52.04674708126061,50.88017102632704,51.9367368798683,7888800
2014-03-20,50.83893585205078,51.3660701411428,50.630372078380496,51.3660701411428,11890000
2014-03-21,51.19416427612305,53.32563177134484,50.35303747636873,51.10248968377091,38092400
2014-03-24,50.59369659423828,51.84965691667014,50.215534462500685,51.65713814040963,18228400
2014-03-25,50.05509948730469,51.118541051226934,50.05509948730469,50.92373163050757,11675200
2014-03-26,49.43169021606445,50.46533920148949,49.43169021606445,50.410332350640445,10657200
2014-03-27,49.45233154296875,49.54400615200816,48.82893440944671,49.25064320648745,10489600
2014-03-28,48.60890197753906,49.582959391710624,48.24907552776911,49.15666588938672,14950000
2014-03-31,49.47295379638672,49.47295379638672,48.51264713186196,48.76933881410102,11639200
2014-04-01,49.207088470458984,50.00008734748593,49.17271137199952,49.75256174709303,9090400
2014-04-02,49.19792175292969,49.619630475154956,48.90226472148019,49.22542343132999,9344800
2014-04-03,49.278133392333984,49.569205628723324,48.904556125356315,49.45690128626474,14210400
2014-04-04,47.602760314941406,49.43857437654876,47.15584053301588,49.40648791777363,24449200
2014-04-07,46.61954116821289,47.54317663656166,46.07177717956067,47.39191038936179,40124000
2014-04-08,46.43159484863281,47.19479786289644,46.29637360662526,46.48431105930942,21745600
2014-04-09,47.56609344482422,47.62110030655893,46.43847900797797,46.887692969239666,19142800
2014-04-10,46.1932487487793,47.91675866041381,45.87238062582766,47.73111180853331,20403600
2014-04-11,45.06563186645508,45.83800106531379,44.655379798509834,45.66152378200699,29939600
2014-04-14,46.06947708129883,46.28491622419805,45.38190713442638,45.792159161137434,20925600
2014-04-15,46.766212463378906,46.9701913897503,45.64776432930048,46.71808103258957,19214000
2014-04-16,47.983211517333984,48.02904881119312,47.093953328389006,47.4423230566089,15832800
2014-04-17,47.66006088256836,48.4828521619289,47.66006088256836,48.20782485511748,13364000
2014-04-21,47.930503845214844,48.01530302263084,47.760901993221125,47.89612324833359,10012400
2014-04-22,48.12302017211914,48.26282619920059,47.79298604280152,47.97862936625229,9840000
2014-04-23,47.85944747924805,48.19864762917282,47.67151003987657,48.19864762917282,8819600
2014-04-24,47.99237823486328,48.24448860028515,47.57754494943753,48.084056320999146,13547200
2014-04-25,45.592769622802734,46.70892741352079,45.50797043333619,45.838004626190724,38239200
2014-04-28,46.16345977783203,46.28034544518016,45.61111091410651,45.72341529837933,24263200
2014-04-29,46.44993591308594,46.76621922559158,46.24824759819402,46.271167996581475,12760000
2014-04-30,46.436187744140625,46.672253173031514,46.27346129941718,46.3559698423318,12145600
2014-05-01,47.2337646484375,47.51337671866637,46.6080769489996,46.7776788021888,14273200
2014-05-02,46.85102844238281,47.4652595797131,46.75476904342351,47.153560979537104,10908800
2014-05-05,47.47212600708008,47.64401850776077,46.525570184239946,46.69746268492064,13792800
2014-05-06,47.06645584106445,47.44691205856768,47.029784603848356,47.373569584135495,10873200
2014-05-07,47.83195114135742,47.900708839123446,46.855603023997546,47.44461949119853,14732000
2014-05-08,48.3361701965332,48.611200997650485,47.81132662881948,47.884665611198685,14613600
2014-05-09,48.315547943115234,48.32929878487928,47.70590164571994,48.1711571102684,11795600
2014-05-12,48.51952362060547,48.69829154569614,48.365966736087174,48.37742693583134,8732800
2014-05-13,48.60203552246094,48.74642635546241,48.45076926857007,48.585994039439775,7137600
2014-05-14,48.18871307373047,48.65255280502859,48.18871307373047,48.49640724536231,6838000
2014-05-15,47.635318756103516,48.14967584095281,47.39880720685319,47.991235316863154,12685200
2014-05-16,48.177223205566406,48.24151739480639,47.667459631041915,47.667459631041915,12279600
2014-05-19,48.303524017333984,48.44588924335986,47.956794336237934,48.07849432050607,7039600
2014-05-20,47.74324417114258,48.29434182467416,47.623839153978395,48.29434182467416,8740000
2014-05-21,48.24382019042969,48.37470355033313,47.897087027639046,47.95679128283258,9096400
2014-05-22,48.076194763183594,48.2851526574143,47.92234768283589,48.25071058859429,16870000
2014-05-23,48.69618225097656,48.74210617941946,48.1542714862997,48.21856568687398,11117600
2014-05-27,49.2541618347168,49.25875527841459,48.86839665460459,48.907432166608494,9676800
2014-05-28,49.093414306640625,49.254149758946106,48.91201011464795,49.254149758946106,7223200
2014-05-29,49.2932014465332,49.29779489061304,49.02454278008785,49.13935435568524,5260400
2014-05-30,49.32994842529297,49.587125266965614,48.98551365357924,49.571053466246916,6136400
2014-06-02,49.02912521362305,49.527406919363315,48.87297968391538,49.45392584567255,6364000
2014-06-03,48.52395248413086,48.962529917955,48.40454749769374,48.91660600125465,9011600
2014-06-04,48.549217224121094,48.549217224121094,48.09456440281332,48.48722150105931,12589600
2014-06-05,48.730628967285156,48.79492317398916,48.36323049717241,48.7076652489888,6597600
2014-06-06,48.90970993041992,49.00155774943865,48.59053402924074,48.801786815999584,10002400
2014-06-09,48.81327438354492,49.13704376470735,48.59513316001191,49.02223222560891,5516400
2014-06-10,49.19676208496094,49.318462079595186,48.852327344576146,48.90973313464028,6835600
2014-06-11,48.836246490478516,49.11868546820544,48.707658095954535,48.907432605234476,6758000
2014-06-12,48.627288818359375,48.94875978296633,48.503290372174746,48.769654030718065,6218000
2014-06-13,48.517059326171875,48.69616855312808,48.41602811352526,48.65024113383306,7085200
2014-06-16,48.27595520019531,48.44817250163238,48.21395599062238,48.42291382393748,7899200
2014-06-17,48.40684509277344,48.66172687362085,48.19788723111728,48.25299803640903,5722400
2014-06-18,48.50788497924805,48.50788497924805,47.998121363306474,48.32418577916419,10326000
2014-06-19,48.29432678222656,48.71683239902794,47.76619300933981,48.55839191678491,15331200
2014-06-20,48.103755950927734,48.70766246536822,48.01420306072424,48.56989067477815,18358800
2014-06-23,48.09912872314453,48.17719970002092,47.80291309945349,47.991205635910596,14765200
2014-06-24,47.7133903503418,48.35633583812908,47.61924752653508,48.053235117631566,13089600
2014-06-25,48.005001068115234,48.33336389805941,47.60316067372962,47.60316067372962,8244800
2014-06-26,47.982051849365234,48.188711269434826,47.66057735798134,48.181822855683905,8580400
2014-06-27,48.0555305480957,48.19789577395321,47.72946610914301,47.78457692420289,12961200
2014-06-30,48.38389205932617,48.62040360681244,47.87642339202486,47.913163934333845,9961600
2014-07-01,49.19676208496094,49.449348962751664,48.64107445759271,48.66862811561665,10993600
2014-07-02,49.33223342895508,49.48149056880568,49.19675662035715,49.34142031645686,5768800
2014-07-03,49.7156982421875,49.8282148273486,49.39193232023029,49.44015121117748,5571600
2014-07-07,49.76852035522461,49.954514537013196,49.515933501085144,49.69733423904273,6612400
2014-07-08,49.42868423461914,49.802971137478224,48.944179186930825,49.77541747721383,12149200
2014-07-09,49.63532638549805,49.66288003420902,49.2564461968713,49.48377431004735,5177200
2014-07-10,49.49296951293945,49.802962150059386,48.83624719956716,49.09342749612027,8536800
2014-07-11,49.828208923339844,49.8373923049848,49.22429909490581,49.58710398585997,5696800
2014-07-14,50.75358963012695,51.05898875021684,49.97746249029294,50.23004928247862,13716400
2014-07-15,50.92582321166992,51.607804264679515,50.723753713364474,50.90056452438174,10900800
2014-07-16,51.130191802978516,51.2427084197478,50.76509179673206,51.19219104109804,8853200
2014-07-17,50.03028106689453,50.97632709722205,50.01879921138883,50.96255027212335,9806000
2014-07-18,50.563011169433594,50.95107480933128,50.26909385121646,50.328794602058096,11068000
2014-07-21,50.33797073364258,50.54692857259748,50.174936808889726,50.409153326221265,6168400
2014-07-22,50.80641555786133,51.111814759700295,50.657161915835054,50.72834452984055,7699200
2014-07-23,50.792625427246094,51.10031951858139,50.67322044263456,50.85921808364818,8189200
2014-07-24,51.146240234375,51.401121964092326,50.937282414636435,51.29549381774841,11947600
2014-07-25,49.31614303588867,49.75931383704161,48.52853415871554,49.16229601406912,27530400
2014-07-28,49.18986892700195,49.35979131056361,48.93728207356856,49.23579285387047,10401600
2014-07-29,49.024532318115234,49.53200091561984,48.98549681119495,49.23119170858036,10577200
2014-07-30,49.15312194824219,49.320745836061775,49.01305171218183,49.02223859861528,10422800
2014-07-31,48.45277404785156,48.99238978980177,48.45277404785156,48.971724549583456,13874000
2014-08-01,48.6364631652832,48.92349201027333,48.170328601320854,48.19099383725532,14100000
2014-08-04,48.716835021972656,48.94875307869077,48.569876386313304,48.87527551274622,8079600
2014-08-05,48.34484100341797,48.76964509661591,48.03025850969728,48.56528069860238,11151200
2014-08-06,48.37929916381836,48.53773968852167,48.177229682600114,48.21626519533164,7528400
2014-08-07,48.000423431396484,48.55381608336678,47.899392184992344,48.49181684961886,9568000
2014-08-08,48.32648468017578,48.34714992062812,47.80983264624219,47.9636797203388,9256800
2014-08-11,48.35404586791992,48.50100455142933,48.2277524280826,48.45967056031376,9018400
2014-08-12,48.28975296020508,48.49641241002081,48.094571865779066,48.241530553236615,6442000
2014-08-13,48.64174270629883,48.795886498053086,48.41858700832509,48.53131452918168,6451200
2014-08-14,48.89250946044922,48.90861188682029,48.61413442037952,48.793581516790354,7136800
2014-08-15,48.356468200683594,49.07655945062732,48.29665016073273,48.977631505565384,8999600
2014-08-18,49.30660629272461,49.331909597325826,48.604920521329824,48.65553415142698,8352400
2014-08-19,49.46304702758789,49.62178946111546,49.26289535598223,49.40553185662558,8212400
2014-08-20,49.73912811279297,49.79434395063185,49.331919646045385,49.36643086111272,7296800
2014-08-21,49.63559341430664,49.91626773437977,49.626392531387566,49.80813893023123,5544000
2014-08-22,49.71381759643555,49.911669945921396,49.53207118153995,49.7391244147575,7145600
2014-08-25,49.69771194458008,49.99679154792944,49.65860204797673,49.96918187763186,4962400
2014-08-26,49.861061096191406,50.15323920660491,49.734526992433736,49.8058487676049,6944000
2014-08-27,49.95307922363281,50.04510209633913,49.529764882020054,49.95077637002423,8035600
2014-08-28,49.37101745605469,49.63328645962161,49.180066693127905,49.4630403129232,11083600
2014-08-29,48.89250946044922,49.46305911287217,48.79588437087787,49.3618318255741,14646000
2014-09-02,49.40092849731445,49.456144323899785,48.93620845439887,49.09725022721355,8066400
2014-09-03,49.44003677368164,49.729915465710384,49.304301820354,49.479150176929366,7788400
2014-09-04,49.29280090332031,49.72071391609316,49.232986389225324,49.56427433594591,9492400
2014-09-05,49.281314849853516,49.31812190194836,49.025947276688115,49.31582255820757,8202800
2014-09-08,49.640201568603516,49.74372818849361,49.1179627614695,49.235292462618546,10266400
2014-09-09,49.29740905761719,49.57118186640832,49.232992339130796,49.5297691128397,7328800
2014-09-10,49.89556884765625,50.3027737845013,49.242193751013104,49.249098802055144,12646800
2014-09-11,49.45155334472656,49.86566336193259,49.33652297941645,49.85415962331194,8861200
2014-09-12,49.2421875,49.63559281616416,48.94541076078297,49.43544114344681,8710800
2014-09-15,49.380226135253906,49.6033852843687,49.19847973558237,49.19847973558237,7036800
2014-09-16,49.9921989440918,50.10262711512929,49.15247514622915,49.44235392206893,9211600
2014-09-17,49.584983825683594,50.03590435533504,49.1639723112413,49.92317334531023,12321200
2014-09-18,49.79434585571289,49.84955818521606,49.49756554284048,49.67701263462222,9215200
2014-09-19,49.750633239746094,50.18774722588135,49.575788347381625,50.08192125512986,20475200
2014-09-22,49.20539093017578,49.91857709958097,49.17548191140086,49.91857709958097,9074000
2014-09-23,48.878700256347656,49.20998473176857,48.878700256347656,49.20998473176857,7959600
2014-09-24,49.32732391357422,49.46305890713737,48.830391874604224,48.95232378549293,8336000
2014-09-25,48.47608947753906,49.295104971305136,48.409369911666836,49.242188485145086,11729600
2014-09-26,48.75905990600586,48.82347661401793,48.4415750519126,48.646328911761096,7178800
2014-09-29,48.52670669555664,48.64864210855529,48.11029734792745,48.361066204341974,8788800
2014-09-30,49.08806228637695,49.23760388374753,48.547421617125416,48.581929326277105,11456000
2014-10-01,48.31504440307617,49.18927573005965,48.25522988723928,48.96841943277917,11686000
2014-10-02,48.24832534790039,48.31274205647323,47.80660927035203,48.08268138001384,11411600
2014-10-03,48.770572662353516,48.84189092295442,48.35415981579219,48.54971282942844,9960800
2014-10-06,48.724571228027344,49.03745403037821,48.694665713624325,48.908620554783546,8937200
2014-10-07,47.8641242980957,48.56350720786975,47.818112865029185,48.49909049948716,8949600
2014-10-08,48.85567855834961,48.897087789304365,47.78359511352761,47.8595155473915,14038800
2014-10-09,47.785911560058594,48.8211847537882,47.75600254445199,48.8211847537882,10996800
2014-10-10,47.15785217285156,48.21383369719313,47.15785217285156,47.82732980667207,11744400
2014-10-13,46.99679946899414,47.795110378045685,46.86796603879234,47.04741310378023,12188800
2014-10-14,46.63788986206055,47.3694809595457,46.57347316833657,47.026692877324486,14018000
2014-10-15,46.06966018676758,46.46536491465082,45.31045909208704,46.20999736945231,19668000
2014-10-16,46.70231628417969,46.75063056976011,44.905543002602755,45.342656873990066,15625600
2014-10-17,47.39249801635742,47.52363428326202,46.83345227331506,47.125626796670595,12731600
2014-10-20,47.8181037902832,47.89862290525715,47.19463793264196,47.28436143875083,7628000
2014-10-21,49.074249267578125,49.09035520222061,47.82961998957188,48.26213524576873,12986000
2014-10-22,48.52439880371094,49.221482391885395,48.489891105463656,49.06964149870251,11042000
2014-10-23,49.29740905761719,49.67010628749533,48.92931051445388,49.20308332324501,9729600
2014-10-24,49.11335372924805,49.26749396593494,48.7406565453319,49.14786493804053,10896000
2014-10-27,49.097259521484375,49.40093784907258,48.82118735719109,49.01673686461015,6658800
2014-10-28,49.85645294189453,49.89096064070845,49.24679001608454,49.37332409581472,10497600
2014-10-29,49.38483810424805,50.245263004486134,49.17548199337104,49.76443691194741,16095200
2014-10-30,54.4438591003418,55.048919818558794,52.45843779780305,52.575767482097355,50857600
2014-10-31,55.543556213378906,55.78972286112131,54.59110500268324,54.59110500268324,24956000
2014-11-03,55.568843841552734,55.9507453354676,54.98449137736887,55.44001044853246,12716000
2014-11-04,55.897850036621094,55.90705092026719,55.00751622744231,55.13404680742701,16644400
2014-11-05,57.40704345703125,58.05351343158137,56.13480812743783,56.171618680192736,21939600
2014-11-06,57.53586959838867,57.722218171257204,56.94921421348793,57.40243399437794,13212000
2014-11-07,58.07421875,58.07421875,57.29431314516298,57.54277911357755,9507600
2014-11-10,57.56349563598633,58.06732567574014,57.17699179195481,57.970700592344286,13145200
2014-11-11,57.45305252075195,57.48756372895267,57.09185907929326,57.32651844491073,8467600
2014-11-12,58.07542419433594,58.12383153364621,57.24330544328453,57.36086461709158,10897200
2014-11-13,57.83800506591797,58.179149657865985,57.53143463229941,58.179149657865985,12473200
2014-11-14,57.358543395996094,57.89331370118665,57.33318784674641,57.888702642084645,8532800
2014-11-17,57.579830169677734,57.95554884294837,57.201804208185784,57.29861534887435,9876800
2014-11-18,57.56370162963867,58.02470913866407,57.411571824738495,57.577531292156124,7647200
2014-11-19,57.59367752075195,57.81726648002292,56.97823281912866,57.67896279815328,6642800
2014-11-20,58.01087188720703,58.06158298794249,57.051975549746345,57.05658660905167,6704000
2014-11-21,58.59868240356445,59.13806050745532,58.27597845693126,58.81074549952473,11886800
2014-11-24,58.690853118896484,58.83607158072356,58.45574186867141,58.778445653612174,10724800
2014-11-25,59.29939651489258,59.46996703755302,58.73696680651282,58.861437282973355,12966400
2014-11-26,59.29939651489258,59.688948412116666,58.91675944873808,59.350107620874894,7977200
2014-11-28,59.51376724243164,59.81572660977002,59.44691918140064,59.603660052272225,5186800
2014-12-01,59.504547119140625,60.08080654705099,59.07119890384534,59.07119890384534,10925600
2014-12-02,59.93328857421875,59.98860722900729,59.522992137564174,59.7396662480419,8535200
2014-12-03,60.29976272583008,60.364303473388176,59.628996188129555,59.847977492923405,9382000
2014-12-04,60.19375228881836,60.44960807325691,59.94249701254606,60.41041934084991,7362400
2014-12-05,60.70315933227539,60.735426196914105,60.161474154271424,60.308999919521725,7838000
2014-12-08,60.64552688598633,61.2287009849295,60.51183079628495,60.73772696215786,12342000
2014-12-09,60.88526916503906,61.02126554516598,59.8157282960577,59.8157282960577,10454000
2014-12-10,60.32743835449219,61.04660888872935,60.16147538240547,60.80227549015944,8528000
2014-12-11,60.650150299072266,61.2171875986073,60.50954637713915,60.610968597793125,13383600
2014-12-12,59.18875503540039,60.95672196448585,59.18875503540039,60.053144132829765,15325600
2014-12-15,59.17033386230469,59.665915672228,58.33821140781492,59.50917476168434,12825200
2014-12-16,58.41194534301758,59.573685998082084,58.167611975898936,58.29899726018403,12050400
2014-12-17,59.71890640258789,59.82955073117538,58.4787986619063,58.57560981151437,9714400
2014-12-18,60.88985824584961,60.956706288496385,60.193739604127764,60.355087973504716,10318000
2014-12-19,60.31592559814453,60.98668538975748,60.24907753409166,60.70547050428534,15563600
2014-12-22,60.901397705078125,60.924449488432714,60.398901186264666,60.48880103102257,5680000
2014-12-23,61.143428802490234,61.41081400460751,60.86682148046094,61.08580286326883,5537600
2014-12-24,61.68971633911133,61.97093117999398,61.17108293018628,61.19643496476969,5236800
2014-12-26,61.4569206237793,62.07928368330085,61.4569206237793,61.689731707464055,4768800
2014-12-29,61.1826057434082,61.70585373286941,61.09501319709756,61.4246388899638,5262400
2014-12-30,60.97975540161133,61.17107742562684,60.640914656894694,61.10653666636725,4781600
2014-12-31,60.43807601928711,61.60211694956336,60.43346144302766,61.19412791225875,5904800
2015-01-02,61.088077545166016,61.486851410036074,60.50490356574633,60.71005520001525,8389600
2015-01-05,59.73966598510742,60.73774422774823,59.67051063250918,60.73543693900322,12751200
2015-01-06,59.35471725463867,60.11076929402014,58.74618747861925,59.882572826267975,11070000
2015-01-07,60.14995193481445,60.193748206833845,59.343188869385564,59.571385314022436,9346800
2015-01-08,60.95671463012695,61.11114819101287,60.537196150391395,60.66858496565182,10443200
2015-01-09,60.05314254760742,60.9613278980865,59.87795744413949,60.763091012412325,10523600
2015-01-12,59.935585021972656,60.39198499824244,59.732747622491466,60.17070335872519,6425600
2015-01-13,60.11076736450195,61.27020094024154,59.725823008646294,60.39658976216157,10284000
2015-01-14,58.90753936767578,59.60827275611228,58.57561339601725,59.156487363627875,12225200
2015-01-15,58.347415924072266,59.347801364561974,58.16992705004728,59.17261626186422,10569200
2015-01-16,58.766929626464844,58.80150729885866,57.97169240231996,58.063892494287344,11137200
2015-01-20,59.20257568359375,59.85951270449339,58.607875653050684,59.05966450008609,14933200
2015-01-21,59.30400466918945,59.84568988994797,58.66320452393918,59.045841594040596,9784000
2015-01-22,59.377769470214844,59.700473324545314,58.402736041443355,58.88218428016879,11566000
2015-01-23,59.53681564331055,60.08080111757814,59.51145657287742,59.58982700386091,6166800
2015-01-26,59.1311149597168,59.30630002592943,58.50184083204048,59.22562232257283,8552400
2015-01-27,57.85414123535156,58.499548963493496,57.29862631765024,58.499548963493496,11027600
2015-01-28,56.78690719604492,58.31975581318385,56.7730775330176,58.20911499175696,11430800
2015-01-29,57.164920806884766,57.34932448067106,56.51259487722517,57.0565837804306,15668400
2015-01-30,58.757720947265625,60.7654069541629,58.757720947265625,60.02318448169093,22151600
2015-02-02,58.85682678222656,59.08041570148825,57.5567857706761,59.08041570148825,13665200
2015-02-03,59.8825798034668,60.03471314449947,58.71853499493696,59.172624211981,15075600
2015-02-04,61.05813980102539,61.48226584360728,59.72352116070339,59.83646574365157,22170800
2015-02-05,62.65091323852539,62.65091323852539,61.290942589821654,61.60212404332216,16565600
2015-02-06,61.64131546020508,62.800749032677295,61.32321916207197,62.63939359511477,11242000
2015-02-09,61.189517974853516,61.85336984035899,61.14802899186331,61.639003060494055,7834400
2015-02-10,60.97975540161133,61.74502942884301,60.76769592165061,61.486866391804654,9396800
2015-02-11,61.42312240600586,61.49470787420445,61.02131919131685,61.1898952874754,8795600
2015-02-12,62.559288024902344,62.559288024902344,61.670233957235396,61.79955014374656,11641600
2015-02-13,62.26371383666992,62.98419182365361,62.067428053076505,62.98419182365361,8476000
2015-02-17,62.550048828125,62.80868119985385,62.31912606090945,62.69091538067236,6810400
2015-02-18,62.145931243896484,62.58006715466217,61.92193588769093,62.55004606869596,6429200
2015-02-19,62.14131164550781,62.36530698844752,61.887295218379855,62.36530698844752,5654800
2015-02-20,63.04191207885742,63.04191207885742,61.67023035116756,62.12745994279859,9034800
2015-02-23,63.04422378540039,63.11580927588731,62.40687472459734,63.03267341929406,6654800
2015-02-24,62.91951370239258,63.228949301046875,62.61931698574051,63.228949301046875,9045200
2015-02-25,63.04422378540039,63.3259498292275,62.64010896294693,62.64010896294693,6842800
2015-02-26,63.21511459350586,63.38830668828259,62.81561562456063,63.088109876218006,13459600
2015-02-27,62.65165328979492,63.3167119644275,62.65165328979492,63.150447295769354,7965200
2015-03-02,64.26349639892578,64.26349639892578,63.37444236977554,63.898634494273445,11653600
2015-03-03,63.573028564453125,64.3466211658086,63.157370444394935,64.3466211658086,8807200
2015-03-04,63.21511459350586,63.538405094314875,62.868730403952405,63.538405094314875,8021200
2015-03-05,63.30284118652344,63.53607536976262,63.215089432544275,63.50374280894859,6756000
2015-03-06,62.19672393798828,63.3836700895915,62.175941739060086,63.13426960804901,11590800
2015-03-09,62.67706298828125,62.85948690740896,62.136697490681215,62.4692268520333,8902000
2015-03-10,61.240699768066406,62.316793294218684,61.240699768066406,62.26599706809584,11125600
2015-03-11,61.136783599853516,61.744111416235256,60.744212198839804,61.33999669933348,12105200
2015-03-12,62.252140045166016,62.34913068255208,61.4947138506142,61.51780753067771,9530800
2015-03-13,61.201454162597656,62.08126924774227,61.07906539096135,62.08126924774227,12578800
2015-03-16,62.12283706665039,62.360687222617265,61.57093534627038,61.63097751772716,9849600
2015-03-17,61.07905578613281,61.97041404935301,60.99592699456277,61.90114005637797,14290800
2015-03-18,61.81109619140625,61.88268168082273,59.81130431139019,60.984388791972606,50658000
2015-03-19,61.711795806884766,62.06280291047248,60.732685564673424,61.73027357402271,15407500
2015-03-20,62.2660026550293,62.53386679600747,61.684072917975534,62.11820873857062,15372000
2015-03-23,61.961185455322266,63.00495360487263,61.95194657337521,62.83868896583609,8128000
2015-03-24,61.97966003417969,62.52464134778217,61.73949841900558,61.97966003417969,6534800
2015-03-25,60.71420669555664,62.284478425757364,60.71420669555664,61.9796587337247,13054300
2015-03-26,60.58488464355469,61.240711404608234,60.058381095972734,60.270833110387656,9487200
2015-03-27,60.53870391845703,60.78809736681296,60.17846502238597,60.520226153569936,6521100
2015-03-30,60.649559020996094,61.25919146247069,60.5017650671819,60.98208132267086,11237100
2015-03-31,60.41862869262695,61.15757722761331,60.40015092711073,60.47404789477018,7400500
2015-04-01,60.20615005493164,60.52020145783636,59.531852855754465,60.45554340152071,7633000
2015-04-02,60.307796478271484,60.61261625137046,59.864421622199856,60.03068631232618,5083000
2015-04-06,60.224647521972656,60.631073797782676,59.49493786815409,59.79051869223336,8351200
2015-04-07,60.77886962890625,61.13910854926238,60.32625597229228,60.390914059351,6660800
2015-04-08,61.42546463012695,61.73951625460023,60.77888361079692,60.862012435908824,6604200
2015-04-09,61.37001419067383,61.72101413013416,60.74190421408098,61.49009144825739,5408500
2015-04-10,61.277652740478516,61.60095020282746,60.898943124793405,61.60095020282746,4628500
2015-04-13,60.60338592529297,61.702580812317635,60.51101820600133,61.166838174338785,5059800
2015-04-14,60.52947235107422,60.90818905780075,59.929071769329155,60.520233467514146,5621800
2015-04-15,60.66801834106445,60.88047034794811,60.31701833752002,60.59412137804386,5347100
2015-04-16,60.640323638916016,60.97285300699715,60.36321348311374,60.5294781671543,4121300
2015-04-17,59.59652328491211,60.5017433084637,59.43949755085962,60.132265604009966,11212900
2015-04-20,59.78128433227539,60.23389096181364,59.65196815240732,60.03991669201153,5948900
2015-04-21,60.36319351196289,60.806568205115305,60.030664253899,60.067612732261836,9619700
2015-04-22,62.82020568847656,64.63987747209488,60.76961123276862,60.79732082586727,20912400
2015-04-23,62.552345275878906,63.01419069930129,62.36760287818882,62.99571293593133,7193400
2015-04-24,62.33066940307617,62.97725025953019,62.17363658319209,62.93106289241085,6219900
2015-04-27,61.97966003417969,63.3744353126105,61.82263426730538,63.17122218032492,7122400
2015-04-28,61.67484664916992,62.34914419830622,61.342324363539284,62.173640648420765,6297500
2015-04-29,62.20133972167969,63.235876031717524,61.68407509026179,61.75797205109351,9812400
2015-04-30,61.00979232788086,62.34914143614653,60.42786249760027,62.053560603078104,11780600
2015-05-01,60.75115966796875,61.57325121851153,60.17847570445832,60.24313379863542,10142800
2015-05-04,60.57565689086914,61.09292159080753,60.474050318066524,61.00979278426157,7426400
2015-05-05,60.9266471862793,61.323834530837715,60.594117918872165,60.75114367092501,8099800
2015-05-06,60.658790588378906,61.564010933462676,60.252371311601564,61.102165400649305,7084600
2015-05-07,61.499351501464844,61.68408689168572,60.53871196846878,60.57566045595364,6660300
2015-05-08,64.1688232421875,64.80617237017456,61.89654393236037,62.016621240982346,18359000
2015-05-11,63.753143310546875,64.38125340929523,63.540698348336285,64.01178268419814,10998500
2015-05-12,63.448333740234375,63.734675680214536,62.783275127323186,63.31901757074639,7438200
2015-05-13,63.52235794067383,63.73517470112291,63.096717360240056,63.61488727389237,5129800
2015-05-14,64.77151489257812,64.7992729837208,63.70741002172165,63.80919439560135,6491100
2015-05-15,64.3736343383789,65.4099811485373,64.13305244218346,64.86404612173244,7121000
2015-05-18,64.77151489257812,64.99358668125434,63.966494951766386,64.53093300345022,5553800
2015-05-19,64.91957092285156,65.28968823722036,64.77151834947584,64.90106082141197,4351000
2015-05-20,64.56795501708984,65.06762190492162,64.29036700798498,65.00285066351024,4870100
2015-05-21,64.18856811523438,64.65122175206443,64.10528678964715,64.35512370687456,6483800
2015-05-22,64.41990661621094,64.63272337440793,64.12380851732362,64.12380851732362,4511700
2015-05-26,63.420589447021484,64.30888397565585,63.207765573711356,64.13307325681431,6228100
2015-05-27,64.29959869384766,64.53092550587283,63.38354649489751,63.70740261982594,7064800
2015-05-28,64.36439514160156,64.5679639454826,63.66116644033213,64.29037589799313,3893900
2015-05-29,63.550132751464844,64.40141413626083,63.40208013174164,64.15158416489977,6678100
2015-06-01,63.947994232177734,64.2625953559279,63.31878492514227,63.96649727376622,6309400
2015-06-02,63.88321304321289,64.27184039183244,62.930147710369404,63.59637005630808,4457400
2015-06-03,63.799957275390625,64.30887928781397,63.7444410775033,64.08680743672781,4906400
2015-06-04,63.115211486816406,63.98500262717408,62.94865588673802,63.50383886715446,6460000
2015-06-05,63.26327896118164,63.568625083699416,62.920912630435915,63.1892526637983,4413100
2015-06-08,62.62480545043945,63.18924353223117,62.569289265192815,63.09671420364168,4864300
2015-06-09,62.87464904785156,63.00419154801921,62.486021547348635,62.61556404751628,4439700
2015-06-10,64.42914581298828,64.46615895273874,63.02268180014401,63.124466169574106,6807800
2015-06-11,64.43841552734375,64.7900298456896,64.2348467421565,64.49393171983621,5238700
2015-06-12,64.15155029296875,64.53092257651083,63.864700258595846,64.24407960167166,4900700
2015-06-15,63.448326110839844,63.836953512149414,63.0782017507443,63.58712362831754,5995100
2015-06-16,63.855472564697266,64.00351809376876,63.18925003503559,63.33729556410709,5937400
2015-06-17,63.6148681640625,64.22557428701357,63.392796419140964,63.94797931121154,7818300
2015-06-18,64.30886840820312,64.62346955572369,63.735175242121564,63.753685344643756,7596800
2015-06-19,63.55939483642578,64.15159126175617,63.365081046195954,64.0960679934489,8728800
2015-06-22,63.92947769165039,64.25334089287584,63.75367410589494,64.14230147592416,5511700
2015-06-23,64.23481750488281,64.3921180183716,63.929464466087175,63.93871951380209,3888700
2015-06-24,63.71670150756836,64.21636861246957,63.62417213100271,63.94802847875194,4670600
2015-06-25,63.49459457397461,64.19782309566683,63.392810198025856,64.19782309566683,4705100
2015-06-26,63.6148681640625,64.04050861663438,63.30026711371812,63.568599981584335,7025600
2015-06-29,61.73651885986328,63.37431006395961,61.70876076379089,62.91165630399006,9706700
2015-06-30,62.13438415527344,62.4397372465134,61.77351488727499,62.310187734853336,6811000
2015-07-01,62.782108306884766,63.19850089004095,62.48601020886805,62.865389647330204,6260800
2015-07-02,63.14299011230469,63.21701641631098,62.56930390509816,63.05971581495028,5053000
2015-07-06,63.03193664550781,63.03193664550781,62.32870111159948,62.5045117599602,5270600
2015-07-07,62.70809555053711,63.105978117445595,61.5607160555482,63.02270381856423,6500700
2015-07-08,61.74574661254883,62.29167441936859,61.6717203493937,62.00483147405875,5973500
2015-07-09,62.041866302490234,62.86538935437202,62.01410114944747,62.59704935124243,4837800
2015-07-10,63.30952072143555,63.42056013351803,62.83761910403675,62.90239032953467,5110200
2015-07-13,64.32737731933594,64.40140361710628,63.68891991479162,63.8924887038919,6832300
2015-07-14,64.86405944824219,65.0491251985437,64.28111821874961,64.74377200519861,5635400
2015-07-15,64.79002380371094,65.03060571463647,64.48467771394124,64.89180818681268,4506200
2015-07-16,65.29893493652344,65.31743797606133,64.74375197644018,65.16939248115516,6512500
2015-07-17,65.58577728271484,65.65980355919737,65.03059432816447,65.14163374288826,6287600
2015-07-20,67.26984405517578,67.54743909444645,65.90964812944779,65.96516431348788,10198500
2015-07-21,66.640625,67.43638979929935,66.40005019800462,67.39937666217682,10919600
2015-07-22,66.59436798095703,66.76092357851498,66.27051183557616,66.56660989128646,6303200
2015-07-23,66.39078521728516,66.8534387728063,65.88186348239869,66.80717059344099,10755700
2015-07-24,69.21299743652344,71.17464463739066,68.84287305877301,71.04510216410831,21196100
2015-07-27,68.34320068359375,69.12971051053064,68.08411575797075,68.73182807202825,10293800
2015-07-28,69.1574935913086,69.56463122699836,68.33397032605417,68.75036301515614,10054300
2015-07-29,70.33261108398438,70.7212384625164,69.09269560926634,69.35178052828769,13746900
2015-07-30,70.67498779296875,71.02660917840733,69.62013775572565,70.22158907228547,6507000
2015-07-31,69.71263885498047,70.79525360999179,69.6941358177604,70.73973037926463,8526300
2015-08-03,70.11051940917969,70.36035629216266,69.4072910604522,69.9439638403688,5810800
2015-08-04,69.64790344238281,70.39740743649563,69.42583158390428,69.88848540713118,6957900
2015-08-05,69.37957000732422,70.4806812992949,69.32404674839587,70.36964890051232,6976400
2015-08-06,68.0841293334961,69.78669178966108,68.05637123729238,69.67565940484624,7767800
2015-08-07,68.66707611083984,68.75960545888127,67.84355291205871,68.17666421263723,6484600
2015-08-10,68.82437896728516,69.56462789498505,68.33396705298718,69.29628783518227,6183500
2015-08-11,67.88054656982422,68.72257257259308,67.75100410785979,68.29693204620496,6476000
2015-08-12,68.15857696533203,68.42735653393297,67.09272890256274,67.53760713671936,7625100
2015-08-13,68.52005767822266,68.98346940144312,68.01030195423944,68.05664595500218,5992000
2015-08-14,68.78883361816406,68.95566211237463,68.07517564305726,68.44590641586977,3861500
2015-08-17,68.96493530273438,68.99273887445257,68.1215225814072,68.58493429964807,3473500
2015-08-18,69.02056121826172,69.26153735719569,68.59422317005765,68.82592909219704,6325500
2015-08-19,68.95568084716797,69.47469982745861,68.27909647262915,68.77031187484754,5886900
2015-08-20,68.53858947753906,69.076148761317,67.48201133830742,68.17712890733358,12082300
2015-08-21,65.98054504394531,68.23272567456708,65.76737259933266,67.19468115797893,15752200
2015-08-24,63.35764694213867,64.28447032388898,55.60940290501806,59.464991567227905,20950600
2015-08-25,62.06937026977539,66.54592942448461,61.72644303280628,66.44397827487494,14485000
2015-08-26,65.51716613769531,65.79520899027287,62.931327303435246,64.29375920148549,12220000
2015-08-27,67.10204315185547,67.185453898007,65.61912651662584,66.67570506117096,9122200
2015-08-28,67.15763092041016,67.35226300965705,66.36056213334065,66.8239738899577,6411400
2015-08-31,66.08251953125,66.80544074248502,65.63764113220415,66.64788244180093,8313300
2015-09-01,63.91374969482422,65.2391076237965,63.48741172012646,64.33082452542807,11491500
2015-09-02,64.52545928955078,64.83130569266739,63.672776233748365,64.82204254818994,9218000
2015-09-03,65.24837493896484,65.87861519335475,64.86837391493323,65.29471187068198,9035200
2015-09-04,64.09913635253906,64.79425419115687,63.617184024612314,64.2196208989686,9469400
2015-09-08,65.3688735961914,65.81375207780496,64.46059034158978,65.5727759389683,7984900
2015-09-09,64.5069351196289,66.1566803536294,64.34937677056244,65.57278390473955,9022200
2015-09-10,65.0908203125,65.48008450215777,64.377162227025,64.4142360171499,7244200
2015-09-11,65.58204650878906,65.62838345078552,64.37717287922348,64.74790377071317,6452100
2015-09-14,64.88693237304688,65.61912398019354,64.51620146079358,65.54497638352207,7059300
2015-09-15,65.35032653808594,65.57276219672454,64.4235030441393,65.32252296464388,6962600
2015-09-16,65.79520416259766,65.90642553812987,64.9239948031217,65.29471857935687,8207600
2015-09-17,65.76741027832031,67.02789110235867,65.34107221594026,66.0825340198818,7663300
2015-09-18,64.68302154541016,65.62837853028206,64.60887395845073,64.71082512274417,14508100
2015-09-21,65.60057067871094,66.10105625142307,65.08155174601805,65.45228258555696,12756500
2015-09-22,65.10935974121094,65.23911448319201,64.23814326982111,64.87765383465859,11394000
2015-09-23,65.75811004638672,65.94347894831367,64.7849498278974,65.02592586485216,10655800
2015-09-24,65.1000747680664,65.46153533466345,64.54398213261722,65.20202590952726,8406700
2015-09-25,65.51716613769531,66.23081723752466,65.07228767402661,65.98057796309453,7756600
2015-09-28,62.282535552978516,65.13715359252473,62.12497725711383,65.05374287275002,15261200
2015-09-29,63.51521682739258,63.67277513401965,62.28253980732837,62.57912306084508,11326700
2015-09-30,64.56251525878906,64.56251525878906,63.26496120875892,64.24739165597713,9309200
2015-10-01,64.86836242675781,65.59128348765486,63.932275961288966,64.96104334488037,8679900
2015-10-02,65.49861907958984,65.55423330136254,63.35765892555943,63.76546355341382,7460400
2015-10-05,66.94446563720703,67.04640971850002,65.73032202352788,65.86007675001233,7286800
2015-10-06,66.80542755126953,67.23176543599124,66.57372171797941,66.93518225222392,5782500
2015-10-07,67.86203002929688,67.87130024587586,67.14837184588707,67.36154440058314,6208900
2015-10-08,68.49227142333984,68.52007500238646,67.50057036775695,67.6581286964235,5713100
2015-10-09,68.5664291381836,68.66837325270465,68.02886962690384,68.62203630448683,5947800
2015-10-12,69.50251007080078,69.9103147779108,68.27910302057471,68.34398039933275,5586300
2015-10-13,69.51176452636719,69.74347040812174,68.72396594262216,69.01127897324506,7439400
2015-10-14,68.77027893066406,69.75271633557061,68.32540775241571,69.36344521572845,7568300
2015-10-15,69.82685089111328,69.89173529816296,69.12247040682317,69.47466064896823,6856200
2015-10-16,70.4385986328125,70.93908426110437,69.31714284521723,69.8176284735091,9117400
2015-10-19,71.35614776611328,71.67127147054036,70.37371700209934,70.37371700209934,9952600
2015-10-20,70.69811248779297,71.26347552474103,70.37372559883191,71.03176959389687,8148800
2015-10-21,69.9381103515625,71.30981243682271,69.79908539268226,71.30981243682271,7277900
2015-10-22,70.82782745361328,71.22636171362021,70.10490648687976,70.33661228755588,9093400
2015-10-23,71.43029022216797,71.94930914382942,69.46542176414567,71.79175083848256,11971300
2015-10-26,72.45906066894531,72.5795451769453,71.44881938873803,72.36637973424516,8019400
2015-10-27,71.84735870361328,72.45906564260619,71.42102071784666,72.32004069546211,9527400
2015-10-28,73.09854888916016,73.1170822420181,71.77319142017065,72.1253816932707,10850200
2015-10-29,72.7649154663086,72.950277339145,72.22735613553992,72.83905597278184,7648600
2015-10-30,71.9029769897461,73.0429660643445,71.88443655782412,72.95955533400445,11186500
2015-11-02,69.71564483642578,70.63319785875119,69.07613454181407,69.68784127076442,29966000
2015-11-03,72.19953918457031,72.82977933498609,69.33565140348512,69.63223458773366,18899900
2015-11-04,72.61662292480469,73.06150133516739,72.19955516036039,72.63516335541696,8640800
2015-11-05,73.46002197265625,73.87708965893617,72.68148666820564,72.68148666820564,9392600
2015-11-06,72.98734283447266,73.74733774050819,72.58880848916736,73.74733774050819,8221600
2015-11-09,72.32929992675781,72.66295692079244,71.63418236770259,72.66295692079244,10157300
2015-11-10,73.79632568359375,73.84274589390553,72.06004830705356,72.09718872558929,8440300
2015-11-11,73.517822265625,74.51130606311392,73.50853538420502,74.13990872827934,8024400
2015-11-12,72.70996856689453,73.48990298090943,72.5521271429921,73.22064033105956,8939800
2015-11-13,72.52428436279297,73.32278555764569,72.20859438436274,72.44071665998715,9913200
2015-11-16,73.25778198242188,73.26706885569386,72.03217681144379,72.22715864730294,7805000
2015-11-17,73.19280242919922,73.61061971908107,72.85854576376968,73.2949368038477,6942600
2015-11-18,74.70624542236328,74.74338584302582,73.10924275292864,73.31351152466715,7212400
2015-11-19,74.41841888427734,75.21692024976032,74.13986926048145,74.83623623616,6082200
2015-11-20,74.45551300048828,75.20758659966678,74.26053121862003,74.82690282282393,6764300
2015-11-23,74.38128662109375,75.0033728208221,73.87061461605587,74.82695756747957,5910600
2015-11-24,74.08416748046875,74.46484443754926,73.54564194722148,73.56421570150543,6040800
2015-11-25,73.8705825805664,74.36268061720618,73.8705825805664,74.07485129399625,4268700
2015-11-27,74.13057708740234,74.41841356710862,73.91702853038649,73.94488207401372,3139500
2015-11-30,73.35992431640625,74.39982755409953,73.31349702880514,74.3348336017437,8874600
2015-12-01,74.1955795288086,74.21414619697215,73.13709526440468,73.84274907940369,6702100
2015-12-02,73.3877944946289,74.41841817552249,73.32280052753701,74.12130188541514,7310000
2015-12-03,72.6914291381836,74.0655893539856,72.49644723258241,73.684912419377,8689600
2015-12-04,74.65054321289062,74.65054321289062,72.83998477724994,72.96069292324614,9944600
2015-12-07,73.86131286621094,74.73408782836196,73.41563496849625,74.39983117602843,15262400
2015-12-08,73.41564178466797,73.97273389567634,72.75641529353015,73.33208115573144,11344000
2015-12-09,72.31074523925781,74.04702280697269,71.86507433537902,73.19281433802891,15361500
2015-12-10,72.5335922241211,73.45279471808864,72.07862733191496,72.33861030623778,8717100
2015-12-11,70.66728210449219,71.62362442114112,70.11947003689855,71.62362442114112,15625800
2015-12-14,71.37297821044922,71.8000824573572,70.17522611020637,70.75088496812901,10361000
2015-12-15,72.99785614013672,73.76849713750771,72.61717199745026,72.76573373620018,11355300
2015-12-16,74.14918518066406,74.26060649058759,72.56146870427709,73.76850101795247,10497500
2015-12-17,73.06283569335938,74.53913049046334,73.00712151042995,74.26058791106503,7555300
2015-12-18,70.86228942871094,72.59856663508738,70.82514901381515,72.45929185018063,16271200
2015-12-21,71.65149688720703,71.82791207007612,70.93656344956398,71.40080796548546,8442100
2015-12-22,71.84649658203125,71.94863096761105,71.17799026343285,71.89292387868058,5699100
2015-12-23,72.94209289550781,73.03494746169225,72.013603904134,72.49642214658132,6335900
2015-12-24,72.66354370117188,73.08136087496993,72.58926288864524,72.74710430240822,2188800
2015-12-28,72.91427612304688,73.02569740836228,72.25504945684199,72.45931827134736,3680900
2015-12-29,73.54560852050781,73.71273681404449,73.25777921423128,73.35062669201643,4627100
2015-12-30,72.74713134765625,73.52706600152646,72.66357071535452,73.41564474131334,4230400
2015-12-31,72.00436401367188,73.16497589600822,72.00436401367188,72.64501695572886,6538300
2016-01-04,70.28662109375,70.91799395663404,69.64596844033339,70.62087773197152,13476800
2016-01-05,70.81587219238281,71.03871471339296,70.13807900479007,70.79730552420405,8972700
2016-01-06,69.88741302490234,70.42593872345307,69.49744907097825,69.63672393561225,16092000
2016-01-07,68.51319122314453,69.72022244494312,68.1046538734672,68.48533769181336,12470800
2016-01-08,67.66828155517578,69.18172328820624,67.54758052502757,68.76389895219872,9977600
2016-01-11,68.63392639160156,68.7824880777437,67.4640349903822,67.88185233598753,13069500
2016-01-12,69.41386413574219,69.63669959096609,68.72677693276711,69.19102159670689,10236900
2016-01-13,67.8725357055664,69.99877609064568,67.7704013620703,69.88735487488411,12659600
2016-01-14,68.52247619628906,69.19098218113737,67.46399953218669,67.91895706020783,10426200
2016-01-15,66.69339752197266,67.7333011509457,65.60706658792952,66.7955319260771,18470500
2016-01-19,66.28484344482422,67.79827829118969,65.60705029551747,67.72400453885925,16009600
2016-01-20,65.62561798095703,66.30341822459161,64.10289623549335,64.95710461293677,16586000
2016-01-21,66.44268798828125,67.15762867260526,65.08709454302765,65.66276042408496,11931200
2016-01-22,67.50115966796875,67.94683758540529,66.97192112565608,67.47330612634337,8652600
2016-01-25,66.60980987548828,67.69614756856473,66.46125529453882,67.55687277880517,9126200
2016-01-26,66.73981475830078,67.10192505345316,66.43341864350315,67.01836440863886,7500200
2016-01-27,65.83915710449219,67.29688452267268,65.53275404036162,66.83264003173866,9020500
2016-01-28,64.37213134765625,66.71192004834631,64.37213134765625,66.31266957390152,15295600
2016-01-29,69.16316986083984,69.17245673782895,63.84292983975071,65.39350535778593,40427800
2016-02-01,69.06102752685547,69.43242464180007,68.01183722966191,68.78248500350509,12623500
2016-02-02,68.15113067626953,68.9032049040026,67.90043454448337,68.24397820945183,9572700
2016-02-03,69.06102752685547,69.2931498382195,67.25047633174032,68.48536872831156,9941900
2016-02-04,68.41108703613281,69.29314897480101,67.5568786410715,68.80105081425071,14735700
2016-02-05,66.42411804199219,68.34609039754535,65.50491571989556,68.29966310414424,12939400
2016-02-08,62.92372131347656,65.03139614446458,61.55884789376448,64.94782841781429,30542600
2016-02-09,63.443660736083984,64.51142459820467,61.39170071288644,61.642389648398826,14882800
2016-02-10,65.13353729248047,65.95060547032841,64.13076697161317,64.19576095071683,11369500
2016-02-11,63.573638916015625,64.13073086378678,62.60800956743502,62.942266152859396,13962100
2016-02-12,65.38421630859375,65.43064360818525,64.17718444113956,64.47430074061566,8710200
2016-02-16,66.01558685302734,66.61910630601126,65.36564718600533,66.30342334883231,8780700
2016-02-17,67.01102447509766,67.09475706092043,66.33189407951451,66.73193241718995,8494100
2016-02-18,66.27606964111328,67.21569588936906,66.07139787438565,66.88077974341228,6938100
2016-02-19,66.54588317871094,66.72264650158617,65.40159192480394,66.08072251665057,7750900
2016-02-22,67.96927642822266,68.09022274785283,67.07616877254512,67.24362690159644,7481500
2016-02-23,67.1226577758789,68.02507023052158,66.97380301735471,67.86691027514323,6177000
2016-02-24,66.84358215332031,67.15989507750035,65.47600874415814,66.28539080817748,7728600
2016-02-25,68.16462707519531,68.22974927134219,66.92730534840476,66.94590864825228,6840900
2016-02-26,67.66224670410156,68.76002572341336,67.62503301387913,68.60186576552164,6714100
2016-02-29,67.345947265625,68.75073418501955,67.345947265625,67.78319934037468,7786100
2016-03-01,69.43914794921875,69.43914794921875,67.8203916512334,67.90411712112589,8705300
2016-03-02,69.12287139892578,69.40196351398045,68.52746636946377,69.30893280896223,5739100
2016-03-03,68.760009765625,69.30889559900292,68.24833051604895,69.29029230710198,6588300
2016-03-04,68.75071716308594,69.07632806437103,68.48092324551105,69.04841957251593,9475300
2016-03-07,66.92730712890625,68.3320869828447,66.37841394867695,68.27626998403018,16671900
2016-03-08,65.69927978515625,66.5365631115566,65.59694389454522,66.5179598122577,12394400
2016-03-09,65.7551040649414,66.12723397222406,65.02945464952343,66.05280657121,9291600
2016-03-10,65.32716369628906,66.42494312889838,64.73175862414045,66.18305760027916,10135100
2016-03-11,66.638916015625,66.99244267264383,65.75511356865519,66.19236574057514,9466400
2016-03-14,66.50865173339844,66.72262870389659,66.00627750064264,66.61098761957757,7916500
2016-03-15,66.89940643310547,66.89940643310547,65.73650483690592,66.22026877789818,6442800
2016-03-16,67.32733154296875,67.75527833990618,66.52725493632485,66.68540779866973,7561800
2016-03-17,68.04368591308594,68.53675496933069,67.14127329416849,67.24360918483667,7411700
2016-03-18,68.63908386230469,68.93678630541065,68.03437377849336,68.37859511181023,15026200
2016-03-21,68.62979125976562,68.78795125683686,68.05299666289815,68.453035059655,7397400
2016-03-22,67.87620544433594,68.5181290745125,67.84829695568209,68.13669413548455,6796800
2016-03-23,68.760009765625,69.00188804925729,67.69943758488702,67.86689560313154,7287100
2016-03-24,68.97401428222656,68.9926246812795,68.29488377033348,68.5181588744557,6303900
2016-03-28,68.91819763183594,69.09495383701409,68.58328142505218,68.97401463370403,7283300
2016-03-29,70.12760162353516,70.32296820185562,68.76933367584056,68.86236436583316,10541500
2016-03-30,71.43006134033203,71.63473314209833,70.55555713198063,70.61138123105442,9691900
2016-03-31,71.15096282958984,71.56029929847769,70.65788667073755,71.28120721938873,7490800
2016-04-01,72.18358612060547,72.79760124410564,70.51831816567227,70.93695967876108,10183400
2016-04-04,72.4068603515625,72.85341030396658,72.1277613079723,72.53710467916231,6905800
2016-04-05,71.60680389404297,72.07196436408583,71.24397929523238,71.76495675038903,6012000
2016-04-06,72.76041412353516,72.82553631818485,71.63472641728369,71.70915381053673,6220400
2016-04-07,72.1742935180664,72.54642327902373,71.81146895302385,72.29523267381899,7542100
2016-04-08,72.59296417236328,73.14185738687974,72.38829236687538,72.63948307280606,5327500
2016-04-11,72.3975830078125,73.29069035397143,72.35106411672439,72.89995722086182,5957200
2016-04-12,73.04881286621094,73.07672846258124,72.23943801614772,72.30456021210438,5962900
2016-04-13,74.1558837890625,74.36055553844521,73.41163127050854,73.52326524450947,9187300
2016-04-14,74.7326889038086,75.04899464224805,73.7837574929181,74.20240620870605,11470300
2016-04-15,74.50013732910156,75.067633935032,74.33267919787964,74.65829025920314,7186700
2016-04-18,75.774658203125,75.86769600049826,74.26754241558704,74.61175671383342,7761200
2016-04-19,75.12344360351562,76.03516158389776,74.76992407117339,75.82118456577739,8324700
2016-04-20,75.49557495117188,75.95143040101226,74.93738359045881,75.24438422528864,8521300
2016-04-21,75.16065216064453,75.9793322784431,75.05831625869625,75.82117937462763,9536900
2016-04-22,73.59770965576172,73.83028995246232,71.89522018044434,72.56505257058805,18216000
2016-04-25,72.69527435302734,73.3464961420755,72.39757194977888,73.20695368569743,11184600
2016-04-26,73.05812072753906,73.21627362379941,72.66738753755916,72.98369333007986,6071800
2016-04-27,73.27208709716797,73.49536215938595,72.72319399272371,72.94647615272794,6319400
2016-04-28,72.2673568725586,73.74656429177827,72.19292946714441,72.89067042287928,8322600
2016-04-29,71.8580093383789,72.57436065546048,71.50448982854118,72.11849814539488,8092700
2016-05-02,72.99299621582031,73.00230141465462,71.78358298548132,72.38828605175728,7636800
2016-05-03,71.81147766113281,72.8999514882526,71.56959222251096,72.03475270566838,7666300
2016-05-04,71.6998519897461,71.98824927995456,71.03001961448636,71.22538620763925,8854000
2016-05-05,71.96961975097656,72.28592542524821,71.64400888105438,71.76494803337272,6002300
2016-05-06,72.30458068847656,72.37900810430088,71.43007629701344,71.84872518768344,6172600
2016-05-09,72.76972961425781,72.8999740219782,72.17432457959669,72.27666048534668,9242300
2016-05-10,73.68144989013672,73.80239621119128,72.94650225164402,72.95580035496454,6802600
2016-05-11,72.04118347167969,73.93307879810925,72.03186179376455,73.75600246950614,8432500
2016-05-12,72.59102630615234,72.87061970187358,71.82681241625042,72.50715255364922,7512800
2016-05-13,71.60314178466797,72.9544932697379,71.60314178466797,72.42327150749632,7562700
2016-05-16,72.50714874267578,72.74945542185279,71.7242915420165,71.78020737407965,8597900
2016-05-17,71.56587219238281,72.61899418810741,71.3142366796343,72.29280658857823,7169900
2016-05-18,72.16232299804688,72.58170598912531,71.20239655730984,71.49130452403695,6288500
2016-05-19,71.6497573852539,71.99458839424958,71.03466168665011,71.6404428168933,5552200
2016-05-20,72.38599395751953,72.7308248730565,71.92933136910453,72.07844263639376,6302100
2016-05-23,71.95729064941406,72.68422497830386,71.89205313554847,72.46987619432647,5934300
2016-05-24,73.97966003417969,74.09149881853949,72.37668012048992,72.37668012048992,7582300
2016-05-25,73.68143463134766,74.2499360414747,73.57891751736697,74.0915030872704,5846700
2016-05-26,73.62551879882812,73.99830765785543,73.50436544154559,73.99830765785543,4284000
2016-05-27,74.2406234741211,74.2406234741211,73.47640238192068,73.47640238192068,4374600
2016-05-31,73.56959533691406,74.43632632245937,73.40184072324867,74.42700464660147,8639600
2016-06-01,73.8305435180664,73.92373894323144,73.22476258896096,73.33660136537209,4507000
2016-06-02,74.5108642578125,74.5108642578125,73.560259701015,73.87712551649616,5627500
2016-06-03,74.5015640258789,74.74387071596954,73.77462973489628,74.1380968803876,7628000
2016-06-06,75.06072235107422,75.39623148383617,74.71589154508183,74.82773029278694,7620100
2016-06-07,75.11665344238281,75.48944223350813,75.06073761233819,75.20984886257544,5515700
2016-06-08,76.09523010253906,76.15114593770699,74.99550697865206,75.11666032496773,8860900
2016-06-09,75.73178100585938,75.99273111265447,75.47083089906428,75.70382308161092,6670900
2016-06-10,74.72520446777344,75.25642601404672,74.40833160822572,75.25642601404672,7859900
2016-06-13,73.06636047363281,74.72526391648289,73.04771711452317,73.62554037083333,10424600
2016-06-14,73.22476196289062,73.39251657089545,72.6562606307829,72.80537899805613,7891700
2016-06-15,72.85196685791016,73.47638396859463,72.74013520247681,73.22475563351512,7424000
2016-06-16,73.01972198486328,73.17815490478762,71.89204108542694,72.59101737840972,9650800
2016-06-17,71.75224304199219,73.00108435912027,71.60313179970558,72.9917626844916,14602200
2016-06-20,72.07843017578125,73.0476781318464,72.0597939369752,72.97312606626782,9957500
2016-06-21,72.0691146850586,72.70285345163273,71.90136009654326,72.51645551419665,9201000
2016-06-22,71.32357025146484,72.46989498996103,71.32357025146484,72.30214032360446,9626700
2016-06-23,72.90789794921875,72.91721251464351,71.64042023663345,72.46987162217533,13566200
2016-06-24,69.94422912597656,70.86687582287236,69.38504241478698,69.71123703309904,18375000
2016-06-27,68.3505859375,69.50623232767705,68.26671216146771,69.1334433989218,16318400
2016-06-28,70.04673767089844,70.36360346558835,69.42231353428878,69.93489892023248,14815200
2016-06-29,71.51924896240234,71.53789231114189,70.55932270258833,70.8109581380926,12178100
2016-06-30,69.12407684326172,71.89202342102531,68.77925317407617,71.75222677470691,24877300
2016-07-01,69.41301727294922,70.77369043488935,69.05886469097281,69.43165351446383,13821400
2016-07-05,69.590087890625,69.86968129160576,68.80723774444778,69.19866281753639,11081000
2016-07-06,69.02159118652344,69.66465178601598,68.80724239359661,69.0775141367115,11263800
2016-07-07,69.44098663330078,70.1679210482014,69.21730903613398,69.26391031313288,8806700
2016-07-08,71.22102355957031,71.34218400243213,69.70191762435333,70.17722350017395,10975000
2016-07-11,71.31422424316406,71.9386485223483,71.19307090171152,71.58449595288602,8185900
2016-07-12,72.20893096923828,72.29280473109515,71.34219987826965,71.4633532377372,10245500
2016-07-13,72.19026184082031,72.48849140487118,71.94794809804345,72.3952959992966,6559200
2016-07-14,72.82398986816406,73.19677854611885,72.40460704943531,72.74943071050258,6607400
2016-07-15,72.97312927246094,73.39251221238986,72.74013717019938,73.29931679355617,8153400
2016-07-18,72.98243713378906,73.34590421110491,72.90788507178239,73.01971671996941,4864200
2016-07-19,73.36454010009766,73.52297299249008,72.34869103344234,72.46052978061228,9395500
2016-07-20,73.96102905273438,74.32449623981216,73.39252763492424,73.39252763492424,7922100
2016-07-21,73.42979431152344,74.30584692128026,73.06632718840197,74.03557522017752,9018000
2016-07-22,74.4736099243164,74.63204287065207,73.00109791514143,74.5388474381226,12532400
2016-07-25,73.56959533691406,74.71591260499812,73.37388280603032,74.71591260499812,7979900
2016-07-26,73.15019989013672,73.68142160944517,72.63762152117863,73.60686953910815,9673200
2016-07-27,73.18746948242188,73.42978323139074,72.25550118215347,73.12223198581724,10194400
2016-07-28,73.80256652832031,74.55745852052759,73.20610742898437,73.33658241256703,8709700
2016-07-29,72.74015808105469,73.95171309489172,72.69355680306388,73.84919597159731,7777700
2016-08-01,72.93582916259766,73.18745743368927,72.44188718242889,72.98242330372805,8908800
2016-08-02,72.9544906616211,73.13156694615628,72.46054851039676,72.75877813625043,7910000
2016-08-03,73.35523986816406,73.35523986816406,72.88925561761516,72.95449312827779,7272700
2016-08-04,74.07286834716797,74.2313013045874,73.39252813243122,73.46708732781316,5954400
2016-08-05,74.68793487548828,74.78113027827948,74.24059409794916,74.30583159093834,6662500
2016-08-08,74.5108642578125,74.87433133338395,74.37107469824963,74.77182135982251,5119700
2016-08-09,74.61341094970703,75.0048432028726,74.51089382511091,74.52021550289878,4455700
2016-08-10,74.2592544555664,74.76251832653527,74.10082150832318,74.52952618869908,5945500
2016-08-11,74.66931915283203,74.8184304161923,74.40836199882958,74.55748037254526,6577700
2016-08-12,74.57611083984375,74.63203378083487,74.23128707044702,74.37108375739253,4420400
2016-08-15,75.40559387207031,75.62926437789733,74.57613515517899,74.67865228500744,6290300
2016-08-16,75.31240844726562,75.4056110303956,74.7625501806645,74.94894112620686,6182600
2016-08-17,75.4710922241211,75.48976793367291,75.06031920903244,75.3497286028193,4655400
2016-08-18,74.93895721435547,75.23770449779776,74.60287275284281,74.69622994341283,7453900
2016-08-19,75.12567901611328,75.12567901611328,74.44415798912505,74.6962302396305,8480900
2016-08-22,75.67646789550781,75.69514360150656,74.6495248691185,75.00428493345083,7954500
2016-08-23,75.43374633789062,76.32998798006396,75.43374633789062,75.96589003551527,10007800
2016-08-24,74.9576187133789,75.60179531475478,74.86426154051034,75.43374955451306,5028000
2016-08-25,74.98562622070312,75.17234056909892,74.68687898965234,74.95761978071333,5773700
2016-08-26,75.21903991699219,75.75118376656465,74.8456040121156,75.2657220761133,7932200
2016-08-29,75.49910736083984,75.61113312969884,75.1910222510848,75.1910222510848,4766700
2016-08-30,75.77916717529297,75.79784288234279,75.35905636171083,75.62045927884597,4128700
2016-08-31,75.5270767211914,75.80714812852742,75.34969317732691,75.57375172773429,7386100
2016-09-01,75.90052795410156,76.133924402764,75.5924429324205,75.75115080806431,6240600
2016-09-02,76.55403900146484,76.69407830222598,76.0872460807242,76.1525968047201,6408900
2016-09-06,77.04884338378906,77.04884338378906,76.37666039444424,76.55404399515889,8140400
2016-09-07,77.71168518066406,77.73036088661851,76.89013218604018,77.00216505368225,9304700
2016-09-08,77.45960998535156,78.07577286993417,77.10484284563697,77.50628499873395,7961100
2016-09-09,75.92853546142578,77.31023846832649,75.92853546142578,76.92747199091143,11563000
2016-09-12,77.45960998535156,77.6089799999467,75.78849065607315,75.9378606706683,9882700
2016-09-13,76.45134735107422,76.96482243554713,76.19928229677525,76.93681599870226,8834300
2016-09-14,76.07791900634766,76.75943990116961,76.04057471267426,76.04991256676654,10999500
2016-09-15,76.56338500976562,76.67541076415175,75.79784482311344,76.01256560081714,10580300
2016-09-16,76.61940002441406,76.79678363740119,76.01256772134369,76.31131494586663,11702000
2016-09-19,77.03015899658203,77.5249582837015,76.76875613717505,76.95547043026754,8361700
2016-09-20,77.00215148925781,77.70234076261444,76.85277435871546,77.45960648682993,6473300
2016-09-21,77.69303131103516,77.72103775257585,76.80612030030095,77.41295265023567,7536200
2016-09-22,77.82371520996094,78.22515740100191,77.67433805855285,77.87972808039167,6599400
2016-09-23,77.05816650390625,77.90772580883768,77.03949080072009,77.79570008049593,8283700
2016-09-26,76.37664794921875,76.79676581045057,76.26462221771214,76.69407080810683,8486800
2016-09-27,76.70344543457031,76.90882841503233,76.08727512509198,76.3580159771933,7969500
2016-09-28,77.45960998535156,77.49695426967384,76.49801781280841,76.9087906949655,7974300
2016-09-29,76.47935485839844,77.5436422095709,76.35799125614022,77.22622642395936,5885400
2016-09-30,77.2075424194336,77.52496529362516,76.25528804224763,76.7034123579609,9776800
2016-10-03,77.35691833496094,77.59031478006456,76.83411257719098,76.94613831231639,8155400
2016-10-04,77.23553466796875,77.98239882451392,77.09549541277516,77.74900244008873,5772000
2016-10-05,77.81438446044922,77.90774162725388,77.39427364848059,77.45028652402434,6163400
2016-10-06,77.82371520996094,77.935748073517,77.37559087843128,77.59965660554342,7687100
2016-10-07,77.37560272216797,78.14114293357768,77.15154408345421,77.94509073436619,8238100
2016-10-10,77.59967803955078,77.99178248625927,77.43163225914762,77.60900877207008,7371500
2016-10-11,76.59138488769531,77.29157428341361,76.15259839341401,77.18887926889268,6227400
2016-10-12,76.78741455078125,77.05815522580501,76.38597246335881,76.40464104111886,3923600
2016-10-13,76.43270111083984,76.67542838291486,75.72317363834287,76.22731101700937,6810900
2016-10-14,76.9741439819336,77.66500258092165,76.59137751956459,76.59137751956459,6698100
2016-10-17,76.69406127929688,77.19819837652241,76.59136628971243,77.09550338693796,8473700
2016-10-18,76.16194915771484,76.89948296762508,75.94722123930713,76.0872605667299,11680400
2016-10-19,77.31025695800781,77.36627696330856,76.22730086570749,76.22730086570749,8440900
2016-10-20,77.02081298828125,77.58096293093016,76.71272802688182,77.53428792394698,6945200
2016-10-21,76.88079071044922,77.05817429518382,76.16193276436267,76.57270568097161,8043200
2016-10-24,77.64634704589844,78.03845146218477,77.21689833434255,77.73970422272431,16267000
2016-10-25,76.58204650878906,77.64633381315609,76.27396146734208,77.64633381315609,15085900
2016-10-26,76.32062530517578,76.79675597115848,76.00320960964939,76.19926173736154,8748400
2016-10-27,76.47935485839844,76.80610849732066,76.18994551002378,76.516699148946,7039200
2016-10-28,76.75943756103516,77.82372496884541,76.65674253723807,77.03950907100362,10919600
2016-10-31,77.03015899658203,77.394256853998,76.89011971541579,76.96480828173028,10024000
2016-11-01,76.19929504394531,77.19823182046063,75.92855423799493,77.15154966944648,10881500
2016-11-02,75.22837829589844,75.97524298814194,75.17235828002448,75.51778774090677,9170900
2016-11-03,75.29369354248047,75.74181072198765,75.19099853828213,75.38705069465328,7563100
2016-11-04,75.02296447753906,75.84451751614125,74.99495803980307,75.29370524681252,7588100
2016-11-07,77.03015899658203,77.04882757681379,76.04055329964937,76.21793686397285,7277900
2016-11-08,77.37560272216797,77.63701277714567,76.69408895196074,76.91814759067448,7152000
2016-11-09,77.71168518066406,77.76770517583253,75.82584487287257,76.37665711271595,12158500
2016-11-10,76.43270111083984,78.38389275683515,76.0125830672692,77.76772959804083,17171600
2016-11-11,76.4420394897461,77.142229176366,76.10594787035271,76.17129862286266,7368000
2016-11-14,73.17446899414062,76.75944298097285,72.16620151528731,76.57272150511407,21773500
2016-11-15,73.351806640625,74.25738564353382,72.63294899654309,73.03439101465655,18523400
2016-11-16,74.91890716552734,75.02181832095496,73.68398043808176,73.71204581907368,9997700
2016-11-17,75.84507751464844,75.96669650810215,75.01243815421947,75.1434146510723,8081800
2016-11-18,75.61119842529297,76.24737311222752,75.33988789757393,75.9199318331475,7920800
2016-11-21,76.4251480102539,76.50934415712763,75.68606201327748,75.99479549385363,8942100
2016-11-22,74.778564453125,76.42513561137915,74.15174722469183,76.42513561137915,18133900
2016-11-23,74.4417495727539,74.83467905162226,73.86170571988858,74.82532868618506,12802600
2016-11-25,74.96566772460938,75.1902050098874,74.60080355813845,74.83469121037288,6495700
2016-11-28,73.98333740234375,74.85339967812739,73.95527202855783,74.52595842115163,11793100
2016-11-29,74.04884338378906,74.45113049230582,73.86172895094069,74.02077800328325,8575200
2016-11-30,72.3367691040039,74.32948922972543,72.29934622503507,74.32948922972543,15353900
2016-12-01,70.56858825683594,72.61744653529016,70.40018884850154,72.57066614609744,21053000
2016-12-02,70.83990478515625,71.33574554659795,70.32534901138513,70.5405288270583,13629600
2016-12-05,72.32743835449219,72.59874897411358,71.6164248041261,71.69126345206303,12119200
2016-12-06,72.14031219482422,72.94488633601769,71.76609050208782,72.91682095815734,13896600
2016-12-07,74.1985092163086,74.36690859486936,72.27127743542286,72.28998530518118,13919800
2016-12-08,74.17044830322266,74.72242685302112,73.88042990958203,74.54466996004942,13320100
2016-12-09,74.03945922851562,74.77854491245269,73.74944088409492,74.04881673121142,10728300
2016-12-12,73.44071960449219,73.93656026361403,72.89809856188607,73.8991373843635,11942300
2016-12-13,74.09561157226562,74.37627963350391,73.20684127448655,73.73074737526703,12995100
2016-12-14,74.03007507324219,74.82529834937162,74.02072471159596,74.17040901242271,20146200
2016-12-15,74.37628936767578,75.20892901725499,74.0301329985359,74.2546703319875,14070900
2016-12-16,73.30039978027344,74.3388616830135,73.13200035989165,74.11433150173305,19141700
2016-12-19,73.0665283203125,73.53430379885187,72.99168253070124,73.01039754694773,8699100
2016-12-20,73.30975341796875,73.51557571398425,72.6829361620564,73.35653380803969,6917400
2016-12-21,73.1039047241211,73.48748379867321,72.95422037777884,73.42199555883295,9343600
2016-12-22,72.87938690185547,73.0290712733906,72.21514688948453,72.99164839608581,12074000
2016-12-23,73.11327362060547,73.4220070012595,72.87938599362829,73.04778537055921,6192900
2016-12-27,73.30039978027344,73.76817515492444,73.1881382584761,73.2255540072847,3776000
2016-12-28,73.25363159179688,73.58107294916196,72.94489811012997,73.34718524566028,7587100
2016-12-29,73.28167724609375,73.75880289365648,73.25361187125881,73.43136162444156,6241100
2016-12-30,72.99165344238281,73.47814374329467,72.91681482028326,73.37523260801271,7127300
2017-01-03,74.37628936767578,74.75986862572425,73.43138105137078,73.68398376708227,13785200
2017-01-04,74.98438262939453,75.08729376724904,74.24529679284157,74.32014255449661,8033100
2017-01-05,75.86381530761719,76.2754599673438,75.04989063294062,75.16215216727583,7805100
2017-01-06,76.91162109375,77.173574143985,75.72347486227405,76.06027368048626,8898300
2017-01-09,76.48126220703125,77.13614477758333,76.38770857376447,76.97710288726135,7305300
2017-01-10,76.06961059570312,76.62158911481401,75.90121121637758,76.43447472796116,6017500
2017-01-11,76.5280532836914,76.5280532836914,75.69541369723109,76.01349752231225,7499200
2017-01-12,76.12574005126953,76.21929366549485,75.32116612110205,75.8263642031386,6884000
2017-01-13,75.93863677978516,76.57481144221903,75.5831301387161,75.79830276910275,7291200
2017-01-17,76.02283477783203,76.23800739332121,75.55505953306658,75.55505953306658,6326500
2017-01-18,76.33158111572266,76.55611843147155,75.76090173349648,76.03220516574315,8512300
2017-01-19,76.4625473022461,76.57480879676626,76.16317142071892,76.51867804950618,6479400
2017-01-20,76.56543731689453,76.97708175548516,76.35026473321868,76.79932490469689,9048500
2017-01-23,76.8554916381836,76.99582567109617,76.24738225401936,76.43448953944586,7414200
2017-01-24,77.86587524414062,78.10911324746773,76.57481091989017,77.08936657632104,8397500
2017-01-25,78.4926986694336,78.83884783170271,78.07169660662183,78.38978752992526,9360900
2017-01-26,77.87522888183594,78.51140356665451,77.72554449947631,78.51140356665451,8428200
2017-01-27,78.37108612060547,78.39915863981237,77.57586938087505,77.95009112242056,5445900
2017-01-30,78.30558013916016,78.3430030186186,77.33261382397833,78.09040750437964,8792800
2017-01-31,77.37938690185547,77.9126504420315,76.80870048230233,76.83676585741405,7479400
2017-02-01,77.12680053710938,77.73490277048958,76.76193634200715,77.5571529944688,7534400
2017-02-02,76.99581909179688,77.3700336306732,76.31286399674646,76.8461275660985,11142300
2017-02-03,80.53218841552734,81.22449378407435,79.62470329230126,80.21409753526488,28079600
2017-02-06,80.2983169555664,80.55091249977437,79.99894102206407,80.52284712127185,9665300
2017-02-07,80.25152587890625,80.78478941249345,80.14861474631185,80.41992526518032,8600300
2017-02-08,79.60598754882812,80.30765041439619,79.5966371830862,80.27023467606095,7587700
2017-02-09,80.06439971923828,80.24214943001203,79.40951019937307,79.86793500458352,6554700
2017-02-10,80.3637924194336,80.58832254938093,79.7369752737517,80.27023879342921,10432000
2017-02-13,80.8689956665039,81.11223368192255,80.45735112089606,80.64445838470803,6046300
2017-02-14,81.25257110595703,81.36483975156295,80.70059965818554,80.94383768380439,5952000
2017-02-15,82.05398559570312,82.05398559570312,81.26662355879316,81.56656929874207,8049700
2017-02-16,81.93213653564453,82.18521285296622,81.350988525609,82.0633623522218,8680600
2017-02-17,81.97901916503906,82.1852332569342,81.5291040111519,81.80092387635283,5887200
2017-02-21,82.41017150878906,82.5226538465201,81.70717298832932,82.02586936959854,9301300
2017-02-22,82.2977066040039,82.62577119095029,82.02587961731356,82.11961133483086,8389900
2017-02-23,82.65386199951172,82.94443237079226,82.36329162823118,82.7007314180334,6040500
2017-02-24,82.88822174072266,82.88822174072266,81.82903975967008,81.88527735916638,5151300
2017-02-27,82.48514556884766,82.8413288502561,82.40078919348889,82.7850912666836,6131600
2017-02-28,82.42890930175781,82.84133017332559,82.2601893970761,82.63512331317652,8521900
2017-03-01,83.41315460205078,83.5537558018377,82.87887576387979,83.17882165283062,11131400
2017-03-02,82.98194885253906,83.54434627011094,82.57889605887951,83.4224957608729,10544200
2017-03-03,83.22564697265625,83.33812930309666,82.65387430764048,82.77572480216487,5700600
2017-03-06,83.36627197265625,83.67558595522696,82.73825438693093,82.98196259704415,7347600
2017-03-07,83.47874450683594,83.70370922492836,83.28190574195916,83.41313158521035,5688400
2017-03-08,83.38499450683594,83.70369087864519,83.3006381194947,83.58183322856935,5866800
2017-03-09,83.52560424804688,83.89116293342042,83.15067024602314,83.44124070073768,5953900
2017-03-10,84.10676574707031,84.22861627790664,83.51624227536772,83.89117633729728,12246700
2017-03-13,84.46292877197266,84.65039218202229,83.99426309557785,84.1723583410145,8944100
2017-03-14,83.93803405761719,84.38794914809907,83.64745644577323,84.2942174335213,6009400
2017-03-15,84.28482055664062,84.45354046023067,83.8067867891935,84.12547596749158,6350700
2017-03-16,84.3973159790039,84.66914292983795,83.86303739323237,84.65039229804486,9174400
2017-03-17,84.58478546142578,84.9503441436556,84.51917254798124,84.59416077799536,8613400
2017-03-20,83.59120178222656,86.2813450641745,83.39436307641623,84.63164004955978,9438000
2017-03-21,82.54137420654297,84.0879719485917,82.48513662906551,83.88175796281602,11092100
2017-03-22,82.9725570678711,83.45997331062443,82.34454686208288,82.34454686208288,7828600
2017-03-23,83.29125213623047,83.78803653477985,82.87882411421833,82.92569353536321,7710700
2017-03-24,83.60055541992188,83.99423272946389,83.3943414526566,83.4786978113007,7597600
2017-03-27,83.3756103515625,83.4131044590514,82.55076144061634,82.77571893427988,5230000
2017-03-28,83.53497314453125,83.81616826098404,82.94444981256598,83.53497314453125,7045500
2017-03-29,83.59120178222656,83.78804048803691,83.01005382845082,83.41310655499674,4738000
2017-03-30,83.43183135986328,83.51618771426944,83.0475222308546,83.49744424149065,6227100
2017-03-31,83.30064392089844,83.75055898726004,83.30064392089844,83.40375094678777,6429800
2017-04-03,83.75994873046875,83.85368045616592,82.86011129148588,83.55373464317162,9125800
2017-04-04,83.21626281738281,83.73179783804913,83.10378765016073,83.43185214000769,4859900
2017-04-05,83.45061492919922,84.54729097101927,83.37562669951805,83.54434664066508,7251600
2017-04-06,83.5068588256836,83.66621061359555,83.21628835283708,83.42250242438173,8473900
2017-04-07,83.17876434326172,83.64742991879483,82.97255034582409,83.39435365456538,5439500
2017-04-10,83.29125213623047,83.65681073709773,82.97255580523847,83.06629464752822,5999400
2017-04-11,83.28189849853516,83.28189849853516,82.60701870549967,83.04756563435737,7058500
2017-04-12,83.12252807617188,83.61931244988449,83.0100457618095,83.14127155293096,5912500
2017-04-13,83.30064392089844,84.15361177448078,82.8882158173411,82.9257099314164,7242700
2017-04-17,84.18174743652344,84.26611099791137,83.18817824393267,83.50686755050991,6122800
2017-04-18,84.10676574707031,84.28485388425072,83.6474681243522,84.02240218628175,6823500
2017-04-19,84.12548828125,84.94096912651175,83.98488714913306,84.4441775061958,7301300
2017-04-20,85.43775939941406,85.76582396245885,84.26609513763184,84.4910526735381,12178300
2017-04-21,85.43775939941406,86.98435765522082,85.31590173937519,86.9562317058703,19442600
2017-04-24,86.09391021728516,86.70317721717394,85.30655506759966,86.37511257147165,11705400
2017-04-25,86.33758544921875,86.5625429558253,85.84080101113047,86.22510312028038,7769200
2017-04-26,86.06575775146484,86.6843998282126,86.00014484798585,86.25322114675622,11295200
2017-04-27,85.85955047607422,86.23448444740403,85.5596047292645,86.18761501926129,5856800
2017-04-28,85.50337219238281,85.81269327336557,85.27841465679131,85.66271681545716,6888500
2017-05-01,85.54087829589844,85.92518050842642,85.42839593670209,85.56899709787949,9042100
2017-05-02,86.74064636230469,86.9374850930421,85.79393967052596,85.87830321299678,11627700
2017-05-03,86.64690399169922,86.7500110024352,86.21573247010784,86.60940988313432,4909000
2017-05-04,86.81562805175781,87.03121024721679,86.46881289441774,86.89060912119945,5257000
2017-05-05,86.31881713867188,87.15304839270543,86.00950331216882,87.07806018877251,8844500
2017-05-08,86.15950012207031,86.38446480581149,85.7845661337727,86.28135778024787,5223600
2017-05-09,86.2344970703125,86.36572290679601,86.07515243333562,86.14076535157737,3969500
2017-05-10,86.46881866455078,86.61879511598276,85.93454007104829,85.95328355184189,6747600
2017-05-11,86.32820129394531,86.52503998597845,85.87828632680372,86.3469519224834,7052200
2017-05-12,86.91876220703125,86.96562449615581,86.21576350870974,86.41260228608706,5898800
2017-05-15,87.38740539550781,87.56549349013918,86.90936440198003,86.91873971788823,7040100
2017-05-16,87.31241607666016,87.84669465640054,87.14369614878052,87.49987948485058,5497400
2017-05-17,86.16215515136719,87.10114984562894,86.11520255106971,86.8382324774694,8240200
2017-05-18,86.11518859863281,86.83821840788677,85.78654194168094,85.78654194168094,8239800
2017-05-19,86.83821868896484,87.14808144425967,86.11518887737058,86.36872141638254,9361300
2017-05-22,87.61758422851562,87.88989352341844,86.79127155581628,86.88516958344752,9186200
2017-05-23,88.13404846191406,88.33123650120147,87.76784107981437,87.85234716923978,7616100
2017-05-24,89.02606201171875,89.19508130022578,88.28425553238004,88.28425553238004,6825300
2017-05-25,89.2420654296875,89.5613202186143,89.1012147788238,89.2890108706676,7262400
2017-05-26,88.89464569091797,89.3171976953758,88.6317282644798,89.2045157280612,4133900
2017-05-30,88.94159698486328,89.09183244176265,88.58477434229766,88.88525958402133,6292700
2017-05-31,89.42047119140625,89.70216531171877,88.69744123828549,89.27962054926937,9866000
2017-06-01,89.5801010131836,89.6270464525323,88.83829429744418,89.5801010131836,8911900
2017-06-02,90.28434753417969,90.32190818422487,89.58949341824776,89.58949341824776,8570200
2017-06-05,90.65994262695312,90.69749611127897,90.24678265975741,90.44397069029324,14510500
2017-06-06,89.94629669189453,90.7068800516257,89.73032477431282,90.3970101036017,7030300
2017-06-07,90.22798919677734,90.3500630817704,89.91812641816206,90.17165181229463,6720300
2017-06-08,90.22798919677734,90.25616505297909,89.47679780248646,90.02141639902061,7720300
2017-06-09,88.79133605957031,90.37823938645982,87.99319200167689,90.22799679657066,16887100
2017-06-12,87.79598999023438,88.30304790439861,87.13869667407324,87.97440124631805,15610000
2017-06-13,89.27959442138672,89.52372782141912,88.23731000414651,88.26547869153801,8700100
2017-06-14,89.50496673583984,90.14348336288538,89.15753614801964,89.50496673583984,6347000
2017-06-15,88.42510986328125,88.76314845455397,87.82415395967628,88.67864238871552,12793900
2017-06-16,88.42510986328125,88.67864238871552,88.02134194392546,88.55656851944737,14705100
2017-06-19,89.0073013305664,89.06363871557826,88.50024337357834,88.96974068590502,5984300
2017-06-20,88.62232208251953,89.16694075783231,88.57537664331346,89.00731336940107,5626700
2017-06-21,88.77255249023438,88.98851724163875,88.33122387132921,88.83828182726533,5611400
2017-06-22,88.21855926513672,88.74440122862869,88.1434451251766,88.72561732066727,5846500
2017-06-23,89.74909973144531,89.81482906259822,88.1621966685195,88.41572920579488,11637300
2017-06-26,89.41107940673828,90.39701957563237,89.29839746002413,89.95569806991479,6970800
2017-06-27,89.11058044433594,89.52373315730158,88.85704791478288,89.34532907186899,6283600
2017-06-28,90.3594741821289,90.51910158129719,88.88525260942231,89.34535806277405,5571300
2017-06-29,88.65989685058594,89.94632244423663,88.27491266636041,89.94632244423663,8872500
2017-06-30,88.05892181396484,88.84768108717262,88.05892181396484,88.62231720113553,9036600
2017-07-03,87.65514373779297,88.65048287688977,87.65514373779297,88.62230702140081,6197700
2017-07-05,88.27488708496094,88.64109441718215,88.00257778285481,88.0307464754933,9339600
2017-07-06,87.5612564086914,88.23733374381801,87.50491901875121,87.74905248446609,8215700
2017-07-07,88.19038391113281,88.65049648995728,87.7960078412501,87.7960078412501,6175800
2017-07-10,89.28901672363281,89.55194129899542,88.4063664373545,88.4063664373545,8851800
2017-07-11,89.58946228027344,89.79603503778262,89.13874180034661,89.27959239807117,5554100
2017-07-12,90.31251525878906,90.56604068891369,89.79606528117782,90.12471917454573,5974800
2017-07-13,90.0871353149414,90.75382055539089,89.92750080410512,90.53784866658859,6721700
2017-07-14,91.0167465209961,91.42990643590382,90.25616319033436,90.27493993012096,6195800
2017-07-17,90.92288208007812,91.35481889432528,90.6975181356304,91.18579951797092,5914900
2017-07-18,91.62710571289062,91.786733094574,90.71627969605085,90.94163642101333,7435000
2017-07-19,92.2562026977539,92.33132397146355,91.5989094626919,91.68341552264604,6390400
2017-07-20,92.1247329711914,93.09189597101883,91.9557137076516,93.06372728775521,8572900
2017-07-21,93.52387237548828,94.35957710045743,93.04498306393434,93.52387237548828,17400200
2017-07-24,94.24689483642578,94.29384027016928,93.09192827413464,93.47691951621856,9186000
2017-07-25,93.8900375366211,94.69757320331283,93.71163349209007,94.50977720992505,6774900
2017-07-26,94.69761657714844,94.82907526552279,93.76801380536952,93.90886444690238,7205400
2017-07-27,93.49569702148438,95.00747898122319,92.5379256305498,94.81029096438256,10543900
2017-07-28,93.101318359375,93.514471122251,92.5003623734095,93.07314966690168,6558800
2017-07-31,93.4863052368164,93.89946517605847,93.09192920242752,93.42996785017817,7576600
2017-08-01,94.71639251708984,94.90418858069775,93.86190395056444,94.23750324174087,6018100
2017-08-02,95.10137939453125,95.10137939453125,94.12482407432677,94.86663072613482,5955600
2017-08-03,94.45345306396484,94.93234226359414,94.20931965266789,94.78210686925443,5697500
2017-08-04,94.73518371582031,95.15772850540483,94.47226632106,94.80091306451038,4618000
2017-08-07,95.29857635498047,95.34552895864807,94.45347963669403,94.76334962739264,7047100
2017-08-08,95.10137939453125,95.51453934337644,94.7727326915684,95.30795936895385,6283700
2017-08-09,94.810302734375,95.12017272671861,94.46287209169022,94.61311469305495,6902100
2017-08-10,93.4205551147461,94.72575681721194,93.36421774064108,94.40650214533814,8560800
2017-08-11,93.98396301269531,94.18115817655446,93.45812834629768,93.47691224950333,5268200
2017-08-14,95.65538024902344,95.88073694185614,94.60370374253735,94.81967564764042,5657600
2017-08-15,96.36901092529297,96.50986154473263,95.74927822930258,96.11548554146965,5386000
2017-08-16,97.17315673828125,97.74686642754976,96.53361186379327,96.64647525652539,13408300
2017-08-17,96.08214569091797,97.37063497955214,96.08214569091797,97.18253655326096,7381600
2017-08-18,96.41134643554688,96.95683488293324,95.87525788905731,96.00692825658128,5670900
2017-08-21,97.07909393310547,97.20135720985766,96.24204361992685,96.51479139929346,5395000
2017-08-22,97.8785171508789,98.0007804201741,97.00384576539415,97.28600060283914,5481000
2017-08-23,97.0414810180664,97.78448216772387,96.86278244996623,97.59637652354034,5057200
2017-08-24,97.07909393310547,97.34243463718467,96.53359837437225,97.17314315949146,4082300
2017-08-25,97.20137023925781,97.6998376638673,97.02267883782045,97.4835251317334,4467400
2017-08-28,97.60578155517578,97.65280975911077,97.11672124153576,97.4835182706399,3919900
2017-08-29,97.59636688232422,97.87852173297804,96.5335970057872,96.79693770613294,7135300
2017-08-30,97.55876159667969,97.81269524442268,97.36124887838378,97.5305403687113,8712700
2017-08-31,97.36124420166016,97.99138910374718,96.90039795726499,97.86911864824708,13766000
2017-09-01,97.71865844726562,97.88794995913817,97.28602617814634,97.850328825889,4466800
2017-09-05,96.8816146850586,97.30483990634725,96.17623453257883,97.24841179030823,6337500
2017-09-06,97.0414810180664,97.57756954687031,96.966238760393,97.19195835791659,6372200
2017-09-07,98.3393783569336,99.16702884610228,97.44589986121377,97.53994909621112,6508600
2017-09-08,98.21712493896484,98.5368938051892,97.86913484145829,98.12307569451636,5787200
2017-09-11,99.83478546142578,99.83478546142578,98.89427878195026,99.20464770829635,6956000
2017-09-12,99.89122009277344,100.29563827839183,99.46799492955519,100.29563827839183,5212400
2017-09-13,99.53382873535156,99.93824691536672,98.97892603463455,99.93824691536672,6215700
2017-09-14,99.76892852783203,100.48370828202941,99.2234330505538,99.2234330505538,8154000
2017-09-15,99.03535461425781,99.82537676797786,98.70617154137807,99.44917266718414,12622900
2017-09-18,98.59333801269531,99.24228288095273,98.39583242883454,99.08239843337466,7330300
2017-09-19,99.1388168334961,99.62787717084551,98.59332121358946,98.8754689243883,9754400
2017-09-20,98.72500610351562,99.47740728515934,98.2453455964504,99.22347359053533,8198600
2017-09-21,99.04478454589844,99.32693950091999,98.42405369054903,98.7532296877418,4777600
2017-09-22,99.27987670898438,99.39274008678798,98.80962339804678,98.95070082642728,4959400
2017-09-25,96.8909912109375,99.36452827450582,96.63705757452935,99.22345084294741,9395300
2017-09-26,96.81575775146484,97.83149948957518,96.75932247260023,96.97564216133914,6263600
2017-09-27,97.7092514038086,97.92557112619164,96.77815167593691,96.93803611067798,8337400
2017-09-28,98.35820007324219,98.73440421765937,97.56817065241637,97.57757772928855,5947800
2017-09-29,98.97893524169922,99.15763383278107,98.46166079853745,98.51808891130118,7676300
2017-10-02,99.16703033447266,99.68430472247003,98.84725432008622,99.26107957088156,4885600
2017-10-03,99.3080825805664,99.59964448867206,99.02593492253912,99.36451785256826,4411100
2017-10-04,99.04478454589844,99.44920282116342,98.65918042790081,99.42098876076098,4146800
2017-10-05,99.91943359375,99.92884067024634,98.89428469605377,99.31750985692898,4396100
2017-10-06,100.38027954101562,100.59659205574873,99.5714432348475,99.96645431213992,4587000
2017-10-09,100.64361572265625,101.24553938725455,100.2015764618271,100.25800456304067,4787000
2017-10-10,100.92577362060547,101.1985214299072,100.4649273378872,101.17971445276427,4015600
2017-10-11,101.98854064941406,102.12961090268178,101.19851135363437,101.29256058097822,6473100
2017-10-12,101.67818450927734,102.24248711969771,101.48067895440506,102.04498156482543,6496100
2017-10-13,102.19546508789062,102.75976769278931,101.95093132808564,102.04498056631928,5154600
2017-10-16,101.85687255859375,102.5622525425854,100.78469555696613,102.31771880566268,5552200
2017-10-17,101.14212036132812,101.96976391131052,100.91640069778724,101.80987944861485,5979400
2017-10-18,101.3866195678711,101.57471802735286,101.06684357615654,101.21732808413898,4817300
2017-10-19,100.65303802490234,101.36782522651424,100.54018179735677,100.88816473295252,10840200
2017-10-20,101.15148162841797,101.29255186955328,100.6059861110432,101.29255186955328,7848900
2017-10-23,101.13269805908203,101.79105714393063,100.72827983605282,101.62176562788358,6316700
2017-10-24,101.96033477783203,102.17664730052545,100.8035083797656,101.16089834253981,10511200
2017-10-25,102.97608184814453,104.0294519892754,101.57472880250836,102.90084676166857,13261300
2017-10-26,103.26764678955078,104.15171827892112,103.1453763164537,103.8131352658015,7380100
2017-10-27,103.18301391601562,103.57802510253126,102.2237000094065,103.52159698317142,7862700
2017-10-30,103.49334716796875,103.68144561784837,102.43997719235348,103.14535714264593,5148600
2017-10-31,103.43694305419922,104.10470203426385,102.19547434081892,104.0012457101907,8002500
2017-11-01,104.46208953857422,104.7724585033554,103.8507586861106,103.92600095190555,6167300
2017-11-02,104.37744903564453,104.7442461178724,103.64384769569128,104.41506299364443,5506600
2017-11-03,104.73482513427734,104.79125323928236,103.9353958862211,104.33981404824907,3757600
2017-11-06,105.26152038574219,105.47784010912271,104.58435433489578,104.73483886863832,4094700
2017-11-07,105.42139434814453,105.77879149252874,104.9229269367632,105.57187886693721,3697900
2017-11-08,105.7787857055664,106.19261093410984,105.16745493853536,105.34615350095119,4417800
2017-11-09,105.46841430664062,105.54365656015311,104.33040213037519,105.14864549245692,4334700
2017-11-10,105.22389221191406,105.31794862695871,104.65958959913131,105.0640077871334,4198900
2017-11-13,104.77244567871094,105.20507789082964,104.71601039852396,104.9135231159336,7185600
2017-11-14,105.31794738769531,105.3743754956605,104.21754905389562,104.47148989073284,5679600
2017-11-15,103.69085693359375,105.21448027171499,103.58740062928018,104.71600572570584,6895100
2017-11-16,104.60003662109375,104.9957547188763,104.17606167343776,104.34565309014197,5655100
2017-11-17,103.46949005126953,104.49646287008453,103.35642664726208,104.28918355684408,8812400
2017-11-20,103.59191131591797,104.27970072119994,103.34695152835697,103.59191131591797,6873200
2017-11-21,105.00519561767578,105.04288340659322,103.92170223619499,104.06302245937196,6456500
2017-11-22,104.41165161132812,105.20308097268742,104.29858822021615,105.0523297845381,4067600
2017-11-24,105.49510192871094,105.67411708191565,104.71309668790059,104.87326435750015,3045600
2017-11-27,105.88142395019531,106.03217511584255,105.43860857458178,105.52340071409994,6620500
2017-11-28,106.80475616455078,107.04972321300562,106.05101471771025,106.0887025088734,6671300
2017-11-29,103.50713348388672,107.04970622057242,100.71830207439713,107.04970622057242,14505400
2017-11-30,106.07926940917969,106.07926940917969,103.66730849313231,104.11013101498393,18533300
2017-12-01,104.32683563232422,105.93795084959865,103.41292653047724,105.8814155728484,13101800
2017-12-04,101.21768951416016,105.00522345170087,100.78429060904345,104.89216724319117,18909100
2017-12-05,102.3011474609375,102.92297791155261,100.43564173267288,102.59321879469539,12081500
2017-12-06,103.39405822753906,103.79919288633863,101.99964627739811,102.21634203198323,7532100
2017-12-07,104.95806884765625,104.96749258992484,103.12082726857697,103.42232232728922,7384900
2017-12-08,106.08869171142578,106.09811545531024,105.3537978290681,105.6458691955922,7594900
2017-12-11,105.87200164794922,106.7953273286915,105.67414614493302,105.99448157223235,7538600
2017-12-12,106.89895629882812,107.15334705464691,105.52338447098795,105.87199109672811,8754400
2017-12-13,106.75763702392578,107.75634544808061,106.6445808467008,107.17219550897913,8088900
2017-12-14,106.39017486572266,107.49251556537828,106.39017486572266,106.98374846416002,9815600
2017-12-15,107.23812866210938,107.59615180797604,105.89082100858221,107.37945604723365,16388000
2017-12-18,106.98374938964844,108.11435413935124,106.70109460811788,108.057826058329,8961800
2017-12-19,105.6552963256836,106.72937314020088,105.59876823698605,106.72937314020088,7899400
2017-12-20,105.63645935058594,106.55978504002528,105.51397223693824,106.2017618199871,6201900
2017-12-21,105.90968322753906,106.55977778841522,105.82488390938367,106.08869123127086,8866400
2017-12-22,106.17350006103516,106.56921107931592,105.75894155338234,105.89084522614259,6190100
2017-12-26,106.45613861083984,106.88012082694863,105.58934106728165,105.58934106728165,3948900
2017-12-27,107.42658233642578,107.47369387049774,106.13580968610056,106.17349747571595,7073100
2017-12-28,107.73749542236328,108.27453381616589,107.39831252225527,107.69039107903247,6937100
2017-12-29,107.42658233642578,108.2462755870859,107.42658233642578,108.1143719175375,5249000
2018-01-02,107.88824462890625,108.42528301303304,107.36062280034966,107.94477271516895,6080900
2018-01-03,108.96231079101562,109.09421443826298,108.02956151742086,108.3027853665692,6946100
2018-01-04,109.36746978759766,110.57345036663536,109.32035825101818,109.52763751082989,7805300
2018-01-05,111.98668670654297,112.11859035543377,109.68778221751536,110.22482055605921,8590500
2018-01-08,112.43895721435547,113.5130413803656,111.24240029635612,111.75117473660985,6660700
2018-01-09,112.22222900390625,113.03249837628323,111.79825402012722,113.03249837628323,6562400
2018-01-10,112.09977722167969,112.16572906210652,110.6676698463949,111.8265461147081,7490300
2018-01-11,112.91001892089844,113.04192976579391,111.81710188147603,111.93016523929636,5982100
2018-01-12,113.14558410644531,113.39055116839732,112.7875608529859,113.17385534253374,5585800
2018-01-16,113.42820739746094,114.88857842921459,112.97596838085474,114.17252493334361,8803800
2018-01-17,114.9262924194336,115.09588388638646,113.74857589565283,114.191391270497,7991500
2018-01-18,115.99092864990234,116.07572077690479,114.97337999661207,115.43504279389352,8661000
2018-01-19,115.6046371459961,116.49970590896481,114.86974327396958,115.93440348342213,8250700
2018-01-22,117.1404037475586,117.1404037475586,115.32200905881395,115.76483164342085,9355000
2018-01-23,117.44187927246094,118.2521487198639,117.02732080498677,117.39476774180784,5683300
2018-01-24,117.34767150878906,118.19562161346047,116.55624230602865,117.81875809503356,6425200
2018-01-25,117.97891235351562,118.21445561977382,117.42302650727709,117.77163312909482,7166400
2018-01-26,119.01529693603516,119.07182501764316,117.54550930854887,118.49709889392922,5604900
2018-01-29,117.62090301513672,119.54293727398588,117.47958278068637,119.41103359635802,6257900
2018-01-30,116.40550231933594,117.102708478135,115.73655301835383,116.65988592179941,8154400
2018-01-31,117.04615783691406,117.28170109271801,115.92496963906012,116.62217566354111,7338200
2018-02-01,118.44999694824219,118.95877125762176,116.92367402010348,117.52666419680298,11169700
2018-02-02,113.91814422607422,116.56564813360337,113.72028156463867,116.56564813360337,13937700
2018-02-05,109.54645538330078,114.12541689870426,108.35932253724046,111.83593614100252,16623900
2018-02-06,113.03250885009766,113.34342770072446,106.7011044179644,108.53833910219487,19053300
2018-02-07,112.73103332519531,115.37853791676888,112.31647478568199,113.14558467649702,9294000
2018-02-08,107.27582550048828,112.89117609193059,106.97433040793467,112.61794504114606,12673400
2018-02-09,109.59358978271484,110.4321233820262,104.60006879040584,107.92594632908755,17695500
2018-02-12,111.61927795410156,111.96787749323785,110.12121858933546,110.97859978840381,11526300
2018-02-13,111.50618743896484,111.93016965636491,110.35673508116668,111.03510087843841,7803900
2018-02-14,113.84276580810547,113.9558219681409,110.70532797935019,110.81839132759518,9206400
2018-02-15,115.40950012207031,115.43781337164086,113.22929349644149,114.86208662795732,6921300
2018-02-16,115.00367736816406,116.07962421796955,114.73941073147161,114.7960372391269,6371400
2018-02-20,115.1546630859375,116.13622978489468,114.2202827316839,114.53174284976843,6182800
2018-02-21,113.6634750366211,115.9286291745711,113.64460193245905,115.19245569990082,7676100
2018-02-22,113.61625671386719,114.56007013226001,112.89896370041059,113.88996346928809,4994000
2018-02-23,116.02300262451172,116.05131587953858,114.40908228144531,114.73941559130228,5036900
2018-02-26,117.58969116210938,117.59913131095658,116.3910514845699,116.63644494953087,6270500
2018-02-27,116.43827056884766,118.25983085683463,116.41939026701185,117.69353701336587,7287200
2018-02-28,116.03243255615234,117.95781293637667,115.97579885036086,116.70253926876012,6780900
2018-03-01,113.63513946533203,117.03286640467765,112.89896613522507,116.3344464762076,8819600
2018-03-02,113.98434448242188,114.18255163885499,111.2378511524952,112.39873763603198,7581900
2018-03-05,115.03199005126953,115.43783015581249,112.72908994242817,113.68233641994998,5810200
2018-03-06,114.25807189941406,116.31558583161915,113.88998517215627,115.92862600071601,7464400
2018-03-07,115.00367736816406,115.37176406937512,112.97447683538152,113.28593702893727,7254100
2018-03-08,115.3528823852539,115.91916902185474,114.3618753706585,115.10748886912761,6948900
2018-03-09,117.51422882080078,117.77849546649433,115.96637515254484,116.32502171445378,6397700
2018-03-12,117.25939178466797,117.95781898635609,116.54209868129084,117.74073870459338,8636000
2018-03-13,116.27782440185547,117.97669164178754,115.99468466235066,117.26883149193681,9479500
2018-03-14,115.69264221191406,117.07060883931237,115.05084884565908,117.07060883931237,7855000
2018-03-15,116.47600555419922,117.42925182514195,115.8058917587703,116.21173177536322,5861900
2018-03-16,117.53307342529297,118.02386039177271,116.40050030387313,116.89128006962859,9447100
2018-03-19,116.2872543334961,117.32544768855715,115.40950753679286,116.97624132045193,17387800
2018-03-20,117.89176177978516,118.13714813448313,116.3722212877817,116.44772090422069,7779700
2018-03-21,116.29669952392578,118.39196662625625,116.15512606011754,117.88230647698191,7359500
2018-03-22,113.24817657470703,115.78703712053886,112.97446980353304,115.33400348531714,10501500
2018-03-23,110.4261703491211,113.569070771847,110.19965714409513,113.15379056202858,10024300
2018-03-26,113.86164093017578,113.9560208241707,111.18121449695364,112.39872737071941,8735400
2018-03-27,110.80371856689453,114.76773282401751,110.18079813180948,114.69222600751151,9008600
2018-03-28,110.416748046875,111.43606843534609,109.5106878795872,110.36012153664643,9420400
2018-03-29,112.89896392822266,113.81445689730207,110.46392357568166,111.06796358861392,12918100
2018-04-02,111.7380599975586,113.09715350228035,110.19964685593139,112.56861313893062,9877100
2018-04-03,112.50255584716797,113.248169306848,110.88863577649025,112.20997599363557,7084800
2018-04-04,113.07827758789062,113.37086462916722,110.15245758019663,110.33178442477991,8425700
2018-04-05,114.38075256347656,115.15467929263198,113.60682583432114,114.2014257064823,6816000
2018-04-06,111.08683013916016,113.78613693812065,110.53942386021308,113.42749045181401,8383800
2018-04-09,112.11559295654297,113.88995952947964,111.96457935847619,111.96457935847619,7024800
2018-04-10,113.93717956542969,114.35245985592668,112.91785914369689,113.78616593225756,8947200
2018-04-11,113.04995727539062,114.82433090909795,112.89895088995918,113.24815720667672,5874900
2018-04-12,114.26749420166016,115.12636789824627,113.62570076707966,113.63514091779082,5666000
2018-04-13,113.96548461914062,115.58884505527267,113.87110470556394,114.89042505393418,9174300
2018-04-16,115.03199005126953,115.9663706273009,114.68278365482668,115.24907033074749,6903200
2018-04-17,116.8441162109375,117.27826956439564,115.63602886133255,116.0041227573972,5979600
2018-04-18,117.48590087890625,117.85398754663944,116.44770032814583,117.08949375919539,5171000
2018-04-19,116.99510955810547,117.71240976663552,116.2306229994625,117.32544281179534,7294100
2018-04-20,117.22161102294922,117.80677787140965,116.38161774736558,117.08947773470398,7479400
2018-04-23,117.46701049804688,117.94835733021222,116.93847731808465,117.31600410408247,8004300
2018-04-24,114.45626068115234,118.01444163045906,113.77672100557929,117.85399506264565,9434400
2018-04-25,114.39962005615234,114.53175335460006,112.66300687613985,114.3335534069285,8001200
2018-04-26,119.93981170654297,120.42115136848751,116.8252245255871,118.10881135888923,14345800
2018-04-27,118.929931640625,119.92093141594148,118.34476472515837,119.33577170119985,6842700
2018-04-30,119.75105285644531,120.71374664734527,119.54341993753646,119.61891954408264,8449200
2018-05-01,120.34566497802734,120.40229148547817,118.4580379219247,119.73218474464883,6407300
2018-05-02,119.27914428710938,120.90251181571054,118.92049775914451,120.69486449852776,8515300
2018-05-03,120.03422546386719,120.2984921451306,118.27873142321506,118.74119811542604,6778600
2018-05-04,120.95914459228516,121.14790441663897,118.98657058437698,119.2319641166175,5798400
2018-05-07,121.99732208251953,122.24272279789614,121.04407567691548,121.18564193467088,5737300
2018-05-08,122.60133361816406,122.66740745739071,121.10067402899789,121.88404074319429,5044700
2018-05-09,123.48853302001953,123.63954660963086,122.3087663538971,122.70516622554041,6119400
2018-05-10,123.63961791992188,124.34747832786036,123.37535118640805,123.91331760768374,6585800
2018-05-11,124.41352844238281,124.66834777150771,122.9128537191545,123.63959429819992,5437100
2018-05-14,123.83779907226562,125.05531238069078,123.32813162114527,124.9892385105088,5017000
2018-05-15,123.7339096069336,124.0170420305055,122.60132230686298,123.22424244161266,5532300
2018-05-16,123.53575897216797,124.0170987136868,123.20541845842118,123.72451880797227,5124200
2018-05-17,122.82672119140625,123.6491681082652,122.52422308920077,123.44119435224029,4911700
2018-05-18,122.82672119140625,123.21430995714279,122.01375123097039,122.53367119644146,6082700
2018-05-21,123.5168685913086,124.32039074444897,122.88349897956387,123.79100804953376,5591800
2018-05-22,123.56409454345703,124.57559017456755,123.36556889037638,123.83823390528204,6645500
2018-05-23,124.6701431274414,124.69850187759396,122.70385471083607,122.9496353536893,6569100
2018-05-24,124.67961883544922,124.98213147016592,123.36561023066584,124.61345321197767,6035200
2018-05-25,124.10295104980469,124.87812875977012,123.77207970050831,124.67015495585717,7509600
2018-05-29,122.599853515625,123.88550292939222,122.00429098271628,123.26158164963942,10401900
2018-05-30,123.49790954589844,123.93276768892578,122.77000141336157,123.08196204159165,10631300
2018-05-31,123.57354736328125,124.38653179690516,122.87399792169117,123.5073673348668,11086000
2018-06-01,123.69644927978516,125.26568628214267,123.23323233821289,124.63231684647808,8323400
2018-06-04,125.79512786865234,126.26779308599977,124.24477210813897,124.72689986157589,7178000
2018-06-05,126.2582778930664,126.31499538755806,125.4452934813054,126.08812540959143,6198200
2018-06-06,128.82957458496094,128.85793333172865,126.30554515049558,126.67422328306712,8065800
2018-06-07,126.52294921875,129.1131583143591,125.77614495127081,128.90518458425817,8309200
2018-06-08,127.37376403808594,127.54391650712905,125.94630656635768,126.14483220483177,5261000
2018-06-11,126.58917236328125,127.79919388270453,126.49463357208487,127.52504004299159,7988700
2018-06-12,127.48724365234375,127.74248686986276,126.2394007441135,126.7120658897288,5743300
2018-06-13,127.0523681640625,128.34748029636827,126.96729191127707,127.78972453738997,4881600
2018-06-14,127.61956024169922,128.2812884098859,127.38322772273311,127.58175338548521,6464100
2018-06-15,127.714111328125,128.30965952459545,126.67424237461535,127.714111328125,10044500
2018-06-18,128.75393676757812,128.85792363943526,126.7876487335642,127.02398122191312,8713300
2018-06-19,127.72351837158203,127.846415869645,126.26771672932797,127.20358406199523,6557600
2018-06-20,128.09222412109375,129.21716920913255,128.09222412109375,128.11113476132581,7192000
2018-06-21,127.17527770996094,128.6783493494753,126.92003450290919,127.87482728963818,8689800
2018-06-22,127.9315185546875,128.42309422401988,126.92000846823356,128.18676170938207,6031900
2018-06-25,123.77208709716797,127.53451201127713,122.44863047008133,127.53451201127713,10086200
2018-06-26,125.30352783203125,126.47572811318692,124.4149150869004,124.8875802130683,7733900
2018-06-27,123.8571548461914,126.35282575547916,123.8476923133677,125.73835253024002,7282100
2018-06-28,125.48313903808594,125.84235471422826,123.50738790862802,123.83825925663238,6576500
2018-06-29,125.20894622802734,126.85382549756169,125.20894622802734,125.99357180015402,7259000
2018-07-02,125.2562484741211,125.77618295647959,123.98004696511329,124.74577652527422,7554400
2018-07-03,124.26364135742188,126.11649473897067,124.23528260779652,125.73835403631128,3621600
2018-07-05,126.0030517578125,126.0408730423085,124.62287779017443,124.90647972551997,4729300
2018-07-06,126.75933074951172,126.93894580634817,125.25625910218827,126.27721751110467,4839800
2018-07-09,128.11114501953125,128.53654069896686,127.42104362942719,127.56285180563457,8960700
2018-07-10,129.2172088623047,129.8222197140632,127.94100710996263,128.1584434778764,6561900
2018-07-11,130.59738159179688,131.22130308235492,129.1321310944813,129.160489850907,10648700
2018-07-12,132.25164794921875,132.2989173293901,131.07944809867143,131.41030491069156,11816100
2018-07-13,131.7979278564453,132.37457982525456,130.02070255757224,132.14769539627287,7865700
2018-07-16,130.89041137695312,131.9208177192026,130.60680946336902,131.79792019091124,4969900
2018-07-17,132.00587463378906,132.26111776109394,129.90724097503872,130.6256865495894,5412600
2018-07-18,133.19700622558594,133.4522493932069,131.75065231672158,132.2611386519635,7008600
2018-07-19,132.46914672851562,133.28213140752527,132.28006911859993,133.24431011570357,7937000
2018-07-20,133.28213500976562,133.73588955171485,132.2706245828448,132.3462527439358,7153600
2018-07-23,132.3745574951172,133.26316999465453,132.00587937558478,132.97012000535838,7723600
2018-07-24,132.3745574951172,133.73583499018793,131.88298186087698,133.28208063336132,8336700
2018-07-25,134.84188842773438,134.9647859598311,132.25167869286656,132.66762625572343,8376000
2018-07-26,134.70950317382812,134.9836424825909,131.9018723747644,133.86816018712952,10520800
2018-07-27,133.0173797607422,135.31452454894125,131.5993848767902,135.25780706151755,7014900
2018-07-30,129.01866149902344,132.74326479039465,127.91262689733,132.46912537955197,12812400
2018-07-31,129.26443481445312,130.47445611123646,128.2151178934591,129.63311295293255,7683300
2018-08-01,130.69187927246094,131.15509618931765,129.89780549321384,130.20976614033057,7087700
2018-08-02,131.32525634765625,131.58049951468232,129.51022427849992,129.9356199404816,12300000
2018-08-03,132.1760711669922,132.21387802693488,130.39884583321927,131.67503290674446,4617500
2018-08-06,132.0720672607422,132.59198724710595,131.4481459675955,132.01533534124465,5143000
2018-08-07,132.61093139648438,132.99852027573604,132.2233425172327,132.32732942570033,10034500
2018-08-08,132.98904418945312,133.28210866497693,132.1855221828058,132.32731594145125,5389500
2018-08-09,132.35568237304688,133.51844895978402,132.2516954691418,133.0363213032265,5679300
2018-08-10,132.09097290039062,133.04576554806556,131.63721848417856,132.23278107236447,6523500
2018-08-13,132.54473876953125,133.5184276119649,132.1855087180962,132.84723689869298,4817500
2018-08-14,133.06460571289062,133.2820419334064,132.23272537101957,132.6297621210326,5888700
2018-08-15,132.27061462402344,132.99852299819705,131.24965616305929,132.67711415620715,5288400
2018-08-16,133.1605224609375,133.9558042806398,132.9427737757479,133.55817059392555,5931700
2018-08-17,133.8043212890625,134.16409129382083,133.08479572581967,133.28360534698433,7699600
2018-08-20,133.4351043701172,134.05996357270473,133.2078789020102,134.00314637097134,4662200
2018-08-21,132.58297729492188,133.92737616005974,132.35576634576014,133.49186443038155,6854300
2018-08-22,133.6244354248047,133.99366773657422,132.40313299242047,132.40313299242047,4191700
2018-08-23,134.5333251953125,134.86467938325447,133.27414461007524,133.50135560837282,4426800
2018-08-24,136.52149963378906,136.69192233624128,134.74161746874458,134.74161746874458,5714000
2018-08-27,137.65760803222656,137.84696981457142,137.0043618897295,137.2694510494814,7194900
2018-08-28,137.46823120117188,138.38658075265684,137.15580166286819,137.87534161033338,4925700
2018-08-29,139.2008056640625,139.456432492406,137.67653589638752,137.7144140282845,5192900
2018-08-30,138.92625427246094,139.84460394662855,138.56648425066655,139.00199609001106,7804600
2018-08-31,139.06825256347656,139.77831580710102,138.6990202546428,138.92624569326114,5786600
2018-09-04,139.92979431152344,139.98659705753067,138.85996110747678,139.10611115559914,7638100
2018-09-05,135.072998046875,139.94877561398408,134.9593925205729,139.17243266084643,11363400
2018-09-06,136.80551147460938,136.99485877424698,134.94987326710577,135.6599364754515,9589200
2018-09-07,135.57473754882812,136.74871396557054,135.14870249676204,136.32267891350446,13626200
2018-09-10,136.40782165527344,136.74865243281747,135.58415329548657,136.45516207226203,5362700
2018-09-11,137.7427978515625,137.77119922372876,135.6220705700876,135.82089462152416,9895900
2018-09-12,138.76528930664062,138.9830379733283,137.34516292635377,138.08362748840113,6964100
2018-09-13,139.76882934570312,140.18540202138257,139.2575758087252,139.3143785469958,5803400
2018-09-14,139.96766662597656,140.46944350835184,139.50376787412435,140.0339461312549,4928300
2018-09-17,138.39608764648438,140.0245009151897,138.06473338427918,139.95823584125958,7708600
2018-09-18,139.76882934570312,140.20432663662532,138.1782804427699,138.41496814974494,5692100
2018-09-19,139.57005310058594,140.89551338121143,139.4091071382918,140.38425966919374,7432300
2018-09-20,141.29312133789062,141.529809082693,139.36174125039,140.10968261387868,7172700
2018-09-21,142.0600128173828,142.25882246878714,141.39728990224157,141.9653319239586,15628100
2018-09-24,141.17002868652344,141.68126782126868,139.42801048023364,141.2173691212506,6706700
2018-09-25,141.6150360107422,141.9748060635901,141.16059951249142,141.73811828066928,4230700
2018-09-26,141.32151794433594,142.4102757551902,141.10375482514667,142.01264209088848,5852400
2018-09-27,142.03155517578125,142.61853603291814,141.59604346333523,141.91793525942512,5868500
2018-09-28,142.0978546142578,142.36294373947257,141.58661542885048,141.83276548904306,6035900
2018-10-01,142.76055908203125,143.48956130582926,142.5901508575515,142.85523994870132,9802100
2018-10-02,141.70021057128906,142.80790743061843,141.22683510424542,142.80790743061843,8047500
2018-10-03,141.4161834716797,142.68484071212185,141.2457752364657,142.68484071212185,7521100
2018-10-04,138.9451904296875,141.33100731866537,138.32034566399452,141.23632642729712,9208900
2018-10-05,137.61976623535156,139.56060924291947,136.71087865285273,138.83160671449798,7085700
2018-10-08,134.33447265625,137.28833057830477,132.71552240511093,137.28833057830477,11637300
2018-10-09,134.73219299316406,135.66000534479386,133.605556485902,133.92746294960568,10798000
2018-10-10,128.3037109375,135.09191447563776,128.01022041288948,134.97830896837564,15450100
2018-10-11,126.60902404785156,129.93212974606476,125.21729873678849,126.94985503109713,15657200
2018-10-12,132.6019287109375,133.47293780517688,130.11196922172485,131.10606055574198,12993300
2018-10-15,129.92263793945312,132.60194504949717,129.91317562994752,132.45046141976292,7953000
2018-10-16,134.19252014160156,134.57121484267583,131.29544933790385,131.3238651644474,11059500
2018-10-17,134.86471557617188,135.2528870641338,133.2363022354185,134.7605723585791,9170600
2018-10-18,131.87290954589844,134.8741222256647,130.60426697015012,134.8741222256647,10222600
2018-10-19,132.6208953857422,134.61854077802866,131.95817250717505,132.45047267623906,8696900
2018-10-22,133.1510772705078,134.0031475021193,132.08124387943562,133.46350687443888,6099500
2018-10-23,131.71200561523438,132.58301487520495,128.36997545882963,129.60075475197664,10736100
2018-10-24,127.11076354980469,132.7155268319138,126.86461353017998,132.26109047019455,13849600
2018-10-25,133.03750610351562,133.39726179941835,125.44455609705989,128.2374697397763,14985900
2018-10-26,130.40548706054688,132.42205685347076,128.81493787921917,130.63269805339817,12034900
2018-10-29,127.17705535888672,133.97472016613258,125.22675073611195,132.17589916069076,12768200
2018-10-30,125.69064331054688,127.67882596366806,122.8787920036077,125.99361053041272,15107600
2018-10-31,130.50967407226562,131.7120378365821,127.8019647434523,127.8019647434523,13205300
2018-11-01,133.33091735839844,133.36878103417018,130.16877314257374,131.5983616548575,16024000
2018-11-02,132.33688354492188,133.91795633884067,130.50966063600848,133.59606439316843,17063100
2018-11-05,132.3557586669922,132.74392994431784,130.71788390296723,132.3557586669922,6280000
2018-11-06,133.2930450439453,133.40666496875258,132.28002915236752,132.35577095348188,4732700
2018-11-07,137.0706024169922,137.18420790903988,134.74160315237532,134.76052777020118,20502100
2018-11-08,137.49664306640625,137.7144061967436,136.00077475958372,136.900199762556,5927400
2018-11-09,136.26585388183594,136.87178834306164,134.77946243967557,136.52148067688145,8339800
2018-11-12,132.2800750732422,135.9913379385779,131.75935903873463,135.7830515247749,11335100
2018-11-13,132.2800750732422,134.34398569657486,131.60787538391853,132.8765329351578,6287000
2018-11-14,132.0623321533203,135.00672900920404,131.03983910778143,134.4576115710659,6613900
2018-11-15,134.5282745361328,134.59467304695627,130.8198279789256,131.69241555773758,8565000
2018-11-16,132.9538116455078,134.5282432745164,132.70721967449322,133.18144502258914,8628000
2018-11-19,127.81324768066406,133.3237599805018,127.3295428953044,133.22890909448773,16253000
2018-11-20,126.49484252929688,127.59504861720295,122.86227526347004,123.59258622363951,12720200
2018-11-21,127.49077606201172,128.78066994402627,126.74150617282257,127.43387132007496,7416300
2018-11-23,126.02066802978516,127.32953491928127,125.66026652437692,125.75510293223702,3676000
2018-11-26,128.93238830566406,129.48249143907964,127.32950433406174,127.66146786236371,9144600
2018-11-27,128.9040069580078,129.2833816517483,127.20627119380937,128.30647806676046,7877900
2018-11-28,134.09201049804688,134.24375166311032,129.81448711459706,130.00418889730105,11265100
2018-11-29,131.92953491210938,133.447047771536,131.5596396149515,133.43756847189056,8751500
2018-11-30,134.40499877929688,134.9266352561891,131.4837679365167,131.84416947863318,11362800
2018-12-03,137.5253448486328,138.20823047738202,136.43463238526843,137.5253448486328,11285600
2018-12-04,131.4932098388672,136.9088699247972,131.36042731433315,135.7517588657678,13988900
2018-12-06,133.7790069580078,133.83591169841844,126.59922645047234,128.0788075899992,16391900
2018-12-07,130.0421142578125,134.80334222271696,128.97985379286365,133.5608737562757,14007700
2018-12-10,130.77243041992188,131.1423257364325,127.90810430589303,129.22645063624765,15744300
2018-12-11,129.75758361816406,132.8305701776623,128.91346277697363,132.7262399850561,12466300
2018-12-12,130.69656372070312,133.61779482852194,130.64913827153356,132.1192403624984,10387200
2018-12-13,130.4499053955078,131.95795303611752,129.1315594762796,131.17073720345468,8780900
2018-12-14,128.12625122070312,129.67223109166142,127.61409401208574,128.69532765002447,9351200
2018-12-17,124.62646484375,127.5002704288715,123.95307268830315,127.29162450785114,11796200
2018-12-18,125.82146453857422,127.25361978545038,125.00579641471296,125.47052796300758,12761900
2018-12-19,124.49366760253906,128.86602710010646,122.84337219696776,126.07757896656628,13819000
2018-12-20,122.12252044677734,125.20498556315287,120.59552130788212,123.45036025715788,18091700
2018-12-21,117.8545150756836,123.6116119551667,116.61203943168896,120.62399006608031,25448600
2018-12-24,115.4549331665039,118.75553830133369,115.33162991633948,115.78688953981923,8617700
2018-12-26,123.51676940917969,123.52626318137584,116.65947274631147,116.6784385823832,13499500
2018-12-27,125.2049789428711,125.2049789428711,119.99798632464115,121.39221009210443,10883000
2018-12-28,124.19017028808594,126.73201189928518,122.97615422419778,126.21985475166892,7381300
2018-12-31,125.13862609863281,125.61285159424854,123.51676853585303,124.89201957869592,7976000
2019-01-02,126.06808471679688,126.84582135719772,122.91923543354831,123.2986099830732,8788000
2019-01-03,121.5250015258789,124.51261565597189,121.2878815977915,124.44623162776615,9428300
2019-01-04,126.76044464111328,127.65199071577062,123.4219082185043,123.71592565329325,11065800
2019-01-07,129.04623413085938,130.09901526579316,127.13035915682764,127.51922752022953,12928000
2019-01-08,129.74807739257812,131.06642347708447,128.9513821628501,130.85776313517314,9243000
2019-01-09,131.27508544921875,132.2899203318344,130.52580117426555,131.17075527696747,9987600
2019-01-10,131.52171325683594,131.66398960619983,129.33079351545675,129.75759361911764,12514900
2019-01-11,130.94313049316406,131.45530208968404,130.32664318972925,130.64911302622707,5860100
2019-01-14,130.0325927734375,131.0094958067191,129.60577839375185,129.9282626207468,8666700
2019-01-15,130.26022338867188,130.6206393071503,128.27796478146067,129.8998219424035,7594900
2019-01-16,130.26022338867188,131.71135188794227,130.0041521044783,131.26557887473268,7258000
2019-01-17,130.2033233642578,130.80085199339027,129.5488900032481,129.90930593475153,5864900
2019-01-18,131.3604736328125,131.45532452901455,129.59635405784425,131.1802656133575,10263500
2019-01-22,130.93362426757812,132.32784797818726,129.91877505457023,130.7913479768206,8102300
2019-01-23,129.94725036621094,131.81569976488365,129.13158202733752,131.61653318374465,5465800
2019-01-24,130.60169982910156,131.1897492903129,129.48253459556238,130.042117212332,4924800
2019-01-25,131.52171325683594,132.6883040660998,130.60171452536795,131.83470385877803,9756300
2019-01-28,128.97984313964844,130.42147808808767,127.8606635517627,130.42147808808767,9857200
2019-01-29,128.04090881347656,129.64379361714063,127.19678784537267,129.54894271061445,7457700
2019-01-30,130.50685119628906,130.79137489193644,128.5245777926004,129.08417482920254,8078100
2019-01-31,128.05035400390625,128.73323982677482,126.42851102875287,127.46231906229656,20095700
2019-02-01,132.9253692626953,133.11507099394413,128.28744558898134,128.41074881985105,13248300
2019-02-04,134.20578002929688,134.22475309636076,132.00536736060104,132.58392289226592,11882700
2019-02-05,135.1826934814453,135.58104108701303,134.51878080549912,134.68001570735672,8455700
2019-02-06,134.1962890625,135.07834122943683,133.7789684566427,134.64206203037406,6146900
2019-02-07,132.94435119628906,133.78847185668383,132.0338465032982,132.70723848862522,10675300
2019-02-08,133.1435546875,133.16251328731764,131.37943526614893,131.54067019788042,5950700
2019-02-11,133.5418701171875,134.95505248964554,133.20990656176963,133.97814936305141,7600100
2019-02-12,134.67056274414062,135.43880573883825,133.96870379391362,134.48086096630743,6090000
2019-02-13,136.09323120117188,137.2408487392814,135.50518177462888,135.52415484573362,6885600
2019-02-14,136.0172119140625,136.32123837020242,135.29512189797282,135.84618525328892,6314000
2019-02-15,137.6798553466797,137.6798553466797,136.64424335070518,137.33781662812794,6536000
2019-02-19,137.23336791992188,137.65141704694028,136.83432497980598,137.21436173301936,8406700
2019-02-20,137.50888061523438,137.61339288803865,136.35926011185913,137.1478500798419,5283100
2019-02-21,136.81532287597656,137.79393131730546,136.03622866192342,137.1478659180672,8573400
2019-02-22,138.59193420410156,138.98148107778763,137.21428363596735,137.21428363596735,9680800
2019-02-25,138.7725372314453,139.85565793792313,138.5350106335557,139.58013346325927,9731200
2019-02-26,139.70359802246094,140.04563680682438,137.78439409114236,137.95540623458962,7332500
2019-02-27,139.8746337890625,140.131166518439,138.6394928484189,139.19055617570513,9731200
2019-02-28,140.72975158691406,141.39483764720848,139.88415749329667,139.91265952474097,6250200
2019-03-01,142.0123748779297,142.44941561135914,140.97676259929239,142.00287903501865,7016800
2019-03-04,140.5777587890625,142.69649214444053,139.61814198206136,142.5824840079549,6979700
2019-03-05,140.56820678710938,141.84134559213734,140.4541986844113,140.61571499572352,9678600
2019-03-06,140.43519592285156,141.10977770767943,140.0646550825856,140.6157184215014,8186400
2019-03-07,139.5041046142578,140.4352046945632,138.7535125464068,139.91264334937662,8761700
2019-03-08,139.99818420410156,140.1216881781419,137.29037515805038,138.1834774959753,5168100
2019-03-11,143.1525115966797,143.43754638043038,140.6347357514033,140.7202418372871,9361500
2019-03-12,144.1595916748047,145.4992447290015,143.3424998648834,143.46601829465806,9465100
2019-03-13,144.8627166748047,146.3543761090223,144.45416340468694,144.7012003346329,8308900
2019-03-14,146.50636291503906,146.97192013963453,144.70116706002142,144.94818943569118,9364900
2019-03-15,147.7035675048828,148.99571296533856,145.70833799326837,146.050376923903,20162000
2019-03-18,147.22848510742188,148.60613640356743,146.71541956425423,148.1405790769853,9689400
2019-03-19,146.8769073486328,148.16905230220462,146.44936247742606,148.16905230220462,9236100
2019-03-20,146.07884216308594,147.14295656924568,145.0907379998621,146.63940139508284,6391400
2019-03-21,148.0265655517578,148.8626492437594,145.66079562789176,145.67030596934507,7027100
2019-03-22,145.43280029296875,147.91256419340013,145.22377571556112,147.25700292513855,8119800
2019-03-25,145.39479064941406,146.3733991450006,143.97912680263127,144.75822105988027,7568000
2019-03-26,147.55145263671875,147.83648731290972,146.09779173535725,146.09779173535725,15594400
2019-03-27,146.525390625,148.08356433327992,145.70829865008056,147.71302346659968,12253800
2019-03-28,146.95297241210938,147.34251956126633,145.9458618293913,147.19999488603887,16902200
2019-03-29,148.39710998535156,148.49211191985745,147.19996673130612,147.96005469471373,12164400
2019-04-01,149.41372680664062,149.86027797312863,148.73915938320428,149.67025959318065,6420100
2019-04-02,149.90777587890625,150.2593105824983,148.92916751690237,149.79376775827578,6215100
2019-04-03,150.55384826660156,151.17141155272606,149.97428285298122,150.63935435283946,8209300
2019-04-04,149.7747344970703,150.77234886466124,148.72011607946894,150.62032839965377,5100200
2019-04-05,149.78421020507812,150.71532455498317,149.38516741117635,150.11675311539673,4178300
2019-04-08,149.8792724609375,149.97428889223116,148.52062737776436,149.68925409582215,5604700
2019-04-09,149.63223266601562,150.10728577239357,148.66312026971292,148.74862634946808,6364100
2019-04-10,150.64881896972656,150.8578434688508,149.6607150172498,150.10726603833623,3918600
2019-04-11,149.9838409423828,151.351996879881,149.58479787685874,151.1714742912559,5771400
2019-04-12,151.67498779296875,151.67498779296875,149.9837995309193,150.79139578416158,6745100
2019-04-15,152.4351043701172,152.4731022550149,151.2474711267667,151.85553876746312,8142800
2019-04-16,152.2355194091797,153.06212169969828,151.5894541220781,153.0051031471857,6021400
2019-04-17,152.4351043701172,153.0336761639582,152.3115858736164,152.84364324704123,4609100
2019-04-18,152.1690216064453,153.0621238076555,151.06689486888934,152.90059298618476,7859400
2019-04-22,152.39703369140625,152.47304392960166,151.13340516163532,151.25690911341613,4602600
2019-04-23,153.59414672851562,153.80317121823268,151.89344878922398,152.96707325936447,6522900
2019-04-24,153.4326934814453,153.94574457770503,152.63459305757934,153.67971593557425,7376500
2019-04-25,152.98609924316406,153.53716256034548,150.63933584821456,152.51104615912521,8862500
2019-04-26,154.80079650878906,154.8958129279622,152.39702897790377,153.2141208913944,7525400
2019-04-29,155.95993041992188,156.29247339634907,154.96233048558108,155.06684274981788,10003600
2019-04-30,156.22596740722656,157.43260643243005,155.74141842740684,156.74852875652502,6432700
2019-05-01,154.6678009033203,157.47062613532026,154.6298030295432,157.2805932740192,5248100
2019-05-02,153.0811309814453,154.94334581252065,152.42555527817146,154.0122456457192,6054900
2019-05-03,153.95518493652344,154.62027079962277,153.1380931166145,154.20222179909237,4317500
2019-05-06,154.18325805664062,154.53479276863308,150.3068223903783,150.31633273230617,10442400
2019-05-07,152.21652221679688,153.7081814271637,150.76284637845637,152.9195915335102,6413600
2019-05-08,152.73904418945312,153.63214620078742,151.56092195958058,151.79844847334104,5445900
2019-05-09,151.83645629882812,151.87446866210584,149.3281767288449,150.93385838681132,6813700
2019-05-10,152.6915740966797,153.34713519816063,149.42320644232493,150.9338718240564,5192500
2019-05-13,149.48016357421875,150.80081020051085,148.61556372242876,149.34714932759456,9730000
2019-05-14,152.21652221679688,153.46115903176042,150.05977706174303,150.2117975346698,9756700
2019-05-15,154.6678009033203,155.01935009874975,151.1619207728771,151.37094532233075,7547000
2019-05-16,156.8849334716797,157.5795882203638,154.97228797023925,155.5337093262156,9745500
2019-05-17,156.14266967773438,157.19890992706263,155.2957753891569,155.38141295861922,4582500
2019-05-20,155.552734375,156.76122911883078,154.467948047714,155.43855092573847,4747400
2019-05-21,155.92385864257812,156.87542618842085,155.28631012923572,156.60898843716635,9095700
2019-05-22,156.28549194335938,157.60817053046657,155.5337452924028,155.6764891662691,5416400
2019-05-23,153.6876678466797,156.29496812810996,153.03109844201632,155.58129247455696,6138000
2019-05-24,154.76292419433594,155.49563517131207,153.88748391264792,154.86759719104683,4105600
2019-05-28,155.78115844726562,157.74138563507069,155.41955806590582,155.4861602562888,10202300
2019-05-29,154.8486328125,155.58134412560048,153.65917299502598,155.39103345875927,6456000
2019-05-30,154.87709045410156,155.58125549200642,154.09681280863958,154.915161277645,4750600
2019-05-31,153.5164031982422,154.27766018491283,152.7836920780919,153.1167465471882,5079000
2019-06-03,150.91864013671875,154.94376736507246,149.15823411753502,153.71623692451695,8034600
2019-06-04,154.46795654296875,154.50601285489316,150.96618053543443,152.52675068015952,6684800
2019-06-05,157.3798065185547,157.38931696995982,154.8105762211777,155.5813438584135,7769300
2019-06-06,158.8356475830078,159.29239592387216,156.95154797214545,157.8460237578404,13738500
2019-06-07,161.8140869140625,163.29853017193872,159.67305963371706,159.86337026579366,10528800
2019-06-10,162.54676818847656,163.6886462906276,162.25177006529455,163.5173565894326,7565900
2019-06-11,162.0614776611328,163.84090444907721,160.26301545541475,163.6220479638735,6082900
2019-06-12,163.27947998046875,163.30802584670909,161.48101780848108,162.12809132272366,6772000
2019-06-13,161.1479949951172,163.85995421466038,160.54850270079564,163.8028624761099,6901400
2019-06-14,161.44297790527344,162.3755101767182,160.66268542933042,161.54765093205188,4999900
2019-06-17,161.3478240966797,162.16617293602837,160.84349435473158,161.50958887053366,6410200
2019-06-18,161.08140563964844,162.40408437982697,159.43519731289922,162.38504895715423,6969300
2019-06-19,162.42308044433594,162.90837470659608,161.01476442305128,161.1860396262832,6323900
2019-06-20,165.32534790039062,165.51565850244972,163.43172328844722,164.1549093841791,11474100
2019-06-21,165.03990173339844,166.3435448165,164.77346394298016,164.87813696919952,11728200
2019-06-24,165.4300537109375,166.26742342998477,164.35477754243402,166.14372949999284,5554900
2019-06-25,162.98446655273438,166.46720679503554,162.3278827097044,166.34349838409756,9899900
2019-06-26,162.77517700195312,164.04076385190436,162.54681003459274,163.08919610184523,7129900
2019-06-27,162.93692016601562,164.05025254354584,162.07100466333858,163.78381477044988,5873400
2019-06-28,165.1445770263672,165.1445770263672,162.2613280606604,163.63158787005983,8442700
2019-07-01,165.5156707763672,167.03817022551013,164.37379255956768,166.8383491604491,6103200
2019-07-02,166.79075622558594,166.82882705802248,164.90665657348873,165.6679135047686,5238100
2019-07-03,168.30380249023438,168.41800050670267,167.20950526084482,167.47594309964876,4066600
2019-07-05,168.1039276123047,168.45600296103817,166.05804865888203,167.34267066497924,5840400
2019-07-08,167.6566925048828,168.0563491419664,166.90494599340727,167.7613655183882,6720300
2019-07-09,169.12208557128906,169.2743398541084,166.80978354501156,166.93347744500565,4894300
2019-07-10,170.6255645751953,171.5295507881535,169.93092437194545,169.93092437194545,5110600
2019-07-11,171.98629760742188,172.17660818402666,170.7682924934317,171.39631594425086,6986600
2019-07-12,171.59620666503906,172.56680979352132,170.254492710927,172.56680979352132,7196700
2019-07-15,171.82452392578125,172.3003076023507,171.22503184697877,171.8149989595999,4490400
2019-07-16,170.6255645751953,172.11953250631683,170.0736536877613,171.63422379300766,6800200
2019-07-17,170.47329711914062,171.4819707787792,170.34007826141726,170.86344324524705,3994200
2019-07-18,171.78646850585938,171.87210609057786,169.93091490479136,169.97849618066837,4736300
2019-07-19,170.55897521972656,173.03304217167243,170.4638126555188,173.03304217167243,5327100
2019-07-22,171.82452392578125,172.2146555055464,170.46377506051454,170.93955873708398,4862100
2019-07-23,172.13856506347656,172.4906549326208,170.38768424527274,172.12905461503377,7193000
2019-07-24,174.4508819580078,174.54603000184161,170.56848458327974,172.03389223228447,8169300
2019-07-25,172.79515075683594,175.0789216261937,172.51920255150335,174.96472364487613,6085800
2019-07-26,174.7934112548828,174.91711965841358,173.38509562299794,173.57540619166903,5056300
2019-07-29,174.33673095703125,175.15507978916628,173.87996799041775,174.9837900467434,4621800
2019-07-30,172.73805236816406,174.49845810462324,172.4906500377544,173.69913034528395,5236600
2019-07-31,169.37905883789062,173.23291111428009,167.53301508694344,172.98549420759343,7981200
2019-08-01,170.4923553466797,173.56591445242117,169.5407878013928,170.5113907631206,8417300
2019-08-02,168.82711791992188,169.63595616900267,166.22934249792442,169.37902885744762,8264600
2019-08-05,160.68170166015625,165.0969746373914,158.89274996876796,163.67913372030506,16858300
2019-08-06,164.12637329101562,164.57361121835308,161.89019817409755,163.46978933301943,10281300
2019-08-07,166.82884216308594,167.21897385239012,162.09002495968397,163.19384688399387,8292800
2019-08-08,171.18699645996094,171.234577741421,168.01828929543396,168.86518383425633,7602800
2019-08-09,170.378173828125,171.37732266600992,169.23629566472877,170.9681410665965,5373700
2019-08-12,167.7993927001953,169.99751108241554,167.0952421131993,168.84612265352223,7394400
2019-08-13,169.95948791503906,170.2544715449224,165.77259632486883,165.94387152166465,6667700
2019-08-14,165.1064910888672,168.66535918395596,164.77345113661386,167.70428112319823,7293500
2019-08-15,167.97482299804688,168.6895283602468,165.35423666998042,166.05940332129163,6698000
2019-08-16,169.8426055908203,170.3381387932569,168.8610778983741,169.62343331580266,8312200
2019-08-19,171.28155517578125,171.92954782881577,169.73778145753286,171.92954782881577,5285000
2019-08-20,170.8050537109375,172.1296403720115,170.0903483641555,170.98610018458623,3793600
2019-08-21,172.4250946044922,173.13980013786502,171.7580390148218,172.18685942670123,3695900
2019-08-22,171.6150665283203,173.74965867419328,170.20471853338393,173.387536598725,6659900
2019-08-23,166.9837646484375,172.0057653023505,166.04036283178638,171.1004747089029,7051900
2019-08-26,169.23272705078125,169.3089640478961,167.09814929444667,168.10826405995792,7754400
2019-08-27,169.9855499267578,170.75742949099117,168.61331312780086,169.92837581692123,4022100
2019-08-28,170.26194763183594,170.56689569718722,167.74618425558418,168.66101391091394,4401900
2019-08-29,172.64427185058594,172.8539199763154,170.8718014953324,171.91050341053278,4679200
2019-08-30,172.31072998046875,173.60671526527352,171.21483954244837,173.42566876158102,4061200
2019-09-03,170.7669677734375,172.72049908502612,170.67168242940934,172.02485645666482,4644000
2019-09-04,173.21604919433594,173.62580674910657,171.57698989380881,172.38698083023527,4154800
2019-09-05,176.0366973876953,176.94198796943496,174.75023641597636,175.0837568720287,6386800
2019-09-06,176.99916076660156,177.9235141472918,175.86515932797843,176.04622033625836,7990900
2019-09-09,173.00640869140625,178.24758319874823,171.06240127678726,178.1236962391797,7290500
2019-09-10,168.0510711669922,171.24341327286916,165.63059403643356,170.96706691234084,15255200
2019-09-11,166.74551391601562,169.5566853024366,166.24045664669023,169.05162803311123,9113600
2019-09-12,169.60438537597656,170.96709816756947,168.36555953108888,168.52757224942096,7748800
2019-09-13,168.92779541015625,170.35720640473025,167.7366195813446,170.24284363747435,6103200
2019-09-16,167.8223876953125,168.8610895712422,167.25061745753626,167.8795618109459,4253600
2019-09-17,168.1463623046875,169.87118242665767,166.80271259813907,168.50848437784165,5924700
2019-09-18,167.04092407226562,168.84198093024355,164.69669872224597,168.7562197800344,9542500
2019-09-19,167.67947387695312,169.06123516433365,167.34593877208889,167.9081703687704,6964500
2019-09-20,165.8688507080078,169.2708558797475,165.76402665266994,169.0516690563097,12820400
2019-09-23,166.67884826660156,167.00284458944165,164.658604253208,164.76342830362333,8803500
2019-09-24,166.26910400390625,168.86110410093775,165.23992621178587,167.8224021356327,10039900
2019-09-25,167.03143310546875,167.40307937096912,164.27743525580695,165.62108503904682,7797300
2019-09-26,167.38400268554688,168.14635803776392,166.39295090616795,167.38400268554688,10419000
2019-09-27,165.8116912841797,168.50851536432052,164.24886902841746,168.38462841320361,9212600
2019-09-30,163.9153289794922,167.19344740214555,163.9153289794922,165.97368443660778,16464000
2019-10-01,166.08798217773438,166.59305398622914,164.68717311439886,164.87775829343846,8146200
2019-10-02,161.83792114257812,164.80156730700637,160.6562694376062,164.5156821883027,10596200
2019-10-03,164.73483276367188,164.99213079066132,160.69437402642325,161.9141368007684,7242800
2019-10-04,167.6985321044922,168.21312832284582,166.2310095462175,166.459706051509,6027600
2019-10-07,166.66934204101562,167.42217342457096,165.621115873265,166.44064555241985,5248300
2019-10-08,164.30601501464844,166.4215442906897,163.79143349323925,165.40190541912574,5336500
2019-10-09,166.65023803710938,167.70800256576652,165.46858659135611,165.9164697862382,6277300
2019-10-10,166.65023803710938,167.62222687046722,165.4209366585716,165.7068217145607,4762400
2019-10-11,168.72763061523438,170.7669225587121,168.52752126725443,168.54656960658403,8754400
2019-10-14,169.01351928710938,170.01410967067434,168.77528417391378,169.0325821675659,7240900
2019-10-15,170.33810424804688,170.9860967699777,169.19457862417545,169.74728582620205,4400200
2019-10-16,169.4995574951172,169.87120378613565,167.97486110099678,169.5472074382162,6509000
2019-10-17,169.56626892089844,170.75744478491427,169.1469726902495,170.47155966940628,4887900
2019-10-18,167.44119262695312,169.81400532140685,166.33577808473228,169.52812024452643,6311900
2019-10-21,168.12730407714844,168.41318916699055,166.39295973602043,167.71754659625984,4898200
2019-10-22,162.81944274902344,169.42331458382876,162.74320575086884,168.67049785572308,10094700
2019-10-23,163.2578125,164.06780339436455,162.17144611099067,162.94334031487438,7122300
2019-10-24,167.87001037597656,168.54659002205463,165.23988515821168,165.25894804056733,7872600
2019-10-25,169.48048400878906,170.71929510126452,165.33518676637058,166.69788478438116,10130100
2019-10-28,171.37680053710938,171.70079678804655,169.9569286265308,170.50962127073336,10086500
2019-10-29,169.27088928222656,171.52935446295731,169.02311535305034,171.3387691994765,7572800
2019-10-30,170.81460571289062,170.9766038730039,168.08919496479675,169.42330601321197,5374800
2019-10-31,170.44296264648438,171.24342929052838,169.63295729002454,170.8146089126991,6830800
2019-11-01,172.4155731201172,172.7872339937021,171.1100488683978,171.6532321075855,7000200
2019-11-04,170.52865600585938,173.81629698289842,170.39524495156752,173.51136366196607,7154800
2019-11-05,168.07012939453125,171.11001224274352,166.93612775114477,170.64308065362175,7447500
2019-11-06,168.45135498046875,169.80452921731458,167.8509976031475,168.07016992315243,6992500
2019-11-07,170.03318786621094,172.14871720610685,168.5275544822748,169.0040247923285,7227200
2019-11-08,170.54782104492188,171.00522857067648,169.4328820217383,169.9855894465232,3894100
2019-11-11,171.0909881591797,171.87240660991318,169.81405095213626,170.0999361058369,3617300
2019-11-12,171.28155517578125,172.53942925432125,170.46202564706573,171.4721403948667,6118700
2019-11-13,170.96710205078125,172.36792610509679,169.52815222397285,170.95756333729713,6138300
2019-11-14,171.5780029296875,171.5970977453699,169.9648332838306,170.86210027490438,9811000
2019-11-15,171.5970916748047,172.46570912908754,170.93845892529228,171.8452660095889,7808800
2019-11-18,171.4920654296875,172.12206314147184,170.84297290585923,171.40616062310073,7173700
2019-11-19,174.460693359375,174.6611379290313,172.00752681540817,172.18889113609995,8549900
2019-11-20,173.40113830566406,174.89021320911587,172.15069757430578,174.02158132707766,6040500
2019-11-21,171.7115936279297,173.54430220801143,171.1675153231752,172.9333993479842,5112200
2019-11-22,171.31068420410156,172.265220800964,170.2416078764389,171.9406818536482,6865600
2019-11-25,172.74249267578125,173.10522125092197,171.92159060288108,172.19839981307018,5457800
2019-11-26,174.25071716308594,174.60389116165598,172.97164118954487,173.2102754188657,7079000
2019-11-27,175.98794555664062,176.15021506520173,173.97387232144308,174.6802347984817,11452700
2019-11-29,176.12155151367188,176.44610504314286,175.023840195532,175.56791851054294,3139100
2019-12-02,173.5252227783203,175.9879292475239,171.692514035789,175.86384937899103,6883200
2019-12-03,173.63021850585938,173.85931255544133,171.49206563672374,171.72114512123167,4543300
2019-12-04,172.3893585205078,174.35570207354314,172.26526407092217,174.35570207354314,10650400
2019-12-05,173.62069702148438,173.75433159015176,171.88344762880854,173.00979405542273,4638600
2019-12-06,173.88795471191406,174.94749106698393,173.09568747658483,174.4320476403626,14526700
2019-12-09,174.6038818359375,174.9284208748614,173.0575367733547,173.6302501540892,10233100
2019-12-10,173.973876953125,174.82341414707705,173.63024311258954,174.25070078956873,8625700
2019-12-11,173.7352294921875,174.75659081102697,172.95251692711543,174.74705068690625,7138800
2019-12-12,174.33660888671875,174.9952416405532,172.60889952670462,173.4011668563115,11192100
2019-12-13,176.7229461669922,177.08567481920056,173.76387620072336,174.2029695462954,8558100
2019-12-16,177.77293395996094,178.32656703646194,177.32430051115972,177.8588387739675,8249900
2019-12-17,177.08567810058594,178.28838927192876,175.73023753968576,178.02112012274148,10208700
2019-12-18,176.49383544921875,177.96383016901305,176.49383544921875,177.0856581257283,8968500
2019-12-19,178.0592803955078,178.0974700222627,176.11203181818368,176.11203181818368,5854200
2019-12-20,179.4529266357422,179.61519615138025,177.83021691428533,179.0711177242499,11259500
2019-12-23,178.57473754882812,179.84427317848102,178.49837286075783,179.59608430098385,5831700
2019-12-24,179.04244995117188,179.47198853910064,178.4124522541704,178.59381655164722,2420900
2019-12-26,180.56019592285156,180.5792761731953,179.16656569869787,179.3479300324997,5237000
2019-12-27,180.7797088623047,181.25697722242114,179.90153682749937,181.113802540416,5448600
2019-12-30,179.2906494140625,180.86562931261997,178.61292187545504,180.70335980395637,4833600
2019-12-31,179.35745239257812,179.45291189514816,178.0592818090315,178.55564500526037,5273000
2020-01-02,182.43109130859375,182.4501861251965,180.14020852889743,180.40747770102607,8733000
2020-01-03,180.9801483154297,182.27831869647977,179.37651922586292,179.84424741137676,4899700
2020-01-06,180.5887908935547,180.60788570474878,178.65108266194687,179.45288995121768,10109500
2020-01-07,180.11151123046875,181.45741131599064,180.02560643311352,180.97058833416605,4392300
2020-01-08,183.19467163085938,183.74830463418937,180.21652195163782,180.87515456879026,5712000
2020-01-09,184.46426391601562,185.10380191891124,183.76745602705145,184.22562968067797,6748000
2020-01-10,184.9606170654297,185.72424948966852,184.33061922305185,184.7028880271702,6586400
2020-01-13,186.44961547851562,186.70734441060995,185.44734924487867,185.6000785798287,11290500
2020-01-14,187.136962890625,187.99604027795726,186.2683308126059,187.7955956846158,6236500
2020-01-15,190.71646118164062,191.05054033245491,187.39467709782582,188.04375514974575,10831100
2020-01-16,191.8141632080078,192.3391613505156,190.6973569221687,191.86189296006768,9983700
2020-01-17,195.3936767578125,195.44140651002417,190.88826197244865,192.5873362826411,12518900
2020-01-21,197.8659210205078,198.91591729553232,194.53459700852818,194.84959589103553,14861700
2020-01-22,198.4481658935547,200.57679313334017,197.86589794804195,198.0758971785596,8065000
2020-01-23,197.1309356689453,198.92545487272525,195.96639965703835,198.44818649292978,8520800
2020-01-24,195.68003845214844,198.5341086466581,194.9259608101611,197.9900156948477,7812900
2020-01-27,192.52056884765625,194.08600893681808,190.04832152628043,190.90739899572975,7198900
2020-01-28,193.6277313232422,194.57271311937967,192.60637029561667,193.18863813261095,7215700
2020-01-29,195.54640197753906,196.55820861656292,193.30323475700496,195.01186372032458,7041700
2020-01-30,198.74412536621094,199.02093464605377,194.07644071898568,194.72551879038355,8571900
2020-01-31,189.92417907714844,194.70640297046987,189.24645157328763,192.32961577505128,16699600
2020-02-03,191.68055725097656,193.06463287684363,190.7642099609874,190.8501147884718,10885900
2020-02-04,194.30548095703125,195.60365140243104,193.03594544634024,194.24821108761375,10205900
2020-02-05,193.58961486816406,196.2527808175363,190.85963891359745,196.15732130717134,8672400
2020-02-06,193.8091278076172,195.32685225081207,193.27458957872503,193.8186824963952,7001200
2020-02-07,193.52276611328125,194.56320756857681,191.94777189808417,192.79730893595166,5691100
2020-02-10,196.62501525878906,196.75864981091183,192.68277412355675,192.78777374058706,6239500
2020-02-11,194.66822814941406,198.22864616742174,194.3818642098927,198.06637666687715,10231900
2020-02-12,198.00912475585938,198.68683775696613,195.68005253189676,195.68005253189676,7355800
2020-02-13,198.25762939453125,199.28046990454726,196.96714727082687,197.51201361119035,9495300
2020-02-14,201.02027893066406,201.48868467538904,198.84078392277652,199.1084401808559,6548800
2020-02-18,201.89015197753906,202.17693068297604,200.13126397724287,200.743051741962,7651500
2020-02-19,203.9071044921875,204.72919551616837,202.3871965969966,203.15193480775037,5927500
2020-02-20,202.12908935546875,204.27035337542202,199.09882758013157,202.77912192370204,8531900
2020-02-21,199.60546875,200.9533182074264,198.27674175906589,200.6474170882226,9231500
2020-02-24,190.02716064453125,194.78764849438178,185.4578682928449,189.16683924746692,13316800
2020-02-25,180.09515380859375,191.0786695919856,179.4451358176121,190.02715274049416,18539000
2020-02-26,178.9576416015625,184.97992095157338,178.78556855907013,181.62464977775278,14214700
2020-02-27,172.0749969482422,178.1259667776965,172.06544300798458,174.09198689139365,17536600
2020-02-28,173.7478485107422,174.2927293932878,165.3548800692054,166.1291721981553,22659000
2020-03-02,183.85195922851562,183.9571109341098,175.0288282451888,178.106889533123,17434500
2020-03-03,177.54286193847656,185.48654784378843,176.3670854529177,184.68357924809794,15226400
2020-03-04,185.72552490234375,185.91672040093562,177.96346608584497,181.96876965094535,10789100
2020-03-05,178.7186737060547,183.46002513209302,177.45685326427594,182.81000702778556,10106900
2020-03-06,176.2332763671875,177.7914294374931,172.04634531681418,175.44941556813276,15183200
2020-03-09,163.58645629882812,171.65441662810278,160.89075717101247,163.6629315846707,20486400
2020-03-10,174.55088806152344,174.5604420044897,164.30343093913115,171.5588556755984,16119400
2020-03-11,165.3262176513672,170.8514292909872,162.6974399320052,169.81903483631567,14598200
2020-03-12,153.02349853515625,164.41805001866837,150.06971264887252,151.5131449299938,27467700
2020-03-13,168.07928466796875,168.5476903548067,155.0596690583545,161.28269816889696,19948900
2020-03-16,145.3092803955078,158.0230093774668,141.45692697286447,144.47763531298372,23692000
2020-03-17,150.93002319335938,156.4839092511321,142.67088510157885,148.88435748456217,22298000
2020-03-18,141.93487548828125,144.03789476298775,133.63750402325968,141.9157676067599,22787500
2020-03-19,145.5386962890625,150.31829222630594,135.23388861525922,140.4436452696207,19362800
2020-03-20,140.35765075683594,151.28380277028083,139.2487807244679,147.99545220456113,18692100
2020-03-23,129.75648498535156,137.0310311027475,128.02625888061007,135.10007012261755,30344100
2020-03-24,147.71817016601562,148.40643305140827,137.2508594477391,138.45531220409265,24488300
2020-03-25,154.6486053466797,160.76648232644655,146.8100709081755,152.29705230821307,20619600
2020-03-26,161.4355926513672,162.05693411788087,154.658116390579,154.93534104696099,17062900
2020-03-27,154.43832397460938,159.73412520889974,151.1786355722717,153.97948678225782,14950700
2020-03-30,158.2715301513672,158.55829420837978,153.60664034172652,153.9412032702971,15714500
2020-03-31,154.0177001953125,160.7760560880631,153.46326529688082,159.0936289242235,20613100
2020-04-01,146.3607635498047,151.10212836568778,144.74525805219363,149.4292700599525,12595200
2020-04-02,150.45211791992188,151.3698067430922,144.62100513539042,145.80635015986687,14051100
2020-04-03,145.15635681152344,150.7675986387481,143.96145764312487,148.70280937507425,11994700
2020-04-06,161.97093200683594,163.20406120789193,151.27419511779993,152.9661759814435,16479100
2020-04-07,161.158447265625,170.91839070426562,160.69005609733213,169.92422636543574,15379000
2020-04-08,167.22850036621094,168.24177234312685,160.52749771216904,163.471730478514,11146500
2020-04-09,166.0336151123047,169.37933245196047,165.23064645146812,168.49988850159136,12231800
2020-04-13,161.54080200195312,164.72401490786848,158.8259802011985,164.666647499529,14043700
2020-04-14,166.922607421875,167.69689964651448,163.29968004171943,165.4600522006294,9980500
2020-04-15,158.6443328857422,161.89445184032456,157.6788453044364,161.26354176294663,12118700
2020-04-16,155.26040649414062,160.59443778520392,152.75590266768404,159.74367021609817,20308200
2020-04-17,162.0665740966797,163.45266894213194,157.67890740412068,162.17172581765524,15375800
2020-04-20,156.9810333251953,160.04952542017458,156.0059917742466,159.95394226336325,10505200
2020-04-21,153.45367431640625,155.4037572244957,152.13450144247315,154.85887639876987,10562100
2020-04-22,159.24656677246094,160.30763760624197,155.73834526268695,157.40164982504245,14502500
2020-04-23,159.0458221435547,162.8981748919648,158.88331764932866,160.47970077207958,11411300
2020-04-24,159.94444274902344,161.3114005045286,156.78033724822367,161.01506782109308,8391400
2020-04-27,164.18862915039062,164.7526324010883,161.12013757231963,161.21572071302936,9903300
2020-04-28,163.701171875,167.29542301084004,162.86952679348687,167.28586906934308,8614400
2020-04-29,173.7765350341797,174.21626425900274,168.3373673489277,169.05430670801823,12862800
2020-04-30,170.84190368652344,173.8148133838694,169.82863153132917,173.7670145001737,11331600
2020-05-01,167.8307342529297,171.72131765698037,166.58803642524973,166.76009487302738,10109600
2020-05-04,168.3851776123047,169.1403620219623,164.15046214605837,165.32623879221455,9386200
2020-05-05,170.57420349121094,173.11695175247596,170.40213047147697,171.19554506064617,13513000
2020-05-06,170.8992462158203,172.55298247161926,170.038924705818,171.7978126649435,8540500
2020-05-07,174.66551208496094,176.82588366556803,173.70003919441288,173.7382695345819,9262200
2020-05-08,176.9310760498047,177.5619862040231,175.5258737000314,176.8737232332701,6470100
2020-05-11,175.46853637695312,176.48180845498428,173.43242369317753,175.76486901265994,8683100
2020-05-12,171.5587921142578,175.87955028030407,171.46319437532375,175.46849750628803,8219700
2020-05-13,169.56716918945312,173.39724819325897,167.60425077788423,170.91727554483674,13377100
2020-05-14,173.21536254882812,173.3589993155115,166.43613379076868,168.46607151998447,9695100
2020-05-15,175.69532775878906,176.31770983555177,171.27157598509123,172.3344236346077,10785900
2020-05-18,183.2501678466797,184.63856881524094,179.5062614349236,180.01374582611774,11802200
2020-05-19,181.3159942626953,186.23764665411807,181.19151198285704,183.02037875474392,7446800
2020-05-20,185.6248016357422,186.70680375871282,184.23640075344323,184.80133396731898,9545600
2020-05-21,182.52239990234375,185.3949589923301,181.9478968507011,185.28006130411978,11338100
2020-05-22,182.75222778320312,183.24055761650195,181.19146584943562,182.88627996943765,5807600
2020-05-26,185.01194763183594,187.93238548156046,184.57148216491424,187.4823500779673,9662200
2020-05-27,184.62899780273438,186.05569313132628,180.51165922873554,186.05569313132628,7650300
2020-05-28,186.0077667236328,189.8665698433333,184.52362291651013,185.31835138908968,8352200
2020-05-29,186.94618225097656,188.38246203732538,185.06943690148628,186.23761229656412,10211900
2020-06-01,186.09397888183594,187.55898300626112,185.29923569495944,186.4386865940885,6011300
2020-06-02,188.01858520507812,189.1293116600821,186.63975437963765,187.61642864942337,8462100
2020-06-03,188.5069122314453,189.72296642893664,187.262148220326,189.58891424571183,8879400
2020-06-04,185.41412353515625,188.1143362393022,184.91620917491673,187.65471624034637,7829800
2020-06-05,191.13055419921875,191.28376089487207,187.17599220491104,187.86540772475632,8561200
2020-06-08,191.12098693847656,191.46569470323064,188.75591150458504,191.10183244860275,7628100
2020-06-09,190.6230010986328,193.10297332197123,189.81868815224024,189.93358582727078,6892300
2020-06-10,191.96359252929688,193.59137349711432,190.49858819720168,191.40822921357662,8405300
2020-06-11,180.8563690185547,188.01861400259278,180.73188675228866,186.8504385193728,11974600
2020-06-12,184.09278869628906,186.71639873837606,179.87013662887384,185.95996437214933,11706300
2020-06-15,183.61399841308594,184.3034138635588,178.29977501403133,179.0562092554871,6752700
2020-06-16,184.68637084960938,189.95272824259058,183.65224800826246,188.497294472111,11057200
2020-06-17,185.3375701904297,187.0706790651538,184.8588101869989,185.43332803535418,5968900
2020-06-18,185.67269897460938,185.99825225450945,183.94916012426324,184.4183501645393,5803200
2020-06-19,184.03530883789062,188.72716478231126,183.2405656238452,188.52607918887608,11483300
2020-06-22,186.6780548095703,188.01857660040378,183.16394450888717,183.8342200148956,6674500
2020-06-23,189.56021118164062,191.64759750000928,187.50154929072886,187.9132758246737,9866800
2020-06-24,183.27883911132812,189.09097577023962,182.58942379674428,188.65052491461623,9453100
2020-06-25,185.7397003173828,185.9886648343973,181.83301749396998,182.98205302660423,9936600
2020-06-26,181.22975158691406,185.8832977561124,181.04782051236623,184.89705366728106,11836000
2020-06-29,183.2501678466797,183.31718664389302,179.34348480101175,181.84261238865983,8020400
2020-06-30,184.964111328125,185.51947460537622,182.0819817824565,183.35548496140595,9040100
2020-07-01,185.54820251464844,187.05151575016666,184.47578491671044,185.61523591981657,6394100
2020-07-02,187.35789489746094,189.5123144173881,186.71635839368705,187.67387818032134,6299300
2020-07-06,189.35911560058594,190.71879200074198,187.3674726084918,190.28791100099986,7292200
2020-07-07,185.95033264160156,190.45067254723543,185.57690052329687,188.4494597750536,7660100
2020-07-08,186.78341674804688,187.214297787484,184.91624122616196,186.7929866873786,8368000
2020-07-09,184.04490661621094,187.18557072292222,181.88090228897852,186.71638071157665,8548200
2020-07-10,184.37042236328125,184.62895677493813,181.39253549237608,183.50864586128878,7674200
2020-07-13,180.99038696289062,186.89828205820587,180.68397363026884,185.38539910221746,8564100
2020-07-14,185.1173553466797,185.25140757094084,179.22859819880065,181.45005175581045,8003900
2020-07-15,188.20053100585938,189.36870640142862,186.23761237490493,186.93659778025585,7681100
2020-07-16,185.2800750732422,187.39620018878577,184.34170979174402,187.03233800162454,5064000
2020-07-17,186.80258178710938,187.26220192763657,184.91626613249358,186.55363183560442,6395000
2020-07-20,190.0389404296875,191.00603008927524,185.44284284111063,186.46739595692594,6985300
2020-07-21,188.13352966308594,191.66678087879663,187.36751072405283,191.50400422847395,7218700
2020-07-22,190.41238403320312,190.54643621797803,187.91325682300595,188.13348228143778,6823400
2020-07-23,189.0431365966797,192.4136105529468,188.08561674858282,190.01024099403728,6106700
2020-07-24,186.85995483398438,189.09097738346458,185.7875374957448,187.35786914556294,7160300
2020-07-27,188.5452117919922,189.4069736967623,185.95032691910075,186.86955228003475,5604700
2020-07-28,188.38247680664062,190.90074429426917,188.35375237750912,189.292117820526,6897300
2020-07-29,190.14430236816406,190.4411311977095,184.84921852139894,184.8875128885105,9471300
2020-07-30,185.81626892089844,188.21006814869645,183.95867838243262,186.9078407843507,10499400
2020-07-31,182.31175231933594,186.4195201783772,181.3925415525434,186.16098575808294,14180800
2020-08-03,182.58944702148438,185.12686856416892,182.12984162349838,183.65229454910911,11405200
2020-08-04,184.1214599609375,184.74385654336825,182.00534956821053,183.01074819322068,8204000
2020-08-05,187.76963806152344,189.76126638223334,184.897078670132,185.33752959488018,8876800
2020-08-06,190.32618713378906,190.46980923872235,186.5152483628662,187.65469909730547,7480300
2020-08-07,188.01858520507812,189.56976257840245,187.00361657262678,189.196330447395,5654000
2020-08-10,188.4303436279297,189.88577803591448,187.03237268956897,188.01861706449031,5525400
2020-08-11,189.36866760253906,194.27116359549845,187.99940688867687,189.41654650774652,11549600
2020-08-12,190.2974853515625,191.72418046559528,189.81872546404173,190.54643523326007,5432500
2020-08-13,189.4727783203125,191.73594194181754,188.94534333025558,189.04124592214998,7014800
2020-08-14,188.57130432128906,189.94263498772878,187.7370075632011,188.92611749285697,5014400
2020-08-17,191.24685668945312,192.23460654837325,188.6384788899253,189.2042661296777,6256200
2020-08-18,190.84405517578125,191.88934053350653,188.7439293215529,191.77425452050855,6519900
2020-08-19,192.74282836914062,194.51690896083323,190.73857574234995,190.75775918405455,9467600
2020-08-20,195.77316284179688,196.05127154514219,191.40987345775346,191.69755193338057,8849200
2020-08-21,195.75396728515625,196.7225188303485,194.9963750490398,196.10878044506956,9998300
2020-08-24,197.9404296875,197.9787819383662,196.27182143758537,196.59786678432357,6159600
2020-08-25,199.5611114501953,199.65699940561686,197.10614274197945,198.68844764958035,5828300
2020-08-26,201.63247680664062,202.1503273880826,198.79394154550474,199.56111837891586,7035200
2020-08-27,202.370849609375,203.473656050276,200.47209862646818,202.54347131655476,8619600
2020-08-28,206.8588409423828,207.29037329713566,202.55307253464792,203.30106585160075,7349800
2020-08-31,203.29150390625,207.09860564573464,202.87914031624462,206.69582646194104,9326900
2020-09-01,204.59568786621094,205.11352379149267,202.45718016222878,203.50246568378918,5642900
2020-09-02,207.59725952148438,208.43157111319056,204.99846605093697,205.3436949016854,9863800
2020-09-03,200.38583374023438,206.11085563896432,198.5925547573998,206.11085563896432,11310200
2020-09-04,196.2622528076172,201.8626183756495,191.93730088272972,199.93509935393658,13243600
2020-09-08,191.90853881835938,193.95114392884395,191.03588966243376,192.54146077268985,14186900
2020-09-09,195.6868438720703,197.82533662415915,193.6634225011606,195.9649525534908,7532600
2020-09-10,193.27029418945312,198.50626292528273,192.22502317671442,196.45407315957502,7243000
2020-09-11,192.44557189941406,194.1045960463507,190.74821012732113,193.3086513439162,7439000
2020-09-14,196.56912231445312,197.9404532270307,194.8046259111957,195.00601549205942,11730500
2020-09-15,196.9622802734375,199.66657490616788,196.36772526879983,198.26647630140445,6328600
2020-09-16,196.7129669189453,199.225456562328,196.54034519596283,198.2569048571543,6135000
2020-09-17,196.84727478027344,197.14455238210326,193.71144676762626,194.526575045217,7474900
2020-09-18,194.29637145996094,197.27876044376856,193.44289112093844,197.03901861109168,9084100
2020-09-21,189.34811401367188,192.99219313353709,186.71095361060492,191.7071803035226,9656000
2020-09-22,192.33053588867188,192.47438980557033,188.72482304841844,189.9618847907144,7543100
2020-09-23,187.35342407226562,192.838717828625,186.58626199019255,192.56062376877532,6310600
2020-09-24,187.49729919433594,189.55907313084515,185.20536782750386,187.14247132683647,9865300
2020-09-25,189.15634155273438,190.0098220522531,185.56979779367714,187.01784810026535,5496100
2020-09-28,192.100341796875,193.4428902004047,191.63044253929954,192.39761932675086,5565300
2020-09-29,191.25640869140625,194.0757744234766,191.18927396793922,192.34963064540523,5513500
2020-09-30,191.76467895507812,194.22921713748426,190.72899258642866,192.60857480346186,9157600
2020-10-01,195.0060272216797,196.78010813733485,193.3661865244343,193.9128049677432,7234600
2020-10-02,193.19357299804688,194.50735361384545,191.21808792235535,191.79347419802176,6019700
2020-10-05,195.18820190429688,195.2936888948202,192.80038264204663,194.3922719053335,6090500
2020-10-06,192.22499084472656,196.68419753421895,191.5153644132298,195.7348146469305,5841100
2020-10-07,194.16213989257812,194.46900186619342,191.7839047245023,193.71142402250527,6713400
2020-10-08,194.65115356445312,195.91699726226068,193.93192818142919,195.6293041825155,3955600
2020-10-09,198.16104125976562,198.5829892959805,195.32249105511826,195.62936767515913,5562900
2020-10-12,197.93084716796875,199.4364328701582,197.28834082542087,198.44869771028968,6622700
2020-10-13,195.9362335205078,196.78971395312425,194.69915733393458,195.03480178956156,5621700
2020-10-14,193.90318298339844,196.55952647209432,192.87709559276954,196.31020024462364,5320000
2020-10-15,191.36190795898438,196.30058319294443,189.49192484285766,192.76199187867792,8885500
2020-10-16,192.0427703857422,194.33470145833917,191.22765702760097,191.78385977163302,6385900
2020-10-19,188.88780212402344,192.81957415422409,188.43708629407965,192.6086001643491,7449600
2020-10-20,189.5878448486328,191.46742731958355,188.6384765236273,189.44400559717158,7427000
2020-10-21,190.2878875732422,192.1962379009674,189.71251593276216,189.71251593276216,6067200
2020-10-22,189.865966796875,191.57292765223053,187.72745889172995,191.16056404819832,4908200
2020-10-23,189.88514709472656,191.6784262481115,187.97681115788413,191.55375579217127,5877200
2020-10-26,185.14779663085938,188.3603278377035,182.89421795147217,187.9575633863683,12608700
2020-10-27,182.26132202148438,185.7519623952442,181.45579300431203,185.08068821426724,8690400
2020-10-28,173.44842529296875,177.1212721133339,171.98120637256537,176.43081442929926,17809500
2020-10-29,177.28427124023438,179.32687616997535,171.9811835059291,175.4910071609919,16820900
2020-10-30,174.25392150878906,176.66092370801525,171.87567251982145,175.1649373446602,10252900
2020-11-02,177.15963745117188,179.2501792970305,176.34450933245108,176.93906442023092,8057100
2020-11-03,180.61192321777344,181.75309680678976,177.56241379779402,179.16388765851477,6467900
2020-11-04,186.0108642578125,188.80146225119228,183.67098200766637,184.97517795204234,8102700
2020-11-05,189.53030395507812,192.74285038804447,189.19465953395735,190.2207616085355,7132100
2020-11-06,190.32623291015625,191.48657509830593,187.4109642508577,189.25219426340368,6180500
2020-11-09,203.9531707763672,208.71923971859283,203.56958968605022,205.88070453181368,17916900
2020-11-10,204.5572967529297,205.27652217283787,201.9105524754318,203.24351633502118,7943600
2020-11-11,203.97235107421875,205.48752123315492,202.98461588084268,203.46409955268274,5337200
2020-11-12,200.01548767089844,204.1260517045675,198.9398304373344,203.0599933196136,7302500
2020-11-13,202.1475830078125,202.91591580235064,199.09347883430306,201.60015560046213,6377500
2020-11-16,204.27969360351562,206.5750784179723,203.4441395907017,206.07567457258372,12083200
2020-11-17,202.36851501464844,203.6938742384677,201.20640949502035,202.22444435343627,7268800
2020-11-18,199.6024932861328,202.79105455308903,199.44882379852,201.4176719762132,6977900
2020-11-19,199.35281372070312,200.4668809940356,197.3935641706984,199.035875862475,5657200
2020-11-20,195.80886840820312,199.87140841675884,195.74163251156168,198.9302084468815,9653500
2020-11-23,199.9193878173828,200.72613047056092,196.5963554773028,196.5963554773028,6101900
2020-11-24,201.37924194335938,205.3553628927047,201.11032767452372,202.50293721887869,10110800
2020-11-25,202.54135131835938,203.55938602144204,200.60131435028504,201.36964712865665,6772900
2020-11-27,202.64695739746094,203.636180709061,200.5436525091008,203.60736951782803,3512900
2020-11-30,202.02272033691406,202.205186352354,198.4211744406396,201.24477411334746,7725500
2020-12-01,202.83909606933594,205.21131587112106,202.68542656810956,203.7322872223253,8047900
2020-12-02,201.8594512939453,203.03115547879113,200.22675330587896,202.64699641856217,9728900
2020-12-03,199.8137664794922,202.75262554525514,199.3911827554454,201.47527552656015,9203300
2020-12-04,204.26046752929688,204.2988922254241,200.25555025960546,201.4368678625102,5720100
2020-12-07,204.23162841796875,206.008396675428,203.41528692094818,203.5785552203523,10624500
2020-12-08,204.34693908691406,204.692688117875,201.58094683922639,201.63856923526498,8646200
2020-12-09,201.28321838378906,205.04803296824508,200.67815392486122,204.78871753517183,6251100
2020-12-10,199.39122009277344,201.01431940283123,199.04547104060296,200.2555853958345,10492000
2020-12-11,198.07540893554688,198.69967097696744,196.4042865032892,197.23024154616692,9227600
2020-12-14,199.04541015625,202.9350821397057,198.77649593734338,199.62166328517893,11967700
2020-12-15,200.1114959716797,201.14874295493667,197.9985919634427,200.28436314152526,9796100
2020-12-16,200.02505493164062,200.851010017817,198.93978444563297,200.2267332889437,7504400
2020-12-17,202.81985473632812,203.396107956219,200.5821070589237,200.72616303653237,6517200
2020-12-18,202.94471740722656,203.58819187900238,201.5617213733741,202.66620429291973,13298200
2020-12-21,200.73574829101562,201.49448213431995,196.68280764181077,200.02505264329886,7576700
2020-12-22,197.69125366210938,200.14990667286622,197.46076410155587,200.1403078260858,7396200
2020-12-23,197.17263793945312,199.1222736354006,196.99015726711937,199.1222736354006,6523100
2020-12-24,200.43801879882812,200.55327822550655,198.42116201604122,198.45957205511613,3367900
2020-12-28,204.21249389648438,205.00963794937445,200.67816863372744,201.54254858908394,5816200
2020-12-29,205.883544921875,206.7191134454781,205.0864010903618,206.11404911023556,6093400
2020-12-30,209.71563720703125,211.66527306680308,207.1129133416465,207.44906351942615,8875100
2020-12-31,210.0709686279297,211.11782912444525,207.64112679290122,209.75403082491798,5922200
2021-01-04,209.1393280029297,211.5307593433984,205.7586880531343,211.5307593433984,10318300
2021-01-05,206.01803588867188,209.81167617335765,205.18248188249248,207.74678094863663,6869700
2021-01-06,204.20286560058594,207.6123323144772,203.67465054109607,205.33615977424952,7206200
2021-01-07,205.34573364257812,206.69991838482912,203.7994693879937,203.7994693879937,10967900
2021-01-08,206.92079162597656,207.56426599808074,204.32768179152987,205.69146526513182,6513000
2021-01-11,204.46217346191406,206.35418686067575,204.06840090274,205.48982165467635,7353100
2021-01-12,200.59170532226562,204.36611847191253,199.2567328663062,203.93393588561582,9331600
2021-01-13,201.06231689453125,202.64699129633158,200.37081887981478,201.11993928663622,6688500
2021-01-14,193.8687744140625,202.8486328237113,193.74391615971547,202.23396970609647,12887500
2021-01-15,193.60951232910156,195.2133991139302,192.49543054230233,193.5614887830841,8755000
2021-01-19,193.67674255371094,196.0873720840278,192.14969055627586,195.01171502742878,9772000
2021-01-20,197.85452270507812,198.98781678258885,194.2241655658824,194.99249829821932,12675700
2021-01-21,197.01898193359375,198.96861776284922,196.64442171651334,197.89296065835762,6513500
2021-01-22,194.0225067138672,197.2014692420978,193.81121482485523,195.91452021246457,7316200
2021-01-25,193.02365112304688,193.65752672919245,188.00069912708761,192.40898786534666,19282400
2021-01-26,194.01290893554688,195.43432987768927,193.0140864604082,193.77280582900357,9605300
2021-01-27,187.25155639648438,191.79430172235539,186.28154540929233,189.81585505566542,13772400
2021-01-28,190.3729248046875,194.00328207913662,190.3249012593658,192.08245750409566,11041300
2021-01-29,185.5996551513672,195.01169751560312,185.17707144429986,189.98874588054815,21503000
2021-02-01,190.5074005126953,191.32375689857162,187.2996266767627,187.41487147298807,12970700
2021-02-02,194.58912658691406,196.2602491778585,192.08245002786134,192.89880630237093,11305100
2021-02-03,193.38861083984375,195.45349131111388,193.02364949609768,195.03092223197325,13458600
2021-02-04,200.96627807617188,201.37924833974068,195.05974816664911,195.19420530533768,14534800
2021-02-05,200.50531005859375,201.81147156876233,200.39966410355325,201.6674009093084,10284000
2021-02-08,198.69970703125,202.3108521284102,197.75850704803017,201.6865899737166,8637100
2021-02-09,198.34434509277344,199.4104032932289,195.63597547090828,197.61442239226773,7619400
2021-02-10,198.26751708984375,199.736946733005,197.78731094097463,199.736946733005,8467600
2021-02-11,202.63455200195312,203.52911502267867,199.29674638826282,199.43141226269935,8411100
2021-02-12,201.96124267578125,203.0866678833095,199.7680894383764,201.38409476949352,6911000
2021-02-16,199.97967529296875,203.00967926860673,199.4506402593855,202.63453759666814,9652700
2021-02-17,199.60455322265625,200.34522289087812,197.2478930173829,197.44027074643952,8373200
2021-02-18,201.3744659423828,201.71112329794403,197.1517109540657,198.03666024729725,7328600
2021-02-19,196.93045043945312,201.54758902598152,195.99740310244198,201.36482505806484,15011500
2021-02-22,200.38369750976562,202.62491922675628,195.3721749835083,195.7954147733624,8337700
2021-02-23,204.02931213378906,205.7607410312106,198.68113206646004,199.49874107532597,10571700
2021-02-24,211.07044982910156,212.1285494090749,203.24055696974068,204.26980062275845,12039000
2021-02-25,205.6068572998047,212.0516073182672,204.48143205272459,210.9357958215534,11404300
2021-02-26,204.29864501953125,207.0112194201088,202.71151041662637,205.89540804919832,11730000
2021-03-01,208.37709045410156,209.50251541272323,206.6071774490895,206.78032765367314,6982000
2021-03-02,207.54986572265625,209.627565561349,206.63606058227342,208.69453292399544,6155200
2021-03-03,206.66493225097656,208.91578247624813,204.75073937808608,206.95349150230902,6484600
2021-03-04,203.44253540039062,208.75224539854872,200.72034746801467,207.74224406035603,10658900
2021-03-05,207.20359802246094,207.86731366274253,201.64379799797206,205.58759280993013,7582000
2021-03-08,211.87840270996094,217.5151555365732,207.5883083699209,208.71373325030123,14750400
2021-03-09,211.96502685546875,216.42825789790862,211.80150504413245,213.6002596463124,9228600
2021-03-10,214.66796875,215.64911427619995,211.04158901263338,212.31130847918394,7822900
2021-03-11,217.5343780517578,219.53513824135175,215.28352834251825,215.97609974189604,10053400
2021-03-12,215.81260681152344,217.909548783847,214.90841543722675,216.69755601174535,8172400
2021-03-15,214.76412963867188,218.43859219727645,213.29241893013022,215.6875484829642,9306100
2021-03-16,216.13967895507812,216.9861585965256,213.83111679519627,215.18740403592997,8949300
2021-03-17,214.52369689941406,217.62102697139252,213.31168924147764,216.47635959555515,8675600
2021-03-18,212.25357055664062,214.04271115408747,211.21471330546387,212.9942254770108,9321800
2021-03-19,199.01779174804688,211.78225295974534,198.99856424936368,210.7722515346409,32209700
2021-03-22,200.07589721679688,204.20245613880195,198.3733241740556,198.6811402918874,11371600
2021-03-23,200.22018432617188,201.96124178740507,199.5949529950112,201.0859061817954,8820700
2021-03-24,200.14321899414062,203.0962543795056,200.00853844692966,200.79730616784477,10101600
2021-03-25,200.04702758789062,200.86465125208156,197.94045704289834,199.75845366655975,8390800
2021-03-26,205.39523315429688,205.5587549720552,199.78733453478188,200.31638434369484,7399900
2021-03-29,206.33786010742188,207.08814346543755,203.0770086891294,204.35634176817635,7792300
2021-03-30,203.82730102539062,205.99158342518703,203.35597780746622,204.89501426305603,5498000
2021-03-31,203.66378784179688,205.95312246276063,203.4906522876803,204.45255561716354,13180000
2021-04-01,208.59835815429688,209.44483778726655,204.21208128796334,205.63569411638315,6138400
2021-04-05,210.69528198242188,212.10928093788183,209.03119346518898,210.27205688037816,10440500
2021-04-06,210.32015991210938,211.04158741879738,207.1362621976566,209.32940064378965,7828100
2021-04-07,210.91651916503906,212.6190772644139,210.3105154511217,210.77222487828453,5614300
2021-04-08,212.29205322265625,214.33129817867203,209.80072722350408,211.58986793046807,11042000
2021-04-09,214.04270935058594,214.11966336974453,211.14737125497263,212.58061234152945,5724900
2021-04-12,213.03273010253906,213.45596991302313,210.86844762595638,211.84959312503491,6315200
2021-04-13,212.59991455078125,213.17704784122708,211.83038881937094,212.58067237118829,4764000
2021-04-14,213.52330017089844,214.60064189676143,211.68607593892003,212.58063900356353,4972600
2021-04-15,217.65943908691406,218.95801418343297,215.3316352735609,215.36049119326336,8698100
2021-04-16,217.78451538085938,219.12156029300047,217.15926947041095,218.51555655698334,6829400
2021-04-19,217.18814086914062,218.90995600520287,216.50519774169217,217.1496711950155,6541600
2021-04-20,214.7737579345703,216.79376064418787,213.3693873994852,216.21661281930318,5799100
2021-04-21,218.78489685058594,219.1888944645804,214.37937809205715,214.80261788123588,9490600
2021-04-22,218.9003448486328,222.1323259026894,218.2462429609215,218.64062684340334,7303000
2021-04-23,221.23776245117188,222.98843352967143,219.0350103179013,219.90071743041398,5345200
2021-04-26,221.56483459472656,224.07540315736725,220.77608140711513,221.9784607057461,5650000
2021-04-27,221.15121459960938,222.3535938516918,220.26626523137446,222.22854171268128,6642100
2021-04-28,224.5563201904297,227.2688945143309,221.88223021752984,222.15156196462195,10111400
2021-04-29,227.83641052246094,228.45202803195315,224.26774291069202,226.26850348591145,7411400
2021-04-30,224.662109375,226.9418152655698,223.44048819950416,226.3550684030832,10260200
2021-05-03,223.74832153320312,226.7590834827427,222.57479836272668,225.1334645985182,8174400
2021-05-04,223.19039916992188,223.53668491033687,221.45897046784688,222.77678783753962,5884500
2021-05-05,220.47784423828125,224.94107460663818,219.94879453004833,224.94107460663818,6523200
2021-05-06,222.50747680664062,222.75756637895577,219.94881052438163,220.88185789289352,6124100
2021-05-07,223.27699279785156,224.3350923154233,221.92072027848388,223.48861270136592,4528700
2021-05-10,217.3612823486328,223.1615578725884,216.58214305100879,222.77680243690315,9627400
2021-05-11,216.88995361328125,217.7941450705107,213.58100388787975,215.21625125222047,7633300
2021-05-12,212.2246856689453,216.42819751953218,211.9168696317288,215.11039496920574,7721300
2021-05-13,215.5288543701172,216.6462717541884,212.78344212663117,213.3806837197381,6650100
2021-05-14,218.61143493652344,219.1605086211339,216.66556365852074,217.53254299567453,4777200
2021-05-17,218.1297607421875,218.8233382563756,217.05086891958322,217.87929321279816,5534200
2021-05-18,217.2916717529297,220.76917198157105,217.15679559013756,220.00817115591315,6900000
2021-05-19,216.34764099121094,216.598108511336,213.65039683566707,214.58479943275333,9311900
2021-05-20,218.1297607421875,219.2471928149126,216.97380311814024,217.16646027234833,7478600
2021-05-21,218.44766235351562,220.8944391991988,218.23573506387385,218.5536259983365,5603900
2021-05-24,220.904052734375,221.6650535758452,219.2760727216681,219.58432120343411,4040100
2021-05-25,220.61508178710938,221.7421415937521,220.0370956150264,221.46277622101906,4689100
2021-05-26,218.7366180419922,220.9329416692301,218.07193844712867,219.6806482715391,4295600
2021-05-27,218.53433227539062,220.0370785678235,218.0623097814658,219.40129676754873,5969600
2021-05-28,218.9582061767578,221.01002624270424,218.8137022827509,219.2375568537593,5779700
2021-06-01,218.31280517578125,221.63618908519825,217.97564410866372,221.01967733011452,5091500
2021-06-02,221.2316131591797,224.55499719681475,220.38390395118458,220.80775855518212,9081100
2021-06-03,219.7384796142578,221.9348035980574,219.41096096903138,220.59581647899714,6382400
2021-06-04,221.69393920898438,222.2333850464803,220.33568220463425,220.93293840940188,5085700
2021-06-07,222.8306884765625,226.0673641874985,221.6361905126696,224.30453713022078,5421300
2021-06-08,223.5338897705078,224.30453313028323,221.71325236617315,223.63021100373004,4170600
2021-06-09,223.78436279296875,226.23115457846077,223.6013333249043,223.9673922610332,4659000
2021-06-10,225.36412048339844,225.6627412487577,223.61092143889036,224.5453239814129,4452500
2021-06-11,226.3370819091797,226.79946201300888,225.13295633758395,225.78799359310875,5378300
2021-06-14,225.48934936523438,226.58751118443206,223.07147076035793,226.08659088305157,5805800
2021-06-15,224.42974853515625,226.18296251745986,224.08295976386538,225.836173746169,7093800
2021-06-16,221.17379760742188,225.5857009011974,219.63251094931064,225.04625498049816,8905400
2021-06-17,223.63018798828125,224.77651784688487,220.79809708318743,220.79809708318743,6876700
2021-06-18,221.95407104492188,223.65910234150297,220.80774110166627,221.99259659733087,8840000
2021-06-21,225.72059631347656,226.38526135888821,221.94444514922392,222.95591368612014,7298400
2021-06-22,227.2714385986328,227.42557017832823,224.6801730716363,225.70126906422465,8858400
2021-06-23,226.06735229492188,227.2618501959766,225.35451933842708,226.8090977890574,6814700
2021-06-24,227.57009887695312,229.50632744970443,226.77055775618967,228.30220191219286,4611500
2021-06-25,228.6104278564453,229.7278450021025,227.64712758339195,227.72417867029603,7825200
2021-06-28,225.49903869628906,229.6219641755976,223.3508824285131,229.26554764967452,9301700
2021-06-29,227.290771484375,227.83985987661535,225.55682748098513,225.96142666410987,11897700
2021-06-30,225.2388916015625,227.7241935333097,225.2388916015625,226.4815425674361,7797100
2021-07-01,226.5201416015625,227.579778194369,225.46051970755738,225.60500892530308,5329600
2021-07-02,229.8724365234375,230.01692573997772,227.16556407570792,227.17519179054352,4383700
2021-07-06,230.8068084716797,231.77973669688188,228.50452083678,230.71047254099463,8048700
2021-07-07,231.192138671875,232.19396480531432,229.55453062937596,231.44259153053477,4366100
2021-07-08,227.92649841308594,228.36962304546748,225.94210202637953,228.2732871300985,6388000
2021-07-09,229.71823120117188,230.66226141026567,228.70676291345882,229.9975818298029,5615900
2021-07-12,229.14027404785156,229.75678574980984,228.5623025953398,228.8609233839573,7010700
2021-07-13,233.45587158203125,233.5810906462307,229.50633382968206,229.50633382968206,8079200
2021-07-14,236.96229553222656,237.7521942996699,233.90863470791672,234.2939490287965,8693400
2021-07-15,239.42835998535156,239.66918512822582,236.30726084213305,236.30726084213305,10135100
2021-07-16,239.01414489746094,241.2682795171492,238.43617334530575,240.81552705028713,8674500
2021-07-19,231.5870819091797,235.47880954869652,230.13248871443497,235.03569954011957,11474600
2021-07-20,233.79299926757812,235.24759224849228,230.72006870381585,231.80860283674411,7072300
2021-07-21,234.7178192138672,237.83890363747784,233.40772985741327,234.36138800960538,11241400
2021-07-22,235.18014526367188,236.34574514672556,234.22647263208248,234.83335655207543,10293600
2021-07-23,239.8810577392578,240.8347156803828,237.7039895367932,237.7039895367932,6766000
2021-07-26,241.06593322753906,241.17189686306355,238.60951418496137,240.06410724523346,4879000
2021-07-27,241.72096252441406,243.39711051342238,239.11042666949612,240.04482923420335,7038300
2021-07-28,237.87742614746094,242.27007404473457,236.88522781534866,240.8732912693259,9036500
2021-07-29,238.82147216796875,241.19119800407694,238.03157335513268,239.0045016254844,7495300
2021-07-30,237.34759521484375,239.34163418435347,236.97190863057648,238.13750863236882,5804700
2021-08-02,230.9801788330078,238.73475033174543,229.62192168192246,237.2031061565036,9989500
2021-08-03,228.38888549804688,232.5310801068382,225.44118866212483,231.79897710341362,9839000
2021-08-04,227.98431396484375,228.83202305786747,226.42377195159398,228.30220487472766,8171800
2021-08-05,231.39443969726562,231.43296525314463,227.75314996768086,227.92655171613745,5337500
2021-08-06,232.5407257080078,233.69669802174855,231.05724946361178,231.19211094037504,4509700
2021-08-09,231.192138671875,233.29212687605371,229.3137054849261,232.8779146830241,5226900
2021-08-10,229.33297729492188,232.48295962430353,226.9150834196712,231.68341837500714,7185700
2021-08-11,226.4333953857422,229.61228972571413,225.97101529773838,229.34256678281207,7375700
2021-08-12,223.5878143310547,225.82572529304244,222.84507234213154,225.61350909082506,9867000
2021-08-13,224.41734313964844,225.01541356709743,223.2115761665817,223.79035020118778,5445400
2021-08-16,227.031494140625,227.14724308128615,222.0540836284657,223.99296669756703,7575900
2021-08-17,226.23085021972656,227.33050925060743,224.96720862586238,226.68421983690732,6850500
2021-08-18,223.43348693847656,226.05723750795084,223.279145206428,225.64244594292512,4996500
2021-08-19,223.37559509277344,224.20514872062034,220.80006363592622,220.9351089612544,5761300
2021-08-20,223.1729736328125,223.94466735473986,222.15048570676302,223.66492120510986,5522200
2021-08-23,225.8546600341797,226.34660774179477,223.79038722354363,224.46561389639888,6342000
2021-08-24,225.9511260986328,227.8321199340649,225.6713798735362,226.72280530990113,5081800
2021-08-25,224.35951232910156,226.6842350379695,223.86756460716254,226.6842350379695,5277100
2021-08-26,222.36276245117188,224.39809802203575,222.00584536019136,223.9157911542371,5889100
2021-08-27,224.45594787597656,224.80320937146234,222.08299187035115,222.84504488045076,6369000
2021-08-30,223.047607421875,225.40126705390853,221.7839659109478,224.45594980982222,6448000
2021-08-31,220.9929962158203,223.6360282339994,220.56856384882724,222.73894459190294,9405100
2021-09-01,221.9768829345703,222.61353146033545,220.6746633705989,220.99298763348145,8177600
2021-09-02,216.24710083007812,222.39170035308123,214.1056718719566,222.27593669565266,19708800
2021-09-03,217.14418029785156,219.25668655568143,215.44646556514573,216.07345855287628,11532000
2021-09-07,218.26316833496094,219.9319460852983,217.86767314500563,218.7165379978193,9662600
2021-09-08,220.9833526611328,222.0733708702171,219.0058915996082,219.33387144935736,10652600
2021-09-09,219.4399871826172,221.86116239519183,219.0637884090484,221.19557655299224,5853000
2021-09-10,216.95126342773438,221.89972153178158,216.86445173020502,221.71645729883178,6715400
2021-09-13,216.68115234375,219.1602015809261,215.50432260321446,217.5492986748437,6808100
2021-09-14,215.13778686523438,217.8194117055673,214.4143266086229,217.03807698344076,6575700
2021-09-15,215.89015197753906,216.88370273677566,213.5268517707999,214.64580699906995,6535800
2021-09-16,216.3917694091797,217.2309785263237,214.8676781636888,215.93839984228146,5928500
2021-09-17,213.903076171875,215.78406983931478,211.5397756810488,214.57830278084876,13787400
2021-09-20,212.26324462890625,212.6973178440042,208.65558414311104,209.2825918705519,8822600
2021-09-21,212.37901306152344,214.30824061139657,211.23112031433485,212.93849081724724,7033600
2021-09-22,214.86767578125,216.16991000685226,213.27606925558965,213.56544155564774,6005900
2021-09-23,220.23094177246094,220.60714051010456,216.4207207693861,217.0380729213868,7952700
2021-09-24,223.39483642578125,223.74209787374696,220.52993315977264,220.82896098908097,6461200
2021-09-27,221.47531127929688,225.0733162569392,220.6746801425,223.52028761208496,6881100
2021-09-28,217.57827758789062,220.7711467819589,216.07348247566344,220.7711467819589,6951400
2021-09-29,218.6586456298828,220.91585307218244,218.0895270294853,218.77440929284577,6432700
2021-09-30,214.86767578125,220.69393535083793,214.75192686122676,219.52676115704307,7128500
2021-10-01,222.30487060546875,223.3659368003845,215.56221582190517,216.23744244027634,7925400
2021-10-04,216.77764892578125,222.17949193814854,212.99636470465936,221.86116762703182,10283400
2021-10-05,216.34356689453125,219.33387535484724,215.9963053618419,217.50110043054994,5814000
2021-10-06,218.4946746826172,218.60078279332544,213.42081120429378,214.18284965840638,5420900
2021-10-07,222.39170837402344,222.98012336447923,220.40460635607582,220.80974237459384,6561900
2021-10-08,222.12159729003906,224.4945387117766,222.0347708721029,222.82576115857327,3735200
2021-10-11,217.14418029785156,222.1698239128024,216.91266772204955,221.8707813161612,5620200
2021-10-12,216.1217041015625,218.21491408050363,215.03168590209785,217.57826550105506,5448200
2021-10-13,214.58798217773438,217.86766305359455,210.89350973388446,215.23427162661352,9076000
2021-10-14,217.21173095703125,217.66510062583586,215.16675438716445,216.18924267209783,5590500
2021-10-15,222.81614685058594,222.91259939923512,218.70688264456157,219.17954870510965,6355100
2021-10-18,222.4881591796875,224.52349481414592,220.06698392646948,222.0347895322841,5580200
2021-10-19,225.25657653808594,225.37232546239397,222.51706267249816,223.74212609048914,4409700
2021-10-20,223.2309112548828,225.52669667958688,223.12480315410644,225.19873153858276,5401800
2021-10-21,222.09263610839844,222.66175458846345,218.29205624561078,222.53635011295125,5982200
2021-10-22,223.047607421875,224.5813542928057,220.61679165136732,222.14086824702574,3788000
2021-10-25,225.6038360595703,226.54915327711348,224.070089231705,225.1890445530295,4938700
2021-10-26,223.61676025390625,228.5748741996656,223.14409423101756,227.19546892245515,7814500
2021-10-27,208.1443328857422,216.79691853144516,208.0285839573993,216.79691853144516,22958100
2021-10-28,202.41455078125,212.20538941756993,201.61391958265799,211.49156992610716,23199400
2021-10-29,204.27622985839844,206.10898984374765,201.1605172769348,201.806821353106,14329800
2021-11-01,204.9418487548828,207.63311470614408,203.96757942377786,205.93539976389064,13210300
2021-11-02,201.7393035888672,205.80033364069217,200.4660211904749,205.61705468725742,14688700
2021-11-03,200.7361297607422,202.71357619778175,199.41459889798577,202.26986210980877,11486700
2021-11-04,201.3920440673828,204.8453628274966,200.51424208111715,201.75860197787546,11368200
2021-11-05,209.0028533935547,209.92888904302546,203.88075688440372,204.4498754479011,14273600
2021-11-08,212.68768310546875,213.76804575515553,210.43047582832003,210.64269202291382,13500100
2021-11-09,205.83892822265625,212.61052089192324,205.38555858110985,211.915997812058,11535000
2021-11-10,208.2981414794922,209.64131411263668,206.14327058129905,206.3558603285374,10063600
2021-11-11,203.331298828125,209.47704160877151,203.08006310327397,209.17748735170986,13546900
2021-11-12,204.94508361816406,206.38489363118106,204.3073142369821,204.3749631462359,7660500
2021-11-15,205.14797973632812,209.10984891504893,204.6744816885782,206.4235035309503,9596900
2021-11-16,207.93096923828125,208.3851369708326,204.52956226628783,205.01271817370431,8719600
2021-11-17,198.15187072753906,200.32607200738434,192.74053416677182,199.011887532888,38379600
2021-11-18,196.4801788330078,200.86722788984696,194.48957889663265,199.5433854504562,18292200
2021-11-19,194.0933837890625,196.64444628622908,193.11741420405568,195.2336246065112,18032600
2021-11-22,188.9912567138672,194.90507999565193,188.04427531296804,193.26235294457254,21185800
2021-11-23,191.80323791503906,192.21874491897955,187.83169575633138,190.33443982428207,14742700
2021-11-24,196.4028778076172,197.0792931340197,190.98186789679045,191.49401198283437,12026800
2021-11-26,190.9915008544922,192.47962912368615,186.06332005075973,186.80738418535668,10987600
2021-11-29,189.67735290527344,194.47026632958287,188.77868993213684,194.2286883589871,14633500
2021-11-30,187.24220275878906,191.00115429095683,186.07295923573665,188.6916701580015,16023000
2021-12-01,183.75384521484375,190.1798124298293,183.69586886922536,189.4260904472963,13204900
2021-12-02,191.60995483398438,192.72122221893326,185.38691940621015,185.53186027415035,13976300
2021-12-03,189.70632934570312,191.7838937049186,187.5031249962471,191.59063430436902,10660500
2021-12-06,195.85206604003906,197.34019445005308,191.07849819471863,192.07379815640112,10722100
2021-12-07,200.38406372070312,200.9348684979949,198.9539264532264,199.06022133596267,11897200
2021-12-08,201.9495086669922,202.42299201300267,198.78000713822647,200.66431220186035,11749200
2021-12-09,204.26864624023438,205.05135642155594,200.19080935592538,201.49533615462641,10176800
2021-12-10,206.21095275878906,207.0323237684891,203.75652703004022,204.76148491443558,8882700
2021-12-13,203.9111328125,206.13365303930559,202.90616022110586,205.2929516947309,8844300
2021-12-14,202.90615844726562,206.18195503402558,201.42770249406638,203.63089233588286,9832300
2021-12-15,205.1576690673828,205.33161286981675,200.85758423032104,202.34569801015013,10892500
2021-12-16,207.1482391357422,208.9842402544693,204.48122409101614,208.03724415065088,8548400
2021-12-17,204.74212646484375,206.0273227873702,200.78990042995565,205.63113145404887,11578400
2021-12-20,201.70791625976562,202.70321616421484,199.89124548516074,202.04611651914092,9434400
2021-12-21,208.12425231933594,208.8779743876379,203.2733626723872,203.51494063645188,6993700
2021-12-22,210.61734008789062,211.5643215848344,206.64579774228847,206.64579774228847,6003400
2021-12-23,209.32244873046875,211.15844992129598,209.32244873046875,211.0811432111272,4798200
2021-12-27,210.29844665527344,210.7719300116737,207.6410891433191,210.34675045060126,4818400
2021-12-28,210.7042999267578,212.32769674252646,208.31750849936694,208.7330155136118,4279800
2021-12-29,210.8202362060547,211.5643003943588,210.00853786140334,210.42404484327938,3223100
2021-12-30,210.5303497314453,211.76722767104525,209.83460404732685,210.62698681053047,3812800
2021-12-31,209.40943908691406,210.6366444708847,208.23053749770358,209.50606142118247,4723300
2022-01-03,213.9704132080078,214.57919435580757,209.69931685308612,210.19214530406606,7694500
2022-01-04,214.96575927734375,219.14987697524975,214.33764767353398,214.52124930011297,10629300
2022-01-05,212.58859252929688,217.6810597606871,212.51128581718922,215.13965504985853,9594600
2022-01-06,212.34701538085938,214.4342523813629,210.2211323965307,210.46271034349414,7877500
2022-01-07,209.65097045898438,212.78181059492792,208.3754320741594,209.98917067090386,10702100
2022-01-10,204.82908630371094,206.98395720385034,199.5433602780257,206.77136745641997,11978600
2022-01-11,207.15792846679688,207.70871852569937,201.7079305028905,204.29763905021753,8803100
2022-01-12,208.44309997558594,210.2500981074937,206.6070989279733,207.25452598729456,6923300
2022-01-13,207.7570343017578,213.05241876845463,207.42849183276425,209.54471700643947,8867700
2022-01-14,207.43817138671875,210.8975697177824,206.5105202305867,206.9550154423481,8838100
2022-01-18,208.44309997558594,209.60267104817245,207.10958513250105,208.60737119260062,9099300
2022-01-19,207.4477996826172,210.878209348533,204.96438614915232,205.82440301798218,9399800
2022-01-20,207.12893676757812,212.2020736328257,206.73274539745745,207.48646740928584,8532700
2022-01-21,198.99258422851562,208.3368324193991,198.88630408422813,208.20154935560362,16200200
2022-01-24,195.05003356933594,195.89072007754223,189.05888889485146,195.36890347298527,16054000
2022-01-25,195.19497680664062,198.46111529528872,190.35376016523844,192.895150084362,12125500
2022-01-26,198.93460083007812,203.75650190583917,196.8087178694416,197.39816864325311,10817600
2022-01-27,199.20516967773438,203.85314177478892,198.9152879364349,202.44232007322444,12009800
2022-01-28,220.319091796875,220.4350444952908,208.81998720186712,213.20703631399297,26425300
2022-01-31,218.55078125,218.7537132558142,214.56958056512883,217.9516725338594,12380600
2022-02-01,224.53219604492188,226.70639745555215,218.79230196169848,219.25612746743712,12247200
2022-02-02,227.48915100097656,227.90467279487652,222.261399962077,223.50795059902708,10590500
2022-02-03,223.73980712890625,225.62412676158854,222.78316797143322,225.1892746957409,9968000
2022-02-04,220.6959686279297,222.46432112924242,217.37185341746743,220.8022635240113,10848100
2022-02-07,219.50738525390625,222.17440043150705,218.3961178713453,220.31908360212205,5984500
2022-02-08,220.26109313964844,220.80222533711387,217.17855643114373,218.63768180250563,7542000
2022-02-09,223.09237670898438,225.29556619798115,222.36764293642634,222.37731549003144,7772800
2022-02-10,218.34494018554688,222.56491486496603,217.64806254903823,220.70657942385537,6794600
2022-02-11,217.4738311767578,221.74220262845407,216.3607558544551,219.95161154447004,7535200
2022-02-14,218.10296630859375,219.96130172511752,215.6542210903043,216.118801252251,8280800
2022-02-15,220.5033416748047,221.9261175785725,217.68679566851887,219.97100251693897,9461700
2022-02-16,221.47119140625,222.49714593240662,218.35460420298048,220.19357762510248,9561300
2022-02-17,217.39637756347656,221.46148650717612,216.97050633503224,221.06465061078626,8131200
2022-02-18,215.53807067871094,218.49011956340675,214.71536344619793,217.38673249471972,8121200
2022-02-22,214.21206665039062,217.1350653241275,212.8570203619579,213.9216985336739,9928800
2022-02-23,209.01455688476562,217.0770327642373,208.50157952162746,215.6832773743002,8669900
2022-02-24,210.32115173339844,210.863164295926,194.980187665953,196.83852278121947,13463400
2022-02-25,212.22787475585938,213.59257962399653,207.36909417825748,210.31145429052515,8463600
2022-02-28,209.17906188964844,211.627806953465,206.39156632507337,209.0629205486725,8409400
2022-03-01,202.25869750976562,208.24021285609166,200.62297137400253,207.59173242256912,9317800
2022-03-02,201.784423828125,203.7782622249342,199.5679762778455,200.2551655507821,8865700
2022-03-03,200.5745849609375,204.70745352431058,199.92610449270703,203.78796673409533,8610000
2022-03-04,193.85748291015625,199.74221949494202,190.5376478269461,198.41622312008687,10912300
2022-03-07,184.57546997070312,193.7510058633738,183.94635129822484,193.4219288583463,13412400
2022-03-08,185.55303955078125,190.1117647093086,180.67489614605037,183.9076250119414,11070900
2022-03-09,193.34451293945312,194.06075245478524,188.96968765725597,190.18921624621098,8457600
2022-03-10,191.61195373535156,193.51868596969211,189.99558958970843,190.5763109983688,7061600
2022-03-11,190.3924560546875,194.38980667824765,190.15048507004457,194.30270066827305,5432100
2022-03-14,193.8961639404297,197.86447866971218,191.7958578611082,192.04750233303102,7994700
2022-03-15,199.51959228515625,199.7809250809075,194.9318171506571,195.59965942383437,8277700
2022-03-16,205.06556701660156,206.80776107402895,200.3519769231966,203.2556287626632,9232300
2022-03-17,206.59475708007812,206.68186306194946,202.0166716629221,203.18780258025566,6668500
2022-03-18,212.0730438232422,212.2182205020507,203.53630065962597,204.90102051537193,14620800
2022-03-21,210.06951904296875,211.05676477447392,207.65949753938688,209.39200325418543,6101500
2022-03-22,211.45358276367188,212.51826089041984,210.20500434514605,210.8438112211948,6259900
2022-03-23,207.78533935546875,210.31151729958165,207.3207591498671,208.38543750514012,6008000
2022-03-24,210.33087158203125,210.66963689259467,207.12717787601247,208.08538836143688,5487000
2022-03-25,211.4148712158203,211.89881316130584,208.76287880655067,211.4051976936556,5051400
2022-03-28,213.67974853515625,213.8829958986896,210.52443733589928,211.48264778448288,4316800
2022-03-29,220.79367065429688,221.46151290863435,216.5930580706572,217.6190126421812,8032500
2022-03-30,216.75758361816406,218.8966134087672,215.57676414857534,218.5868834901113,7084000
2022-03-31,214.64759826660156,218.6643102003175,213.36031101753187,216.71886904457244,10759500
2022-04-01,219.09022521972656,219.35155803782274,215.09285953014287,215.91556684660887,6559600
2022-04-04,220.42588806152344,221.8777139336459,217.7351719600221,218.50946727683154,8521200
2022-04-05,218.82888793945312,221.63576037406673,218.07393960811442,219.5451274094037,4658000
2022-04-06,211.9762420654297,215.71227441224136,211.59876794507437,215.6251684080215,7430000
2022-04-07,209.20806884765625,211.65681357932215,206.81739477860157,211.29870131406375,6995100
2022-04-08,210.0114288330078,212.36339421444083,206.23668781186242,207.91112269880793,5438600
2022-04-11,207.8530731201172,210.32118008530247,206.5561122037015,208.33701508314425,6942700
2022-04-12,204.61065673828125,210.02113912709015,203.9331409415459,209.54687068500704,7446600
2022-04-13,206.42059326171875,206.9819676681554,200.51649585672612,203.6717918976608,8052900
2022-04-14,205.9560089111328,209.01452558450603,205.70436441347664,207.38848771890687,8191600
2022-04-18,206.3237762451172,208.89835055250768,204.72677397261987,204.87195062694366,4744400
2022-04-19,208.77256774902344,209.55655139561864,205.61727134814697,206.25607830786797,5028800
2022-04-20,210.79541015625,213.72811171108395,210.4082625366684,211.63747912037925,7178300
2022-04-21,209.49847412109375,216.72856827440634,208.43381065716915,212.46019658992316,8850300
2022-04-22,201.484375,209.60491973816042,201.2714393760268,209.29520459248542,6201100
2022-04-25,203.2072296142578,203.76860406995203,198.73561055142682,199.72285630238812,6839400
2022-04-26,194.64149475097656,201.8619017304696,194.64149475097656,200.332643109028,8155300
2022-04-27,207.233642578125,214.67667285613362,206.20768790732444,210.3889390823072,15955800
2022-04-28,213.57325744628906,217.70611092120436,212.22789946310806,213.32159818910256,10799100
2022-04-29,206.28509521484375,214.0959104143063,205.53014697307373,211.59876824201467,7965000
2022-05-02,204.7364959716797,205.3269057869526,200.31327388737066,204.96879344233602,8803700
2022-05-03,201.8618927001953,206.74971004821384,199.6454447503451,206.74971004821384,6616900
2022-05-04,207.6304931640625,207.90149951998683,198.73563626920333,202.62653433460048,7191100
2022-05-05,198.6484832763672,207.68851473549026,196.54817713021558,205.45270544341713,7749600
2022-05-06,196.30624389648438,199.11310164514595,193.78973953864167,197.206368945499,8825300
2022-05-09,186.80157470703125,194.30267420951566,185.91112337704902,193.6251584985221,10314100
2022-05-10,187.36294555664062,191.39901918257883,184.83676827781775,190.39242654074678,11016500
2022-05-11,190.40213012695312,191.95075034063294,185.25298046989406,187.27586913158834,9427300
2022-05-12,188.09901428222656,190.12575165675173,184.20068548755967,188.64206211492768,9308600
2022-05-13,193.19981384277344,194.47016112923788,190.55244809633527,191.0373143764786,6684500
2022-05-16,191.82276916503906,193.88830397116087,189.9511926820206,191.34760974548647,5161300
2022-05-17,197.82545471191406,198.60124376821264,194.09197820175905,196.71026811638492,7265600
2022-05-18,193.93679809570312,199.24123578351052,193.10282759642416,196.68114270615658,8748200
2022-05-19,191.39608764648438,194.35377455867018,187.4589762932225,190.40697120787232,9012400
2022-05-20,193.00587463378906,195.55627605976326,188.14751972431333,193.62650289446228,6966600
2022-05-23,201.2776641845703,201.66556604125228,194.69318738491185,194.79985854588153,12187400
2022-05-24,196.4969024658203,198.47515026780795,193.00585952473185,197.7381588899976,7458500
2022-05-25,197.6702423095703,198.7466458297522,194.40224896496537,194.51861211408504,5457200
2022-05-26,202.2377166748047,203.39170072211115,198.47514982414705,198.90183449343115,9212300
2022-05-27,206.43666076660156,206.77605826578898,203.29472211791338,203.64382641221206,4897200
2022-05-31,205.7481231689453,207.86214751217076,202.78074436885268,204.0123086697927,9586400
2022-06-01,203.57594299316406,207.62943266442448,202.4995540895455,205.6317860194212,5246100
2022-06-02,208.5409698486328,208.7349133825148,204.69113077345537,205.4766117036905,5337200
2022-06-03,206.2135772705078,207.72637215832216,204.87535669616545,206.5044999334314,4352500
2022-06-06,206.49484252929688,210.99440077254022,205.67056397908553,208.9288657963958,3965100
2022-06-07,208.007568359375,208.4633437022393,204.34198162518877,204.72986860778227,4493300
2022-06-08,207.03785705566406,209.0452101259019,206.38813815575935,207.28998214016784,3646300
2022-06-09,199.87156677246094,207.2415397135684,199.78429439846298,206.15542924835594,5138600
2022-06-10,193.47132873535156,197.2629864201623,193.15131522977723,195.5465557255159,5162500
2022-06-13,186.4407501220703,189.96088354886223,185.29647296667187,187.14866544391086,7119200
2022-06-14,187.66262817382812,188.45780108971732,185.94619759137908,186.88683925317173,6441200
2022-06-15,190.22271728515625,192.81190110123137,186.4116611355351,190.04815775310286,6490000
2022-06-16,183.3279266357422,186.06256451005595,181.8539291364063,185.6164958596019,9887200
2022-06-17,184.25888061523438,185.5195359177883,180.28298594957326,181.2721025188717,15089300
2022-06-21,188.50628662109375,190.77545695777627,187.8662596655343,189.78634053221268,6241600
2022-06-22,187.95358276367188,190.44578789275178,185.24802047833913,185.46136283764656,5138500
2022-06-23,190.68820190429688,191.48338967224322,187.5947528018245,190.20333564489854,4752800
2022-06-24,199.2897186279297,199.41578858661043,191.53185871046273,191.74520104194855,7754800
2022-06-27,197.3987579345703,200.8219126943515,196.4775149601462,199.52247461266091,6121200
2022-06-28,192.12339782714844,200.5309768117313,191.5221684132276,197.82542965214395,4354200
2022-06-29,193.4616241455078,194.5671185487473,191.34761450299177,191.34761450299177,4324600
2022-06-30,190.93063354492188,192.83131577759517,187.01292071019307,189.4566359847024,7045200
2022-07-01,193.15130615234375,193.75255034529246,188.81661562731833,190.83364614235808,4131800
2022-07-05,194.47015380859375,194.4992593974957,188.26387157516635,190.29060899860423,4110200
2022-07-06,195.03260803222656,196.3805357008225,192.65676621596035,193.9465122983779,4111200
2022-07-07,196.6617431640625,197.2726645436056,193.98527214093772,196.40960325785923,4650700
2022-07-08,197.40843200683594,197.9223889956958,194.39256364734817,196.19626650538495,3621800
2022-07-11,198.85336303710938,200.48252148681078,195.885983671771,195.885983671771,5353600
2022-07-12,198.62060546875,201.8207106832831,196.62294421286362,197.09811843537597,6779500
2022-07-13,197.97085571289062,199.3478886877479,193.4616061499761,194.36345014378236,7597300
2022-07-14,199.67759704589844,199.8424497741462,191.9876116116391,193.94647515383653,5605500
2022-07-15,203.6825714111328,205.30203741820262,200.90913636459746,203.03285252780745,7245700
2022-07-18,200.9382781982422,206.4657504988276,200.38552356971178,205.09842412009382,4648900
2022-07-19,207.1930389404297,207.6294155837984,201.60737055509287,201.9176920418084,4927100
2022-07-20,206.9117889404297,207.64879500415154,204.81717828828,205.5832603421081,4460300
2022-07-21,209.64649963378906,210.33500151475542,206.29121822354782,206.69850415248825,4801300
2022-07-22,207.2318115234375,211.4695521856855,205.6996325513474,211.3337754442261,5071500
2022-07-25,207.78460693359375,208.29856402434666,205.21480668288416,208.08522167004034,4357200
2022-07-26,206.05848693847656,208.63796442679404,205.34087948256987,207.37732387555528,6141000
2022-07-27,204.099609375,210.28650773030125,195.110184564146,204.39053209709792,17432200
2022-07-28,204.9530029296875,206.28153193445632,201.62681222251274,204.2644862327159,7477100
2022-07-29,205.68995666503906,207.67791120591838,203.47896779718542,205.58328550049598,6059700
2022-08-01,204.96266174316406,207.51306295257987,201.27767528465114,202.14073661756828,8028400
2022-08-02,200.0170135498047,202.5189250932159,197.75753512342624,201.51040983701463,9939400
2022-08-03,202.16983032226562,203.9638413914701,200.61826717844107,201.694670860575,9520100
2022-08-04,207.00880432128906,208.3761307395811,202.23772205028035,204.15778831615046,6789700
2022-08-05,209.33615112304688,209.4137314990815,204.12869230612637,204.33234264283524,5553700
2022-08-08,206.86337280273438,210.0731854571041,205.63180821312767,208.71555088992352,4063400
2022-08-09,203.8959503173828,206.9893993628414,203.4013920688113,205.58329019589033,4596800
2022-08-10,205.6802520751953,208.33730943432985,204.9141551775753,208.32761743703503,5746400
2022-08-11,205.05368041992188,207.40458778607248,204.57766455424223,207.20057675130934,6639600
2022-08-12,205.29653930664062,207.132579294454,204.1016599045783,206.91885909920364,6443700
2022-08-15,210.2412567138672,210.5521279021613,204.36397986567425,204.36397986567425,5290600
2022-08-16,210.940673828125,211.39725656034307,206.0737141702189,208.42462163017575,6564400
2022-08-17,208.39547729492188,210.00807317746998,206.67600648647897,208.86176918727602,4902500
2022-08-18,209.10462951660156,209.83321707589286,206.3651331785534,207.76402366409698,4516400
2022-08-19,206.74398803710938,209.08517118003903,206.32625684539283,207.99715196595886,4178800
2022-08-22,202.65420532226562,205.21883298534576,202.25590722495056,203.9462357300167,5139500
2022-08-23,200.8959197998047,203.32454548688366,200.6336240751168,202.06165716497165,3525500
2022-08-24,200.7696075439453,202.40165155944229,199.80786652642996,200.73075605881243,4230800
2022-08-25,203.82968139648438,203.91710835406118,200.60445972311066,201.46904977983863,4495000
2022-08-26,197.09750366210938,204.2570859183539,196.91292577752395,203.78108487195118,5060200
2022-08-29,196.5535125732422,198.1369810768201,194.8923262781169,195.50434462208196,4476200
2022-08-30,195.630615234375,198.5741076913257,194.49402045801148,198.09809183189768,3918200
2022-08-31,193.03684997558594,197.3695089878018,192.96884135555771,195.2614641142028,6559000
2022-09-01,194.41632080078125,194.70774398356826,191.04538763711918,193.0465725490713,5608300
2022-09-02,192.11392211914062,196.69916671918062,191.22991399767622,196.66031524633058,4508100
2022-09-06,192.96888732910156,194.32891182216548,190.79283331704406,192.2500087695362,4547800
2022-09-07,194.6980438232422,195.3974891405856,191.58940620346777,193.03687231191662,4098300
2022-09-08,194.97975158691406,195.36832568867266,191.33681379610778,191.76423937878153,4377600
2022-09-09,199.34156799316406,200.50730520957322,195.60149380622002,196.3009391006961,4885600
2022-09-12,200.73072814941406,201.27473780455668,199.09868436083482,200.60443489977334,3812300
2022-09-13,193.96942138671875,197.66093438304566,193.1922584154156,196.28147714997917,5217900
2022-09-14,193.71685791015625,195.14489066863925,192.4053944141939,194.2900098817511,4632800
2022-09-15,189.7921905517578,194.59115614585093,188.976176071499,192.43453586005887,6099300
2022-09-16,187.78128051757812,188.2864386480267,182.8463129345116,184.78921285745983,9398200
2022-09-19,187.6161651611328,188.45161285165764,185.26525766527283,186.12012368539766,8133600
2022-09-20,186.58642578125,187.5190095660843,184.85723098486378,185.6441180087047,5292500
2022-09-21,181.6805877685547,187.57728171040227,181.66115461757855,187.0332720682784,6705900
2022-09-22,180.4857177734375,181.86519003789817,179.38798917804263,181.0297423116805,6604700
2022-09-23,178.70794677734375,179.31024102805497,177.02732762108428,178.23193094565718,10755800
2022-09-26,175.43417358398438,179.23254711010748,174.7638706295918,177.81422341295695,9914600
2022-09-27,172.79180908203125,179.5725408459551,171.96608546480903,177.29933654976773,9799600
2022-09-28,174.06439208984375,174.95813907365374,169.8385937700849,172.19920999501127,9751000
2022-09-29,174.91929626464844,177.0370651135695,173.6272658999192,173.7244168356423,9105200
2022-09-30,172.5780792236328,177.69762465616236,172.52951858422068,174.91927718151794,9472300
2022-10-03,176.46389770507812,178.12508383208024,173.06382249054366,174.21985043518964,8842300
2022-10-04,180.34970092773438,180.89372542248876,177.84337277258712,179.76683977522526,7081400
2022-10-05,182.31204223632812,183.42921876818718,177.1536444709823,178.10566143807196,6119900
2022-10-06,180.29139709472656,182.68117055265606,179.9611076611636,181.3211316953347,5163000
2022-10-07,178.58164978027344,179.33937957109097,176.73588594321387,178.2124940482315,5610300
2022-10-10,176.97877502441406,179.5045512553699,175.73532006173957,178.87311460920714,4743800
2022-10-11,174.02557373046875,176.45419902804878,173.10269908201883,175.22045322639542,6294500
2022-10-12,173.15127563476562,175.4341745348671,173.13184248178084,173.976999347212,4884300
2022-10-13,179.38796997070312,180.077691205931,169.61518482959323,170.0037589207229,8426400
2022-10-14,177.4062042236328,181.7874534565967,176.87191855213607,181.45714917244504,6449400
2022-10-17,179.9611358642578,183.1863573980989,177.629661490824,180.68972345884995,13952100
2022-10-18,181.82632446289062,184.76010809325723,180.43715785077438,184.0800959466565,5209200
2022-10-19,181.0880126953125,182.28289214141515,179.48511117185595,180.19428040184818,4927000
2022-10-20,181.8748779296875,185.527524748875,181.10742409604663,181.13658123458666,5706700
2022-10-21,184.93495178222656,185.49839462201692,179.76684493063775,180.49543250953266,7582500
2022-10-24,185.26524353027344,187.6161508467686,183.70120837396308,185.94525559320158,7299200
2022-10-25,188.83047485351562,189.6561985431905,185.27496393613305,185.42067552161916,11907200
2022-10-26,197.5249481201172,200.47814986467733,190.88994224203563,190.96766002783352,15450000
2022-10-27,198.45753479003906,200.42959213414713,195.83462247960458,197.51524182851946,7946700
2022-10-28,203.3633575439453,205.4811264404876,197.50551470838707,199.14726772622464,8455600
2022-10-31,201.24559020996094,203.63534896424312,200.3129916662148,202.9553369131527,8674100
2022-11-01,201.02215576171875,203.97537227389313,199.4678445444469,202.945637571952,5919500
2022-11-02,195.21290588378906,201.0901822922263,194.85347406947764,199.88557876244985,6985600
2022-11-03,189.1898956298828,193.17284673029874,188.6361619909754,192.61911309139134,8236200
2022-11-04,191.35621643066406,195.6985991070112,189.76303902707735,191.37564958110372,9680100
2022-11-07,194.38714599609375,194.7174354301555,191.5407898602904,192.65796622582903,7821300
2022-11-08,196.01918029785156,198.2923697459048,194.0374288151476,195.90261104097212,6943700
2022-11-09,188.8143768310547,196.01918356527133,188.2302129485717,195.40579737519585,7320200
2022-11-10,200.14735412597656,200.33232970881392,194.743752498194,197.73276240815815,8048900
2022-11-11,199.5924072265625,200.98467883863827,196.81758001284993,200.56602872522865,9601000
2022-11-14,201.40333557128906,203.65239876421953,197.84962318901225,198.13196687531263,5796100
2022-11-15,204.45074462890625,208.09207882729837,202.0361530789329,204.45074462890625,7316100
2022-11-16,204.5967559814453,205.32697187290708,202.72740508205686,203.07790930420973,6125300
2022-11-17,205.42437744140625,205.70672110089276,201.85118880953468,202.47430588976846,5385600
2022-11-18,205.23941040039062,208.52051002510902,204.20737401138632,207.54688854774122,8028500
2022-11-21,200.8775634765625,204.99597761527977,200.45889857201772,204.7525722784904,10450900
2022-11-22,204.78179931640625,204.92783658993426,199.93316870358186,202.06538717851174,5273100
2022-11-23,206.14488220214844,207.21587182670157,204.38262961143553,204.4605211165199,3807300
2022-11-25,208.15052795410156,208.35499499997894,205.8138423639054,206.12540836595005,1993500
2022-11-28,205.687255859375,208.81258715462005,205.0933461988704,206.66087727946226,10229400
2022-11-29,203.54527282714844,204.60651651110265,201.88038867274,203.82763133230333,8986900
2022-11-30,211.27581787109375,211.27581787109375,202.52295721102985,202.72742421670134,13918100
2022-12-01,211.27581787109375,212.88228704142577,209.62066466547978,211.27581787109375,11261500
2022-12-02,211.91844177246094,212.7168036113287,208.58865829991876,210.0393447072162,5132800
2022-12-05,208.04339599609375,211.1882035481981,207.4300246683298,209.96143118010554,9006300
2022-12-06,203.5647735595703,206.53432193889725,202.16275630137767,206.40774639700132,5986000
2022-12-07,202.3282470703125,203.5063354213844,199.718949025837,203.2921375393713,7923800
2022-12-08,203.58421325683594,204.75255580818694,202.26981860139009,203.9833866862861,4896500
2022-12-09,203.1947784423828,204.966776479833,202.045912348348,202.42562409118972,4928400
2022-12-12,208.92941284179688,209.15335646051537,203.94447602348177,204.46049417742688,5941700
2022-12-13,207.42025756835938,214.1771911924989,207.0113384399032,213.74879547994075,14585000
2022-12-14,207.69293212890625,210.57484326369877,206.04750952291883,207.23532886488783,7001700
2022-12-15,202.42562866210938,206.2324918982812,201.36438490254747,204.07105120367274,10831800
2022-12-16,201.43255615234375,202.902719302739,199.884501497411,202.01673500823196,12472900
2022-12-19,199.4171600341797,201.9972510313854,198.57009923848855,201.17941254807698,4893600
2022-12-20,199.94288635253906,201.0820215796078,198.18063403913484,198.50193087594138,5024900
2022-12-21,201.35462951660156,202.4743029856522,200.1570794128864,201.1209699000422,4086900
2022-12-22,199.65081787109375,201.1988724553683,196.7981140720074,200.32261906781642,5690300
2022-12-23,200.40048217773438,200.7996704926079,198.15141925953284,198.74532887113313,3246000
2022-12-27,200.84835815429688,201.42280608847634,199.2029504177245,200.48812297939367,2904900
2022-12-28,199.5826416015625,203.02925456983107,199.3976511720273,201.2280491684732,3139200
2022-12-29,202.5716552734375,203.02925849546753,200.0791869997404,200.5173136350526,3675500
2022-12-30,202.27955627441406,202.55216905036252,200.27389877010077,200.8678083583347,4159400
2023-01-03,201.9193572998047,206.72904976792668,200.72180704416496,203.7595012950695,4202800
2023-01-04,207.0016632080078,207.57609631500836,204.09052963804768,204.09052963804768,6606200
2023-01-05,205.54122924804688,208.51077770456777,204.9083812346848,208.1602733809082,5246000
2023-01-06,212.0060577392578,212.38576948722604,207.46897849492115,208.35497752560815,6829700
2023-01-09,212.8336639404297,216.3484381182697,212.590258567605,213.2912672298429,6294500
2023-01-10,215.25796508789062,216.52367595751207,212.42472307296632,213.21336893507242,10857000
2023-01-11,216.24131774902344,216.31919438708567,213.90461748750178,215.45267193987914,5408200
2023-01-12,217.72120666503906,217.90619710290483,214.7906116807219,216.24131287467912,4264400
2023-01-13,217.1759796142578,217.85751159948774,214.33300700709657,216.05632098540033,4283200
2023-01-17,217.1175994873047,218.48066367610093,216.50421317420364,216.51395889744998,6101100
2023-01-18,213.6709747314453,219.05510028183156,213.6514981422502,218.16910117701238,6558000
2023-01-19,214.59588623046875,215.67660652781026,211.76264452442715,212.34682327942147,4853100
2023-01-20,218.39300537109375,218.50983518054346,214.59588800114835,215.30662743577238,5211000
2023-01-23,218.2664337158203,220.23315306208426,217.2636048834815,218.67536776872183,5501500
2023-01-24,217.98410034179688,223.9329278453307,210.91561414154998,216.16343303028268,5274900
2023-01-25,218.96743774414062,219.03559837030124,215.33583423404116,215.77396087442972,4729600
2023-01-26,218.782470703125,221.0899486604946,217.76989613051106,220.03843576875715,7043400
2023-01-27,225.3349609375,226.69802508652026,221.2554845008311,221.9857006212959,11382600
2023-01-30,223.0566864013672,224.3418590261894,221.9175361993475,224.1276611126716,5677400
2023-01-31,224.13739013671875,224.7118232000451,222.423806956242,222.7743112562228,11294200
2023-02-01,224.80918884277344,226.52277211788993,221.79097123495734,223.31954919965435,5792700
2023-02-02,223.50453186035156,228.1195027613454,222.3459199880401,227.7884750424804,7190000
2023-02-03,224.05950927734375,224.77024877682905,221.63518651604048,222.65749201086882,5243600
2023-02-06,223.3876953125,224.18605713137094,222.02461644532295,222.66721013172284,3402400
2023-02-07,225.21812438964844,226.0067553992048,221.93700995069162,222.00517058425058,4042600
2023-02-08,224.1276397705078,225.74385483450118,223.92318759925425,224.26394617010465,4978600
2023-02-09,223.73745727539062,226.79085121975916,223.52283982429984,226.7225719682573,5238400
2023-02-10,221.64004516601562,224.28373362785376,220.62550219943566,223.3569846430642,4509700
2023-02-13,223.27894592285156,224.205694929791,220.7328161924032,221.3278891143971,4946700
2023-02-14,223.7764434814453,225.75676480456934,221.61076939358082,223.07406189157678,4829400
2023-02-15,223.31797790527344,223.4643161085361,221.2498622905338,222.0205232403374,4407300
2023-02-16,220.30355834960938,222.7716437642136,220.1474702487111,220.53769050095678,3865900
2023-02-17,218.08912658691406,219.2695224997492,216.31367264041523,218.69394943121623,4520200
2023-02-21,215.2210693359375,216.99653815647451,214.60649657030558,214.77233461089716,7276100
2023-02-22,214.63575744628906,216.32341736879033,214.0796991270095,215.0162129174976,4621800
2023-02-23,215.71861267089844,216.6551116547207,213.5724381550912,216.13808276283524,5533800
2023-02-24,214.17723083496094,214.85034771091432,212.13838035952233,213.13340845969879,4414400
2023-02-27,214.95767211914062,216.02099441966865,213.97237898538705,215.3283627601526,4255300
2023-02-28,214.55770874023438,216.34292741579628,214.12847388245362,214.6162380598624,5385400
2023-03-01,213.01637268066406,214.87963541546935,211.13359521080736,214.0894598277722,4792700
2023-03-02,213.69923400878906,214.2260276438394,211.7774420040757,212.5578676466881,5539300
2023-03-03,218.29397583007812,218.53785790951477,214.51867111833957,214.8113325907397,6055400
2023-03-06,221.2010498046875,221.85465200242916,218.21593548336128,218.4500527569517,5737600
2023-03-07,217.70864868164062,221.81562936962183,217.62085470723,221.20104177798635,4386800
2023-03-08,216.75265502929688,217.47453651016517,215.76736183023644,216.52828766784174,4194900
2023-03-09,214.62599182128906,218.87929611974016,214.28456582222847,215.98197566330953,5066700
2023-03-10,210.85067749023438,213.75774753670404,210.2068252662371,213.66995356580802,6638900
2023-03-13,209.2216033935547,212.51889456264624,207.29981101356293,209.37769152963352,6810800
2023-03-14,213.3090057373047,214.48938655643332,210.75311165991963,212.66515353484576,7985600
2023-03-15,211.0750732421875,211.6018669092533,208.44114956300436,209.16304593123522,8372200
2023-03-16,212.128662109375,212.2554855733701,203.65131735198932,209.90445839610305,13674600
2023-03-17,212.07009887695312,213.30902399950304,209.61176336597478,209.61176336597478,18801200
2023-03-20,212.81150817871094,215.15278520033127,211.5335683943667,211.68965650621774,9817400
2023-03-21,216.51853942871094,217.064832986438,213.3285571861611,215.92346647074763,8971400
2023-03-22,214.6552276611328,219.39629550915663,214.538169035501,217.0550336842425,6700600
2023-03-23,217.14285278320312,219.73776177779874,214.86986993173088,215.0454727758806,6427700
2023-03-24,215.63076782226562,215.91367936368778,212.9090504282146,215.269827116362,4791500
2023-03-27,216.38192749023438,218.59638087507972,215.97220739493187,217.14283836513624,7210900
2023-03-28,214.93817138671875,217.8647565489818,213.29927595545286,217.36724243013455,6418400
2023-03-29,217.83547973632812,218.0793618195785,215.51371754046244,216.85018659335265,4483000
2023-03-30,216.91847229003906,218.75247024811657,215.79662070484596,218.44029404870744,5383900
2023-03-31,219.94264221191406,220.3133328862335,217.82573245976923,218.12815877106294,9509000
2023-04-03,223.39599609375,223.55208420499704,218.63541289838642,219.71824998141767,6421500
2023-04-04,222.08877563476562,224.42028766883664,221.27908536212936,223.39597998006155,5254700
2023-04-05,222.5863037109375,222.87896519548258,221.00595253392805,221.23031988841402,4813600
2023-04-06,220.4596405029297,221.1815219006932,219.18168595735497,220.62547852364239,4285200
2023-04-10,220.8888702392578,220.93764963230896,218.83051977507978,220.04016536461523,4952200
2023-04-11,222.85946655273438,223.53258355017834,220.6645275882254,221.44495330823844,4513300
2023-04-12,222.235107421875,225.9226033341452,221.76685798938797,224.30322272695875,4373000
2023-04-13,226.99571228027344,227.14203559031225,223.20090729098118,223.84475962591694,7615500
2023-04-14,228.2931365966797,229.23940023711233,226.55669741607514,227.28834363999437,9781300
2023-04-17,227.76634216308594,228.3224004362537,225.28850684319679,228.29313577823228,4865000
2023-04-18,227.88343811035156,228.59556966793275,226.02017531089783,228.02976141486073,4796200
2023-04-19,226.878662109375,228.33218999467869,226.17628042417982,228.27366066847625,3833900
2023-04-20,228.8589630126953,228.92724225863142,225.83481909229587,226.77133288302412,4925700
2023-04-21,228.32240295410156,229.8052101468536,227.66880077544826,229.24915186755385,6771500
2023-04-24,227.06399536132812,229.39550774804442,225.84458480581995,228.49802336543635,9124100
2023-04-25,223.9715576171875,229.26868447104897,223.81546950359933,227.31762770734255,6076500
2023-04-26,222.56675720214844,227.07370769581325,221.1717589940141,225.56163597934545,8400400
2023-04-27,223.40574645996094,224.0105841708925,221.0644843281572,223.07407038694205,7128200
2023-04-28,227.0347137451172,227.85416889011714,222.47899803618049,223.05455620290894,11627900
2023-05-01,226.82008361816406,228.84918430369132,225.84455530120178,227.1712744076857,4571100
2023-05-02,221.42543029785156,226.68352773649409,220.67428415331833,226.27380759800815,5244000
2023-05-03,220.44992065429688,223.07409463420464,220.3913913274471,221.42544912948142,4093300
2023-05-04,220.07920837402344,220.52794309278917,218.01107808737996,219.33779727894338,5648700
2023-05-05,226.10794067382812,226.65423412202412,221.7278133935609,222.75212105161842,6237500
2023-05-08,226.5469512939453,227.73709710719095,225.59093765040402,225.59093765040402,2938400
2023-05-09,227.55174255371094,228.3614328882176,225.17146583121882,225.42509784904507,4352100
2023-05-10,225.61045837402344,229.0638223778762,223.29844593230044,228.566308250104,5245000
2023-05-11,225.79617309570312,226.2946721046547,223.11802356125446,225.54204658141623,3818000
2023-05-12,226.1577911376953,227.4773128813918,224.63300250174362,226.76379305341962,3432700
2023-05-15,227.5555419921875,227.5750947738968,225.34655491991634,225.9721097049915,2843200
2023-05-16,225.2683563232422,227.83900271511652,224.44731847297135,227.3111820153693,4289700
2023-05-17,227.3991241455078,228.6111429311459,225.34652972757337,227.47732034920068,4990100
2023-05-18,228.32774353027344,228.86531830962554,225.91348929009908,227.15481513865853,6621900
2023-05-19,228.04425048828125,229.05100245813463,226.70517581106702,228.71867975077376,5399400
2023-05-22,226.06004333496094,228.59158383769014,225.9622943544446,228.04422534135955,3987800
2023-05-23,219.5112762451172,224.31046210962097,218.61204225027433,224.0954262723323,8537200
2023-05-24,217.23387145996094,218.06469313209274,215.06397512781615,217.52710351567816,6730800
2023-05-25,218.33836364746094,219.61879482784155,215.51359095570177,217.4293458026464,6827600
2023-05-26,219.9315643310547,221.10449250469955,218.29925768382714,218.7684349190456,5067300
2023-05-30,216.63763427734375,220.3811938254509,214.79029175033332,219.93156936001907,6916000
2023-05-31,216.04139709472656,216.53011219740014,211.2617639871551,214.99555453049382,20460600
2023-06-01,221.38795471191406,221.59322162961305,217.40980638003194,217.703038442001,7003600
2023-06-02,223.62625122070312,225.07285867011237,222.28717660538916,223.64580400093877,5897100
2023-06-05,221.65187072753906,223.17665959148977,220.22481594380932,222.76614065999553,4858900
2023-06-06,223.0691375732422,224.0758895589152,221.0556336018961,221.5736704522171,6020100
2023-06-07,220.18569946289062,222.41423906635612,216.03162122358157,221.87664948780065,8517200
2023-06-08,218.0158233642578,220.05864903652548,217.39026859188488,220.00977454044587,6248200
2023-06-09,218.51429748535156,220.09772966833478,217.7323503268704,218.59249369263983,6385000
2023-06-12,221.0653839111328,221.3390631707209,218.5827177950407,219.34511214880763,8621100
2023-06-13,218.35791015625,222.02327356474393,217.60529960807528,220.52780648723055,6868700
2023-06-14,218.3970184326172,220.38120065592588,217.55642781724487,218.69025049182187,9160700
2023-06-15,221.0653839111328,221.9841706744932,216.37371602413563,217.0090545952088,12534000
2023-06-16,223.74356079101562,224.61347311182317,220.97743141005628,221.33907582782064,13628900
2023-06-20,221.35862731933594,224.38866702462582,221.07516419808914,221.8766641526194,12312300
2023-06-21,222.1210174560547,223.46987593202667,219.90224668101126,221.01651653503984,7032100
2023-06-22,223.2353057861328,223.7631115861874,220.4105328136121,221.25112346881218,6275500
2023-06-23,224.369140625,224.78942851808415,221.28045712853555,222.09172611165522,5424400
2023-06-26,221.1924591064453,224.9066968806183,221.09471011986128,224.26158936372693,5165400
2023-06-27,222.208984375,223.45032494015078,221.40749934381404,222.34582401029525,4628500
2023-06-28,222.8150177001953,222.91275178153165,220.9188005323176,222.36539319995927,5324500
2023-06-29,229.03146362304688,229.40287697671428,223.4405613929587,223.62626061259138,7118900
2023-06-30,232.12014770507812,232.9020949422323,230.62468051193216,230.93746537255504,6879400
2023-07-03,232.5990447998047,233.01933258878896,230.09682610095916,231.65093639860777,3087400
2023-07-05,234.04568481445312,234.58327446798953,228.708923672372,229.11944261296262,7601200
2023-07-06,233.48855590820312,234.19230692058522,231.34798115507454,232.8923228258906,6441800
2023-07-07,231.1133575439453,233.05844892475304,230.8005876493233,231.38703679463978,5729500
2023-07-10,232.78480529785156,233.70359217195957,231.1622674101461,231.66075149710977,4858900
2023-07-11,235.12086486816406,235.26747344941097,232.7457014511437,233.42013075368533,3856500
2023-07-12,236.7433624267578,238.44408133703098,235.78547014449316,236.09825495039195,6116000
2023-07-13,237.8185577392578,238.75689736526073,237.66216531585692,238.28772009505806,5819600
2023-07-14,237.67193603515625,239.21627757352732,236.49902275324447,239.20649372610373,4941200
2023-07-17,238.48324584960938,239.83208964388976,237.5155843958482,237.623102335155,4328100
2023-07-18,235.3358612060547,237.69145653075378,232.31559070999072,237.61327524348783,7674000
2023-07-19,235.97122192382812,237.11481358843193,234.7005595472452,235.80506056207233,4835500
2023-07-20,234.2118377685547,236.15692938536878,233.6742630487218,235.7170887444135,4695000
2023-07-21,233.85018920898438,234.92536845846467,233.34192129882985,234.32913540455326,5427400
2023-07-24,235.30657958984375,235.83438539802714,232.81412930172647,234.27049092701938,6010000
2023-07-25,233.3028564453125,235.36523511413512,233.17578572512414,234.60284062181242,4997500
2023-07-26,231.7487335205078,233.45923657078538,222.54132683376776,226.19692157897458,7551400
2023-07-27,229.14874267578125,233.2734993885614,227.7021501292901,232.0614805491544,8160100
2023-07-28,230.42918395996094,230.5562546664606,228.43523279047045,229.2855923446705,6794800
2023-07-31,232.36447143554688,233.0389006429169,230.67352140803715,230.67352140803715,4799600
2023-08-01,234.3682098388672,235.29676553677942,231.65095510296342,231.78779473303047,4627300
2023-08-02,232.1983184814453,233.40055346464567,231.445693043129,233.2441759658694,4868200
2023-08-03,233.3712158203125,233.65467891414653,229.9404413839382,230.67351399196352,5033800
2023-08-04,233.59609985351562,236.45019487074237,232.47204592953096,232.62843837512256,5169700
2023-08-07,236.0591583251953,236.71403475862664,233.81108083393002,233.82084976658385,5649800
2023-08-08,233.88929748535156,235.91258543066954,232.0321858210798,234.99379853266447,5080600
2023-08-09,234.3486785888672,236.50880607023703,234.08478315160852,235.07198236533,4055000
2023-08-10,235.1810760498047,238.89249629323666,235.1125200971478,235.6315310953134,4778000
2023-08-11,235.0635223388672,235.72943245713626,233.47711270268655,235.02435818717902,3607100
2023-08-14,237.8642578125,238.28535094045472,235.27899016645884,235.729460147242,4351100
2023-08-15,234.8578643798828,237.63898212858524,234.3878198874481,236.9926616124594,3770100
2023-08-16,234.3291015625,236.07221285848536,231.12690502611278,231.6263264726493,3218600
2023-08-17,232.4488983154297,235.3965052932737,231.5871524215046,235.02437857894049,4177600
2023-08-18,233.23231506347656,234.0940758967614,230.42181999462372,230.69601390658752,4344800
2023-08-21,234.49559020996094,235.54339950532574,232.83082217072726,234.41724695403067,3573600
2023-08-22,235.58255004882812,236.42470632748962,233.72193156652418,235.02436002140303,3848400
2023-08-23,237.2766876220703,237.51170242668002,235.72944207445312,236.3170089708712,4947700
2023-08-24,234.50534057617188,238.51054364663236,234.39762048404097,237.22770478553903,4570700
2023-08-25,237.54107666015625,238.36365830037704,235.2300032835032,236.37574519862056,3541500
2023-08-28,238.7749786376953,240.14594820754166,237.57048287686973,237.97197150217983,3741500
2023-08-29,240.25363159179688,240.7334783391265,238.35384909076967,238.45178187755377,3975600
2023-08-30,241.12521362304688,243.083750095507,240.94895251290023,241.31127697872216,4573300
2023-08-31,240.58660888671875,242.87810787558314,240.36138138021977,240.49847833319052,5532600
2023-09-01,242.96624755859375,243.71048605376453,241.65403168193166,242.3395164725426,4112900
2023-09-05,240.25363159179688,243.53418569727523,240.11653465576632,243.2012381301218,4459600
2023-09-06,241.05667114257812,241.54630525769917,239.14710108209553,240.33200727291793,4520300
2023-09-07,242.016357421875,242.2709617904496,240.0284440474734,240.41035807155924,4007900
2023-09-08,242.1632080078125,242.99559189087321,241.33083906719756,242.65284207021392,3309100
2023-09-11,242.09469604492188,243.2110612433912,241.16439420327205,242.2024161492675,2995800
2023-09-12,242.17303466796875,242.62348968302302,240.9097702918419,241.8204975097993,3499600
2023-09-13,242.69204711914062,244.8758110871219,241.4973386837102,242.02613695298314,5657000
2023-09-14,236.49327087402344,240.4495078369495,233.80028331748693,239.9207095823426,12000000
2023-09-15,236.07220458984375,239.03938619684945,235.05375724039067,236.88498408933245,13077900
2023-09-18,239.5877685546875,240.14594367528784,235.7784157405998,235.94488954647875,4771600
2023-09-19,238.51058959960938,240.03824578783312,236.45413509332693,239.9207383710309,4709000
2023-09-20,236.84584045410156,239.46048511935797,236.6597770793822,238.57914959352286,5756600
2023-09-21,231.70465087890625,235.7881975058821,231.37170327496796,235.7784102031005,6881500
2023-09-22,230.2063446044922,232.86015276309215,230.010493974799,231.84172052322043,5935500
2023-09-25,228.52203369140625,230.58829024482802,227.39588120910437,230.50015969072382,5921600
2023-09-26,224.8889617919922,227.8463562770417,224.84001033036887,227.1216923471439,6193200
2023-09-27,224.74208068847656,225.8976101401203,223.1948349411875,225.48631923652937,6006700
2023-09-28,226.85726928710938,227.71901512131097,224.90852023716977,225.88778841338024,4203900
2023-09-29,225.2415008544922,228.19889536412887,224.8889636616716,228.0128319925779,6045200
2023-10-02,226.47537231445312,226.57329017396424,224.02720168996046,224.48745896276088,5175200
2023-10-03,224.0663604736328,226.94541144980704,223.05771539591834,225.6919493155124,5585700
2023-10-04,226.4264373779297,226.89648201926482,224.1349529411649,224.7225050072214,5430900
2023-10-05,228.63951110839844,229.33479803195877,225.44710249139283,225.6331658206179,6126200
2023-10-06,230.16722106933594,231.6850899651105,227.92470317454104,228.335994078905,6401300
2023-10-09,229.57965087890625,230.2945125173905,226.89645049511464,227.97365154689717,5372200
2023-10-10,231.69485473632812,233.2812643883469,229.42294541212928,230.03008689525817,4644000
2023-10-11,230.7939453125,233.56527638908074,230.02032993171628,232.625187190722,4760900
2023-10-12,231.8711395263672,232.8014413933792,230.02032309575134,231.8025985176137,4472800
2023-10-13,232.74269104003906,233.70236977354523,231.3325423216515,231.48922883312747,4966800
2023-10-16,235.09291076660156,235.7196417817679,233.38897881484647,234.04508667897014,6227300
2023-10-17,236.19949340820312,236.47368731641876,233.3498192809114,234.66205006159743,4527600
2023-10-18,232.5467987060547,235.83714014527274,232.07675419829366,234.98518167324738,9528300
2023-10-19,228.96270751953125,232.98750063137066,228.57100619586396,232.54683290663303,5927400
2023-10-20,228.54161071777344,230.882061050693,227.81694689135594,229.27606184662827,5748300
2023-10-23,226.72996520996094,229.59922880678448,226.48514815989685,226.563491409011,5071700
2023-10-24,229.7852783203125,231.6263073272478,228.0617716588381,228.0617716588381,6844100
2023-10-25,231.93966674804688,233.53586366785416,226.49492329545424,227.4350272918752,10365300
2023-10-26,226.48513793945312,230.72537084831066,225.58421302896633,229.70693854067878,6414500
2023-10-27,224.51683044433594,226.59287430266275,223.30253246435285,226.377434097465,5540900
2023-10-30,228.24783325195312,228.5416166996739,225.26106226127771,227.37628515393112,5170300
2023-10-31,230.22598266601562,230.8331242287418,228.15972596107028,228.7277033665828,4828400
2023-11-01,233.63380432128906,234.08425931659622,230.79391763207323,231.24438756982698,4996200
2023-11-02,238.20700073242188,238.20700073242188,234.24096134941516,234.93624837843956,6286700
2023-11-03,238.5497589111328,240.23410154760725,237.23752806007846,240.03823593770937,5029800
2023-11-06,238.4420166015625,239.70526599007434,237.58025581408359,238.94143799842593,5254100
2023-11-07,239.6954803466797,239.98926379375808,238.33429815291504,238.36367500337818,4219700
2023-11-08,239.36183166503906,240.18616465266004,238.27252915487583,238.9496651712286,5117500
2023-11-09,237.1341552734375,239.92119439885724,236.47665051334437,239.7739974280377,4866600
2023-11-10,240.6768341064453,240.6964653601232,237.45799731919078,239.43051154743387,4094400
2023-11-13,240.10763549804688,241.09879663229816,239.5580802167092,240.4314837833191,4088500
2023-11-14,242.3353271484375,243.3068570947772,241.0006863872274,241.5796810990827,14092000
2023-11-15,243.48350524902344,243.6110859369796,240.76515311426704,242.20774329223912,13258900
2023-11-16,243.93492126464844,244.79850171814167,242.65915937572225,243.95453754309128,7051600
2023-11-17,244.9064483642578,245.57377618019126,244.02323666809747,244.79849893701527,7238200
2023-11-20,245.30882263183594,246.25091317242808,241.02031460339595,244.95553493554908,8604200
2023-11-21,247.52667236328125,248.61597483346932,245.36769867644028,245.36769867644028,7213700
2023-11-22,248.98890686035156,249.79360860646224,247.9486749822218,248.28233143855402,5701400
2023-11-24,249.5580596923828,249.95059488505882,248.772974332773,249.45011026825824,1640900
2023-11-27,249.40106201171875,250.22539497488478,247.8112748721473,249.55808209258632,5478900
2023-11-28,248.2234344482422,249.41086321290385,246.9182331390767,249.116469287291,5234900
2023-11-29,249.48939514160156,251.2950962312603,248.79264282417248,249.18517807560352,4955100
2023-11-30,251.89369201660156,251.98201019669392,248.44914822466808,249.50901130855354,6874700
2023-12-01,251.66799926757812,252.11941328071623,249.16553104467576,251.02028769263322,3939400
2023-12-04,249.6954803466797,252.59048391528273,249.60716216320455,251.1380705738127,5247500
2023-12-05,249.86228942871094,250.06838014862166,247.43834630622112,249.45012296314803,4199100
2023-12-06,249.5482635498047,252.04089373863553,248.8024406134106,251.03011625696553,3874000
2023-12-07,251.0497283935547,251.36376853712818,248.77298227542167,250.13706232877024,3589300
2023-12-08,250.9712371826172,251.26564609573592,249.13609677625746,250.2450305268256,3732300
2023-12-11,251.73667907714844,252.82599655955917,250.2450331901875,250.2450331901875,6479300
2023-12-12,254.72003173828125,254.87705184258888,251.61895206238134,252.5021639441545,5946600
2023-12-13,257.4873352050781,257.5854764682052,253.86614121980364,254.3175550919776,4859900
2023-12-14,253.90548706054688,258.3411920939507,251.61891766799414,258.28231330644894,8168700
2023-12-15,253.21852111816406,253.55217755452244,249.70527547405828,249.76415425997342,13374000
2023-12-18,253.5521697998047,254.74942165765833,253.1400183110041,253.8760330609506,6041100
2023-12-19,255.14198303222656,255.4854626071281,252.4040294445861,253.78771096168444,8731200
2023-12-20,252.31568908691406,255.95653076514904,252.28624969093062,255.64249057564527,7240900
2023-12-21,254.70037841796875,255.14196932037882,252.24699579840737,252.70823292882565,6246700
2023-12-22,253.61109924316406,256.3392599299798,253.40502345759978,255.15183094845986,5111500
2023-12-26,254.32748413085938,254.89665577644368,253.7092268590129,253.7092268590129,2085100
2023-12-27,254.1017608642578,254.9260939064512,253.4933267103904,254.4158010560994,4034700
2023-12-28,255.54429626464844,256.10367462082104,253.71899419526153,253.71899419526153,3020500
2023-12-29,255.4952392578125,256.5845266260539,254.8279264584296,255.71113809861453,4074900
2024-01-02,254.0428924560547,255.24014453143343,252.86528661129475,254.7690842244161,5471000
2024-01-03,253.1694793701172,254.033044927207,252.07033875937498,253.72882786707459,4148300
2024-01-04,254.76904296875,256.17240054724186,253.18907898294324,253.2577808819394,3843000
2024-01-05,254.84756469726562,256.5845487376003,253.92509047511714,255.91723588071073,3748400
2024-01-08,257.6445007324219,257.7229958181457,255.10279930918733,256.07432948121397,4659000
2024-01-09,258.4197082519531,258.7043090471182,256.27057243570107,257.11452175778385,7055800
2024-01-10,259.62677001953125,260.4216636232584,257.95845779403106,260.02912837858764,4355800
2024-01-11,259.1066589355469,261.2263852346995,257.50704858374286,260.509986687079,5599000
2024-01-12,259.2440490722656,260.5982911280437,258.7926051051545,260.18613961713856,4656100
2024-01-16,260.2940979003906,260.706279397538,257.45800289215384,258.60616929756236,6196400
2024-01-17,261.6581726074219,262.11940974607955,259.45995132455226,259.48939071857217,5118700
2024-01-18,263.1399841308594,263.7680344211494,261.4520559247157,262.88482279028085,6694300
2024-01-19,265.8485107421875,266.0938489820656,262.07029585836193,263.1792294943733,7226500
2024-01-22,266.1429138183594,267.27146364397674,265.3185510420426,267.16349925363227,5984300
2024-01-23,266.2018127441406,266.80042367272387,264.87698026226457,266.4863835387873,5883000
2024-01-24,266.58453369140625,267.7719624234883,266.0251552995722,267.48739161937607,5021700
2024-01-25,267.5266418457031,267.69348504233733,265.75039521271555,266.8789751843477,6894900
2024-01-26,262.9437255859375,265.8190826923401,260.6473631565277,260.9810195831753,8586500
2024-01-29,268.5570983886719,269.94080988156884,261.7366822258821,261.9918436205855,6574500
2024-01-30,271.98199462890625,273.4442310535119,269.0771979564684,269.46973319082184,6549000
2024-01-31,268.16455078125,274.76903780705686,268.08602576410175,271.9525592743763,6139300
2024-02-01,271.88385009765625,272.0212538997301,268.26265495294115,268.29212429497267,7065000
2024-02-02,272.01141357421875,273.3068067038703,270.5393840946647,272.43338817071367,4848700
2024-02-05,270.4412841796875,272.81617194737,269.9996932373745,272.227354075765,4899100
2024-02-06,271.59930419921875,271.7170617840773,268.92019934960246,269.6758304847922,4400000
2024-02-07,274.18023681640625,274.3274337808749,271.89366749042836,274.17041370260245,4785900
2024-02-08,271.1422119140625,274.956966830372,270.6506204043188,274.8389896687318,5833400
2024-02-09,271.7812805175781,272.5186677975006,269.4806358047438,270.3753359715736,4618300
2024-02-12,270.44415283203125,272.01725162022933,269.62809414616254,271.7812672991632,3676200
2024-02-13,271.17169189453125,273.3248649939332,268.172995845084,269.14633738161587,5493800
2024-02-14,272.8923034667969,272.97097491857755,270.0902255833705,271.8206374701341,4218400
2024-02-15,276.2547912597656,276.3924212880174,272.8922919408004,272.9807748170408,4834800
2024-02-16,273.87548828125,276.39243467521743,273.19708952618237,276.23512177504847,6630700
2024-02-20,270.5227966308594,272.1843783023247,268.74323780001305,269.9525636923965,6157200
2024-02-21,272.1057434082031,272.31220344208515,268.93005143812485,270.0115587657339,4770100
2024-02-22,278.9781799316406,279.2829642653137,274.2884077613213,274.4850263612977,5100200
2024-02-23,278.8307189941406,281.1412051626237,278.73239468826284,279.9318792094945,5107700
2024-02-26,279.3714294433594,280.55126098595633,277.9064964481976,278.2801107701653,3856900
2024-02-27,278.4079284667969,279.3911114143721,276.8053354615513,279.3911114143721,4145200
2024-02-28,280.8265380859375,281.31812953866523,277.336220768954,277.3559036298542,4358800
2024-02-29,277.8868103027344,280.85601165662774,277.43452459644607,280.6986988028351,6633700
2024-03-01,278.3980712890625,280.11864134999956,277.3657112498838,278.4374070059621,3955700
2024-03-04,275.81231689453125,278.2407800263848,273.4526837715052,278.05397286206045,5920300
2024-03-05,274.6816711425781,276.26458136934167,273.0102480420381,275.55668840967775,6227900
2024-03-06,275.7139587402344,277.25756301194997,274.61279875166457,275.29119731682977,4535200
2024-03-07,273.5804748535156,276.4415406041275,271.51578482680645,276.15640917076723,5668500
2024-03-08,275.33050537109375,276.93309805231104,274.1408326419268,274.3079869111371,3928800
2024-03-11,275.8418273925781,276.04828742682975,273.31503981454233,274.7505086357406,4614000
2024-03-12,279.1452941894531,279.69587419736376,275.57633556378806,276.5791712915481,7988700
2024-03-13,280.34478759765625,281.28863478410346,279.04697896356566,279.8728490022521,5783800
2024-03-14,281.5934143066406,284.17919010051975,279.76467853429045,284.10051866710654,5484500
2024-03-15,278.28009033203125,280.8265303868246,277.8868231815031,278.78149319710155,9845000
2024-03-18,280.25628662109375,281.41646530013253,278.4865693208878,279.09613794641734,4095600
2024-03-19,282.51763916015625,283.2156906842627,280.45294887310115,281.8392404943472,6595200
2024-03-20,284.4151916503906,284.9952660496657,281.89824544144284,282.8027870498298,6105000
2024-03-21,285.48681640625,286.0668907218754,283.0583534215208,285.0935492436316,5057600
2024-03-22,278.49639892578125,285.6047921173109,278.13262605208087,285.1230420958549,8744100
2024-03-25,276.4808654785156,278.73236280681857,275.3305582439779,278.25061276879524,8519200
2024-03-26,275.8811950683594,279.35183035217693,273.72802159153883,279.35183035217693,8752400
2024-03-27,274.3276672363281,276.5201757872506,272.32199583109,275.53699294000705,5190700
2024-03-28,274.3866882324219,275.0945811662667,272.45965802531856,273.8066138845211,5844400
2024-04-01,273.6001892089844,276.1663126773177,272.13525600561803,275.6451968351895,5084000
2024-04-02,273.7574462890625,274.63246345888575,272.32200767089864,273.32484341711825,6912300
2024-04-03,272.3023681640625,275.76319169062083,271.909100946326,275.76319169062083,4536600
2024-04-04,269.3921203613281,274.3866763982249,268.9595174757274,273.67878349491116,4018600
2024-04-05,272.4793701171875,273.2855574303677,270.404838239537,271.45685132430845,4392100
2024-04-08,273.08892822265625,273.30522968959593,270.52280491012766,271.6043122448262,5542400
2024-04-09,272.06640625,273.3248793142941,268.723589985878,272.9611063979195,7313900
2024-04-10,269.86407470703125,272.1647192759144,269.51011323254585,270.7882691070565,5276000
2024-04-11,271.04388427734375,271.8304486858775,267.6027437514646,269.3921440259692,8102300
2024-04-12,271.31915283203125,272.34167147996436,269.4511112667956,270.9160442304003,9038400
2024-04-15,266.7178649902344,273.23637263980584,265.79367063242825,273.21671978270683,10267500
2024-04-16,266.7867126464844,269.5199601821668,265.62656390929027,265.99033681804065,8237100
2024-04-17,268.1041564941406,269.39212373647337,266.93416640311136,268.7038836813872,5940900
2024-04-18,266.80633544921875,268.55639978924717,265.32171968731416,267.9861669162683,8231800
2024-04-19,265.2430419921875,267.4257089047461,263.7781092911254,266.90462324565743,7905400
2024-04-22,267.75018310546875,269.1561574408196,264.8301287233719,266.3934159215718,6463700
2024-04-23,269.500244140625,270.2671555892358,268.12379411304204,269.40194985636646,6438000
2024-04-24,270.3949890136719,278.2408004789247,269.87390320234886,277.81803897253087,8807200
2024-04-25,270.5326232910156,271.5747948144634,265.9411457267085,268.37945023678463,8064600
2024-04-26,269.90338134765625,272.11554305658734,269.22498268990165,270.3851614116795,6840600
2024-04-29,267.2684326171875,269.8542084127814,266.5310454513426,267.74037120489805,4128600
2024-04-30,264.0927429199219,267.50438876440364,264.0632486332579,265.9804672794977,6376400
2024-05-01,262.8244323730469,266.354055012115,262.2246752648893,263.64046089226053,6119900
2024-05-02,263.1095886230469,264.9383246080626,262.16574134285133,264.8203474485837,5061700
2024-05-03,263.9748229980469,264.9187003846301,262.0182982150245,264.47625598439623,3862000
2024-05-06,268.08453369140625,268.19266942410326,265.03666025547466,265.1153016970393,3958700
2024-05-07,271.81072998046875,273.20686286878674,268.2417713335527,269.1168184968397,6377100
2024-05-08,272.52850341796875,273.8656179216206,270.2966887665655,273.12823065742197,9029700
2024-05-09,273.8558044433594,274.10160019625135,271.75177839650905,272.14504560026336,8948800
2024-05-10,276.0188293457031,276.3039608618892,274.54405461313684,274.84883899085105,8986400
2024-05-13,274.6914978027344,277.4050623318907,274.4063663470507,276.726663698511,10528400
2024-05-14,273.06927490234375,275.281436960864,269.6576282163622,274.7406982371952,18526100
2024-05-15,276.7660217285156,276.99216462599304,272.41052812580716,272.4891695659409,21288400
2024-05-16,275.64306640625,278.1449809044727,275.071778243922,277.51456494339175,10341500
2024-05-17,275.8992004394531,276.6970500428242,273.92919548102776,275.8499322795584,6177800
2024-05-20,274.36260986328125,276.066644981605,274.00799332555073,275.03240436134945,5460900
2024-05-21,271.8114318847656,274.2542186665667,270.7574720729977,273.83067483712716,6578200
2024-05-22,271.4469909667969,273.90949735507934,270.9938982081228,271.3977528629882,4202500
2024-05-23,270.1173095703125,273.2791599180216,268.9352942699121,271.1121418872534,6115900
2024-05-24,270.3733215332031,271.112073394343,269.25043433541344,270.8855420619231,4339700
2024-05-28,266.9159851074219,270.3437745284573,266.17723324117935,270.11724319447274,6212100
2024-05-29,264.8277893066406,267.0736241319912,264.2368117840687,264.96570410183693,5469700
2024-05-30,267.231201171875,267.5661285183773,264.28605293090294,264.67021838488785,4901900
2024-05-31,268.373779296875,268.669298090037,264.97553862469834,267.3690875438638,8910000
2024-06-03,266.3249816894531,269.03373857391074,264.03976866710053,268.9943300570037,4838800
2024-06-04,268.33441162109375,268.8958402368667,265.2710380169386,265.58624605168694,4188500
2024-06-05,270.3832092285156,270.8067531251367,267.94039199935213,269.42775551992077,5368700
2024-06-06,272.8851318359375,272.9934676944252,269.9695024635301,270.6787055460219,4862400
2024-06-07,274.49066162109375,276.125739328634,272.70777942982414,273.5450375720479,4515600
2024-06-10,270.9151306152344,274.38232903646826,269.2800226492285,273.96864476717565,5213800
2024-06-11,270.5506286621094,270.73775146732004,268.1373607026037,270.4225735375797,6244600
2024-06-12,266.265869140625,273.43668576459487,265.8521548858296,272.61911689865536,7536600
2024-06-13,267.12286376953125,267.7827986934828,265.28091367387424,266.2659162969973,7361200
2024-06-14,266.60076904296875,267.477405599951,265.2316011968135,266.0491700709623,8537300
2024-06-17,267.1031494140625,267.7532246314684,264.965680696589,264.965680696589,9258200
2024-06-18,269.5163269042969,269.79212634834505,267.2311143336779,267.2311143336779,6707500
2024-06-20,272.66839599609375,273.87010023408544,269.00418553761835,269.0928321543689,10164400
2024-06-21,271.09234619140625,273.3775588427911,270.46193026279553,273.01311278526316,14594700
2024-06-24,272.1561584472656,276.1848448247858,271.141607150257,271.19087530752046,24149600
2024-06-25,269.427734375,273.7617393912108,269.427734375,272.69794991064373,18325800
2024-06-26,269.4967346191406,270.34382248060325,267.6744736805414,268.8170803768528,12172000
2024-06-27,262.591796875,266.53180663503883,262.5031502625858,264.48301478616975,10529100
2024-06-28,258.5335693359375,264.57163858205917,257.33186526036445,263.1926412969474,13957300
2024-07-01,259.29205322265625,261.78410839083426,257.38114593291914,259.83382264349837,7955800
2024-07-02,264.2072448730469,264.2072448730469,258.46466317159474,259.29206170661115,8697800
2024-07-03,264.955810546875,265.7044220595163,264.1284120612723,265.034627579727,5017800
2024-07-05,266.3052673339844,266.4924202178958,264.217066797595,264.96567833324076,7986400
2024-07-08,262.4046630859375,267.3690841613162,261.981119220311,266.19692876768664,8561100
2024-07-09,261.4591064453125,263.5374476130271,259.96191323529865,262.9957081781912,6431300
2024-07-10,259.0556945800781,259.528506669315,254.63304234120443,255.23387952345803,9635500
2024-07-11,258.6123962402344,259.6762157815445,256.8492633954758,258.1987120207512,8803600
2024-07-12,261.75457763671875,263.3896855369923,259.7057854837829,260.37558002802217,6627800
2024-07-15,264.4239196777344,265.20204996997074,261.2718998143595,261.6856140696345,6845200
2024-07-16,265.2119445800781,266.15753863980524,263.36013492068815,264.4928818753468,7869900
2024-07-17,268.6101989746094,268.8170410868447,264.2170660964311,264.4140786242018,5324700
2024-07-18,265.1134338378906,269.51639649720227,264.53228593286735,268.206356314674,5550800
2024-07-19,261.478759765625,266.8864440250859,260.34601288296847,266.2658876297468,6839900
2024-07-22,263.6950378417969,264.37469204113626,261.04537844086946,263.2222558317478,5313600
2024-07-23,260.81878662109375,263.68514713214586,259.9027115691897,263.517683502477,8109200
2024-07-24,250.35809326171875,253.3426647791927,249.33369723544922,252.22960710175067,13065900
2024-07-25,249.93455505371094,254.34736231533594,248.91014397426014,251.55980326617805,8573300
2024-07-26,255.56875610351562,257.2826810006725,251.7568010013837,251.7568010013837,7062200
2024-07-29,257.67669677734375,258.77003527959397,254.70196956457897,256.4158945998479,6068100
2024-07-30,259.1541748046875,260.3361598191181,257.09552309915404,259.2822299447265,5941800
2024-07-31,261.6856384277344,262.3652625262715,260.28692159244616,260.5725807462521,7642500
2024-08-01,261.94171142578125,262.99567133050584,260.21795702567493,262.3357064195416,7269700
2024-08-02,262.5820007324219,263.94130923794313,258.937508858961,259.8732433673283,7017900
2024-08-05,252.5940704345703,258.97689813662254,250.69300759132094,257.5289431048563,9631300
2024-08-06,254.38673400878906,256.58327016188343,251.93407257798995,252.65312013451083,21586800
2024-08-07,252.6728515625,258.1002254095474,252.46600943700966,255.76577409933373,12908600
2024-08-08,255.93319702148438,256.54392384726094,254.05186862073376,254.25871073758998,8223700
2024-08-09,256.3773498535156,258.1144102109531,255.63711654137634,255.79503659571986,7228100
2024-08-12,256.50567626953125,258.19339988289624,255.86411659996736,257.1077182730638,26769400
2024-08-13,256.7425231933594,258.2723266355458,255.89370667821356,256.7425231933594,12005700
2024-08-14,257.7393798828125,258.09467740932723,255.3706092253671,257.4728766177563,8552300
2024-08-15,263.3256530761719,263.9079964575717,259.4172295986803,259.4172295986803,7397800
2024-08-16,263.89813232421875,264.94432639584994,261.93405611580835,263.3750352884031,5111100
2024-08-19,262.9999694824219,264.8160049779604,261.7761266772086,263.9376104187846,6555900
2024-08-20,264.5495300292969,264.5495300292969,262.31895062958944,263.5230647143645,6803600
2024-08-21,264.70745849609375,265.7635018527099,263.90800888623363,265.06275604706616,6639700
2024-08-22,264.4508056640625,265.99048845664703,263.09865104289764,265.4377833577792,4425200
2024-08-23,263.9573669433594,265.7043069497253,261.85509923729,265.2009687120595,3697400
2024-08-26,264.71728515625,266.849160640303,264.18433887536395,264.23367571316726,4612200
2024-08-27,267.1946105957031,267.4216263154415,264.40147689018454,265.02324755524467,6594100
2024-08-28,265.6844787597656,268.4381544508018,264.18428378537806,267.6288256624428,5455100
2024-08-29,270.74774169921875,272.395977662798,266.9281426528862,267.4512396518899,5565100
2024-08-30,272.7710266113281,273.38294797615475,270.6885180877942,271.41887195933964,6296100
2024-09-03,274.9128112792969,278.41657050322476,272.7710561502987,272.7710561502987,7278300
2024-09-04,276.8373718261719,277.9822695990256,275.07070338890475,275.08055268441717,6107500
2024-09-05,274.9917297363281,277.83423041199063,273.79749511918175,277.34074154802613,6447400
2024-09-06,275.73193359375,276.63008684469435,273.81719459638146,274.1527633736299,7187700
2024-09-09,281.89068603515625,283.23299136771965,277.9822627824073,278.4165353793982,10933900
2024-09-10,281.6242370605469,282.67043110118715,279.8772972274412,282.2065503382488,5314400
2024-09-11,280.2621765136719,281.45644120549787,274.67587917195965,281.30837045581274,6281800
2024-09-12,281.6538391113281,282.2756399205903,277.80463186371793,280.3016843966701,4160800
2024-09-13,283.6080627441406,284.979946155398,281.83148472042456,282.7592462158809,4987600
2024-09-16,286.6972961425781,287.11180991362573,283.99295673453366,284.29891741512523,4458900
2024-09-17,287.7632141113281,289.2535600680241,286.3024762806514,287.1118052187359,5135700
2024-09-18,284.72332763671875,288.2172068842273,284.37787942994214,288.03955813337126,5890000
2024-09-19,281.52557373046875,287.68433646510556,279.18644086709855,287.2994006166138,10382100
2024-09-20,281.0616455078125,283.2626167530226,279.5614501578176,281.7821501149406,27810900
2024-09-23,284.8713684082031,285.11811282457444,280.91357833115393,281.1899308726831,6505600
2024-09-24,269.227783203125,277.3407413249829,269.15868753338475,276.53141235989125,13690200
2024-09-25,266.1188049316406,270.67863713544267,264.73704216081717,270.6194208824195,11671300
2024-09-26,268.1519775390625,269.68178094776766,266.4839827927094,266.97747164973293,9552500
2024-09-27,271.586669921875,274.3600748794886,269.2277787354845,269.60283508479927,6509600
2024-09-30,271.3695373535156,272.09989123106794,269.6423263359323,271.4188741916644,5969900
2024-10-01,273.9850158691406,275.42599487920313,270.78718763563114,273.3632150981758,5781600
2024-10-02,273.392822265625,274.02450244984044,271.7840437991309,272.96842908445035,4741600
2024-10-03,273.254638671875,274.0738470514779,272.24793223495067,273.0671406145536,3036700
2024-10-04,274.3106994628906,274.8140677183084,271.51756588045515,273.73826566117833,4259300
2024-10-07,270.22467041015625,274.00478227277006,269.6818145277339,273.9850535592936,4339300
2024-10-08,271.3793640136719,272.5045329832446,270.4417533258619,271.13261960316913,4370900
2024-10-09,273.3237609863281,273.87646615697105,270.8464671351092,271.41890101892767,4115800
2024-10-10,273.8567199707031,274.0541275705543,271.76433194103254,273.17570290743873,4063900
2024-10-11,274.22186279296875,275.169352889955,271.78402682705405,272.44531509609857,4746300
2024-10-14,277.02490234375,277.70591938784094,274.36992983740606,275.4457319499136,3996600
2024-10-15,275.65301513671875,278.95939651416774,275.19898370017546,277.3407385998891,5807000
2024-10-16,283.77581787109375,283.8547929545026,274.7252492163008,274.9917223524253,9442700
2024-10-17,286.60845947265625,287.1414057268635,283.8646326402122,284.812152888028,8815800
2024-10-18,286.8354797363281,287.25002365988473,284.32854772284685,286.144613357296,5350900
2024-10-21,283.11456298828125,286.6578093634082,282.6013153006306,285.82875169893725,6313100
2024-10-22,281.0813903808594,282.7987219572939,279.83778882817546,281.3379841036678,5736500
2024-10-23,280.0648193359375,282.334856140083,279.8378036074546,282.31512742810787,5249300
2024-10-24,279.5318603515625,279.92664545689274,278.0612730331339,278.71268201100656,4679900
2024-10-25,278.0612487792969,281.37747951902077,277.12360788077183,280.301677399759,4464600
2024-10-28,280.48919677734375,280.93334879326915,277.8638324640313,278.3672007327242,4306200
2024-10-29,278.2092590332031,281.9795208068757,277.68616209435504,280.5681199053105,7534800
2024-10-30,286.3814697265625,291.92827990440657,284.57528356306744,288.533074009041,9606800
2024-10-31,286.0754699707031,292.4809451037312,285.8484542742165,288.2862902071525,7950200
2024-11-01,286.95391845703125,288.8588085191138,283.4501592842879,284.7332183875023,5470700
2024-11-04,288.0494689941406,289.332528050616,286.97366683628974,287.75335759022,4281600
2024-11-05,289.470703125,290.94129028524367,287.78294954198566,287.91126146445487,3753700
2024-11-06,303.39697265625,304.9761431756926,298.8766275410201,302.33104987472535,10320500
2024-11-07,301.8177795410156,303.62396566471386,300.4557755666383,303.4956537398405,6237300
2024-11-08,303.8608093261719,307.0980948670595,301.70920524232514,302.8935904900366,6240600
2024-11-11,306.8711242675781,308.3713195504664,305.2721950690292,306.0519158971885,4674100
2024-11-12,306.3964538574219,307.08863363211555,304.67582717504365,305.5954844377105,4616400
2024-11-13,306.0306091308594,307.4842260140989,304.40887375530053,306.04047715221793,4046400
2024-11-14,304.8143005371094,307.82042568957394,304.3989685040484,305.85258535360987,4415800
2024-11-15,306.1888122558594,307.25676145547993,303.242016036872,304.1319787327947,5106300
2024-11-18,308.68072509765625,308.92793864317485,305.25929807736037,306.03060313228104,4585600
2024-11-19,308.3741760253906,308.74994543481637,305.07140675020594,306.5447897927535,4885500
2024-11-20,303.9638671875,308.80924609700685,302.8068946470543,308.3840159118841,6349900
2024-11-21,306.4459228515625,307.45457348962907,303.2321465724953,303.87489579282146,5757100
2024-11-22,306.4656677246094,308.11703712792496,304.46816318266525,304.5373902103909,5919200
2024-11-25,309.6992492675781,310.16401194860856,306.40634788268875,308.38405628240383,14189300
2024-11-26,308.3445129394531,310.9946348587816,308.0676349803805,310.69799068028743,7071500
2024-11-27,311.19244384765625,312.84381354208597,306.04049148896274,307.30622371902496,5204300
2024-11-29,311.5681457519531,312.72511836119395,310.20355240269356,310.78697271763275,3853300
2024-12-02,313.1206970214844,313.882134119203,310.21346306777417,313.3679105877697,5597500
2024-12-03,309.5212707519531,313.7832300492697,309.2839252171985,313.56568091258237,5009900
2024-12-04,306.4459228515625,309.36305492969035,305.3581771523909,308.9378548491986,5981800
2024-12-05,305.6350402832031,307.6226468652385,305.3878267352857,306.5250331976539,5200100
2024-12-06,307.5435485839844,309.0762604940309,305.3581591155506,305.4273861508262,4302700
2024-12-09,304.86370849609375,309.52123305832737,304.21109134294375,308.3543622795957,5785300
2024-12-10,308.89825439453125,309.4915729011737,303.2222414105848,303.9341874056364,4539500
2024-12-11,310.29254150390625,312.0329042273816,307.74128098530844,309.5509009169192,4321800
2024-12-12,310.7276611328125,312.03292572097064,309.9365596790737,311.31108148013783,3218500
2024-12-13,311.23199462890625,313.41738437302905,310.83645894197457,312.30984220120644,4682200
2024-12-16,312.369140625,314.02051009637916,310.59908331087144,311.23193425170496,6562500
2024-12-17,314.75225830078125,315.28624798200747,311.62750579825223,312.29991936576187,8843900
2024-12-18,306.3272399902344,318.03526960471095,306.1096908682832,314.95004945881,10479200
2024-12-19,311.37042236328125,313.33823260898663,307.7611104871756,308.35439887863936,8317100
2024-12-20,314.1688232421875,316.43330754901604,308.79935279729875,310.0749830180366,24387000
2024-12-23,313.684326171875,314.4259668115685,309.85746529944595,312.1318178568655,7984600
2024-12-24,317.0760803222656,317.9561750097056,313.74364663194115,314.6237413193811,2684100
2024-12-26,317.33319091796875,317.86718061204965,315.8993403203672,316.205882694624,2856000
2024-12-27,315.1082458496094,317.91658782528117,314.0205003223413,315.71143235533924,3489200
2024-12-30,311.79559326171875,313.575518624435,309.7387899497481,311.1726103315381,3478500
2024-12-31,312.5174560546875,314.11939485723155,311.6769240400078,312.5965511040709,3963800
2025-01-02,310.8957214355469,316.11686985010056,308.92791144325594,314.2380531050686,5369500
2025-01-03,311.4000549316406,312.3988072508416,308.53238401561725,310.67818055928126,4271300
2025-01-06,309.5509033203125,311.87471654640086,308.59171361326463,311.4989471510207,6567300
2025-01-07,308.1961669921875,311.67692251928224,307.8500620257808,309.4025701870642,4958600
2025-01-08,309.1158142089844,310.53976660324895,306.7524382985613,307.5336415289756,5161600
2025-01-10,304.28033447265625,308.37420557509057,302.57950394630876,307.73145634458234,6660100
2025-01-13,303.4991455078125,303.4991455078125,300.45345766075025,301.6005321584484,9568400
2025-01-14,305.6449279785156,306.70300916982603,304.09241970836115,305.30872118619374,5107600
2025-01-15,312.75482177734375,313.65468276842194,309.6399369174189,310.1837946853256,5222000
2025-01-16,313.7139892578125,315.62247058659955,312.2307079847259,312.2307079847259,4606700
2025-01-17,316.05755615234375,317.01674587752916,313.1799869767875,313.9611901989324,5805800
2025-01-21,320.0228576660156,320.9622509558908,316.43331244952714,316.739854806768,5653000
2025-01-22,319.95367431640625,322.10936930918035,318.7868335600353,321.1501794927718,5026500
2025-01-23,324.5517883300781,324.84846265979024,319.9635211026933,320.1514057916148,5297100
2025-01-24,326.5196533203125,327.39971782402483,324.15627740999,324.36392833239324,4327500
2025-01-27,330.811279296875,331.75067264287117,324.3935952747005,326.3218729586113,6636500
2025-01-28,330.751953125,334.0645904473397,329.17967861846626,330.9398378311991,5999600
2025-01-29,332.1363220214844,333.3525932585633,330.7716985265283,330.7716985265283,5087300
2025-01-30,339.2264099121094,340.60093168938243,335.2215626068071,335.72588788874674,8081300
2025-01-31,337.9903259277344,347.33500942669986,337.9013326782835,342.60828794323595,8624100
2025-02-03,341.9656066894531,342.1435932236894,335.4589283929432,336.21046732963697,8004500
2025-02-04,341.30303955078125,342.1534699010354,338.722144434386,340.7591817823458,5532600
2025-02-05,345.5451965332031,345.58475914887805,341.4018952311918,342.14353584356945,4939100
2025-02-06,343.6070251464844,346.74167566762424,342.7368287313315,345.88137745000813,4294500
2025-02-07,344.1410217285156,346.84060451060725,343.34005225488835,344.1212555087422,4261200
2025-02-10,347.31524658203125,347.9777619490786,343.82459271386426,344.8134468428343,6067000
2025-02-11,347.3945007324219,348.78121999281433,342.9668837247386,344.9974336887191,5154800
2025-02-12,348.15716552734375,348.49393802322834,344.1950934888747,345.84927186534827,6760100
2025-02-13,352.2579650878906,352.7036801065258,347.4044323285065,349.77175492494007,4279200
2025-02-14,350.4552001953125,352.0598346517353,349.8707981542828,351.0693165696755,5720300
2025-02-18,353.3475646972656,353.3574493239757,349.0586040080219,350.33638093664786,5822000
2025-02-19,351.86175537109375,353.7635331943534,350.82169322968014,352.6442429053929,4152300
2025-02-20,347.1666564941406,352.7531927223698,345.75022295853495,351.86173253630665,5697000
2025-02-21,345.22528076171875,349.96987104250786,344.1852488221624,347.1666878220573,6924100
2025-02-24,346.5426330566406,347.473722448865,344.0663379131105,345.4530873760571,5055900
2025-02-25,348.75152587890625,349.2467849454891,342.7192740753132,348.0383516138984,6191900
2025-02-26,347.30535888671875,348.49396244462673,345.68089472756776,346.68132766041595,5960600
2025-02-27,352.36688232421875,356.89355707892616,348.3453814493155,348.5632966299945,7298100
2025-02-28,359.27081298828125,360.54858980616444,350.35615005351343,351.34666815737654,15857300
2025-03-03,358.3892517089844,363.06449816111734,356.1308717414073,359.55805576496454,9099600
2025-03-04,348.89019775390625,356.85394143390147,347.0775327212455,356.6954549121018,8955800
2025-03-05,349.3359069824219,350.7523405730608,345.6313790597623,347.5034425004098,8244200
2025-03-06,340.89666748046875,345.5619986456613,337.1624256234153,342.6795877315128,8611100
2025-03-07,342.0456848144531,343.1055463348001,335.9242907970158,337.6378675999771,6358700
2025-03-10,338.2421569824219,341.7386849279551,334.4385708211671,336.7167505303687,8204300
2025-03-11,328.9906921386719,336.38983323426663,326.4549380243545,335.20122966602514,9776100
2025-03-12,329.68402099609375,332.97254814555856,325.98937782260964,332.7843472995932,6295400
2025-03-13,325.4347229003906,333.01221085616686,324.5928066637175,327.85158958095093,7915300
2025-03-14,328.6539001464844,329.61470393207657,323.28530886352866,324.1074256027689,7810600
2025-03-17,331.3778076171875,332.92301338528597,326.63324783493476,326.90067683118593,6149400
2025-03-18,331.5957336425781,332.61596607702717,329.1491527250644,332.1108224009264,7778300
2025-03-19,336.6473693847656,337.7963739657413,331.328292220608,333.6064716752345,5614900
2025-03-20,336.2809143066406,338.9949243838332,334.4583645251186,335.78565522813307,5432700
2025-03-21,332.477294921875,336.2115371177744,332.33860788423556,334.17107233688154,17279700
2025-03-24,340.6094665527344,341.94667208183176,334.44844253835635,335.4389606742485,5675100
2025-03-25,341.3523254394531,342.2537004920348,337.43979728019883,341.29289677473014,3931200
2025-03-26,340.91650390625,344.08617383853476,339.7476998321524,342.70933920430844,6187100
2025-03-27,346.5426330566406,347.51335163506087,340.06466672547856,340.73821174974785,7254800
2025-03-28,339.5991516113281,348.2859848493722,338.37088855796077,345.87903301496596,5687600
2025-03-31,347.136962890625,348.52368217710676,331.318387714334,336.1323213716655,9950800
2025-04-01,343.0659484863281,347.1270787242815,339.32179129376533,347.11716387029634,7473300
2025-04-02,343.0461120605469,344.8984062549049,339.79721397944945,340.1835305387441,5682500
2025-04-03,336.17193603515625,341.4711834285377,327.8614750728613,330.73397137679984,8792900
2025-04-04,310.1609191894531,331.476856561617,309.1604862944522,326.8709537140164,13201700
2025-04-07,309.3586120605469,319.1251057585642,296.16490406290654,299.2058018042098,12163400
2025-04-08,305.3469543457031,323.1861921101878,301.048110115402,319.18449117047095,9569300
2025-04-09,329.27789306640625,330.86272791965865,302.7419374832934,302.7419374832934,11361800
2025-04-10,321.5321044921875,327.0294987434076,310.29963151848415,324.90977524565074,8709800
2025-04-11,330.23870849609375,333.78478000715387,319.4816970910485,321.35376046801093,6804500
2025-04-14,332.0018615722656,336.38984966000794,329.9812263391246,333.2202097617123,5011800
2025-04-15,332.6258544921875,336.17192593813405,331.82353731276277,333.52722951943736,4386200
2025-04-16,328.1883544921875,334.0225207124067,325.7417735334204,331.82356928295525,5850600
2025-04-17,326.4846496582031,331.1500115767292,325.32576043304505,327.93082781851444,5655900
2025-04-21,317.0648193359375,326.02899518678754,313.64752012859105,325.88042353173125,6362300
2025-04-22,328.2576904296875,329.4066950465462,319.3331429545686,320.78917553421263,5435500
2025-04-23,331.19952392578125,338.01429311880037,330.04063470574454,334.0423059647279,8906000
2025-04-24,332.5268249511719,333.5767717254321,328.10912266164996,330.1198732080026,8055200
2025-04-25,331.991943359375,333.1805468654076,329.0203892519761,331.5858273373118,4452800
2025-04-28,334.30975341796875,336.1223881311056,331.84334294270866,333.586664366473,5422900
2025-04-29,338.2817077636719,339.0245962884563,333.26968893471667,335.29035418602945,5519500
2025-04-30,342.2239685058594,343.2342859822448,330.0802081703665,331.2688418599344,9526700
2025-05-01,339.2029113769531,342.44189445205836,336.89498743985234,342.30320741835277,5849900
2025-05-02,344.3040771484375,346.7704573978665,342.8380995653833,343.92767545628766,6113700
2025-05-05,345.334228515625,347.7213504225848,342.83810367595026,343.7097643991248,3865300
2025-05-06,344.40313720703125,346.3346292627291,342.4815297766243,343.11544560835415,3438500
2025-05-07,346.53271484375,347.8203761022949,343.91773291609604,345.39362523377423,5454000
2025-05-08,347.9393005371094,351.9608018178934,347.6223577017614,348.6623896705722,4156400
2025-05-09,349.1972351074219,350.4452672712795,347.34497122599333,348.4939455411102,3086600
2025-05-12,352.475830078125,358.4585671556424,347.8005839921291,355.73464270407766,7985400
2025-05-13,353.3489685058594,356.0575542951484,351.80116626830494,352.7338019716863,5406200
2025-05-14,353.66644287109375,355.6011729876512,352.4262390216119,353.87481891826496,6207600
2025-05-15,359.4606628417969,360.87947902254115,353.88471131527825,354.0930873573594,5826100
2025-05-16,362.2585754394531,363.32019719165777,358.0617450296196,360.10559853248077,5838100
2025-05-19,365.01678466796875,366.25698849619533,359.4805281012673,360.1750240780259,5081500
2025-05-20,363.9651184082031,365.3640720527314,361.8319737377128,364.89775417122195,5281400
2025-05-21,355.49200439453125,363.1217405788203,355.27372731504056,360.8695413828492,6125500
2025-05-22,355.16461181640625,357.1787016171665,353.7656582683294,354.9562660517521,4936600
2025-05-23,350.76934814453125,353.2100608737363,349.4596855958203,350.97769391596694,5345900
2025-05-27,356.4841613769531,357.17868760310193,351.70195862674956,352.6246629695719,6316000
2025-05-28,356.91082763671875,358.0815727779529,355.2340696469793,356.523869510588,3299000
2025-05-29,359.5599060058594,360.19490493166035,355.90875301774946,357.52598373608265,4590400
2025-05-30,362.3280334472656,364.16354117987345,358.5181308972202,358.5181308972202,8726900
2025-06-02,362.45703125,362.5959183393358,357.139021284952,359.92699717591853,3845700
2025-06-03,362.99273681640625,364.00476244391194,358.6669207156859,361.72276940094224,5221300
2025-06-04,365.11602783203125,366.7630222431617,363.43926973846413,363.8361289304246,4202300
2025-06-05,363.8956298828125,368.09249047225325,363.0622165566623,367.10032742515824,6881900
2025-06-06,367.318603515625,368.0924894791346,364.6695148645267,366.11809470983474,5008500
2025-06-09,363.7864990234375,366.891974141727,359.2126117253219,366.891974141727,4999900
2025-06-10,367.79486083984375,368.52905181991525,363.80634593457904,364.1238453826585,4109300
2025-06-11,370.3843994140625,372.56717031581684,366.48520575077885,367.1003420198875,5562700
2025-06-12,368.4893493652344,371.23766038185704,366.6538416737717,369.3128616496309,4874000
2025-06-13,350.084716796875,360.1650964006132,342.2962312759288,358.6768519168048,14181700
2025-06-16,352.69415283203125,357.3969962788581,351.5531410341287,353.6962169826412,7234700
2025-06-17,355.03564453125,356.7818612982822,350.55107816313534,350.71972893634194,5559600
2025-06-18,337.7124938964844,355.67065275738554,335.3908357860153,355.04558513564075,15008600
2025-06-20,335.91668701171875,337.3354730580547,332.2952975478082,336.29371385556556,19332100
2025-06-23,341.05609130859375,341.6017689433206,332.99973117444733,334.85507146661934,7553300
2025-06-24,348.874267578125,351.78129779334546,345.19335146278144,348.76511390740455,10172000
2025-06-25,342.5542297363281,348.5369718110771,342.5542297363281,347.70355846933853,6836300
2025-06-26,343.3182067871094,344.19131518637215,339.34955426567194,341.0858397438008,8829500
2025-06-27,345.8779602050781,349.25133893316433,342.9510972571869,343.87380166389084,6601900
2025-06-30,352.26751708984375,352.82312603597677,346.3244694633048,346.61220525704334,7080100
2025-07-01,352.6842041015625,354.2022123720203,348.6659558204723,351.047141108467,6653400
2025-07-02,351.4440002441406,353.567213447281,347.2570709207595,351.8210270514008,5131400
2025-07-03,356.0476379394531,356.1865553080315,350.8387816292382,351.8111123740411,3702800
2025-07-07,353.8450622558594,356.8413839154133,351.7118873697056,356.1071929110492,5138000
2025-07-08,351.77142333984375,355.4722026908787,350.48162339060764,353.8847356375311,6966800
2025-07-09,354.956298828125,354.956298828125,350.9777149008622,352.28737752787765,7297100
2025-07-10,353.0910339355469,354.81738816299367,350.6800846982332,354.0335707804008,6121300
2025-07-11,345.20330810546875,351.03723211303384,341.6910724506413,349.747432164549,7580200
2025-07-14,347.7531433105469,349.2116241812169,342.30617794464644,344.66753080938963,5598900
2025-07-15,344.3004150390625,347.4654176306237,344.04247323214094,345.3918004634653,4891700
2025-07-16,347.1578674316406,347.9218524073836,343.0899926097443,344.5683362384954,5544200
2025-07-17,347.0685729980469,348.61634501805867,345.74900939219117,347.25708641008555,4747100
2025-07-18,346.31451416015625,346.7609996616444,344.4393416664182,346.7609996616444,4927600
2025-07-21,348.1897277832031,350.878481360664,345.6696249802432,346.32445627290593,5216300
2025-07-22,349.10247802734375,351.7019706655247,347.4555140009124,348.348454694803,4614200
2025-07-23,352.50567626953125,352.99182655459333,348.45763340635915,350.2336140348044,4385600
2025-07-24,351.19598388671875,354.3808190519768,351.08683019778255,352.03932860182005,5887200
2025-07-25,354.241943359375,354.8471483537365,350.24352703305897,351.22575887301724,3915400
2025-07-28,352.6842041015625,355.5118748778622,351.95001312635435,353.5870761194498,3921000
2025-07-29,348.5369567871094,355.51186162685207,348.0607076358962,353.4977719015327,7402300
2025-07-30,348.15997314453125,353.8252162293928,344.50882003461373,348.94379050771136,12129700
2025-07-31,342.7626037597656,350.05500894918674,342.385576919189,346.1954797719768,8641700
2025-08-01,336.6905212402344,343.4570801898546,335.4503174860552,341.4032955061151,8658700
2025-08-04,339.46856689453125,341.68110130105504,337.3354224845028,339.0221117082902,7335300
2025-08-05,334.78558349609375,339.7761626172852,332.920312046224,339.4685944822976,7295600
2025-08-06,337.0774841308594,338.7542422032053,332.80126356389377,335.6487668351514,5944100
2025-08-07,329.4874267578125,339.4685847129542,326.1240097312719,338.75422609906036,8797100
2025-08-08,334.14068603515625,334.7359899480391,330.122437610423,331.0649743839406,6073900
2025-08-11,333.2676086425781,335.21224001222043,331.88851755665985,334.091121044159,5715800
2025-08-12,334.6888732910156,336.587242929882,332.7706363935579,333.1582754237832,5682800
2025-08-13,340.4635009765625,341.38785935835847,334.728657215954,334.9274511399668,5693400
2025-08-14,343.38555908203125,343.97196166407275,339.5888503248866,340.85110364571915,6224000
2025-08-15,342.3717956542969,346.2380854537843,340.77158657311065,344.14095226059266,4946600
2025-08-18,340.6523132324219,343.624121351659,338.87323821047045,341.74561904560153,3999600
2025-08-19,340.3641357421875,344.2304258270316,339.80754915070196,340.47345116865694,4457200
2025-08-20,341.8350830078125,345.32371297653333,340.7616747345022,341.30831250051983,5834400
2025-08-21,341.5965576171875,342.4214886711618,337.65073800912535,340.8014426174124,6073600
2025-08-22,347.9078674316406,349.060805354294,343.11721942501816,343.11721942501816,4973200
2025-08-25,346.6952819824219,348.5837026746853,345.38331505999844,347.4804481116551,8019800
2025-08-26,349.0408935546875,351.247372357374,345.3336330532158,346.56607028891256,5876200
2025-08-27,348.2159729003906,351.27719882331735,347.70906967894945,348.57376552844954,5531100
2025-08-28,347.72894287109375,348.9017783903599,346.47663831982425,348.46445606080806,4987100
2025-08-29,349.6372985839844,350.48212728045485,346.8742328422338,348.3253314552322,3671900
2025-09-02,347.93768310546875,348.0370800581514,343.97196611477676,347.18230266311,4940300
2025-09-03,348.7328186035156,348.75271619423893,345.14482195436545,347.21213916614755,4176400
2025-09-04,348.8520812988281,350.4821064829821,347.0232925301605,348.5936856057911,4324000
2025-09-05,341.1294250488281,350.47216294861687,338.1278309918862,349.239725578376,5448300
2025-09-08,340.21502685546875,342.28237449005013,338.92295733262625,340.25479170697463,4711600
2025-09-09,341.89471435546875,344.2105390887196,339.2111785123135,339.6087360077781,4646200
2025-09-10,336.0604553222656,340.52309635014575,334.39069573479895,340.52309635014575,6557900
2025-09-11,341.39776611328125,341.4375309630588,335.812002821413,336.6667802673183,5157600
2025-09-12,337.36248779296875,341.0995949314907,337.10409210670593,339.14159320178965,3518300
2025-09-15,336.9847717285156,340.6224816326805,336.3288186022391,338.5352670540036,4367500
2025-09-16,337.9588623046875,338.4657655802034,331.4388219565332,334.1919388550944,5527700
2025-09-17,344.09124755859375,344.09124755859375,337.4519135514395,337.869368604139,5763500
2025-09-18,336.1201171875,343.1669279142228,336.1201171875,342.63023892681883,7526600
2025-09-19,339.5291748046875,340.60261330769913,336.1896557546287,338.3762672743266,13674300
2025-09-22,342.262451171875,342.7594056174132,336.5971886917546,336.9450628699698,5621800
2025-09-23,336.636962890625,343.15700297065035,335.5734730680278,342.49107064918775,10142700
2025-09-24,336.6170349121094,337.82960489670654,335.8616848276502,337.0643060178169,5207400
2025-09-25,332.889892578125,338.1278117672275,332.4724678359285,336.2890742801839,5398700
2025-09-26,335.3150634765625,337.43209443018236,334.1820230262148,335.1759319936086,9619200
2025-09-29,338.0880432128906,338.5651303875767,333.5061075720199,335.32497778101134,7217800
2025-09-30,339.3006286621094,343.5048439405291,336.4481149425282,337.75013318852734,8164400
2025-10-01,345.7113037109375,347.2319830459177,338.23712004026567,338.23712004026567,8381000
2025-10-02,343.8427734375,345.06526189168704,341.4673167637676,344.11111790341386,5198000
2025-10-03,347.7090759277344,351.0088606603595,343.8924695013947,344.0017849180358,5199700
2025-10-06,347.1524963378906,348.98128505806847,342.25253278341745,347.8780607479444,4735600
2025-10-07,350.27337646484375,352.28106145798284,347.9277357648328,347.9277357648328,5044600
2025-10-08,349.2198181152344,352.83766108671625,348.96142242562325,351.62509100999563,3927500
2025-10-09,344.9261779785156,350.7206539366885,343.47504904123696,349.3291874428617,4434800
2025-10-10,341.5567932128906,348.26567840170134,341.15923571248493,345.5125616214063,6296200
2025-10-13,341.2088928222656,345.54235113946817,338.654570154181,341.62634788123336,4030700
2025-10-14,346.25799560546875,347.87807200376733,338.1476951502928,338.922942897318,5731000
2025-10-15,343.5843811035156,347.9476255421836,341.90467258202773,346.257998556928,3778200
2025-10-16,333.3570556640625,343.58438724938117,332.13456706821194,342.8985876475505,6241500
2025-10-17,339.8074951171875,341.3579904228775,334.9472665127324,335.71256537140965,6267100
2025-10-20,342.3121643066406,342.8588020632433,336.8754814672657,339.8174432876053,4665000
2025-10-21,345.0950927734375,347.5202328604371,340.9107448931331,341.03000910533115,4121800
2025-10-22,343.25634765625,346.04925944438435,342.40160060003063,345.70138527874275,5074400
2025-10-23,343.85272216796875,345.0354762117039,342.36185878494393,344.0912809348041,7217200
2025-10-24,345.26409912109375,346.95372615282054,343.21664909155203,346.07911174729423,3576700
2025-10-27,345.7013854980469,347.39101235386323,342.90850403983194,346.87419066826493,5400300
2025-10-28,344.7869873046875,347.75879550642543,344.3894298156831,346.45674695752103,7445400
2025-10-29,339.20123291015625,348.8421615073119,336.9351217998146,343.89248419686095,8361700
2025-10-30,342.9283752441406,347.5898102579444,339.7081202204845,340.13549375378375,6411800
2025-10-31,338.6645202636719,340.9107641593183,336.1101973568976,339.99635459463684,7301600
2025-11-03,334.847900390625,339.1316452981042,332.78058323662754,338.92293292319545,5538000
2025-11-04,338.2271728515625,338.2470704410406,332.2140363825504,334.4304640592759,5920200
2025-11-05,337.9687805175781,340.02614882560056,334.31117282530045,338.0582286760407,4984600
2025-11-06,334.90753173828125,336.5872401922106,331.67732783944683,336.52760808522896,8507900
2025-11-07,333.9732666015625,336.22945927726096,332.8104101431719,334.67896377827793,5318400
2025-11-10,332.8103942871094,336.6170519487371,332.28362379436834,334.5994181371036,5295800
2025-11-11,336.8556213378906,337.02456886695035,331.1704611557986,333.4564395175788,4453300
2025-11-12,337.4830017089844,342.84082799232743,336.00909193847133,336.8555939661864,6389600
2025-11-13,334.6945495605469,340.0523762173844,334.21654773596754,337.6423693070657,4961700
2025-11-14,328.6595153808594,334.69453121965483,327.673606279917,334.5053424356423,6422300
2025-11-17,324.4071350097656,331.9857491168007,323.5905080665981,329.79483658587384,6494800
2025-11-18,319.85595703125,323.66021671870755,316.6890735893815,323.16227792375565,9170400
2025-11-19,322.7838439941406,323.2320010724391,318.5513641791292,320.1945561466027,7066700
2025-11-20,322.4352722167969,327.04619026174174,321.8078948722729,322.783835447158,6510300
2025-11-21,326.6279602050781,329.71515658413585,322.9531692720462,324.03867225561385,8930000
2025-11-24,327.9424743652344,329.36660239989675,324.65609051367585,327.8827241418804,9337100
2025-11-25,333.15093994140625,334.67463148862754,327.54414406232837,327.54414406232837,5854300
2025-11-26,332.41400146484375,334.3260694883636,331.6869998564479,333.150941183099,4309900
2025-11-28,333.0613098144531,333.63890545499686,330.6313660183978,332.0554637045118,4586200
2025-12-01,329.02801513671875,331.92599221046623,328.77904573650335,331.56749086220685,7082300
2025-12-02,328.26116943359375,331.42805290548716,325.8611007721583,330.0836424597886,8201900
2025-12-03,328.2511901855469,330.97991538482256,327.9922826845987,328.2511901855469,6296700
2025-12-04,325.7515563964844,331.0097887047503,322.94317437944756,329.91431730890923,6277500
2025-12-05,329.8744812011719,332.73264500458896,325.05443734158973,325.4826574086876,5266600
2025-12-08,325.4926452636719,329.97409465817094,323.37142102092514,328.52012180876346,6059400
2025-12-09,325.154052734375,326.8769320099633,323.7299549888597,325.26358468782666,4325400
2025-12-10,324.38720703125,327.40471480815995,323.9589565847219,325.29345925359206,5467500
2025-12-11,344.2052001953125,345.888235870621,328.6993777482935,331.22891551223586,12953600
2025-12-12,346.3960876464844,348.39781132133226,344.54376992307505,346.56540020862116,6942300
2025-12-15,345.4599914550781,347.013558062661,342.41257807214174,346.3960884283587,7004600
2025-12-16,343.68731689453125,346.18697949005985,342.30306278210855,344.57366257997035,7269300
2025-12-17,342.9902038574219,346.356274968795,342.26320227687404,344.1254885044418,7263500
2025-12-18,344.5836181640625,346.09734117529985,342.8507704733419,343.74708462692297,6805000
2025-12-19,347.81024169921875,348.46752454314327,344.62342131505847,344.62342131505847,18623900
2025-12-22,350.6385498046875,351.9829906785768,348.1488557388826,348.55716921268737,5043500
2025-12-23,351.9232177734375,354.9108504598721,350.54890187499416,350.54890187499416,3703200
2025-12-24,353.67596435546875,354.5224359515592,351.55474033131503,351.9232101586524,2023600
2025-12-26,353.53656005859375,355.25943930639664,352.25186940107864,353.6361539003453,2017000
2025-12-29,353.14813232421875,355.0801372512876,352.34147391971567,354.0245094530053,3989900
2025-12-30,352.1622314453125,353.40707844317745,351.2061974606485,352.540669795347,3366500
2025-12-31,349.26422119140625,353.7357322383478,349.2443145806378,352.1921037382886,3503200
2026-01-02,345.0516662597656,348.6069260340118,342.064033594226,348.4276753681045,5403800
2026-01-05,352.34149169921875,356.0660946845086,342.63168485186065,343.07984193998647,7592200
2026-01-06,356.08599853515625,357.1416263785221,350.5489214123709,352.2219885159953,6775400
2026-01-07,354.41290283203125,356.8030028431636,353.0485554686327,355.6776563633471,6333900
2026-01-08,350.7779846191406,354.8809955460086,348.05922777871496,353.53655468224264,6357600
2026-01-09,348.3280944824219,353.23779410971,347.72062373923114,350.7082565158282,4902900
2026-01-12,341.7851867675781,345.0815390214404,335.92942192030296,341.36690482487097,13281300
2026-01-13,326.5283508300781,336.1285950456492,322.49502833379734,335.6107496370988,20383500
2026-01-14,327.81304931640625,328.5400205277584,322.6045984264441,327.30514200519735,9388400
2026-01-15,326.39886474609375,330.3226246971901,325.0245488739532,327.97233789178887,8587700
2026-01-16,326.94659423828125,327.8926900869644,324.058555362187,325.4328712721598,8341600
2026-01-20,324.4768371582031,326.9665310832551,320.23438898454765,320.90164032884104,8279900
2026-01-21,323.9390563964844,327.3150959639532,321.668456741042,325.0843095294372,8974600
2026-01-22,325.01458740234375,327.0362480346291,322.6643309378835,325.1141812371603,6938700
2026-01-23,324.8353271484375,326.4486438928325,323.28176062481486,324.51663904313784,5667900
2026-01-26,327.13580322265625,330.63134311164293,323.69007544570655,326.6478329536713,7540200
2026-01-27,323.9191589355469,327.5740127198232,323.5705956960795,327.1258860334559,6365800
2026-01-28,325.6320495605469,327.03624054150487,323.5407006444015,325.38308017509553,8106000
2026-01-29,330.4321594238281,331.9857259727928,322.1763564041472,328.6395919878754,10214200
2026-01-30,320.5032653808594,331.6272312240268,320.2742329902072,330.8504479341279,11199100
2026-02-02,332.4637756347656,333.31027767642445,322.7738756079028,323.49090869837266,8502400
2026-02-03,327.5740051269531,334.4057411301331,327.51425490348913,330.28279336048513,9081200
2026-02-04,328.5898132324219,329.9441921266053,323.0826115387165,325.7614942159401,8472300
2026-02-05,327.773193359375,336.19830919167754,327.46447374035984,331.62723473824406,8339000
2026-02-06,330.21307373046875,333.74845736517926,325.7515616346053,330.41226140265053,7798800
2026-02-09,324.2378234863281,331.44799815131194,322.28591185276315,329.39649267698104,8513400
2026-02-10,327.4910888671875,329.1975426584034,323.8785524124587,324.03822505585356,5801800
2026-02-11,328.558837890625,330.3551322103828,325.74469522888825,326.24366079752514,8264300
2026-02-12,323.50933837890625,331.55266164507725,323.3297180668246,328.20961639281825,9392600
2026-02-13,313.4302062988281,325.8045770845193,312.1728337423736,323.1600351388152,11653900
2026-02-17,318.8390197753906,320.71513531219466,313.7595536000123,313.7595536000123,8591700
2026-02-18,319.6373596191406,321.61327441091976,316.0647792287517,318.83902681983574,7091900
2026-02-19,318.2701721191406,319.5375641615583,315.07681073429376,316.83314883690497,5967600
2026-02-20,320.2860107421875,321.68310824371105,317.162481409299,317.4518595119579,6831100
2026-02-23,305.8858642578125,319.85690123125556,304.0796111997443,318.3799825277642,13048000
2026-02-24,306.58441162109375,308.6301583134982,302.45296200827346,304.86796881092005,9120200
2026-02-25,312.34246826171875,313.2905150583614,307.6122842445478,307.9116514148336,7624200
2026-02-26,316.0448303222656,318.7592044654264,313.29053040296367,313.82942179031494,8725500
2026-02-27,319.4776916503906,319.56750179898404,311.3046331295279,313.80941959658975,12412900
2026-03-02,319.846923828125,321.9325962848922,313.94914705503476,314.84727900250533,6674900
2026-03-03,320.166259765625,321.37377846847016,313.6996849538386,315.1566560071252,5474300
2026-03-04,319.8070068359375,325.09602991416637,319.13837954462343,320.7750012998144,5257900
2026-03-05,319.13836669921875,322.1321601221174,314.11877427833633,318.669337844787,8267200
2026-03-06,316.70343017578125,317.032764525398,311.65390075349916,315.39614274359616,6439700
2026-03-09,315.3163146972656,315.74541779360504,309.5083479475934,312.8114977016857,8381500
2026-03-10,313.77947998046875,316.47390623113745,310.8056646841637,314.7774111170955,5271300
2026-03-11,308.32080078125,314.42813457039836,307.75200316890374,312.6019339587185,6376700
2026-03-12,305.86590576171875,310.3067116813087,305.3868878331418,307.5025275101912,7514900
2026-03-13,306.5046081542969,309.7079588288859,305.78609646094156,306.95365892861656,4814100
2026-03-16,309.4684143066406,310.48632357047774,306.74408175799863,307.2131106166737,6401200
2026-03-17,307.82183837890625,312.04309816703056,306.7440861215353,310.67593734480056,6872200
2026-03-18,298.4013671875,307.3029266148368,297.88245394322496,306.7740243134503,7191700
2026-03-19,299.0899353027344,301.8442350116896,296.41548713996315,297.4234073430545,6826400
2026-03-20,300.9960021972656,302.2933310235784,298.3914163961535,299.22967494551517,14398100
2026-03-23,303.8101806640625,307.2131297520358,302.2234736912733,304.5686181307204,7824500
2026-03-24,303.131591796875,305.4068737202475,299.99807320309833,301.37522313516865,5375900
2026-03-25,304.2792053222656,307.851785612155,301.5448835843987,304.84803341435196,6280900
2026-03-26,304.8979187011719,307.2330740575747,302.37315398017523,303.53075782816387,7652700
2026-03-27,294.9085998535156,303.95984261233536,293.71110075686363,303.690412167838,9974400
2026-03-30,298.9203186035156,300.05794432922346,295.2778758335563,298.1119967721213,9330300
2026-03-31,301.6147155761719,302.71244598499914,295.9764103976488,300.97605544568177,10246900
2026-04-01,297.8924560546875,304.41890425868155,293.2820187246287,304.41890425868155,7707600
2026-04-02,300.17767333984375,301.84423173587874,295.23793249238884,297.18387993371056,4376000
2026-04-06,302.70245361328125,303.79022540723855,298.84046479152994,300.1178154929676,5501000
2026-04-07,301.924072265625,304.3490682260976,300.4970379592236,301.81431445179874,4413900
2026-04-08,308.32080078125,310.4364099548042,307.0634282363584,307.09336495279763,6879300
2026-04-09,307.6522216796875,308.93953101515194,302.9619328044834,307.36281310114674,4811500
2026-04-10,303.7303161621094,308.3607314071977,302.8820990315011,308.0713228407691,5190000
2026-04-13,308.74993896484375,309.10917956751626,301.7145059514164,303.30121285543817,6787200
2026-04-14,310.725830078125,311.47427847139704,306.8538521842199,307.83183571502826,5571000
2026-04-15,315.2564392089844,316.07475007651544,310.87550675955816,312.3524558530697,4831400
2026-04-16,314.4481201171875,317.3421144410126,313.91921781129685,315.6955340890468,5695800
2026-04-17,316.3641357421875,318.7791426284462,314.52794600217567,315.9450216957469,8082300
2026-04-20,313.29052734375,316.8930444033761,311.70382037012894,315.74542959968784,5506800
2026-04-21,309.2987976074219,316.23443160774116,308.1811195395908,313.3603848879222,6806900
2026-04-22,310.64599609375,310.7158281288479,307.42266751686486,310.3665765900329,5666600
2026-04-23,308.2409973144531,311.5541362439113,304.37900840074366,309.8576410034995,7275000
2026-04-24,308.7798767089844,309.33871572907344,303.87004194169583,306.4646690803624,5616900
2026-04-27,309.0093994140625,310.17699235362977,305.42682995132543,306.8738424172374,6261500
2026-04-28,308.66009521484375,313.31045806908014,308.1012562023077,311.55411993872787,8839900
2026-04-29,334.167236328125,341.27253225190367,333.09947305974015,335.70405894620507,16658600
2026-04-30,329.1576232910156,331.8121239370452,327.401254633927,331.4329052084062,11241100
2026-05-01,327.35137939453125,335.1552089039801,327.2515801808754,332.19135193962137,6726100
2026-05-04,326.173828125,329.1077483731355,324.72681566190226,327.32144294688226,6712400
2026-05-05,321.36376953125,324.90641295969726,318.9886885029524,324.4373840973491,5893200
2026-05-06,318.14044189453125,323.9084827860181,317.3421091476348,323.08021332247415,7808400
2026-05-07,320.6153259277344,323.02034370833087,318.87893543276164,318.87893543276164,7186100
2026-05-08,318.1304931640625,320.4057750632095,315.5059292568937,320.3259235133766,5950200
2026-05-11,323.1899719238281,324.5072483684324,317.352098982156,318.43984029560517,9586200
2026-05-12,326.4200134277344,328.9100036621094,324.20001220703125,324.32000732421875,6235200
2026-05-13,320.30999755859375,325.4200134277344,319.79998779296875,323.7900085449219,7950400
2026-05-14,322.5199890136719,323.3299865722656,320.25,321.3699951171875,5277400
2026-05-15,325.75,329.010009765625,323.8399963378906,324.0,6054500
2026-05-18,332.6400146484375,333.42999267578125,323.7699890136719,324.42999267578125,5305800
2026-05-19,329.9100036621094,335.1700134277344,329.489990234375,333.3299865722656,12858100
2026-05-20,330.75,331.6600036621094,326.82000732421875,330.0899963378906,9422500
2026-05-21,331.1199951171875,332.5199890136719,327.239990234375,329.8399963378906,7034500
2026-05-22,328.8800048828125,333.42999267578125,328.82000732421875,330.5199890136719,7462100
2026-05-26,326.4800109863281,328.5,324.510009765625,326.4599914550781,8705100
2026-05-27,327.6099853515625,331.4599914550781,325.6600036621094,325.8299865722656,5917400
2026-05-28,324.95001220703125,327.0799865722656,320.8999938964844,326.010009765625,8105400
2026-05-29,326.3599853515625,331.6700134277344,325.3500061035156,325.5,14104500
2026-06-01,322.7699890136719,327.8599853515625,318.67999267578125,327.260009765625,10079300
2026-06-02,317.32000732421875,323.5,313.3900146484375,322.510009765625,10125300
2026-06-03,312.3999938964844,317.6499938964844,309.0,317.6499938964844,8992800
2026-06-04,320.17999267578125,324.760009765625,316.70001220703125,316.7900085449219,6981700
2026-06-05,323.57000732421875,325.9800109863281,320.9700012207031,322.3999938964844,7176300
2026-06-08,319.6700134277344,323.9200134277344,318.42999267578125,321.3500061035156,5582000
2026-06-09,325.04998779296875,325.489990234375,317.0,318.6600036621094,6340400
2026-06-10,322.9599914550781,326.8999938964844,320.17999267578125,326.6199951171875,5793100
2026-06-11,319.04998779296875,323.7099914550781,317.9599914550781,322.0,5958900
2026-06-12,322.3900146484375,325.92999267578125,319.79998779296875,321.760009765625,5543200
2026-06-15,323.82000732421875,326.44000244140625,322.75,323.3599853515625,6803000
2026-06-16,333.1199951171875,333.2900085449219,324.3800048828125,325.69000244140625,9248400
2026-06-17,330.3800048828125,336.82000732421875,329.9700012207031,333.5,6895200
2026-06-18,327.239990234375,332.3299865722656,327.0,331.0,14716700
