Date,Close,Close,High,High,Low,Low,Open,Open,Volume,Volume
2014-07-14,3819.82080078125,30356.123046875,3819.82080078125,30356.123046875,3796.386436681046,30118.967348337883,3796.386436681046,30118.967348337883,181219.0,256595
2014-07-15,4077.60107421875,30593.28125,4077.6010742187505,30830.439255251153,4077.6010742187505,30356.123244748844,4077.6010742187505,30356.123244748844,229159.0,276626
2014-07-16,4358.8154296875,30593.28125,4358.8154296875,30830.439255251153,4358.8154296875,30593.28125,4358.8154296875,30830.439255251153,293929.0,455586
2014-07-17,4663.46337890625,30593.28125,4663.46337890625,30593.28125,4663.46337890625,30356.123244748844,4663.46337890625,30356.123244748844,1617039.0,191600
2014-07-18,4968.111328125,31541.91015625,4968.111328125,31779.065850245923,4968.111328125,30593.28046476203,4968.111328125,30593.28046476203,2285819.0,1147787
2014-07-21,4968.111328125,32964.84765625,4968.111328125,32964.84765625,4968.111328125,32964.84765625,5296.1940122100295,32016.218134104554,5287508.0,1750558
2014-07-22,5108.71826171875,32490.5234375,5108.71826171875,32490.523437500004,5108.71826171875,32490.523437500004,4874.373415882038,32727.68133370696,9671127.0,399300
2014-07-23,5108.71826171875,32253.373046875,5108.71826171875,32253.373046875004,5108.71826171875,32253.373046875004,5155.587386505701,32490.528676152964,396609.0,652810
2014-07-24,5061.85009765625,32490.5234375,5061.85009765625,32490.523437500004,5061.85009765625,32490.523437500004,5061.85009765625,32253.36784646014,571029.0,337092
2014-07-25,5061.85009765625,32253.373046875,5061.85009765625,32253.373046875004,5061.85009765625,32253.373046875004,5061.85009765625,32490.528676152964,1353709.0,381857
2014-07-28,5061.85009765625,32016.216796875,5061.85009765625,32016.216796874996,5061.85009765625,32016.216796874996,5061.85009765625,32016.216796874996,1594769.0,558179
2014-07-29,4968.111328125,32253.373046875,4968.111328125,32253.373046875004,4968.111328125,32253.373046875004,5061.849182285152,32253.373046875004,430099.0,296881
2014-07-30,4968.111328125,32016.216796875,4968.111328125,32016.216796874996,4968.111328125,32016.216796874996,5014.980060680578,32253.37474379784,274719.0,276128
2014-07-31,4827.50390625,32253.373046875,4827.50390625,32253.373046875004,4827.50390625,32253.373046875004,4921.241751747825,32253.373046875004,635799.0,219892
2014-08-01,4827.50390625,32016.216796875,4827.50390625,32016.216796874996,4827.50390625,32016.216796874996,4921.241751747825,32016.216796874996,480929.0,323879
2014-08-04,4827.50390625,32490.5234375,4827.50390625,32490.523437500004,4827.50390625,32490.523437500004,4827.50390625,32016.20995025318,226949.0,260701
2014-08-05,4874.37353515625,32490.5234375,4874.37353515625,32490.523437500004,4874.37353515625,32490.523437500004,4874.37353515625,32490.523437500004,362779.0,250150
2014-08-06,5014.98046875,32727.69921875,5014.98046875,32727.69921875,5014.98046875,32727.69921875,4874.37348154407,32727.69921875,353599.0,151737
2014-08-07,5014.98046875,33202.015625,5014.98046875,33202.015625,5014.98046875,33202.015625,5014.98046875,32727.70184055297,293249.0,615585
2014-08-08,5014.98046875,33202.015625,5014.98046875,33202.015625,5014.98046875,33202.015625,4968.111732380708,33202.015625,156229.0,681625
2014-08-11,5343.06396484375,32727.69921875,5343.06396484375,32727.69921875,5343.06396484375,32727.69921875,5343.06396484375,33202.012965199945,3047249.0,635367
2014-08-12,5530.53857421875,32490.5234375,5530.53857421875,32490.523437500004,5530.53857421875,32490.523437500004,5389.931605265455,32490.523437500004,1090379.0,660449
2014-08-13,5811.75244140625,32923.74609375,5811.75244140625,32923.74609375,5811.75244140625,32923.74609375,5577.407625685326,32634.940810965778,2499169.0,1539316
2014-08-14,6186.7041015625,33501.3515625,6186.7041015625,33501.3515625,6186.7041015625,33501.3515625,5811.752326042077,32923.74108480788,2546599.0,921922
2014-08-15,6608.525390625,33501.3515625,6608.525390625,33501.3515625,6608.525390625,33501.3515625,6561.655880936144,33501.3515625,1702209.0,493226
2014-08-18,6983.4775390625,33212.5546875,6983.4775390625,33212.5546875,6983.4775390625,33212.5546875,6842.870551302325,33501.35999907528,508469.0,429815
2014-08-19,6514.787109375,32923.74609375,6514.787109375,32923.74609375,6514.787109375,32923.74609375,6796.001053390895,32923.74609375,665549.0,505958
2014-08-20,6514.787109375,32346.126953125,6514.787109375,32346.126953124996,6514.787109375,32346.126953124996,6139.835313703468,32634.932159346085,791349.0,447773
2014-08-21,6327.3115234375,32634.9375,6327.3115234375,32634.937499999996,6327.3115234375,32634.937499999996,6421.049771644705,32634.937499999996,995689.0,360225
2014-08-22,6608.525390625,32634.9375,6608.525390625,32634.937499999996,6608.525390625,32634.937499999996,6327.311055834781,32634.937499999996,779619.0,490613
2014-08-25,6749.1328125,32346.126953125,6749.1328125,32346.126953124996,6749.1328125,32346.126953124996,6796.00154720895,32634.932159346085,1040229.0,779880
2014-08-26,6280.44287109375,32346.126953125,6280.44287109375,32346.126953124996,6280.44287109375,32346.126953124996,6749.132951155182,32634.932159346085,507959.0,419800
2014-08-27,6421.04931640625,32346.126953125,6421.04931640625,32346.126953124996,6421.04931640625,32346.126953124996,6467.918048137944,32634.932159346085,194649.0,185981
2014-08-28,6421.04931640625,32057.337890625,6421.04931640625,32057.337890625,6421.04931640625,32057.337890625,6421.04931640625,32346.140881891086,86189.0,369411
2014-08-29,6327.3115234375,32057.337890625,6327.3115234375,32057.337890625,6327.3115234375,32057.337890625,6421.049771644705,32057.337890625,267749.0,248894
2014-09-01,6327.3115234375,32057.337890625,6327.3115234375,32057.337890625,6327.3115234375,32057.337890625,6327.3115234375,32057.337890625,0.0,0
2014-09-02,6327.3115234375,32057.337890625,6327.3115234375,32057.337890625,6327.3115234375,32057.337890625,6327.3115234375,32057.337890625,0.0,0
2014-09-03,6327.3115234375,32346.126953125,6374.180647541102,32346.126953124996,6327.3115234375,32346.126953124996,6374.180647541102,32346.126953124996,427039.0,357281
2014-09-04,6186.7041015625,32057.337890625,6280.441948180365,32346.140881891086,6186.7041015625,32057.337890625,6280.441948180365,32346.140881891086,641749.0,133477
2014-09-05,6374.1806640625,32057.337890625,6374.1806640625,32346.140881891086,6233.573680436266,32057.337890625,6233.573680436266,32346.140881891086,760919.0,530240
2014-09-08,6796.00048828125,32057.337890625,6796.00048828125,32057.337890625,6467.91745119422,32057.337890625,6467.91745119422,32057.337890625,2918899.0,456067
2014-09-09,6983.4775390625,31768.51953125,7264.691514582852,32057.324743391542,6983.4775390625,31768.51953125,7264.691514582852,32057.324743391542,1509769.0,677693
2014-09-10,7124.08349609375,31479.720703125,7124.08349609375,31479.720703125004,7124.08349609375,31479.720703125004,7170.952225866713,31479.720703125004,401879.0,374409
2014-09-11,7124.08349609375,31479.720703125,7124.08349609375,31479.720703125004,7124.08349609375,31479.720703125004,7077.214766320788,31479.720703125004,439619.0,171590
2014-09-12,7077.2158203125,31479.720703125,7077.2158203125,31479.720703125004,7077.2158203125,31479.720703125004,7124.084557065504,31479.720703125004,759389.0,197220
2014-09-15,7124.08349609375,31190.91015625,7124.08349609375,31190.91015625,7124.08349609375,31190.91015625,7077.214766320788,31479.715378107143,246499.0,475828
2014-09-16,7124.08349609375,31190.91015625,7124.08349609375,31190.91015625,7077.214766320788,31190.91015625,7077.214766320788,31190.91015625,1120299.0,169433
2014-09-17,7124.08349609375,30902.111328125,7124.08349609375,30902.111328125004,7124.08349609375,30902.111328125004,7217.821733737621,31190.9142485553,109309.0,208852
2014-09-18,7217.8232421875,30902.111328125,7217.8232421875,30902.111328125004,7217.8232421875,30902.111328125004,7030.346727719119,30902.111328125004,221509.0,342724
2014-09-19,7686.51171875,30613.30859375,7686.51171875,30613.30859375,7358.429039076777,30613.30859375,7358.429039076777,30613.30859375,342039.0,126531
2014-09-22,8202.0712890625,31190.91015625,8202.0712890625,31190.91015625,8202.0712890625,30613.302051854036,8202.0712890625,30613.302051854036,486029.0,287483
2014-09-23,8155.2021484375,31190.91015625,8436.41612294887,31190.91015625,8155.202148437501,30902.10727371118,8436.41612294887,30902.10727371118,231539.0,265234
2014-09-24,8108.33154296875,30613.30859375,8342.676749562841,30902.113877323245,8108.33154296875,30613.30859375,8342.676749562841,30902.113877323245,98429.0,125929
2014-09-25,7545.904296875,30613.30859375,7967.725193453303,30613.30859375,7545.904296875,30613.30859375,7967.725193453303,30613.30859375,511699.0,237841
2014-09-26,7827.119140625,30613.30859375,7967.726122546876,30613.30859375,7827.119140625,30613.30859375,7967.726122546876,30613.30859375,443359.0,233176
2014-09-29,7873.9873046875,30324.50390625,7967.725545209197,30613.309195500144,7873.9873046875,30324.50390625,7967.725545209197,30613.309195500144,194139.0,174804
2014-09-30,7920.8564453125,30324.50390625,7920.8564453125,30324.50390625,7733.380732676834,30324.50390625,7733.380732676834,30324.50390625,212669.0,451111
2014-10-01,7967.72705078125,30902.111328125,7967.72705078125,30902.111328125004,7920.857532615009,30613.306068376078,7920.857532615009,30613.306068376078,418029.0,344424
2014-10-02,8061.4638671875,31190.91015625,8061.463867187501,31190.91015625,7920.8568804617025,30902.10727371118,7920.8568804617025,30902.10727371118,868189.0,182269
2014-10-03,8202.0712890625,30902.111328125,8202.0712890625,30902.111328125004,8202.0712890625,30902.111328125004,8202.0712890625,30902.111328125004,380799.0,404766
2014-10-06,8202.0712890625,30902.111328125,8248.940027758303,30902.111328125004,8202.0712890625,30613.306068376078,8248.940027758303,30613.306068376078,327249.0,537580
2014-10-07,8202.0712890625,30613.30859375,8202.0712890625,30902.113877323245,8155.202550366698,30613.30859375,8155.202550366698,30902.113877323245,645319.0,269360
2014-10-08,8764.4990234375,31768.51953125,8764.4990234375,31768.51953125,8764.4990234375,30613.301022002077,8764.4990234375,30613.301022002077,1388999.0,881259
2014-10-09,9322.240234375,31768.51953125,9322.240234375,31768.51953125,9242.562987365764,31768.51953125,9242.562987365764,31768.51953125,2713399.0,440017
2014-10-10,9322.240234375,31768.51953125,9322.240234375,31768.51953125,9242.562987365764,31768.51953125,9242.562987365764,31768.51953125,635999.0,283170
2014-10-13,8923.8525390625,31479.720703125,9162.884240975944,31479.720703125004,8923.8525390625,31479.720703125004,9162.884240975944,31479.720703125004,171499.0,185773
2014-10-14,8923.8525390625,31190.91015625,9003.529773033648,31479.715378107143,8923.8525390625,31190.91015625,9003.529773033648,31479.715378107143,348799.0,221667
2014-10-15,9003.5302734375,30613.30859375,9003.5302734375,31190.91682157767,8923.853035038,30613.30859375,8923.853035038,31190.91682157767,941899.0,418058
2014-10-16,8525.466796875,30324.50390625,8923.85298671523,30902.114484750287,8525.466796875,30324.50390625,8923.85298671523,30902.114484750287,376799.0,607150
2014-10-17,8684.8212890625,30902.111328125,8764.498527179641,30902.111328125004,8684.8212890625,30324.500808627155,8764.498527179641,30324.500808627155,594099.0,305690
2014-10-20,8605.14453125,30613.30859375,8844.176258943216,30902.113877323245,8605.14453125,30613.30859375,8844.176258943216,30902.113877323245,77599.0,132565
2014-10-21,8605.14453125,30902.111328125,8605.14453125,30902.111328125004,8605.14453125,30613.306068376078,8605.14453125,30613.306068376078,142599.0,357654
2014-10-22,8525.466796875,30902.111328125,8684.821272811092,30902.111328125004,8525.466796875,30902.111328125004,8684.821272811092,30902.111328125004,151499.0,191185
2014-10-23,8366.1142578125,30902.111328125,8525.468770641412,30902.111328125004,8366.1142578125,30902.111328125004,8525.468770641412,30902.111328125004,210999.0,309298
2014-10-24,8605.14453125,30613.30859375,8605.14453125,30902.113877323245,8366.112803556784,30613.30859375,8366.112803556784,30902.113877323245,170399.0,197842
2014-10-27,8684.8212890625,30035.701171875,8764.498527179641,30324.50648569129,8684.8212890625,30035.701171875,8764.498527179641,30324.50648569129,268899.0,272533
2014-10-28,8445.7900390625,29746.888671875,8605.144524058127,30035.693915922395,8445.7900390625,29746.888671874996,8605.144524058127,30035.693915922395,281399.0,228676
2014-10-29,8366.1142578125,30035.701171875,8525.468770641412,30035.701171875,8366.1142578125,30035.701171875,8525.468770641412,30035.701171875,213199.0,494304
2014-10-30,8525.466796875,30035.701171875,8525.466796875,30035.701171875,8366.112320938908,30035.701171875,8366.112320938908,30035.701171875,653499.0,102705
2014-10-31,8445.7900390625,30324.50390625,8525.467281560313,30324.50390625,8445.7900390625,30035.698616999856,8525.467281560313,30035.698616999856,269299.0,74131
2014-11-03,8206.7587890625,30324.50390625,8366.113283329842,30324.50390625,8206.7587890625,30324.50390625,8366.113283329842,30324.50390625,513299.0,168065
2014-11-04,8206.7587890625,30324.50390625,8206.7587890625,30324.50390625,7967.727047661486,30324.50390625,7967.727047661486,30324.50390625,849599.0,279645
2014-11-05,7967.72705078125,30035.701171875,8206.758792275858,30035.701171875,7967.72705078125,30035.701171875,8206.758792275858,30035.701171875,333199.0,340049
2014-11-06,7728.69287109375,30035.701171875,7888.048109292687,30035.701171875,7728.69287109375,30035.701171875,7888.048109292687,30035.701171875,1767299.0,119833
2014-11-07,8206.7587890625,30035.701171875,8206.7587890625,30035.701171875,7728.694528162355,30035.701171875,7728.694528162355,30035.701171875,1614199.0,186769
2014-11-10,8127.08154296875,30035.701171875,8206.758790112617,30324.50648569129,8127.08154296875,30035.701171875,8206.758790112617,30324.50648569129,679799.0,218640
2014-11-11,8127.08154296875,30035.701171875,8127.08154296875,30324.50648569129,8047.404295824884,30035.701171875,8047.404295824884,30324.50648569129,789199.0,171403
2014-11-12,8047.40234375,30035.701171875,8047.40234375,30324.50648569129,8047.40234375,30035.701171875,8047.40234375,30324.50648569129,644899.0,133602
2014-11-13,8047.40234375,30035.701171875,8047.40234375,30324.50648569129,8047.40234375,30035.701171875,8047.40234375,30324.50648569129,480599.0,141129
2014-11-14,8127.08154296875,30035.701171875,8127.08154296875,30035.701171875,8047.404295824884,30035.701171875,8047.404295824884,30035.701171875,951599.0,234690
2014-11-17,8047.40234375,30035.701171875,8047.40234375,30035.701171875,8047.40234375,30035.701171875,8047.40234375,30035.701171875,181799.0,180838
2014-11-18,7888.0478515625,29746.888671875,7967.725079009659,30035.693915922395,7888.0478515625,29746.888671874996,7967.725079009659,30035.693915922395,213099.0,204353
2014-11-19,7808.37158203125,29169.2890625,7888.048819253058,29746.897380372953,7808.37158203125,29169.289062500004,7888.048819253058,29746.897380372953,151999.0,283419
2014-11-20,7808.37158203125,29169.2890625,7888.048819253058,29458.09439109607,7808.37158203125,29169.289062500004,7888.048819253058,29458.09439109607,252599.0,162881
2014-11-21,7808.37158203125,29169.2890625,7888.048819253058,29169.289062500004,7808.37158203125,29169.289062500004,7888.048819253058,29169.289062500004,139999.0,151642
2014-11-24,7569.33984375,28880.47265625,7688.855711448218,29169.27787406934,7569.33984375,28880.472656249996,7688.855711448218,29169.27787406934,574899.0,193342
2014-11-25,7409.98388671875,28880.47265625,7569.338345439672,28880.472656249996,7409.98388671875,28880.472656249996,7569.338345439672,28880.472656249996,485499.0,189921
2014-11-26,7330.30712890625,28880.47265625,7489.661597878212,28880.472656249996,7330.30712890625,28880.472656249996,7489.661597878212,28880.472656249996,394699.0,158754
2014-11-27,7250.630859375,28736.078125,7330.308104464877,28880.479598963873,7250.630859375,28736.078125,7330.308104464877,28880.479598963873,222499.0,187432
2014-11-28,7091.275390625,28591.669921875,7330.307092909124,28591.669921875004,7091.275390625,28591.669921875004,7330.307092909124,28591.669921875004,380899.0,231330
2014-12-01,6772.56640625,28736.078125,7091.27534037019,28736.078125,6772.56640625,28447.272837753404,7091.27534037019,28447.272837753404,619599.0,104302
2014-12-02,7210.791015625,28736.078125,7210.791015625,28736.078125,6772.566241847543,28736.078125,6772.566241847543,28736.078125,390899.0,84436
2014-12-03,7688.85400390625,28880.47265625,7688.85400390625,28880.472656249996,7649.015390187544,28736.071216999473,7649.015390187544,28736.071216999473,1421699.0,62062
2014-12-04,7967.72705078125,29169.2890625,8206.758792275858,29169.289062500004,7967.72705078125,28880.483733903933,8206.758792275858,28880.483733903933,2578699.0,112969
2014-12-05,7927.88671875,28736.078125,7967.725333747267,28880.479598963873,7927.88671875,28736.078125,7967.725333747267,28880.479598963873,649799.0,99595
2014-12-08,7927.88671875,28736.078125,7927.88671875,28880.479598963873,7808.370873758198,28736.078125,7808.370873758198,28880.479598963873,1321599.0,95986
2014-12-09,7888.0478515625,28447.271484375,7927.886465286079,28736.076757881692,7888.0478515625,28447.271484375,7927.886465286079,28736.076757881692,1809299.0,317613
2014-12-10,7848.20947265625,28591.669921875,7848.209472656251,28591.669921875004,7489.661160318396,28591.669921875004,7489.661160318396,28591.669921875004,169399.0,106686
2014-12-11,7927.88671875,28591.669921875,7927.88671875,28591.669921875004,7649.0156356711805,28447.268470081908,7649.0156356711805,28447.268470081908,1733599.0,57272
2014-12-12,7967.72705078125,28591.669921875,7967.72705078125,28591.669921875004,7927.888427198815,28447.268470081908,7927.888427198815,28447.268470081908,1626599.0,75582
2014-12-15,7967.72705078125,28447.271484375,7967.72705078125,28591.672951468976,7927.888427198815,28447.271484375,7927.888427198815,28591.672951468976,1554699.0,95696
2014-12-16,7967.72705078125,28158.4609375,8047.404297946118,28447.26615692077,7967.72705078125,28158.4609375,8047.404297946118,28447.26615692077,355199.0,191061
2014-12-17,7967.72705078125,26714.4453125,7967.72705078125,28158.46950989562,7967.72705078125,26714.445312499996,7967.72705078125,28158.46950989562,611999.0,482360
2014-12-18,7888.0478515625,27147.654296875,7888.0478515625,27147.654296875004,7888.0478515625,26714.44747052515,7888.0478515625,26714.44747052515,201399.0,214099
2014-12-19,8127.08154296875,27147.654296875,8127.08154296875,27147.654296875004,7888.04980153715,27147.654296875004,7888.04980153715,27147.654296875004,1059699.0,280495
2014-12-22,8127.08154296875,27003.248046875,8127.08154296875,27147.64951712786,8127.08154296875,27003.248046875,8127.08154296875,27147.64951712786,450699.0,187163
2014-12-23,8286.435546875,27580.857421875,8286.435546875,27580.857421875,8127.081062017677,27292.054469278577,8127.081062017677,27292.054469278577,888099.0,508073
2014-12-24,8684.8212890625,27436.45703125,8684.8212890625,27725.26233459347,8286.435098476792,27436.45703125,8286.435098476792,27725.26233459347,3728299.0,165203
2014-12-25,8366.1142578125,27292.05859375,8445.791514226956,27292.058593749996,8366.1142578125,27292.058593749996,8445.791514226956,27292.058593749996,149599.0,185836
2014-12-26,8445.7900390625,27147.654296875,8445.7900390625,27436.45962754797,8366.112796564685,27147.654296875004,8366.112796564685,27436.45962754797,368099.0,227867
2014-12-29,8445.7900390625,27147.654296875,8445.7900390625,27147.654296875004,8445.7900390625,27147.654296875004,8445.7900390625,27147.654296875004,274399.0,201263
2014-12-30,8605.14453125,27147.654296875,8605.14453125,27147.654296875004,8445.79004612119,27147.654296875004,8445.79004612119,27147.654296875004,427599.0,104447
2014-12-31,8684.8212890625,27580.857421875,8684.8212890625,27580.857421875,8605.144050945359,27436.45594557679,8605.144050945359,27436.45594557679,571499.0,211942
2015-01-01,8684.8212890625,27580.857421875,8684.8212890625,27580.857421875,8684.8212890625,27580.857421875,8684.8212890625,27580.857421875,0.0,0
2015-01-02,8684.8212890625,27580.857421875,8684.8212890625,27580.857421875,8684.8212890625,27580.857421875,8684.8212890625,27580.857421875,0.0,0
2015-01-05,8605.14453125,27725.263671875,8764.499016378812,27725.263671875,8605.14453125,27725.263671875,8764.499016378812,27725.263671875,180299.0,145753
2015-01-06,8605.14453125,27725.263671875,8605.14453125,27725.263671875,8605.14453125,27725.263671875,8605.14453125,27725.263671875,379699.0,209205
2015-01-07,8445.7900390625,28302.865234375,8525.467281560313,28302.865234375,8445.7900390625,27725.25707654937,8525.467281560313,27725.25707654937,105899.0,402547
2015-01-08,8525.466796875,28447.271484375,8525.466796875,28447.271484375,8525.466796875,28302.867677962287,8525.466796875,28302.867677962287,470399.0,146499
2015-01-09,8684.8212890625,29746.888671875,8684.8212890625,29746.888671874996,8445.789574711076,28736.073826686854,8445.789574711076,28736.073826686854,461699.0,602152
2015-01-12,8764.4990234375,28880.47265625,8764.4990234375,29746.885970389732,8605.14453818035,28880.472656249996,8605.14453818035,29746.885970389732,1042299.0,307867
2015-01-13,9162.8837890625,29458.087890625,9162.8837890625,29458.087890625,8764.497638855168,28880.477360893292,8764.497638855168,28880.477360893292,2904999.0,175322
2015-01-14,9481.59375,29169.2890625,9481.59375,29746.897380372953,9083.207556062778,29169.289062500004,9083.207556062778,29746.897380372953,2442399.0,181543
2015-01-15,9561.2705078125,28880.47265625,9561.2705078125,29169.27787406934,9561.2705078125,28880.472656249996,9561.2705078125,29169.27787406934,764699.0,178516
2015-01-16,9242.5625,28880.47265625,9561.271471231234,28880.472656249996,9242.5625,28880.472656249996,9561.271471231234,28880.472656249996,1169499.0,69963
2015-01-19,9401.91796875,28736.078125,9401.91796875,28880.479598963873,9401.91796875,28736.078125,9401.91796875,28880.479598963873,1549999.0,126385
2015-01-20,9561.2705078125,28880.47265625,9561.2705078125,28880.472656249996,9401.916038253858,28447.26599918013,9401.916038253858,28447.26599918013,1702999.0,147101
2015-01-21,9561.2705078125,28880.47265625,9561.2705078125,29169.27787406934,9561.2705078125,28880.472656249996,9561.2705078125,29169.27787406934,1321899.0,167816
2015-01-22,9481.59375,28736.078125,9561.270988787444,28880.479598963873,9481.59375,28736.078125,9561.270988787444,28880.479598963873,481099.0,88521
2015-01-23,9561.2705078125,28880.47265625,9561.2705078125,28880.472656249996,9401.916038253858,28880.472656249996,9401.916038253858,28880.472656249996,830299.0,171175
2015-01-26,9401.91796875,28736.078125,9561.272471028906,28880.479598963873,9401.91796875,28736.078125,9561.272471028906,28880.479598963873,694699.0,239148
2015-01-27,9481.59375,29458.087890625,9481.59375,29458.087890625,9401.916511212556,28736.0758981197,9401.916511212556,28736.0758981197,744299.0,537871
2015-01-28,9720.6259765625,29169.2890625,9720.6259765625,29169.289062500004,9481.594247654264,29169.289062500004,9481.594247654264,29169.289062500004,1535199.0,170138
2015-01-29,9959.6572265625,30324.50390625,9959.6572265625,30324.50390625,9720.62550914806,29169.285088568293,9720.62550914806,29169.285088568293,1896399.0,833773
2015-01-30,9879.98046875,30035.701171875,9959.657711769803,30035.701171875,9879.98046875,30035.701171875,9959.657711769803,30035.701171875,1060699.0,302082
2015-02-02,9561.2705078125,29746.888671875,9879.979446929783,30324.499159969793,9561.2705078125,29746.888671874996,9879.979446929783,30035.693915922395,63649.0,18243
2015-02-03,9561.2705078125,29169.2890625,9640.947742591821,30035.702708969024,9481.593273033179,29169.289062500004,9481.593273033179,29746.897380372953,24449.0,35782
2015-02-04,9800.302734375,29746.888671875,9879.979973400048,29746.888671874996,9481.59377827481,28880.475279051305,9481.59377827481,29169.280523098703,95509.0,20263
2015-02-05,10039.3330078125,29746.888671875,10039.3330078125,30324.499159969793,9800.301325109675,29458.085767146098,9800.301325109675,29746.888671874996,157179.0,32261
2015-02-06,10119.0126953125,29746.888671875,10198.689942249652,30035.693915922395,10039.33544837535,29746.888671874996,10039.33544837535,29746.888671874996,90909.0,10272
2015-02-09,10278.3662109375,30035.701171875,10358.043450291325,30035.701171875,10198.688971583675,29458.09288356148,10198.688971583675,29746.895858058706,153369.0,20196
2015-02-10,10198.689453125,29746.888671875,10358.04393935673,30035.693915922395,10198.689453125,29746.888671874996,10198.689453125,29746.888671874996,117429.0,16051
2015-02-11,10358.0419921875,30324.50390625,10358.0419921875,30324.50390625,10119.010307774568,29746.893327749713,10198.687535912211,29746.893327749713,256599.0,38552
2015-02-12,10358.0419921875,30324.50390625,10358.0419921875,30324.50390625,10278.364764049857,30035.698616999856,10278.364764049857,30035.698616999856,59109.0,12198
2015-02-13,10358.0419921875,30613.30859375,10358.0419921875,30613.30859375,10198.687535912211,30035.69802660351,10358.0419921875,30324.503310176755,15409.0,30191
2015-02-16,10358.0419921875,30613.30859375,10358.0419921875,30613.30859375,10358.0419921875,30613.30859375,10358.0419921875,30613.30859375,0.0,0
2015-02-17,10358.0419921875,30613.30859375,10358.0419921875,30613.30859375,10358.0419921875,30613.30859375,10358.0419921875,30613.30859375,0.0,0
2015-02-18,10358.0419921875,30613.30859375,10358.0419921875,30613.30859375,10358.0419921875,30613.30859375,10358.0419921875,30613.30859375,0.0,0
2015-02-19,10358.0419921875,30613.30859375,10358.0419921875,30613.30859375,10358.0419921875,30613.30859375,10358.0419921875,30613.30859375,0.0,0
2015-02-20,10358.0419921875,30613.30859375,10358.0419921875,30613.30859375,10358.0419921875,30613.30859375,10358.0419921875,30613.30859375,0.0,0
2015-02-23,10358.0419921875,30613.30859375,10358.0419921875,30613.30859375,10358.0419921875,30613.30859375,10358.0419921875,30613.30859375,0.0,0
2015-02-24,10358.0419921875,30613.30859375,10358.0419921875,30613.30859375,10358.0419921875,30613.30859375,10358.0419921875,30613.30859375,0.0,0
2015-02-25,11234.494140625,31479.720703125,11792.23482996989,31479.720703125004,11154.816899290015,30902.11250102252,11154.816899290015,30902.11250102252,121559.0,36445
2015-02-26,11314.1708984375,31190.91015625,11393.848136367398,31768.520599964286,11154.816422577705,31190.91015625,11234.493660507604,31479.715378107143,98799.0,32634
2015-02-27,10676.7529296875,31190.91015625,11393.84889702841,31479.715378107143,10676.7529296875,30902.10727371118,11393.84889702841,31479.715378107143,90049.0,17219
2015-03-02,10198.689453125,30902.111328125,10437.721182472595,31479.71950830422,9959.657723777404,30902.111328125004,10358.04393935673,31190.9142485553,101369.0,21434
2015-03-03,10198.689453125,31190.91015625,10437.721182472595,31190.91015625,10039.334966893268,30613.302051854036,10039.334966893268,30902.10727371118,153749.0,24045
2015-03-04,10278.3662109375,31479.720703125,10358.043450291325,31479.720703125004,10119.01173222985,30902.11250102252,10278.3662109375,31190.915432414404,108249.0,15442
2015-03-05,10039.3330078125,31190.91015625,10278.364690515327,31479.715378107143,9959.655780244892,30902.10727371118,10278.364690515327,31479.715378107143,144099.0,19025
2015-03-06,9800.302734375,30902.111328125,9959.657212425096,31479.71950830422,9720.625495349952,30902.111328125004,9959.657212425096,31190.9142485553,71019.0,23761
2015-03-09,9800.302734375,30902.111328125,10358.043407550336,31190.9142485553,9640.948256324906,30902.111328125004,9800.302734375,30902.111328125004,42499.0,14587
2015-03-10,9322.240234375,31190.91015625,9800.303716430419,31190.91015625,9322.240234375,30902.10727371118,9640.949222411946,30902.10727371118,58059.0,29919
2015-03-11,9083.2060546875,31190.91015625,9322.237731539968,31479.715378107143,8764.497152217542,30902.10727371118,9322.237731539968,31190.91015625,78589.0,33982
2015-03-12,9481.59375,31479.720703125,9561.270988787444,31479.720703125004,9003.530317275332,30902.11250102252,9003.530317275332,31190.915432414404,33339.0,27027
2015-03-13,9481.59375,31190.91015625,10039.33442151211,31479.715378107143,9481.59375,30902.10727371118,9879.979943937222,31190.91015625,55519.0,33928
2015-03-16,9322.240234375,31479.720703125,9561.27197540271,31479.720703125004,9322.240234375,31190.915432414404,9561.27197540271,31190.915432414404,18509.0,31879
2015-03-17,9401.91796875,31479.720703125,9561.272471028906,31479.720703125004,9322.240717610546,31190.915432414404,9481.595219889454,31479.720703125004,60709.0,14156
2015-03-18,9401.91796875,31479.720703125,9481.595219889454,31479.720703125004,9322.240717610546,31190.915432414404,9401.91796875,31190.915432414404,859.0,17955
2015-03-19,9322.240234375,31190.91015625,9401.917481384236,31479.715378107143,9242.562987365764,30902.10727371118,9401.917481384236,31190.91015625,13299.0,24223
2015-03-20,9322.240234375,30902.111328125,9481.594728393473,31190.9142485553,9242.562987365764,30902.111328125004,9481.594728393473,30902.111328125004,17359.0,16955
2015-03-23,9162.8837890625,30902.111328125,9322.238249145434,31190.9142485553,9083.206559021033,30613.306068376078,9322.238249145434,30902.111328125004,21569.0,23164
2015-03-24,9083.2060546875,30902.111328125,9322.237731539968,30902.111328125004,8923.85160345252,30613.306068376078,9322.237731539968,30902.111328125004,29999.0,19790
2015-03-25,9003.5302734375,30902.111328125,9242.561988635998,30902.111328125004,8923.853035038,30324.500808627155,9242.561988635998,30902.111328125004,11139.0,19029
2015-03-26,8764.4990234375,30902.111328125,9003.530751323226,30902.111328125004,8764.4990234375,30324.500808627155,9003.530751323226,30613.306068376078,21599.0,20286
2015-03-27,8525.466796875,30324.50390625,8764.498510779138,30902.114484750287,8525.466796875,30324.50390625,8764.498510779138,30613.309195500144,32529.0,16663
2015-03-30,8525.466796875,30324.50390625,8764.498510779138,30613.309195500144,8525.466796875,30035.698616999856,8525.466796875,30613.309195500144,22329.0,14797
2015-03-31,8525.466796875,30613.30859375,8684.821272811092,30613.30859375,8525.466796875,30035.69802660351,8605.144034843046,30324.503310176755,19829.0,19110
2015-04-01,8605.14453125,30324.50390625,8684.821773814407,30613.309195500144,8445.79004612119,30035.698616999856,8684.821773814407,30613.309195500144,16949.0,31390
2015-04-02,8525.466796875,30613.30859375,8605.144034843046,30613.30859375,8525.466796875,30035.69802660351,8525.466796875,30035.69802660351,15599.0,20138
2015-04-03,8525.466796875,30324.50390625,8605.144034843046,30613.309195500144,8445.789558906954,30035.698616999856,8525.466796875,30324.50390625,6959.0,11728
2015-04-06,8366.1142578125,30035.701171875,8525.468770641412,30613.311799507585,8366.1142578125,30035.701171875,8525.468770641412,30324.50648569129,5749.0,17741
2015-04-07,8605.14453125,30613.30859375,8684.821773814407,30613.30859375,8366.112803556784,30035.69802660351,8366.112803556784,30035.69802660351,17109.0,23867
2015-04-08,8605.14453125,30613.30859375,8764.499016378812,30902.113877323245,8525.467288685595,30613.30859375,8525.467288685595,30613.30859375,28089.0,30289
2015-04-09,8525.466796875,30613.30859375,8684.821272811092,30902.113877323245,8525.466796875,30613.30859375,8605.144034843046,30613.30859375,12239.0,15363
2015-04-10,8525.466796875,31190.91015625,8764.498510779138,31479.715378107143,8525.466796875,30613.302051854036,8764.498510779138,30613.302051854036,15409.0,48198
2015-04-13,8605.14453125,31768.51953125,8605.14453125,32057.324743391542,8525.467288685595,31190.90910696692,8605.14453125,31768.51953125,18219.0,57206
2015-04-14,8605.14453125,31768.51953125,8605.14453125,32057.324743391542,8445.79004612119,31479.714319108458,8445.79004612119,32057.324743391542,7009.0,41639
2015-04-15,8525.466796875,31479.720703125,8525.466796875,31768.525973835604,8525.466796875,31190.915432414404,8525.466796875,31768.525973835604,5809.0,26664
2015-04-16,8525.466796875,31190.91015625,8605.144034843046,31479.715378107143,8445.789558906954,31190.91015625,8605.144034843046,31479.715378107143,9679.0,14643
2015-04-17,8525.466796875,31190.91015625,8525.466796875,31479.715378107143,8445.789558906954,31190.91015625,8525.466796875,31190.91015625,8489.0,12603
2015-04-20,8366.1142578125,31190.91015625,8525.468770641412,31479.715378107143,8366.1142578125,30902.10727371118,8525.468770641412,31479.715378107143,39409.0,27261
2015-04-21,8366.1142578125,31190.91015625,8445.791514226956,31479.715378107143,8366.1142578125,30902.10727371118,8366.1142578125,31190.91015625,8399.0,9335
2015-04-22,8286.435546875,31190.91015625,8366.112789303661,31479.715378107143,8286.435546875,30902.10727371118,8366.112789303661,31190.91015625,25119.0,9432
2015-04-23,8286.435546875,31190.91015625,8445.790031732322,31479.715378107143,8286.435546875,31190.91015625,8286.435546875,31190.91015625,20809.0,10019
2015-04-24,8684.8212890625,31479.720703125,8844.175765296783,31479.720703125004,8366.112336593935,31190.915432414404,8445.789574711076,31479.720703125004,73059.0,28368
2015-04-27,8684.8212890625,31190.91015625,9162.884717765348,31479.715378107143,8684.8212890625,31190.91015625,8923.853003413924,31479.715378107143,60119.0,15587
2015-04-28,8684.8212890625,31190.91015625,8684.8212890625,31190.91015625,8684.8212890625,31190.91015625,8684.8212890625,31190.91015625,0.0,0
2015-04-29,8684.8212890625,31190.91015625,8684.8212890625,31190.91015625,8684.8212890625,31190.91015625,8684.8212890625,31190.91015625,0.0,0
2015-04-30,8684.8212890625,31190.91015625,8684.8212890625,31190.91015625,8684.8212890625,31190.91015625,8684.8212890625,31190.91015625,0.0,0
2015-05-01,8684.8212890625,31190.91015625,8684.8212890625,31190.91015625,8684.8212890625,31190.91015625,8684.8212890625,31190.91015625,0.0,0
2015-05-04,8605.14453125,30613.30859375,8764.499016378812,31190.91682157767,8525.467288685595,30613.30859375,8764.499016378812,30902.113877323245,28399.0,33461
2015-05-05,8525.466796875,30613.30859375,8525.466796875,30613.30859375,8286.435082970862,30035.69802660351,8445.789558906954,30613.30859375,14489.0,43964
2015-05-06,8366.1142578125,30613.30859375,8525.468770641412,30902.113877323245,8366.1142578125,30324.503310176755,8525.468770641412,30613.30859375,12449.0,24524
2015-05-07,8445.7900390625,30613.30859375,8525.467281560313,31190.91682157767,8286.435554066871,30324.503310176755,8366.112796564685,30613.30859375,15349.0,20547
2015-05-08,8525.466796875,30613.30859375,8525.466796875,30902.113877323245,8366.112320938908,30613.30859375,8445.789558906954,30613.30859375,11669.0,15000
2015-05-11,8366.1142578125,30613.30859375,8605.14602705587,30902.113877323245,8366.1142578125,30324.503310176755,8525.468770641412,30613.30859375,34869.0,17876
2015-05-12,8127.08154296875,30324.50390625,8286.436037256484,30902.114484750287,7808.372554393283,30324.50390625,8286.436037256484,30613.309195500144,80019.0,12381
2015-05-13,8067.322265625,30324.50390625,8565.304977435559,30613.309195500144,7967.725723262889,30324.50390625,8166.918807987112,30324.50390625,64527.0,9378
2015-05-14,7519.5390625,30324.50390625,8166.917241802847,30613.309195500144,7519.5390625,30035.698616999856,8067.320718540537,30324.50390625,69975.0,18859
2015-05-15,7021.55712890625,30324.50390625,7270.548461271867,30613.309195500144,7021.557128906249,30035.698616999856,7270.548461271867,30324.50390625,38743.0,20391
2015-05-18,7469.74169921875,30324.50390625,7469.741699218751,30324.50390625,7021.557290637377,29746.893327749713,7021.557290637377,30035.698616999856,70799.0,18436
2015-05-19,7967.72705078125,30324.50390625,7967.72705078125,30324.50390625,7768.53315477096,30035.698616999856,7768.53315477096,30035.698616999856,43423.0,9584
2015-05-20,8415.912109375,30902.111328125,8515.508674760567,30902.111328125004,8316.315543989433,30035.695548878233,8465.710392067784,30035.695548878233,162631.0,38069
2015-05-21,8017.52587890625,30613.30859375,8366.113859106761,30902.113877323245,7868.131030248889,30324.503310176755,8067.324161792038,30902.113877323245,22439.0,14542
2015-05-22,7967.72705078125,30902.111328125,8017.525330259293,30902.111328125004,7619.138316336831,30613.306068376078,8017.525330259293,30613.306068376078,38823.0,9644
2015-05-25,7718.73486328125,30613.30859375,7967.727038382108,30902.113877323245,7668.936583880701,30324.503310176755,7967.727038382108,30902.113877323245,32095.0,20398
2015-05-26,7967.72705078125,30613.30859375,8166.920168693422,30613.30859375,7818.332212347121,30324.503310176755,7818.332212347121,30613.30859375,31479.0,19948
2015-05-27,7917.9287109375,30613.30859375,7967.726990035884,30613.30859375,7818.33215274073,30324.503310176755,7967.726990035884,30324.503310176755,10479.0,12364
2015-05-28,7868.12890625,30613.30859375,8017.52371457828,30613.30859375,7868.12890625,30324.503310176755,8017.52371457828,30324.503310176755,27071.0,8294
2015-05-29,7768.533203125,30324.50390625,7868.130540799131,30613.309195500144,7569.34008397298,30324.50390625,7868.130540799131,30613.309195500144,35647.0,11216
2015-06-01,7668.93701171875,30613.30859375,7818.3326363530605,30902.113877323245,7668.93701171875,30324.503310176755,7768.533576076184,30613.30859375,11959.0,25774
2015-06-02,7569.33984375,30613.30859375,7668.936400165181,30613.30859375,7419.945009127227,30324.503310176755,7619.138121957591,30613.30859375,29759.0,6388
2015-06-03,7419.94287109375,30613.30859375,7619.135926527253,30902.113877323245,7370.144607235374,30324.503310176755,7619.135926527253,30613.30859375,15991.0,23962
2015-06-04,7469.74169921875,30902.111328125,7519.539966838903,31190.9142485553,7419.943431598598,30613.306068376078,7419.943431598598,30613.306068376078,9799.0,18591
2015-06-05,7668.93701171875,30902.111328125,7668.93701171875,31190.9142485553,7419.945600825165,30613.306068376078,7419.945600825165,30902.111328125004,23599.0,14940
2015-06-08,7619.13818359375,31190.91015625,7768.533019425075,31190.91015625,7619.13818359375,30902.10727371118,7768.533019425075,30902.10727371118,16887.0,13136
2015-06-09,7619.13818359375,30902.111328125,7718.734740814633,31190.9142485553,7469.743347762426,30902.111328125004,7718.734740814633,31190.9142485553,27743.0,13428
2015-06-10,7469.74169921875,30902.111328125,7818.33035065775,31190.9142485553,7469.741699218751,30613.306068376078,7619.136502079208,30902.111328125004,20847.0,12329
2015-06-11,7469.74169921875,31190.91015625,7519.539966838903,31190.91015625,7419.943431598598,30902.10727371118,7419.943431598598,30902.10727371118,7127.0,29938
2015-06-12,7469.74169921875,31190.921875,7519.539966838903,31485.176349632624,7419.943431598598,30896.667400367372,7519.539966838903,31190.921875,20615.0,17965
2015-06-15,7370.14697265625,31190.921875,7519.541812179088,31190.921875,7370.14697265625,30896.667400367372,7419.945252497196,30896.667400367372,27463.0,8273
2015-06-16,7370.14697265625,30896.666015625,7419.945252497196,31190.92047706958,7320.348692815304,30602.41155418042,7370.14697265625,31190.92047706958,13455.0,15539
2015-06-17,7270.548828125,30896.666015625,7370.145366096632,31190.92047706958,7270.548828125,30602.41155418042,7320.347097110815,30896.666015625,9167.0,21071
2015-06-18,7270.548828125,31190.921875,7320.347097110815,31190.921875,7220.750559139185,30896.667400367372,7270.548828125,30896.667400367372,4471.0,24379
2015-06-19,7220.75048828125,31485.171875,7320.347025275531,31779.423924356703,7220.75048828125,31190.91744218644,7220.75048828125,31485.171874999996,10143.0,103601
2015-06-22,7170.953125,32956.43359375,7220.75139978336,32956.43359375,7121.154850216639,31779.41844875271,7170.953125,31779.41844875271,39127.0,152643
2015-06-23,6971.759765625,32662.193359375,7121.154584398479,33250.699952113966,6971.759765625,32367.938871276867,7121.154584398479,32956.44546401583,45103.0,52101
2015-06-24,7419.94287109375,32073.67578125,7419.94287109375,32662.184599612447,6971.758496368367,32073.67578125,6971.758496368367,32367.930190431223,97575.0,50823
2015-06-25,7320.34716796875,32662.193359375,7519.5402458401195,32662.193359375,7320.34716796875,31779.429895080597,7419.943706904435,32073.68438317873,24631.0,53548
2015-06-26,7469.74169921875,33544.9453125,7619.136502079208,34133.4541285607,7270.54862873814,32367.930063835265,7320.346896358293,32367.930063835265,73607.0,211478
2015-06-29,7320.34716796875,33544.9453125,7370.145437436592,33839.19972053035,7270.548898500908,33250.69090446965,7370.145437436592,33544.9453125,36823.0,64347
2015-06-30,7320.34716796875,33250.6953125,7419.943706904435,33544.94975953953,7320.34716796875,32956.44086546046,7320.34716796875,33250.6953125,38831.0,76727
2015-07-01,7320.34716796875,33544.9453125,7370.145437436592,33839.19972053035,7270.548898500908,33250.69090446965,7320.34716796875,33250.69090446965,27383.0,75738
2015-07-02,7320.34716796875,33544.9453125,7370.145437436592,33839.19972053035,7320.34716796875,33250.69090446965,7370.145437436592,33544.9453125,26143.0,32932
2015-07-03,7370.14697265625,33839.20703125,7469.743532338142,33839.20703125,7320.348692815304,33250.698088046134,7320.348692815304,33544.95255964807,59127.0,28779
2015-07-06,7370.14697265625,34133.45703125,7419.945252497196,34721.963513900286,7370.14697265625,33839.202598196425,7370.14697265625,33839.202598196425,75943.0,131586
2015-07-07,7370.14697265625,34427.7109375,7469.743532338142,34427.7109375,7370.14697265625,33839.20442311212,7419.945252497196,34133.45887203455,74007.0,45409
2015-07-08,7419.94287109375,33839.20703125,7419.94287109375,34427.71359099669,7320.3463433769975,33544.95255964807,7370.144607235374,34427.71359099669,31543.0,56348
2015-07-09,7419.94287109375,33839.20703125,7419.94287109375,34133.461502851926,7320.3463433769975,33544.95255964807,7370.144607235374,33544.95255964807,25895.0,35659
2015-07-10,7419.94287109375,33839.20703125,7419.94287109375,34133.461502851926,7320.3463433769975,33544.95255964807,7320.3463433769975,33839.20703125,20351.0,37067
2015-07-13,7270.548828125,34427.7109375,7419.943635082447,34427.7109375,7270.548828125,34133.45887203455,7419.943635082447,34427.7109375,24503.0,69811
2015-07-14,7320.34716796875,34721.95703125,7320.34716796875,34721.95703125,7270.548898500908,34133.45065847488,7270.548898500908,34427.702653134234,28143.0,64615
2015-07-15,7270.548828125,34721.95703125,7320.347097110815,35016.211409365766,7170.952290153368,34427.702653134234,7320.347097110815,34721.95703125,19975.0,75354
2015-07-16,7320.34716796875,34427.7109375,7320.34716796875,34721.96538642243,7270.548898500908,34133.45887203455,7320.34716796875,34721.96538642243,7983.0,56590
2015-07-17,7270.548828125,34427.7109375,7320.347097110815,34721.96538642243,7220.750559139185,34133.45887203455,7320.347097110815,34427.7109375,14047.0,63064
2015-07-20,7270.548828125,34133.45703125,7270.548828125,34427.70908084672,7170.952290153368,33839.202598196425,7170.952290153368,34427.70908084672,18663.0,39394
2015-07-21,7121.154296875,34427.7109375,7170.95256778884,34427.7109375,7071.35602596116,34133.45887203455,7170.95256778884,34133.45887203455,32071.0,22365
2015-07-22,7071.3564453125,35016.21484375,7170.952993046535,35016.21484375,7071.356445312501,34133.45400627809,7121.154719179518,34427.70602979763,32567.0,101720
2015-07-23,7071.3564453125,35898.97265625,7121.154719179518,36487.48142061259,7021.558171445483,35310.46627534387,7071.356445312501,35310.46627534387,32111.0,236664
2015-07-24,7469.74169921875,35898.97265625,7519.539966838903,36193.227038431294,7121.153825877683,35604.720657525155,7220.750361117987,36193.227038431294,182271.0,84213
2015-07-27,7370.14697265625,35898.97265625,7469.743532338142,35898.97265625,7270.550412974359,35310.46627534387,7469.743532338142,35604.720657525155,34079.0,67489
2015-07-28,7320.34716796875,35604.72265625,7469.741976372277,36193.229070192836,7320.34716796875,35604.72265625,7469.741976372277,35898.97467149313,27399.0,70848
2015-07-29,7220.75048828125,35604.72265625,7320.347025275531,35898.97467149313,7220.75048828125,35310.468257550296,7270.54875677839,35604.72265625,39487.0,57113
2015-07-30,7220.75048828125,35016.21484375,7270.54875677839,35604.72365770237,7170.95221978411,35016.21484375,7220.75048828125,35604.72365770237,23919.0,45712
2015-07-31,7121.154296875,35310.46484375,7270.549109616518,35604.71921400132,7121.154296875,34721.95610324735,7170.95256778884,35016.21047349868,59359.0,83603
2015-08-03,7121.154296875,35016.21484375,7220.750838702679,35310.469250726186,7071.35602596116,34721.960436773814,7220.750838702679,35310.469250726186,57215.0,55987
2015-08-04,7071.3564453125,34427.7109375,7170.952993046535,35016.21983534487,7071.356445312501,34427.7109375,7170.952993046535,35016.21983534487,41543.0,104156
2015-08-05,7170.953125,35097.98828125,7170.953125,35280.79012360243,7071.3565754332785,34732.38459654513,7071.3565754332785,34732.38459654513,7799.0,74960
2015-08-06,7121.154296875,35463.5859375,7121.154296875,36011.99383916078,7071.35602596116,35097.98231494409,7121.154296875,35280.784126222046,22143.0,85098
2015-08-07,7071.3564453125,36560.39453125,7121.154719179518,36560.39453125,7071.356445312501,35463.58133800787,7071.356445312501,35646.38312557712,29551.0,105394
2015-08-10,7170.953125,39119.62109375,7220.75139978336,39119.62109375,7071.3565754332785,37291.60079374938,7121.154850216639,37291.60079374938,66183.0,164901
2015-08-11,7170.953125,38388.41796875,7170.953125,39850.83238716986,7121.154850216639,38388.41796875,7170.953125,39485.22878256489,20831.0,75708
2015-08-12,7071.3564453125,37657.22265625,7170.952993046535,38388.43261221044,7021.558171445483,37291.61891218365,7170.952993046535,38022.82640031635,42055.0,123538
2015-08-13,7071.3564453125,38388.41796875,7121.154719179518,38388.41796875,7021.558171445483,37291.60468710831,7021.558171445483,37657.20829171327,239919.0,1058088
2015-08-14,7071.3564453125,38388.41796875,7121.154719179518,39119.625177959926,7021.558171445483,38022.811896318235,7071.356445312501,38388.41796875,33959.0,81516
2015-08-17,7021.55712890625,37657.22265625,7121.153661852497,38388.43261221044,6971.758862433126,37291.61891218365,7071.3553953793735,38388.43261221044,166879.0,668891
2015-08-18,6971.759765625,37657.22265625,7071.356311473985,38022.82640031635,6921.961492700508,36926.0151681173,7071.356311473985,37657.22265625,171119.0,882887
2015-08-19,6822.365234375,38022.8046875,6971.760059444611,38022.8046875,6722.768684328593,36925.99408163159,6971.760059444611,37291.59761692106,411359.0,669634
2015-08-20,6523.5751953125,37291.60546875,6772.566555584122,38022.81269328622,6523.5751953125,37291.60546875,6772.566555584122,37657.20908101811,538399.0,488160
2015-08-21,6423.97802734375,36926.0,6523.574561780151,36926.0,6174.986691252746,35829.18921833864,6523.574561780151,36560.39640611288,712719.0,1202981
2015-08-24,6025.59326171875,34549.58203125,6224.7863759509,36377.60288435072,5975.794983160712,34366.780192722654,6224.7863759509,36377.60288435072,1160319.0,2039921
2015-08-25,6224.78564453125,35097.98828125,6324.382189944614,36011.99996083951,5876.197735584477,33635.57354243053,6025.592553704522,33635.57354243053,751119.0,1381155
2015-08-26,6224.78564453125,36560.39453125,6324.382189944614,36925.998106388506,6224.78564453125,35280.779550438616,6224.78564453125,35280.779550438616,345279.0,836576
2015-08-27,6324.3818359375,36377.59375,6473.776645695175,36925.999127878385,6274.583566018276,36194.79195737387,6423.978375775951,36925.999127878385,1112559.0,439292
2015-08-28,6423.97802734375,36926.0,6523.574561780151,36926.0,6324.381492907349,36194.79281222576,6324.381492907349,36560.39640611288,898799.0,779829
2015-08-31,6573.373046875,36560.39453125,6772.566122350125,37657.205256665526,6473.776509137439,36377.59274368075,6623.171315743782,36925.998106388506,708879.0,512179
2015-09-01,6423.97802734375,36377.59375,6672.969363434754,36925.999127878385,6423.97802734375,36377.59375,6672.969363434754,36560.39554262613,250559.0,512161
2015-09-02,6423.97802734375,36377.59375,6423.97802734375,36377.59375,6423.97802734375,36377.59375,6423.97802734375,36377.59375,0.0,0
2015-09-03,6324.3818359375,36194.8046875,6324.3818359375,36560.408401339264,6224.78529609905,35829.20097366074,6324.3818359375,36377.606544419636,263199.0,453565
2015-09-04,6274.583984375,36011.9921875,6324.382257614516,36194.7939903939,6224.785711135484,35829.1903846061,6324.382257614516,36194.7939903939,184239.0,237980
2015-09-07,6075.39111328125,35463.5859375,6274.58421351355,36011.99383916078,6075.39111328125,35463.5859375,6274.58421351355,35829.192027882826,324959.0,584461
2015-09-08,6174.9873046875,35463.5859375,6274.583849018008,35829.192027882826,6075.390760356991,35280.784126222046,6075.390760356991,35280.784126222046,99999.0,634608
2015-09-09,6125.18896484375,35646.39453125,6274.583779688817,35829.198845137216,6075.390693228727,35463.59268519017,6274.583779688817,35829.198845137216,158319.0,326056
2015-09-10,6125.18896484375,36377.59375,6174.987236458773,36560.39554262613,6025.592421613705,35646.384111668805,6075.390693228727,35829.18837212161,203999.0,473195
2015-09-11,6075.39111328125,36011.9921875,6125.189388339325,36560.39759618169,6075.39111328125,36011.9921875,6125.189388339325,36377.595793287794,206639.0,246775
2015-09-14,6025.59326171875,35646.39453125,6125.189818834825,36012.00069119705,5975.794983160712,35646.39453125,6125.189818834825,35829.198845137216,151039.0,257333
2015-09-15,5876.197265625,35646.39453125,6025.592071796926,36012.00069119705,5876.197265625,35463.59268519017,6025.592071796926,35646.39453125,408959.0,502450
2015-09-16,5876.197265625,35646.39453125,5925.9955343489755,35829.198845137216,5826.3989969010245,35463.59268519017,5876.197265625,35646.39453125,381759.0,283046
2015-09-17,5975.79345703125,35646.39453125,6075.3899887118405,35829.198845137216,5925.995191190955,35463.59268519017,6075.3899887118405,35646.39453125,136559.0,455950
2015-09-18,6025.59326171875,36011.9921875,6075.391540276787,36194.7939903939,6025.59326171875,35829.1903846061,6075.391540276787,35829.1903846061,298479.0,388558
2015-09-21,6324.3818359375,36194.8046875,6324.3818359375,36377.606544419636,6025.592216422151,35829.20097366074,6025.592216422151,36012.00283058037,618719.0,370880
2015-09-22,6274.583984375,37291.60546875,6423.978804093546,37291.60546875,6224.785711135484,36194.79463194567,6423.978804093546,36194.79463194567,344799.0,1151331
2015-09-23,6224.78564453125,36926.0,6274.583917237932,38022.810781661356,6174.987371824568,36926.0,6274.583917237932,37291.603593887114,148639.0,670757
2015-09-24,6125.18896484375,36560.39453125,6224.7855080737945,36925.998106388506,6125.18896484375,36560.39453125,6224.7855080737945,36925.998106388506,111999.0,453427
2015-09-25,6174.9873046875,36926.0,6174.9873046875,36926.0,6125.189032522246,36377.59460916932,6174.9873046875,36560.39640611288,275759.0,318971
2015-09-28,6125.18896484375,37291.60546875,6174.987236458773,37657.20908101811,6075.390693228727,36926.00185648189,6125.18896484375,36926.00185648189,207039.0,631566
2015-09-29,6025.59326171875,36560.39453125,6075.391540276787,36925.998106388506,6025.59326171875,36377.59274368075,6025.59326171875,36925.998106388506,99919.0,447914
2015-09-30,6075.39111328125,36560.39453125,6174.9876633974,37291.60168152702,6025.592838223175,36560.39453125,6075.39111328125,36560.39453125,280399.0,224104
2015-10-01,6125.18896484375,36926.0,6125.18896484375,36926.0,6025.592421613705,36560.39640611288,6075.390693228727,36560.39640611288,145679.0,347880
2015-10-02,6125.18896484375,36560.39453125,6125.18896484375,36925.998106388506,6125.18896484375,36560.39453125,6125.18896484375,36560.39453125,0.0,273335
2015-10-05,6224.78564453125,37657.22265625,6224.78564453125,38022.82640031635,6075.390826411204,36560.41142405095,6174.987371824568,36926.0151681173,449359.0,1471063
2015-10-06,6473.77685546875,37657.22265625,6573.373398534485,38388.43261221044,6274.5837693372805,37291.61891218365,6274.5837693372805,38022.82640031635,1058399.0,654324
2015-10-07,6573.373046875,37291.60546875,6722.767853481343,37657.20908101811,6523.574778006219,36926.00185648189,6573.373046875,37291.60546875,1059199.0,691320
2015-10-08,6971.759765625,36926.0,7021.558038549493,37657.207187774235,6672.970128078045,36926.0,6672.970128078045,37291.603593887114,1447039.0,705542
2015-10-09,6772.56640625,36926.0,6971.759490075118,37657.207187774235,6672.96986433744,36926.0,6971.759490075118,36926.0,806959.0,552925
2015-10-12,6623.17138671875,36926.0,6822.364464328459,37291.603593887114,6573.373117316322,36560.39640611288,6772.566194926031,36926.0,920559.0,603331
2015-10-13,6672.970703125,37291.60546875,6921.962089204434,37291.60546875,6523.57587147734,36926.00185648189,6573.374148693227,36926.00185648189,1096159.0,485723
2015-10-14,6722.7685546875,38754.02734375,6872.1633768761985,39850.83832087779,6672.9702806246005,38388.4236847074,6672.9702806246005,38754.02734375,523999.0,3541449
2015-10-15,6822.365234375,38388.41796875,6872.163509398204,38754.02157335496,6722.768684328593,38022.811896318235,6722.768684328593,38754.02157335496,1232719.0,719504
2015-10-16,6971.759765625,38754.02734375,7121.154584398479,39485.234661835195,6772.56667392703,38388.4236847074,6822.364946851522,38388.4236847074,2266319.0,1469422
2015-10-19,7021.55712890625,40582.04296875,7071.3553953793735,40947.649071563654,6921.960595960002,38754.02479381676,7071.3553953793735,39119.62842880341,691519.0,2240801
2015-10-20,6872.16357421875,40947.6328125,7021.558400697503,42044.44574977578,6822.365298725833,40582.02685485739,7021.558400697503,40947.6328125,890719.0,1992695
2015-10-21,6672.970703125,41313.25390625,6872.163811988547,41678.85508402637,6672.970703125,40582.044147216024,6872.163811988547,40582.044147216024,983839.0,1253715
2015-10-22,6772.56640625,41678.85546875,6822.364677206279,41678.85546875,6623.171593381161,40947.65063862067,6623.171593381161,40947.65063862067,667439.0,857191
2015-10-23,6772.56640625,42044.44921875,6872.16294816256,42044.44921875,6722.768135293721,41313.23971096068,6722.768135293721,41678.840763116,460719.0,986722
2015-10-26,6772.56640625,41313.25390625,6872.16294816256,42775.670956490874,6722.768135293721,41313.25390625,6822.364677206279,42410.067310887425,580799.0,1323648
2015-10-27,6722.7685546875,41678.85546875,6772.5668287503995,42044.46405338241,6672.9702806246005,41313.25428759888,6722.7685546875,41678.85546875,425519.0,680728
2015-10-28,6772.56640625,41678.85546875,6772.56640625,42410.067702360626,6672.96986433744,41678.85546875,6672.96986433744,42044.46405338241,464319.0,633018
2015-10-29,7220.75048828125,43506.87109375,7220.75048828125,43506.87109375,6822.364340304127,42044.45675180479,6822.364340304127,42044.45675180479,4654078.0,1990275
2015-10-30,7370.14697265625,43141.27734375,7469.743532338142,43872.48468142559,7270.550412974359,42775.67367491221,7270.550412974359,43506.88101258779,2874319.0,1024341
2015-11-02,7270.548828125,42775.66796875,7370.145366096632,43506.875208884456,7170.952290153368,42410.064348682776,7370.145366096632,43141.27158881723,1630959.0,1236384
2015-11-03,7320.34716796875,44969.296875,7320.34716796875,45334.90055348869,7071.355820629538,43506.88216104525,7220.750629033066,44238.08951802262,1959359.0,4075384
2015-11-04,7270.548828125,44969.296875,7370.145366096632,45700.50423197738,7270.548828125,44969.296875,7320.347097110815,45334.90055348869,1077119.0,768579
2015-11-05,7469.74169921875,46797.3125,7569.3382344590555,47162.92109252236,7170.9520934978345,44969.29421565971,7270.54862873814,45334.89787252777,1661359.0,1594028
2015-11-06,7270.548828125,47162.91796875,7419.943635082447,48625.332499361175,7220.750559139185,46431.70576779044,7419.943635082447,46797.309400443235,971279.0,2869361
2015-11-09,7370.14697265625,46431.70703125,7469.743532338142,47528.52289470797,7170.953853292466,46066.10338864872,7320.348692815304,47162.91925210668,1640159.0,1267470
2015-11-10,7320.34716796875,46797.3125,7370.145437436592,47162.92109252236,7220.750629033066,46066.105186263885,7320.34716796875,46431.70884313194,1392799.0,1123079
2015-11-11,7370.14697265625,47528.51171875,7370.14697265625,48259.71883201493,7270.550412974359,46431.69611319965,7320.348692815304,46431.69611319965,559199.0,1439890
2015-11-12,7569.33984375,48259.71875,7569.33984375,48259.71875,7370.146730919637,46797.29959030249,7370.146730919637,47894.11519398886,3674719.0,943539
2015-11-13,7768.533203125,50087.7421875,7868.130540799131,50453.34578480631,7569.34008397298,48259.72420096843,7569.34008397298,48259.72420096843,2324159.0,1708007
2015-11-16,7917.9287109375,51184.5625,7967.726990035884,51184.5625,7668.936537347465,50087.7515040688,7718.73481644585,50087.7515040688,2725919.0,1596931
2015-11-17,7768.533203125,48990.94921875,7967.727100375141,51184.57160063942,7718.734923336995,48625.3454884351,7917.928820587136,51184.57160063942,2480319.0,3233502
2015-11-18,7818.33203125,48259.71875,7818.332031250001,49356.529418033424,7668.936418178226,47528.51163797772,7718.734696502785,48625.32230601114,562159.0,2406568
2015-11-19,7768.533203125,47528.51171875,7818.332261011126,48990.92594527986,7718.734923336995,47528.51171875,7818.332261011126,48259.71883201493,904079.0,1669749
2015-11-20,7868.12890625,47894.12109375,7917.92717569276,48625.32829584488,7768.531589266519,47528.517492702566,7768.531589266519,47528.517492702566,1695679.0,1224892
2015-11-23,8067.322265625,46431.70703125,8117.1205368060555,48625.33382251181,7967.725723262889,46066.10338864872,8017.5239944439445,48625.33382251181,1792559.0,2923845
2015-11-24,8166.91943359375,44969.296875,8266.515983585208,46797.31526744344,8017.524608606563,44238.08951802262,8067.322883602292,46431.71158895476,2114639.0,4435896
2015-11-25,8216.716796875,45700.4921875,8266.515066345188,46066.095769632964,7967.725449524057,43872.474276835186,8166.918527404811,44603.68144110111,1309919.0,1643569
2015-11-26,8067.322265625,44969.296875,8266.515350349224,46066.10791046607,8067.322265625,44969.296875,8266.515350349224,45700.50423197738,1598479.0,422997
2015-11-27,7718.73486328125,45334.88671875,8117.121876583753,46431.69741950498,7668.936583880701,44969.283151831674,8067.323597183205,44969.283151831674,3067039.0,1932318
2015-11-30,7469.74169921875,45334.88671875,7718.733037319514,46066.09385258665,7419.943431598598,44969.283151831674,7668.934769699361,45700.490285668326,1591759.0,1452729
2015-12-01,7519.5390625,44603.68359375,7668.933847393464,45334.89079330522,7419.942539237692,44238.079993972395,7469.740800868846,45334.89079330522,458959.0,1901836
2015-12-02,7619.13818359375,44969.296875,7668.936462204192,45334.90055348869,7469.743347762426,44238.08951802262,7469.743347762426,44238.08951802262,339359.0,711866
2015-12-03,7569.33984375,44969.296875,7668.936400165181,45334.90055348869,7519.541565542409,44238.08951802262,7569.33984375,44969.296875,285919.0,663120
2015-12-04,7569.33984375,44969.296875,7619.138121957591,44969.296875,7370.146730919637,44238.08951802262,7469.743287334818,44969.296875,1005919.0,438894
2015-12-07,7519.5390625,43872.4921875,7569.337324131155,44969.30338166506,7469.740800868846,43872.4921875,7569.337324131155,44603.69965027671,386239.0,612385
2015-12-08,7668.93701171875,45700.4921875,7768.533576076184,45700.4921875,7370.147318646447,43141.26711256926,7469.743883003882,43872.474276835186,888079.0,1498521
2015-12-09,7469.74169921875,44969.296875,7668.934769699361,46431.71158895476,7419.943431598598,44969.296875,7569.3382344590555,45700.50423197738,796479.0,813248
2015-12-10,7370.14697265625,44969.296875,7569.340092020034,45700.50423197738,7370.14697265625,44603.69319651131,7519.541812179088,44969.296875,412719.0,436008
2015-12-11,7519.5390625,44969.296875,7519.5390625,45700.50423197738,7320.346015975382,44603.69319651131,7370.144277606537,44969.296875,367839.0,554808
2015-12-14,7569.33984375,45334.88671875,7569.33984375,45700.490285668326,7419.945009127227,44603.679584913356,7469.743287334818,44969.283151831674,424719.0,409708
2015-12-15,7619.13818359375,46066.09765625,7619.13818359375,46431.7012533561,7519.5416263728675,45334.8904620378,7569.339904983309,45334.8904620378,801599.0,1228383
2015-12-16,7818.33203125,46797.3125,7917.928587899118,47162.92109252236,7619.138139853667,46066.105186263885,7668.936418178226,46431.70884313194,2436319.0,1144609
2015-12-17,7868.12890625,46797.3125,7868.12890625,47162.92109252236,7768.531589266519,46431.70884313194,7818.33063680724,46797.3125,2446239.0,548830
2015-12-18,7818.33203125,46797.3125,7868.130309574559,47162.92109252236,7818.332031250001,46431.70884313194,7818.332031250001,46797.3125,688239.0,545944
2015-12-21,7868.12890625,45700.4921875,7868.12890625,46797.302933898885,7718.733319823759,45700.4921875,7768.531589266519,46797.302933898885,749919.0,886878
2015-12-22,7768.533203125,45700.4921875,7868.130540799131,46431.69935176592,7668.93664354899,45700.4921875,7818.332261011126,46066.095769632964,1892159.0,751524
2015-12-23,7818.33203125,45334.88671875,7868.130309574559,45700.490285668326,7718.734696502785,44969.283151831674,7718.734696502785,45700.490285668326,1462799.0,507254
2015-12-24,7868.12890625,45700.4921875,7868.12890625,45700.4921875,7768.531589266519,44969.28502323407,7818.33063680724,45334.888605367036,458639.0,546238
2015-12-25,7718.73486328125,45334.88671875,7868.130479581011,45700.490285668326,7718.734863281249,44969.283151831674,7868.130479581011,45334.88671875,413279.0,545408
2015-12-28,7917.9287109375,46431.70703125,7967.726990035884,46797.31067385129,7668.936537347465,45334.89610344615,7718.73481644585,45700.49974604743,2528959.0,1419949
2015-12-29,7917.9287109375,46431.70703125,7967.726990035884,46431.70703125001,7868.130431839115,45700.49974604743,7868.130431839115,46431.70703125001,879279.0,690491
2015-12-30,8067.322265625,46431.70703125,8067.322265625,46797.31067385129,7917.927452081833,46066.10338864872,7917.927452081833,46431.70703125001,2112479.0,534021
2015-12-31,7818.33203125,46797.3125,8017.525144548235,47528.52474939042,7768.532974827343,46066.105186263885,7917.928587899118,46066.105186263885,3190959.0,1189728
2016-01-04,7868.12890625,46066.09765625,8017.52371457828,46797.3048504622,7768.531589266519,45700.4940591439,7818.33063680724,46797.3048504622,3168159.0,810984
2016-01-05,7868.12890625,45700.4921875,7868.12890625,46431.69935176592,7718.733319823759,45700.4921875,7868.12890625,46066.095769632964,785679.0,493655
2016-01-06,7818.33203125,46066.09765625,7868.130309574559,46066.09765625,7768.532974827343,45334.8904620378,7818.332031250001,45700.4940591439,612879.0,433313
2016-01-07,7569.33984375,45334.88671875,7768.532956580363,45700.490285668326,7469.743287334818,44603.679584913356,7768.532956580363,45700.490285668326,1781999.0,1263185
2016-01-08,7469.74169921875,44603.68359375,7569.3382344590555,44969.28719352761,7270.54862873814,44238.079993972395,7519.539966838903,44969.28719352761,778799.0,1064361
2016-01-11,7370.14697265625,44238.07421875,7469.743532338142,44969.28132284709,7270.550412974359,44238.07421875,7419.945252497196,44238.07421875,772879.0,703848
2016-01-12,7469.74169921875,44969.296875,7469.741699218751,44969.296875,7270.54862873814,44238.08951802262,7270.54862873814,44238.08951802262,580159.0,497784
2016-01-13,7419.94287109375,44238.07421875,7519.539398810502,44969.28132284709,7419.94287109375,44238.07421875,7519.539398810502,44969.28132284709,466399.0,401984
2016-01-14,7320.34716796875,44238.07421875,7370.145437436592,44603.677770798546,7220.750629033066,43872.47066670146,7320.34716796875,44238.07421875,1417999.0,585567
2016-01-15,7220.75048828125,43872.4921875,7320.347025275531,44969.30338166506,7220.75048828125,43872.4921875,7320.347025275531,44603.69965027671,826719.0,856327
2016-01-18,6872.16357421875,42775.66796875,7170.953227176256,43506.875208884456,6722.768747739997,41678.85217289451,7170.953227176256,43506.875208884456,1780399.0,2149839
2016-01-19,7071.3564453125,43506.87109375,7071.356445312501,43506.87109375,6822.365075977415,42410.06033729109,6872.163349844432,42410.06033729109,695839.0,648656
2016-01-20,6971.759765625,42775.66796875,7071.356311473985,43506.875208884456,6921.961492700508,42775.66796875,7071.356311473985,43141.27158881723,393519.0,541434
2016-01-21,6872.16357421875,42410.06640625,6971.760125204585,43141.27368185971,6822.365298725833,42044.46276844514,6971.760125204585,42410.06640625,521839.0,575942
2016-01-22,6772.56640625,41678.85546875,6971.759490075118,42775.67135133884,6672.96986433744,40947.65063862067,6872.16294816256,42410.067702360626,756319.0,1238163
2016-01-25,7170.953125,43141.27734375,7170.953125,43141.27734375,6921.961751083197,42044.46633723661,7071.3565754332785,42410.07000607441,1399999.0,561669
2016-01-26,7071.3564453125,42044.44921875,7121.154719179518,42775.6562587131,6971.759897578466,41678.840763116,7071.356445312501,42410.052738731545,473199.0,501085
2016-01-27,7121.154296875,42775.66796875,7121.154296875,42775.66796875,7021.557755047321,42044.460728615544,7071.35602596116,42410.064348682776,440639.0,478137
2016-01-28,6971.759765625,42410.06640625,7121.154584398479,43141.27368185971,6971.759765625,42410.06640625,7121.154584398479,42410.06640625,260559.0,431516
2016-01-29,7170.953125,42410.06640625,7170.953125,42775.67004405485,6971.760025866558,42044.46276844514,6971.760025866558,42410.06640625,1192079.0,308050
2016-02-01,7170.953125,43506.87109375,7220.75139978336,43872.4746792363,7071.3565754332785,42410.06033729109,7071.3565754332785,42775.6639227774,840719.0,1495255
2016-02-02,7170.953125,43506.87109375,7220.75139978336,44238.07826472261,7121.154850216639,43141.2675082637,7121.154850216639,43506.87109375,410479.0,434626
2016-02-03,7170.953125,44238.07421875,7170.953125,44238.07421875,7071.3565754332785,43141.26356260437,7071.3565754332785,43141.26356260437,304239.0,466335
2016-02-04,7170.953125,44603.68359375,7270.549674566721,45334.89079330522,7170.953125,44603.68359375,7170.953125,44969.28719352761,370559.0,444648
2016-02-05,7320.34716796875,45334.88671875,7320.34716796875,45334.88671875,7170.952359565223,44603.679584913356,7170.952359565223,44603.679584913356,328879.0,353220
2016-02-15,7220.75048828125,46066.09765625,7270.54875677839,46066.09765625,7121.1539512869695,44603.6832678256,7170.95221978411,44603.6832678256,330719.0,818242
2016-02-16,7220.75048828125,46797.3125,7220.75048828125,47162.92109252236,7121.1539512869695,46431.70884313194,7220.75048828125,46797.3125,636079.0,1075127
2016-02-17,7170.953125,47528.51171875,7270.549674566721,48625.32238864739,7170.953125,47162.908162117536,7220.75139978336,47894.115275382464,730879.0,3461685
2016-02-18,7419.94287109375,47162.91796875,7469.741134952125,47894.12523405559,7170.951551801871,46797.309400443235,7170.951551801871,47894.12523405559,1070319.0,1439424
2016-02-19,7370.14697265625,47162.91796875,7469.743532338142,47528.5216014028,7370.14697265625,46797.309400443235,7469.743532338142,47528.5216014028,419679.0,644647
2016-02-22,7569.33984375,47528.51171875,7569.33984375,47894.115275382464,7419.945009127227,46797.299669832115,7419.945009127227,47162.908162117536,1061759.0,1318602
2016-02-23,7668.93701171875,47528.51171875,7768.533576076184,48259.71883201493,7619.138729540033,47162.908162117536,7668.93701171875,47894.115275382464,2124159.0,1509079
2016-02-24,7718.73486328125,47894.12109375,7768.533142681798,47894.12109375,7569.340025079604,47162.913891655124,7668.936583880701,47528.517492702566,494959.0,846115
2016-02-25,7569.33984375,47162.91796875,7768.532956580363,48259.72886670838,7569.33984375,47162.91796875,7718.734678372773,47894.12523405559,1577039.0,1348686
2016-02-26,7519.5390625,47528.51171875,7668.933847393464,47528.51171875,7519.5390625,46797.299669832115,7569.337324131155,47528.51171875,1103279.0,929698
2016-02-29,7469.74169921875,46797.3125,7619.136502079208,47528.52474939042,7469.741699218751,46797.3125,7619.136502079208,47528.52474939042,1124159.0,822856
2016-03-01,7519.5390625,47528.51171875,7569.337324131155,47894.115275382464,7469.740800868846,46797.299669832115,7469.740800868846,46797.299669832115,872879.0,1163825
2016-03-02,7868.12890625,48259.71875,7868.12890625,48259.71875,7519.540242052718,47162.908081966576,7519.540242052718,47894.11519398886,3145279.0,1412501
2016-03-03,7868.12890625,47894.12109375,7868.12890625,48625.32829584488,7818.33063680724,47894.12109375,7868.12890625,48259.72469479744,693999.0,744647
2016-03-04,7917.9287109375,48259.71875,8067.323548232654,48259.71875,7768.533095544234,47528.51163797772,7818.33215274073,47894.11519398886,2714719.0,535455
2016-03-07,7868.12890625,47894.12109375,7967.72544513552,48625.32829584488,7818.33063680724,47894.12109375,7917.92717569276,47894.12109375,1056879.0,1034760
2016-03-08,7818.33203125,47894.12109375,7917.928587899118,48259.72469479744,7768.532974827343,47528.517492702566,7868.130309574559,47894.12109375,859279.0,682905
2016-03-09,7768.533203125,47894.12109375,7868.130540799131,48259.72469479744,7768.533203125,47528.517492702566,7768.533203125,47894.12109375,872959.0,284843
2016-03-10,7868.12890625,47894.12109375,7868.12890625,47894.12109375,7768.531589266519,47162.913891655124,7768.531589266519,47894.12109375,842479.0,855169
2016-03-11,7917.9287109375,49722.14453125,7967.726990035884,49722.14453125,7818.33215274073,47528.522685306954,7868.130431839115,47528.522685306954,1683439.0,3811121
2016-03-14,7917.9287109375,49356.53515625,8017.525269134269,50087.74235328281,7868.130431839115,48990.931557733595,7967.726990035884,49722.138754766405,721199.0,761736
2016-03-15,7917.9287109375,49722.14453125,7917.9287109375,50453.35181323102,7818.33215274073,48990.93724926899,7917.9287109375,49356.54089025949,910719.0,1504500
2016-03-16,7668.93701171875,50087.7421875,7868.130918531777,50453.34578480631,7668.93701171875,49356.53499288737,7868.130918531777,49722.13859019368,2390959.0,649848
2016-03-17,7668.93701171875,50453.3515625,7768.533576076184,51184.55884084723,7569.3404473613155,50087.74792332638,7718.735293897467,50087.74792332638,1567359.0,1278668
2016-03-18,7668.93701171875,50453.3515625,7718.735293897467,50453.3515625,7619.138729540033,50087.74792332638,7668.93701171875,50087.74792332638,634319.0,579381
2016-03-21,7768.533203125,49356.53515625,7868.130540799131,50818.94955031563,7718.734923336995,49356.53515625,7768.533203125,50087.74235328281,1416399.0,932964
2016-03-22,7668.93701171875,48625.34375,7818.3326363530605,49356.55118448796,7668.93701171875,48259.74003275603,7768.533576076184,49356.55118448796,586879.0,1790622
2016-03-23,7768.533203125,48990.94921875,7768.533203125,49356.552949064906,7668.93664354899,48625.3454884351,7718.734923336995,48625.3454884351,651679.0,673885
2016-03-24,7818.33203125,49356.53515625,7868.130309574559,49722.138754766405,7718.734696502785,48625.32795921719,7818.332031250001,48990.931557733595,1333519.0,981555
2016-03-25,7818.33203125,48990.94921875,7868.130309574559,49356.552949064906,7768.532974827343,48259.741758120195,7818.332031250001,48990.94921875,750479.0,1031909
2016-03-28,7768.533203125,49356.53515625,7868.130540799131,49356.53515625,7768.533203125,48625.32795921719,7868.130540799131,48990.931557733595,683759.0,305959
2016-03-29,7718.73486328125,48990.94921875,7818.332200180462,49722.156679379805,7668.936583880701,48990.94921875,7718.734863281249,49356.552949064906,809119.0,629942
2016-03-30,7668.93701171875,49722.14453125,7718.735293897467,50087.74817224051,7619.138729540033,48625.33360827847,7619.138729540033,48990.93724926899,246959.0,1114715
2016-03-31,7519.5390625,48990.94921875,7718.732109024618,50087.76040969471,7519.5390625,48990.94921875,7668.933847393464,49722.156679379805,479919.0,863498
2016-04-01,7519.5390625,48990.94921875,7569.337324131155,49722.156679379805,7469.740800868846,48625.3454884351,7569.337324131155,48990.94921875,610879.0,1359573
2016-04-04,7469.74169921875,48990.94921875,7569.3382344590555,49356.552949064906,7469.741699218751,48625.3454884351,7519.539966838903,48990.94921875,279199.0,450420
2016-04-05,7569.33984375,50087.7421875,7569.33984375,50087.7421875,7469.743287334818,49356.53499288737,7469.743287334818,49722.13859019368,281679.0,1021127
2016-04-06,7519.5390625,50087.7421875,7619.135585762309,50087.7421875,7469.740800868846,49356.53499288737,7569.337324131155,50087.7421875,268479.0,561600
2016-04-07,7569.33984375,51550.1484375,7619.138121957591,51915.75691273409,7519.541565542409,49722.130739593165,7569.33984375,50087.73427917453,358239.0,3663498
2016-04-08,7619.13818359375,52281.37890625,7668.936462204192,52646.98257487972,7519.5416263728675,51184.562964706354,7569.339904983309,51550.166633336084,815199.0,1810719
2016-04-11,7668.93701171875,52281.37890625,7718.735293897467,53012.58624350945,7619.138729540033,52281.37890625,7619.138729540033,52646.98257487972,775919.0,1409702
2016-04-12,7619.13818359375,52281.37890625,7718.734740814633,52646.98257487972,7569.339904983309,51915.77523762027,7668.936462204192,52281.37890625,335919.0,1186237
2016-04-13,7569.33984375,51915.7578125,7668.936400165181,53012.56845025322,7519.541565542409,51915.7578125,7569.33984375,52281.36135841774,257999.0,1177632
2016-04-14,7519.5390625,51915.7578125,7569.337324131155,52646.96490433548,7469.740800868846,51550.14933092945,7519.5390625,51915.7578125,521359.0,1159608
2016-04-15,7569.33984375,52281.37890625,7619.138121957591,53012.58624350945,7419.945009127227,52281.37890625,7419.945009127227,52281.37890625,657439.0,1079326
2016-04-19,7370.14697265625,50818.953125,7569.340092020034,52646.976181821534,7370.14697265625,50818.953125,7569.340092020034,52281.372557588,453199.0,1931230
2016-04-20,7370.14697265625,49722.14453125,7370.14697265625,51184.55909521203,7270.550412974359,49356.54089025949,7320.348692815304,50818.95545422153,391999.0,2934938
2016-04-21,7370.14697265625,50087.7421875,7370.14697265625,50453.34578480631,7270.550412974359,49356.53499288737,7370.14697265625,50087.7421875,218159.0,1293891
2016-04-22,7370.14697265625,51184.5625,7419.945252497196,51550.166165310395,7270.550412974359,50087.7515040688,7270.550412974359,50087.7515040688,236319.0,1621831
2016-04-25,7668.93701171875,50818.953125,7668.93701171875,52281.372557588,7519.542165182598,50818.953125,7668.93701171875,51915.76893335446,1084399.0,1531837
2016-04-26,7619.13818359375,51184.5625,7718.734740814633,51184.5625,7619.13818359375,50818.9588346896,7668.936462204192,50818.9588346896,882559.0,1044334
2016-04-27,7569.33984375,50453.3515625,7668.936400165181,51550.16248002085,7519.541565542409,50453.3515625,7569.33984375,51550.16248002085,396879.0,963239
2016-04-28,7569.33984375,50453.3515625,7569.33984375,50818.95520167361,7469.743287334818,50453.3515625,7569.33984375,50818.95520167361,327839.0,836300
2016-04-29,7469.74169921875,50818.953125,7569.3382344590555,50818.953125,7469.741699218751,50453.34950076646,7469.741699218751,50453.34950076646,303439.0,804401
2016-05-04,7718.73486328125,51915.7578125,7868.130479581011,52281.36135841774,7469.743466278507,50818.94223909397,7469.743466278507,51184.54578501171,2582799.0,1439648
2016-05-05,7972.64013671875,51915.7578125,7972.64013671875,52646.96490433548,7820.295946645346,51915.7578125,7921.858211057488,51915.7578125,2730239.0,1064396
2016-05-06,7972.64013671875,51915.7578125,8023.421268924821,52281.36135841774,7921.858211057488,51915.7578125,7921.858211057488,52281.36135841774,1801039.0,1035331
2016-05-09,7972.64013671875,52646.97265625,8074.202401130892,53743.783455501274,7871.077078851416,52281.36905649957,7972.64013671875,53378.179855750845,1948799.0,3297335
2016-05-10,7921.85986328125,52281.37890625,7972.6417995338525,52646.98257487972,7871.078720484003,51915.77523762027,7972.6417995338525,52281.37890625,1003119.0,617241
2016-05-11,7972.64013671875,53378.1875,7972.64013671875,53378.1875,7871.077078851416,52281.37654367527,7972.64013671875,52281.37654367527,1024799.0,768597
2016-05-12,7871.078125,53012.57421875,7972.641196366128,53743.78139015088,7820.296986044585,52646.97063304957,7921.859263955415,53378.17780445044,585279.0,695468
2016-05-13,7718.73486328125,52646.97265625,7921.8594231857405,53378.179855750845,7718.73486328125,52646.97265625,7921.8594231857405,53012.57625600042,909279.0,570170
2016-05-16,7718.73486328125,53378.1875,7820.297143233495,53743.79115210824,7667.953723305128,52646.980195783515,7718.73486328125,52646.980195783515,342159.0,1135226
2016-05-17,7820.296875,53743.79296875,7820.296875,54109.39663321634,7667.953460296959,53378.18930428367,7667.953460296959,54109.39663321634,827599.0,1864339
2016-05-18,7820.296875,53012.57421875,7921.859151468694,53743.78139015088,7769.515736765653,53012.57421875,7820.296875,53743.78139015088,335439.0,1102222
2016-05-19,7769.515625,53012.57421875,7871.0779000077055,53378.17780445044,7769.515625000001,52646.97063304957,7820.296762503853,53012.57421875,457679.0,651853
2016-05-20,7820.296875,53378.1875,7871.078013234347,53743.79115210824,7718.734598531306,53012.58384789176,7718.734598531306,53378.1875,338559.0,687605
2016-05-23,8124.98388671875,53378.1875,8124.98388671875,53743.79115210824,7871.077421189991,53012.58384789176,7921.858555604697,53743.79115210824,6431038.0,1236021
2016-05-24,8480.451171875,53012.57421875,8531.232302363082,53378.17780445044,8277.326649922676,53012.57421875,8277.326649922676,53378.17780445044,4711838.0,823443
2016-05-25,8531.2333984375,52646.97265625,8531.2333984375,53378.179855750845,8429.671124412836,52646.97265625,8480.45226142517,53012.57625600042,1473599.0,779155
2016-05-26,8378.8896484375,51550.1484375,8582.014188269544,52646.963991896824,8378.8896484375,51550.1484375,8531.233053311533,52646.963991896824,2236959.0,1664081
2016-05-27,8582.0146484375,52281.37890625,8632.795786118397,52281.37890625,8328.108960033012,51550.166633336084,8378.89009771391,51550.166633336084,3431039.0,574629
2016-05-30,8683.576171875,51915.7578125,8683.576171875,52281.36135841774,8582.01390530764,51550.14933092945,8632.79503859132,52281.36135841774,1481279.0,488367
2016-05-31,8734.357421875,51915.7578125,8785.138555837264,52281.36135841774,8683.576287912736,51915.7578125,8734.357421875,52281.36135841774,1249439.0,349470
2016-06-01,8683.576171875,51550.1484375,8734.35730515868,51915.75691273409,8632.79503859132,51184.54489791863,8734.35730515868,51550.1484375,717439.0,1075248
2016-06-02,8683.576171875,51550.1484375,8683.576171875,51915.75691273409,8632.79503859132,51550.1484375,8683.576171875,51550.1484375,961759.0,631739
2016-06-03,8937.4814453125,51550.15625,8988.262576363335,51921.020323261146,8683.575790058325,51179.29217673885,8683.575790058325,51921.020323261146,2430159.0,877979
2016-06-06,9343.7294921875,50437.55859375,9394.51061779523,51550.15069361151,8988.261612933393,50437.55859374999,8988.261612933393,51550.15069361151,4444718.0,1142415
2016-06-07,9699.1962890625,50808.4375,9749.977409003324,50808.4375,9445.290689358377,50066.709216302326,9496.071809299201,50437.57335815117,2927519.0,759749
2016-06-08,9597.63671875,51179.30078125,9749.980120946577,51550.164916862625,9546.855584684474,50808.43664563738,9749.980120946577,51179.30078125,2269359.0,505543
2016-06-09,9394.5126953125,51179.30078125,9546.85610582515,51179.30078125,9292.9504216374,50808.43664563738,9496.0749689876,51179.30078125,2437279.0,344615
2016-06-10,9546.8544921875,50808.4375,9546.8544921875,51179.30164184884,9343.729979170008,50437.57335815117,9445.292235678755,51179.30164184884,1001199.0,576737
2016-06-13,9546.8544921875,50808.4375,9546.8544921875,50808.4375,9445.292235678755,50066.709216302326,9546.8544921875,50437.57335815117,986879.0,484704
2016-06-14,10156.2275390625,50808.4375,10156.2275390625,50808.4375,9445.291777953695,50066.709216302326,9546.854029540666,50437.57335815117,2508719.0,303419
2016-06-15,10105.447265625,50808.4375,10257.790655855044,51179.30164184884,10054.66613554832,50066.709216302326,10257.790655855044,50437.57335815117,1312959.0,461479
2016-06-16,10359.3525390625,50808.4375,10460.914795520315,51550.165783697674,10105.446897917964,50808.4375,10156.22802614687,51179.30164184884,944319.0,343751
2016-06-17,10156.2275390625,50808.4375,10460.914293823416,51179.30164184884,9953.103035888555,50437.57335815117,10257.789790649473,50808.4375,1232559.0,360167
2016-06-20,10867.1640625,50808.4375,10867.1640625,51179.30164184884,10562.477286365385,50437.57335815117,10562.477286365385,50808.4375,2304639.0,478517
2016-06-21,10968.7265625,51550.15625,11171.851877846544,51921.020323261146,10765.60204060862,51179.29217673885,11171.851877846544,51179.29217673885,2114399.0,1053216
2016-06-22,10968.7265625,51550.15625,11070.28882344569,51921.020323261146,10765.60204060862,51179.29217673885,10968.7265625,51550.15624999999,796079.0,477826
2016-06-23,11679.6640625,51921.02734375,11679.6640625,52291.89146715745,10867.1651202671,51179.299096935094,10867.1651202671,51179.299096935094,3588639.0,1979009
2016-06-24,12390.599609375,50808.4375,12492.161875240197,51921.029925546514,10867.164827941822,48954.11679075581,11679.663748318611,51921.029925546514,7023278.0,3049729
2016-06-27,12390.599609375,50808.4375,12390.599609375,50808.4375,11679.663748318611,49695.845074453486,12187.475077644604,50437.57335815117,1608079.0,1177459
2016-06-28,12085.912109375,51921.02734375,12289.036629300284,53404.48884405048,11984.349849412358,50437.570850120195,12085.912109375,50808.43497352765,1085359.0,3465797
2016-06-29,12695.287109375,51550.15625,12695.287109375,52291.8843965223,11984.351208983975,51550.15624999999,11984.351208983975,52291.8843965223,2392879.0,1435691
2016-06-30,12492.1611328125,52291.890625,12898.410172129308,52662.7597491053,12492.1611328125,51921.02650756529,12695.285652470904,51921.02650756529,1095759.0,1187447
2016-07-01,12492.1611328125,53033.63671875,12695.285652470904,53404.50092606022,12390.598872983297,52662.77251143979,12492.1611328125,53404.50092606022,2034719.0,2024282
2016-07-04,12593.724609375,53775.33984375,12695.286879016567,53775.33984375,12390.60007009187,53033.61177795157,12695.286879016567,53775.33984375,1631999.0,1518531
2016-07-05,12492.1611328125,53404.48828125,12695.285652470904,54146.216520248236,12492.1611328125,53033.62416175088,12695.285652470904,53775.35240074912,1365039.0,1242777
2016-07-06,12492.1611328125,53033.63671875,12492.1611328125,53404.50092606022,12187.474353324893,52662.77251143979,12390.598872983297,53404.50092606022,1511999.0,693809
2016-07-07,13304.6591796875,54517.08203125,13304.6591796875,54517.08203124999,12492.16110299334,53033.62551538954,12695.285622166879,53404.48964435465,3616399.0,2342839
2016-07-08,13203.0966796875,54517.08203125,13507.783452899814,55258.81028918023,13101.534421950062,54146.21790228488,13304.658937424938,54517.08203124999,969439.0,1130976
2016-07-11,13406.220703125,54146.21875,13812.469719164532,55258.81115431413,13101.533941095351,53775.35461522862,13101.533941095351,54517.08288477138,1782799.0,958953
2016-07-12,13710.91015625,54517.08203125,13710.91015625,54517.08203124999,13101.53651258649,53404.48964435465,13406.223334418246,54146.21790228488,1464479.0,1113333
2016-07-13,14218.720703125,54517.08203125,14320.282971191458,54887.94616021511,13812.471630859167,54146.21790228488,14015.596166992083,54517.08203124999,1662559.0,768493
2016-07-14,14218.720703125,54146.21875,14624.969775390831,54887.94701954275,14117.158435058542,53775.35461522862,14218.720703125,54146.21875,1871359.0,2158652
2016-07-15,13914.0341796875,54517.08203125,14320.283260150758,54887.94616021511,13507.785099224242,53775.353773319766,14218.720990034943,54146.21790228488,2227519.0,849191
2016-07-18,14117.1591796875,55629.66015625,14218.721453110998,56000.524190135904,13914.0346328405,54517.06805459228,14015.596906264,54887.932088478185,1794879.0,1872391
2016-07-19,14218.720703125,56742.2734375,14218.720703125,57484.001782128966,13812.471630859167,55629.680920556566,14218.720703125,55629.680920556566,2045519.0,3176461
2016-07-20,13507.783203125,58596.58984375,14117.156738281594,58967.4539561785,13507.783203125,56371.40016250845,14117.156738281594,57113.128387365454,2242079.0,2674944
2016-07-21,13101.53515625,58225.73828125,13710.908736828105,60080.05924307136,12898.410629390632,57854.87408888573,13507.784209968737,59338.330858342815,2128639.0,3037944
2016-07-22,13710.91015625,57854.8515625,13710.91015625,58967.44370639355,12593.7251428669,56371.39036397229,12999.974238642573,58596.57965842903,3077359.0,3627953
2016-07-25,13507.783203125,57113.1328125,13710.907714843865,58225.73024266027,13203.096435546702,57113.1328125,13710.907714843865,58225.73024266027,537839.0,953216
2016-07-26,13203.0966796875,58225.73828125,13507.783452899814,58596.60247361427,13203.0966796875,56742.27650512131,13507.783452899814,57113.14069748558,449199.0,1764339
2016-07-27,13203.0966796875,58225.73828125,13203.0966796875,58225.73828125,13203.0966796875,58225.73828125,13203.0966796875,58225.73828125,0.0,0
2016-07-28,13507.783203125,59338.30859375,13710.907714843865,59709.17264696071,13101.53417968727,58596.58048732858,13203.096435546702,58596.58048732858,966959.0,2274998
2016-07-29,13609.34765625,58596.58984375,13812.472200763865,59709.18218103551,13507.785383993067,58596.58984375,13507.785383993067,59338.318068607005,822959.0,1736553
2016-08-01,13203.0966796875,57483.99609375,13710.90796837469,58967.45764288202,13203.0966796875,57113.131958134705,13609.345710637252,58967.45764288202,1622559.0,2948935
2016-08-02,12593.724609375,56371.41796875,13101.535957582826,57484.01065747415,12593.724609375,56371.41796875,13101.535957582826,57113.14642789943,1285439.0,2906064
2016-08-03,12593.724609375,57113.1328125,12695.286879016567,57483.99695366312,12390.60007009187,56371.40453017377,12390.60007009187,56742.26867133689,1406719.0,1141845
2016-08-04,13101.53515625,57854.8515625,13203.097419679683,58596.57965842903,12898.410629390632,57113.11845990132,13101.53515625,57483.98250786584,1198799.0,1973998
2016-08-05,13406.220703125,58596.58984375,13507.782957134883,58596.58984375,13101.533941095351,57483.99249979396,13101.533941095351,57854.86161889299,1253599.0,1450863
2016-08-08,13406.220703125,58596.58984375,13609.345211144766,58967.4539561785,13406.220703125,58225.725731321494,13609.345211144766,58596.58984375,655119.0,1135607
2016-08-09,13304.6591796875,60080.04296875,13609.34595844781,60450.9070606556,13304.6591796875,58967.450693033206,13406.22143927427,58967.450693033206,792319.0,3294380
2016-08-10,13406.220703125,60821.765625,13609.345211144766,61192.62968320098,13203.096195105234,60080.03750859801,13304.658449115117,60450.901566799,1232559.0,2313982
2016-08-11,14117.1591796875,62676.09375,14117.1591796875,62676.09375,13304.660992299501,60821.76836867644,13406.223265723002,61192.63244360715,2928959.0,2907239
2016-08-12,13914.0341796875,62305.2265625,14523.407800382385,64901.28017260591,13914.0341796875,62305.22656249999,14523.407800382385,63788.687913990594,1030399.0,5482442
2016-08-15,14320.2822265625,62676.09375,14523.406752133305,63046.95782493071,13812.470912635486,61934.36059346857,13914.03317542089,62305.22466839928,2350399.0,1978542
2016-08-16,14726.53125,62676.09375,15234.342562971698,63417.82189986142,14421.844462216979,62676.09375,14421.844462216979,62676.09375,3390719.0,1877523
2016-08-17,15640.59375,63417.8515625,15742.156026468694,63788.715810896254,14929.657814719143,62676.12306570749,15132.78236765653,63046.987314103746,2389919.0,2307277
2016-08-18,15335.9033203125,64530.43359375,15539.027825564051,64530.43359375001,15234.341067686724,63417.84103328414,15539.027825564051,63788.705220106094,1385439.0,3655704
2016-08-19,15437.4697265625,65137.765625,15945.28271323435,66959.80332056906,14929.658326801275,64682.25620110773,15234.345166658011,66048.78447278452,2498159.0,5080075
2016-08-22,15335.9033203125,63771.2421875,15742.152330815603,65593.28002118858,15234.341067686724,63771.2421875,15437.465572938276,65137.770562766425,1781759.0,1837756
2016-08-23,15539.03125,65137.765625,15539.031250000002,65137.765625,15031.219874961474,63315.733053905555,15234.344424976885,63771.2373533232,1671919.0,1547308
2016-08-24,14828.0927734375,66048.7890625,15945.279193195625,66504.29851804551,14828.0927734375,65137.77015140898,15539.02857615886,65593.27960695449,8126157.0,1690531
2016-08-25,14421.8447265625,66048.7890625,14828.09378438621,66504.29851804551,14320.282462106572,65137.77015140898,14726.531519930282,66048.7890625,3847759.0,877060
2016-08-26,14523.4052734375,66504.296875,14828.092030772124,66504.296875,14421.843020992626,65593.27798641648,14421.843020992626,65593.27798641648,2555599.0,1384358
2016-08-29,13914.0341796875,68781.828125,14726.532340614014,70603.86561482937,13914.0341796875,66504.28638718733,14523.407800382385,66504.28638718733,3793919.0,4736217
2016-08-30,14624.9697265625,69237.34375,14624.9697265625,69692.85316359255,14015.596120198265,68326.3249228149,14015.596120198265,69237.34375,1923679.0,2523873
2016-08-31,14624.9697265625,71059.3828125,14929.656529744618,71059.3828125,14421.845191107755,69692.85454464292,14929.656529744618,69692.85454464292,2137679.0,3036816
2016-09-01,14523.4052734375,70148.390625,14726.52977832725,71059.40981644287,14421.843020992626,69237.37143355713,14726.52977832725,71059.40981644287,1740799.0,3787344
2016-09-05,14726.53125,70148.390625,14726.53125,71059.40981644287,14421.844462216979,68781.86183783568,14624.968987405658,70148.390625,1203999.0,3862742
2016-09-06,14828.0927734375,68326.328125,14929.655030969123,70148.36586476189,14624.968258374254,68326.328125,14726.530515905877,70148.36586476189,1085679.0,2495030
2016-09-07,14624.9697265625,66504.296875,14828.094262017245,67870.82008340045,14218.720655653009,65137.768542124715,14726.531994289871,67870.82008340045,1191359.0,5999760
2016-09-08,14624.9697265625,66959.796875,14726.531994289871,67415.30625504481,14523.407458835127,65593.26873486559,14726.531994289871,66048.7781149104,1155839.0,3294576
2016-09-09,14218.720703125,65137.765625,14624.969775390831,67415.31274446132,14015.596166992083,65137.765625,14624.969775390831,67415.31274446132,3016079.0,2508206
2016-09-12,13710.91015625,64317.8515625,14218.72152596959,66413.19292371806,13629.660337094865,64181.197194004875,14218.72152596959,65593.27696169686,1974959.0,3142656
2016-09-13,14066.376953125,66003.2265625,14117.15808590227,66413.18449145963,13710.909023684098,63361.273187216124,13710.909023684098,64317.84339627996,743999.0,3493166
2016-09-14,13792.16015625,65593.2734375,14107.003209604414,65821.02558161377,13792.16015625,64773.35751953125,14107.003209604414,65593.2734375,588959.0,1261152
2016-09-15,13446.8486328125,65137.765625,13771.847918830417,65866.57865343778,13446.8486328125,64910.013475291176,13771.847918830417,65638.82650372895,1383519.0,2081433
2016-09-16,13619.50390625,62860.20703125,13771.847314890145,65137.74842483286,13507.78540658056,62860.20703125001,13609.347679007324,65137.74842483286,1210399.0,9539467
2016-09-19,13304.6591796875,61949.19140625,13629.658410365164,63771.22358393393,13203.09692010073,61858.08851624743,13619.502184406487,63771.22358393393,2115679.0,4361011
2016-09-20,13558.56640625,61949.19140625,13609.347541951982,61949.19140625,13304.660727740094,60582.66342963193,13304.660727740094,61493.68208071064,854399.0,3853684
2016-09-21,13710.91015625,62769.125,13863.253567165877,63270.18591289177,13507.785608362163,62404.71846093552,13507.785608362163,62860.22791588486,1042079.0,2102774
2016-09-22,14005.4404296875,62495.81640625,14096.84647414203,63543.484482175314,13710.909842000676,62495.81640625001,13710.909842000676,62860.222916331615,1021359.0,1372276
2016-09-23,13914.0341796875,63771.2421875,14117.158719919129,63953.448020658856,13771.84700152536,62176.96164526,14015.596449803314,62359.16747841886,1241119.0,2475072
2016-09-26,13710.91015625,64226.76171875,13914.034704137835,64272.31318418365,13670.285246672433,63589.05145163046,13914.034704137835,63771.252188889266,1283679.0,2185992
2016-09-27,13802.314453125,63771.2421875,13822.62690533884,64408.957479081,13660.12728762812,63771.2421875,13700.7521920558,64226.751645922144,934719.0,1546747
2016-09-28,13964.814453125,63771.2421875,14015.595585049743,64090.102395528,13710.908793501287,63452.387103947,13802.314830965825,63998.99947894857,1146479.0,2125584
2016-09-29,14076.5322265625,63771.2421875,14320.2816473892,64181.20018763243,13914.032612678033,63634.59293710586,13964.81374201693,63771.2421875,1853679.0,2987625
2016-09-30,14137.4716796875,63771.2421875,14249.190180811445,64181.20018763243,14086.690542812981,63771.2421875,14208.565271311829,63771.2421875,773999.0,1424376
2016-10-03,14107.001953125,63998.98828125,14289.814032338445,64181.18895805478,14076.533273256093,63862.33393029083,14289.814032338445,64181.18895805478,1169439.0,1539432
2016-10-04,13812.470703125,63998.98828125,14107.001260735165,64591.146886458184,13802.314477000511,63816.78247997111,14107.001260735165,63998.98828124999,1546799.0,1985169
2016-10-05,13710.91015625,63953.44140625,14005.440750687361,64408.95081756091,13710.91015625,63953.44140625,14005.440750687361,64226.74500324675,955759.0,1182772
2016-10-06,13792.16015625,64682.2578125,14015.597161856358,64864.463636385946,13690.597880974381,63953.444765905726,13700.754108501944,63953.444765905726,842879.0,2197958
2016-10-07,13660.12890625,64500.05859375,13893.72213438819,64955.56803944677,13619.503997008576,64044.54914805323,13792.15986128463,64682.25929734379,842479.0,1692028
2016-10-10,13629.658203125,63816.8046875,13751.532912776009,64500.071555590905,13619.50197732075,63816.8046875,13619.50197732075,64500.071555590905,570079.0,1069459
2016-10-11,13751.5322265625,63998.98828125,13751.5322265625,64226.740408374506,13507.782819423794,62495.81091859557,13751.5322265625,63771.23102965138,915039.0,2889288
2016-10-12,14015.595703125,64454.51953125,14107.001741359592,64454.51953125,13731.221361950711,63771.25266907612,13731.221361950711,63999.00999795936,987999.0,1790193
2016-10-13,14990.5927734375,64682.2578125,14990.5927734375,64910.01509235743,14015.595075901445,64272.29983323138,14015.595075901445,64272.29983323138,5917118.0,1110355
2016-10-14,15031.2177734375,65593.2734375,15437.466816670389,65957.67994276673,14990.592869114213,64682.254612095945,15071.84267776079,64682.254612095945,1167679.0,3016497
2016-10-17,14553.876953125,64773.35546875,14909.344910051475,65684.3742653104,14533.564498443488,64727.804016474554,14828.095091325424,65274.41631930565,1682159.0,1025092
2016-10-18,15234.3427734375,65593.2734375,15427.311075032645,65593.2734375,14421.84466145794,64636.703158378295,14421.84466145794,64773.35751953125,2147359.0,1263340
2016-10-19,15264.8115234375,66504.296875,15528.87341105562,66732.04903490846,15244.499070543798,65183.319999001375,15417.154920140261,65593.27798641648,831359.0,2821708
2016-10-20,15234.3427734375,66003.2265625,15285.123905436223,66732.0395196562,15031.21824544261,65821.02076097389,15264.811452636734,66504.28739222267,1148239.0,1231228
2016-10-21,15335.9033203125,65684.359375,15742.152330815603,66458.7236391896,15153.091265586105,65638.80793305083,15335.9033203125,66048.76578612022,1379519.0,843350
2016-10-24,14777.3125,64226.76171875,15427.310985825066,65684.39323919949,14777.3125,64226.76171875,15427.310985825066,65684.39323919949,1833039.0,2369678
2016-10-25,14624.9697265625,64226.76171875,14817.938035244508,64591.16831774342,14523.407458835127,63999.00951605754,14787.469354926296,64226.76171875,1276399.0,1796328
2016-10-26,14624.9697265625,64272.30078125,14878.87539588093,64454.50660782349,14553.876139153339,64181.19786796326,14553.876139153339,64226.74932460663,1624399.0,583963
2016-10-27,14878.875,64910.03125,14878.875,64910.03125,14716.375375959818,64272.31583213149,14716.375375959818,64408.97023406246,1103599.0,545227
2016-10-28,15082.0009765625,65274.41015625,15082.0009765625,65638.8166155729,14878.87642703063,64682.24645705414,14878.87642703063,64910.0036969271,945199.0,1200168
2016-10-31,14726.53125,64682.2578125,15081.999169080189,65411.07085909429,14726.53125,64682.25781250001,15081.999169080189,65137.767247740114,947039.0,510408
2016-11-01,14929.654296875,64636.6875,14949.966747382558,65137.74824503662,14523.405286723853,64408.93541105967,14523.405286723853,65137.74824503662,844879.0,807494
2016-11-02,14909.345703125,64272.30078125,15163.25140014993,64955.567506425745,14828.095880077024,64272.30078125,14929.658158886994,64636.70730992215,835279.0,1157616
2016-11-03,15539.03125,64408.93359375,15539.031250000002,64408.93359375,14828.095324946064,64090.078628440795,14828.095324946064,64226.72782816011,5017678.0,2071612
2016-11-04,15386.6884765625,64181.1953125,15792.93759346656,64636.70473632215,15335.907336949493,63998.9946176559,15539.031895401524,64408.952586648375,2708399.0,1510243
2016-11-07,15488.248046875,63862.33984375,15630.435212922712,64272.297810114265,15396.842011558612,63816.78838921235,15437.466916143674,64226.746355576615,277439.0,1813291
2016-11-08,15660.9033203125,63953.44140625,15945.27922894896,64181.19354966821,15539.02861100128,63907.88995267146,15589.809739880955,63998.99285982853,1090639.0,702576
2016-11-09,15742.15625,63771.2421875,15742.15625,63907.89656236914,14929.658026713352,62222.51310354971,15467.938099640756,63862.34510407943,2557839.0,3932510
2016-11-10,15996.0615234375,64226.76171875,16351.529451497641,64363.41611505096,15894.49925827746,63953.45805062388,16148.40492117756,63953.45805062388,1870799.0,1398225
2016-11-11,16067.1513671875,63998.98828125,16249.96340190067,64317.84330901395,15843.71284896138,63998.98828124999,15996.057798132379,64226.740408374506,847919.0,1137009
2016-11-14,15945.2802734375,62951.3125,16341.373104644854,63907.88266715103,15945.2802734375,62905.76617608823,15945.2802734375,63771.22832199406,1590639.0,2355364
2016-11-15,15762.466796875,62541.3671875,16046.842727500294,63361.283174660086,15701.529437507521,62495.82085441326,15996.061594694063,62905.7788479933,1302879.0,2789539
2016-11-16,15539.03125,63315.734375,15772.624482517724,63406.832162099534,15528.87502249923,62541.364751093555,15752.312027516182,62541.364751093555,1282319.0,2439820
2016-11-17,15792.93359375,63315.734375,16016.372138369825,63452.38361788666,15539.027959989075,63179.080007638615,15640.590213493444,63315.734375,1204639.0,1262563
2016-11-18,15843.7197265625,62495.81640625,15996.064741864953,63087.975063454665,15650.75138393296,62495.81640625001,15650.75138393296,62905.77437065114,554479.0,1828454
2016-11-21,15894.5,63087.98046875,16036.687177859272,63270.186301639245,15843.717278139793,62814.67684389114,15884.343773010052,62860.22830211345,381519.0,1400400
2016-11-22,16696.841796875,64090.0859375,16696.841796875,64181.18370621096,15853.87337663126,63133.51580800865,15853.87337663126,63133.51580800865,2183999.0,1788480
2016-11-23,16453.08984375,63315.734375,16757.776604546656,64135.65033021885,16249.965336552232,63224.63146342574,16656.214350947772,64090.09887443172,1929279.0,1301428
2016-11-24,16463.24609375,62268.04296875,16656.21437587669,63270.16445466161,16453.08986837491,62176.94008376291,16453.08986837491,63270.16445466161,548239.0,3003580
2016-11-25,16554.654296875,61265.953125,16656.216563967908,62313.621382393256,16249.967495596282,60901.541427323624,16473.404483200677,62268.06992018371,862159.0,3961396
2016-11-28,16503.873046875,58851.734375,16808.55984600381,61038.17831173548,16503.873046875,58532.87935543778,16503.873046875,61038.17831173548,2293199.0,4500100
2016-11-29,16554.654296875,61174.83203125,16656.216563967908,61311.48125281747,16503.873163328546,59443.89747928802,16656.216563967908,59671.64959821643,898559.0,4115016
2016-11-30,16757.779296875,62860.20703125,16757.779296875,64682.23912122164,16453.092487126934,61038.16981680511,16554.654757042957,61493.67912041633,1571359.0,7790846
2016-12-01,16808.556640625,61584.80078125,17011.681134641854,62951.3239842192,16757.775517120786,61584.80078125,16757.775517120786,62860.22619530279,1994319.0,2100441
2016-12-02,16757.779296875,61493.703125,16930.435155732237,62176.96478489713,16757.779296875,61129.29656475651,16930.435155732237,61493.703125,1337039.0,2445321
2016-12-05,15945.2802734375,61493.703125,16656.216124322495,61812.55822465364,15945.2802734375,61265.95094652604,16656.216124322495,61675.90896735937,1999839.0,1526169
2016-12-06,15640.59375,61038.17578125,16239.812768075864,61493.68512937206,15589.812611765652,60947.072886730835,15945.28216631665,61493.68512937206,2391519.0,1326614
2016-12-07,15660.9033203125,60354.9140625,15731.996900744047,60764.871961604564,15244.49806349916,60036.05905752394,15589.809739880955,60719.320514540304,1442319.0,2982369
2016-12-08,15742.15625,61584.80078125,15935.126164941172,62040.310223731336,15589.812833133754,61311.4920410763,15935.126164941172,61584.80078125,777679.0,4010371
2016-12-09,15742.15625,61858.10546875,15843.71852791083,62313.614919123844,15640.59397208917,61493.6989333459,15742.15625,61721.45109629537,654399.0,2177755
2016-12-12,15498.4033203125,60901.53515625,15792.93386044898,61174.84390136449,15498.4033203125,60354.92791497085,15792.93386044898,60354.92791497085,675119.0,2427148
2016-12-13,15498.4033203125,59671.66015625,15589.809350010028,61493.697927956026,15346.059937483285,59671.66015625,15457.77841822471,60901.53411480912,673439.0,2089612
2016-12-14,15742.15625,59580.5625,15742.15625,60218.27264683314,15437.469416267508,59216.155969741805,15437.469416267508,59671.66028920842,571999.0,1717588
2016-12-15,15620.2783203125,58122.92578125,15823.402834571174,59443.90253184076,15620.2783203125,57804.07073785895,15823.402834571174,59398.35107928856,887599.0,3946795
2016-12-16,15579.654296875,59170.59375,15671.060333450938,59170.59375,15488.248260299062,58305.12647638383,15539.029391730139,58305.12647638383,418559.0,2415427
2016-12-19,15335.9033203125,58669.5390625,16097.621801916013,59626.109333045875,15031.216562435173,58532.884702572184,15843.714583441379,59443.90351980878,11159277.0,890784
2016-12-20,15701.52734375,56756.40234375,15701.52734375,58623.98626421103,15142.934957368287,56619.74798695737,15234.340984230748,58532.88335968261,2341199.0,4352097
2016-12-21,15813.2470703125,57439.6640625,15833.559522331114,57712.967652485175,15640.591228154271,55344.32287401544,15701.528584210117,56483.093810840386,1254159.0,3403713
2016-12-22,15742.15625,56073.12890625,15813.249844537582,57849.614831918756,15599.969060924837,56073.12890625001,15742.15625,57439.6569355701,1999839.0,2064254
2016-12-23,15721.84375,56483.09375,15823.406027623896,56483.09375,15691.375066712833,55389.87426676253,15752.312433287168,56027.58435086581,1585599.0,2082528
2016-12-26,16138.248046875,55799.8359375,16138.248046875,56710.85479656788,15742.153641739613,55617.63011589655,15742.153641739613,56483.09751956358,2242799.0,900950
2016-12-27,16199.1865234375,56938.61328125,16351.529925594612,57029.7162021833,16056.999348090863,55617.63630114297,16138.249162574657,55754.29068254291,2023759.0,2488780
2016-12-28,16168.7177734375,57394.11328125,16199.186453737826,57758.51978031634,16056.999279002972,56938.60387629848,16199.186453737826,57394.11328125,1129199.0,1527033
2016-12-29,16148.404296875,58578.42578125,16249.96655810861,59216.140890161776,15996.060905024584,58441.77144552457,16148.404296875,59216.140890161776,2557519.0,2878776
2016-12-30,15843.7197265625,57211.90625,16046.8458846622,58578.43443572682,15792.938583765252,57120.808470530974,15935.127370508257,58578.43443572682,5914638.0,1534824
2017-01-03,15914.8134765625,57712.97265625,15945.282159490063,57849.62702532781,15742.15601972907,57211.91176077282,15843.718296154282,57211.91176077282,1021119.0,939412
2017-01-04,15975.7490234375,57804.0625,16026.530155868226,58122.917497949915,15853.87271869337,57758.511053939495,15914.81166452063,58077.36605188941,600719.0,949492
2017-01-05,16026.529296875,57712.97265625,16026.529296875,57895.17848168708,15945.279489340683,57485.22049892844,15975.748167166052,57895.17848168708,935439.0,1184198
2017-01-06,16026.529296875,57394.11328125,16138.247782234686,58122.92627938268,15945.279489340683,57394.11328125,16016.37307093321,57712.96832737375,1680399.0,1975334
2017-01-09,15914.8134765625,57394.11328125,16046.844435915275,57758.51978031634,15894.501021277456,57394.11328125,16046.844435915275,57712.96832737375,1013919.0,1312272
2017-01-10,15965.5947265625,57439.6640625,16087.469459126094,57621.864747665335,15752.31235766563,57394.11261009008,15864.030862515592,57394.11261009008,1440559.0,1318060
2017-01-11,16249.9677734375,57849.63671875,16249.9677734375,57940.73964673396,15996.062101363965,57485.23013128979,15996.062101363965,57530.78159528178,2787599.0,1207036
2017-01-12,16249.9677734375,57849.63671875,16493.71721862809,58031.83745024228,16249.9677734375,57667.43086278207,16249.9677734375,57849.63671875,1645439.0,683683
2017-01-13,16199.1865234375,57804.0625,16280.436337921294,57986.268284242025,16158.561616195604,57621.85671575798,16249.967657489871,57849.613946060505,675119.0,882144
2017-01-16,16097.6240234375,57621.8671875,16249.96742340002,57895.175913531995,16097.6240234375,57576.32085763589,16148.40515675834,57849.62445919333,668719.0,867787
2017-01-17,16046.8427734375,57439.6640625,16097.623906389103,57712.967652485175,15996.061640485897,57439.6640625,16046.8427734375,57712.967652485175,854559.0,838627
2017-01-18,16046.8427734375,57394.11328125,16107.780132979424,57485.216187135185,16046.8427734375,57029.70678218367,16056.999000027821,57394.11328125,656879.0,1226880
2017-01-19,15996.0615234375,57394.11328125,16148.40492117756,57530.76764007778,15996.0615234375,57348.561828307415,16148.40492117756,57530.76764007778,302079.0,1242417
2017-01-20,16199.1865234375,57849.63671875,16249.967657489871,58441.79550169446,15955.437079986123,57394.127203305834,15955.437079986123,57394.127203305834,598879.0,2296699
2017-01-23,16077.3115234375,58305.1484375,16239.81114959246,58806.20943587085,15996.061710360022,57849.63890484249,16239.81114959246,57849.63890484249,500799.0,2628806
2017-01-24,16148.404296875,58305.1484375,16148.404296875,58851.755777108345,16046.84203564139,58305.1484375,16077.310714011473,58760.65797015752,966959.0,1342324
2017-01-25,16249.9677734375,58760.6484375,16249.9677734375,58851.746229672164,16097.62437019338,58305.138978739145,16148.405504608087,58305.138978739145,657279.0,2139710
2017-01-26,16249.9677734375,58760.6484375,16249.9677734375,58760.6484375,16249.9677734375,58760.6484375,16249.9677734375,58760.6484375,0.0,0
2017-02-03,17062.466796875,60992.62890625,17356.997391546523,62359.157053056784,16971.060750252804,60810.42822802691,17164.02907089966,61448.13828851892,983759.0,2315678
2017-02-06,17316.369140625,60673.7734375,17356.994042396014,61129.28281647685,16920.276348357624,60491.56763611961,17062.46350455617,61083.73136613175,1995199.0,1918065
2017-02-07,17306.216796875,60947.078125,17356.997935478706,61174.835380873155,17214.81074738833,60354.919508678206,17265.591885992035,60673.77454242642,1603199.0,1063742
2017-02-08,17143.716796875,60992.62890625,17306.21643702802,61220.386159621536,16960.904701702857,60810.42822802691,17265.591526989763,60947.07745557569,1632079.0,646344
2017-02-09,16960.90234375,61083.72265625,17153.87063960471,61265.9284316498,16788.246500090525,61038.17121240005,17143.714413507092,61174.8255439499,1999519.0,1172246
2017-02-10,17092.93359375,60947.078125,17214.808309136944,61083.732478523896,16960.90265208081,60901.52667382537,16960.90265208081,61083.732478523896,1050799.0,3014452
2017-02-13,17590.58984375,60947.078125,17661.68343242271,61038.18102734927,17164.02831171375,60764.87744477568,17164.02831171375,60947.07812500001,3194719.0,999763
2017-02-14,17468.71484375,60537.12109375,17661.683152806603,60992.6304878306,17468.71484375,60446.0233145133,17651.52692601415,60947.07903597511,908959.0,969220
2017-02-15,17570.275390625,60582.67578125,17651.525197006013,60673.778689826664,17367.150874672465,60491.57287267333,17468.713132648732,60582.67578125,898159.0,1241308
2017-02-16,17570.275390625,60127.17578125,18078.086680506334,60764.891116704785,17539.80671323212,59944.97506003103,17539.80671323212,60582.68527101046,1792959.0,960336
2017-02-17,17468.71484375,59216.15625,17824.182781485844,60172.72147477694,17336.683895448114,59125.053335885576,17570.277111674528,60127.17001771973,3503999.0,1373068
2017-02-20,17062.466796875,59216.15625,17468.715892973654,59489.459867868434,17062.466796875,59216.15625,17468.715892973654,59216.15625,1706639.0,698097
2017-02-21,17113.24609375,59352.796875,17265.589488405956,59808.30625492916,17062.464962198013,58897.28749507084,17062.464962198013,59216.147648153135,912639.0,1177444
2017-02-22,16869.49609375,59398.34765625,17214.807776665504,59762.75413119305,16808.55873794138,59307.24475639572,17164.026646824987,59352.796206322855,1630319.0,849772
2017-02-23,16788.24609375,59352.796875,16960.901933230536,59443.89977588066,16605.43402841767,58806.189718664304,16869.49590056437,59398.348325440325,1938079.0,883080
2017-02-24,16859.34375,60081.62109375,16859.34375,60081.62109375,16453.094617728482,58988.40145171043,16564.81312910315,59216.158746598936,1518559.0,1900411
2017-02-27,17123.40234375,60036.07421875,17570.2763020257,60400.480762815816,17062.46498580331,60036.07421875,17204.652154345582,60127.17201141018,2704479.0,1094054
2017-02-28,16971.05859375,59853.875,17164.026889876488,60081.62719353596,16971.05859375,59626.122806464045,17062.464628757283,60036.08085440925,927039.0,1108353
2017-03-01,16910.12109375,59580.5625,16960.902223879184,59990.52048709983,16849.183737594976,59535.011043158374,16960.902223879184,59535.011043158374,835919.0,845539
2017-03-02,16960.90234375,59079.515625,17164.026865702323,59580.57664473757,16859.340082773837,59079.51562500001,16869.496308871454,59580.57664473757,802319.0,694137
2017-03-03,16889.8125,59170.59375,16981.218555113297,59261.69152263809,16859.343814962234,58897.285058664005,16960.906098421452,59079.490852888,854959.0,732196
2017-03-06,16889.8125,59626.1015625,17011.687240151063,59671.64788539918,16859.343814962234,58988.38642375241,16960.906098421452,59079.48931849832,764639.0,1060689
2017-03-07,17052.30859375,59216.15625,17092.933498652965,59580.562781982866,16757.778033203514,59170.60479294279,16889.808974138145,59216.15625,932079.0,640368
2017-03-08,17245.279296875,59489.4609375,17509.341215567416,59944.97039178744,17062.46719931871,59216.15731471752,17153.873248096854,59216.15731471752,2224799.0,920678
2017-03-09,17164.029296875,59443.921875,17265.591572236794,59626.127744498925,17133.560614266462,59398.370407625276,17245.279117164435,59626.127744498925,329359.0,589334
2017-03-10,17164.029296875,59170.59375,17245.279117164435,59489.448765418085,17123.404386730283,59170.59375,17164.029296875,59443.89731686208,435839.0,615398
2017-03-13,17245.279296875,59079.515625,17448.40384971532,59489.473709426005,17214.81061394895,59079.51562500001,17316.37289036911,59216.17002796735,1789279.0,493171
2017-03-14,17468.71484375,59534.9921875,17468.71484375,59626.09507232956,17265.590307900944,59125.0343302402,17265.590307900944,59125.0343302402,1941279.0,705268
2017-03-15,17671.837890625,60582.67578125,17763.24392405549,60582.67578125,17529.65072751091,59535.00770604198,17671.837890625,59580.55916033032,2862479.0,1703246
2017-03-16,17367.15234375,61038.17578125,17946.05726318396,61220.38157028833,17316.37121046632,60582.66643312794,17925.744809870488,60582.66643312794,2793119.0,1304625
2017-03-17,17438.244140625,61038.17578125,17509.337719925676,61311.47934033373,17164.026049036678,60855.97511668543,17367.150561324324,61083.72722850958,1894719.0,1491148
2017-03-20,17448.404296875,60992.62890625,17570.279031702543,61402.58683784462,17377.310701558934,60309.367395083675,17570.279031702543,60673.77387600399,730719.0,1051574
2017-03-21,17509.341796875,61767.0234375,17549.966708791806,61949.229329044174,17428.091973041388,60810.45788032305,17428.091973041388,60810.45788032305,1135759.0,1179705
2017-03-22,17184.33984375,62222.5078125,17468.7141831853,63179.07810629268,17164.02739093319,61630.34915403754,17438.24550396009,61630.34915403754,2035119.0,2120169
2017-03-23,17113.24609375,63862.33984375,17255.433262095557,63953.4427528253,17042.15250957722,62222.507978292946,17184.339677922777,62222.507978292946,1401199.0,2954577
2017-03-24,17133.5625,64545.59765625,17245.281015193803,64682.24687658624,17113.250042692034,64090.08829802346,17214.812329231856,64135.6397462935,840079.0,1560600
2017-03-27,16859.34375,64682.2578125,17265.592882271518,65502.173771037254,16839.031293386422,64454.50565711732,17133.561914283273,65092.215791768635,2854319.0,1535385
2017-03-28,16859.34375,64135.6328125,17042.155859522183,65137.749192679075,16757.78146693212,63315.71708122925,16859.34375,65001.09486264284,1052959.0,1477728
2017-03-29,17011.685546875,64591.15625,17082.779138220078,64682.2591638463,16706.99872682467,63771.24027433301,16859.342136849835,63816.791731256155,2478319.0,1114027
2017-03-30,17113.24609375,65593.2734375,17133.558546370794,65593.2734375,16879.652888610868,64591.151704660646,16879.652888610868,64591.151704660646,1139759.0,1692144
2017-03-31,17092.93359375,65274.41015625,17194.495856572452,66094.32597084498,16971.058878363056,65274.41015625,16971.058878363056,65912.12017894661,503279.0,1990425
2017-04-03,17011.685546875,65729.9296875,17164.028956900165,65866.57892810529,16920.279500859902,65274.42026170823,17164.028956900165,65274.42026170823,1241279.0,1154923
2017-04-04,16910.12109375,65593.2734375,17011.68335400837,65729.92779865295,16869.496189646652,65411.067622629394,17011.68335400837,65729.92779865295,784639.0,1532145
2017-04-05,16960.90234375,65319.98046875,17001.527248140465,65593.28411105428,16910.12121326192,64910.02244305591,16910.12121326192,65365.53192987993,456159.0,1135915
2017-04-07,16960.90234375,64955.58203125,16991.371022042847,65228.885707749294,16859.340082773837,64363.41808694625,16960.90234375,64545.62395426309,434079.0,1303732
2017-04-10,16869.49609375,64955.58203125,16960.902127462927,65046.67984043246,16859.3398677819,64636.72176344554,16960.902127462927,64955.58203125,555599.0,870148
2017-04-11,17123.40234375,65365.515625,17123.40234375,65456.613400060975,16879.652911963254,64910.00625179897,16879.652911963254,64955.557701566475,705759.0,670176
2017-04-12,17164.029296875,65593.2734375,17356.997620062408,65775.4792523706,17072.623249049382,65319.96983966858,17092.935704121744,65593.2734375,1285439.0,1091952
2017-04-13,17265.58984375,65183.32421875,17336.683429385957,65547.73077287889,17214.808711152884,65183.32421874999,17214.808711152884,65365.53005805203,690799.0,465076
2017-04-14,16981.216796875,64545.59765625,17275.747388410982,65137.75623481278,16981.216796875,64135.6397462935,17265.591161116638,64955.555566206494,1010479.0,896184
2017-04-17,16757.779296875,64682.2578125,17062.466106623066,64955.56654832892,16757.779296875,64090.09913382018,16960.903836707046,64090.09913382018,1649439.0,1273204
2017-04-18,16554.654296875,65775.4921875,16757.778831060812,65866.58998837572,16371.842216107769,64682.26733223638,16757.778831060812,64727.81879491198,1418719.0,2736547
2017-04-19,16960.90234375,66231.0,16960.90234375,66458.75732518939,16554.65329984535,65775.49559857276,16554.65329984535,65775.49559857276,786079.0,1394827
2017-04-20,16859.34375,66003.2265625,16960.90603306788,66276.53014031504,16859.34375,65866.57221135542,16960.90603306788,66276.53014031504,321679.0,615830
2017-04-21,16910.12109375,65912.125,17001.527127982536,66185.43370783834,16859.339963620812,65684.37286794225,16859.339963620812,66003.22790261278,441199.0,641332
2017-04-24,16859.34375,65593.2734375,17062.468316135757,65912.12848904908,16859.34375,65365.52129338623,16950.74980476109,65684.3763449353,1201999.0,809856
2017-04-25,16605.435546875,65319.98046875,16859.3412163879,65502.18118879441,16524.18573263087,65092.22316310032,16767.935175363258,65502.18118879441,585759.0,680731
2017-04-26,16666.37109375,65547.71875,16889.808058604616,65547.71875,16605.433739698743,64910.00867836314,16605.433739698743,65319.96661712233,1160079.0,392630
2017-04-27,16940.591796875,66732.0390625,16950.748024114895,66732.0390625,16666.373661397858,65502.16528404652,16757.779706556907,65684.3710843244,614239.0,1707350
2017-04-28,16940.591796875,66732.0390625,16940.591796875,66732.0390625,16940.591796875,66732.0390625,16940.591796875,66732.0390625,0.0,0
2017-05-03,17123.40234375,67551.9453125,17214.80838067003,67734.15108687789,16859.340459314357,67460.84242531106,16859.340459314357,67460.84242531106,588879.0,1266422
2017-05-04,17448.404296875,68567.765625,17468.71675267959,68798.63121404829,17164.029915610736,67690.46703646662,17164.029915610736,67875.16366332742,1807119.0,1439784
2017-05-05,17468.71484375,67690.4765625,17570.277111674528,68475.4269480685,17367.152575825472,67690.4765625,17468.71484375,68106.03883689088,1140319.0,755136
2017-05-08,17356.99609375,67367.2578125,17499.18326675308,67736.6458973471,17255.43382731923,66997.8697276529,17468.714586823848,67690.4717374252,539359.0,1171108
2017-05-09,17519.498046875,66489.9609375,17519.498046875,67321.08544921875,17275.74857506779,66166.74700394897,17275.74857506779,67321.08544921875,1593359.0,1349510
2017-05-10,17529.6484375,66674.6640625,17783.554052748692,67182.56949550494,17529.6484375,66166.75343496638,17671.835582039268,66305.27073736375,2083119.0,926496
2017-05-11,17570.275390625,66720.828125,17722.6187775894,66859.35061173508,17468.713132648732,66443.78834605818,17570.275390625,66859.35061173508,974799.0,670968
2017-05-12,17671.837890625,66859.3515625,17692.150342498444,67090.22237700819,17468.713371890586,66536.13761671694,17621.0567609414,66720.82907379509,1466799.0,856411
2017-05-15,18626.525390625,66443.7890625,18687.462753645374,67090.2221463723,17712.46494531943,66212.92344331386,17712.46494531943,66951.69965814358,3588319.0,1181692
2017-05-16,18352.306640625,66259.09375,18636.680991835306,66674.65599597344,18291.369279651364,66259.09375,18636.680991835306,66489.95935575054,2090879.0,765028
2017-05-17,18281.212890625,67875.171875,18545.274785834576,68106.03749197887,18149.181943020212,66259.0969725629,18382.775158013297,66259.0969725629,1483119.0,1772654
2017-05-18,18311.681640625,67413.453125,18484.33749584308,67644.31880252103,18179.65069251706,66720.84570337753,18281.2129602924,66720.84570337753,1611119.0,835833
2017-05-19,18433.556640625,68290.7265625,18453.86909448714,68336.90071967719,18311.681917452148,67274.90549365751,18331.99437131429,67413.42796518905,2426799.0,1175443
2017-05-22,18679.3359375,69398.890625,19457.641401545676,69445.06478209324,18638.37249202391,68244.55228125234,19457.641401545676,68290.72643834558,2780759.0,1743624
2017-05-23,19355.236328125,69952.984375,19457.6449605468,70183.84999583717,18679.339354141113,69398.899612651,18740.784533594193,69398.899612651,1673999.0,1051459
2017-05-24,20256.431640625,69952.984375,20707.02960875933,70137.67583276406,19457.64433347778,69260.37712343164,19457.64433347778,69952.984375,3376199.0,1011081
2017-05-25,20133.537109375,69260.359375,20686.543591920505,69952.96644908315,20051.610223071963,69121.84211580503,20276.909160405314,69952.96644908315,1678439.0,892108
2017-05-26,19867.275390625,70183.8515625,20072.0926132046,70183.8515625,19826.31194610908,69029.51304348985,19969.6840019148,69029.51304348985,978439.0,616190
2017-05-29,19293.787109375,70045.3359375,20031.12910844397,70322.38094928474,19293.787109375,69906.81862613668,19867.275330873086,70183.85844339237,1597279.0,513000
2017-05-30,19109.453125,69121.859375,19355.233810846894,69999.1580785735,18945.599334435403,68937.16272391994,19150.41657264115,69906.80975303348,1434559.0,663739
2017-05-31,19150.41796875,69121.859375,19560.05247502477,70322.37202343522,19007.04589155383,69075.68521222998,19007.04589155383,69260.37666878165,741279.0,1912406
2017-06-01,19621.49609375,70137.65625,19621.49609375,70137.65625,19150.41644892019,69306.53193579453,19150.41644892019,69722.09409289727,861359.0,859939
2017-06-02,19560.048828125,69675.9375,19867.274650549945,70183.84808545069,19416.676777660025,69352.72356181439,19867.274650549945,69722.11166181626,498319.0,714268
2017-06-05,19457.642578125,70968.8125,19601.014645960837,71799.93718820957,19334.75223426571,69675.9512967263,19457.642578125,69675.9512967263,586759.0,1078675
2017-06-06,19703.421875,71199.6796875,19764.867042592294,71476.71950445721,19355.232591976986,70968.80884459481,19457.641204630814,71107.33135033792,1033719.0,344736
2017-06-07,19867.275390625,71107.3203125,19908.23883514092,71384.36008645291,19560.0495567556,70645.58389289299,19703.42161256132,71338.18592503939,1437719.0,1066204
2017-06-08,20072.091796875,70922.640625,20174.500403999857,71107.33731481651,19826.31113977535,70830.29747462121,19969.683189750147,71107.33731481651,1162359.0,299145
2017-06-09,19928.720703125,70968.8125,20215.46481683322,71107.33501287803,19867.27553590181,70876.46415808132,20072.09275997911,71061.1608419187,558439.0,474724
2017-06-12,19764.8671875,70507.0703125,20010.647859671142,71014.98095766104,19723.90374213814,70414.72717253982,19928.72096894743,70968.80679041651,481839.0,728236
2017-06-13,19457.642578125,70322.3671875,19805.831885726322,70460.88447175609,19416.679130171902,69999.15326486509,19662.45981789048,70460.88447175609,913279.0,916113
2017-06-14,19560.048828125,70876.4453125,19560.048828125,70968.79362986388,19355.231613175038,70276.19163869065,19457.640220650017,70322.3657973726,860399.0,771840
2017-06-15,19601.015625,71014.984375,19723.905974997466,71245.85522233251,19539.57045000127,70784.11872219661,19560.052175000845,70876.46186660048,667159.0,596937
2017-06-16,19498.60546875,70645.578125,19662.45925587896,71569.05088881664,19457.64202196776,70645.578125,19662.45925587896,71569.05088881664,706919.0,1672372
2017-06-19,19478.125,71292.0234375,19539.570174131215,71292.0234375,19416.67982586878,70691.76962989072,19457.643275289593,70737.94379886513,687079.0,1066363
2017-06-20,19867.275390625,70645.578125,20072.0926132046,71292.00594295496,19478.122667723757,70507.05565206916,19498.604389981716,71292.00594295496,1683799.0,1288454
2017-06-21,20010.650390625,71014.984375,20051.613841167928,71014.984375,19785.35141263889,69952.99406085782,19969.686940082072,70460.8995359311,1257559.0,1314288
2017-06-22,20686.546875,70599.4296875,20686.546875,71014.99206315861,20010.64995573103,70553.25551303463,20010.64995573103,70691.77803643073,1592599.0,351532
2017-06-23,21075.69921875,70645.578125,21587.742329011075,70691.7522826436,20727.50990377247,70460.88149442554,21096.18094316044,70599.40396735638,2385839.0,496684
2017-06-26,21096.181640625,70830.296875,21300.998891500927,70876.46585253382,20870.882664661476,70322.38617683385,21300.998891500927,70645.60018674706,1287959.0,385128
2017-06-27,20747.990234375,70876.4453125,21096.17952596188,70968.79362986388,20686.54506527143,70784.10218966404,21096.17952596188,70830.27634834599,1088439.0,780811
2017-06-28,20584.13671875,71753.7734375,20686.545335259183,71799.94761516486,20276.910869222444,70876.47445092768,20481.728102240813,70876.47445092768,4444238.0,1322380
2017-06-29,20686.546875,71476.7109375,20891.364123263324,71984.62153648597,20502.211351563008,71476.7109375,20584.13825086834,71799.92488429892,1618159.0,450316
2017-06-30,21075.69921875,72769.5703125,21300.99818726487,72908.09279858177,20850.40025023513,71476.70935932179,20870.88197464557,71476.70935932179,2078879.0,1936310
2017-07-03,21055.216796875,72492.546875,21362.442652854636,72954.27821029219,20993.771625679074,72354.02435769467,21075.698520606977,72954.27821029219,2217639.0,809769
2017-07-04,21198.587890625,72261.6640625,21403.405118549843,72446.36072169611,20932.325494322704,72076.9725978325,20952.80721711519,72446.36072169611,1333479.0,467064
2017-07-05,21034.734375,72307.859375,21300.996774678435,72354.03355330348,21034.734375,71984.6453214058,21198.588159417497,72076.99367801276,988919.0,631512
2017-07-06,21034.734375,72723.390625,21096.179544156563,73046.60454010492,20891.36231363469,72354.00255137612,21034.734375,72723.390625,1430439.0,791712
2017-07-07,21096.181640625,71199.6796875,21178.108540975372,72954.27212093439,21014.254740274628,71199.6796875,21014.254740274628,72954.27212093439,1408279.0,1405958
2017-07-10,20788.955078125,70045.3359375,21096.180944298216,71430.54541283657,20481.729211951788,69814.47028887509,21096.180944298216,71199.67976421166,1268039.0,1429790
2017-07-11,20788.955078125,70645.578125,20891.36370018274,70645.578125,20584.137834009525,70045.31927016084,20788.955078125,70045.31927016084,1129479.0,746136
2017-07-12,20993.76953125,71753.7734375,21014.25125293863,71984.64432582432,20686.54370592054,70553.26040180368,20788.95231436369,71014.99698392228,805319.0,779990
2017-07-13,20993.76953125,71753.7734375,20993.76953125,71753.7734375,20993.76953125,71753.7734375,20993.76953125,71753.7734375,0.0,0
2017-07-14,20891.359375,71615.2578125,21014.24969602704,72169.33756867517,20891.359375,71569.08363373038,20993.767975855866,72169.33756867517,600919.0,994219
2017-07-17,21137.142578125,70137.65625,21485.33186322312,71569.03932203252,20891.361906291033,69999.13899398374,20891.361906291033,71107.3030147487,2265879.0,796795
2017-07-18,20932.326171875,70183.8515625,21055.216512607705,70645.58800900978,20788.95410768684,69722.11511599024,20993.771342241354,70183.8515625,625439.0,918532
2017-07-19,20911.84375,70645.578125,20973.28891831419,71292.00594295496,20788.95341337162,70507.05565206916,20932.325472771397,70645.578125,781719.0,541180
2017-07-20,20584.13671875,70183.8515625,20891.362568277553,70599.41384490594,20481.728102240813,70137.67739839618,20891.362568277553,70183.8515625,1687319.0,1048305
2017-07-21,19867.275390625,69952.984375,20686.544280943406,70183.84999583717,19764.8667793352,69814.46188578065,20584.135669653606,69814.46188578065,2979199.0,669513
2017-07-24,19990.16796875,70091.4921875,20215.466938885045,70183.84050115307,19867.277621403613,69260.36775367775,19867.277621403613,69768.27828424194,1338159.0,1014580
2017-07-25,20194.984375,70091.4921875,20235.947822412974,70183.84050115307,20031.130585348103,69814.45244106848,20072.094032761077,69952.9749115481,879399.0,252244
2017-07-26,20481.728515625,70645.578125,20686.54575277721,70968.79203397747,20194.984383611903,70137.66758544807,20194.984383611903,70183.84174309167,875639.0,487094
2017-07-27,20379.3203125,70599.4296875,20584.137553827597,70645.60386196537,20297.39341596896,70507.08133856926,20481.7289331638,70645.60386196537,831599.0,308476
2017-07-28,20686.546875,70599.4296875,20686.546875,70599.4296875,20379.321002605015,70599.4296875,20379.321002605015,70599.4296875,1025959.0,0
2017-07-31,20584.13671875,70460.8828125,20747.990505164693,70645.57944652947,20481.728102240813,70414.71384852054,20686.545335259183,70645.57944652947,921599.0,983462
2017-08-01,20379.3203125,69768.2890625,20686.546174491396,70460.89113284029,20297.39341596896,69768.2890625,20584.137553827597,70460.89113284029,748959.0,1168675
2017-08-02,20379.3203125,70368.53125,20584.137553827597,70414.70540296924,20297.39341596896,69768.27245592726,20317.87514010172,69768.27245592726,733479.0,1535040
2017-08-03,20502.2109375,71107.3203125,20666.064732801467,71245.84279674057,20297.393693373167,70645.58389289299,20297.393693373167,70737.93221572004,1309799.0,1012046
2017-08-04,21813.041015625,71107.3203125,21813.041015625,71245.84279674057,20788.954808337632,71014.97198967295,20891.36342906637,71107.3203125,3900519.0,418838
2017-08-07,22366.048828125,70968.8125,22509.422505360562,71107.33501287803,21935.93259682268,70645.5984978139,22120.268124523674,71107.33501287803,3968599.0,553104
2017-08-08,21915.451171875,70183.8515625,22345.567409072086,70968.80196320805,21854.00599513256,70091.50323429234,22325.085683491274,70968.80196320805,1606599.0,1724544
2017-08-09,21362.4453125,69260.359375,21731.11638557547,70183.83201075948,21301.000133654088,68521.58334420326,21710.6346592935,70183.83201075948,2568639.0,1608220
2017-08-10,21546.779296875,69952.984375,21628.706196101124,70091.50166969094,21096.181351131316,69260.37712343164,21096.181351131316,69260.37712343164,1256679.0,564998
2017-08-11,21669.671875,69952.984375,21813.043963395245,70183.84999583717,21444.372878950333,69260.37712343164,21505.81805969115,69952.984375,1429759.0,995904
2017-08-14,21813.041015625,70046.5625,21956.41308464523,70186.93285988238,21608.223774167527,69859.39500146336,21669.66894660477,70186.93285988238,919719.0,1335542
2017-08-15,21976.89453125,69485.0703125,22222.675217895063,70186.93795492247,21813.040740153294,69485.0703125,21813.040740153294,70046.56758485026,1539559.0,773496
2017-08-16,21997.375,69017.140625,22222.673949902757,69344.67843045133,21956.411554563136,68362.06501409734,22017.856722718432,69344.67843045133,1065919.0,615124
2017-08-17,21628.708984375,69625.453125,21997.380078419945,69765.82350954444,21628.708984375,68783.20976164928,21915.45316863218,69017.16391190403,1736319.0,1212840
2017-08-18,21628.708984375,69812.59375,21874.489713738298,69906.17748669868,21403.409982458645,69297.88846217662,21628.708984375,69297.88846217662,1279839.0,512467
2017-08-21,21710.6328125,69672.2421875,21751.596261579423,69859.40444732319,21546.779016182296,69672.2421875,21628.705914341146,69859.40444732319,1112159.0,356299
2017-08-22,21526.296875,69485.0703125,21854.00446129261,69719.02443863399,21526.296875,69344.69467840731,21751.59584057617,69719.02443863399,797239.0,602510
2017-08-23,21300.998046875,69485.0703125,21608.22391100679,69485.0703125,21280.516322599546,69157.53243030421,21526.29701390498,69438.2784344691,181107954.0,58066560
2017-08-24,21587.740234375,69391.4765625,21628.703679221246,69485.06030508362,21280.51439802816,69297.89281991638,21300.996120451284,69297.89281991638,177663955.0,35200800
2017-08-25,21628.708984375,69485.0703125,21690.154166715824,69485.0703125,21423.891709905587,69297.90280037643,21608.227256928058,69485.0703125,1101319.0,395438
2017-08-28,21690.15234375,69391.4765625,21690.15234375,69485.06030508362,21526.298537945688,69110.73059876886,21669.670618024462,69485.06030508362,1540799.0,465523
2017-08-29,21935.931640625,69391.4765625,22120.26716029072,69391.4765625,21751.59612095928,69391.4765625,21751.59612095928,69391.4765625,2039559.0,0
2017-08-30,22427.494140625,69251.125,22529.902760442747,69297.91161996497,21894.967717438038,69017.16558006936,21915.44944140159,69017.16558006936,4635238.0,742262
2017-08-31,22407.013671875,69438.2734375,22509.42229742955,70420.89227739588,22366.048621518406,69391.48156283637,22427.49539698591,69485.06531216363,1446639.0,851155
2017-09-01,22407.013671875,70888.8046875,22488.940572318643,70888.8046875,22325.085171296585,69672.23175671224,22427.49539698591,69672.23175671224,1968759.0,791755
2017-09-04,22407.013671875,70888.8046875,22407.013671875,70888.8046875,22407.013671875,70888.8046875,22407.013671875,70888.8046875,0.0,0
2017-09-05,22120.267578125,71403.515625,22427.49505017254,71497.0993871344,22120.267578125,70701.64793703372,22407.013325378353,70888.8154613025,1672959.0,1238601
2017-09-06,22120.267578125,70654.8671875,22325.08482606686,71309.94836162664,22079.30412853663,70514.49678620415,22099.785853330817,71309.94836162664,1075039.0,468604
2017-09-07,22202.1953125,69952.984375,22386.530842581975,70514.48165173458,22181.713586935337,69906.19249660373,22222.677038064663,70514.48165173458,1016559.0,624312
2017-09-08,22427.494140625,69765.828125,22488.93931251565,69999.78755475368,22222.675300854826,69625.45773116917,22222.675300854826,69719.03623904927,1271199.0,437169
2017-09-11,22632.3125,69438.2734375,23041.946999537755,69765.81129612526,22509.422150138675,69344.68968817276,22509.422150138675,69765.81129612526,3319759.0,956520
2017-09-12,22939.53515625,69297.921875,22939.53515625,69485.08943864245,22632.309324700287,69110.75957537947,22652.791046803603,69157.55146629008,1231519.0,974073
2017-09-13,23451.58203125,69344.7109375,23615.43583478335,69344.7109375,23123.8744241833,69251.13242351756,23123.8744241833,69344.7109375,3493319.0,1427515
2017-09-14,23451.58203125,69391.4765625,23738.326187433366,69438.2684337918,23369.655129483326,69251.10621264428,23553.990658458344,69251.10621264428,1535239.0,1160193
2017-09-15,23308.208984375,69251.125,23513.026230278654,69391.49538793723,23185.318636832806,69063.9574640555,23369.654158146095,69204.33311601386,1197599.0,2188915
2017-09-18,23390.134765625,69719.0390625,23533.50683091012,70186.95267693534,23144.354082279082,69017.17127285777,23246.76270033988,69017.17127285777,1460679.0,799545
2017-09-19,23287.724609375,69438.2734375,23513.02355422742,69812.60317078889,23205.797720337756,69438.2734375,23390.133220671556,69719.01942146163,1538479.0,494020
2017-09-20,23349.173828125,69672.2421875,23410.619005566015,69812.6125663622,23267.246924870313,69251.12052287177,23349.173828125,69438.28278269498,936399.0,528638
2017-09-21,23369.650390625,69251.125,23533.50416093236,69485.07915590948,23349.16866933658,69251.125,23349.16866933658,69485.07915590948,885359.0,1067630
2017-09-22,23943.142578125,69110.7421875,23943.142578125,69485.07195658368,23369.65428644629,69110.7421875,23369.65428644629,69251.11782491411,3517719.0,509414
2017-09-25,24168.44140625,69251.125,24455.185550385555,69251.125,23963.62416043889,68876.78992811097,23963.62416043889,69110.74934804162,2208399.0,366278
2017-09-26,23984.103515625,69297.921875,24352.77452166391,69531.88132955306,23963.621793067283,69110.75957537947,24168.439018644454,69251.13524811131,1650399.0,486950
2017-09-27,23553.990234375,69251.125,24066.03336119752,69485.07915590948,23553.990234375,69204.33311601386,23963.624735833015,69251.125,1861279.0,447580
2017-09-28,23615.43359375,69719.0390625,23963.622893216256,69719.0390625,23533.50669975794,69204.33882424053,23656.39704074603,69251.13071208623,2427079.0,634118
2017-09-29,23820.251953125,69812.59375,23902.17885098428,70654.83685224938,23717.8433308009,69672.22340897136,23758.80677973054,69719.01001330132,760999.0,1435118
2017-10-02,24025.068359375,69485.0703125,24147.958701875443,69952.98382878846,23820.251121874266,69438.2784344691,23820.251121874266,69765.81631666489,1201679.0,427838
2017-10-03,24168.44140625,69204.3046875,24311.813478317777,69531.84247683213,23984.10588502,69110.7209579711,24025.069334182223,69531.84247683213,2210039.0,914342
2017-10-04,24168.44140625,69485.0703125,24434.703825804445,69485.0703125,24106.996232506666,69110.74055227332,24168.44140625,69157.53243030421,1266239.0,440539
2017-10-05,23963.625,69719.0390625,24352.777780675005,69999.79038957416,23963.625,69391.50111160173,24352.777780675005,69531.87677513881,1357239.0,670766
2017-10-06,24066.03125,69719.0390625,24127.47641982841,70327.32834047242,23943.140910343176,69719.0390625,24025.067803447724,69999.79038957416,1105039.0,1311494
2017-10-09,24373.255859375,69672.2421875,24373.255859375,69812.6125663622,24086.511748094566,69297.90713981197,24086.511748094566,69719.0288044402,1567479.0,210254
2017-10-10,25294.935546875,69485.0703125,25294.935546875,69625.44594659268,24373.257966644127,69344.69467840731,24373.257966644127,69344.69467840731,3389279.0,570254
2017-10-11,25028.673828125,69485.0703125,25438.308319574855,69625.44594659268,25028.673828125,69344.69467840731,25294.936247567406,69485.0703125,2064279.0,902505
2017-10-12,25192.525390625,69251.125,25294.93400440584,69531.87103989562,25069.635054087994,69251.125,25172.043667868835,69485.07915590948,2091399.0,572529
2017-10-13,25602.1640625,69906.1953125,25602.1640625,69906.1953125,25192.52953990863,69251.11951660627,25192.52953990863,69251.11951660627,2157439.0,720057
2017-10-16,26114.20703125,69531.8671875,26114.20703125,70233.73488036281,25704.57251155258,69531.8671875,25704.57251155258,70140.15111757554,1872959.0,981763
2017-10-17,26134.6875,69765.828125,26216.61439999831,69812.62001095075,25909.388525004648,69485.08207331695,26011.797150002538,69531.8739592677,1755519.0,573148
2017-10-18,26319.021484375,69719.0390625,26667.210788986067,69999.79038957416,26032.27735116589,69719.0390625,26175.649417770444,69719.0390625,3159759.0,555364
2017-10-19,27035.87890625,69625.453125,27035.87890625,69719.03162668929,26319.01865041673,69485.07747643454,26319.01865041673,69719.03162668929,2574959.0,557452
2017-10-20,26114.20703125,69485.0703125,27609.37302814559,69625.44594659268,26073.243579280257,69485.0703125,27240.70196041791,69531.8621905309,7038558.0,374400
2017-10-23,25704.5703125,69251.125,26093.72307292013,69485.07915590948,25704.5703125,69157.54123202774,26011.796175989573,69485.07915590948,3545199.0,848851
2017-10-24,26216.615234375,69719.0390625,26216.615234375,69719.0390625,25581.68173918054,69063.96316070345,25581.68173918054,69204.33882424053,3227799.0,973756
2017-10-25,26892.509765625,70420.90625,26892.509765625,70467.69813394787,26319.021498890488,69719.03325480323,26421.43011795022,69719.03325480323,2347559.0,1302408
2017-10-26,26687.693359375,71029.1796875,27240.699919535076,71075.97156451379,26319.022319268286,70467.68769137518,27240.699919535076,70467.68769137518,3624719.0,1403380
2017-10-27,26831.0625,71309.9296875,26831.0625,71309.9296875,26482.873222373397,71029.17843038612,26646.727000080034,71122.7621827574,1993159.0,1106366
2017-10-30,26585.283203125,71075.96875,27117.808008107473,71403.50661210614,26421.42941697655,70935.59838853744,27117.808008107473,71403.50661210614,2347279.0,802814
2017-10-31,26319.021484375,70654.8671875,26585.283893783464,71075.98891943082,26319.021484375,70654.8671875,26523.838722381508,71075.98891943082,1520559.0,1385452
2017-11-01,25991.314453125,72526.5078125,26400.948937799327,72760.46194597629,25909.387556190133,70654.85368860707,26400.948937799327,70654.85368860707,2455879.0,2159697
2017-11-02,24578.07421875,72947.625,25991.31311829716,73836.66012804327,24393.73871011341,72152.17362522874,25909.38622556979,72526.50337429637,7294078.0,1608926
2017-11-03,25704.5703125,72620.109375,25704.5703125,72994.43923874493,24578.075479704887,71824.65249251733,24578.075479704887,72947.64734777407,2387839.0,676512
2017-11-06,26011.796875,73930.234375,26298.541021962563,73930.234375,25806.9796271696,72620.08296045307,25868.42480151872,72620.08296045307,1628119.0,1612929
2017-11-07,25868.42578125,73836.65625,26093.724762396334,74164.19410522873,25786.49887901497,73462.32652059289,26032.27958572006,73930.23473433674,1617679.0,807840
2017-11-08,26216.615234375,74959.6640625,26216.615234375,75146.83160571672,25868.425898300622,73836.67459526367,25868.425898300622,73836.67459526367,2002519.0,3501604
2017-11-09,26421.427734375,76035.875,26728.65356383822,76269.83447011703,26216.610514732856,74538.55544734017,26216.610514732856,74959.67722952853,3854079.0,2954678
2017-11-10,26400.947265625,81323.2734375,26687.69138673533,81323.2734375,26134.684867451124,75801.89989713822,26421.428988561453,75942.27554051024,2382079.0,13349448
2017-11-13,26216.615234375,86329.9453125,26400.95076523791,86657.48323062404,26073.24315481496,81416.86074857613,26400.95076523791,81884.77431619093,2174799.0,6473001
2017-11-14,27547.9296875,84224.3203125,27650.3383242545,85253.73101143945,26319.02604644601,81884.75819893945,26421.43468320051,84692.23378801612,8230797.0,2144937
2017-11-15,27343.109375,85066.5703125,27978.04285230958,86095.98109369005,27343.109375,82259.09449910416,27547.926625745025,82259.09449910416,2860839.0,1750852
2017-11-16,27547.9296875,85721.6484375,27711.783506307198,86095.98346936768,27240.703777236504,84317.91312407854,27343.112413991003,84692.24289192563,2356919.0,918691
2017-11-17,27445.517578125,85721.6484375,27752.74344951589,86049.19159038423,27261.18205529047,85253.74017570657,27650.334825718925,85721.6484375,2729359.0,929592
2017-11-20,27957.5625,87499.71875,27957.5625,87780.47002379555,27322.62899151408,84926.19699099759,27445.519347995225,85581.27803249996,3068399.0,1389355
2017-11-21,27957.5625,88435.546875,28387.678747684007,91570.56595563616,27957.5625,87499.71981236049,27957.5625,87499.71981236049,3863119.0,1624636
2017-11-22,28162.37890625,86517.1015625,28305.750984460894,88435.54220191881,27732.262671617325,84224.32590658935,27957.561651663014,88341.95844779586,3254079.0,2634811
2017-11-23,28019.005859375,86517.1015625,28387.676904886,88435.54220191881,27855.15206137011,85206.94479683969,28264.786556382332,86517.1015625,2721799.0,957542
2017-11-24,27978.041015625,86563.8984375,28059.967910544725,87031.81199956454,27773.223778325686,84739.04133587137,27916.595844435207,84926.20360228459,2160679.0,977472
2017-11-27,27240.6953125,86563.8984375,28121.409314916822,86797.85785054277,26933.469497703434,85674.86846000045,27998.518988998196,86095.99013945645,5720078.0,998452
2017-11-28,27158.771484375,86563.8984375,27506.960780321624,86563.8984375,26892.509081592292,85628.0765773919,27199.734930956958,85628.0765773919,1973319.0,547848
2017-11-29,27547.9296875,86563.8984375,27588.8931422018,86751.0659679342,27179.258595183805,86095.99013945645,27240.703777236504,86095.99013945645,1522079.0,669124
2017-11-30,27650.3359375,87359.34375,27752.74456541467,88669.4952355694,27466.000407253596,86517.10050126522,27732.262839831736,86563.88711373245,1814999.0,1549785
2017-12-01,27834.669921875,91710.921875,27855.151646320428,91710.921875,27445.517157411876,87499.70602090286,27568.40750408444,87499.70602090286,1749919.0,1803715
2017-12-04,27896.11328125,94986.3359375,28039.48534304514,95968.9602487163,27670.814327000495,91710.94613221128,27752.74121945486,91710.94613221128,2210079.0,2043792
2017-12-05,27179.255859375,93114.671875,27957.561420366532,95922.15306939623,27179.255859375,92646.76360662129,27896.11624449878,94986.32600459749,1926959.0,1022500
2017-12-06,26564.798828125,91243.03125,27220.213907294456,92178.85834532756,26441.908500780726,87593.30663102667,27158.76874362232,91243.03125,4166638.0,1367884
2017-12-07,26359.986328125,87031.8203125,26892.51117514694,92599.99170651572,26359.986328125,87031.8203125,26831.066000490562,91243.04277332024,2117319.0,1712030
2017-12-08,26421.427734375,88014.4296875,26667.20839794558,90400.78934467422,26257.573958661284,87031.81069548585,26359.98256848236,87031.81069548585,1480919.0,1208793
2017-12-11,26052.76171875,89371.375,26380.46933281554,90868.69410680539,25868.426185838132,88014.4262694447,26011.798266991806,88014.4262694447,2260199.0,1214856
2017-12-12,25909.390625,91009.0625,26400.95206483166,91196.2300162827,25192.530191912163,88903.45426192245,26073.24443827722,90307.2001060016,3155719.0,1090108
2017-12-13,25417.826171875,91149.4296875,26093.72307151569,91430.17039164451,25417.826171875,90073.23242285362,25909.387553431865,91009.04880738814,1699999.0,940161
2017-12-14,26523.837890625,94050.5,26523.837890625,94050.5,25397.343116914763,91243.02930199736,25397.343116914763,91476.98343882401,2051599.0,1205985
2017-12-15,27035.87890625,92178.84375,27138.287514226184,94050.48711626294,26462.390701583383,91243.01680284852,26544.317587964328,94050.48711626294,1640119.0,2686838
2017-12-18,27035.87890625,95922.15625,27322.62300858331,96156.11039194684,26953.952019869055,92833.93420339325,27035.87890625,94050.50205834187,1546999.0,1754294
2017-12-19,27445.517578125,94986.3359375,27506.96275240318,96343.28479695485,26851.547560102616,94986.3359375,27035.88308293715,95922.16310015997,2842279.0,1563940
2017-12-20,27240.6953125,94518.421875,27445.512522364377,95781.78688859244,27035.878102635623,93582.59476922317,27445.512522364377,94050.50305809069,2431559.0,797918
2017-12-21,26523.837890625,95407.4453125,27035.8809695842,95781.7803404359,26523.837890625,94050.49662829399,26626.246506416843,94050.49662829399,3565559.0,672652
2017-12-22,27035.87890625,94939.53125,27138.287514226184,95454.23661791671,26441.908979988148,94518.40963334455,26523.835866369092,94986.31786161043,1848719.0,637790
2017-12-25,26831.0625,93582.5859375,27035.879722133297,94892.73744511881,26687.690444506694,93489.00218294997,26974.43455549331,94565.19956821411,1691319.0,543484
2017-12-26,27035.87890625,94939.53125,27179.250957416654,94939.53125000001,26831.061690297636,93395.41514624987,26831.061690297636,93582.58264877238,1259759.0,597830
2017-12-27,26626.248046875,95922.15625,27097.327706771717,96156.11039194684,26523.839425158323,95454.2479661063,27035.88253374171,95781.78587044022,2407679.0,1087171
2017-12-28,26790.1015625,96723.453125,26933.47363140958,96864.85814698637,26626.247769460482,96157.82243141277,26626.247769460482,96629.1795751285,3372279.0,940276
2017-12-29,26831.0625,98326.078125,27281.660388693253,100164.38575605313,26790.09905557334,95922.1292185141,26810.580777786672,95922.1292185141,10227317.0,1286697
2018-01-01,26831.0625,98326.078125,26831.0625,98326.078125,26831.0625,98326.078125,26831.0625,98326.078125,0.0,0
2018-01-02,27035.87890625,99693.0390625,27138.287514226184,99881.58617403757,26831.061690297636,98326.08841231633,26831.061690297636,99457.36047589927,2265599.0,536774
2018-01-03,27568.40625,100824.328125,27691.296591082293,101342.82746632575,27035.88143864339,99975.87658567503,27076.844885670824,100635.78098167351,4530038.0,802612
2018-01-04,27629.8515625,101248.546875,27732.26018059474,101342.82044012717,27445.516049929465,100447.22687424082,27465.997773548414,100447.22687424082,2714839.0,1014264
2018-01-05,27322.625,100635.7734375,27650.332569408834,101342.81986914841,27199.734661471688,100164.40561451991,27650.332569408834,100871.45204616833,2932119.0,747158
2018-01-08,26892.509765625,98985.9921875,27240.699070428098,100400.0849111099,26831.06459418916,98278.95643133744,27138.290451368364,100400.0849111099,3008079.0,971712
2018-01-09,26933.474609375,97571.921875,27035.883233743196,99928.72922531591,26605.76701139677,97336.24326109716,26892.51115962772,99033.14625022758,3417399.0,1167249
2018-01-10,27179.255859375,99457.359375,27240.701035242753,99457.359375,26831.066529457737,96723.45810489437,26933.47515590399,96723.45810489437,2905399.0,1299960
2018-01-11,27015.400390625,98985.9921875,27138.290734780054,99928.71713469246,26933.47349452163,98561.76649154551,26933.47349452163,99928.71713469246,1731559.0,1144483
2018-01-12,26667.208984375,98938.8671875,27015.39826542356,99457.36647266994,26646.72726196038,98656.04650314101,27015.39826542356,98985.99866540496,3044039.0,843321
2018-01-15,26728.658203125,98278.953125,26749.13992864422,98750.31027991745,26626.249575528884,98043.26394189922,26667.21302656733,98514.63170245872,1705559.0,583430
2018-01-16,26810.58203125,98184.6953125,26933.472370275416,98278.96887972453,26626.246522711877,97666.19599558694,26749.136861737294,97666.19599558694,2008199.0,1010102
2018-01-17,26216.615234375,98184.6953125,26810.585278266593,98184.6953125,26216.615234375,98184.6953125,26749.14010131229,98184.6953125,2798239.0,0
2018-01-18,26523.837890625,96912.0234375,26523.837890625,96912.0234375,25806.977580082123,94036.71659746033,26114.203427457644,94272.3952257689,1888959.0,1327392
2018-01-19,26114.20703125,96912.0234375,26523.84155094742,98703.20010280485,25991.316675340775,96912.0234375,26523.84155094742,97289.10712166484,1498479.0,1575432
2018-01-22,26114.20703125,96912.0234375,26114.20703125,96912.0234375,26114.20703125,96912.0234375,26114.20703125,96912.0234375,0.0,0
2018-01-23,26114.20703125,96912.0234375,26114.20703125,96912.0234375,26114.20703125,96912.0234375,26114.20703125,96912.0234375,0.0,0
2018-01-24,26114.20703125,96912.0234375,26114.20703125,96912.0234375,26114.20703125,96912.0234375,26114.20703125,96912.0234375,0.0,0
2018-01-25,26421.427734375,97571.921875,26728.65356383822,99834.45565862603,26032.275017054923,97571.92187500001,26421.427734375,98514.6469362551,2941559.0,1525564
2018-01-26,26052.76171875,99834.4375,26585.286591606506,100022.98459908542,26052.76171875,97619.03559985077,26523.841413969218,97619.03559985077,1129879.0,968270
2018-01-29,25356.380859375,97336.25,26052.759479407658,99928.73614370494,24844.33775640981,97336.25,26052.759479407658,99834.4625704882,4078318.0,825451
2018-01-30,25786.5,96393.5234375,25991.317264491347,96629.20206420874,25335.90201811904,95639.3454686455,25602.16446195779,96157.84481079127,1716479.0,1214164
2018-01-31,25704.5703125,95922.1484375,25786.497209430552,97807.5985220958,25397.344449010423,94790.8868712573,25786.497209430552,95403.65973959745,1673119.0,1613188
2018-02-01,27486.478515625,95686.484375,27486.478515625,97383.38758797791,25335.89761243268,94743.75918938503,25602.160009970776,96157.85227063001,1867999.0,649828
2018-02-02,25929.873046875,97571.921875,26626.25177197405,97571.92187500001,25929.873046875,94979.43591078126,26523.843135930074,94979.43591078126,3410399.0,975369
2018-02-05,25294.935546875,95733.6015625,25806.978647003267,96629.18442274551,24987.709686798044,95073.68668029338,25806.978647003267,95450.78089869716,2782799.0,727084
2018-02-06,24373.255859375,93282.5390625,24680.48169288975,95215.12079275638,23656.395581173918,89323.0914234469,24578.07308171817,90501.49517617992,4027118.0,2138126
2018-02-07,24680.478515625,94413.7890625,25172.039785966994,96063.56047590738,24680.478515625,94366.65758469662,24967.222589991165,96063.56047590738,1834999.0,731044
2018-02-08,24311.814453125,92905.4296875,24885.30276439071,94413.78539766159,24066.033748296835,92575.47753875481,24885.30276439071,94272.38036409728,1326399.0,337291
2018-02-09,22939.53515625,90030.140625,23553.986819349426,90501.49789801153,22734.71793521686,88144.69032166452,23553.986819349426,89558.77274634378,3583199.0,1233403
2018-02-12,23328.6875,90501.484375,23553.986439503144,90501.484375,22837.126177447684,89087.40216161727,23553.986439503144,89087.40216161727,2283599.0,1397160
2018-02-13,24578.07421875,91208.5390625,24680.482834659215,91915.58553618369,23349.17082783942,90501.49258881633,23349.17082783942,90501.49258881633,771679.0,779976
2018-02-14,24578.07421875,91208.5390625,24578.07421875,91208.5390625,24578.07421875,91208.5390625,24578.07421875,91208.5390625,0.0,0
2018-02-15,24578.07421875,91208.5390625,24578.07421875,91208.5390625,24578.07421875,91208.5390625,24578.07421875,91208.5390625,0.0,0
2018-02-16,24578.07421875,91208.5390625,24578.07421875,91208.5390625,24578.07421875,91208.5390625,24578.07421875,91208.5390625,0.0,0
2018-02-19,24578.07421875,91208.5390625,24578.07421875,91208.5390625,24578.07421875,91208.5390625,24578.07421875,91208.5390625,0.0,0
2018-02-20,24578.07421875,91208.5390625,24578.07421875,91208.5390625,24578.07421875,91208.5390625,24578.07421875,91208.5390625,0.0,0
2018-02-21,25192.525390625,95780.7421875,25253.970558893507,95780.7421875,24782.89093550164,91444.21128977272,24782.89093550164,93282.52987165353,800759.0,935841
2018-02-22,24373.255859375,94743.75,25172.04302651335,95780.7486641604,24373.255859375,93848.16699363496,24987.707526404498,95780.7486641604,1212519.0,647769
2018-02-23,24537.111328125,95215.109375,24598.556499062193,95922.14517846871,24393.73926260488,93801.01655677635,24475.666157187807,95686.46657731247,829519.0,693763
2018-02-26,24782.892578125,94272.390625,25090.118439830614,96157.84077074163,24537.111888760508,94272.390625,24578.075336987924,95215.11569787082,1913599.0,1281052
2018-02-27,25806.98046875,94272.390625,25806.98046875,95215.11569787082,24578.076941692343,93329.66555212917,24987.711450711562,95215.11569787082,2986319.0,658454
2018-02-28,25806.98046875,92386.9296875,25806.98046875,94083.83249932274,25806.98046875,92386.9296875,25806.98046875,93801.01182880477,0.0,1276963
2018-03-01,25090.115234375,92386.9296875,25397.341056830148,93801.01182880477,24885.2980194049,92386.9296875,25192.52384186005,92386.9296875,1110359.0,1055361
2018-03-02,24885.298828125,93942.4296875,24946.74399461287,94036.70324656776,24516.627829197787,91915.57468165002,24782.890217311884,92386.93187134604,2761239.0,594403
2018-03-05,24475.6640625,95403.6640625,25069.6339973928,96629.19924906793,24434.70061871429,93565.3453741822,24987.70710982138,94178.11827028813,3074159.0,1025380
2018-03-06,23963.625,95215.109375,24496.1498577658,95922.14517846871,23553.99049402631,93895.29011836747,24475.66813246711,95403.65649818223,2437199.0,1132185
2018-03-07,23369.650390625,97147.6875,23758.80309510498,98985.9953730827,23287.72350547132,94790.8803589929,23758.80309510498,94790.8803589929,2476799.0,2852798
2018-03-08,23574.470703125,98514.6484375,23758.80621895756,98656.05348686782,23390.13518729244,97571.9233618789,23390.13518729244,97571.9233618789,975519.0,853070
2018-03-09,23779.2890625,98043.2890625,23861.21596228281,99268.8349483214,23553.99008809727,98043.2890625,23758.8073375543,98514.65694383314,976079.0,1470456
2018-03-12,23963.625,97100.5546875,24127.478802389476,99315.94615772448,23779.28947231184,97100.55468750001,23779.28947231184,98278.958241788,768479.0,1192651
2018-03-13,23758.806640625,98985.9921875,23984.105608418922,99457.35996391744,23656.39801890049,97100.55289875747,23963.62388407402,97100.55289875747,877559.0,1822737
2018-03-14,23553.990234375,100400.109375,24106.99681134332,100871.46666062782,23553.990234375,98608.93259945328,23963.624735833015,98986.01630682655,1000879.0,1631779
2018-03-15,23246.765625,99080.25,23553.99151783428,100400.06895862141,23246.765625,98891.70291939113,23553.99151783428,100400.06895862141,1398879.0,897235
2018-03-16,23226.28125,100871.4453125,23758.806070181654,100871.4453125,22734.71987752463,98514.63817185845,23758.806070181654,99457.36314924361,1927159.0,2491920
2018-03-19,23963.625,99928.734375,24168.442252986846,101107.1381108853,23758.807747013157,99221.69849685536,23861.21637350658,101107.1381108853,2108679.0,1153843
2018-03-20,24578.07421875,98514.6484375,24782.891450568426,99928.73074810972,23984.104246476552,98514.6484375,24106.994585567612,99928.73074810972,2692639.0,986011
2018-03-21,24578.07421875,98514.6484375,25131.080744659757,99504.50499436242,24578.07421875,98514.6484375,24987.708682386856,98514.6484375,1735919.0,1306872
2018-03-22,24188.921875,98514.6484375,24905.782198121207,99881.59926686839,24168.44015148225,98514.6484375,24578.074621837226,99881.59926686839,1175159.0,689256
2018-03-23,23799.76953125,97571.921875,24168.440560813517,98043.27910280571,23369.65333009257,96676.33889991169,23553.988844874326,97147.6961277174,1113599.0,986716
2018-03-26,23553.990234375,98278.953125,24250.368886853626,99221.67804047695,23553.990234375,97383.35968275796,23553.990234375,97571.90678698177,896399.0,926640
2018-03-27,23349.173828125,100400.109375,23840.73524765312,101201.41888169629,23349.173828125,98514.65902119873,23553.991086261718,98986.01630682655,1366919.0,2390990
2018-03-28,23185.318359375,99457.359375,23533.507673244447,100871.44148459428,23185.318359375,99457.359375,23349.172154137093,100400.0843166103,1259679.0,842443
2018-03-29,23164.83203125,97571.921875,23451.57611509613,99598.77704472317,22898.569667678592,97571.92187500001,23349.16751372251,99457.3719975102,1406319.0,1092283
2018-03-30,23103.390625,95686.484375,23328.689584635704,97571.93474622992,23103.390625,94790.90128177058,23144.354072206494,97571.93474622992,733119.0,2202753
2018-04-02,22550.38671875,94130.9921875,23164.838498537756,95639.34816777782,22529.904992757074,93565.35074066241,23103.393320558982,95450.80101883195,3068839.0,2546035
2018-04-03,21096.181640625,91302.796875,22550.385721978866,94508.05528606284,21096.181640625,90784.29763120422,22550.385721978866,94272.37670405809,4303998.0,2905848
2018-04-04,21485.333984375,94272.390625,21854.00502852321,94272.390625,21096.18121555189,91302.81035743224,21096.18121555189,91302.81035743224,2046039.0,1427227
2018-04-05,21587.740234375,92999.6953125,22079.301572529945,94272.37232295139,21587.740234375,92292.64899370198,21608.221956798123,94272.37232295139,861839.0,651902
2018-04-06,21567.259765625,93423.9375,22017.85768512629,94130.9839438038,21464.851147556525,92858.30670834312,21587.741489238695,92952.56966891624,1061399.0,894499
2018-04-09,21178.10546875,93235.3828125,21710.63024377612,93895.28711690013,21157.62374663361,92858.29918383254,21669.666799543338,93801.01355832258,1226119.0,1006920
2018-04-10,20686.546875,92858.3046875,21198.589995658313,93235.38833851703,20686.546875,91915.57965149234,21178.108270831977,93235.38833851703,2025519.0,1575144
2018-04-11,20440.765625,92386.9296875,20993.77218037484,93093.97606097367,20440.765625,92104.10901698202,20686.546316277705,92386.9296875,2100999.0,1219636
2018-04-12,21198.587890625,92528.34375,21198.587890625,92764.03296792108,20440.76414730308,92104.11800564312,20481.72759288805,92622.61731603972,1983239.0,1081699
2018-04-13,21587.740234375,92245.5234375,21587.740234375,92858.29624604626,21300.996120451284,92151.24988190501,21505.813344682512,92858.29624604626,2169679.0,1047038
2018-04-16,21710.6328125,89558.7734375,21813.041435198564,92245.54385246345,21505.81556710287,89558.7734375,21710.6328125,92245.54385246345,1373119.0,940867
2018-04-17,21546.779296875,86966.2890625,21813.041719359902,89087.4180640244,21505.815847261936,85410.79622898962,21751.596544940312,88380.37683112377,977279.0,1753243
2018-04-18,21096.181640625,88380.359375,21546.779592552044,88380.359375,21096.181640625,86871.9983258219,21505.816142376858,87201.95048248474,824399.0,1089360
2018-04-19,20072.091796875,88380.359375,21178.104753823434,88757.44831158915,20072.091796875,87861.86009863185,21178.104753823434,88380.359375,1258479.0,1217044
2018-04-20,20911.84375,87673.328125,20911.84375,88144.69070287242,20276.910344086697,87201.96554712758,20481.727571800664,88144.69070287242,1352879.0,1065168
2018-04-23,22242.21875,85976.40625,22616.386833929304,87626.17226201268,21805.689318749148,85787.86444158721,21826.476434522996,87201.9465645574,2743279.0,917193
2018-04-24,21971.986328125,84845.140625,22221.431718355594,85316.50310656347,21826.476517157156,83006.82747718456,21930.412096419903,84373.77814343652,883919.0,2116440
2018-04-25,23294.271484375,84845.140625,23294.271484375,84845.140625,23294.271484375,84845.140625,23294.271484375,84845.140625,0.0,0
2018-04-26,22214.40625,85316.515625,23360.38725834395,85740.74139037136,22170.33005737139,84845.1530742738,23250.196776772416,85740.74139037136,1354479.0,1381708
2018-04-27,22478.86328125,87201.953125,22699.244243172267,89087.40316790278,21817.7203954832,85787.87089564452,22258.482319327733,85976.41271824183,1321599.0,1436961
2018-04-30,22478.86328125,87201.953125,22478.86328125,87201.953125,22478.86328125,87201.953125,22478.86328125,87201.953125,0.0,0
2018-05-01,22478.86328125,87201.953125,22478.86328125,87201.953125,22478.86328125,87201.953125,22478.86328125,87201.953125,0.0,0
2018-05-02,22368.67578125,86966.2890625,23360.39024206101,87673.33029540064,22368.67578125,86966.2890625,22478.866276895667,87673.33029540064,1018439.0,891691
2018-05-03,22390.712890625,87201.953125,22478.865283244864,88144.67814645139,22082.17951645547,86730.59591709592,22478.865283244864,88144.67814645139,1035839.0,1264780
2018-05-04,22368.67578125,86730.59375,22699.247268187002,87201.95094612651,22324.599582991734,86589.18340946916,22478.866276895667,87107.6826885941,737799.0,1059451
2018-05-07,23801.1484375,89558.7734375,23823.18653312252,89794.46268146935,22368.672222036213,86966.28720464012,22368.672222036213,87201.96584296468,2388079.0,1111406
2018-05-08,23272.23828125,87249.0859375,23977.457466585467,89794.4455007621,23184.085883083066,87249.0859375,23977.457466585467,89794.4455007621,1190999.0,740491
2018-05-09,23338.3515625,87201.953125,23580.770646891433,87673.3156357257,23095.932478108567,86730.59591709592,23140.00867527065,87201.953125,1051799.0,799574
2018-05-10,22038.099609375,84845.140625,23338.3471815826,87673.31021155957,22038.099609375,84373.77814343652,23250.194803805814,87673.31021155957,2121199.0,649454
2018-05-11,22699.24609375,83902.4140625,22699.24609375,85316.50148023467,22016.065056093987,83431.05158992177,22016.065056093987,84845.13900765644,1240639.0,1449532
2018-05-14,23140.0078125,83902.4140625,23250.198301296765,84845.13900765644,22611.093466275524,82959.68911734356,22919.626834906467,84373.77653507823,1095599.0,828000
2018-05-15,23536.6953125,82959.6953125,23690.962008222137,85080.8239460903,23029.819026555833,82959.6953125,23140.009523500215,84845.14534361208,1896159.0,1786665
2018-05-16,23140.0078125,79707.3125,23536.69357216836,83478.20785824647,23051.855421462587,79707.3125,23360.388790093533,82959.70848706727,807959.0,2367374
2018-05-17,22743.322265625,77774.71875,23228.16042086706,79895.84739497435,22743.322265625,77774.71875,23029.817539177126,79660.16348840963,1237479.0,1480896
2018-05-18,23360.38671875,80650.03125,23360.38671875,80650.03125,22500.900982345018,78057.53990314479,22699.24384459232,78246.08704232932,1204639.0,1661486
2018-05-21,24308.025390625,78246.0859375,24682.673001289775,81074.25586558029,23801.147489764153,77821.86018314685,24021.52843721402,81074.25586558029,4753838.0,1501185
2018-05-22,24021.53125,76360.640625,24330.066334283685,78246.09089847656,23514.655011512954,75417.91548826171,24263.952042307115,77774.72833010742,1695559.0,1706904
2018-05-23,24903.05859375,78858.859375,24903.05859375,79895.8580971491,23735.037632675972,75465.05308843541,24021.53291779896,75465.05308843541,3490439.0,1398643
2018-05-24,25057.322265625,79188.796875,25299.74132381842,79848.70647636692,24726.75082263397,78623.1661341956,25101.398458023803,79660.15936088456,2724279.0,1162497
2018-05-25,24241.912109375,78246.0859375,25123.43593564664,79188.80571164547,24241.912109375,78246.0859375,25035.283553019475,78717.44317316177,2445519.0,738518
2018-05-28,22544.978515625,77774.71875,24021.531022447954,78010.3973537431,22544.978515625,76360.63121907656,23801.150051280347,77774.71875,4623718.0,669355
2018-05-29,23140.0078125,79471.625,23580.769767687063,79895.85074679213,22258.483902125874,76360.63442258375,22544.979172997464,77067.67556629669,2207119.0,1012492
2018-05-30,22699.24609375,78010.3828125,23360.389033417112,79235.92298972928,22544.979407827675,77821.8410252143,23140.008053528072,79188.78621720271,1763799.0,708364
2018-05-31,23404.46484375,77397.6484375,23404.46484375,78246.10009977309,22544.979036344856,77067.69088886488,22699.245719725266,78010.41613646229,1360799.0,3213662
2018-06-01,24021.53125,79283.078125,24021.53125,79754.44065661741,23051.854967676954,78010.4008804795,23360.388330234287,78246.08479769915,2428639.0,1514318
2018-06-04,24021.53125,82488.3359375,24572.48540486445,82582.6041943184,23801.150276744764,79660.16096523346,24021.53125,80131.5234606112,2114999.0,1389931
2018-06-05,24440.2578125,84152.359375,24506.372107158957,85531.12806278972,23911.341733501926,82488.3302288861,24021.532224600185,83201.48939769706,2203919.0,1265990
2018-06-06,26115.150390625,83201.5078125,26115.150390625,84152.3780002569,24440.25511106152,82488.34848584708,24462.29320684525,84152.3780002569,6488998.0,667756
2018-06-07,25652.3515625,84295.0078125,26181.26588570814,84580.26832339239,25586.237272098984,83534.3095510083,26093.113498506784,83581.85386093502,2344839.0,578736
2018-06-08,26666.103515625,84152.359375,26864.446383111346,84152.359375,25454.00821431955,83249.02835019525,25564.198696256408,83249.02835019525,4202518.0,727948
2018-06-11,27040.75390625,85626.2109375,27327.24918844354,86529.54190188006,26181.26805966938,83914.63760470969,26335.534750081286,84152.3537459676,3454559.0,1038312
2018-06-12,26467.76171875,86054.109375,26776.295080653268,86054.109375,25696.42831399183,84627.79639685072,26511.83791330761,85103.23405623382,4033758.0,1258113
2018-06-13,27018.71484375,86054.109375,27062.79103943816,86054.109375,26467.76239764795,85293.41125945385,26666.10527824469,86054.109375,2789519.0,680356
2018-06-14,27106.8671875,85578.6796875,27768.01012166084,86054.1173911714,26886.486209446386,84960.60906812696,26886.486209446386,85626.2239927339,3162919.0,1105560
2018-06-15,27283.169921875,85578.6796875,27481.51278723423,85816.39586500196,26710.179421948327,84627.80428015723,27106.865152666793,84913.07011156055,1925759.0,1605211
2018-06-18,26004.958984375,82107.9921875,27657.816109214215,85483.59523391438,26004.958984375,82107.9921875,27305.206589248515,84675.35270297018,4282358.0,513100
2018-06-19,25343.8203125,79065.1953125,25872.734679642836,81775.18879747123,24197.839183690525,78494.67430941919,25454.010805654758,81775.18879747123,7644838.0,1550232
2018-06-20,25520.123046875,80253.78125,25762.542112297855,80729.2189510925,25123.43730345578,78827.47349538993,25365.856368878638,78922.56210534192,1644439.0,820641
2018-06-21,25123.439453125,80824.3203125,25894.772909105413,81062.04187488473,25123.439453125,79873.44476029767,25718.46811916703,80253.79391144494,2064239.0,549201
2018-06-22,25762.54296875,84627.8125,25762.54296875,84865.53404925916,24748.790479644056,80111.1618994238,25123.43813866147,80111.1618994238,1906319.0,1618056
2018-06-25,26644.06640625,85198.34375,27084.82835032518,86529.56845610435,26445.72353141617,84865.538910641,26445.72353141617,86529.56845610435,2820399.0,917740
2018-06-26,26445.72265625,83629.390625,26622.027428045632,84627.80499737065,25960.88453381201,82726.05951523545,26291.455980928822,83914.6511101534,1764919.0,360345
2018-06-27,26004.958984375,83201.5078125,26930.55897428496,83629.40126902447,26004.958984375,83011.3305657477,26445.720884332124,83011.3305657477,3268679.0,460944
2018-06-28,25277.705078125,80824.3203125,25982.924208132867,83011.33194309802,25145.476491248526,80348.88253639883,25696.428936567172,82726.07141690464,2552119.0,1077350
2018-06-29,25123.439453125,80824.3203125,25674.391921682436,82012.91207841875,25123.439453125,80824.3203125,25343.820440547974,80824.3203125,1964559.0,1677182
2018-07-02,23580.767578125,81299.765625,24903.055042633267,81299.765625,23580.767578125,80348.88998465255,24903.055042633267,80824.32780482627,4106358.0,1403481
2018-07-03,22060.138671875,80824.3203125,23911.338686422947,80871.86462497694,22060.138671875,80348.88253639883,23602.805350664956,80824.3203125,4301118.0,1519891
2018-07-04,23029.81640625,79398.0078125,23029.81640625,80824.32115568321,21949.949659061025,79398.0078125,22434.787790451992,80824.32115568321,3118279.0,1233144
2018-07-05,22412.748046875,78447.125,23140.005190528867,79873.43276544187,22038.10042741695,77971.68729529688,23029.814714217675,79397.99506073876,2234079.0,1268193
2018-07-06,23470.580078125,78922.5625,23801.15155577212,80824.3079652124,22104.217970516896,77971.68709306007,22478.865645183632,77971.68709306007,2271639.0,646588
2018-07-09,23140.0078125,79398.0078125,23911.34123407736,80586.60493948685,22919.626834906467,79302.92453522247,23580.769767687063,80301.3390616492,1314159.0,461563
2018-07-10,23117.96875,79398.0078125,23470.57829943483,80301.3390616492,22919.62587844291,79398.0078125,23051.85445948097,79398.0078125,1207879.0,1010592
2018-07-11,22258.484375,79398.0078125,22919.62732182636,80111.16715842579,22038.103392724548,78922.57538010729,22478.865357275452,79398.0078125,1954119.0,1050652
2018-07-12,22478.86328125,80016.0625,23140.0061670168,80253.77866856618,22082.17754978992,79397.9919038603,22082.17754978992,79397.9919038603,1147559.0,228283
2018-07-13,23140.0078125,79065.1953125,23338.350692334177,80253.78697569747,22721.28395507229,78827.47911932763,23007.77922594388,80016.07078252512,1303039.0,553478
2018-07-16,23624.84375,79873.4296875,23977.453281116737,80016.06259801479,23360.38660166245,78827.47105639339,23448.53898444163,79493.08060812784,1607799.0,802742
2018-07-17,24682.67578125,79825.8828125,24682.67578125,79873.42711447335,23294.27393421677,79112.72898023401,23580.769198168986,79160.27328220736,3296639.0,847324
2018-07-18,24903.05859375,80348.8671875,25079.363384594915,80348.8671875,24550.449012060173,79635.7133339149,24682.677605193858,79873.42950222084,1843799.0,725587
2018-07-19,25409.931640625,81062.0234375,25564.198313023993,82250.61493307615,24682.67447074403,80348.86426122065,25079.360199770013,82250.61493307615,3449479.0,1397649
2018-07-20,25013.248046875,80586.59375,25123.438536566497,81204.65903549289,24484.33369635582,80443.96083088583,25123.438536566497,81204.65903549289,3713439.0,893808
2018-07-23,25101.3984375,80824.3203125,25674.38893821595,81680.10723974842,24881.01747568617,79968.53338525156,24903.055571867553,80348.88253639883,3054879.0,986832
2018-07-24,25101.3984375,80824.3203125,25101.3984375,80824.3203125,25101.3984375,80824.3203125,25101.3984375,80824.3203125,0.0,0
2018-07-25,24352.10546875,80776.765625,25035.28651493749,81014.48715685161,24352.10546875,80776.765625,24770.829335768136,80824.30993137031,1997279.0,614952
2018-07-26,24241.912109375,81537.4609375,24660.63592685403,81537.4609375,23801.148474512956,80348.86936640347,24352.102587658956,80776.76275989162,1740919.0,748281
2018-07-27,25079.36328125,80253.78125,25123.439478779605,81537.46143834952,24241.915528187543,80158.69798871546,24241.915528187543,81299.745262137,2807799.0,418579
2018-07-30,25564.201171875,80111.1484375,25564.201171875,80776.75796624027,25101.40110292297,79778.34367312987,25101.40110292297,80348.86459814521,2384119.0,652579
2018-07-31,25740.50390625,79968.5234375,25894.770583591962,80348.87254133343,25454.00864832921,79397.99710741606,25674.389615960587,79873.43482437474,2274439.0,913276
2018-08-01,25035.28515625,79350.4453125,25916.809038973406,79968.51050049065,25013.247059181915,79207.81241588673,25894.77094190532,79873.42190274848,2511119.0,986068
2018-08-02,25079.36328125,78447.125,25079.36328125,79350.45610406919,24594.525108424365,76878.17896987946,24881.020392366787,79065.19027204682,2453719.0,2290334
2018-08-03,24792.86328125,76830.640625,25387.89183471429,78304.49815878707,24792.86328125,76688.01304659137,25123.434699841273,78304.49815878707,1788759.0,1774814
2018-08-06,24462.294921875,76022.3828125,24903.05686845103,77020.80240433401,24462.294921875,75832.21096323013,24792.866381807024,77020.80240433401,1453039.0,1783972
2018-08-07,24462.294921875,72741.859375,24704.713992491816,76069.91711206113,24241.913948586985,72741.859375,24462.294921875,76069.91711206113,1743719.0,3365654
2018-08-08,25101.3984375,73930.46875,25211.588918406913,74405.9064500108,24462.293648239898,72266.43947429591,24462.293648239898,72266.43947429591,1362599.0,1825070
2018-08-09,25211.587890625,74643.625,25387.892652888775,75974.84408858378,25035.28312836122,74168.18731893411,25123.43550949311,75119.05733239865,1724959.0,1109102
2018-08-10,25431.970703125,74738.7109375,25542.161187597358,75023.97676556984,25101.399249707934,74168.18997869515,25211.58973418029,74643.62767681081,2739439.0,1308168
2018-08-13,25167.515625,74215.7421875,25343.82041475898,74643.63562650885,25057.325131400637,73882.9320193069,25343.82041475898,74643.63562650885,1688359.0,1793520
2018-08-14,25938.845703125,75166.6015625,25982.92189482631,76022.38831785548,25343.817115157337,75023.97400238557,25343.817115157337,75594.49494017774,4136398.0,1433491
2018-08-15,25564.201171875,75356.78125,26357.572718649906,76260.11233796096,25520.12497483195,75214.14833653225,26004.963142305503,75356.78125,3141799.0,1556712
2018-08-16,26203.3046875,75404.34375,26203.3046875,75404.34375,25365.856986555853,73978.03031714688,25387.89508394912,75119.07785422816,3204399.0,1495728
2018-08-17,26027.0,75356.78125,26555.91433930082,75832.21894622511,26027.0,75356.78125,26335.533364592146,75594.49742377886,2589039.0,588859
2018-08-20,26666.103515625,76117.4765625,26732.217804787113,76973.26331379439,26026.998720391217,75404.3227193104,26115.151105940706,75594.4945814496,3249319.0,1857844
2018-08-21,26886.486328125,77496.2578125,26996.676817638192,77496.2578125,26622.029153293333,76212.57747821073,26666.105349098612,76402.74937106764,2449719.0,956505
2018-08-22,26820.369140625,77496.2578125,26996.673904823652,77924.15125726309,26599.988185376682,76973.27574697444,26996.673904823652,77876.60694688185,1694559.0,921614
2018-08-23,26864.44921875,77638.890625,26886.487317463572,77638.890625,26622.03013290071,77258.53614253133,26820.373021322855,77496.25769407424,1844279.0,590803
2018-08-24,26666.103515625,77115.8984375,26842.408286723974,77638.8804335761,26445.72255175128,77115.8984375,26754.255901174485,77638.8804335761,2279599.0,652334
2018-08-27,27195.021484375,76212.5703125,27349.288179822554,77496.2505260942,26622.03090128408,76069.93739476701,26732.221398032336,77496.2505260942,2836839.0,1643270
2018-08-28,27106.8671875,75737.1328125,27327.24816555361,76165.02621822034,26952.600502862468,75594.4998943707,27327.24816555361,76117.48191217725,2515399.0,1522396
2018-08-29,26952.59765625,74928.890625,27217.05480198356,75879.76605256111,26908.521465294405,74596.0858299539,27106.864324594575,75832.22174631631,964119.0,1618732
2018-08-30,27106.8671875,74405.921875,27195.019578721443,74976.4483030215,26886.486209446386,73930.48407642684,26952.600502862468,74928.90398829733,1836679.0,1294617
2018-08-31,26445.72265625,74501.0,27261.132225804802,75499.41977109588,26445.72265625,74501.0,27261.132225804802,74643.63292406163,2891039.0,1045598
2018-09-03,26445.72265625,74501.0,26445.72265625,74501.0,26445.72265625,74501.0,26445.72265625,74501.0,0.0,0
2018-09-04,26093.11328125,74501.0,26644.065696671132,75023.9820395582,26093.11328125,74453.45569197946,26445.722827119524,75023.9820395582,2795599.0,994723
2018-09-05,25630.314453125,72526.5,26225.343089658043,75127.0517280739,25564.200160176886,72353.12988479507,26093.11450376181,75127.0517280739,2997239.0,1500468
2018-09-06,25652.3515625,70561.6484375,25938.846820904408,73046.62230143449,25630.313465699663,70503.85658370065,25872.732530503392,72526.51187069125,2143679.0,1480932
2018-09-07,25850.697265625,73451.1484375,25982.925860912565,73740.10228637024,25586.240075049867,70503.85602017869,25586.240075049867,70503.85602017869,1140359.0,1058556
2018-09-10,25872.736328125,73740.1015625,26093.1173284761,74202.42013121033,25784.58392798456,73566.73142200652,25850.698228089892,73682.30970972987,1457679.0,724644
2018-09-11,26555.912109375,76282.8515625,26555.912109375,76514.01352468872,25872.731145145477,73682.2998046875,26049.035910107934,73682.2998046875,2754279.0,1840404
2018-09-12,26644.06640625,76514.0234375,26952.599767102627,77900.98455468842,26622.02830904624,76398.43973252305,26666.10450345376,76860.76371679711,2798519.0,1610868
2018-09-13,26776.294921875,76340.65625,27106.86637909685,76571.81283325916,26622.02824183814,75589.38380986507,26666.104436134385,76282.86439527667,2650559.0,786204
2018-09-14,26886.486328125,76860.7734375,27062.79111134611,77438.67036420481,26798.333936514442,76340.66295277515,26886.486328125,76340.66295277515,1047439.0,1163124
2018-09-17,26555.912109375,78594.4609375,26886.483543679606,78594.4609375,26445.721631273464,77034.1297635646,26776.293065578073,77438.65645604051,1639439.0,1378464
2018-09-18,26886.486328125,79750.2578125,26886.486328125,80212.57634170611,26225.343391045833,78132.13483355394,26423.686272169583,78652.24521059198,1309159.0,1572804
2018-09-19,26864.44921875,79634.6796875,27106.86830459929,79865.83624363852,26622.03013290071,79114.56930946368,27106.86830459929,79750.25796556925,1473839.0,1115556
2018-09-20,26776.294921875,78594.4609375,26996.67589335623,79345.72789085045,26688.14253328251,78594.4609375,26864.447310467494,79287.94145924908,1293479.0,925824
2018-09-21,27768.01171875,79634.6796875,27768.01171875,79634.6796875,26776.297260469855,77958.76485750533,26864.449656761422,78594.45893142736,5030678.0,2209020
2018-09-24,27922.27734375,79172.359375,28098.58212958643,79634.68334413874,27768.010656143128,78710.04082367793,27768.010656143128,79634.68334413874,2291279.0,767664
2018-09-25,27834.123046875,79114.5703125,27922.275433763265,79230.14859203459,27657.81827309847,78710.03820740417,27922.275433763265,79172.35674335904,1993279.0,576180
2018-09-26,27547.62890625,78883.3984375,27944.31466332856,79114.56038538,27547.62890625,78767.82017246791,27768.009882404756,79114.56038538,2600319.0,501744
2018-09-27,28208.7734375,80039.1953125,28208.7734375,80906.045822808,27371.325680529237,79056.7665400895,27613.744768073404,79172.344802192,3081239.0,1177008
2018-09-28,28032.46875,79345.7265625,28627.49742162228,80270.36904862456,28032.46875,79345.7265625,28318.964036336652,80039.2070726393,2570839.0,624024
2018-10-01,27988.388671875,78767.8203125,28186.731534918097,79172.34694973938,27900.236288300293,78594.45020573575,27988.388671875,79056.76868450182,1959879.0,617784
2018-10-02,27988.388671875,79172.359375,28274.883918492804,79519.09964294572,27922.27438419397,78016.5602877865,27988.388671875,78016.5602877865,1947519.0,697608
2018-10-03,28230.810546875,79114.5703125,28230.810546875,79230.14859203459,27922.277173542003,78883.40833561431,27966.35336973243,79172.35674335904,1893959.0,841536
2018-10-04,28407.1171875,79114.5703125,28649.53628238482,79172.35674335904,28274.8885902901,78536.66807919403,28274.8885902901,79114.5703125,1870879.0,365544
2018-10-05,27878.19921875,78132.140625,28649.53260342555,78652.25104059056,27878.19921875,78016.56233858549,28429.15163637539,78594.46460629172,2420999.0,623016
2018-10-08,28208.7734375,76860.7734375,28429.154426176516,77843.2025471522,27834.12575674992,76860.7734375,27878.201954485223,77496.4622240023,2642799.0,680100
2018-10-09,28539.341796875,75647.15625,28781.760857886326,76860.74696300633,28230.808446496947,75589.36441010876,28230.808446496947,76398.42307950775,3293439.0,792756
2018-10-10,28869.912109375,75127.0625,28869.912109375,75647.17292018965,28495.264484350577,75011.47879474661,28649.53115347828,75416.01092749974,2305919.0,763980
2018-10-11,27437.4375,73393.3515625,28429.15185950945,74549.15054012917,27437.4375,71081.74818942549,28429.15185950945,71081.74818942549,6318558.0,1418832
2018-10-12,28098.580078125,74260.21875,28098.580078125,74375.79704825397,27349.284793025807,72006.40671823474,27349.284793025807,73393.36796855183,2471159.0,1149372
2018-10-15,27657.818359375,72642.078125,28120.618391982065,74549.14938842482,27547.627875420938,72584.2862807757,28120.618391982065,74549.14938842482,3213799.0,830616
2018-10-16,28076.541015625,72815.453125,28076.541015625,73046.61509958962,27547.626714926977,72353.13459363724,27547.626714926977,72815.453125,1193359.0,1186224
2018-10-17,28208.7734375,73335.5625,28539.344920514774,73682.30274822695,28120.621042029394,72988.82225177306,28208.7734375,73682.30274822695,1441719.0,533148
2018-10-18,27878.19921875,72815.453125,28318.961152850312,73393.3553525658,27834.12302533997,72757.66127689849,28274.88495944028,73335.56350446428,1556679.0,418932
2018-10-19,27569.6640625,73277.78125,27834.121205671177,73277.78125,27415.397395650147,71717.44990732621,27657.81644355706,72295.35221055186,1871639.0,1305540
2018-10-22,27481.515625,72699.8671875,27856.163298253894,73277.76393636648,27481.515625,72699.8671875,27768.010904547096,72815.44545371011,1085359.0,379740
2018-10-23,26335.533203125,71370.71875,27327.247583233686,72642.10181280621,26004.96174308877,70330.49772165432,27327.247583233686,72642.10181280621,3328079.0,1436664
2018-10-24,25674.388671875,70850.5859375,26688.141085702144,71370.696287982,25674.388671875,70446.0592767803,26335.53155045792,71370.696287982,2035199.0,890592
2018-10-25,24903.05859375,69348.0546875,25454.011065140356,69868.16509765625,24352.106122359644,67672.14517182435,24352.106122359644,69348.0546875,2361319.0,1385628
2018-10-26,23801.1484375,70214.90625,25387.893044047643,70503.85467554253,23801.1484375,69868.16597222222,25343.816852802604,70446.06824112413,3396159.0,771624
2018-10-29,23073.890625,69348.0546875,24109.68281149371,70214.90537109376,23051.852530004948,68596.78228911317,23801.147759836782,70214.90537109376,3767719.0,586572
2018-10-30,23602.806640625,67787.7109375,23933.37808986094,69348.04187979539,23073.892321847496,67787.7109375,23140.006611694684,69348.04187979539,2323679.0,642084
2018-10-31,24858.98046875,67094.234375,24858.98046875,68192.24690714455,23823.18818111347,66169.59195751953,23823.18818111347,67787.71483365634,1535919.0,1290960
2018-11-01,24352.10546875,66054.03125,25013.248416673374,67614.3626968504,24241.91497742944,64435.90794362338,24903.057925352812,67614.3626968504,1998439.0,2069916
2018-11-02,24792.86328125,68481.2109375,25013.244226977513,68654.58109177215,24462.291862658727,66054.02877768988,24881.015659541004,66054.02877768988,2019239.0,1921320
2018-11-05,24550.447265625,67325.40625,24660.637752064496,68250.04338585166,24131.723417154917,66400.76369633144,24550.447265625,67672.14653039859,1172319.0,1009320
2018-11-06,24550.447265625,68018.8828125,24792.86633579189,68654.57148325797,24352.104390033906,66747.50005316747,24792.86633579189,67325.40229246709,874919.0,1919712
2018-11-07,24682.67578125,69059.109375,24991.20914242931,69637.00624487146,24462.294808979066,68018.88850785096,24792.866267385467,68018.88850785096,2573719.0,1607220
2018-11-08,24241.912109375,69348.0546875,24682.67402251082,69925.95694916809,23867.26276148333,69059.10626557434,24462.29306594291,69810.37324614442,2418119.0,979068
2018-11-09,23360.38671875,67614.359375,24682.674188791592,68885.74229739208,23360.38671875,67556.56751831305,24241.912272686473,68192.26168841771,1909119.0,873780
2018-11-12,24241.912109375,67614.359375,24352.102587658956,67614.359375,23360.386561377138,66516.34660485151,23360.386561377138,66631.93031822541,1216159.0,716328
2018-11-13,23735.037109375,67036.453125,24021.532388181447,67498.77711571203,23690.960912635546,66342.97255674891,23845.227601223633,66574.13455210492,1269079.0,580572
2018-11-14,23646.8828125,67903.3046875,24065.606647820692,68365.62868401418,23646.8828125,66920.87567608712,23779.111392074956,67036.45396630716,634079.0,809112
2018-11-15,23580.767578125,67614.359375,24087.64377952478,68192.26168841771,23580.767578125,66458.56016598182,23801.14853525534,67903.30782280023,1171279.0,667632
2018-11-16,23624.84375,66458.53125,24241.912151180513,67903.2782782117,23580.76755861041,66458.53125,23801.14851555837,67614.32995613234,2524999.0,679848
2018-11-19,24888.357421875,66689.6953125,24888.357421875,67209.80560198522,24153.75363521635,66400.74695761337,24153.75363521635,67036.43550549014,2024610.0,887340
2018-11-20,24770.822265625,67325.40625,24888.359362739615,67383.19268485518,24623.90218552654,66631.9256892028,24888.359362739615,66689.71212405799,615900.0,858108
2018-11-21,24917.73828125,68885.734375,24976.507681084306,68885.734375,24447.59341293235,66863.0792195676,24447.59341293235,67036.44935187229,1027470.0,1336248
2018-11-22,25211.58203125,69405.84375,25387.8868006993,69521.42203056249,25152.814348675653,68885.73336074392,25211.58203125,68885.73336074392,854880.0,1120656
2018-11-23,24682.671875,68192.25,25270.353964781625,69290.25716412852,24682.671875,67903.29618391032,25211.586272321427,69290.25716412852,827310.0,500316
2018-11-26,24976.509765625,71139.53125,25152.814536390055,71312.90134612688,24682.667907107814,68192.23961584311,24682.667907107814,68307.81787398919,731040.0,2181096
2018-11-27,24800.203125,73104.3984375,25182.195618372363,73682.30064062007,24770.818424845915,71197.3271268016,25123.42793979034,71948.59944907608,511530.0,2259264
2018-11-28,24858.974609375,73971.25,24947.127001606827,74549.15221067266,24741.437512490425,72815.45099647097,24829.589904722252,72815.45099647097,531330.0,1596888
2018-11-29,24976.509765625,72988.8359375,25123.429834020455,74260.21889199415,24829.58797550327,72988.8359375,24976.509765625,74260.21889199415,905190.0,1164984
2018-11-30,24829.587890625,73971.25,25005.89266078737,74260.20381424448,24682.667822731783,72815.45099647097,24858.97259289415,72815.45099647097,958950.0,1701108
2018-12-03,25858.03515625,77207.5,25858.03515625,77438.65656235599,24976.511250033822,73971.25394885025,25123.43132716106,73971.25394885025,2645310.0,1538772
2018-12-04,25858.03515625,78883.3984375,26063.722919882854,78883.3984375,25769.882765628383,77207.48921436351,26004.955233377237,77438.64574442769,1051080.0,1202160
2018-12-05,26093.10546875,76860.7734375,26240.025533741875,78132.1510105046,25534.8064670189,76340.66295277515,25652.34355204814,77727.62424537475,1173960.0,1328592
2018-12-06,25828.650390625,76109.4921875,26298.79704672947,76745.18090097066,25711.11329616729,75069.27133755694,25858.03509467102,76282.86232915717,1456140.0,1307232
2018-12-07,26034.33984375,77380.8671875,26151.875216338023,77785.39386514515,25828.650359131403,76340.646443013,25828.650359131403,76340.646443013,1495380.0,611796
2018-12-10,25858.03515625,78016.5625,26034.339937493234,78883.41319444444,25769.882765628383,77149.71180555555,26034.339937493234,77380.87379667969,1144110.0,1204572
2018-12-11,25799.263671875,77900.9765625,25975.56843893047,78305.50323496663,25711.111288347267,77149.7042284935,25858.03307537765,77900.9765625,1087380.0,531672
2018-12-12,25799.263671875,77900.9765625,25799.263671875,77900.9765625,25799.263671875,77900.9765625,25799.263671875,77900.9765625,0.0,0
2018-12-13,26151.875,78016.5625,26475.10157625914,78594.4647689019,26093.107314192137,77438.6602310981,26475.10157625914,77438.6602310981,1328820.0,771732
2018-12-14,25828.650390625,78016.5625,26093.107561860066,78247.72449112413,25799.26568657898,77669.82222222222,26093.107561860066,78016.5625,1999230.0,312204
2018-12-17,24976.509765625,77380.8671875,25711.111829328547,78016.55583652548,24976.509765625,77380.8671875,25564.191760933092,78016.55583652548,2832450.0,1251624
2018-12-18,25064.662109375,76109.4921875,25064.662109375,76282.86232915717,24388.82600808067,75416.0116208713,24388.82600808067,75416.0116208713,2313270.0,974220
2018-12-19,25211.58203125,74606.9453125,25240.966733400302,75993.90630719981,24858.972492351397,74549.15346511538,25123.42964652535,75762.74433547772,1112070.0,580908
2018-12-20,25123.431640625,72931.03125,25211.58403234649,74549.15423309118,24888.359169943156,72931.03125,24976.511561664647,74549.15423309118,1028310.0,647652
2018-12-21,25564.193359375,70792.8046875,25681.73045447632,72237.55215483785,24653.284746224108,70561.64270888668,24976.51132732115,72006.39559404105,2778330.0,2281884
2018-12-24,25417.2734375,72584.2890625,25711.113594463804,73104.39942700314,25417.2734375,71081.74981542968,25564.1935159819,71081.74981542968,954270.0,551076
2018-12-25,25094.046875,72006.3984375,25358.504049520117,72064.18487107285,24712.05432628854,71081.75590435002,24976.511500808658,71775.2364497583,1663830.0,419532
2018-12-26,25094.046875,71659.65625,25358.504049520117,72006.396513439,25035.27918790433,70792.80559140249,25211.58397091774,72006.396513439,1027170.0,804624
2018-12-27,25387.890625,71776.171875,25564.195421006945,73349.18866865404,25182.20112241639,71776.171875,25534.810714430278,72242.25456621415,1988730.0,927132
2018-12-28,25387.890625,72482.1640625,25387.890625,72482.1640625,25387.890625,72482.1640625,25387.890625,72482.1640625,0.0,0
2018-12-31,25387.890625,72482.1640625,25387.890625,72482.1640625,25387.890625,72482.1640625,25387.890625,72482.1640625,0.0,0
2019-01-01,25387.890625,72482.1640625,25387.890625,72482.1640625,25387.890625,72482.1640625,25387.890625,72482.1640625,0.0,0
2019-01-02,25123.431640625,72952.8359375,25564.193599232458,72952.8359375,25123.431640625,71187.8480157507,25564.193599232458,71482.0108308465,1055190.0,484284
2019-01-03,24388.826171875,72305.671875,25182.197644328207,72952.83780661385,24388.826171875,71540.84743303801,25123.429961018213,72952.83780661385,2109180.0,539676
2019-01-04,24565.1328125,73541.140625,24594.517517253793,73541.140625,24094.987866797826,71187.82774322422,24388.82802743008,72070.32145278656,1296510.0,598164
2019-01-07,24976.509765625,77071.140625,25123.429834020455,77071.140625,24623.900224094887,73835.33297725367,24682.667907107814,75129.6538301172,1194000.0,1076916
2019-01-08,24682.671875,76482.796875,24976.51378075409,77306.45590609481,24682.671875,75717.96708610657,24976.51378075409,77306.45590609481,516540.0,538020
2019-01-09,25094.046875,77600.6328125,25182.199266506705,77953.6303924137,24682.669621877507,75894.47968144616,24682.669621877507,76482.81081983139,1322850.0,763260
2019-01-10,25270.353515625,77482.9765625,25270.353515625,77659.47537015946,24888.360938833448,77012.31491393737,25094.04871965151,77600.64059574372,855870.0,362040
2019-01-11,24976.509765625,78836.1171875,25270.34990241591,78836.1171875,24976.509765625,77482.96175916423,25270.34990241591,77482.96175916423,1082340.0,1144932
2019-01-14,24976.509765625,79424.4609375,24976.509765625,79424.4609375,24682.667907107814,78188.96932291666,24976.509765625,78247.80409547364,1363740.0,733704
2019-01-15,25182.19921875,79365.609375,25182.19921875,79542.1081397447,24770.82196640766,78836.11308076594,24976.511453442028,79424.44413511036,2613030.0,718212
2019-01-16,25064.662109375,78247.8046875,25505.42403555553,79247.96273501027,25064.662109375,77659.47350424169,25123.429792290313,78836.1303551707,5283990.0,674664
2019-01-17,25064.662109375,77777.125,25270.34986044173,78483.12009989587,25035.277407054204,77424.12745005205,25270.34986044173,78247.7920769884,1371390.0,617844
2019-01-18,24800.203125,78836.1171875,25123.42793979034,79365.61350931662,24800.203125,78247.7916180949,25035.275561054237,78247.7916180949,585630.0,654720
2019-01-21,24594.513671875,78718.453125,24858.970808131722,78894.95189882288,24535.745993282224,77835.95925588565,24800.203129538942,78894.95189882288,1322760.0,335256
2019-01-22,24623.900390625,78836.1171875,24829.588143424437,79424.4482724918,24594.515688056672,78247.7916180949,24623.900390625,78953.78671385038,424770.0,478848
2019-01-23,24565.1328125,79130.2890625,24682.669909788754,79424.45186049136,24535.749829472625,78718.45673284255,24623.902222007586,79365.61709465832,529710.0,1234380
2019-01-24,24565.1328125,79718.6171875,24653.28520503496,79718.6171875,24476.980419965043,79012.62203745398,24565.1328125,79424.45438017654,443310.0,1293120
2019-01-25,24447.595703125,79953.9375,24653.28345663501,80189.27101623293,24447.595703125,79777.43874172185,24565.13107035178,80012.77225795478,670530.0,976572
2019-01-28,24565.1328125,80306.9453125,24741.437597569922,80365.78007799783,24447.597436937667,79953.94775068681,24447.597436937667,80306.9453125,810750.0,585180
2019-01-29,25123.431640625,80306.9453125,25123.431640625,80601.10810881536,24359.44481961421,79718.61420428239,24565.132585813422,80601.10810881536,1385520.0,445212
2019-01-30,24565.1328125,79718.6171875,24917.74238263984,80365.78308543359,24565.1328125,79718.6171875,24829.58999010488,80365.78308543359,789330.0,335136
2019-01-31,24388.826171875,79424.4609375,24829.58810101567,80306.95494791666,24388.826171875,78541.96692708333,24682.668031877543,80306.95494791666,618090.0,974748
2019-02-01,24388.826171875,79424.4609375,24741.435715187537,79895.12257119303,24359.443191083148,78247.80409547364,24594.51564604941,79895.12257119303,1261080.0,877716
2019-02-04,24388.826171875,79424.4609375,24388.826171875,79424.4609375,24388.826171875,79424.4609375,24388.826171875,79424.4609375,0.0,0
2019-02-05,24388.826171875,79424.4609375,24388.826171875,79424.4609375,24388.826171875,79424.4609375,24388.826171875,79424.4609375,0.0,0
2019-02-06,24388.826171875,79424.4609375,24388.826171875,79424.4609375,24388.826171875,79424.4609375,24388.826171875,79424.4609375,0.0,0
2019-02-07,24388.826171875,79424.4609375,24388.826171875,79424.4609375,24388.826171875,79424.4609375,24388.826171875,79424.4609375,0.0,0
2019-02-08,24388.826171875,79424.4609375,24388.826171875,79424.4609375,24388.826171875,79424.4609375,24388.826171875,79424.4609375,0.0,0
2019-02-11,24858.974609375,80601.109375,24858.974609375,81130.60572603779,24535.74974510044,79365.61788924519,24535.74974510044,79424.45265566726,1066380.0,1628652
2019-02-12,24858.974609375,81189.4375,25064.664098491397,81307.10151292034,24858.974609375,80601.1064042247,24858.974609375,81189.4375,1030350.0,1148928
2019-02-13,25329.119140625,81365.9375,25329.119140625,81424.77226513777,24858.97251443381,80130.44604121475,24858.97251443381,81189.43872017354,3637620.0,917376
2019-02-14,25182.19921875,82013.0859375,25387.888705784364,82542.58220004251,25123.43153176578,81189.42692318479,25329.121018800142,81365.92567736562,2006520.0,1609308
2019-02-15,25299.734375,82483.7578125,25358.502057479167,82542.5870569645,25064.66192335707,82071.92552331657,25182.197288315405,82366.08829239823,2153220.0,1092192
2019-02-18,25299.734375,82483.7578125,25299.734375,82483.7578125,25299.734375,82483.7578125,25299.734375,82483.7578125,0.0,0
2019-02-19,25564.193359375,83895.75,25769.882845370717,84307.576783763,25299.73618669181,83778.08047699355,25299.73618669181,84131.07801483985,5733750.0,2369040
2019-02-20,25593.578125,83895.75,25740.498202934436,83895.75,25534.808716445114,83895.75,25564.193420722557,83895.75,1778670.0,0
2019-02-21,25828.650390625,87366.90625,25828.650390625,87719.90385101011,25593.577923435954,84131.09306887824,25593.577923435954,84425.261413445,2345460.0,2231112
2019-02-22,26151.875,87602.2265625,26357.564482917056,87955.22411007812,25593.577680509406,87249.22901492188,25769.882459659355,87661.05581003857,3570090.0,977184
2019-02-25,26328.1796875,89190.7109375,26798.32633750537,89779.03647613483,26298.79670556153,87484.55253493438,26445.71678043293,87661.0512996421,3821580.0,1453248
2019-02-26,26004.955078125,85954.8984375,26386.949342446926,89426.03897255949,25916.80268802966,85307.73813858013,26386.949342446926,88249.38237936345,2393190.0,968172
2019-02-27,25916.802734375,86896.2421875,26269.412295386905,88249.39778162242,25799.265640128906,86072.57746447995,26122.492218874067,86072.57746447995,1727130.0,581532
2019-02-28,25505.42578125,83013.265625,26063.723111473286,87366.90058321002,25505.42578125,83013.265625,25916.80303326606,87366.90058321002,3481350.0,1171740
2019-03-01,25711.11328125,83189.7578125,25828.650375639518,84660.577260866,25564.193204557883,83189.7578125,25740.497985278973,84660.577260866,1293570.0,1042464
2019-03-04,26151.875,84072.25,26269.41209334208,84660.57556130104,25652.34536631727,83248.58538923995,26004.954924617163,83248.58538923995,2308260.0,1052112
2019-03-05,25799.263671875,83542.7421875,26445.71505832047,84013.40367488109,25799.263671875,83307.40868601654,26151.87320598594,83836.90492766495,2119740.0,639012
2019-03-06,25887.419921875,82954.4375,25946.189334155286,84013.43031914893,25652.347437933357,81483.61230154173,25858.036937461355,83542.76868250083,1609290.0,853500
2019-03-07,25769.884765625,82189.59375,26004.957251617794,83542.75469157902,25740.50005922846,82071.9297394401,26004.957251617794,83130.92238123932,1375380.0,849600
2019-03-08,25769.884765625,80601.109375,25769.884765625,82071.93441085618,25769.884765625,79777.45022302578,25769.884765625,81777.77160991973,0.0,1177032
2019-03-11,25681.73046875,80954.1015625,25828.650546413526,81718.93141281186,25534.808669360093,80306.94123721251,25652.34576452674,80306.94123721251,1074210.0,507720
2019-03-12,26004.955078125,81777.765625,26004.955078125,82071.92840440809,25799.265593993754,81189.43455059725,25858.03500187489,81189.43455059725,2002110.0,672432
2019-03-13,26269.412109375,81365.9375,26445.71688863255,82424.93017895878,26004.954940488675,81307.10273486222,26004.954940488675,82071.93261930585,3237360.0,739212
2019-03-14,26151.875,80718.7890625,26298.796797109193,81777.78189779991,26004.954924617163,80424.62070896935,26298.796797109193,81777.78189779991,1590810.0,1105032
2019-03-15,26034.33984375,80601.109375,26240.027606642227,81189.44049245986,25946.1874534458,80306.94657406356,26151.875216338023,80718.77890784417,1370460.0,1504860
2019-03-18,26210.64453125,81189.4375,26240.027513429442,81542.43505434782,26004.955047362077,80895.27470990575,26034.339751267886,81189.4375,2168580.0,1092828
2019-03-19,26181.2578125,80542.28125,26739.55681338686,81189.44162734109,26122.490130937364,80365.78246385361,26240.025494062636,81189.44162734109,3484470.0,1123476
2019-03-20,26004.955078125,81483.59375,26240.02754447045,81483.59375,25858.03500187489,79542.10735691592,26004.955078125,80306.93716847783,1294800.0,1523832
2019-03-21,25828.650390625,80012.78125,26181.259952271757,82307.265365476,25828.650390625,80012.78125,26004.95517144838,81777.7690311354,2118060.0,1062576
2019-03-22,25622.958984375,80306.9453125,25887.416135779305,80601.10810881536,25564.191302416126,79718.61420428239,25828.64845382043,80012.78251618464,2015310.0,631884
2019-03-25,24623.900390625,80306.9453125,25417.271864433278,80306.9453125,24623.900390625,79189.11786156261,25417.271864433278,79247.95262706044,3490200.0,699096
2019-03-26,24712.052734375,80306.9453125,25035.277575169126,80836.44165521978,24653.283329338767,80012.78251618464,24976.50989185918,80306.9453125,1765560.0,821364
2019-03-27,24800.203125,80306.9453125,24947.12318231813,80718.77763981101,24800.203125,80189.28129709123,24829.586103427937,80365.78007799783,623430.0,818400
2019-03-28,24800.203125,79542.109375,24888.355503736107,80306.9392059666,24712.050746263893,79542.109375,24829.586103427937,80248.10444494257,1058520.0,980124
2019-03-29,24917.73828125,79306.7890625,25035.275359192477,80306.94700350179,24829.585903224674,79306.7890625,24858.970603141828,79542.11709827276,856650.0,1628880
2019-04-01,24712.052734375,81542.453125,25005.89287265101,81542.453125,24682.668031856883,79424.46732954546,24917.74048682295,79718.63018482925,1453920.0,956064
2019-04-02,24712.052734375,81777.765625,25005.89287265101,82307.2619372865,24712.052734375,80777.60224695665,24947.125189341063,82307.2619372865,862980.0,1480008
2019-04-03,24623.900390625,81483.59375,24829.588143424437,81777.76203207031,24594.515688056672,80954.09746097708,24829.588143424437,81777.76203207031,706620.0,820764
2019-04-04,24535.75,81189.4375,24770.82247448488,82248.43016304348,24506.365295041982,81189.4375,24623.902393147633,81424.77104142748,952500.0,563676
2019-04-05,24712.052734375,80189.2890625,24770.820417684943,81189.44707929551,24271.290805234697,80189.2890625,24271.290805234697,81189.44707929551,1063680.0,1221240
2019-04-08,24682.671875,80718.7890625,24829.591967013766,81012.95190044296,24535.75178298623,80306.9566769097,24829.591967013766,80836.45309455965,559740.0,655428
2019-04-09,24594.513671875,79659.78125,24712.050750786704,81130.60067876703,24447.593614529982,79424.44771453914,24682.666050627242,81130.60067876703,827910.0,1377648
2019-04-10,24330.05859375,79600.9453125,24565.13104973254,80306.94039287695,24153.75382133152,79424.44654240577,24506.36336616848,79424.44654240577,1205580.0,1047732
2019-04-11,24241.90625,79777.4453125,24418.21102272727,80130.44285813054,24153.75386363636,79600.94653968474,24241.90625,79600.94653968474,667740.0,460620
2019-04-12,24241.90625,79836.296875,24330.058636363636,80071.62494454859,24065.601477272725,79365.62970472718,24241.90625,79777.46209981893,1049160.0,821424
2019-04-15,24241.90625,79836.296875,24241.90625,79836.296875,24241.90625,79836.296875,24241.90625,79836.296875,0.0,0
2019-04-16,24006.833984375,80012.78125,24153.75405557312,80248.1092770935,23918.681597310864,79424.4501510926,24036.21696557884,79424.4501510926,1362000.0,616968
2019-04-17,24036.21875,79424.4609375,24124.371143608467,80542.28852255696,23918.683373006334,79365.62616494302,24006.835766614804,80248.1201753597,1029990.0,1037112
2019-04-18,23918.681640625,79542.109375,24094.98641507254,79718.60814248564,23683.60746021074,79365.61060751436,24036.217009105818,79424.4453685384,1135140.0,721488
2019-04-19,24153.7578125,78247.8046875,24183.142520000707,79777.45914526646,23918.685317674066,77953.63633807703,23948.068303448195,79718.62437226436,728250.0,719148
2019-04-22,24388.826171875,76247.4765625,24506.363260221275,77659.46686921296,24241.906102736873,76012.14300618546,24271.290805255012,77071.13573622018,1078980.0,1700748
2019-04-23,24330.05859375,74717.8203125,24447.595682604417,76188.63983374852,24212.521504895583,74541.3215287032,24388.826277314063,75364.98068122586,615900.0,1169940
2019-04-24,24388.826171875,76188.640625,24506.363260221275,76188.640625,24300.673786046867,74953.14912559143,24330.058488565006,75188.4826782935,955080.0,578988
2019-04-25,24535.75,76188.640625,24682.670081337248,76306.31015914457,24388.828196936327,75482.64548248082,24476.98059008396,76247.47539207229,819030.0,497196
2019-04-26,24947.125,76365.125,24976.509702295094,76659.29326426277,24476.978371909852,76070.96225132325,24535.747776500044,76365.125,2188920.0,678288
2019-04-29,24947.125,76365.125,24947.125,76365.125,24947.125,76365.125,24947.125,76365.125,0.0,0
2019-04-30,24947.125,76365.125,24947.125,76365.125,24947.125,76365.125,24947.125,76365.125,0.0,0
2019-05-01,24947.125,76365.125,24947.125,76365.125,24947.125,76365.125,24947.125,76365.125,0.0,0
2019-05-02,25270.353515625,76482.796875,25387.890620182836,77129.95714831834,25064.665734806942,76306.29811722353,25064.665734806942,76482.796875,1674810.0,884388
2019-05-03,25240.96875,77071.140625,25270.35173277156,77071.140625,25005.89455746909,76423.98019856823,25270.35173277156,77071.140625,1150830.0,583668
2019-05-06,24623.900390625,75953.3046875,24976.50993453979,76659.29975658417,24535.748004646302,75306.13886378187,24976.50993453979,76659.29975658417,1218600.0,442692
2019-05-07,24653.28515625,76188.640625,24829.58994097104,76482.80894477437,24535.74978092025,76012.1418393702,24712.05456564129,76423.97417770208,877530.0,868164
2019-05-08,24535.75,75306.140625,24653.285376379226,75953.30646385369,24241.908115599083,75306.140625,24388.828196936327,75364.9753873285,1018680.0,754596
2019-05-09,24712.052734375,75423.8203125,24829.58810099489,75953.3166980427,24476.978557682647,75306.15077198784,24506.363260200764,75600.3191076809,1143300.0,345216
2019-05-10,24976.509765625,76541.6328125,25005.892746268324,76541.6328125,24682.667907107814,75600.30969907626,24712.052609477418,75600.30969907626,1031100.0,440028
2019-05-13,25035.27734375,78777.28125,25094.045026516713,78777.28125,24682.667803697183,76365.1278672888,24947.124958736797,76365.1278672888,798420.0,1168836
2019-05-14,25123.431640625,79718.6171875,25182.199327863862,80248.11355003451,24858.974465460527,77777.13052487347,24976.511561664647,77777.13052487347,1533960.0,1317492
2019-05-15,25564.193359375,79777.4453125,25652.345750269396,80248.10686814516,25211.583795797414,79071.45022123893,25240.96850000434,79718.61054969937,2316210.0,427020
2019-05-16,25270.353515625,80248.1171875,25681.732520714162,80248.1171875,25270.353515625,79424.45798030742,25564.195416156326,79600.95677581921,1023060.0,842556
2019-05-17,25417.2734375,79777.4453125,25564.1935159819,80306.9416309458,25270.351637291704,79718.61054969937,25270.351637291704,80306.9416309458,895590.0,522456
2019-05-20,25946.1875,80895.28125,26034.339890462372,80954.11050342291,25476.04084362523,79247.95735800097,25476.04084362523,79424.45614944419,2697030.0,541080
2019-05-21,25916.802734375,78541.9609375,26181.259905133928,80601.1116329129,25828.650344122023,78541.9609375,25975.57042063486,80601.1116329129,2830500.0,914772
2019-05-22,26454.8671875,77718.296875,26753.792824304095,79424.44988587128,26365.18967161017,77600.62734625937,26454.8671875,78836.11878892848,2019420.0,743244
2019-05-23,27588.6484375,77718.296875,27714.62461625661,78247.79320757248,27399.68509203767,77188.80054242753,27714.62461625661,77188.80054242753,1727370.0,515148
2019-05-24,27935.080078125,76776.984375,28124.043419905654,78541.97252155172,27368.190052783037,76718.14959825229,27462.671723673364,77071.14722756264,3520740.0,918180
2019-05-27,27620.142578125,78836.1171875,27966.57475844109,78836.1171875,27494.16640103499,76423.969115531,27872.09308695987,77071.1294481113,1618230.0,384072
2019-05-28,27777.609375,77659.4453125,27840.59653624554,79130.2699789168,27557.15154262309,77482.94657315341,27557.15154262309,78836.10173628207,1535610.0,730548
2019-05-29,27557.154296875,78188.9609375,27872.093825269953,78659.62252071669,27525.66163577714,77541.8005711287,27777.612151285986,77894.79813743795,2731980.0,326076
2019-05-30,27588.6484375,77365.3046875,27714.62461625661,78247.79863634758,27431.179598063114,77365.3046875,27557.153931474553,78130.1290994431,1182960.0,651252
2019-05-31,27116.240234375,76188.640625,27620.14310703942,77541.80165855314,27084.745728163107,76188.640625,27588.648600827528,77306.46810585106,1879710.0,853668
2019-06-03,26769.810546875,75306.140625,27084.74825701841,76541.63202479227,26486.36550053872,74776.64431080331,27084.74825701841,76188.63448199448,1648620.0,861588
2019-06-04,27084.74609375,75659.1328125,27084.74609375,75894.46632957003,26643.832227557963,75306.13529468804,26895.782744618384,75600.30356992215,672240.0,567180
2019-06-05,27273.708984375,75897.25,27494.166836437438,76909.21147310662,27242.216323612633,75599.6155857169,27273.708984375,76552.04794369485,872070.0,430536
2019-06-06,27242.21484375,75301.984375,27399.68367504327,76075.84063922531,27084.744167111654,74944.82080392382,27399.68367504327,75897.25885368722,1150290.0,658380
2019-06-07,27809.107421875,75361.5,27809.107421875,75837.71614925207,27305.20453166574,75182.9182464455,27305.20453166574,75182.9182464455,1968630.0,434436
2019-06-10,27903.5859375,75540.0859375,28187.03093513145,76075.83122783688,27809.104271622848,74944.81153245455,27840.596930018542,75599.61505220858,2178030.0,673512
2019-06-11,28218.52734375,74706.703125,28501.972379051098,75599.61190505706,27998.071324301553,74647.17401276958,28029.5639868826,75599.61190505706,3151740.0,678480
2019-06-12,28564.958984375,74528.1328125,28659.440654835616,74885.29637936392,28187.03230253253,74468.6036911291,28344.501138185184,74528.1328125,2845980.0,839856
2019-06-13,28155.5390625,73337.5859375,28596.45292934802,74528.13491441053,28092.551894477485,73099.4806066626,28596.45292934802,74528.13491441053,2288580.0,1350372
2019-06-14,28061.056640625,73635.2265625,28281.514490851583,73932.86101877372,27998.069474279615,73159.00473564492,28281.514490851583,73218.53385917205,1937790.0,799056
2019-06-17,27651.634765625,73635.2265625,28092.550455229062,73694.75010534619,27557.153095759146,73099.48119279875,28029.561445088417,73635.2265625,2301030.0,759276
2019-06-18,27809.107421875,73218.5234375,27840.60008383822,73635.21608151737,27620.144068714682,73218.5234375,27683.131237986374,73218.5234375,1229460.0,1246884
2019-06-19,27903.5859375,73456.6328125,28187.03093513145,73635.214573324,27840.596930018542,73218.52193784133,28029.56026177284,73218.52193784133,1135530.0,1115628
2019-06-20,28564.958984375,73397.109375,28848.403995756853,73516.16203119654,27966.574456342718,73278.05671880346,28029.56162153475,73516.16203119654,3440760.0,1212240
2019-06-21,28659.44140625,74706.703125,28942.886425063425,74706.703125,28596.452394061347,73397.1017206897,28596.452394061347,73397.1017206897,1550640.0,3136704
2019-06-24,28785.4140625,73278.0625,29131.848073314035,74944.82214097063,28564.958068722055,73278.0625,28942.88473845004,74944.82214097063,2322180.0,738108
2019-06-25,28911.390625,73456.6328125,28911.390625,73932.84898113734,28533.463950163397,73278.051051676,28785.414451606102,73278.051051676,1467180.0,845868
2019-06-26,29226.33203125,73516.171875,29383.800874196,73754.28279995655,28722.4291503395,73218.53740431521,28911.392500012786,73278.06653072465,2284380.0,597276
2019-06-27,28659.44140625,73278.0625,29226.331443876847,73694.7496199022,28596.452394061347,73159.00425373002,29005.873591906904,73516.16783117814,2283510.0,962592
2019-06-28,29226.33203125,73218.5234375,29226.33203125,73337.57608692776,28596.45296877557,72325.61461509146,28722.4291503395,73218.5234375,2144760.0,1103964
2019-07-01,29824.712890625,74409.0546875,29856.20739539762,74468.5837929646,29383.799050533737,73218.5116429628,29446.78621473389,73218.5116429628,2814420.0,1189728
2019-07-02,30076.66796875,74468.6015625,30171.149646300684,75063.87601715131,29730.233920833976,74170.96712551462,29887.704613648628,74409.0724428307,3387030.0,860172
2019-07-03,30108.16015625,75004.34375,30234.136339446104,75182.92552083333,29919.19680412846,74290.01666666666,29950.691311263796,74528.12755467121,2567640.0,789444
2019-07-04,30076.66796875,75004.34375,30423.10017132076,75004.34375,30045.173461118015,75004.34375,30234.136816219387,75004.34375,1945290.0,0
2019-07-05,30045.173828125,75004.34375,30139.655506829797,75004.34375,29887.704978732105,75004.34375,29982.1866574369,75004.34375,1856940.0,0
2019-07-08,29698.7421875,75004.34375,30013.679892289772,75004.34375,29635.753170265787,75004.34375,29919.198211783776,75004.34375,2149740.0,0
2019-07-09,29698.7421875,75004.34375,29698.7421875,75004.34375,29698.7421875,75004.34375,29698.7421875,75004.34375,0.0,0
2019-07-10,30989.990234375,75004.34375,31336.42428226587,75004.34375,30643.55803182939,75004.34375,30643.55803182939,75004.34375,3138450.0,0
2019-07-11,30864.01171875,75004.34375,31273.432905640802,75004.34375,30864.01171875,75004.34375,31021.480554317943,75004.34375,2109180.0,0
2019-07-12,30895.50390625,75004.34375,31241.937901993497,75004.34375,30580.564413395452,75004.34375,30864.009403361048,75004.34375,2124360.0,0
2019-07-15,31871.81640625,75004.34375,32123.768764041222,75004.34375,30895.507017180826,75004.34375,31115.963023566677,75004.34375,4674300.0,0
2019-07-16,32186.755859375,75004.34375,32344.222844262982,75004.34375,31808.829190539636,75004.34375,31871.81450821878,75004.34375,2149950.0,0
2019-07-17,31997.79296875,74647.1953125,32312.730633584113,74944.82979721902,31966.296618783465,73754.28627766148,32186.7563057885,73813.81540687787,1795770.0,1158204
2019-07-18,32722.154296875,74170.953125,32722.154296875,74647.16925042211,31777.33748666022,74111.42401656741,31966.300848703177,74409.0583973713,3329190.0,849264
2019-07-19,33352.03125,75540.0859375,33383.523911412914,75659.13858623705,32753.648539012014,74170.96094464356,32911.11553676703,74170.96094464356,3292560.0,1657476
2019-07-22,33540.9921875,74706.703125,33855.92985104929,75301.97192458478,33131.57285581691,74706.703125,33383.52151038028,75301.97192458478,2579520.0,866376
2019-07-23,34296.84765625,74647.1953125,34296.84765625,74766.24799025132,33478.00525149048,74290.03169856459,33540.99426437672,74706.72444171639,2693010.0,917460
2019-07-24,33824.4375,74766.2265625,34548.79819252057,75540.08269780262,33824.4375,74528.12127523756,34328.338504406805,75004.3374304423,2334030.0,712560
2019-07-25,33824.4375,74766.2265625,33824.4375,74766.2265625,33824.4375,74766.2265625,33824.4375,74766.2265625,0.0,0
2019-07-26,33824.4375,74766.2265625,33824.4375,74766.2265625,33824.4375,74766.2265625,33824.4375,74766.2265625,0.0,0
2019-07-29,33824.4375,74766.2265625,33824.4375,74766.2265625,33824.4375,74766.2265625,33824.4375,74766.2265625,0.0,0
2019-07-30,33824.4375,74766.2265625,33824.4375,74766.2265625,33824.4375,74766.2265625,33824.4375,74766.2265625,0.0,0
2019-07-31,33635.4765625,73337.5859375,33698.465576555056,73813.80776053657,32501.696453651686,73159.0041490315,32501.696453651686,73516.1677259685,2052150.0,979380
2019-08-01,34170.87109375,73932.859375,34170.87109375,74111.44116092996,33257.54707454108,73337.58489500656,33478.00306923696,73516.16668093651,2627280.0,603348
2019-08-02,34013.40234375,73813.796875,34170.87302927526,73932.84952286167,33698.464663389845,73397.10423646412,33855.93165822474,73516.15688432577,2399160.0,565812
2019-08-05,34485.80859375,72623.25,35084.191256927494,74051.90413495529,33918.91858946918,72623.25,34013.400256849316,73516.15883434705,3927660.0,1059300
2019-08-06,34485.80859375,72623.25,34485.80859375,72623.25,34485.80859375,72623.25,34485.80859375,72623.25,0.0,0
2019-08-07,35903.03125,72028.0,35966.02025435277,72504.21630929194,34643.27699777383,71551.77811002638,34643.27699777383,71551.77811002638,3842190.0,878136
2019-08-08,35588.09765625,71968.46875,36217.9730086397,72385.16149629003,35493.61598432252,71551.77600370997,36060.50601588743,72027.99787966472,2588520.0,684768
2019-08-09,35588.09765625,71968.46875,35588.09765625,71968.46875,35588.09765625,71968.46875,35588.09765625,71968.46875,0.0,0
2019-08-12,36847.8515625,71789.875,37162.789234513504,72027.98589836947,36091.99819711538,71670.82234115555,36501.417539801965,72027.98589836947,2142990.0,530796
2019-08-13,37099.8046875,70242.1640625,37288.768032783206,71551.75997632617,36217.9732823848,70242.1640625,36690.381645592824,71432.70732434568,2735310.0,1414536
2019-08-14,37446.23046875,70658.8515625,37635.19379103249,71373.17864006759,37225.774489650394,70658.8515625,37351.74880760876,70956.49156527336,2179950.0,812832
2019-08-15,37792.66796875,72623.25,37792.66796875,72623.25,36784.86225935326,69825.47084593932,37099.80361955299,69825.47084593932,2780040.0,807744
2019-08-16,37792.66796875,72623.25,37792.66796875,72623.25,37792.66796875,72623.25,37792.66796875,72623.25,0.0,0
2019-08-19,37792.66796875,72623.25,37792.66796875,72623.25,37792.66796875,72623.25,37792.66796875,72623.25,0.0,0
2019-08-20,37792.66796875,72623.25,37792.66796875,72623.25,37792.66796875,72623.25,37792.66796875,72623.25,0.0,0
2019-08-21,37887.15234375,73754.2734375,38391.05338908093,73992.38433223046,37572.21465175448,73516.16254276954,37792.6706670823,73813.80255635275,2452740.0,697032
2019-08-22,37005.3203125,73813.796875,37950.13696991966,73992.37863713253,37005.3203125,73694.73864645828,37950.13696991966,73754.26776072914,3108990.0,630732
2019-08-23,36690.37890625,73218.5234375,37162.78723418751,73932.85049542683,36217.97057831249,73218.5234375,37005.320252001715,73873.32138037289,3099120.0,746196
2019-08-26,36658.890625,71730.3359375,37131.29900934278,72742.30292978835,36280.96391752577,71551.75418364674,36280.96391752577,72623.2447067663,3106770.0,1007844
2019-08-27,35903.03125,70837.4453125,37005.31852737909,72504.21063561477,35115.685303694874,70837.4453125,36942.32952302632,72325.62883601966,5683320.0,1131756
2019-08-28,35840.05078125,71075.5390625,35903.03980060412,71492.23168774966,35367.642362820996,70956.48641843433,35903.03980060412,71432.70257537688,1794420.0,626040
2019-08-29,36217.97265625,73218.5234375,36217.97265625,73218.5234375,35619.58997009477,71313.65314325517,35840.045972217165,71432.70579268293,1018380.0,673836
2019-08-30,36816.359375,73218.5234375,36910.84104688564,73218.5234375,36217.972992597424,73218.5234375,36217.972992597424,73218.5234375,1938210.0,0
2019-09-02,36816.359375,73218.5234375,36816.359375,73218.5234375,36816.359375,73218.5234375,36816.359375,73218.5234375,0.0,0
2019-09-03,37036.81640625,73218.5234375,37257.272416533255,73218.5234375,36847.85305723852,73218.5234375,36942.33473174426,73218.5234375,2016660.0,0
2019-09-04,37131.296875,73694.75,37288.7675576262,73813.80824688404,36910.84087187556,72980.42284141945,37036.81520356234,73813.80824688404,1435050.0,486960
2019-09-05,36595.8984375,72623.25,37162.788449564665,73932.85148393575,36217.97176279022,72623.25,37162.788449564665,73932.85148393575,2620260.0,704616
2019-09-06,36847.8515625,73099.46875,36973.82589316735,73278.0505095027,36280.96153846154,72623.24700420613,36595.89921047504,72623.24700420613,1338570.0,379176
2019-09-09,36564.41015625,74111.4375,37005.32589310165,74111.4375,36564.41015625,72920.89417950396,36690.3844993402,73218.52861445783,804810.0,598620
2019-09-10,36186.48046875,73635.2265625,36847.85217444517,73992.39014230084,36060.50613599055,73397.11564907247,36847.85217444517,73992.39014230084,1579860.0,777468
2019-09-11,36249.46875,72682.7890625,36249.46875,73813.80893434657,35493.615387294114,72682.7890625,36154.98707966176,73694.75068635368,2098410.0,481692
2019-09-12,36784.86328125,72623.25,36910.8413051057,73397.10618332752,36154.98792473282,72266.08646626119,36501.41826361017,72920.88999856917,2547090.0,721044
2019-09-13,38548.51953125,72682.7890625,38548.51953125,72920.8999778048,37005.320224689785,72325.6254798833,37005.320224689785,72742.31818649644,7813860.0,604236
2019-09-16,38894.95703125,73530.046875,39304.376388399025,73530.046875,38611.51200921828,72682.78896682219,38643.004670325005,73530.046875,3316890.0,725652
2019-09-17,38863.4609375,74135.2421875,38894.95728950625,74437.83311383078,38422.548916316664,73045.90804437076,38863.4609375,73530.0546612231,1300740.0,579084
2019-09-18,38422.55078125,74861.4453125,39209.89687788496,74982.48051656022,38296.57274849118,73651.0705774425,38768.981144610276,73832.62622033973,2512140.0,1167528
2019-09-19,39430.3515625,74800.9375,39430.3515625,74982.49317354368,38328.06780271626,74135.23525487808,38580.01647831173,74740.41705094717,1606740.0,870840
2019-09-20,39839.76953125,73893.15625,40249.18884482495,74861.45502900175,39052.419871165104,73893.15625,39650.80620334003,74861.45502900175,1878690.0,1948020
2019-09-23,39052.42578125,75345.6015625,39997.24256378581,75708.71289533132,38894.9587779544,74256.26756400602,39682.304866504055,74437.82323042168,2119680.0,1872168
2019-09-24,38422.55078125,76798.046875,39241.38954072937,77221.67865440423,38422.55078125,75224.56632432148,38643.00680254205,75345.60154403072,2388060.0,1608540
2019-09-25,39524.828125,76495.4375,39524.828125,76798.02831294433,38265.07383793183,75950.77063253231,38454.037165526555,76434.91706796586,1920600.0,741156
2019-09-26,39682.30859375,78674.125,39839.77930252693,78734.63977382777,39209.90015811012,76555.97174927652,39650.815928270975,76919.08308670174,1362810.0,1936272
2019-09-27,40312.1796875,78734.6484375,40564.12834239783,79339.83595767284,39682.300668875105,78311.02227963274,39839.77134620387,78674.1336570134,3849990.0,1420236
2019-09-30,39713.796875,78492.5625,40784.591671366616,79097.744227296,39682.30421299763,78311.00684708837,40627.12097997376,78734.63292147274,2036340.0,1062588
2019-10-01,40154.70703125,77463.7421875,40249.18869485294,78492.56132095467,39713.79137087295,77282.18653731555,39713.79137087295,78371.52043842232,1743720.0,1448856
2019-10-02,39430.3515625,76858.578125,40217.701323134635,77342.72474550383,39430.3515625,76374.4258308808,40154.712308890535,77161.16905361298,2092920.0,2484264
2019-10-03,39398.86328125,78068.9375,39430.355946528296,78068.9375,39052.429200425184,75950.78992415062,39083.92555639436,76253.3808139535,2715570.0,990372
2019-10-04,38737.484375,77826.8671875,39619.31205737156,79218.79786634102,38737.484375,77766.35240919566,39619.31205737156,78129.463773482,1836330.0,769848
2019-10-07,38107.609375,78129.453125,38957.94448767869,78674.12009719532,38107.609375,77584.78615280468,38737.488466473675,77705.82136653221,2606550.0,1000416
2019-10-08,38737.484375,78068.9375,38737.484375,78250.49316860465,37981.63102134146,77826.86138398891,38107.60535005449,77826.86138398891,1852470.0,644928
2019-10-09,38926.44921875,76858.578125,39020.930891611046,77947.91227634513,38611.5115394433,76737.53721466252,38863.46020661252,77947.91227634513,775140.0,795780
2019-10-10,38926.44921875,76858.578125,39146.90522519565,77766.35658445428,38643.00420016687,76677.02243310914,38926.44921875,76677.02243310914,927270.0,530580
2019-10-11,38863.4609375,77463.7421875,38989.43896414417,77463.7421875,38643.00492690833,76798.04002802832,38957.942612137915,76858.5604692945,679170.0,757572
2019-10-14,39272.87890625,77826.8671875,39524.82754555601,78068.94332156259,38737.48158901734,77403.24104490933,38894.95225660105,78068.94332156259,1673370.0,703248
2019-10-15,39524.828125,77645.296875,39650.806137189815,78371.5194667338,39209.89047590546,77282.1855791331,39272.87948200036,77766.33775603163,990390.0,1398156
2019-10-16,39398.86328125,78916.1875,39839.7790486006,79218.78403314253,39367.3706159717,77645.29794692078,39682.30834082734,77645.29794692078,996450.0,1585896
2019-10-17,38705.9921875,79279.296875,39367.36388001641,80126.56033888018,38643.00317703026,78795.1503767927,39367.36388001641,78916.18558294105,2256450.0,1691496
2019-10-18,38705.9921875,80187.0703125,38926.44818810872,80489.66682020607,38517.028846781024,79581.88864431507,38831.966517749235,79581.88864431507,1022790.0,1340304
2019-10-21,38705.9921875,80852.7890625,39020.92985846821,82002.63779225704,38422.54717642154,79823.96987446764,38894.955528218976,80187.08119409921,1261620.0,2407956
2019-10-22,38768.9765625,80187.0703125,38768.9765625,81336.92455983313,38359.557231149636,80066.03511358573,38737.48390337771,81094.848488391,849330.0,1678704
2019-10-23,38800.47265625,80066.046875,39178.399325983955,80308.12298200224,38454.03864543049,79400.34467276187,38580.01297177843,80187.08209169391,803730.0,1017384
2019-10-24,40154.70703125,80247.6171875,40154.70703125,80731.76381627977,38800.47108317117,80005.54103630238,38800.47108317117,80005.54103630238,4653870.0,625068
2019-10-25,40280.6796875,81397.453125,40312.17603452574,81397.453125,39934.24939573547,80187.07832052668,40249.18703116409,80247.5987628346,1858680.0,979872
2019-10-28,40186.203125,80973.828125,40658.611483407876,81942.12691456063,40123.217804339154,80852.7929039104,40312.1811477023,81397.45990923552,2374290.0,670032
2019-10-29,39997.2421875,81155.3828125,40438.15791209885,81639.52936462102,39997.2421875,80852.79192662617,40186.20554222943,80913.3066996322,1355790.0,624336
2019-10-30,39335.87109375,79884.484375,39902.76116727413,81579.00563173495,39241.38941482931,79279.29699610596,39776.78682561008,81336.92954545454,3821640.0,1562028
2019-10-31,39241.3828125,78674.125,39682.29847017639,79884.49423354582,39241.3828125,77947.90232514958,39335.86447552423,79884.49423354582,1641840.0,3060576
2019-11-01,39430.3515625,80126.546875,39619.314914541836,80489.65810604439,38674.49815433265,78795.1371366329,39241.388210458164,78795.1371366329,2412330.0,1163244
2019-11-04,39713.796875,79460.8515625,39871.26756639285,80489.6706599991,38926.45079941672,79037.22550928402,39493.3408596024,80489.6706599991,4258770.0,1689564
2019-11-05,39556.32421875,78189.96875,39934.25087150656,79460.85836568521,39524.82787056031,78189.96875,39871.26186581714,79460.85836568521,2082930.0,2252148
2019-11-06,39241.3828125,78734.6484375,39587.81680715216,78976.72458029218,39115.40849203101,77766.35521356176,39556.324149707405,78068.94613684056,2026530.0,1420920
2019-11-07,39461.84375,78129.453125,39650.80708209786,78553.07920985349,39272.88041790214,77887.37702393065,39461.84375,78371.52355245505,1362210.0,1039404
2019-11-08,39241.3828125,78189.96875,39493.33514412793,78855.67661681611,38863.45616040308,78008.41309061639,39493.33514412793,78129.4539792817,2375430.0,1431756
2019-11-11,38391.0546875,78250.5078125,39304.378823074076,78795.17492024362,38391.0546875,78068.95210991878,39304.378823074076,78189.98735376769,3224130.0,774600
2019-11-12,38517.02734375,77161.15625,38674.49432774422,78250.49022058824,38233.582343732276,77040.12103336168,38391.0493277265,78250.49022058824,1606470.0,2321376
2019-11-13,37761.17578125,75950.78125,38643.003481318956,77161.15034459287,37477.73076793959,75890.26080950546,38517.02915007775,77161.15034459287,4461540.0,2348328
2019-11-14,36784.86328125,76192.859375,38013.125024355926,76495.45593447963,36532.91461491926,76011.30370875806,37761.17635802519,76253.37982161884,4693470.0,834564
2019-11-15,37320.26171875,74437.8046875,37320.26171875,76253.36089939025,36784.864328841584,72622.24847560975,36847.85334256329,76253.36089939025,1432140.0,2861232
2019-11-18,37099.8046875,73106.40625,37635.19837200887,74679.89232683927,37005.3230148584,72864.3358332663,37351.75335408405,74437.81623649152,1027290.0,2005764
2019-11-19,37477.7265625,75285.0625,37477.7265625,75285.0625,37068.303573200166,72864.32466211282,37162.78523370169,72864.32466211282,891630.0,1294332
2019-11-20,36879.34765625,75043.0078125,37477.73408668745,75527.15434659389,36753.37331385346,74619.37604915888,37477.73408668745,75345.59868710689,1057050.0,1380840
2019-11-21,35745.56640625,73832.625,36847.85386315576,74921.95883937844,35745.56640625,73651.0693601036,36847.85386315576,74740.40319948203,3643710.0,1674000
2019-11-22,35273.15625,73530.046875,36217.97296822045,74558.8604544741,34895.22956271182,73409.01165200738,36217.97296822045,74074.71388888889,2615400.0,863616
2019-11-25,35273.15625,74377.296875,35525.108605088884,74619.3729688612,34044.89451631341,72985.37210092993,35493.61594471164,73953.67080276058,1857330.0,816888
2019-11-26,35745.56640625,74437.8046875,35903.03709743382,75042.9919826678,35493.61772918447,74256.24906631098,35714.07374428943,74377.28425589927,1763010.0,1165668
2019-11-27,35651.08203125,73893.15625,35966.02338977975,74861.45502900175,35556.600361829114,73893.15625,35808.55271051487,74861.45502900175,765450.0,440304
2019-11-28,34328.33984375,73893.15625,35336.14558257403,74014.19146976975,34296.84718308655,72864.34269792066,35021.20790386854,73893.15625,3841470.0,1329264
2019-11-29,34328.33984375,73530.046875,34328.33984375,74074.71388888889,33572.486462304565,73348.4912037037,34328.33984375,73832.63776928892,2740260.0,659808
2019-12-02,34139.37109375,71593.453125,34580.286726688144,73530.04501188596,34139.37109375,71593.453125,34454.312413287145,73530.04501188596,1926510.0,1786980
2019-12-06,34895.2265625,70383.0859375,34958.215568529144,71351.38482376894,34643.277919763386,70383.0859375,34832.24124716084,71351.38482376894,1406940.0,1124544
2019-12-09,34926.72265625,71472.421875,35147.17863970995,71532.94232993604,34643.27766722008,70383.08772784362,34895.226308120036,70383.08772784362,1578030.0,919260
2019-12-10,34958.22265625,71532.9140625,35084.197003159396,71835.50487037559,34643.284943631144,71109.2823925837,34926.72999219534,71472.39363147964,1236000.0,1020108
2019-12-11,35588.09765625,71775.015625,35588.09765625,71775.015625,34737.76260890262,70988.27243654426,34800.747929727404,71230.34857305721,944130.0,952728
2019-12-12,35714.0703125,72138.1171875,35745.56297143442,72319.67284680276,35493.61431857881,71956.56152819724,35588.0959860722,72017.0762988886,1098570.0,841656
2019-12-13,35588.09765625,71411.90625,36123.49133671222,72561.75516489244,35367.63796129233,71411.90625,35745.56464900227,72198.64378679688,1402830.0,677616
2019-12-16,35651.08203125,71835.515625,35651.08203125,71896.03606508097,35115.6883649918,71230.33391864599,35273.155353566464,71714.48041845199,1333230.0,901536
2019-12-17,35682.578125,70867.2265625,36060.50479996667,71896.04005934992,35619.589115608826,70867.2265625,35840.04511244266,71896.04005934992,1344690.0,995556
2019-12-18,34643.27734375,71775.015625,35777.05728928338,72017.08608789783,34548.79568162222,70988.27243654426,35619.58662217377,71048.79288907629,3444390.0,1680408
2019-12-19,34643.27734375,72440.7109375,34895.22598229747,72622.26660401002,34170.86903311109,71775.0087181681,34580.28833876817,71775.0087181681,1137930.0,1899012
2019-12-20,34863.73828125,72622.2734375,35210.17232186294,72803.82912109375,34706.26759175494,72319.68252271545,34895.23094287283,72622.2734375,1070280.0,2187084
2019-12-23,34958.22265625,71411.90625,35336.14938766892,72622.27561911347,34958.22265625,71411.90625,35178.67868601412,72622.27561911347,1277340.0,943320
2019-12-24,35052.703125,71775.015625,35210.17382120055,71896.05085644891,34832.24710287171,71411.90425703814,35021.210462036135,71411.90425703814,1124250.0,692400
2019-12-25,35871.546875,71411.90625,35871.546875,72319.68469523892,35052.70439212356,71230.35056095221,35147.1860751212,72319.68469523892,1642410.0,649428
2019-12-26,35682.578125,71411.8984375,35871.541462483336,72022.2584511725,35304.65145003333,71411.8984375,35871.541462483336,71900.18301517365,1845720.0,414180
2019-12-27,35745.56640625,72144.3125,35745.56640625,72327.41989213198,35430.62871457285,70801.52305033014,35588.09940575667,71411.88293147208,1464720.0,460152
2019-12-30,35903.03125,71106.7109375,36060.50191553698,72022.24796363903,35651.07892327881,71106.7109375,35745.56058446302,71900.17254541622,1849380.0,806568
2019-12-31,35903.03125,71106.7109375,36186.47623355263,72632.60216632744,35903.03125,71045.6732283886,35903.03125,72632.60216632744,1812150.0,465168
2020-01-01,35903.03125,71106.7109375,35903.03125,71106.7109375,35903.03125,71106.7109375,35903.03125,71106.7109375,0.0,0
2020-01-02,36847.8515625,71961.1953125,36847.8515625,72144.30267970738,35808.553185096156,71106.69617290064,35903.034855769234,71411.87321087786,2148870.0,423240
2020-01-03,36312.45703125,72205.3671875,37068.310455599974,72632.61405489272,36280.96436879893,72144.32946839789,36847.85443706142,72144.32946839789,2373060.0,750468
2020-01-06,36123.4921875,71656.046875,36343.951887649986,72144.33147507635,35903.03617804041,71289.83199441586,36154.988539344515,72022.26175558414,1167750.0,595092
2020-01-07,36406.9375,72327.421875,36406.9375,72510.52927215189,35682.5804528519,71717.06197712495,36123.492475283674,71717.06197712495,1944690.0,551424
2020-01-08,35525.109375,72510.53125,36217.97375314753,72510.53125,35525.109375,71717.06393332987,35903.03607047872,72327.42384785354,2227170.0,1005252
2020-01-09,36060.5078125,72388.4609375,36217.97481309762,72937.78313924636,35714.073767942355,72266.3855223744,35871.54445923046,72632.60032353865,954210.0,748956
2020-01-10,36249.46875,72571.5859375,36406.93574010356,72754.69338248772,35997.516398867956,72266.40304778203,36091.99806920619,72388.47849251228,1236540.0,715536
2020-01-13,36060.5078125,71656.046875,36312.45648973239,72632.6160751527,35934.52978319331,71656.046875,36060.5078125,72632.6160751527,864720.0,495456
2020-01-14,35871.546875,71900.171875,36154.991923992915,72083.27927852047,35840.05052020696,71472.92508152316,36154.991923992915,71656.03248504363,962430.0,402216
2020-01-15,35903.03125,71900.171875,35966.02025435277,71961.20958354228,35808.54958881579,71533.95706795908,35871.53859316856,71900.171875,879480.0,818088
2020-01-16,36343.953125,72144.3125,36532.91647973884,72327.41989213198,35871.54473815291,71533.95261885806,35903.0374003792,71900.16740312202,1563240.0,654108
2020-01-17,36564.41015625,72388.4609375,36595.902819349896,72388.4609375,36343.954133169485,71900.17072121016,36343.954133169485,72144.31582935508,1305090.0,450036
2020-01-20,37351.75390625,72632.6015625,37351.75390625,72754.67697970795,36375.444504750885,72266.3867550889,36375.444504750885,72632.6015625,4391820.0,592320
2020-01-21,37792.66796875,73853.3203125,37950.13864884987,74402.64251551338,37288.766959396744,72388.46110446434,37351.75227888451,72632.6004910661,2076600.0,1024728
2020-01-22,37540.7109375,74036.4375,37824.15591192078,74402.65235041697,37320.25496540265,73853.33007479152,37666.68894214686,73853.33007479152,1380720.0,953328
2020-01-23,37540.7109375,74036.4375,37540.7109375,74036.4375,37540.7109375,74036.4375,37540.7109375,74036.4375,0.0,0
2020-01-24,37540.7109375,74036.4375,37540.7109375,74036.4375,37540.7109375,74036.4375,37540.7109375,74036.4375,0.0,0
2020-01-27,37540.7109375,74036.4375,37540.7109375,74036.4375,37540.7109375,74036.4375,37540.7109375,74036.4375,0.0,0
2020-01-28,37540.7109375,74036.4375,37540.7109375,74036.4375,37540.7109375,74036.4375,37540.7109375,74036.4375,0.0,0
2020-01-29,37540.7109375,74036.4375,37540.7109375,74036.4375,37540.7109375,74036.4375,37540.7109375,74036.4375,0.0,0
2020-01-30,35903.03125,71167.7578125,36879.34051867355,73120.9076915916,35588.09360961593,70923.61836919426,36532.910221458034,72632.61736076488,3947130.0,1840464
2020-01-31,34895.2265625,66223.8515625,36091.995532913876,71167.75214412156,34800.74489880127,66223.8515625,35588.09455675066,71045.68243219132,4304250.0,2298984
2020-02-03,34265.3515625,66101.78125,34611.78187194345,67444.57095746137,32753.644930193972,61646.16527868822,34076.388233461745,61951.34813890181,5849790.0,2746980
2020-02-04,33981.91015625,64087.609375,34800.748874729965,67139.39839024971,33509.50178378448,63538.287008928564,34328.340502264444,67078.36638653598,2715900.0,2242848
2020-02-05,34013.40234375,65064.1875,34548.799721983596,65735.57962782658,34013.40234375,63050.005394412,34013.40234375,64942.11204249826,2417400.0,1854900
2020-02-06,34485.80859375,65613.4921875,34737.76093699374,66284.88413416035,34013.400256849316,64636.9174015431,34013.400256849316,64697.95511382376,2356860.0,2564424
2020-02-07,34233.85546875,67261.453125,34422.81879919515,67444.56052395907,33950.41047308227,65674.51851928393,34422.81879919515,65735.55622630569,1885050.0,1828056
2020-02-10,33320.5390625,66529.03125,33855.93276758655,66773.17066220751,33320.5390625,65491.418720743975,33540.99507690679,66529.03125,2108370.0,1092612
2020-02-11,33540.9921875,65430.3828125,33635.473855633805,66529.0272679966,33383.52151038028,65308.30739159602,33383.52151038028,66529.0272679966,1188390.0,1063152
2020-02-12,34328.33984375,65430.3828125,34454.31786778446,65918.66732979631,33603.98281365835,65430.3828125,33603.98281365835,65918.66732979631,1707690.0,1005804
2020-02-13,34013.40234375,65247.28515625,34328.34002411016,65613.50002948975,33981.90968292109,65064.17771963013,33981.90968292109,65430.39259286987,1236120.0,856272
2020-02-14,33729.95703125,65064.1875,33918.92037596289,65552.47216368222,33352.03034182423,65064.1875,33698.46437069463,65430.402428288726,1245870.0,849696
2020-02-17,33855.9296875,65613.4921875,33855.9296875,65674.52417767394,33446.51035779471,65186.23964574885,33761.448019822616,65186.23964574885,1153470.0,748020
2020-02-18,34296.84765625,64392.765625,34359.83666913623,65796.59280774166,33698.464951247115,64270.69593515094,33855.931947427125,65796.59280774166,1706250.0,1294200
2020-02-19,34800.75390625,64942.09375,34800.75390625,65125.20116256778,34296.8527996625,64087.594398719295,34454.32351014838,64087.594398719295,2017320.0,953364
2020-02-20,34832.24609375,64942.09375,35084.19477154297,65613.49141081958,34706.268064163014,64881.06176054851,34958.220432646485,65308.30857513554,1355280.0,749544
2020-02-21,34832.24609375,66223.8515625,35273.158125232956,66773.17384934684,34580.29372526652,65613.49728074162,34832.24609375,65613.49728074162,2705670.0,1781400
2020-02-24,33446.51171875,64942.09375,34296.846762447036,65796.59882338735,33289.04103598341,64697.95434798074,34013.401747881355,65308.30857513554,4668360.0,1145520
2020-02-25,33698.46484375,65918.6875,33698.46484375,66223.86470142686,33131.574801653405,64697.972972184245,33131.574801653405,64881.08043746202,2077950.0,1440264
2020-02-26,33446.51171875,64087.609375,33981.90908760415,65125.216381321145,33226.055715429015,64087.60937499999,33383.522707505304,65125.216381321145,3249090.0,1615956
2020-02-27,34139.37109375,65552.4453125,34139.37109375,65552.4453125,33446.506834009844,63355.15664280726,33446.506834009844,64087.58619937151,6432720.0,1036668
2020-02-28,33540.9921875,63782.41796875,33761.44818291549,64758.98703150703,32911.113169711265,62866.8808960986,33383.52151038028,64270.702500128515,3885750.0,1724820
2020-03-02,33540.9921875,63782.41796875,33761.44818291549,64392.77220244647,33352.0288512324,63355.16542747711,33540.9921875,63782.41796875001,1422480.0,1091088
2020-03-03,33509.5,64270.69140625,33950.411997036834,64820.01355502137,33478.003649718645,63843.43893872592,33950.411997036834,64392.76108749729,2038500.0,889656
2020-03-05,33226.0546875,63782.41796875,33572.48501190241,64636.91732918908,32911.11333171031,63782.41796875001,33383.521674704665,64087.59508559824,2019450.0,525624
2020-03-06,32470.203125,63599.296875,33005.59681605389,63965.51162529346,31934.80574325572,63233.08212470653,32879.622481221864,63782.40425014673,2483670.0,797904
2020-03-09,30202.640625,59204.734375,31021.48116967951,62561.699926983434,30202.640625,59204.734375,30202.640625,61035.80857502983,3153570.0,2828148
2020-03-10,29572.765625,62073.41796875,29919.19783403293,62134.45568533118,28407.490965023346,58594.37684365782,28627.94883186901,58594.37684365782,4288980.0,2113560
2020-03-11,27525.66015625,62012.37890625,29761.725705231747,64087.59828179129,27525.66015625,60547.519516951914,29604.25687217095,62256.52404516868,4754190.0,2750892
2020-03-12,25604.533203125,61585.13671875,25604.533203125,61951.35159374334,25604.533203125,59204.74003129326,25604.533203125,59326.8097489219,1583790.0,2917920
2020-03-13,24880.173828125,60486.4765625,27084.744907908458,61402.01351489856,23840.875453404333,58106.08048626375,23840.875453404333,58106.08048626375,10832100.0,2590956
2020-03-16,23935.357421875,59204.734375,24943.161303886685,60547.518306950624,23305.47838094069,58899.55152692378,24250.295096997004,60486.48631502088,4580430.0,1304496
2020-03-17,24344.77734375,58594.375,24565.23519781986,58838.52013653565,22549.625540832396,57984.01501971436,22833.070562345703,58594.375,3756030.0,2145888
2020-03-18,24817.18359375,57984.01171875,25352.580930008837,59693.01613299396,24250.29359913126,57984.01171875,24502.245938080723,58716.44136455361,4219890.0,1586580
2020-03-19,23809.380859375,54321.859375,24470.75254991319,57373.65314942109,23494.441344003677,54321.859375,24250.294704618755,56763.29325011564,3396960.0,3329472
2020-03-20,24313.28125,54932.23046875,24313.28125,55725.69792733439,23588.920622616733,54321.870445061446,23872.365604111506,54321.870445061446,3285990.0,2779992
2020-03-23,22612.615234375,51086.96484375,23620.419170536126,54382.8980594758,22612.615234375,51086.96484375,23053.529110443258,54382.8980594758,4084680.0,2625252
2020-03-24,21667.796875,52551.828125,22612.613572378705,53894.61774287994,21037.917846517455,51086.96880444251,22612.613572378705,51086.96880444251,4702770.0,2087436
2020-03-25,22990.541015625,56152.9375,22990.541015625,56213.97521107253,21730.784762125833,54993.26104436816,22045.724286836918,55298.4381555176,4253190.0,3591624
2020-03-26,21415.845703125,57373.6640625,22770.08365895231,57984.01835579513,21415.845703125,54199.799993357716,22770.08365895231,56336.0514641052,6371550.0,3067740
2020-03-27,19935.630859375,57434.703125,20785.96582494076,58167.13294475392,19935.630859375,56152.95094043065,20565.50799653094,56763.311030928235,7496670.0,3307140
2020-03-30,18738.86328125,55664.65625,20471.025826881265,56458.12365216065,18549.89996024696,54321.86658221436,18549.89996024696,54932.2265625,5583600.0,1871880
2020-03-31,18549.90234375,55542.5859375,19746.669582095263,57007.445296536425,17731.059950625986,54932.22596386587,19211.274052241228,56458.12303689777,5604840.0,1551948
2020-04-01,19274.259765625,57373.6640625,19589.19926579924,57373.6640625,18392.43027234414,55542.58973840008,18486.91193786191,55542.58973840008,4814100.0,1386876
2020-04-02,19274.259765625,57373.6640625,19274.259765625,57373.6640625,19274.259765625,57373.6640625,19274.259765625,57373.6640625,0.0,0
2020-04-03,20597.00390625,57984.01171875,20597.00390625,58289.194552572575,19620.69270842281,57373.65749531807,19809.65604701226,57678.834607034034,4959090.0,2321316
2020-04-06,22014.228515625,58716.44921875,22014.228515625,58960.59437404477,22014.228515625,57984.01947497304,22014.228515625,58899.556654694235,1458480.0,2208660
2020-04-07,23494.443359375,60120.26171875,23525.93786721729,60425.43879519547,22329.17055869884,58472.29520615376,23525.93786721729,58899.541968756224,17456370.0,2727708
2020-04-08,23305.4765625,60425.4609375,23494.439890967147,60425.4609375,22518.13059078355,58899.56355191096,22927.549905565702,59815.10083884277,6132420.0,1085904
2020-04-09,22990.541015625,61096.84765625,23714.8998925808,61585.13798098731,22990.541015625,60547.52533250117,23620.418219701995,60974.77793611944,4830240.0,1464660
2020-04-10,22581.119140625,60791.65625,22959.045820802825,61035.8013551599,22234.686965577035,59876.119258283135,22549.624635495144,61035.8013551599,3706020.0,1333764
2020-04-13,23620.41796875,60486.4765625,24155.813494259946,60913.72332554869,22675.60125,59998.186373150136,22675.60125,60791.6536392642,6619770.0,1353204
2020-04-14,23557.431640625,60425.4609375,23872.369327848195,60852.71357877086,23116.515925960175,60242.353480113634,23683.40597737619,60730.63812577459,3106830.0,1271472
2020-04-15,24187.30859375,60547.5234375,24628.222458208504,60852.706311436166,23809.381896972656,60547.5234375,23935.358077680172,60852.706311436166,4667100.0,1063356
2020-04-16,24218.802734375,60608.546875,24250.295395067198,60730.61656254573,23746.39437054028,60364.40177780252,23935.357716074166,60608.546875,4380390.0,1386792
2020-04-17,25824.98828125,60608.546875,25824.98828125,61096.83134728893,24407.763348352346,60425.4394826284,24533.737667713274,61035.79936456907,7423080.0,2120772
2020-04-20,26549.3515625,61035.8125,26801.302089140543,61768.24222711157,25919.474323226008,61035.8125,26454.86988434164,61035.8125,6545610.0,1766016
2020-04-21,25006.1484375,59082.66015625,26265.904672394143,61035.80982433077,24754.19792865923,58472.305891818374,25856.48348085089,61035.80982433077,7751910.0,2555232
2020-04-22,25824.98828125,59509.9140625,26139.925924997282,59570.951779163915,24281.78718364646,58472.30721185623,24281.78718364646,58655.41463974084,5388300.0,1303140
2020-04-23,26297.3984375,58655.41015625,26769.806781614698,60181.30145724794,25824.9900933853,58533.33473225335,26769.806781614698,60181.30145724794,4035690.0,1731816
2020-04-24,26139.927734375,62744.80859375,26297.398412493556,62744.80859375,25573.037721976423,59509.9126834543,26297.398412493556,60608.557225302684,3084240.0,4349352
2020-04-27,25887.98046875,62744.80859375,26423.376043377895,65003.13539269623,25573.040918491948,62744.80859375,26423.376043377895,65003.13539269623,3362100.0,2340672
2020-04-28,25478.556640625,61340.9765625,25793.496158777623,62866.87340923435,25321.087804221257,60852.69208927166,25667.519982447546,62744.79799934774,2699820.0,1681824
2020-04-29,25730.509765625,61340.9765625,25919.473113119566,61340.9765625,24880.174701899457,61340.9765625,25478.55740540212,61340.9765625,3526290.0,0
2020-04-30,25730.509765625,61340.9765625,25730.509765625,61340.9765625,25730.509765625,61340.9765625,25730.509765625,61340.9765625,0.0,0
2020-05-01,25730.509765625,61340.9765625,25730.509765625,61340.9765625,25730.509765625,61340.9765625,25730.509765625,61340.9765625,0.0,0
2020-05-04,25006.1484375,59570.94921875,25667.520137884025,60425.448604781996,25006.1484375,59204.73437872102,25667.520137884025,59204.73437872102,2751960.0,1483164
2020-05-05,24974.65625,61340.9765625,25384.075603948324,61585.121660167184,24817.185564316635,59815.079715765656,25132.125090338188,60303.36991110002,1566840.0,1396560
2020-05-06,25573.037109375,61951.3515625,25573.037109375,61951.3515625,24880.172785493236,60852.706938074036,25195.11044349584,61463.06124801685,2539560.0,1326024
2020-05-07,26013.955078125,63111.0234375,26013.955078125,63355.1685763772,25667.521040276082,61951.346902574056,25762.002715081202,62012.37889571311,3621810.0,1899912
2020-05-08,26391.880859375,64087.609375,27053.252560006815,65674.53874739258,26139.92850509469,63477.24928310686,26139.92850509469,63782.432190107414,7085520.0,3821004
2020-05-11,26769.810546875,66223.8515625,26958.773911099186,66223.8515625,26391.883818426624,63904.4927031824,26454.870991386237,64087.60013213134,3771090.0,2150640
2020-05-12,26234.41015625,69519.7578125,26706.818513477465,69824.94055489186,25982.459647510404,65552.43366034991,26706.818513477465,66223.8253938232,5814240.0,3533580
2020-05-13,26423.375,69397.7109375,26486.364014771563,70191.17831732935,25541.54724665064,67139.38422389756,25824.992277086916,69092.53381699954,5021760.0,3009276
2020-05-14,26139.927734375,68970.453125,26391.880081226653,69519.77533322241,25824.990068828076,68665.27602780078,25824.990068828076,68726.31373608315,3121380.0,1677300
2020-05-15,26139.927734375,68970.453125,26139.927734375,68970.453125,26139.927734375,68970.453125,26139.927734375,68970.453125,0.0,0
2020-05-18,26139.927734375,68970.453125,26139.927734375,68970.453125,26139.927734375,68970.453125,26139.927734375,68970.453125,0.0,0
2020-05-19,27620.142578125,69824.9609375,27620.142578125,69824.9609375,27242.215892200118,68543.20906719165,27557.153566907422,69458.7461174119,5024430.0,1718880
2020-05-20,27620.142578125,69824.9609375,27620.142578125,69824.9609375,27620.142578125,69824.9609375,27620.142578125,69824.9609375,0.0,0
2020-05-21,27399.68359375,70191.171875,27809.104768311863,70191.171875,27147.733095359275,69275.63487542221,27273.707421882104,69580.81196791273,4618830.0,1898508
2020-05-22,26769.810546875,69824.9609375,27431.182321659657,70069.10033615436,26769.810546875,69275.63870736785,27399.687812507174,69824.9609375,4427460.0,1299672
2020-05-25,27116.240234375,71778.109375,27399.685254246517,71778.109375,26517.855688420073,69641.85802716065,26769.808047424875,69885.99744158935,3406560.0,1898232
2020-05-26,27336.697265625,72022.25,27336.697265625,72022.25,26958.770583820715,70313.24559551786,27147.73392472286,72022.25,3526320.0,1179804
2020-05-27,26706.818359375,70191.171875,27525.660737407852,71900.1704594744,26706.818359375,70191.171875,27368.19005567723,71839.13847424004,3962700.0,1330020
2020-05-28,26675.328125,70069.09375,26990.265826409526,70801.52332133138,26612.339108441854,70069.09375,26769.809804491917,70191.16915995925,2851560.0,1205400
2020-05-29,26643.83203125,70191.171875,26769.80821152464,70313.24156757497,26486.363189915595,69275.63487542221,26643.83203125,69275.63487542221,2548500.0,1444416
2020-06-01,27084.74609375,70862.5703125,27116.240600387006,71411.89256298449,26643.832227557963,70252.21034903718,26643.832227557963,70252.21034903718,2458890.0,1256424
2020-06-02,26864.2890625,70801.53125,27336.697417377814,71411.89120182897,26864.2890625,70618.42383666198,27116.239569986454,70862.5689618149,3331050.0,1070292
2020-06-03,26895.783203125,71167.7578125,27021.759386475394,72083.29503016555,26832.79603412242,70557.40348212804,26927.277710298906,70923.61836919426,2585160.0,1586496
2020-06-04,26927.279296875,71900.171875,27399.687705592107,71961.20958354228,26864.29212416117,71411.88737298088,26958.773805904588,71411.88737298088,3042300.0,882504
2020-06-05,27116.240234375,71900.171875,27147.734740586897,71900.171875,26801.30070829159,71900.171875,26927.27688779399,71900.171875,2232840.0,0
2020-06-08,27116.240234375,71900.171875,27116.240234375,71900.171875,27116.240234375,71900.171875,27116.240234375,71900.171875,0.0,0
2020-06-09,27116.240234375,71900.171875,27116.240234375,71900.171875,27116.240234375,71900.171875,27116.240234375,71900.171875,0.0,0
2020-06-10,28155.5390625,75074.03125,28344.502411912752,76905.10518292684,27431.180171532855,74951.96156184023,27872.094038380874,76905.10518292684,3029670.0,1490616
2020-06-11,26202.916015625,74646.78125,28187.03100388477,76294.74784464345,26202.916015625,73853.31966731655,28187.03100388477,75074.03375598001,8326980.0,1317912
2020-06-12,27084.74609375,72022.25,27084.74609375,73120.89446242996,25510.05213276826,69947.03077470788,25887.978831031498,72022.25,7545900.0,2873196
2020-06-15,25982.458984375,68360.1015625,27021.75734375,73792.28614558354,25793.49564630682,68360.1015625,27021.75734375,73242.96391621194,3397200.0,2470644
2020-06-16,26580.845703125,71411.8984375,26643.83287257866,71717.07558328263,26202.918995712535,69580.82411858974,26454.869518872427,69947.03898237179,2112060.0,1013688
2020-06-17,26391.880859375,70557.3828125,26738.313039828998,71533.9517438545,26139.92850509469,70435.30740450123,26738.313039828998,71411.88205796166,2310450.0,616284
2020-06-18,26391.880859375,70313.2578125,26391.880859375,71167.75730215773,26108.435844818512,69641.86576506234,26139.92850509469,70557.4029761626,1080030.0,627792
2020-06-19,26612.3359375,70191.171875,26927.275446728814,71106.7088745778,26360.385437324,70191.171875,26454.867105558136,70313.24156757497,2579490.0,1501920
2020-06-22,27053.25390625,70435.3125,27336.698934911485,70740.4953199688,26643.832694179444,70069.09769372252,26832.79604662043,70191.17311055257,2824290.0,1041144
2020-06-23,26864.2890625,70801.53125,27210.72124096202,71045.67637515292,26864.2890625,70557.39184695375,27053.252404451126,70801.53125,2404800.0,1276164
2020-06-24,26769.810546875,71472.921875,27179.229939130502,72266.38343992033,26454.870991386237,71045.66937858483,26927.279401946704,71045.66937858483,2146410.0,901152
2020-06-25,26328.888671875,71045.671875,26612.333652237332,71106.70958294866,26297.396015398022,70374.2799759899,26454.86483381768,71106.70958294866,2350230.0,687324
2020-06-26,26517.857421875,70740.515625,26675.328117883055,71472.94544778824,26265.90689174554,70435.33271743292,26454.870250678963,71167.76254022114,1348380.0,594900
2020-06-29,25667.51953125,69194.59375,26297.39855648289,70678.6601038874,25478.556192749154,68081.54398458445,26171.42238236729,70493.15180965148,3289770.0,1822848
2020-06-30,25447.0625,69689.28125,25982.45798889866,70183.97390398334,25195.11016199884,69194.59439315091,25919.470827070883,69874.78954596019,2232240.0,957552
2020-07-01,25824.98828125,70926.0078125,25824.98828125,71111.51611035559,25447.061632477293,69256.43313179965,25447.061632477293,69689.28196203984,934470.0,540024
2020-07-02,25762.001953125,69874.78125,25919.472636706203,71049.66891730278,25510.05144287829,69874.78125,25699.01478689961,70987.83089361309,983160.0,864576
2020-07-03,25730.509765625,70555.0,25793.496933008126,70616.83224222633,25636.028091877717,69751.12867684245,25762.00242664397,69874.79895843014,1069260.0,875148
2020-07-06,26297.3984375,72039.0546875,26391.88010632294,72100.88691952945,25762.001083939944,70678.6586258407,25793.49558866262,70802.3288870337,1860540.0,1583976
2020-07-07,26360.384765625,71729.8671875,26675.32426682872,72410.06808701335,26360.384765625,71729.8671875,26423.37192772773,72039.05152260019,1864890.0,1229952
2020-07-08,26328.888671875,71420.6875,26454.86483381768,71729.86603299006,26108.43269515647,71420.6875,26360.3831736969,71729.86603299006,855450.0,661572
2020-07-09,26454.8671875,71668.0546875,26549.348856026783,72162.74164385402,26297.398355070385,71420.70831075528,26328.891014349254,71420.70831075528,1564470.0,1872492
2020-07-10,26454.8671875,71668.0546875,26454.8671875,71668.0546875,26454.8671875,71668.0546875,26454.8671875,71668.0546875,0.0,0
2020-07-13,26076.939453125,70987.8359375,26360.384447180706,71606.19882693268,25950.96328509635,70678.65739135064,26202.915621153654,71297.02028078333,1211250.0,1132620
2020-07-14,26108.435546875,71235.1953125,26108.435546875,71235.1953125,25887.977700731826,70431.32398857435,26076.94104161308,70616.83230970065,1097340.0,877404
2020-07-15,26108.435546875,71235.1953125,26108.435546875,71235.1953125,26108.435546875,71235.1953125,26108.435546875,71235.1953125,0.0,0
2020-07-16,26706.818359375,72657.421875,26706.818359375,72657.421875,26454.867852089195,71853.55636997282,26612.336688474683,72162.73496443444,1486500.0,1334952
2020-07-17,26454.8671875,72224.5625,26706.817688456398,72595.57907825834,26454.8671875,72039.05421087083,26675.32502917753,72162.7244712456,1139460.0,700212
2020-07-20,26234.41015625,71544.3671875,26454.868004737866,72162.73013215023,26202.917495998267,71420.69691742375,26423.373499140987,71729.87549118162,760920.0,569640
2020-07-21,26360.384765625,71729.8671875,26391.879269348883,71915.37546970659,26139.926930247893,70864.1638029139,26234.408596074503,71544.35890529343,1240380.0,1942536
2020-07-22,26202.916015625,70555.0,26454.866510130272,71729.88216792063,26045.445341882292,70555.0,26423.372006312722,71358.86552602254,1091130.0,1261584
2020-07-23,26139.927734375,70616.8203125,26297.398412493556,70864.16663102471,26045.446065641903,70183.97150149934,26202.91674376046,70616.8203125,1261680.0,919800
2020-07-24,24943.162109375,68699.90625,26108.43671192299,70616.8214076078,24313.284893445245,67401.3482025922,26045.44769858837,70616.8214076078,5388900.0,2775924
2020-07-27,23210.99609375,63938.53125,23966.849446548862,66535.64768487417,23210.99609375,63938.53125,23305.47776284986,66226.46908929126,8943540.0,3064536
2020-07-28,23935.357421875,67957.8828125,23998.344587830372,67957.8828125,23210.99670933506,64309.548673014346,23714.899573013477,64309.548673014346,3842700.0,1668972
2020-07-29,22990.541015625,65546.2734375,23431.454873944378,67339.51855573354,22455.143639081638,65237.08904677587,23305.47869499091,67092.1722025812,4309860.0,1796940
2020-07-30,23399.962890625,67401.3515625,23399.962890625,67710.53013301233,22927.5544753005,66040.9554174038,23022.0361583654,66782.98862434093,1809900.0,1234344
2020-07-31,23462.94921875,66164.625,23525.936385121215,67525.02113098776,22833.07017365721,65855.44643269411,22833.07017365721,66164.625,2398200.0,1007796
2020-08-03,23935.357421875,67525.03125,24061.33175378574,68019.71819124796,23148.00954337969,66597.48961195054,23368.46739224121,66782.99793956045,1967520.0,1032228
2020-08-04,24250.294921875,68823.5703125,24659.716110991176,68823.5703125,24092.826085451146,67957.86695792819,24218.80226179731,68638.06203672507,2524980.0,918204
2020-08-05,24943.162109375,69318.2734375,25006.149277364413,70245.81503477758,24092.82703746449,68019.71520131138,24250.295880110625,68947.25679858896,2204820.0,1065696
2020-08-06,24974.65625,70987.8359375,25132.125090338188,71729.86908596562,24659.716723978447,69318.26135345236,25037.64341706624,69380.09938153581,1663770.0,1632684
2020-08-07,24754.197265625,71420.6875,25006.147767717346,71729.86603299006,24565.233927719466,70987.83291610694,24911.666098764577,71111.50896700994,1821120.0,1377840
2020-08-10,24880.173828125,70802.328125,25289.593169754575,72039.05391215562,24880.173828125,70802.328125,24880.173828125,71729.86956679971,1889670.0,1695216
2020-08-11,25037.64453125,70802.328125,25132.126208726415,71111.51247035591,24817.186668689945,70493.1495767781,25132.126208726415,71049.67444185793,1184160.0,1022700
2020-08-12,25132.125,71482.53125,25163.619506092502,71668.03954407686,24880.17448729551,70802.330306962,25069.13783316017,70802.330306962,1355580.0,1742352
2020-08-13,25887.98046875,71977.21875,25919.4749773794,72100.88901478687,25195.114196320414,71668.04018946571,25226.608704949816,71729.87242329202,2746050.0,1486776
2020-08-14,26171.421875,72162.7265625,26391.87971409216,72966.59777106701,25856.48236848907,71853.54800403617,25950.96403590784,72100.88853195355,2976540.0,1948428
2020-08-17,25887.98046875,72348.2421875,26171.42551037865,72904.76712740384,25478.559237949063,71297.03034450434,26171.42551037865,72348.2421875,2472870.0,1088268
2020-08-18,25636.02734375,71482.53125,25856.483345830038,72595.58101446123,25447.06400176989,71482.53125,25824.99068573011,72348.23468998067,1662180.0,725484
2020-08-19,25762.001953125,71297.0234375,25824.990964695542,71729.87226184692,25604.53311488895,71049.67711134873,25604.53311488895,71729.87226184692,1148550.0,1178208
2020-08-20,25730.509765625,71235.1953125,25856.48410039125,71606.21195475261,25447.064744383155,70864.17867024739,25762.00242664397,71297.03335192044,3055260.0,1505136
2020-08-21,25824.98828125,71482.53125,25982.45710312364,71729.87177734637,25667.517614031396,71173.34689511574,25761.99927622457,71420.6932195963,2070660.0,1061988
2020-08-24,26486.361328125,72039.0546875,26706.81732142774,72719.24981976261,26108.43465921166,71729.87033881638,26202.916326439994,72039.0546875,3194190.0,1832232
2020-08-25,27588.6484375,72533.7421875,27777.61178296233,72904.75877157929,26612.337204162908,72224.56363314531,26612.337204162908,72348.23389546036,6741360.0,2031636
2020-08-26,27494.1640625,72410.0703125,27966.572379725087,73090.26543578497,27399.682399054982,72286.39425580528,27494.1640625,72966.59517622425,2650170.0,2307336
2020-08-27,27998.0703125,72471.90625,27998.0703125,72904.76087630015,27494.167430615344,72348.23598411465,27494.167430615344,72657.41454739516,2866560.0,959484
2020-08-28,29226.33203125,73770.4609375,29604.25873059657,74203.31554388399,28344.502450992928,72471.90291548203,28375.996957720214,72842.91949320145,5983920.0,1609524
2020-08-31,29415.294921875,74821.6796875,29698.739941961554,74821.6796875,28974.379215954687,73894.13822772577,29226.331575150634,74388.82507389398,2864790.0,1960908
2020-09-01,29541.271484375,76182.0703125,29919.198206330097,76182.0703125,29320.81546013141,74326.98738445913,29415.297140620183,74821.68003002612,2988420.0,1737672
2020-09-02,29541.271484375,76182.0703125,29541.271484375,76182.0703125,29541.271484375,76182.0703125,29541.271484375,76182.0703125,0.0,0
2020-09-03,29856.208984375,77109.625,30076.666838826168,77171.46304058397,29289.31894036788,76367.59170153285,29541.269455922647,76367.59170153285,3180720.0,2420016
2020-09-04,29635.748046875,77295.125,29667.242550047376,77295.125,29257.8213901865,76120.2429353842,29320.81039653125,76491.25954465961,3047160.0,2054376
2020-09-07,28438.982421875,77913.484375,29667.244121158637,79397.55074404762,28438.982421875,77233.28922156458,29604.25695682323,77295.12145551873,4473120.0,2614056
2020-09-08,29320.810546875,76800.4375,29352.303204863852,78779.1908011162,28501.968222954594,76614.9291968599,28659.438894278912,77851.64928541573,3000060.0,2171484
2020-09-09,29415.294921875,76553.0859375,29541.26925612779,76614.92396670344,28816.91037546611,75130.85764289321,28974.379215954687,75749.2205435255,1895940.0,1946304
2020-09-10,29572.765625,77109.625,29698.741812532564,77542.47968981756,29415.29677459327,76924.11667538321,29604.260133219468,77295.13332461679,2232360.0,1017996
2020-09-11,29572.765625,76553.0859375,29572.765625,77109.61080892883,29572.765625,76367.57764702372,29572.765625,76800.43225717972,0.0,1148004
2020-09-14,29289.31640625,76800.4375,29572.761403729837,77295.12437599544,29194.834740423386,76676.76723028476,29541.266900005958,76924.10776971524,1639680.0,1433004
2020-09-15,29257.822265625,77171.453125,29446.785599623323,77233.29115763855,29131.847939856158,76676.7662552948,29289.31676973974,76800.4365234375,2358180.0,1058436
2020-09-16,29793.220703125,77171.453125,30076.66571453313,77171.453125,29100.354504567866,77171.453125,29257.823340235118,77171.453125,3302580.0,0
2020-09-17,29667.244140625,76985.953125,29887.70198396124,77789.82444743859,29352.304628051104,76676.77452273978,29793.22031472358,76676.77452273978,1777140.0,1651884
2020-09-18,29761.7265625,78160.8359375,29856.208234126985,78160.8359375,29604.25772490341,76800.43974237442,29667.24489087302,77047.78608616124,1847220.0,1468836
2020-09-21,30989.990234375,80448.7734375,31084.471911918823,80510.61147700355,29824.715596219386,78160.8413386245,30076.667966566434,78160.8413386245,6456840.0,3137172
2020-09-22,31367.91796875,80139.5859375,31430.90698606606,80510.6025390625,30580.57001506185,79459.39076701355,30989.991246234942,80448.76450642395,4509000.0,1493532
2020-09-23,32092.27734375,79892.2421875,32438.707697076443,80510.60514247787,31430.905608338893,79830.40994999642,31462.398270271166,80325.09683569797,3161940.0,1251360
2020-09-24,31871.81640625,78717.3515625,32060.779751920832,79706.72522648083,31493.88971490834,78717.3515625,31777.334733414587,79273.87642241445,3692970.0,1807932
2020-09-25,31651.359375,78964.71875,31871.815374247537,79150.22709929298,31367.91436567164,78841.04844951665,31840.32271455224,79026.55679880963,3115080.0,1213368
2020-09-28,32438.705078125,79335.7109375,32438.705078125,79521.21922947945,31651.35906786101,78717.35382899125,31997.793083908455,79150.20264552055,1904640.0,3124497
2020-09-29,32596.1796875,82313.1640625,33478.007472970276,84876.02814503205,32596.1796875,81408.62379807692,33005.599071702156,82916.19090544872,3692970.0,5191680
2020-09-30,32848.1328125,82087.0234375,33068.58884121117,83971.48219410008,32312.735381983483,81785.51003644399,32911.11814030849,82916.18529040404,3265350.0,1432380
2020-10-01,33068.5859375,82388.546875,33100.07859863892,82463.92523444648,32848.129928146795,81333.24984274931,32848.129928146795,82162.41179666057,2338410.0,1702500
2020-10-02,32753.650390625,81408.6171875,33194.562438092966,82991.56252170139,31430.906866839825,80428.69864728009,33068.588094629355,82539.29242621528,3978240.0,2864220
2020-10-05,32753.650390625,80880.96875,33163.069774899726,82162.40068732525,32596.179693277507,80654.83370223672,32753.650390625,81408.61719478098,1765680.0,1427600
2020-10-06,33131.57421875,80654.84375,33352.03022323438,81408.6273364486,32911.11452357531,80277.9519567757,33068.5852071729,80880.97882593458,3227280.0,2044710
2020-10-07,33887.421875,81408.6171875,33981.90353107278,81408.6171875,32753.64200212665,80277.94194878472,33131.568626417764,80504.07699652777,2878920.0,2153700
2020-10-08,34485.80859375,80579.4453125,34485.80859375,81333.2287111202,33918.91858946918,80504.06697263799,34013.400256849316,81333.2287111202,2614980.0,1325810
2020-10-09,34328.33984375,80428.703125,34800.748207153396,80730.21653877695,34170.87284974242,80353.32477155577,34643.28121314582,80654.83818533272,1726110.0,980970
2020-10-12,33855.9296875,80654.84375,34422.81969356432,81257.87061915887,33540.99202547209,80353.33031542056,34328.33802588693,80504.08703271027,2823630.0,1209250
2020-10-13,33446.51171875,80730.2109375,33855.93106511477,81408.61607142858,33320.537386950906,80579.45424107143,33855.93106511477,80654.83258928572,2447160.0,858550
2020-10-14,34328.33984375,80956.3515625,34328.33984375,81182.48662273044,32942.6111048936,80504.08144203911,33415.019468296996,80730.21650226956,3243990.0,1299160
2020-10-15,34454.3203125,81031.734375,34485.81297539802,81333.24780523256,33698.46687742278,80654.84258720929,34328.34227952673,81257.86944767441,2641710.0,1854560
2020-10-16,34139.37109375,80956.3515625,34485.80506896495,81408.6216829609,33855.92612058043,80579.45979544926,34485.80506896495,81031.72991591015,1638180.0,1637740
2020-10-19,34107.44140625,81182.4765625,34299.056245610955,81634.74662691505,33851.95370627628,80956.34153029248,34299.056245610955,80956.34153029248,1440660.0,1617740
2020-10-20,34107.44140625,80051.8125,34107.44140625,81107.10946327684,33436.789468486655,79901.05579096045,33851.95370627628,80880.97439971752,2932050.0,2150990
2020-10-21,33788.08203125,80202.5703125,34650.348743122835,80579.4620902843,33692.27461881968,79901.05689027255,34171.31168097126,80277.94866805685,2300220.0,805550
2020-10-22,34650.35546875,80428.703125,34650.35546875,80504.08147844423,33596.473727458295,79222.64946989222,33596.473727458295,80504.08147844423,1823280.0,2422540
2020-10-23,35129.390625,82916.1953125,35289.067172639996,82916.1953125,34458.73864597486,80730.22289062501,34810.03004476489,81031.736328125,3654960.0,2946790
2020-10-26,35129.390625,83293.0859375,35927.78459063265,84800.6531037896,34969.710334882446,82916.19414592761,35129.390625,83669.9777290724,3163800.0,2313520
2020-10-27,35129.390625,82614.6796875,35672.296874940075,83669.97669080748,35097.45232148995,82237.78790060447,35129.390625,82916.19311701643,1820100.0,1721090
2020-10-28,33532.59765625,80956.3515625,35065.51640625,82162.40521706239,33532.59765625,80277.94638180867,34841.9670027008,82162.40521706239,4358250.0,2609180
2020-10-29,32670.328125,80579.4453125,33468.72199297684,80805.58033208606,32510.647854413794,79599.52689429374,32766.135538856306,80277.93195305191,4692450.0,1723240
2020-10-30,33436.7890625,81408.6171875,33820.01873656877,81408.6171875,32510.64943600805,79373.40175781249,32957.75196991404,80654.83369502315,4279440.0,2683620
2020-11-02,33979.69921875,81107.109375,34171.314056933785,81408.62279275093,33436.78926307018,80654.83924837361,33436.78926307018,80654.83924837361,1318620.0,867340
2020-11-03,34235.18359375,81182.4765625,34490.67129528157,81408.61159470752,33915.826773693545,80654.82815401579,34490.67129528157,81107.09821843082,1458090.0,870230
2020-11-04,34107.44140625,81408.6171875,34267.121686543236,82463.91407696759,33851.95370627628,80956.3470920139,34235.18338499819,81408.6171875,1594830.0,1342780
2020-11-05,34107.44140625,82011.65625,34650.351365265145,82463.92641314339,34075.50684718228,81408.62936580883,34107.44140625,81408.62936580883,2013120.0,1891270
2020-11-06,33532.59765625,82011.65625,34171.3150495758,82463.92641314339,32574.5234375,81408.62936580883,34171.3150495758,82313.16969209559,2415420.0,1011020
2020-11-09,33756.14453125,82011.65625,34011.63221793816,82463.92641314339,33628.40255914449,81785.52116842831,33851.951945948415,82162.4129710478,2659500.0,1066640
2020-11-10,33851.953125,81031.734375,34426.79763321213,82313.16645348836,33756.14570696464,81031.734375,34426.79763321213,82237.78809593023,2706690.0,2297200
2020-11-11,34490.671875,81031.734375,34778.094140625,81333.24780523256,33883.8927839508,79901.0590116279,33915.82734375,81333.24780523256,4544700.0,2429710
2020-11-12,35480.68359375,80654.84375,35480.68359375,81031.73554322429,34554.5476005299,80428.70867406542,34810.03158504965,81031.73554322429,5047680.0,1074590
2020-11-13,35480.68359375,80956.3515625,35831.97875056181,80956.3515625,35289.06873412133,80654.8381488594,35448.74903130446,80654.8381488594,2034810.0,1089500
2020-11-16,35033.58203125,80730.2109375,36151.33279736943,81936.26450892858,34746.159764108874,80654.83258928572,35704.23398791263,81031.72433035714,5077620.0,2571160
2020-11-17,35768.1015625,81107.109375,35768.1015625,81182.48772943774,34937.77309939574,80654.83924837361,35033.58051763679,80805.59595724907,2899170.0,1648330
2020-11-18,35321.00390625,82463.921875,35895.84843415021,82539.30023137569,35257.131044546404,81257.86817298904,35672.295289426314,81408.62488574041,2334150.0,3396750
2020-11-19,35768.1015625,82690.0625,35768.1015625,82690.0625,35001.64221657159,82162.41396991797,35608.425027083096,82463.92741567912,4303890.0,3140680
2020-11-20,35384.87109375,83594.6015625,35863.90817418198,84046.87172424482,35384.87109375,82237.79107726556,35800.03905844251,82840.81795959198,1799190.0,2801420
2020-11-23,36151.33203125,83368.453125,36406.81973300918,83896.1015625,35321.00354986803,82765.42633928572,35384.8726684498,83669.96651785714,4518480.0,2104330
2020-11-24,35768.1015625,82614.6796875,36374.884373011504,83594.59833342838,35448.74474918892,82162.40954322537,36374.884373011504,83368.46326129106,3910350.0,1937130
2020-11-25,35768.1015625,83293.0859375,36279.076954770455,83669.9777290724,35512.61760884205,82237.7889210973,36279.076954770455,82614.6807126697,2472060.0,2190900
2020-11-26,36023.58984375,82840.8203125,36151.33182265383,83594.60393681756,35768.102143465,82388.55013790946,35768.102143465,83594.60393681756,2478840.0,1490270
2020-11-27,36885.85546875,82765.4296875,36981.66288555195,82840.80803876366,36023.58871753247,81936.26782359973,36087.461576226175,82840.80803876366,5040420.0,2823860
2020-11-30,37045.5390625,81559.3671875,37524.5761894182,82916.17736252311,36949.73163711636,81408.61050138633,37524.5761894182,82765.42067640943,4281360.0,2687040
2020-12-01,37045.5390625,82690.0625,37045.5390625,82765.4408614403,36151.333930600995,80805.60346399271,36151.333930600995,80880.981825433,4075290.0,2493230
2020-12-02,36406.81640625,82162.3984375,36758.11149625878,82765.42521502293,36183.267026686415,81936.2633959289,36758.11149625878,82614.6685206422,5121150.0,1332460
2020-12-03,36630.3671875,82539.2890625,36630.3671875,82840.8024472032,36023.58813833602,82011.6406392694,36374.88324178736,82162.397331621,3672240.0,1108730
2020-12-04,36374.8828125,82162.3984375,36662.30505489251,82690.04686783257,36247.13709867414,82011.64174311927,36534.559341066655,82539.29017345182,2304210.0,1571130
2020-12-07,36502.62890625,82916.1953125,36853.924045228734,83594.60054687501,36215.20663139764,82011.655,36215.20663139764,82162.41171875001,2014830.0,1970400
2020-12-08,36566.5,82313.1640625,36917.791379493334,83142.32597155448,36342.946857619856,82162.40735176283,36438.7542779321,82991.56926081731,2877630.0,1468350
2020-12-09,36726.17578125,82690.0625,36758.1140823468,82991.57594576117,36374.8844090034,82388.54905423884,36470.69182733925,82916.19758432088,2953290.0,1701940
2020-12-10,36342.94921875,84423.7578125,36885.859216616984,85855.94656110491,36342.94921875,83142.32577427455,36726.17892489667,83142.32577427455,3366060.0,6077770
2020-12-11,36502.62890625,84876.03125,36598.436331200784,85026.78796625222,36087.46464562244,84273.00438499112,36342.94861717284,84423.76110124333,2440020.0,2297940
2020-12-14,36949.7265625,85479.046875,37013.59567566571,85479.046875,36630.366026763295,84725.26339285714,36821.9808512145,85026.77678571429,2968800.0,2535300
2020-12-15,36821.984375,83820.71875,37460.70176512026,85403.66397819245,36726.17695360583,83519.20537320145,36790.049815361075,85177.52894559353,4366710.0,4572910
2020-12-16,36885.85546875,84122.2265625,37045.53574424565,84649.87493699597,36790.048051948055,83443.8215095766,37045.53574424565,83820.71320564517,2732010.0,2106480
2020-12-17,36247.140625,83217.6953125,36917.79258916066,83669.96539572011,36247.140625,83142.31696529665,36885.85802883597,83669.96539572011,4489200.0,2951870
2020-12-18,36726.17578125,83217.6953125,36726.17578125,83669.96539572011,36087.46215399585,82916.1819236866,36247.13868957075,83293.07365970335,3260430.0,3342900
2020-12-21,37109.40625,83669.9609375,37301.02109077879,83971.47431024775,36630.369148053025,83066.9341920045,36726.17656844242,83217.69087837837,3474030.0,2341080
2020-12-22,38291.03125,82840.8203125,38322.96580734708,83594.60393681756,36853.92003222448,82765.44195006824,37109.40397595538,83594.60393681756,6709290.0,2266760
2020-12-23,37716.1875,83066.9453125,38738.13077985029,83971.48555183757,37716.1875,82840.81025266561,38354.90111428713,82840.81025266561,2987970.0,2432590
2020-12-24,37269.0859375,81936.265625,38163.28726605727,83293.07591133856,36726.17598312025,81408.6171803128,37716.18847301728,83066.94086361545,3398880.0,2511360
2020-12-25,37843.9375,82162.3984375,38003.6178086741,82237.77678469036,36981.670569620255,81483.9933127867,37045.54344158549,82011.64174311927,3026370.0,1755510
2020-12-28,37460.703125,81936.265625,38195.22796317878,82690.04911741031,37364.895700127876,81634.75222803588,37875.867385286685,82237.77902196413,2800140.0,2305300
2020-12-29,37428.76953125,82313.1640625,37684.253509191585,82463.92077323719,37396.83122714908,81860.89393028847,37460.70409287329,82162.40735176283,2106900.0,1299700
2020-12-30,37460.703125,82011.65625,37971.67481015881,83066.95329733456,37364.895700127876,81860.8995289522,37428.768564201804,82313.16969209559,2580090.0,1856600
2020-12-31,37971.671875,82011.65625,38163.28670993268,82840.81821576286,37460.70022933861,82011.65625,37460.70022933861,82162.4129710478,2674650.0,993810
2021-01-01,37971.671875,82011.65625,37971.671875,82011.65625,37971.671875,82011.65625,37971.671875,82011.65625,0.0,0
2021-01-04,38514.5859375,82388.546875,38514.5859375,82765.43867223238,38099.42166493658,82162.41179666057,38163.29078842163,82690.0603127859,344220.0,229960
2021-01-05,38929.75,84290.390625,39153.303158424336,85203.28294223826,38195.22888654182,82464.60599052346,38322.970875300285,82844.97778937274,290250.0,401390
2021-01-06,38738.12890625,83529.65625,39281.03882036528,84670.77177254099,38546.51408273602,83529.65625,39281.03882036528,84442.54866803279,298650.0,282310
2021-01-07,38578.45703125,83986.09375,38706.19901482955,84290.39119112318,38227.16189830939,83529.64758831522,38482.64960794597,83681.79630887682,335430.0,245300
2021-01-08,38897.81640625,85203.2890625,39249.1115621734,85887.95834960937,38578.459555169095,84366.47104492187,38578.459555169095,84822.91723632812,383280.0,332300
2021-01-11,38897.81640625,88170.203125,38897.81640625,88246.27750215703,38897.81640625,85583.67430166091,38897.81640625,85583.67430166091,0.0,460390
2021-01-12,40302.9921875,88474.4921875,40366.861310486405,88778.78966707867,39887.82417570027,87789.82285844798,40302.9921875,88626.64092728934,405780.0,234490
2021-01-13,40302.9921875,87105.1484375,40750.091018315325,89159.15630458517,40271.05388352918,86876.92534115721,40302.9921875,88474.48701555678,330390.0,252160
2021-01-14,40845.89453125,86040.109375,40973.64024993692,87029.0761494253,40239.115466157506,85659.73753868259,40302.98832550096,87029.0761494253,429900.0,368040
2021-01-15,40813.9609375,86648.71875,40973.64121839425,87713.7600691396,40654.280656605755,86040.12371049165,40877.83379835317,86344.42123024583,253500.0,212570
2021-01-18,40366.859375,86192.2578125,40877.83478925702,87561.59641852383,40302.99025507595,86192.2578125,40813.961926855525,86876.92711551192,230640.0,262400
2021-01-19,38322.96484375,81932.0859375,40366.85505459099,86192.2501088092,37684.24751552849,81399.56541608635,40143.30567382812,86192.2501088092,497970.0,366830
2021-01-20,39217.171875,82921.0546875,39217.171875,83301.42649799312,37045.5393762314,80638.82382454128,38642.32731782991,82768.90596330275,504870.0,336370
2021-01-21,39919.76171875,83910.0234375,40207.18399414305,84214.32089330236,39217.17143947084,82768.90797824116,39760.081429372454,83605.72598169764,310200.0,253120
2021-01-22,40622.34765625,82692.8359375,40686.220519554205,84290.39762534498,39855.888266509435,82692.8359375,39919.76112981364,83833.95142881785,426810.0,242900
2021-01-25,42155.26171875,82312.453125,42283.00368858719,83453.56846407116,40622.34311079545,82160.30441312384,40654.277667635484,82844.97361656654,640230.0,255480
2021-01-26,42155.26171875,81171.3515625,42634.298783735794,82540.6902017924,41548.48268392702,79878.08729205717,42442.68395774148,82236.3927263941,406860.0,259690
2021-01-27,42634.30078125,78584.8203125,43081.40331034354,81247.42313044531,41867.84144136236,77976.22538268393,41995.583417184556,80638.82820062924,632070.0,315380
2021-01-28,39664.26953125,73107.4609375,41580.41781778382,77519.77387649583,39664.26953125,73107.4609375,40079.43374583995,76074.3610171696,552990.0,456560
2021-01-29,42378.81640625,78204.4375,42378.81640625,78204.4375,38003.61316004232,73031.3813229572,39440.72453488664,73031.3813229572,843720.0,414050
2021-02-01,39504.58984375,78128.3671875,41803.96782157494,80030.22617453749,39440.72072823965,77595.8466711295,41516.54557434682,78356.5902659445,752460.0,293480
2021-02-02,40877.8359375,80943.125,40973.64336255471,81399.57119360902,38482.65031113237,77824.07601033835,39281.04427242907,77824.07601033835,420210.0,335090
2021-02-03,40718.15234375,83453.59375,41292.99684742647,83453.59375,39632.33619540908,80943.13924339107,40877.83262004143,80943.13924339107,539640.0,305650
2021-02-04,41037.51171875,82768.9140625,41803.97110488994,83453.58338838465,40079.437486075076,81399.5754107307,40718.154888684185,83453.58338838465,479340.0,189680
2021-02-05,41676.23046875,83377.5078125,41931.71818654904,83681.80528626825,40877.83649653468,82616.76412807938,41037.513045491185,82616.76412807938,443910.0,223120
2021-02-08,41037.51171875,80106.3125,41612.35625835496,83377.51044634377,40175.24490934257,78965.19693732193,41516.54883508746,83377.51044634377,585750.0,433160
2021-02-09,41037.51171875,82160.3203125,41037.51171875,82844.9896484375,41037.51171875,79802.01482204862,41037.51171875,80106.3123046875,0.0,193170
2021-02-10,41037.51171875,82160.3203125,41037.51171875,82160.3203125,41037.51171875,82160.3203125,41037.51171875,82160.3203125,0.0,0
2021-02-11,41037.51171875,82160.3203125,41037.51171875,82160.3203125,41037.51171875,82160.3203125,41037.51171875,82160.3203125,0.0,0
2021-02-12,41037.51171875,82160.3203125,41037.51171875,82160.3203125,41037.51171875,82160.3203125,41037.51171875,82160.3203125,0.0,0
2021-02-15,41037.51171875,82160.3203125,41037.51171875,82160.3203125,41037.51171875,82160.3203125,41037.51171875,82160.3203125,0.0,0
2021-02-16,41037.51171875,82160.3203125,41037.51171875,82160.3203125,41037.51171875,82160.3203125,41037.51171875,82160.3203125,0.0,0
2021-02-17,44071.4140625,82692.8359375,44071.4140625,82844.98466967572,41676.228515625,81627.79481227,41676.228515625,82160.315374885,636420.0,287230
2021-02-18,44550.44921875,82921.0546875,44678.19119482389,82921.0546875,43464.6330659288,81779.93925602063,44071.412130376346,82692.83160120412,465180.0,284740
2021-02-19,43943.67578125,82160.3203125,44390.774625997845,82388.54342447917,43752.060921364435,81475.6509765625,44103.35233616949,82008.17157118056,218160.0,269650
2021-02-22,43752.05859375,81779.953125,44039.48086828746,82008.17625,43177.214044675085,81627.804375,43752.05859375,81703.87875,298830.0,300620
2021-02-23,43496.5703125,81399.578125,44326.90256448956,82160.3218457944,42474.62321331881,80790.9831483645,43592.37773609581,81779.9499853972,560340.0,304840
2021-02-24,43496.5703125,81399.578125,43496.5703125,81399.578125,43496.5703125,81399.578125,43496.5703125,81399.578125,0.0,0
2021-02-25,43496.5703125,81399.578125,43496.5703125,81399.578125,43496.5703125,81399.578125,43496.5703125,81399.578125,0.0,0
2021-02-26,43113.33984375,79725.9296875,43336.889247299194,79802.00404788884,42506.5607527008,78660.8886420563,42634.302734375,78813.03736283397,348990.0,335780
2021-03-01,43049.46875,80334.5234375,43752.059034261634,80562.74651544745,42793.9847761572,79878.07728160512,43752.059034261634,80258.44907818419,360060.0,217900
2021-03-02,43368.828125,79802.015625,43496.570108369095,81019.20556780267,42953.66012971487,79117.34628217349,43273.02070185381,80790.98245352716,171300.0,305010
2021-03-03,43496.5703125,79497.71875,43752.058022914665,79802.01623803828,43368.82832853141,79117.34688995215,43688.18515969163,79725.9418660287,226680.0,255130
2021-03-04,42410.75390625,78660.890625,43656.25040752375,80258.4522334381,41516.548794965915,78356.5931757737,43560.44298434885,80030.22914651838,267900.0,275510
2021-03-05,42219.1328125,78356.59375,42283.00192351389,78432.66811286408,41644.28835851351,77367.62703276699,42251.067368006945,78432.66811286408,253260.0,418760
2021-03-08,41772.03125,77747.9921875,42570.42509520645,78813.03317636986,41740.096693784384,77367.62040576077,42219.13374940365,78660.88446367417,225000.0,320820
2021-03-09,40909.7734375,76454.7421875,41516.55259228101,77215.48589085821,40845.90056871544,76226.51907649254,41516.55259228101,76911.18840951493,445680.0,414190
2021-03-10,41676.23046875,76911.1796875,41740.103333819156,77976.22075142186,40558.47591366647,75922.21298528684,41197.19333692529,76454.73351724778,217380.0,339130
2021-03-11,42314.9453125,78204.4375,42442.68729237361,78965.18105544748,41995.58474909994,77671.91701118677,42219.13789197546,77976.21443336576,154050.0,241700
2021-03-12,41867.83984375,77747.9921875,42474.61888384821,78584.81010732632,41676.22501608982,77367.62040576077,42474.61888384821,78356.58703828279,124290.0,270460
2021-03-15,42378.81640625,77747.9921875,42762.04610620849,78356.58703828279,41708.16443132265,77671.91783115215,41867.844720464534,78204.43832558709,230040.0,237940
2021-03-16,42538.48828125,76835.109375,42634.29568728885,77824.07612933168,42027.51669653506,76150.44008353961,42378.80802369298,77748.00176361387,181740.0,412110
2021-03-17,42410.75390625,76454.7421875,42634.303312832286,76835.1140391791,42410.75390625,76150.44470615672,42634.303312832286,76835.1140391791,156300.0,356840
2021-03-18,42666.2421875,77976.2265625,42730.11505690129,77976.2265625,39919.76494041235,76835.11105182927,42634.30762403828,76835.11105182927,274200.0,255340
2021-03-19,42474.6171875,77367.6328125,42634.29745166522,77748.00465523599,42155.26040164651,77139.40970685841,42474.6171875,77748.00465523599,113010.0,233940
2021-03-22,42123.328125,76682.953125,42474.61948570331,77443.69670758929,41995.58240976502,76530.80440848214,42410.75037056298,77367.62234933036,113190.0,341630
2021-03-23,41835.90625,76226.5078125,42155.26305596186,76606.87960797155,41516.54570156095,75846.13601702843,41835.90625,76530.80524887724,187500.0,455430
2021-03-24,41484.609375,75085.3984375,41803.96616734599,76074.36518490374,40909.76490329099,74933.24970713019,41356.86740655701,75770.06772416414,158490.0,319220
2021-03-25,41133.31640625,74933.2421875,41772.03376637816,75846.13447810913,41101.38184811062,74781.09347239847,41356.86954065733,75313.6139752538,151950.0,315270
2021-03-26,41516.54296875,74096.421875,41516.54296875,74933.23978118582,39919.755301571466,73487.82703413758,41037.50592010105,74552.86800564681,175770.0,365370
2021-03-29,41548.484375,75313.6171875,42123.32887637981,75998.2864346591,41261.06212431009,74400.72485795454,41644.291791896634,74628.9479403409,261000.0,279030
2021-03-30,41324.93359375,75465.765625,41803.970705510925,76150.43486958166,41197.191611439564,75009.31946194556,41548.48674089005,75770.06306703629,95580.0,259040
2021-03-31,41420.73828125,74857.1796875,41676.225971479435,75389.70027470782,41069.44691747136,74552.88220909552,41324.93086522361,75389.70027470782,98040.0,281560
2021-04-01,42889.7890625,76835.109375,42953.65818004679,76835.109375,41037.509804097084,74552.87840346534,41516.54689808451,74933.25023205446,371700.0,559400
2021-04-02,43049.46875,78128.3671875,43432.69845324178,79117.33386075949,42889.79220196764,77671.921030611,43400.76389213082,77976.218468537,239010.0,384000
2021-04-05,42825.9140625,78052.2890625,43432.69310373806,79497.70182291666,42698.172091312284,77747.99163925438,43432.69310373806,79497.70182291666,109230.0,282270
2021-04-06,42570.42578125,77215.484375,43273.01596913218,78128.37680110837,42442.6838118519,76682.96379310345,42634.29863718758,78052.30243226602,310560.0,345260
2021-04-07,42953.66015625,76150.4375,42953.66015625,76835.10676823177,42187.200770607014,76074.36313686313,42346.88105677513,76835.10676823177,98160.0,350370
2021-04-08,42793.984375,75998.3046875,42953.66092153553,76454.7509618994,42634.304085986936,75617.93279216716,42953.66092153553,76378.67658283284,93150.0,360380
2021-04-09,42570.42578125,75922.2109375,42793.978905792996,76074.35965681363,42410.74925512164,75465.76477955912,42793.978905792996,75998.28529715682,139410.0,271670
2021-04-12,43081.40625,76074.3671875,43113.340810515285,76302.5902890625,42474.62340286701,75693.99535156251,42570.43082689037,76074.3671875,255780.0,363240
2021-04-13,43081.40625,76074.3671875,43943.67306621031,77367.6314296875,42857.85309896048,75846.1440859375,43177.21367402337,76682.962125,369810.0,379910
2021-04-14,43241.078125,75541.8515625,43241.078125,76074.37216767372,42634.29908587689,75237.5540738293,42634.29908587689,76074.37216767372,141720.0,349850
2021-04-15,42698.1796875,75389.6953125,43720.12312376406,76454.73641681383,42698.1796875,75237.54658331232,43304.958836686645,75770.06713546922,311010.0,354940
2021-04-16,42793.984375,73716.046875,43177.214074649324,75085.38520704333,42155.26696142529,73335.67511609907,42155.26696142529,75009.31085526316,234420.0,487640
2021-04-19,43879.796875,73107.4609375,43879.796875,74172.50199174037,42314.943648784254,72346.7173273283,43113.33754093886,73716.05582563735,361140.0,572290
2021-04-20,45508.5234375,75541.8515625,45987.56052631579,76835.11588935046,44231.09244815032,73716.06663047583,44390.76898277074,73792.1410026435,655440.0,698720
2021-04-21,45508.5234375,75541.8515625,45508.5234375,75541.8515625,45508.5234375,75541.8515625,45508.5234375,75541.8515625,0.0,0
2021-04-22,45508.5234375,74552.875,47264.991515665475,75693.99043367348,44742.06409539474,73792.13137755102,45508.5234375,75541.84170918367,760830.0,316630
2021-04-23,47105.3125,75693.9921875,47105.3125,75998.28964353015,44869.80370828611,73639.98435929648,45348.84077187094,74552.87672738693,659550.0,355680
2021-04-26,45508.5234375,73031.390625,47073.37668013916,75313.62158203125,45508.5234375,73031.390625,47073.37668013916,73792.13427734375,381390.0,504560
2021-04-27,45316.91015625,72803.1640625,45987.56210359408,73411.75895539446,44869.80761052815,72270.64353121734,45508.52499834831,73031.38714733542,245490.0,314940
2021-04-28,44710.12890625,71281.6875,45189.165988308116,72879.24933297759,44390.76835655978,71129.53875400213,44710.12890625,72803.17495997866,298230.0,502710
2021-04-29,44997.5546875,71129.5234375,45093.36211143188,71662.04393382353,44103.34956915076,69608.03630514705,44550.45212832538,71281.67215073529,198690.0,649970
2021-04-30,44997.5546875,71129.5234375,44997.5546875,71129.5234375,44997.5546875,71129.5234375,44997.5546875,71129.5234375,0.0,0
2021-05-03,44997.5546875,71129.5234375,44997.5546875,71129.5234375,44997.5546875,71129.5234375,44997.5546875,71129.5234375,0.0,0
2021-05-04,44518.515625,69684.125,44678.192162933,70749.16621179039,44071.413085337466,69608.05062772926,44231.0933657478,70749.16621179039,219270.0,411280
2021-05-05,44997.5546875,69988.421875,45700.141215507974,70749.16559103261,44454.6447043935,69684.12438858696,44518.51756784059,69684.12438858696,337470.0,379230
2021-05-06,45348.84375,68162.640625,45668.20430834749,69988.42564174107,44837.87209611224,68162.640625,44997.55237528598,69988.42564174107,276990.0,744860
2021-05-07,44774.0,66184.7109375,45604.332226404586,67858.34730603448,44678.19257935629,66032.56217672414,45029.48770254234,67706.19854525862,277020.0,674450
2021-05-10,44103.34765625,70749.1484375,44710.130476485516,70749.1484375,43911.73281669718,65500.01806955645,44710.130476485516,66184.68724798386,523470.0,817690
2021-05-11,43911.73046875,69379.8359375,44710.12808584826,71890.29052734375,43879.79591135784,69379.8359375,43911.73046875,71129.54671223958,414870.0,419700
2021-05-12,44550.44921875,69836.2734375,44550.44921875,70140.5709252451,43879.79729502688,68466.93474264706,43911.73185342604,68543.00911458333,249000.0,319930
2021-05-13,44710.12890625,68847.3046875,44869.80543861791,69760.19712534531,44231.091824191884,68847.3046875,44231.091824191884,69227.67653660222,296040.0,311840
2021-05-14,45508.5234375,68086.5625,45827.880249218106,69379.82681564246,44773.99865382337,68086.5625,44869.80607158653,69303.75244413408,245550.0,439120
2021-05-17,45189.1640625,66336.8515625,45987.5579177463,68466.93395212156,44997.54923784272,66336.8515625,45827.87764970623,68086.562096832,160710.0,500130
2021-05-18,45253.03515625,66184.7109375,45348.84257277169,66945.45474137932,44933.678348670124,66032.56217672414,45189.16604022035,66565.08283943967,178440.0,297010
2021-05-19,45253.03515625,66565.078125,45348.84257277169,67706.19375,44869.805490163264,66260.780625,45029.48576519181,66793.30125,179910.0,352610
2021-05-20,47903.70703125,66945.4296875,47903.70703125,67021.50403941762,44933.6771953125,66184.68616832387,44933.6771953125,66869.35533558238,422940.0,280050
2021-05-21,46434.6640625,67858.328125,47264.99253944785,69075.51786715246,46306.91834106392,66260.76658842489,46913.70116169196,66869.36145950112,293880.0,394280
2021-05-24,46626.28125,67858.328125,46785.95779611946,67858.328125,46019.49839881797,67858.328125,46306.92067280602,67858.328125,161850.0,0
2021-05-25,46626.28125,68847.3046875,46785.95779611946,69379.8252762431,46306.92067280602,68466.93283839778,46626.28125,69379.8252762431,236940.0,279120
2021-05-26,46274.98046875,69227.671875,46690.14467749902,69912.34115728021,46147.238498937324,67934.40767513737,46626.275563831216,68466.92822802198,234540.0,377330
2021-05-27,45476.59375,68847.3046875,46306.922297897756,69684.12275552486,45348.8480176483,68466.93283839778,46274.98773604866,69531.97401588398,254460.0,292430
2021-05-28,45572.3984375,69303.7578125,45732.074979620884,69760.20407690725,45221.103308374666,68771.23717069154,45476.59101523649,69227.68343509879,222990.0,312220
2021-05-31,44231.09375,68847.3046875,45189.16795583049,69988.42023480663,44231.09375,68619.08157803868,44710.130852915245,69836.27149516574,380940.0,309590
2021-06-01,43592.375,68390.8671875,44071.41208791209,68999.46222365128,43113.33791208791,68390.8671875,43911.73181111564,68847.31346461346,322200.0,233990
2021-06-02,44326.90234375,68010.484375,44710.132036224844,68162.6331096197,43400.762672776626,67706.18690576062,43432.69723299037,68162.6331096197,173820.0,367240
2021-06-03,44390.765625,68619.0859375,44646.25330053545,69075.53218542128,43752.052049876846,68314.78843888581,44646.25330053545,68466.93718819291,178110.0,362900
2021-06-04,43911.73046875,68086.5625,44390.7675420181,69227.6780726257,43752.053939312056,67782.26501396648,44390.7675420181,68695.15747206705,185220.0,456440
2021-06-07,43464.63671875,68856.765625,43943.673847382524,69010.80760626397,43209.14900265347,67778.47175615212,43911.735543821975,68933.786615632,2054100.0,3736600
2021-06-08,43464.63671875,68856.765625,43464.63671875,68856.765625,43464.63671875,68856.765625,43464.63671875,68856.765625,0.0,0
2021-06-09,43560.44140625,68625.7109375,43911.73278351316,69395.92093679855,43113.3388668055,68394.64793771044,43432.695684993094,69164.85793700897,2219700.0,3013500
2021-06-10,43209.14453125,71013.34375,43752.054468344206,72091.63747288504,43113.33711543792,68240.58846258135,43113.33711543792,68856.75630422993,2037300.0,5619300
2021-06-11,43752.05859375,70859.3203125,43752.05859375,71244.42531419838,43145.27574140812,70243.15230978261,43177.214044675085,71013.36231317936,2492400.0,2940400
2021-06-14,44103.34765625,71244.4296875,44326.90079737986,72014.63973817568,43688.18341804465,70474.21963682433,44071.41309715031,71244.4296875,2222700.0,4875100
2021-06-15,44039.4765625,71552.4921875,44390.76792427018,71783.55513320774,43911.73084687706,70936.32433227933,44103.3456778343,71321.42924179224,1312500.0,4534800
2021-06-16,43752.05859375,70705.2734375,44007.5425650205,71629.52537785948,43592.37830484779,70320.16846235022,44007.5425650205,71398.46239276961,1498800.0,3041200
2021-06-17,44390.765625,70089.109375,45955.62249174877,71013.36136675824,43432.6915198383,69935.06737637363,43592.37178485757,70089.109375,3853500.0,2388800
2021-06-18,45029.48828125,70936.3359375,45189.1685652008,71398.46190451954,44710.1314558258,70397.1889759772,44869.80799729919,70397.1889759772,1154700.0,2971800
2021-06-21,46562.40625,69781.03125,46594.340809263376,70936.34633692053,44901.7455461893,69781.03125,44901.7455461893,70859.32533112583,3539700.0,4193600
2021-06-22,46626.28125,69781.03125,46690.15037145677,70474.22030215232,44550.452468149284,69781.03125,46626.28125,70089.11527317882,2210700.0,2242800
2021-06-23,45987.5625,69318.90625,46466.599609375,69935.07430555556,45987.5625,69087.84322916667,46370.792187499996,69781.03229166666,1331100.0,3357300
2021-06-24,45987.5625,68317.6171875,46626.2798933258,69472.93202156144,45923.689637924195,68009.53323175028,45955.62794020081,69241.86905474916,1183200.0,4225000
2021-06-25,45891.75390625,69087.828125,46306.91814294771,69241.87010521181,45827.881045805225,68317.61822394091,45987.56132567849,68317.61822394091,2151600.0,2079300
2021-06-28,46466.59765625,68702.734375,46626.277933488986,69472.94440162556,45891.753149162374,68548.69236967489,46147.240844249296,69318.90239630044,2009100.0,1847900
2021-06-29,46945.63671875,70089.109375,47105.3170027008,70628.2563701923,46306.91932542419,68548.68938873627,46466.599609375,69164.85738324176,1670100.0,4368100
2021-06-30,48542.42578125,69626.984375,49149.204840429564,70166.13137790376,46945.634253041884,69472.94237417035,46945.634253041884,70089.11037748893,3664500.0,2115600
2021-07-01,48255.00390625,70012.0859375,48702.10269334498,70320.16992402366,48063.38907107293,69626.98095434545,48542.426159015595,69781.02294760727,2181600.0,3811500
2021-07-02,50075.34765625,69395.9140625,50139.21677658232,70089.102993202,48223.06831706354,69395.9140625,48223.06831706354,70089.102993202,2892000.0,2750900
2021-07-05,50075.34765625,69395.9140625,50075.34765625,69395.9140625,50075.34765625,69395.9140625,50075.34765625,69395.9140625,0.0,0
2021-07-06,50075.34765625,69395.9140625,50075.34765625,69395.9140625,50075.34765625,69395.9140625,50075.34765625,69395.9140625,0.0,0
2021-07-07,50075.34765625,69395.9140625,50075.34765625,69395.9140625,50075.34765625,69395.9140625,50075.34765625,69395.9140625,0.0,0
2021-07-08,50075.34765625,69395.9140625,50075.34765625,69395.9140625,50075.34765625,69395.9140625,50075.34765625,69395.9140625,0.0,0
2021-07-09,56366.6953125,67008.2734375,57452.515191643295,68086.56749281609,54865.714952912764,66931.25243354886,54961.52236916204,68009.54648886494,3036600.0,3058100
2021-07-12,56366.6953125,67008.2734375,56366.6953125,67008.2734375,56366.6953125,67008.2734375,56366.6953125,67008.2734375,0.0,0
2021-07-13,55887.66015625,64928.69140625,56941.541771291995,66623.15310368476,54929.58596075727,64851.67042000297,56941.541771291995,66315.06915869663,1954200.0,2883300
2021-07-14,55887.66015625,64928.69140625,55887.66015625,64928.69140625001,55887.66015625,64928.69140625001,55887.66015625,64928.69140625001,0.0,0
2021-07-15,53364.73046875,65621.890625,54610.226871072715,66469.12160724765,52055.36120855938,65082.743636296946,52662.14400211163,65467.84862822769,3312300.0,3284100
2021-07-16,53364.73046875,65621.890625,53364.73046875,65621.890625,53364.73046875,65621.890625,53364.73046875,65621.890625,0.0,0
2021-07-19,49979.53515625,65467.85546875,52055.35994821049,65467.85546874999,49979.53515625,64697.64540441176,51512.453768148,65005.729430147054,5604000.0,4111700
2021-07-20,52566.33984375,66161.03125,52566.33984375,66238.05224097788,49979.53946325373,64928.6953943539,50458.57657075304,65467.84233119906,3159600.0,3207300
2021-07-21,52183.11328125,65698.8984375,53205.0566767669,66161.02433506741,51767.945268248484,65621.8774545721,53013.44182229778,65775.9194204279,1560600.0,1696200
2021-07-22,52757.953125,66854.2109375,53779.896429095184,67085.27387852823,51672.133218492585,65698.89623235888,51895.68635702621,65852.93819304436,2946300.0,2152400
2021-07-23,51640.19921875,67470.3984375,52757.95369608552,69164.86049871575,51416.64982027383,66315.08339576198,52087.301758179674,66854.23041523973,3671700.0,4126700
2021-07-26,51193.1015625,68471.6640625,51416.65472477767,68702.72704583802,50426.642131782704,67701.45411803994,51225.03986709835,67778.47511248595,3419400.0,2791500
2021-07-27,50458.57421875,67393.3671875,51736.005198378036,68933.78700892857,50139.21366698507,67393.3671875,51736.005198378036,68471.6610625,4432200.0,2388200
2021-07-28,50171.15234375,66931.2421875,51256.96849744966,67316.34714830265,49851.79178959102,66700.17921101842,50394.70173767948,67085.28417182105,1367100.0,1665500
2021-07-29,51991.4921875,66854.2109375,51991.4921875,67547.39976058468,49819.85618329967,66238.04309475808,51033.41803012885,67008.25289818548,3953400.0,2648300
2021-07-30,52406.65625,66315.0703125,52662.143938686786,67162.30117595819,50937.61046062463,66161.02833732578,51576.324068625836,66854.21722560975,5337600.0,4405200
2021-08-02,54258.93359375,66623.171875,55089.26580408664,66931.2559067919,52215.04324039516,66238.06683526012,52374.723519203784,66392.10885115607,4898400.0,2574300
2021-08-03,54258.93359375,67085.2890625,54290.871894998105,67393.37305360219,53652.1545222409,66700.18407362228,54258.93359375,66700.18407362228,2606700.0,2714600
2021-08-04,54258.93359375,67085.2890625,54258.93359375,67085.2890625,54258.93359375,67085.2890625,54258.93359375,67085.2890625,0.0,0
2021-08-05,55248.9453125,66700.1875,55664.109540640595,67085.29250866051,53971.510584798234,66700.1875,54163.12541970577,66931.2505051963,2969400.0,2833600
2021-08-06,54769.90625,67162.3203125,56047.33718915504,68086.57242689219,54769.90625,66700.1942553039,55248.94331999278,66931.25728390194,3098100.0,3960600
2021-08-09,55504.4296875,67547.4140625,55632.1754067311,67701.45605580103,54131.19127434532,67008.26708594641,54610.228365268726,67162.30907924744,1914000.0,2731300
2021-08-10,55504.4296875,67547.4140625,55504.4296875,67547.4140625,55504.4296875,67547.4140625,55504.4296875,67547.4140625,0.0,0
2021-08-11,55887.66015625,70012.0859375,57260.902331441124,70397.19092065457,55121.20079985582,69164.85497455996,55568.3033385782,69241.87597119088,5012400.0,5330400
2021-08-12,54290.875,69704.0,55887.66290950051,70474.20994475139,54290.875,69549.95801104973,55408.62578815486,69935.06298342542,3516300.0,4287800
2021-08-13,54610.234375,69241.8828125,54610.234375,69704.00883794493,53460.54523026316,68702.73578281423,54131.19723135965,69626.98783370412,3350400.0,4105500
2021-08-16,54322.80859375,68933.78125,54929.58768916242,69781.01208100558,53652.156635802465,68548.67632681564,54769.911146540835,69241.86518854748,3089400.0,3270800
2021-08-17,54322.80859375,68933.78125,54322.80859375,68933.78125,54322.80859375,68933.78125,54322.80859375,68933.78125,0.0,0
2021-08-18,55089.265625,69318.90625,55408.622439101775,70012.09531250001,53843.76918478261,68856.78020833334,53971.51116192786,68933.80121527778,2593800.0,4710100
2021-08-19,55089.265625,69549.953125,55089.265625,69703.99510312846,54131.19144021739,69164.84817967884,55089.265625,69703.99510312846,2357100.0,3061300
2021-08-20,52374.71875,67624.4296875,54929.58052343038,69549.95445081149,52374.71875,67008.26176324031,54929.58052343038,69549.95445081149,6111900.0,4326800
2021-08-23,50490.5078125,66238.0546875,52374.72155900409,67624.43257630814,50458.57325492439,66238.0546875,52055.36101333937,67547.41158248547,4857900.0,4356500
2021-08-24,51256.96875,66469.125,51863.74781792814,67008.27201622247,50490.50940420561,66006.99898609502,50714.05879923655,66315.08299536501,3182700.0,2375700
2021-08-25,51576.328125,66931.2421875,52374.72581150963,67085.28417182105,51129.22931273117,66238.05325805524,51416.651581680046,66546.13722669735,1800300.0,1675500
2021-08-26,51736.0078125,67008.2734375,52502.4671875,67547.42046515805,51608.2658308258,66777.21042564655,52342.7869035492,66931.25243354886,1848600.0,1896000
2021-08-27,52534.40234375,67008.2734375,52662.14806935198,67393.37845725575,51799.8812626872,66777.21042564655,51799.8812626872,67316.35745330459,4008600.0,2346900
2021-08-30,53224.16796875,67316.3359375,54042.26096646135,67470.37789616705,53224.16796875,67008.2520201659,53464.78355631216,67085.27299949943,2533800.0,4306000
2021-08-31,53416.66015625,67316.3359375,53416.66015625,67470.37789616705,52935.42898367117,67085.27299949943,53416.66015625,67393.35691683352,1258200.0,2957200
2021-09-01,53031.67578125,67855.4921875,53416.66072340063,68394.63911748014,52406.07525025521,67162.30327752554,53079.798899018824,67316.34525751986,1340800.0,3430100
2021-09-02,53031.67578125,67855.4921875,53031.67578125,67855.4921875,53031.67578125,67855.4921875,53031.67578125,67855.4921875,0.0,0
2021-09-03,53031.67578125,67855.4921875,53031.67578125,67855.4921875,53031.67578125,67855.4921875,53031.67578125,67855.4921875,0.0,0
2021-09-06,53416.66015625,68009.5546875,53464.78327350788,68394.65975368064,53176.044569960584,67932.53367426388,53416.66015625,68009.5546875,2243400.0,3212200
2021-09-07,53079.796875,67617.78125,53657.2742662058,68793.06134125145,52935.427527198546,67617.78125,53609.15115027199,68793.06134125145,1788000.0,2622200
2021-09-08,53079.796875,67617.78125,53079.796875,67617.78125,53079.796875,67617.78125,53079.796875,67617.78125,0.0,0
2021-09-09,57218.3828125,66755.9140625,57218.3828125,66990.97009793133,53609.14924568965,66599.21003887912,53801.6417025862,66912.61808612088,5089600.0,2452400
2021-09-10,57218.3828125,67774.4921875,57410.87526939655,68166.25225794798,56352.166756465514,66599.21197615608,57266.50592672414,66755.91600433526,1844200.0,3962100
2021-09-13,60153.8984375,68322.953125,60153.8984375,68479.6571459289,57170.265074999996,67617.78503081996,57218.38819375,67774.48905174885,4535200.0,2956200
2021-09-14,59913.27734375,68166.25,60057.64668674699,68401.30603448275,58758.3225997741,67852.84195402298,59672.66177208836,68322.9540229885,2146200.0,2482900
2021-09-15,59961.40234375,67461.0703125,60153.89480713283,68009.53429878049,59095.18625852729,67461.0703125,59432.04806944723,68009.53429878049,1457600.0,2425000
2021-09-16,59480.171875,67696.1328125,59913.2799226335,67774.48481807002,59095.186943770226,67304.3727846499,59913.2799226335,67774.48481807002,1556600.0,1825400
2021-09-17,59191.43359375,67774.4921875,59672.664761178865,69263.18045520231,58806.44865980691,67617.78815932081,59480.17229420732,67696.1401734104,1838400.0,5292600
2021-09-20,59191.43359375,69498.2265625,61116.358263465445,69811.6345740558,58421.463725863825,68401.29852205468,60105.77281186484,68636.35453072154,2740600.0,5447700
2021-09-21,59191.43359375,69498.2265625,59191.43359375,69498.2265625,59191.43359375,69498.2265625,59191.43359375,69498.2265625,0.0,0
2021-09-22,59191.43359375,69498.2265625,59191.43359375,69498.2265625,59191.43359375,69498.2265625,59191.43359375,69498.2265625,0.0,0
2021-09-23,63522.515625,71143.6328125,64196.23927556819,72397.26510875551,60875.744140625,70830.22473843613,60875.744140625,71692.09694211179,5183200.0,3941300
2021-09-24,62800.66796875,71065.265625,64484.977071360154,71613.72963754134,62800.66796875,71065.265625,63618.76096144636,71300.32163037486,263760000.0,299000000
2021-09-27,60635.12890625,69576.578125,62078.8224516369,71613.73018721846,60635.12890625,69576.578125,62078.8224516369,70986.91416807432,7476400.0,5053900
2021-09-28,60971.98828125,69968.328125,61116.35762998224,70438.44007208846,59624.54102641575,68949.75223964166,59961.40284012431,69576.56816909295,2689400.0,3757200
2021-09-29,61501.34375,70203.3984375,61838.20557022692,70595.15847342355,61020.11257824726,69498.23037283761,61020.11257824726,69968.34241594588,2417600.0,2763400
2021-09-30,61501.34375,70203.3984375,62078.82115610329,71065.27051653182,60971.989461071986,70203.3984375,61501.34375,70438.45445905413,2088800.0,2799400
2021-10-01,60731.375,70360.109375,61501.34488906498,70830.22146436526,60635.12876386688,69811.64527074054,61116.35994453249,69968.34930052895,2173200.0,3805400
2021-10-04,60731.375,70673.515625,60731.375,71378.68374099224,59335.804576069735,70595.16361211198,60153.89758320127,70908.57166366409,438000000.0,306020000
2021-10-05,61020.11328125,70203.3984375,61020.11328125,70751.86248779297,60202.02027984523,70203.3984375,60635.128339412455,70751.86248779297,1878600.0,2268000
2021-10-06,61020.11328125,70203.3984375,61020.11328125,70203.3984375,61020.11328125,70203.3984375,61020.11328125,70203.3984375,0.0,0
2021-10-07,61597.58984375,69576.578125,61741.95919494629,70046.6901393581,61260.728024291995,69576.578125,61260.728024291995,69968.33813696509,1932000.0,2981800
2021-10-08,61597.58984375,70203.3984375,61597.58984375,70516.80646623885,61597.58984375,69498.23037283761,61597.58984375,69654.93438720703,0.0,2618600
2021-10-11,61597.58984375,70203.3984375,61597.58984375,70203.3984375,61597.58984375,70203.3984375,61597.58984375,70203.3984375,0.0,0
2021-10-12,63570.640625,70830.21875,63907.502460257376,71535.38685702434,62319.43952261544,70595.16271432523,62319.43952261544,70830.21875,4564000.0,3616300
2021-10-13,64436.84765625,70595.15625,64581.216993792004,71535.38030660377,63570.631630997945,70516.80424528301,63666.87785602595,71300.32429245283,3785200.0,3793100
2021-10-14,64436.84765625,70595.15625,64436.84765625,70595.15625,64436.84765625,70595.15625,64436.84765625,70595.15625,0.0,0
2021-10-15,63715.01171875,70516.8125,64340.61228698546,71065.27659722223,63522.519236216016,70203.40444444444,64244.36604571847,70516.8125,1654800.0,3206000
2021-10-18,63715.01171875,70516.8125,63715.01171875,70516.8125,63715.01171875,70516.8125,63715.01171875,70516.8125,0.0,0
2021-10-19,62415.68359375,70751.8515625,63041.28412321704,70908.55555267165,62126.94488784213,70360.09158707088,62511.92982905262,70360.09158707088,2302000.0,5984500
2021-10-20,62175.06640625,70516.8125,63041.28250169311,70986.92458333334,61597.58900928792,69733.29236111112,62511.92822114454,70830.22055555556,2667800.0,3480500
2021-10-21,61116.35546875,69811.640625,62560.048905019685,70595.16072180135,61116.35546875,69811.640625,62175.063988681104,70516.80871212122,2943400.0,2936500
2021-10-22,61405.09765625,70908.5625,61790.0825945337,70908.5625,61164.48206982268,69889.9864640884,61741.95947724823,70125.04247237569,1851400.0,4487700
2021-10-25,61405.09765625,70908.5625,61405.09765625,70908.5625,61405.09765625,70908.5625,61405.09765625,70908.5625,0.0,0
2021-10-26,61405.09765625,70203.3984375,61405.09765625,70673.51048060827,61405.09765625,70046.69442313058,61405.09765625,70516.80646623885,0.0,1641200
2021-10-27,61405.09765625,70830.21875,61405.09765625,70986.92277378318,61405.09765625,70281.75466675885,61405.09765625,70516.81070243364,0.0,3549900
2021-10-28,63522.515625,70986.921875,63763.13121448864,71692.08997309602,61838.206498579544,70908.56986410044,63185.65379971591,70908.56986410044,2378800.0,4093700
2021-10-29,63233.77734375,71065.265625,63474.39293486016,71300.32163037486,62993.16175263984,70751.85761783352,63281.90046197203,70986.91362320838,2688800.0,3748500
2021-11-01,63233.77734375,71065.265625,63233.77734375,71065.265625,63233.77734375,71065.265625,63233.77734375,71065.265625,0.0,0
2021-11-02,62511.9296875,70516.8125,62030.6985120766,69889.99638888889,61838.20604190724,69733.29236111112,61838.20604190724,70516.8125,1733600.0,4888900
2021-11-03,61982.57421875,69106.453125,62560.05161830357,70125.02896471089,61356.97370256697,69106.453125,62030.69733537947,69811.6210140306,2810000.0,5547900
2021-11-04,62511.9296875,69263.171875,62848.79151029638,69498.22788815045,61597.59045419553,69028.11586184955,61838.20604190724,69263.171875,1900200.0,2513000
2021-11-05,63522.515625,69889.9921875,64003.74680397727,70046.69620585762,63041.28444602273,69341.52812324831,64003.74680397727,69419.88013242712,3271600.0,2654600
2021-11-08,63330.01953125,71143.6328125,64003.74314328458,71378.68886804792,63330.01953125,70203.40859030838,63522.511991831314,70281.76060882435,2252600.0,6171800
2021-11-09,62560.05078125,70360.109375,63522.51310096154,71378.68556862471,62560.05078125,70281.7573601058,63426.26686899039,71300.33355373051,2097800.0,3695000
2021-11-10,63281.8984375,70281.7421875,63281.8984375,70595.1501794175,62319.43610384981,69968.3341955825,62560.051687262356,70516.79818143813,1530800.0,2666100
2021-11-11,64966.2109375,70203.3984375,65447.44212962963,70830.21449497768,62800.670572916664,69968.34241594588,63281.90176504629,70360.10245186942,8882800.0,3380600
2021-11-12,65447.4375,69968.328125,65447.4375,70595.14405445129,64436.852068014705,69811.62414263717,65447.4375,70516.79206326988,2369600.0,2120400
2021-11-15,67083.625,69733.296875,67324.24058464849,70203.40898876404,65591.80837517933,69733.296875,65591.80837517933,70125.05696980337,5263000.0,3268000
2021-11-16,66361.78125,69419.859375,66891.13556018854,69968.32327525395,65447.441986947066,69341.50738924944,66409.90436910804,69733.26731800225,2981200.0,3251700
2021-11-17,66361.78125,69576.578125,66409.90436910804,70203.39414414414,65543.68822516316,69419.87412021396,66265.5350117839,69419.87412021396,1724400.0,2514400
2021-11-18,66891.125,68949.75,68094.20278776978,69576.5659090909,65832.41654676259,68949.75,66554.26321942447,69576.5659090909,4264800.0,3900000
2021-11-19,66891.125,67461.0703125,67853.58723021582,69263.16626742159,65447.43165467626,67382.71831445993,67372.35611510792,68949.75827526132,2756000.0,5151200
2021-11-22,66698.640625,67539.4296875,67564.85673701299,67774.48570729408,66409.90192099568,67304.37366770592,67372.36426767676,67382.72567430395,2230200.0,3497600
2021-11-23,68816.0546875,67617.78125,69297.28583916085,67931.18927433372,66458.02204436189,67382.7252317497,66698.63762019231,67774.48526216685,3852400.0,2198800
2021-11-24,69297.2890625,68558.0078125,69297.2890625,68558.0078125,67997.96489257812,67774.48772321429,68816.05788845486,67774.48772321429,2975000.0,2124500
2021-11-25,69778.515625,68558.0078125,69778.515625,69106.471875,68575.43776939655,68322.95178571428,69345.40759698275,68558.0078125,1691400.0,2175400
2021-11-26,68094.2109375,69184.8359375,70019.13562831272,69576.59605039637,68094.2109375,68558.01975686579,69682.2738074205,68636.37177944506,2524800.0,3015700
2021-11-29,66169.2890625,68558.0078125,67709.22888068181,68871.41584821428,66121.16594318181,68322.95178571428,66843.01273295455,68793.0638392857,4740000.0,2835900
2021-11-30,66843.0078125,68636.359375,67324.23897025739,69576.5834760274,65880.54549698524,68636.359375,66650.51534939704,68636.359375,2178200.0,3177100
2021-12-01,66843.0078125,68558.0078125,67372.36208603311,69419.87991071428,65495.56057077934,68479.65580357143,65688.05303388229,68949.76785714286,2992800.0,1894500
2021-12-02,65928.671875,68479.640625,66794.88800182482,68949.75257437071,65832.42563868614,68479.640625,66794.88800182482,68557.99261656178,1231800.0,1254100
2021-12-03,64244.36328125,67226.03125,65928.67243094569,68949.77564102564,64244.36328125001,67226.03125,65591.81060100655,68636.36756993008,2104200.0,2900400
2021-12-06,63233.77734375,66834.25,64244.36282641267,67852.82590855804,61068.237023758564,66834.25,64244.36282641267,67382.71395076202,3346400.0,3168200
2021-12-07,64244.36328125,67774.4921875,64244.36328125001,67774.4921875,63233.777791432585,66912.62003251446,63233.777791432585,67226.02808887283,1327200.0,1530000
2021-12-08,64436.84765625,67382.7265625,64966.20189390403,67774.48660065407,64003.73964362397,67147.67053960756,64292.47831870799,67617.78258539244,1377400.0,1294500
2021-12-09,64484.9765625,68166.25,64966.20773087687,68244.60201149425,64244.36097831157,67147.6738505747,64436.85344566232,67304.37787356322,1384600.0,1449900
2021-12-10,64533.09765625,67617.78125,64918.082578882364,68166.245292584,64003.7433876305,67226.02121958285,64051.86650295955,67774.48526216685,1414200.0,1485000
2021-12-13,64918.08203125,67696.1328125,64918.08203124999,68009.5408347801,64484.97399694218,67382.72479021992,64677.46645663454,67617.78080692998,1291800.0,1495700
2021-12-14,65158.6953125,67617.78125,65447.43399187592,68087.89328650058,64244.35616114291,67539.42924391657,64821.83351989475,67696.13325608343,1329600.0,1671200
2021-12-15,65399.3203125,67617.78125,65447.44343267108,67931.18927433372,64484.98102924945,67617.78125,65158.70471164459,67696.13325608343,1202200.0,1214100
2021-12-16,64292.484375,67852.84375,65447.439184131734,67852.84375,64292.484375,67382.73166859122,65447.439184131734,67617.78770929562,1619000.0,1610300
2021-12-17,64725.59375,67147.6640625,64966.2093401487,67931.18406322929,64051.87009758364,67147.6640625,64292.48568773234,67852.83206315635,1470200.0,2660200
2021-12-20,64003.7421875,67147.6640625,64773.71201832707,67617.77606293757,63763.126615366535,67069.31206242707,64244.35775963346,67382.72006271878,1585800.0,1807000
2021-12-21,64003.7421875,66990.9609375,64003.74218749999,67382.72094298246,63570.63415765977,66990.9609375,64003.74218749999,67226.01694078947,947200.0,1192900
2021-12-22,64869.96875,66912.625,65928.67743879822,67539.4411592506,64196.24503894659,66834.27298009368,64292.491283382784,67147.68105971898,2600400.0,1844400
2021-12-23,64292.484375,66364.1484375,65351.192950037424,66912.61247417355,63426.2682681512,66207.44442702184,64869.96177956587,66912.61247417355,1866400.0,2147800
2021-12-24,64773.70703125,67382.7265625,64773.70703125,67382.7265625,63763.12170609677,66364.15046329942,64292.47592403418,66364.15046329942,1121800.0,1148400
2021-12-27,64918.08203125,67461.0703125,65158.697605865455,67696.12630662021,64003.74284771126,67147.66232033972,64821.83580140382,67382.71831445993,1446200.0,1138300
2021-12-28,65351.1875,66990.9609375,65351.1875,67539.42494517544,64051.86344808542,66755.90493421053,65206.81816089838,67539.42494517544,1490000.0,1544400
2021-12-29,64677.46875,66755.9140625,65447.43861607143,67069.32210974178,64533.099400111605,66677.56205068955,64773.71498325893,66990.97009793133,1274000.0,945400
2021-12-30,64629.34765625,66834.25,65158.701955742734,67069.30597889802,64484.978301842886,66677.546014068,64725.59389252141,66834.25,1665400.0,893100
2021-12-31,65399.3203125,67696.1328125,65399.3203125,68558.00487377026,64196.24230822296,66834.26075122975,64629.350389762694,66990.9647623698,2257800.0,2325100
2022-01-03,65399.3203125,67696.1328125,65399.3203125,67696.1328125,65399.3203125,67696.1328125,65399.3203125,67696.1328125,0.0,0
2022-01-04,66313.65625,67931.1953125,66987.37989840348,68479.65940383507,64918.08583544993,67931.1953125,65399.31701288099,68322.95537773933,2655800.0,1885600
2022-01-05,65976.796875,67539.4296875,67035.50550464989,68166.24574028423,65976.796875,67382.72567430395,66313.65871170678,68009.54172708817,2357400.0,3124600
2022-01-06,66169.2890625,66912.625,66794.88961363636,67461.08913934427,65688.05786931817,66834.27298009368,65976.79658522728,67461.08913934427,1542200.0,2848200
2022-01-07,65206.8203125,66755.9140625,66169.28260493542,67069.32210974178,65206.8203125,66599.21003887912,66169.28260493542,66834.26607431045,1842400.0,2553900
2022-01-10,64003.7421875,66676.25,65206.82004816729,67711.84289127837,64003.74218749999,66516.9280167264,65206.82004816729,67552.52090800478,1854000.0,2146400
2022-01-11,63426.265625,66676.25,64725.5897311267,66915.2329749104,63378.14250995827,66516.9280167264,64003.74300550076,66596.5890083632,1546800.0,1829000
2022-01-12,65447.4375,66198.28125,65447.4375,66755.90816787003,62560.05055147059,65879.63729693141,63426.26663602941,66755.90816787003,1857200.0,2183600
2022-01-13,65206.8203125,66198.28125,65688.05145871772,66676.24717960288,63522.511300738006,66038.9592734657,65688.05145871772,66437.26421480144,1850000.0,1711600
2022-01-14,64484.9765625,67472.8515625,64966.20773087687,67791.49548959563,64099.99162779851,65879.63192702184,64966.20773087687,66198.27585411747,936800.0,2516600
2022-01-17,62560.05078125,66038.96875,64436.852304687505,67711.84974366707,62560.05078125,66038.96875,64003.74426081731,67711.84974366707,1634800.0,2100400
2022-01-18,62608.171875,66437.265625,63522.51104919293,66516.92661495804,61886.3251585319,65799.97770533572,62078.817616256725,66038.96067520983,1632400.0,2100400
2022-01-19,64244.36328125,66437.265625,64484.97887406367,66516.92661495804,62560.05413155431,65879.63869529376,62656.30036867978,66038.96067520983,1909600.0,1764900
2022-01-20,64484.9765625,66118.6171875,64484.9765625,66357.60014118976,63570.637342583956,66038.95620293675,64003.745394123136,66118.6171875,1793800.0,1488400
2022-01-21,64099.9921875,65799.9765625,64484.97712556306,66357.60348252118,63185.65295960022,65720.31557392555,64484.97712556306,66118.62051679782,1310200.0,1576400
2022-01-24,62511.9296875,64525.3984375,64099.992566397224,65879.63519483025,62511.9296875,64525.3984375,63618.76139097382,65799.97420910494,1735200.0,2222200
2022-01-25,63041.28515625,63091.5,63041.28515625,64525.39772727273,61405.09912929389,63011.83901515152,62463.80773497138,64127.092803030304,1605000.0,3758600
2022-01-26,63474.39453125,63489.8125,63474.39453125,64127.100454830615,62078.82406771228,63171.168522584696,63041.28645635898,63171.168522584696,1908600.0,1452100
2022-01-27,63281.8984375,66198.28125,63666.88337096007,66437.26421480144,62175.066753802275,63808.45160198556,62993.15973740494,63808.45160198556,1061200.0,2039000
2022-01-28,63763.12890625,66198.28125,63763.12890625,67074.55212093862,62415.68165389151,65959.29828519856,63185.65151238208,66118.62026173285,1432600.0,2257400
2022-01-31,63763.12890625,66198.28125,63763.12890625,66198.28125,63763.12890625,66198.28125,63763.12890625,66198.28125,0.0,0
2022-02-01,63763.12890625,66198.28125,63763.12890625,66198.28125,63763.12890625,66198.28125,63763.12890625,66198.28125,0.0,0
2022-02-02,63763.12890625,66198.28125,63763.12890625,66198.28125,63763.12890625,66198.28125,63763.12890625,66198.28125,0.0,0
2022-02-03,63763.12890625,66198.28125,63763.12890625,66198.28125,63763.12890625,66198.28125,63763.12890625,66198.28125,0.0,0
2022-02-04,63763.12890625,66198.28125,63763.12890625,66198.28125,63763.12890625,66198.28125,63763.12890625,66198.28125,0.0,0
2022-02-07,64436.84765625,66516.9140625,65303.063681502055,66915.21893712574,64003.73964362397,66038.9482129491,64003.73964362397,66277.93113772455,1864800.0,1324200
2022-02-08,65591.8046875,65322.01171875,65832.4202586207,66516.92656726373,64436.84994612069,65322.01171875,64436.84994612069,66437.2655773628,2900000.0,2708900
2022-02-09,65928.671875,65959.28125,66169.28746578467,66676.22995923914,65447.44069343066,65321.99350845411,65591.81004790147,65321.99350845411,2414000.0,1799300
2022-02-10,65591.8046875,65879.6328125,66024.91271551725,66357.59870956771,64725.588631465514,65560.98888112154,65928.66648706897,65959.29379534462,1805400.0,1612500
2022-02-11,65110.578125,65322.01171875,65447.43994826311,65799.97765815549,64966.20877217295,65242.35072884909,64966.20877217295,65720.31666825457,1083000.0,1624600
2022-02-14,63522.515625,64605.0625,64966.20916193182,65322.011405672005,63522.515625,64525.401510480886,64436.85486505682,64923.70645807644,1914600.0,2971800
2022-02-15,63522.515625,64605.0625,63522.515625,64605.06249999999,63522.515625,64605.06249999999,63522.515625,64605.06249999999,0.0,0
2022-02-16,63955.62109375,64047.44140625,64581.22160106283,64764.39037721548,63330.020586437175,63967.78040947606,64581.22160106283,64684.72938044154,1124000.0,2825100
2022-02-17,64725.59375,64366.078125,64725.59375,64684.72207611386,63474.39268122677,64047.43417388613,63522.5157992565,64127.0951616646,2062800.0,1787700
2022-02-18,64484.9765625,64206.75,64484.9765625,64366.07196029777,63570.637342583956,63808.44509925559,63570.637342583956,63808.44509925559,935600.0,1808100
2022-02-21,64436.84765625,64525.3984375,64918.07878139003,65003.36435185185,63763.12408105395,64445.737451774694,63763.12408105395,64445.737451774694,1224200.0,1280600
2022-02-22,66265.53125,63728.79296875,66987.3779956427,64525.40288085938,63715.00608206246,63489.80999511719,64003.74478031954,64445.74188964844,6545200.0,3204500
2022-02-23,66313.65625,63728.79296875,67661.10354680697,64127.09792480469,65880.54819031205,63569.47098632813,66265.5331322569,63728.79296875,3219200.0,2200300
2022-02-24,65832.421875,62613.53125,66265.52991365132,63728.78498727736,65206.82137472588,62533.8702687659,65928.6681058114,63728.78498727736,2348400.0,2723500
2022-02-25,66217.4140625,62852.5234375,67276.12271756904,63330.48939519962,65447.444131540695,62852.5234375,65880.5522177053,62932.18443044993,5380600.0,1347700
2022-02-28,65447.4375,62454.21484375,66409.89981617648,62932.18077367666,65206.82192095588,61976.24891382334,65688.05307904411,62852.51978535555,3604000.0,2258900
2022-03-01,65447.4375,63091.5,65928.66865808824,63250.82196969697,65014.32945772059,62294.89015151515,65880.54554227942,62454.21212121212,2420400.0,1273100
2022-03-02,64725.59375,62533.87109375,65351.19428438661,63091.49796974522,64484.9781598513,62135.56618232484,65351.19428438661,63091.49796974522,3340400.0,2037100
2022-03-03,65688.046875,62454.21484375,65688.046875,62932.18077367666,64292.47664835164,62294.89286710778,64966.200206043955,62693.19780871333,2115600.0,1486600
2022-03-04,65351.1875,62055.91015625,65736.17240427098,62454.215099486515,64773.71014359352,61976.24916760269,65688.04929123711,62454.215099486515,2146400.0,2511600
2022-03-07,64581.21875,61179.63671875,64966.203660581225,62055.9075571696,64484.97252235469,61099.97573343913,64725.58809146796,62055.9075571696,2289000.0,3530800
2022-03-08,64581.21875,60622.0078125,64725.58809146796,60940.65174318331,63715.00270119225,60542.34682982918,64484.97252235469,60781.32977784166,3993800.0,2383000
2022-03-09,64388.73046875,59825.40234375,64533.0998195768,61179.63914780293,63763.129948500566,59745.7413552763,64533.0998195768,60542.35124001332,2297800.0,3003700
2022-03-10,64244.36328125,61418.62109375,64484.97887406367,62055.90899096141,63811.255214185396,60542.350235084305,64484.97887406367,60542.350235084305,1766000.0,2971800
2022-03-11,64003.7421875,62135.5625,64196.234645206765,62533.867387820515,63522.51104323308,61418.613701923074,64196.234645206765,61498.27467948718,1306000.0,2322900
2022-03-14,63378.140625,61498.28125,63907.49487471526,62135.56913860104,62319.432125569474,61259.29829177461,63570.63307944191,62135.56913860104,2453400.0,1654700
2022-03-15,63233.77734375,61498.28125,63233.77734375,61737.26420822539,62078.82250642123,60781.33237532384,62896.915516195775,61338.959277849746,2010600.0,1482600
2022-03-16,63233.77734375,61577.94140625,63522.51605308219,62135.56830126132,62560.05368864155,61338.958451245155,63137.531107305935,61498.28042124838,2109200.0,1850400
2022-03-17,62945.0390625,60860.99609375,63522.51648509174,61976.24994887107,62945.0390625,60860.99609375,63426.27024799312,61816.92796956806,1382800.0,1354400
2022-03-18,63330.01953125,60542.35546875,63426.26576154066,61338.96540912829,62945.03461008739,60542.35546875,62945.03461008739,61020.321432976976,1582200.0,4233000
2022-03-21,64918.08203125,61816.93359375,64918.08203124999,62055.91658444749,63281.8961238649,60542.3576433634,63522.51169848035,60542.3576433634,1843400.0,1884100
2022-03-22,65062.453125,61259.30078125,65447.43805473373,62055.91067437419,64292.483265532544,61179.63979193758,64966.206892566566,62055.91067437419,2092000.0,2390200
2022-03-23,64966.2109375,60622.0078125,65639.93460648147,61338.956656537455,64773.718460648146,60462.68584715835,64821.84157986111,61179.634691195795,1588600.0,3226000
2022-03-24,64484.9765625,60223.703125,64966.20773087687,60622.00803984788,64003.745394123136,59905.05919312169,64966.20773087687,60542.34705687831,1826400.0,3389800
2022-03-25,66843.0078125,59905.0625,67564.85454913607,60383.02842420212,64340.60579216162,59825.401512632976,64821.83694991901,60223.70644946808,7565400.0,2699500
2022-03-28,69297.2890625,58471.16796875,69345.41217990451,60223.70978797684,66843.01007486979,58471.16796875,66987.37942708333,59984.72681262773,7666200.0,4038700
2022-03-29,70500.3671875,60144.05078125,71847.81447845564,60144.05078125,69297.28924914676,58550.83089300496,70019.1360121587,58550.83089300496,4682200.0,2139300
2022-03-30,69489.78125,60701.6796875,70692.85918022854,61020.323675360894,67420.48721000693,59825.408720882544,70019.13553930055,60144.05270874344,3385200.0,3413800
2022-03-31,70163.5078125,64445.75,71462.83203125,64525.41100123609,68575.44487847222,60542.3609394314,69297.29166666667,60701.682941903586,3597400.0,9645800
2022-04-01,75072.0546875,65083.0390625,75072.0546875,65879.6490877448,70789.09772135416,63967.78502715728,70981.59016927083,64525.41204482864,8260800.0,6112000
2022-04-04,74590.8359375,65481.3203125,76371.39137600806,65720.30323334855,74590.8359375,64923.693497186745,76275.14513608871,65321.998365267646,2803800.0,3808700
2022-04-05,74687.078125,64047.44140625,75360.80176788016,65162.6953610852,73628.36954333118,64047.44140625,73868.9851300741,65162.6953610852,2520200.0,2202100
2022-04-06,76419.5078125,63171.16015625,77959.44751653023,64684.718848518285,73820.859561949,63011.83818864281,74109.59825645466,63728.787042875156,5961800.0,4306700
2022-04-07,74590.8359375,62533.87109375,77045.11505544354,63728.78582802547,73917.11225806452,62533.87109375,76900.74569556452,63649.12484574044,6201800.0,1760300
2022-04-08,72184.671875,61577.94140625,74590.82760416667,63011.83913627911,72184.671875,61577.94140625,74590.82760416667,62533.87322626941,4414200.0,2738300
2022-04-11,72184.671875,61577.94140625,72184.671875,61577.94140625,72184.671875,61577.94140625,72184.671875,61577.94140625,0.0,0
2022-04-12,73483.9921875,61179.63671875,73483.9921875,61976.24657185873,70259.74367632614,60940.65376281739,72184.66816060904,61577.94164530437,5289000.0,1776300
2022-04-13,75168.3046875,61498.28125,75553.28960267286,62533.874068976686,72425.28716689341,61099.97631962435,72665.90273887644,61179.637305699485,6812000.0,2118800
2022-04-14,76756.375,60781.33984375,78344.43793103448,62135.57677342726,74590.83463949843,60781.33984374999,75168.31206896552,61737.27179411041,5851800.0,1810200
2022-04-15,77093.234375,60940.65625,77911.32737398564,61816.92712418301,75649.54084737827,60542.35130718954,75793.91020014045,60940.65625,4679600.0,1362400
2022-04-18,77093.234375,61338.97265625,77959.45049157304,62055.92168729708,76563.88008153871,60861.00663555195,77478.21931569913,60940.66763900162,5233800.0,2564300
2022-04-19,75072.0546875,60542.35546875,77526.3333984375,61896.59236739309,74590.82356770833,60542.35546875,76852.60983072917,61418.62640316612,6570000.0,1670200
2022-04-20,75072.0546875,60223.703125,76708.24049479167,61099.973937665345,74013.34622395833,60223.703125,74638.9466796875,60542.34705687831,3801400.0,1931100
2022-04-21,74831.4453125,59745.73828125,75793.90763163182,60940.653046875,73965.22922528135,59745.73828125,74205.8448050643,59984.721234375,4609000.0,4615600
2022-04-22,74975.8125,60462.6875,75553.28987483954,60940.65340909091,69826.63924101413,60144.043560606064,75360.7974165597,60303.36553030303,8098600.0,2800400
2022-04-25,69730.390625,58550.82421875,74735.19436896135,60781.33180803571,69730.390625,58152.519292091834,74109.59390096618,60542.348852040814,7422200.0,2659800
2022-04-26,71607.203125,60462.6875,72617.78865297379,60542.34848484849,66891.13732778898,56479.63825757576,67853.59973538306,58550.82386363637,5437800.0,3883000
2022-04-27,70837.2265625,59745.73828125,70981.5959101138,60383.02615625,68816.05569590694,58710.145484374996,70259.74917204485,59905.06025,3437200.0,1826000
2022-04-28,69778.515625,59188.10546875,71703.44019396552,59666.071327178666,69682.26939655172,58789.80058672611,70981.59348060345,59666.071327178666,3052200.0,1911000
2022-04-29,71799.6875,59108.44921875,72184.67241957104,59745.73708094677,69874.76290214476,58949.12725320081,69874.76290214476,59267.77118429919,3479600.0,1630100
2022-05-02,71799.6875,59108.44921875,71799.6875,59108.44921875,71799.6875,59108.44921875,71799.6875,59108.44921875,0.0,0
2022-05-03,71799.6875,59108.44921875,71799.6875,59108.44921875,71799.6875,59108.44921875,71799.6875,59108.44921875,0.0,0
2022-05-04,71944.0546875,57754.21875,72906.5169575669,59267.777586206896,71462.82355246657,57754.21875,72184.67025501672,59108.455603448274,2302200.0,1763900
2022-05-05,71895.9453125,57435.57421875,72425.29966219043,58311.84511529127,69826.65103643743,56957.60827518204,72425.29966219043,58311.84511529127,2337400.0,1548200
2022-05-06,70548.4921875,55922.015625,71655.3239203189,57037.26949786325,70307.87659340893,55364.388688568375,70500.36906868179,56877.94751602564,2171000.0,2109800
2022-05-09,65639.9296875,55762.69140625,69441.65582042706,56957.60622209821,65639.9296875,55444.04745535714,69393.53270482038,55922.01338169643,5387600.0,2392100
2022-05-10,67420.4921875,56240.66015625,67420.4921875,57276.253048645536,64003.75061340114,55762.6942059136,64966.21302864025,55762.6942059136,3637600.0,3106500
2022-05-11,67853.6015625,55364.38671875,67853.6015625,56638.962528102515,66024.92293882978,55364.38671875,67468.61658909575,56240.65758767985,2334000.0,1793700
2022-05-12,64677.46875,52974.5546875,67324.24016462054,55603.36717575188,64677.46875,52974.5546875,67324.24016462054,55603.36717575188,3411200.0,3189100
2022-05-13,60202.015625,52655.90625,65014.3270258793,54010.142870650525,60202.015625,52496.58429462935,64677.465227817745,53372.85504916793,5493600.0,4590600
2022-05-16,59191.43359375,52416.92578125,63763.12968432419,53850.82344699848,58325.21749237805,52337.264799819524,63763.12968432419,53054.21363269377,2669000.0,1977800
2022-05-17,63330.01953125,55762.69140625,63330.01953125,55762.69140625,58710.20047729863,51938.96399553571,60105.77081651311,52257.60794642857,2111600.0,2105100
2022-05-18,64244.36328125,56001.671875,64340.60951837547,56160.99384334993,62463.80789442884,55364.38400160028,63378.14714712079,55762.68892247511,1611200.0,1983200
2022-05-19,64003.7421875,54966.08203125,64244.35775963346,55762.69191576087,62223.1869537124,54966.08203125,62560.048754699244,55364.38697350543,1678400.0,1449400
2022-05-20,64484.9765625,54249.1328125,65351.19266557836,55683.030596090306,63522.51422574627,54169.471824522756,63763.129809934704,54966.08170429515,1738400.0,1296200
2022-05-23,62945.0390625,52815.234375,64966.2100415711,54727.0980627828,62560.05411410551,52735.57338800905,64966.2100415711,54567.7760888009,1084200.0,2022200
2022-05-24,64003.7421875,54886.41796875,64003.74218749999,54886.41796875,62463.80252584586,52974.55435300254,62993.15678453947,53133.8763209815,1155400.0,2033000
2022-05-25,66891.125,57276.2421875,68094.20278776978,57594.88609396732,64484.96942446043,54886.41288899513,64677.4618705036,54886.41288899513,3116000.0,2362100
2022-05-26,66891.125,56798.28125,67612.97167266186,57276.24715112202,65447.43165467626,56320.31534887798,67372.35611510792,57276.24715112202,1432200.0,1530800
2022-05-27,70596.609375,58152.51953125,70692.8556045501,58391.502488227736,66987.37576687116,56320.316861087325,66987.37576687116,56798.28277504281,5101400.0,3456900
2022-05-30,69874.7578125,57754.21875,70981.58937564566,58072.862715517236,69008.54180655992,57355.91379310345,70596.60448411673,58072.862715517236,2524400.0,2124400
2022-05-31,69730.390625,57116.93359375,69874.75996376811,57674.56056049511,68816.0514794686,57116.93359375,69874.75996376811,57435.57757474721,1479000.0,2058700
2022-06-01,70019.1328125,57276.2421875,70740.97954252578,57833.8690238178,69297.28608247422,56798.27632779902,69730.3941204897,56957.59828103268,2117400.0,1229600
2022-06-02,70019.1328125,57276.2421875,70019.1328125,57276.2421875,70019.1328125,57276.2421875,70019.1328125,57276.2421875,0.0,0
2022-06-03,73724.609375,56001.671875,74253.96361985966,56798.28171674964,71077.83815070169,55762.68892247511,71077.83815070169,56559.298764224746,3336200.0,1052800
2022-06-06,74446.46875,56399.98046875,75312.68493455075,56718.624426200564,74109.60690045249,55762.69255384887,74109.60690045249,55922.014532574154,3775800.0,1432000
2022-06-07,74107.40625,56240.66015625,74591.76838235294,56320.32114797273,72169.95772058824,55762.6942059136,74591.76838235294,56001.677181081795,3690200.0,1322200
2022-06-08,74301.15625,56559.30078125,76480.78599657759,56877.944729313385,74301.15625,56320.317820202465,74737.08219931553,56320.317820202465,4153600.0,1698600
2022-06-09,74010.53125,55922.015625,75076.12790412303,56638.964543269234,73283.9880767343,55922.015625,74301.14851930628,56559.30355235043,2262200.0,1045100
2022-06-10,72654.3203125,55364.38671875,75076.13098958334,55922.013635341726,72654.3203125,55364.38671875,74591.76885416667,55762.691659172655,3881000.0,1483300
2022-06-13,67810.703125,52894.89453125,71443.41936383929,54488.11424604669,67810.703125,52735.57255977033,70232.51395089286,54488.11424604669,6458000.0,2379700
2022-06-14,69505.96875,52655.90625,69893.45847125436,53771.15993759455,66841.97691637631,52098.279406202724,67084.15799216028,52177.940383888046,3212200.0,1393200
2022-06-15,71540.2890625,51381.3359375,71540.2890625,52974.55565649225,69748.1491198375,51381.3359375,70232.51126650305,52655.9117126938,10240800.0,2680600
2022-06-16,76529.21875,54169.47265625,76529.21875,54408.45562385111,75173.00474683545,51779.64298023897,76529.21875,51859.30396943934,6038900.0,2215500
2022-06-17,75269.875,53133.87890625,76529.21653796654,54647.4376756934,73913.66103603604,51938.96408826837,76529.21653796654,53293.20088198088,3500500.0,2502800
2022-06-20,71588.7265625,54966.08203125,75560.4962364682,55523.70895040761,71298.10926928281,52894.89633152174,75560.4962364682,52894.89633152174,4483400.0,2588200
2022-06-21,71201.234375,58710.15234375,73429.30021258503,58789.81333743216,68779.4236819728,54806.76365332429,72654.32079081633,55125.40762805292,3368300.0,4839300
2022-06-22,67616.9609375,56240.66015625,73235.56227614613,58471.167924486545,67035.72631626074,56240.66015625,73235.56227614613,58232.18494931834,3815800.0,2214000
2022-06-23,70232.5078125,56320.3125,71201.23205818966,57355.90523338049,67616.95234913794,55762.68564356436,67810.69719827587,56240.6515205092,4908000.0,1103100
2022-06-24,69651.28125,56957.60546875,71201.24022079277,58072.85928212413,69166.91907162726,56479.63954873252,71201.24022079277,56559.3005354021,2716400.0,1684400
2022-06-27,69263.7890625,56638.95703125,70232.51338505244,57435.566834783756,68876.29933347902,56001.669188423,69457.53392701049,57196.58389372363,3160200.0,1804300
2022-06-28,70523.125,56399.98046875,70619.99742445056,57913.53926664018,68779.42135989011,55842.35354321151,68779.42135989011,56240.65849002472,4121400.0,3037200
2022-06-29,70716.8828125,57594.890625,71685.60723458904,57913.534556535276,68876.30641053081,56240.653915975105,70523.13792808219,56240.653915975105,3154200.0,1941000
2022-06-30,69263.7890625,57515.2265625,70813.74797858391,59586.41200657895,68973.17176573427,57515.2265625,70813.74797858391,57594.88754111842,2401100.0,3582600
2022-07-01,68101.3203125,58710.15234375,69360.66193990043,58869.47433111432,66648.23381934567,57355.91545115333,69360.66193990043,57594.8984321998,3285200.0,2859000
2022-07-04,65679.5078125,59825.40234375,67907.5737117441,60383.02926306592,64517.03864767699,58789.80949359188,67810.70128134219,58949.13147053928,5181500.0,3139300
2022-07-05,63451.44140625,58232.18359375,65679.50728769084,60064.38636072162,61998.35496183206,58152.52260388167,65679.50728769084,59984.72537085329,3983400.0,2590800
2022-07-06,61998.3515625,58273.390625,64226.41732177734,58932.77835484441,61998.3515625,57284.30903023338,63451.437927246094,58520.66102369165,2398000.0,2360100
2022-07-07,61998.3515625,60169.1328125,62967.07580566406,60169.1328125,61901.47913818359,57696.42872431507,62095.2239868164,58273.39301155822,1590000.0,3049600
2022-07-08,62967.078125,60169.1328125,64420.16454326923,60416.40322131849,62385.84355769231,59757.01546446917,62676.460841346154,60169.1328125,2586800.0,1704200
2022-07-11,62482.71875,60169.1328125,62870.208478682165,61570.33179580479,61998.35658914728,59344.89811643835,62773.33604651163,59509.74505565068,1370100.0,2556900
2022-07-12,62482.71875,60169.1328125,62482.71875,60169.1328125,62482.71875,60169.1328125,62482.71875,60169.1328125,0.0,0
2022-07-13,61610.8671875,59757.01171875,62192.101783608494,60663.66982758621,59964.03583185928,59674.58825431034,61998.356918239,60333.97596982758,3099000.0,1423500
2022-07-14,60642.13671875,59674.59375,61998.35063897763,60333.98152624309,60351.51945012979,59509.74680593922,60932.753987370204,59592.170277969606,2134700.0,982300
2022-07-15,59576.54296875,59015.2109375,61223.37423780488,60169.13964298184,59576.54296875,59015.2109375,60835.884527439026,59674.59876920391,3080300.0,1475000
2022-07-18,59092.18359375,59097.62890625,60932.759804047135,59509.74626263947,58317.20413678279,58932.78196369421,59576.54575435451,59344.89932008368,2540800.0,1106700
2022-07-19,58123.4609375,60004.28515625,59285.930156250004,60086.70862487122,57639.09876302083,59015.20353279533,59285.930156250004,59344.89740728022,2118000.0,1530100
2022-07-20,59285.92578125,60169.1328125,61029.62948069853,60663.67363013698,56379.75294883578,60004.28587328767,57348.477226307186,60333.97975171232,7377800.0,1167800
2022-07-21,62095.2265625,60333.98828125,62482.71627583853,60663.68220628415,59285.92614079564,59509.75346866462,59285.92614079564,59757.023912440236,5004300.0,1720500
2022-07-22,62482.71875,59344.89453125,64710.784689922475,60333.97610677083,62192.10145348837,59344.89453125,62870.208478682165,60333.97610677083,5454700.0,712300
2022-07-25,61320.24609375,60086.70703125,63742.05676095971,60086.70703125,60739.01153361967,59180.04890046296,62773.33249407583,59344.895833333336,4019200.0,1242600
2022-07-26,61029.6328125,59344.89453125,61901.48470982143,60169.12917751736,60835.88794642857,59180.04760199653,61901.48470982143,60086.70571289062,1808800.0,1154000
2022-07-27,60157.78125,59509.73828125,61029.63315217391,59839.43212214336,58220.33257850241,59180.04444035665,58220.33257850241,59344.891360803325,1866300.0,789500
2022-07-28,60060.90625,59839.44921875,61029.63054435484,60004.29618629477,60060.90625,59592.17876743285,61029.63054435484,59757.025734977615,1950500.0,1219400
2022-07-29,59092.18359375,60004.28515625,60448.39764344262,60663.672905219784,59092.18359375,59674.59128176511,60448.39764344262,59921.86168762878,3375000.0,2582800
2022-08-01,59382.80078125,60581.25,59964.03537290987,60581.25,58123.459165986955,59509.74489795918,59092.18348542007,60004.28571428571,3256100.0,2527600
2022-08-02,60060.90625,60498.8203125,60545.268397177424,61158.2079998297,59382.79924395162,59921.85608608651,59867.16139112903,60498.8203125,2121500.0,2600900
2022-08-03,59867.16015625,60498.8203125,60254.64986599919,60581.24377341621,59382.79801906351,59757.00916425409,60060.905011124596,60004.27954700273,2660300.0,3134700
2022-08-04,60739.015625,60416.3984375,61029.632924641155,60498.82190057981,60157.781025717704,60004.281122100954,60254.653458931425,60498.82190057981,4344000.0,1720600
2022-08-05,60739.015625,59839.44921875,61513.99509070973,60498.83708892907,60642.14319178629,59839.44921875,60932.760491427434,60416.41360515668,2712000.0,2135400
2022-08-08,60932.7578125,59509.73828125,60932.7578125,59757.008661920016,60351.52323877186,59427.314821026666,60739.01295459062,59757.008661920016,2490100.0,2795800
2022-08-09,61320.24609375,59344.89453125,61610.86337381516,59674.588389756944,60932.75638699644,59344.89453125,61126.501240373225,59509.74146050347,2806100.0,2129800
2022-08-10,61610.8671875,59757.01171875,62288.974216293245,59839.43518318966,61029.63259139151,59344.894396551725,61320.24988944576,59344.894396551725,1974900.0,1544800
2022-08-11,61029.6328125,58603.0859375,62192.102008928574,59839.43796149789,60545.27064732143,58273.3920644339,61998.357142857145,59839.43796149789,2719100.0,3884600
2022-08-12,61029.6328125,59262.4765625,61707.73984375,59262.4765625,60254.65334821429,58520.66531206537,60932.760379464286,58520.66531206537,2419300.0,1796100
2022-08-15,62967.078125,58932.7890625,62967.078125,59344.906468531466,61029.6295673077,58767.94210008741,61320.24685096154,59344.906468531466,4433600.0,2525800
2022-08-16,63935.8046875,59180.0546875,64904.529000946975,59674.595534470755,62967.08037405303,59097.631213004875,62967.08037405303,59180.0546875,3910700.0,1688300
2022-08-17,62967.078125,59839.44921875,64323.29211538462,59839.44921875,62967.078125,59097.637864798555,63935.80240384615,59180.06134857094,2518800.0,1316400
2022-08-18,62482.71875,60498.8203125,63742.060368217055,60663.667234332424,61901.484156976745,59839.432625170295,62967.08091085271,59839.432625170295,4073800.0,4230600
2022-08-19,62095.2265625,61075.79296875,63354.56813085023,61405.48685792004,61126.50227915367,60086.711301239884,62482.71627583853,60498.82866270243,2276400.0,5225600
2022-08-22,64420.16796875,60746.10546875,64807.65770089286,61652.76375932836,62482.71930803572,60746.10546875,62579.59174107143,61075.79939259667,5855600.0,2071700
2022-08-23,64807.6484375,62476.98828125,65679.50021020179,62559.41174863951,63838.924245609116,60663.67199868074,63838.924245609116,60746.09546607025,4014500.0,4551200
2022-08-24,64710.78125,64043.0390625,65098.270958083835,64537.579904681465,64226.41911489521,62476.99306225869,64807.65367702096,62476.99306225869,2219300.0,5443600
2022-08-25,66260.7421875,64207.87890625,66551.35947779605,64537.57276456194,65195.14545641447,63466.06772504814,65582.63517680921,64207.87890625,5153200.0,2182100
2022-08-26,69941.890625,63383.640625,70813.7424471953,64372.722143205465,66551.3557609072,62806.67640604681,66551.3557609072,64125.4517636541,10847500.0,2463000
2022-08-29,71685.59375,62229.72265625,71685.59375,62889.1104459851,68488.80375844595,62147.29918253311,69554.4004222973,62724.26349855133,7689600.0,3311500
2022-08-30,71007.4921875,62641.83984375,72654.32352063438,62971.533737664475,70620.00246205661,62229.72247635691,72169.96136383015,62229.72247635691,4227200.0,2234900
2022-08-31,71685.59375,62229.72265625,71685.59375,62971.533919701986,70232.5073902027,62229.72265625,70232.5073902027,62559.41655111755,4620000.0,1657100
2022-09-01,71685.59375,62229.72265625,71685.59375,62229.72265625,71685.59375,62229.72265625,71685.59375,62229.72265625,0.0,0
2022-09-02,71685.59375,62229.72265625,71685.59375,62229.72265625,71685.59375,62229.72265625,71685.59375,62229.72265625,0.0,0
2022-09-05,70232.5078125,63878.1953125,71588.72175646551,64125.46574596775,70232.5078125,62229.72575604839,71588.72175646551,62229.72575604839,2694200.0,3169400
2022-09-06,70619.9921875,64125.453125,71007.48185656722,65114.53466420308,70135.63010116598,63713.33581699871,70329.3749356996,63878.18274019923,2599300.0,2649000
2022-09-07,68488.8046875,62394.5625,70523.12561881189,64125.45525099076,68391.93226219944,62394.56250000001,70329.38076821074,64125.45525099076,5672100.0,2916400
2022-09-08,69263.7890625,62394.5625,70038.76852054195,63053.95021466315,68295.06473994756,61982.44517833554,69263.7890625,62641.83289299868,3748300.0,1351100
2022-09-09,69748.1484375,62559.41015625,70135.63815104167,63053.95094799901,68585.679296875,62229.71629508399,69748.1484375,62559.41015625,2784800.0,1188500
2022-09-12,71685.59375,62064.87109375,73041.80768581081,62806.68230204183,69845.01769425676,62064.87109374999,69941.89011824325,62641.83536686587,7347100.0,1386100
2022-09-13,71782.46875,62394.5625,72073.08603238866,62641.83289299868,71007.4893302969,61982.44517833554,71685.59632253711,61982.44517833554,1957900.0,1556500
2022-09-14,71394.984375,60993.36328125,71588.72924440299,61817.59792018581,70329.38759328358,60828.51635346284,70426.26002798507,61735.17445629223,3704500.0,2037900
2022-09-15,71588.7265625,61405.484375,72460.57844215156,61982.448657718116,71104.36440713803,61075.79049916107,71394.9817003552,61075.79049916107,3182500.0,1207500
2022-09-16,69748.1484375,62641.83984375,71394.97972005208,62641.83984375,69166.9138671875,61323.06426809211,71104.36243489583,61570.33468852796,4279700.0,2308600
2022-09-19,68295.0625,61982.44921875,70523.12836879434,62394.566567278926,66938.84849290781,61735.17880963265,69748.14893617021,62312.14309757314,4171600.0,1418000
2022-09-20,69457.53125,62476.98828125,69748.14853556485,62806.68215080805,67035.72053695955,62064.87094430244,68682.55182182706,62064.87094430244,3380900.0,1139700
2022-09-21,67810.703125,63383.640625,68779.42745535714,63960.60484395319,67810.703125,62312.13564694409,68779.42745535714,62394.55910679454,3106200.0,2477500
2022-09-22,67907.5703125,63383.640625,68585.67729136947,63548.48754470091,66163.86665254993,62641.82948634591,66938.84605697218,63136.370245448634,4254200.0,1033500
2022-09-23,67229.46875,63218.796875,67907.57578350144,63713.33765889831,66454.48928314121,63053.9499470339,67907.57578350144,63466.067266949154,2717600.0,1398600
2022-09-26,65873.25,60993.36328125,66066.99485294118,62806.67948690878,63548.31176470588,60746.092889569256,65679.50514705882,62476.985631334464,5240200.0,3386000
2022-09-27,65001.3984375,59674.59375,65873.25027943369,61735.180550759665,64710.781156855446,59592.170277969606,65292.01571814456,61405.48666263812,1536300.0,2415500
2022-09-28,62967.078125,59180.0546875,64904.52668269231,60169.1363814415,62967.078125,58438.24341704387,64032.67483173077,59344.90163649025,2724500.0,2145700
2022-09-29,61998.3515625,59921.87109375,64420.162170410156,60581.258946225935,61707.73428955078,59509.75368595255,64420.162170410156,60086.71805686899,2545200.0,2033200
2022-09-30,61998.3515625,59592.16796875,62192.096411132814,60416.40265711446,59770.28580322266,59262.47409340422,61707.73428955078,59262.47409340422,4371100.0,2345100
2022-10-03,57735.96484375,58520.6640625,60932.75484348784,59757.01612015845,57735.96484375,58520.6640625,60932.75484348784,59262.47529709507,4026100.0,2039100
2022-10-04,59092.18359375,58438.2421875,59382.8008901127,59180.053442348384,58220.33170466188,57696.43093265162,59285.9284579918,59180.053442348384,4024500.0,1631300
2022-10-05,60254.65234375,59015.2109375,61126.50422653738,59344.90485335195,59092.18316670016,58520.67006372207,59092.18316670016,58520.67006372207,2124200.0,1493400
2022-10-06,56186.0078125,57696.42578125,60351.52218480604,58850.354296875,56186.0078125,57696.42578125,60254.649757543106,58767.93083147321,3170300.0,1503000
2022-10-07,52311.109375,57531.58203125,56089.13394097222,58767.93408063216,52311.109375,54811.60752260924,54732.91999421296,57119.464681455946,5573700.0,2685300
2022-10-10,55314.15234375,58108.546875,55507.8971855845,58932.781582446805,51342.38308614273,55553.419281914896,51439.25550705998,56460.07746010638,3911600.0,1661900
2022-10-11,53667.32421875,57861.2734375,55798.51759927798,58932.77850115741,52407.982675710744,57366.73263888889,55314.1554673398,58108.543836805555,2333500.0,1718400
2022-10-12,55701.6484375,59015.2109375,56960.99005434783,59097.63441646299,53764.19979619565,57778.85875305517,53764.19979619565,58108.55266890713,2886100.0,1274000
2022-10-13,55798.51953125,60828.52734375,56379.75410970052,60828.52734375,54732.92280409071,58355.82298018293,55217.28495279948,58520.669937754064,1531100.0,3171000
2022-10-14,58026.5859375,60993.36328125,58414.07565995409,61405.48060071791,56186.00975584307,60746.092889569256,56186.00975584307,60993.36328125,2989900.0,1436500
2022-10-17,57057.859375,61075.79296875,57735.96636247877,61900.0276916751,55992.26268039049,60746.09907957996,57735.96636247877,60828.52255187247,2674800.0,1679700
2022-10-18,57154.73046875,63053.95703125,58607.81683659958,63466.07439746732,56767.24077065678,61570.334512867645,58026.58228945975,61817.60493259804,2054300.0,3137000
2022-10-19,57154.73046875,63136.375,57639.09259136653,63301.22193211488,56476.62349708687,62724.257669712795,57348.47531779661,62724.257669712795,1407400.0,1038000
2022-10-20,56573.5,63878.1953125,57154.734589041094,63878.1953125,56089.13784246575,62476.99618951613,56379.7551369863,63136.38401209678,1811200.0,2290400
2022-10-21,52698.6015625,63466.0703125,56476.6263068704,64619.99886363636,52698.6015625,63053.952972808445,56476.6263068704,63878.18765219156,4238200.0,2097600
2022-10-24,49017.44921875,60993.36328125,53279.83610733696,63630.914125844596,49017.44921875,60993.36328125,52795.473960906624,63630.914125844596,4828000.0,1578600
2022-10-25,50373.6640625,62641.83984375,52311.11268028846,63301.22763157895,47467.491135817305,61075.793847656256,49114.3224609375,61075.793847656256,4400700.0,1657600
2022-10-26,50276.79296875,62641.83984375,50858.0275695448,62971.533737664475,49017.451333694604,62312.14594983553,50470.5378356816,62641.83984375,1528200.0,824700
2022-10-27,51633.00390625,64702.421875,52214.23847179878,64702.421875,49695.555354420736,62641.8351910828,49695.555354420736,62641.8351910828,2990400.0,2283600
2022-10-28,51536.1328125,64290.3046875,52698.60197368421,64784.84549278846,51148.64309210527,64043.03428485577,51826.75010279605,64702.42202524038,1802000.0,1438800
2022-10-31,49986.171875,64702.421875,51245.513414486435,64702.421875,47951.85092659883,63713.340266719744,50761.151283914725,64043.034136146496,3903900.0,1572200
2022-11-01,48533.08984375,66103.6171875,50858.02827937874,67999.35683252806,48533.08984375,64702.41831943579,50373.66610528942,64702.41831943579,1999200.0,3180100
2022-11-02,46498.76171875,64537.5859375,48726.827384440105,66186.0555655332,45336.292675781246,64537.5859375,48436.210123697914,66103.63208413155,4317000.0,1830500
2022-11-03,47951.8515625,65938.78125,48726.83098169192,66515.7455859375,46595.637578914146,64290.311718749996,47467.48942550505,64290.311718749996,2600000.0,1278300
2022-11-04,44609.75390625,65938.78125,46498.766286644954,66763.01601562499,44609.75390625,64290.311718749996,46062.84035270765,65856.3577734375,5742900.0,2909200
2022-11-07,41509.83984375,67752.1015625,45094.12006363039,67752.1015625,41509.83984375,65938.7849756691,44561.321652567094,66021.20845688868,5344200.0,2638300
2022-11-08,43205.1015625,67916.9375,44173.82581278027,67916.9375,40008.311536575115,65609.08040048544,41509.83412450953,67752.09056432039,4117000.0,2301400
2022-11-09,44076.953125,66680.59375,44997.24115728022,67752.09896477133,43156.665092719784,65938.78244746602,43592.59100274726,67587.25200865266,2156900.0,2701100
2022-11-10,41025.47265625,64619.99609375,43544.15574730667,66763.00616828763,41025.47265625,63466.067592075895,43544.15574730667,66680.58270388233,3670600.0,2637600
2022-11-11,41655.14453125,64619.99609375,43011.35853924419,66268.46538185587,41655.14453125,64619.99609375,42042.63424781977,65032.11341577647,3565100.0,1564400
2022-11-14,39378.64453125,65114.53515625,41412.965650945574,67587.23902294303,39136.46344557196,62724.25475178006,40686.42239391144,64290.300534018985,3514300.0,2596800
2022-11-15,36666.2109375,63466.0703125,38264.60586608322,65444.23354301948,36666.2109375,63053.952972808445,37005.26440719947,65114.53967126623,2983600.0,2089600
2022-11-16,39184.8984375,61405.484375,39184.8984375,64949.693540268454,34147.532012901735,60828.52009228188,34147.532012901735,62229.71906459731,8555200.0,3542600
2022-11-17,40492.67578125,62641.83984375,41558.27251233553,64537.579733758226,39523.95148026316,61900.028582442435,40444.23956620066,63301.22763157895,2857700.0,2599500
2022-11-18,40831.73046875,63466.0703125,40928.60290165332,64125.45805600649,38652.10072842527,62394.56522930195,39717.6974903618,63466.0703125,4367700.0,2229300
2022-11-21,39378.64453125,64207.87890625,40637.98617677583,64207.87890625,39378.64453125,63383.64426047015,40637.98617677583,63466.06772504814,1762800.0,1787400
2022-11-22,38942.71875,65526.66015625,40298.932835820895,66103.62445951258,38603.66522854478,63795.76724646227,38942.71875,63878.19071835692,3707900.0,2281200
2022-11-23,39233.33203125,65444.23828125,39620.821730324074,65691.50870296758,38845.842332175926,64537.580068285584,39039.58718171296,65526.66175515586,1510200.0,773100
2022-11-24,36520.90625,66927.84375,37973.99270557029,66927.84375,36520.90625,65032.10433343596,37973.99270557029,65114.52778633004,7862600.0,2881100
2022-11-25,36617.77734375,67752.1015625,37102.13947792659,68164.21896859792,35358.43579489087,66763.01978786496,36375.59627666171,67010.29023152372,2595300.0,2596100
2022-11-28,38894.28125,67339.984375,39136.46232876712,68741.18356028151,37102.14126712328,67339.984375,37102.14126712328,67587.25481946144,4322000.0,2299200
2022-11-29,41461.3984375,68411.4765625,41461.3984375,68658.74695971386,39233.33263361565,66350.8899190512,39233.33263361565,67010.27764495483,5268600.0,2404200
2022-11-30,42720.7421875,68246.640625,43592.59406887755,68411.4875830314,41655.145443594105,67175.1353977959,42236.380031179135,68411.4875830314,3777700.0,1995600
2022-12-01,42672.3046875,67916.9375,44173.82732690125,68329.05483919903,41412.96311896992,67257.54975728155,43592.592756810445,67257.54975728155,5855800.0,2216800
2022-12-02,45530.04296875,69235.71875,45530.04296875,69235.71875,42042.635422207444,67587.24925595238,42042.635422207444,67834.51968005951,6464800.0,2521800
2022-12-05,46111.27734375,70059.9453125,47322.18273618041,70554.48610294117,45578.47897108062,69318.13412683824,45578.47897108062,69318.13412683824,4146000.0,2066000
2022-12-06,42962.921875,67999.359375,45723.78607666291,70142.36948863637,42962.921875,67999.359375,45723.78607666291,70059.94602272728,4093900.0,1395300
2022-12-07,43447.28515625,67999.359375,43592.59380225752,69482.98176136364,42139.507342182274,67422.39511363636,42962.923002891584,68411.47670454545,2930100.0,1839600
2022-12-08,44561.31640625,66763.0078125,45530.04067595109,69235.71180555556,43786.33699048913,66763.0078125,44367.57155230978,68411.47714120371,2626500.0,1597100
2022-12-09,44755.0625,65938.78125,45142.55221861472,67422.403828125,43931.646847943724,65938.78125,44561.31764069264,66763.01601562499,1675300.0,2408500
2022-12-12,44464.4453125,64702.421875,45820.65933074619,67504.81976512738,43592.593443627455,64619.99840764331,44755.062602124184,66186.04428742039,3474400.0,3142700
2022-12-13,44948.80859375,64290.3046875,44948.80859375,65444.23323317308,43011.359947467674,63630.91694711539,44319.13778370824,64784.84549278846,1956200.0,3610400
2022-12-14,44997.24609375,63878.1953125,45820.66179191335,65444.241391129035,44367.57526574274,63878.1953125,45820.66179191335,65444.241391129035,2187800.0,3522100
2022-12-15,45530.04296875,63960.61328125,46014.40512799202,65279.38881282216,44706.62729803856,63713.34286908022,44997.244593583775,63878.18981052674,2539400.0,2595300
2022-12-16,46353.45703125,64290.3046875,46450.32945973746,64949.69242788461,44464.44467574451,63960.610817307694,45287.860317887935,64043.03428485577,3003400.0,3002000
2022-12-19,45675.34765625,63466.0703125,47273.74264316013,64702.42233157468,45675.34765625,63466.0703125,46111.27356177094,64702.42233157468,3782800.0,2422700
2022-12-20,45045.6796875,64867.2734375,45384.733190524195,65691.50816986976,42817.613810483876,63383.65091923443,45142.55211693548,63713.34481218233,3352500.0,3030300
2022-12-21,44948.80859375,65691.5078125,45287.8621068494,66433.31906759724,42962.92373131061,65526.66086692284,45045.681026064114,65691.5078125,2052300.0,2305500
2022-12-22,45045.6796875,64600.83984375,45239.42454637097,66698.26970880682,43883.21053427419,64600.83984375,44900.37104334678,66530.47531960228,1519800.0,1587300
2022-12-23,44367.5703125,63929.6640625,45045.6772823417,65607.6080011483,44125.38925184224,63929.6640625,45045.6772823417,64684.73883489173,1584400.0,1561800
2022-12-26,41267.65625,63761.875,44319.13787411972,65104.2302631579,41267.65625,63677.97779605263,44076.95679284038,64097.46381578948,2559500.0,1657600
2022-12-27,42430.125,64265.24609375,42430.125,65439.80672731723,40202.05907534246,63761.862965078326,40202.05907534246,64433.04046997389,2324700.0,1586800
2022-12-28,41655.14453125,64600.83984375,41848.88938953488,65439.81178977273,40589.54781068314,64265.25106534091,41655.14453125,64349.148259943184,1389600.0,1188500
2022-12-29,41558.2734375,64600.83984375,41558.2734375,65607.60617897728,40783.293979458045,64600.83984375,41170.78370847902,64936.428622159096,1212100.0,1329700
2022-12-30,41558.2734375,63845.765625,41655.145869755244,65439.81233574245,40734.85776333042,63845.765625,41461.401005244756,65439.81233574245,1652400.0,1199300
2023-01-02,41558.2734375,63845.765625,41558.2734375,63845.765625,41558.2734375,63845.765625,41558.2734375,63845.765625,0.0,0
2023-01-03,42575.43359375,65859.296875,42623.86980944255,65859.296875,41170.7833386661,63929.66142515924,41461.40063282139,64181.35300557325,1998900.0,1496000
2023-01-04,42139.50390625,66530.46875,42914.48328843391,66530.46875,41752.014215158044,65943.18844577554,41752.014215158044,66027.08563209332,1872700.0,1089800
2023-01-05,42236.375,68124.515625,42623.86467889908,68292.3099984606,41945.75774082569,66278.77751693351,42526.99225917431,66530.46907712439,1102800.0,2469800
2023-01-06,41800.453125,66949.96875,42478.56012818656,68124.52960526316,41800.453125,66782.17434210527,42236.37905561993,67956.73519736843,1507500.0,1269700
2023-01-09,40686.421875,67705.0390625,41945.76350446429,67705.0390625,40686.421875,66782.1698807311,41800.45485491071,67033.86147575898,2663500.0,948300
2023-01-10,40880.1640625,67956.7265625,41267.65376925356,68376.21252893518,40589.54678243483,67621.13778935185,40686.419209123225,67872.82936921297,1424300.0,1196000
2023-01-11,41219.21875,66614.375,41848.88954171563,68460.11335012595,40977.03767626322,66614.375,40977.03767626322,67956.73016372796,1461200.0,1534700
2023-01-12,40783.29296875,67117.7578125,41655.14483744062,67285.55220703124,40734.85675382274,66530.47743164063,41219.21890309531,67033.86061523437,986100.0,684900
2023-01-13,40734.859375,67621.140625,41316.093991527945,68040.62660902605,40734.859375,67201.65464097394,41073.912901307966,67285.55183777916,1087500.0,1449000
2023-01-16,40589.55078125,66614.375,40977.040526178396,67788.93576826197,40395.8059087858,66614.375,40734.85943559815,67621.14137279597,1408900.0,654700
2023-01-17,41703.578125,67872.8359375,42042.63160569106,67956.73313890606,40880.162529036,66614.37791640915,41073.90737514518,67285.5555276576,2760600.0,1671400
2023-01-18,43544.15625,68208.4140625,43786.337319243605,68376.20843903751,41897.324979143494,67705.03093288746,42139.5060483871,67872.82530942497,3686900.0,1297900
2023-01-19,44173.83203125,68208.4140625,44658.19422457511,68376.20843903751,43350.41630259732,67117.75061500615,43544.16117992736,67788.9281211562,3493900.0,2627700
2023-01-20,44173.83203125,68208.4140625,44173.83203125,68208.4140625,44173.83203125,68208.4140625,44173.83203125,68208.4140625,0.0,0
2023-01-23,44173.83203125,68208.4140625,44173.83203125,68208.4140625,44173.83203125,68208.4140625,44173.83203125,68208.4140625,0.0,0
2023-01-24,44173.83203125,68208.4140625,44173.83203125,68208.4140625,44173.83203125,68208.4140625,44173.83203125,68208.4140625,0.0,0
2023-01-25,44173.83203125,68208.4140625,44173.83203125,68208.4140625,44173.83203125,68208.4140625,44173.83203125,68208.4140625,0.0,0
2023-01-26,44173.83203125,68208.4140625,44173.83203125,68208.4140625,44173.83203125,68208.4140625,44173.83203125,68208.4140625,0.0,0
2023-01-27,44464.4453125,67117.7578125,45433.16961124728,68711.80456054688,44464.4453125,66782.1690234375,44948.80746187364,68292.31857421875,2479800.0,2331800
2023-01-30,44755.0625,66614.375,45336.29707792208,67117.75818639799,43980.083062770565,66614.375,44464.44521103896,67117.75818639799,3206700.0,1614000
2023-01-31,45045.6796875,64684.74609375,45045.6796875,66698.27904608463,43931.64674899194,64516.95168105545,44464.4451108871,66446.5874270428,2723800.0,4817500
2023-02-01,45626.9140625,64768.640625,45675.350277003716,65272.02384229275,44270.70005639597,64516.94901635363,44755.06220143312,65188.12663941062,7835500.0,1810400
2023-02-02,48339.33984375,64349.14453125,48339.33984375,65020.32204917699,44851.932560433364,64349.14453125,45481.603319921094,64936.42485943611,4860800.0,1494400
2023-02-03,46305.0234375,63761.875,47080.002909257324,64684.74424342105,46305.0234375,63677.97779605263,46547.20452242417,64600.84703947369,6219600.0,1855200
2023-02-06,45675.34765625,64936.4296875,45723.78386797455,65020.32688347868,44270.69751623807,63677.97174781977,45530.03902107635,63677.97174781977,2653000.0,1910700
2023-02-07,44270.69921875,63845.765625,46498.76504376368,65104.22355453351,44270.69921875,63845.765625,45190.98727690782,65104.22355453351,2018900.0,1274400
2023-02-08,43108.23046875,63594.07421875,44561.316889044945,64265.251783063984,43108.23046875,63510.17702321076,44270.69960498596,63929.663000907,1647000.0,1550000
2023-02-09,42623.87109375,62922.89453125,44028.52139115767,63761.86645833334,42623.87109375,62922.89453125,43011.36083096591,63594.072072916664,1472800.0,1593600
2023-02-10,40783.29296875,63677.96875,43059.795070331056,63677.96875000001,40783.29296875,62922.894021739135,42623.86913598575,62922.894021739135,2032500.0,1236100
2023-02-13,41170.78125,63174.5859375,41170.78125,63677.96909238048,40202.05698529412,62167.819627739045,40783.291544117645,63677.96909238048,1726000.0,1569000
2023-02-14,41170.78125,62671.1953125,41655.143382352944,63510.16713729919,41073.90882352941,62419.50376506024,41461.39852941177,63174.578407379515,803200.0,1073500
2023-02-15,41412.9609375,63761.875,42139.50411184211,63761.87500000001,41170.77987938596,62419.51973684211,41170.77987938596,62671.21134868421,1084700.0,1443500
2023-02-16,41945.76171875,64181.35546875,42139.50657657333,64181.35546875,41461.39957419169,63426.28069852941,41848.88928983834,63761.86948529412,944200.0,691300
2023-02-17,41897.32421875,63761.875,41945.76043171965,64097.46381578948,41509.83451499278,63174.59457236843,41945.76043171965,63845.772203947374,959100.0,777000
2023-02-20,42914.484375,65020.33203125,42914.484375,65020.33203124999,41412.96178400113,63342.387978830644,41848.88769751693,63761.87399193548,1874700.0,1385300
2023-02-21,43108.23046875,64768.640625,43834.77367889747,65104.2294365285,43011.35804073034,64349.15461058938,43011.35804073034,65020.332233646375,1405600.0,888300
2023-02-22,41655.14453125,63342.3828125,43108.230968386626,64349.14916183775,41655.14453125,63342.3828125,42623.86882267442,64013.56037872517,1644500.0,1295600
2023-02-23,41655.14453125,63510.17578125,41655.14453125,64516.942108033356,40686.42023982558,62419.51226056803,41461.39967296512,63342.38139345277,1313900.0,2327900
2023-02-24,40783.29296875,62671.1953125,41606.70862251336,63761.85868473895,40298.930819477435,62503.400947540154,41170.78268816805,63510.16713729919,1625600.0,1681000
2023-02-27,39233.33203125,63090.69140625,40589.54597800926,63677.97177838265,39233.33203125,62083.925054022606,39717.69415509259,62671.205426155255,1974700.0,1112500
2023-02-28,38748.96875,63342.3828125,39911.4378125,63677.97159561258,38603.6601171875,63006.79402938742,39233.330859375004,63342.3828125,1567900.0,1034300
2023-03-01,39523.94921875,64516.9375,39717.69406786152,64600.83468790637,38022.42663813572,62922.89092977893,38748.96982230392,63006.788117685304,1520500.0,1635500
2023-03-02,39039.58984375,64181.35546875,39717.69686336849,64516.9442555147,38748.97254962779,63845.76668198529,39523.952000620346,64516.9442555147,868900.0,1088800
2023-03-03,38167.73828125,63761.875,39330.20746748096,64433.052631578954,38167.73828125,62922.90296052632,39039.59017092322,62922.90296052632,1857500.0,704200
2023-03-06,38167.73828125,62922.89453125,39233.33503529505,64265.249614583336,38167.73828125,62922.89453125,38700.536658272526,63761.86645833334,1474200.0,891800
2023-03-07,38458.3515625,63594.07421875,38942.71367285894,63929.663000907,37973.98945214106,63342.38263213226,38748.96882871536,63677.971414289255,1585700.0,1170900
2023-03-08,38167.73828125,64181.35546875,38313.04692952887,64181.35546875,37441.195039855644,62922.89751838235,37780.248552506346,63090.691911764705,2029100.0,1244400
2023-03-09,38748.96875,64181.35546875,39281.767070312504,64684.73864889706,38313.0428515625,63929.66387867647,38361.4790625,63929.66387867647,2116000.0,1389700
2023-03-10,38506.7890625,64516.9375,38845.84255110063,64768.62906371911,38167.73557389937,63845.759996749024,38652.0977004717,64181.348748374505,1573000.0,1427700
2023-03-13,38167.73828125,64516.9375,38748.972874365485,64684.73187581274,38167.73828125,64265.24593628088,38506.791793900695,64433.040312093624,1349100.0,1824500
2023-03-14,37392.7578125,64265.24609375,38361.48210816062,64516.93765808583,37102.14052380181,63426.274212630546,38070.86481946243,64013.55452941416,1611600.0,1735100
2023-03-15,38748.96875,64684.74609375,38845.841171875,64852.54050644455,38167.73421875,64181.362855666346,38361.4790625,64265.26006201362,1899200.0,1960200
2023-03-16,38167.73828125,64097.4609375,38748.972874365485,64684.74133875981,37586.503688134515,63677.97493660013,38748.972874365485,64600.84413857984,1665000.0,1529200
2023-03-17,38167.73828125,62503.40625,38652.100442179566,64097.45285234899,37634.939904227474,62503.40625,38652.100442179566,64097.45285234899,953800.0,2432800
2023-03-20,36908.39453125,62335.62109375,38167.7360769357,62922.901507823015,36859.9583179544,62167.82668972913,37780.246370570865,62922.901507823015,2298600.0,1609600
2023-03-21,37295.88671875,62419.51953125,37586.50401785714,63006.799956947245,36327.162388392855,62251.725123907934,37586.50401785714,62419.51953125,1411300.0,1350200
2023-03-22,36763.0859375,62419.51953125,37441.192924489456,62671.211142263106,36763.0859375,62419.51953125,37441.192924489456,62587.31393859207,1507000.0,900200
2023-03-23,36617.77734375,63174.5859375,36763.08598400297,63174.5859375,36327.160063244046,62083.922435258966,36424.032490079364,62335.6140126992,1238600.0,1285000
2023-03-24,36763.0859375,62922.89453125,37005.267004281945,63342.380494791665,36424.03244400527,62755.100145833334,36424.03244400527,62922.89453125,1729500.0,932300
2023-03-27,36908.39453125,62587.30078125,37247.44802431922,62922.889525385384,36666.21346477198,62335.60922314846,36811.52210465879,62922.889525385384,2465100.0,1371500
2023-03-28,37877.1171875,62419.51953125,38070.86203244885,63174.59436428932,36908.39296275576,62419.51953125,37005.26538523018,62503.41673492103,4198400.0,1650000
2023-03-29,37489.6328125,62839.0078125,38119.303647852066,62839.0078125,37489.6328125,62419.52177903872,38022.431211644056,62671.21339911549,1830200.0,907400
2023-03-30,37392.7578125,62922.89453125,37973.992389896375,63258.48330208333,36956.83187945272,62587.30576041667,37586.50267163212,62671.202953125,2665800.0,838700
2023-03-31,37344.3203125,62419.51953125,37731.81001742867,63258.49156796035,37053.703033803504,62419.51953125,37344.3203125,62922.90275327621,1815500.0,1076100
2023-04-03,37780.24609375,62419.51953125,37973.99094551282,62839.00554960518,37489.62881610577,62251.725123907934,37780.24609375,62587.31393859207,2112100.0,850600
2023-04-04,38555.2265625,62251.71875,38700.53520532349,62503.41033524259,37828.68334838254,62251.71875,37877.11956265703,62419.513140161725,3133300.0,1819000
2023-04-05,38506.7890625,62503.40625,38603.66148781446,62755.097818791946,38264.60799921383,62167.81749161074,38555.22527515723,62251.714681208054,1735900.0,963400
2023-04-06,37877.1171875,62335.62109375,38748.968989769826,62587.31269978129,37828.68097626279,62335.62109375,38748.968989769826,62419.51829576043,1971300.0,905600
2023-04-07,37780.24609375,62671.1953125,37828.6823066907,62671.1953125,37295.883964342946,62335.606582580316,37634.93745492788,62419.50376506024,2032200.0,794400
2023-04-10,39717.6953125,62419.51953125,39863.00395388719,62671.211142263106,37973.99161585366,62419.51953125,37973.99161585366,62671.211142263106,5829400.0,832700
2023-04-11,39427.078125,62419.51953125,39717.695408476655,62503.41673492103,38942.71598587224,62167.827920236894,39717.695408476655,62335.62232757897,2852300.0,782800
2023-04-12,39475.515625,62335.62109375,40395.80371932515,62419.51829576043,39233.334547546016,62083.929487718706,39233.334547546016,62419.51829576043,3970800.0,979100
2023-04-13,39766.1328125,61664.4375,40008.313889311816,62419.51224489796,39378.64308960109,61664.4375,39717.696597137634,62335.61505102041,3135000.0,889600
2023-04-14,38748.96875,61077.15234375,40105.18265625,61832.22702931834,38748.96875,61077.15234375,39959.8740234375,61748.32984203297,2679300.0,1294000
2023-04-17,38603.6640625,60154.2890625,38748.97271016311,61161.055406642256,38313.04676717377,60154.2890625,38603.6640625,61077.158211297065,1406900.0,1365400
2023-04-18,38700.53515625,61244.953125,39475.514583659264,61244.95312499999,38700.53515625,60238.18677226027,39281.769726806946,60238.18677226027,2755700.0,931800
2023-04-19,39233.33203125,60405.98046875,40008.31142939815,61328.84961480035,38748.96990740741,60405.98046875,38797.40611979167,61328.84961480035,2949400.0,816300
2023-04-20,39136.4609375,60322.0859375,39233.33336556312,60909.36632910292,38652.09879718441,60238.18873869959,39233.33336556312,60489.88033510084,1416200.0,822300
2023-04-21,38070.8671875,59483.109375,39136.46397900763,60405.97849083216,38070.8671875,59399.21218265162,39136.46397900763,60405.97849083216,2811100.0,1107600
2023-04-24,37199.01171875,59147.5234375,38070.8635559082,59650.90661569149,37053.70307922363,58895.831848404254,37973.99112955729,59567.00941932624,3211100.0,1134600
2023-04-25,36520.90625,58644.140625,37586.50298408488,59902.59857832618,36327.16138925729,58560.243428111586,37392.75812334217,59147.52380633047,2735300.0,1370200
2023-04-26,37199.01171875,59567.0078125,37199.01171875,59567.0078125,36472.468521118164,58728.03587147887,36520.90473429362,58728.03587147887,1835600.0,941600
2023-04-27,37441.19140625,58308.546875,37441.19140625,59567.00472122302,36956.82929232698,58308.546875,37295.88277207309,59567.00472122302,1286400.0,1369100
2023-04-28,37973.9921875,58728.03515625,37973.9921875,58895.82954241072,37392.75761320153,58476.343577008935,37441.193827726405,58560.24077008929,2517300.0,1116700
2023-05-01,37973.9921875,58728.03515625,37973.9921875,58728.03515625,37973.9921875,58728.03515625,37973.9921875,58728.03515625,0.0,0
2023-05-02,37973.9921875,58728.03515625,37973.9921875,58728.03515625,37973.9921875,58728.03515625,37973.9921875,58728.03515625,0.0,0
2023-05-03,37973.9921875,58728.03515625,37973.9921875,58728.03515625,37973.9921875,58728.03515625,37973.9921875,58728.03515625,0.0,0
2023-05-04,36714.65234375,57553.4765625,37683.376679996705,58728.03730867347,36714.65234375,57385.6821701895,36908.39721099934,58728.03730867347,2462500.0,2657800
2023-05-05,36617.77734375,57721.26953125,36908.394624255954,58056.85830759448,36472.46870349703,57553.47514307776,36714.64977058532,57553.47514307776,1173200.0,712200
2023-05-08,36666.2109375,59063.6328125,37053.70061715654,59063.6328125,36617.774727542936,57889.07193270596,36617.774727542936,57889.07193270596,1273100.0,1227700
2023-05-09,36763.0859375,59315.31640625,37150.57564435112,59567.0079893034,36666.21351078722,59147.52201754774,36666.21351078722,59399.213600601135,931100.0,871300
2023-05-10,37780.24609375,59147.5234375,37780.24609375,59650.90661569149,36714.64940905449,59147.5234375,36859.9580478766,59399.215026595746,2354900.0,951600
2023-05-11,37489.6328125,58728.03515625,38119.303647852066,59483.10989397322,37344.324158187985,58728.03515625,37925.558775436046,59147.521121651786,1659900.0,447300
2023-05-12,37780.24609375,58392.4453125,37877.11851963141,59063.62284482759,37005.26668669871,58308.54812095905,37538.06502904647,59063.62284482759,2033800.0,1214100
2023-05-15,37683.37109375,57889.0625,38167.73319007069,58644.13722826087,37634.93488411793,57889.0625,37925.552141910346,58644.13722826087,2782400.0,1537800
2023-05-16,37247.453125,58476.34765625,37731.815324284784,58476.34765625,37005.272025357604,57889.06726371952,37683.3791043563,57889.06726371952,2129700.0,1380300
2023-05-17,36956.83203125,57889.0625,37441.19418106979,58476.3428442029,36763.087171322084,57721.26811594203,37247.449321141874,58476.3428442029,1326900.0,1869200
2023-05-18,36908.39453125,58056.86328125,37489.62909079724,58728.040891437864,36908.39453125,57469.58287233562,37344.32045091043,57889.06887870303,1747600.0,2496400
2023-05-19,37102.140625,57553.4765625,37102.140625,58308.55132789723,36617.778475848565,57553.4765625,36908.395765339425,58224.65413174198,1643100.0,1203800
2023-05-22,37344.3203125,57217.890625,37441.19273873217,57889.0682276393,36859.95818133917,57217.890625,37150.57546003567,57637.37662664956,1523200.0,1698000
2023-05-23,37053.703125,56211.12109375,37586.501470588235,57385.68183302238,37005.26691176471,56211.12109375,37441.192830882355,57050.09305037313,1467700.0,2935700
2023-05-24,37053.703125,56211.12109375,37053.703125,56211.12109375,37053.703125,56211.12109375,37053.703125,56211.12109375,0.0,0
2023-05-25,36811.5234375,56295.01953125,37199.01315789474,56630.608321302156,36617.77857730263,55372.15035860655,36763.08722245066,55539.94475363263,1477500.0,1305500
2023-05-26,37005.265625,56295.01953125,37199.01047120419,57050.09430886736,36811.52077879581,56295.01953125,36859.95699034686,56546.711123789115,882500.0,904500
2023-05-29,37489.6328125,56295.01953125,37489.6328125,56798.40271632824,36956.834413355944,56295.01953125,37247.451721979975,56462.813926276074,2263500.0,1043600
2023-05-30,38167.73828125,55791.63671875,38555.228009993654,56546.71150140977,37634.939904227474,55791.63671875,37634.939904227474,56295.019907189846,4818400.0,1770500
2023-05-31,37973.9921875,55456.046875,38216.173260124364,56043.327250378214,37731.811114875636,55456.046875,38070.86461654975,56043.327250378214,1975100.0,1466600
2023-06-01,38070.8671875,55456.046875,38264.612058683204,55791.63566093041,37489.63257395038,55372.1496785174,38119.3034052958,55456.046875,2907500.0,1214500
2023-06-02,39523.94921875,55288.25,39572.385431027884,55623.838770864946,37973.990425857846,54952.661229135054,38216.171487247244,55539.94157814871,5707900.0,2969700
2023-06-05,39911.44140625,55791.63671875,40298.931128640776,56378.91710526316,39523.951683859224,55539.94512453007,39717.69654505461,55791.63671875,6617800.0,3323000
2023-06-06,40492.67578125,55707.734375,40734.85685649671,56127.220326618975,39766.13255550987,55372.145613704815,39911.44120065789,56127.220326618975,4665200.0,3423000
2023-06-07,40492.67578125,55539.9453125,40637.98442639803,55959.431304286256,39766.13255550987,55372.1509157855,40492.67578125,55791.63690757175,4745100.0,3719000
2023-06-08,39378.64453125,54952.66796875,40686.42239391144,55791.63999880726,39330.20831411439,54952.66796875,40686.42239391144,55791.63999880726,4513900.0,5036500
2023-06-09,40105.18359375,55204.3515625,40105.18359375,55791.63189827128,39233.33177649457,54952.659990026594,39717.69389719203,55036.557180851065,4124000.0,2080200
2023-06-12,41655.14453125,56966.1953125,41655.14453125,57050.09250736377,40202.058094113374,55372.14861008836,40347.36673782703,55372.14861008836,7248100.0,5450300
2023-06-13,41655.14453125,56714.5,42042.63424781977,57301.78032544378,41267.65481468023,56630.60281065088,42042.63424781977,57133.98594674556,3399100.0,4943400
2023-06-14,40734.859375,56295.01953125,41655.14751783591,57217.88870389344,40734.859375,56295.01953125,41655.14751783591,56798.40271632824,3321400.0,4910200
2023-06-15,40395.80078125,55623.83984375,41073.90774880096,56546.70898142911,40153.61972141037,55539.942649415534,40734.854265025475,56462.811787094644,2810300.0,4687800
2023-06-16,40056.75,55456.046875,40977.03808948005,55875.53285741301,39863.00513905683,55372.1496785174,40637.9845828295,55791.63566093041,4410000.0,5993000
2023-06-19,40202.05859375,55204.3515625,40395.80345444277,55875.52908909574,39814.568872364456,55036.557180851065,40056.74994823042,55623.83751662234,2063100.0,3279400
2023-06-20,41170.78125,54952.66796875,41170.78125,55288.25678077291,40298.92941176471,54952.66796875,40298.92941176471,55288.25678077291,2476500.0,2963000
2023-06-21,41364.5234375,55623.83984375,41364.5234375,55623.83984375,40880.16133635832,54952.66228907428,41170.778597043325,55036.559483408746,2565900.0,3490900
2023-06-22,41364.5234375,55623.83984375,41364.5234375,55623.83984375,41364.5234375,55623.83984375,41364.5234375,55623.83984375,0.0,0
2023-06-23,41558.2734375,57972.9609375,41848.89073426573,58308.54971282561,41364.52857298951,56211.11986704052,41703.58208588287,56211.11986704052,2158100.0,11958000
2023-06-26,42962.921875,59231.421875,43108.23051719279,59315.31907312323,41267.65438275084,57301.78631816572,42187.942449971815,58140.75829939802,5457500.0,10737800
2023-06-27,42817.61328125,59147.5234375,43495.72027891686,59399.215026595746,42381.68735417845,58392.44867021277,42962.92192360719,59399.215026595746,2478000.0,5978900
2023-06-28,42526.99609375,59231.421875,43059.794450277615,59483.113469369695,41848.88909453303,58476.34709189094,42817.6133791287,59147.524676876776,3989700.0,6154700
2023-06-29,41364.5234375,60322.0859375,42526.99248024005,60741.57193150209,41364.5234375,58811.93635909249,42139.5027993267,59231.42235309458,3289500.0,7698400
2023-06-30,41945.76171875,59567.0078125,42526.99629221998,60405.979753521126,41170.7822874567,59399.21342429577,41364.52714528002,60322.08255941901,3505400.0,3645000
2023-07-03,41655.14453125,59315.31640625,42284.81532067587,59902.596766707924,41461.39967296512,58979.727628845474,42091.07046239099,59650.905183654526,1799500.0,3186200
2023-07-04,41897.32421875,59231.421875,42284.81392250723,59734.80506373938,41316.089663114166,58811.935884383856,41558.27072796243,59147.524676876776,4437300.0,4781600
2023-07-05,41994.1953125,58560.2421875,43059.79196402826,59399.21413861032,41994.1953125,58392.447797277935,42091.06773536621,59399.21413861032,7263000.0,6659200
2023-07-06,41848.890625,59147.5234375,42381.68900101273,59315.317830230495,41509.837112991896,58560.243062943264,42042.63548900463,58644.14025930851,4541700.0,7631000
2023-07-07,44076.953125,59483.109375,44076.953125,59734.80095204514,41703.57872596154,59063.623413258116,41703.57872596154,59315.314990303246,7401500.0,5780500
2023-07-10,46256.58203125,60489.87890625,46256.58203125,60993.26208716193,44367.569780759164,59734.80413488211,44609.750838514396,59902.59852851942,10232900.0,6171100
2023-07-11,47273.7421875,61077.15234375,47273.7421875,61580.53546746222,45869.09206102715,60154.28328361092,46111.27311731557,60489.872032752406,8177100.0,5702300
2023-07-12,47612.80078125,61664.4375,47758.10943063327,61664.4375,46692.51266848932,60909.36275510204,46837.821317872585,61161.0543367347,4791400.0,4195800
2023-07-13,47806.54296875,61328.8515625,48339.34131997214,61916.13194681943,47612.79811376013,61161.057166980165,47661.2343275076,61580.54315577975,4813500.0,3783500
2023-07-14,47903.41796875,61496.63671875,47903.41796875,61580.53390390518,46983.12985812689,60489.87049688779,47806.54553605283,61412.73953359482,5904700.0,5209700
2023-07-17,47128.4375,60657.671875,48290.90666752312,61748.33540802213,47128.4375,60573.77468015215,47951.85316032888,61244.952238934995,2785300.0,3922800
2023-07-18,46547.203125,60741.5703125,47080.00149583767,60909.36470562845,46256.58583181582,60573.77591937155,46886.25663371488,60825.46750906423,4613000.0,2930000
2023-07-19,46983.12890625,60909.375,47419.054844555416,61244.96384297521,46450.33053721005,60741.580578512396,46886.25647551547,60825.4777892562,3483900.0,2945100
2023-07-20,47564.359375,60909.375,47951.84906440937,61077.169421487604,46886.25241853361,60657.68336776859,46886.25241853361,60909.375,5454300.0,2600700
2023-07-21,50858.0234375,61664.4375,50858.0234375,61664.4375,47419.05232886905,60825.46556122449,47564.360967261906,60909.36275510204,11731700.0,3341800
2023-07-24,52795.47265625,61748.33984375,52795.47265625,62083.92864724864,50373.661983944956,61496.64824112602,51342.38625286697,61664.44264287534,4072400.0,2535300
2023-07-25,51923.62109375,62503.40625,52795.47294047342,62671.20062919463,51245.514101854016,61328.845595637584,52795.47294047342,61748.33154362416,4429400.0,4245900
2023-07-26,50954.89453125,62922.89453125,52504.853300261406,63090.688916666666,50373.65999287072,62335.61418229167,51923.61876188213,62419.511375,5446900.0,3189700
2023-07-27,52910.94140625,63510.17578125,53302.149845482905,63594.072975148614,51052.70131989372,62755.10103616248,51248.30553951017,62922.89542395971,5823100.0,4178200
2023-07-28,53302.1484375,64936.4296875,53693.35686639908,65188.121275436046,52030.72104357798,63426.28015988372,52715.335794151375,63594.074551841084,3871700.0,5473600
2023-07-31,52519.73046875,65439.80859375,53008.74099452979,65775.39735576924,51443.90731203445,64768.63106971154,52813.13678421787,64852.52826021635,7864600.0,3364900
2023-08-01,50563.6875,63761.875,52910.93798355899,65439.819078947374,50563.6875,63761.87500000001,52910.93798355899,65439.819078947374,7531800.0,5730800
2023-08-02,50563.6875,63845.765625,51346.104327853,64181.35440620894,50465.88539651837,63174.58806258213,50563.6875,63761.868429697766,5318300.0,2678900
2023-08-03,51541.70703125,62935.546875,52519.72803753558,64235.86809142562,50270.27972307875,62935.546875,50661.48812559298,64235.86809142562,7997000.0,2917600
2023-08-04,51835.1171875,63282.29296875,52030.72140330188,63282.29296875,51150.502432193396,62415.412243150684,51835.1171875,62848.85260595034,7529400.0,3165200
2023-08-07,52617.53125,64929.37109375,53693.35437964684,64929.37109375,52128.52073652416,62675.48104243158,52519.72914730483,63195.60951581275,6494400.0,4317900
2023-08-08,52421.9296875,64582.62109375,53106.54444088153,64929.373421770135,52226.325472248136,64062.4926017198,52813.13811800373,64755.99725776007,5735000.0,3430500
2023-08-09,51443.90625,63368.98828125,52226.32307509506,64582.62143574726,50857.09363117871,63108.92403385773,52226.32307509506,64582.62143574726,8966000.0,3705000
2023-08-10,50857.09375,63368.98828125,51835.11478365385,64149.18102342681,50563.68743990385,63195.61211632182,51835.11478365385,63368.98828125,4979900.0,2733200
2023-08-11,52128.5234375,63715.73046875,52128.5234375,63715.73046875,49879.07495895873,62762.16171343537,51052.7002521107,63368.97819409014,6318800.0,2181300
2023-08-14,53008.7421875,63629.04296875,53106.54429485701,63715.73103818972,51443.90846978782,62848.850343792576,52715.33586542897,63629.04296875,9615900.0,3066500
2023-08-15,52813.13671875,63108.91796875,54671.37671440972,63629.04641354739,52813.13671875,63022.2298946171,53399.94934895833,63195.6060428829,8379700.0,2219700
2023-08-16,52617.53125,63368.98828125,53106.541763475834,63715.74061110636,51835.11442843866,62848.85978646546,52813.13545539033,63108.92403385773,5141100.0,2083900
2023-08-17,52715.3359375,63802.421875,53986.76333487941,64582.61453379756,52226.325400046386,63195.605362601906,52910.94015248145,63368.981509001365,7226900.0,4580900
2023-08-18,49096.65625,63542.3515625,52715.33410109562,64842.67253581174,49096.65625,62502.09478385062,52715.33410109562,63715.7276922749,14262600.0,7106200
2023-08-21,47923.03125,63195.60546875,49390.06281887755,63975.79812885803,47678.52598852041,63022.22932205933,48901.052295918365,63022.22932205933,7064800.0,3055200
2023-08-22,48901.0546875,63022.23828125,49096.65890625,63455.67870959423,46309.2987890625,61635.22891054849,48020.835703125,63455.67870959423,10145800.0,3075100
2023-08-23,48607.6484375,63715.73046875,49585.669532821936,63802.41853741497,48118.63788983903,62068.65716411565,49585.669532821936,62762.16171343537,4957900.0,3072800
2023-08-24,49194.4609375,64755.98828125,49683.47148359841,64929.36442122657,48607.64828218191,63282.29109144913,48607.64828218191,63715.73144139056,5727600.0,4419900
2023-08-25,49390.0625,64929.37109375,50270.28143564356,65276.12340933745,48901.05198019802,64409.24262036883,49194.45829207921,65276.12340933745,7139000.0,2751400
2023-08-28,50563.6875,67530.0,50759.291706963246,67703.37612323492,49292.26015473888,65016.04621309371,49781.270672147,65016.04621309371,8495500.0,5466800
2023-08-29,51737.3125,67096.5703125,52030.718809073725,67269.94646317829,50368.08305765595,66056.31340843023,50661.48936672968,67183.25838783915,8303900.0,4199900
2023-08-30,52617.53125,67443.3203125,53302.14596886617,68050.13681916773,51737.31232574349,66316.37537154563,51835.11442843866,66749.81573345115,7312500.0,2659700
2023-08-31,52617.53125,67443.3203125,53204.343866171,68396.88910869216,52324.124941914495,66836.50380583227,52813.13545539033,67183.25609535669,5206100.0,3836000
2023-09-01,52617.53125,67443.3203125,52617.53125,67443.3203125,52617.53125,67443.3203125,52617.53125,67443.3203125,0.0,0
2023-09-04,52617.53125,67443.3203125,52617.53125,67443.3203125,52617.53125,67443.3203125,52617.53125,67443.3203125,0.0,0
2023-09-05,53106.54296875,69437.140625,54280.1682277279,69783.89288779651,52226.32402451658,67703.37931101747,52617.53244417588,68050.13157381398,8353500.0,6839900
2023-09-06,53791.16015625,69350.4609375,54377.972812500004,69437.14901367186,52617.53484375,68917.02055664062,53106.545390625004,69437.14901367186,5121300.0,2280400
2023-09-07,53791.16015625,68917.015625,54573.57703125,69350.45597484277,53106.545390625004,68136.82299528302,53986.764375,69263.76790487421,5993300.0,3526700
2023-09-08,54280.171875,69350.4609375,55258.19298986487,69437.14901367186,53302.15076013513,68570.26825195312,53302.15076013513,68656.956328125,7805800.0,2774900
2023-09-11,53302.1484375,68917.015625,54964.7842603211,70304.02474449686,52617.5336869266,67269.94229559749,54573.575831422015,69350.45597484277,8457600.0,4234900
2023-09-12,54573.57421875,69610.515625,54573.57421875,69957.26788216065,52813.1363407258,67876.75433919676,53302.1468623992,68483.57078922789,4794300.0,2668500
2023-09-13,56236.2109375,68570.2578125,57996.64884510869,69610.514568189,54280.168817934784,68223.50556060366,54866.98145380434,69003.69812737042,16051000.0,2507000
2023-09-14,56040.60546875,68830.34375,57214.23071416885,69350.47229219144,55845.001261180194,67963.4628463476,56431.81388388962,68050.15093671285,8439000.0,2482600
2023-09-15,54671.375,68917.015625,56236.20863148479,70390.71281446541,54182.364490161,68483.57527515723,56236.20863148479,68830.32755503144,7838900.0,5614800
2023-09-18,53791.16015625,68396.890625,54377.972812500004,69177.08329372623,52910.941171875,68223.51447639418,54377.972812500004,68570.26677360584,6610200.0,1322100
2023-09-19,54280.171875,68396.890625,54280.171875,68396.890625,51835.11908783784,67096.56951045628,53888.963429054056,68050.13832778834,8835900.0,2571700
2023-09-20,54573.57421875,67876.7734375,54964.78263608871,68310.21388090677,53399.94896673387,67616.70917145594,53888.95948840726,67963.46152618136,6834800.0,1842800
2023-09-21,53008.7421875,67616.6953125,54573.57590521218,67876.75952524038,53008.7421875,67009.87881610576,54573.57590521218,67703.38338341346,9500900.0,2537900
2023-09-22,50954.89453125,67183.265625,52226.321842010555,67876.77030241935,50172.47772462812,65709.56818548386,51932.915539527356,66836.51328629033,11804800.0,4244900
2023-09-25,49879.07421875,67269.953125,51835.11634497549,68050.14588031571,48803.251049325976,66489.76036968429,50465.886856617646,66923.20078930413,7693400.0,2755500
2023-09-26,50368.08203125,65969.625,50563.68623331311,67616.69842312747,49390.06102093447,65882.93692509855,49976.87362712379,67269.94612352169,8271400.0,2534600
2023-09-27,50857.09375,66403.0625,50857.09375,66403.0625,49096.65588942308,64842.67721932115,49976.87481971154,66142.99828655353,4904400.0,2273300
2023-09-28,51835.1171875,64842.67578125,53497.75302181603,66229.68488887031,51346.10664799528,64842.67578124999,51737.31507959905,65969.6206811915,8909300.0,1889300
2023-09-29,51443.90625,64322.55078125,52617.53148764259,66229.68840549192,51443.90625,64322.55078125001,52617.53148764259,65016.05537188343,4945900.0,1403900
2023-10-02,50759.29296875,65536.1796875,51835.11613379094,65536.1796875,50661.490862837185,64322.54673032407,51443.90771013969,64322.54673032407,4207600.0,1159900
2023-10-03,47923.03125,64149.171875,50368.08386479592,65102.74064611487,47238.41651785714,64062.48380489865,50368.08386479592,64669.30029560811,8976200.0,1993700
2023-10-04,48118.63671875,64495.9296875,48901.053575965445,64669.30584257392,46945.01143292683,63629.04891213037,46945.01143292683,63802.4250672043,4826800.0,1077900
2023-10-05,45966.9921875,63022.23828125,48803.25340757979,64495.93573762036,45966.9921875,63022.23828125001,48803.25340757979,64235.87148061383,6348200.0,2571400
2023-10-06,47238.4140625,64322.55078125,47434.01826151656,64322.55078125001,45282.372072334365,62935.54159998316,45869.184669384056,63022.22967381233,5188100.0,1227000
2023-10-09,46896.109375,63889.1171875,47825.22937304484,64235.869519589556,46602.703059827945,63802.42910447761,47287.317795229406,64149.18143656717,6457800.0,830900
2023-10-10,47776.328125,64495.9296875,48363.14075294268,65016.05815272177,47336.21865404299,64149.17737735215,47336.21865404299,64409.241609963035,4821300.0,1023900
2023-10-11,48216.4375,64495.9296875,48216.4375,64842.681997647844,47531.82276876268,64149.17737735215,47923.03118661258,64669.30584257392,3478300.0,1134400
2023-10-12,47336.21875,65449.5078125,48412.04190340909,65796.26017177153,47140.61454028925,64582.6269143212,48216.437693698346,64582.6269143212,13700700.0,2534800
2023-10-13,48412.04296875,65709.5625,48412.04296875,66143.0028858839,47385.12084517045,65016.057882585745,47434.02189867424,65362.81019129287,9845400.0,1487000
2023-10-16,47531.82421875,65189.43359375,49585.66847511574,65709.56205327461,47531.82421875,64755.993210812834,48412.04318576389,65102.74551716257,8502700.0,1344400
2023-10-17,45282.375,64842.67578125,47825.229751619874,65969.6206811915,45282.375,64842.67578124999,47825.229751619874,65276.11612738135,7887900.0,1421900
2023-10-18,43717.5390625,64062.484375,45966.987381152125,64842.67701285521,42690.6170039849,62762.163311907985,45771.3831795302,64842.67701285521,11414600.0,2572400
2023-10-19,42054.90625,61895.29296875,43717.542078488375,63629.054676558124,42054.90625,61461.85254179797,43228.53154069767,63629.054676558124,8072300.0,3904700
2023-10-20,43717.5390625,62675.4765625,44010.945364932886,62848.85270790111,42054.90334871365,60855.027035788386,42054.90334871365,61808.59583549447,7022500.0,2371800
2023-10-23,42054.90625,60855.0234375,43864.245239825585,62415.40865384615,41663.69781976745,60768.33536992521,43717.542078488375,62155.34445112179,8575600.0,2725900
2023-10-24,42054.90625,60941.72265625,42641.71889534884,61375.16307343527,40832.37990552326,60768.34648937589,42152.70835755814,60855.03457281294,8218500.0,1099500
2023-10-25,42543.9140625,59814.76953125,43228.528771551726,61375.15482336957,42054.903556034486,59814.76953125001,42054.903556034486,60941.71446444747,4769400.0,2423700
2023-10-26,41076.88671875,58081.00390625,41468.09516369048,59468.01295475746,39609.85505022322,57127.43518540112,41272.49094122024,59381.32488922575,15050000.0,5201700
2023-10-27,41076.88671875,58947.89453125,41565.8972749256,58947.89453125,40490.07405133929,57734.26140854779,41370.29305245536,58341.0779698989,4691100.0,1811000
2023-10-30,39609.8515625,58601.13671875,40832.37784529321,58947.88900702663,39609.8515625,58167.69635840422,40196.66417824074,58861.20093495747,4251000.0,1047000
2023-10-31,36871.39453125,58947.89453125,39805.45775654841,60248.21573414522,36871.39453125,58601.14221047794,39512.05143401857,58861.20645105698,13210100.0,2183600
2023-11-01,34328.53515625,61028.41015625,36871.38961226852,61115.09823885831,34328.53515625,58861.20809104226,36186.77495103276,59814.776999733665,21092800.0,2337200
2023-11-02,36186.77734375,61461.84765625,36577.98574746622,61461.84765625,32861.50591216217,60508.27879275388,35110.95423353041,61115.095342251414,21181700.0,2390200
2023-11-03,38093.91796875,60681.6484375,38338.423218870346,61461.841060267856,36186.7770178113,60508.27229910714,36675.78751805199,61461.841060267856,12409700.0,1692700
2023-11-06,37213.69921875,61548.53125,38142.81917296321,61981.9716109155,36773.58976675427,60768.338600352115,38142.81917296321,60855.02667253521,12639800.0,1136800
2023-11-07,37360.40625,61375.15625,38582.93263252618,61375.15625,36675.791475785336,60508.275512005646,37066.99991819372,61115.09202860169,10423200.0,1474700
2023-11-08,38729.6328125,61895.29296875,38729.6328125,61981.98105414041,35893.371823705806,60508.28360250351,37066.99706044823,61375.16445640757,19608000.0,2339600
2023-11-09,39414.24609375,61288.46484375,40441.16813837624,62502.09781095297,39023.037695797146,61288.46484375,39609.85029272643,62068.657465523334,12143300.0,3420100
2023-11-10,38534.02734375,60334.8984375,39414.2462424651,61375.15530711207,38142.818944321065,60334.8984375,38876.33469325032,61375.15530711207,11053600.0,2833100
2023-11-13,39120.83984375,59554.7109375,39414.24614257813,60681.65597707424,38191.71989746094,59468.02285753275,38680.73039550782,60421.59173717249,9192300.0,1730800
2023-11-14,40587.875,59728.08203125,41174.687650602405,60161.52239432148,39903.26024096386,59121.26552294993,40098.864457831325,59814.7701038643,15235500.0,2996000
2023-11-15,40979.08203125,61288.46484375,41565.89466176909,62242.033603695185,40441.170453274164,60681.64836014851,41468.092556682575,60681.64836014851,10338300.0,3949400
2023-11-16,40587.875,60941.72265625,40685.67710843373,61808.60349062055,39805.45813253012,60594.97032250177,40587.875,61201.78690656117,10534200.0,2338200
2023-11-17,40490.0703125,60681.6484375,41565.893436745166,61635.21719866071,39756.5545459692,59988.14388392858,40587.87241470411,61548.52912946429,10996900.0,2335800
2023-11-20,39658.75390625,60074.83984375,40734.577070168,60594.968327245675,39267.54548300709,59814.77560200217,39267.54548300709,59988.15176316739,7558500.0,1770000
2023-11-21,40001.0625,60248.2109375,40587.875152811735,60508.275157374104,39707.65617359413,59728.0824977518,40587.875152811735,60161.52286420864,5778700.0,2959800
2023-11-22,38925.23828125,60161.52734375,39952.16039671011,60855.0319817183,38436.22775007852,59814.77502476585,39903.25934359297,60248.21542349603,14503500.0,1302200
2023-11-23,36480.18359375,59554.7109375,39414.246617376004,60594.96789710699,36480.18359375,59554.7109375,39120.8403150134,60508.27981713974,8073600.0,1623100
2023-11-24,37702.7109375,59207.95703125,37702.7109375,59728.0854971175,36333.4814871109,58601.140487737925,37066.997264105055,59468.02126418375,11181000.0,3128900
2023-11-27,37164.80078125,59034.58203125,37702.71237150493,59294.64626927313,37164.80078125,58861.205872567916,37653.81131784539,59207.95818993209,5269900.0,1333300
2023-11-28,37164.80078125,59381.33203125,37311.50394222862,59381.33203125,36529.087083675986,58514.451271669706,37213.70183490954,59034.579727417884,6131600.0,1775600
2023-11-29,37947.21875,59294.640625,38582.93246617268,59641.39290935672,37311.50503382732,59121.264482821636,37311.50503382732,59381.32869608918,8518200.0,1262500
2023-11-30,37653.8125,58427.76171875,38240.62516233766,59554.70667771699,37653.8125,58427.76171875,37996.11988636364,59294.642456416914,4030900.0,2581600
2023-12-01,37898.31640625,59294.640625,38142.821673387094,59381.32869608918,37213.70165826613,58687.82412737573,37898.31640625,58947.88834064327,4161100.0,1391800
2023-12-04,39071.94140625,59641.38671875,39560.95193699155,60248.203153388444,37947.21718554443,59294.63447038518,38045.01929169274,59381.322532476384,10597400.0,3006800
2023-12-05,39120.83984375,59034.58203125,39218.64194335938,59814.77474531939,38827.43354492188,58947.89395190896,39071.938793945315,59641.398586637304,6197600.0,2302100
2023-12-06,40049.96484375,59381.33203125,40147.76695570055,59468.02010720803,39071.943724244506,59034.579727417884,39120.844780219784,59034.579727417884,9053800.0,1606600
2023-12-07,39952.16015625,59294.640625,40196.66542036414,59641.39290935672,38631.83173003366,58514.44798519737,40147.76436754131,59641.39290935672,10595000.0,3874400
2023-12-08,41663.69921875,59814.76953125,42054.907662118545,60074.83374660327,39512.052780223006,58947.8888134058,39903.26122359155,59294.64110054348,16804000.0,3729400
2023-12-11,41565.89453125,60681.6484375,41712.59768841912,61115.08878348215,40979.08190257353,60594.960368303575,41663.69663602942,61115.08878348215,6207500.0,4734500
2023-12-12,41565.89453125,60161.52734375,41663.69663602942,60768.34390197226,41174.68611213235,59814.77502476585,41565.89453125,60681.655822226225,5956500.0,2788700
2023-12-13,40783.4765625,59121.265625,42641.71650179856,60421.58671645894,40636.77340939748,59034.577552236064,41859.2996852518,60334.898643695014,10863600.0,4511000
2023-12-14,40685.67578125,59294.640625,41370.29051795373,59728.080980445906,40490.07157076322,59121.264482821636,41174.686307466945,59294.640625,6544400.0,1462000
2023-12-15,39854.359375,59034.58203125,40685.6773006135,59468.02242795521,39609.854102760735,59034.58203125001,40685.6773006135,59381.334348614175,9350200.0,3739700
2023-12-18,38729.6328125,58081.00390625,40049.96120383523,59121.260692630596,38631.83070943813,58081.00390625,40049.96120383523,59034.57262709888,8699600.0,3513100
2023-12-19,39756.55859375,58081.00390625,40001.063874154366,58427.756168376865,38338.42796740467,57474.187447527984,38631.83430388991,58167.691971781715,5738900.0,3061900
2023-12-20,41468.09375,59034.58203125,41468.09375,59121.270110591046,39609.85369988207,58081.013158498536,39756.55686173349,58081.013158498536,12451800.0,2603900
2023-12-21,41712.59765625,58774.51953125,41761.498708602,59207.959940772496,40930.180818618115,58774.51953125,41272.48818508207,58861.207613154496,7205700.0,2585900
2023-12-22,41419.19140625,58601.13671875,41712.59772081611,59034.57707909578,41076.8840392562,58514.448646680845,41516.99351110537,58774.51286288832,6074600.0,2145700
2023-12-25,41712.59765625,58861.19921875,42739.51975564186,59554.703775082846,41419.191342138045,58601.13501012519,41419.191342138045,58601.13501012519,8477900.0,2672700
2023-12-26,41761.5,58947.89453125,42201.60948477752,59381.334932215075,41419.192622950824,58947.89453125,41614.79683840749,59207.95877182904,6768400.0,1975400
2023-12-27,41908.203125,58947.890625,42103.807340285886,59559.20208333334,41614.79680207118,58947.890625,41761.49996353559,59384.54166666667,5243000.0,1626400
2023-12-28,42103.8046875,59821.1953125,42299.40889046167,59821.1953125,41859.29943379791,58947.89319114964,41908.20048453833,58947.89319114964,6371500.0,2408700
2023-12-29,41859.30078125,59035.22265625,42348.31130439544,59995.85497757951,41712.59762430636,59035.22265625,42250.509199766355,59995.85497757951,4181100.0,1954700
2024-01-01,41859.30078125,59035.22265625,41859.30078125,59035.22265625,41859.30078125,59035.22265625,41859.30078125,59035.22265625,0.0,0
2024-01-02,41516.9921875,59646.53125,42348.31005226737,59821.191663616395,41223.58588228798,59297.2104227672,42152.7058487927,59559.201043191795,7140400.0,2142800
2024-01-03,42250.51171875,60257.84375,42495.01699490017,60257.84375,41076.886393229164,59384.54166666667,41468.094835069445,59733.8625,6083900.0,1889800
2024-01-04,42250.51171875,60257.84375,42837.324381510414,60694.49479166667,42054.90749782986,60257.84375,42250.51171875,60345.17395833333,8516100.0,3401500
2024-01-05,42886.22265625,60083.17578125,43130.72791654789,60519.82676803234,42054.904771237176,59821.18518918059,42250.50897947549,60519.82676803234,9042100.0,1475700
2024-01-08,42250.51171875,59559.203125,43326.334933810766,60345.17501374633,42250.51171875,59559.203125,43326.334933810766,60257.84480388563,6213200.0,2396400
2024-01-09,41761.5,59471.875,42250.51053864169,59821.195851688695,41468.09367681499,59384.54478707783,42201.60948477752,59559.20521292218,9017100.0,2460400
2024-01-10,41321.38671875,58947.890625,41957.10036057692,59471.871875000004,40979.07937315089,58860.56041666667,41761.49616309172,59471.871875000004,6770700.0,3006600
2024-01-11,41516.9921875,59297.2109375,42201.60689966137,59821.19218289764,41272.48693315665,58947.8901072349,41321.38798402532,58947.8901072349,4992900.0,2083900
2024-01-12,40979.08203125,58685.90234375,41663.69676685561,59297.2138264974,40881.27992616349,58511.24192010789,40930.18097870674,59035.22319103422,7139700.0,3283000
2024-01-15,41957.10546875,58511.234375,42348.31391134907,58947.885377798506,41321.39174952652,58511.234375,41614.79808147582,58685.8947761194,8986100.0,2226700
2024-01-16,43326.33203125,58860.5625,43424.13413515801,58860.5625,41859.3004726298,58249.251020029675,41957.102576537814,58511.24165430268,17419100.0,2072400
2024-01-17,43913.14453125,58598.56640625,44597.759256681515,59297.20803255402,43326.33190945156,58511.236202962,43326.33190945156,58947.887219402015,12486000.0,1826400
2024-01-18,44842.265625,58860.5625,44842.265625,59209.88334569733,43619.739299345696,58773.23228857567,43913.14561750273,58773.23228857567,8902000.0,1228400
2024-01-19,45037.8671875,59384.54296875,45673.58083944082,59908.524230238974,44304.351435260585,58860.56170726103,44988.966137350704,58860.56170726103,10717800.0,2619900
2024-01-22,45135.671875,59646.53125,45282.37503385699,59995.8520772328,44157.65081595341,59384.5406295754,45086.77082204767,59384.5406295754,7235900.0,1959800
2024-01-23,44402.15625,59122.5546875,45135.6720470815,59646.53596981167,44255.4530905837,59035.22447378139,45135.6720470815,59646.53596981167,6100600.0,2112000
2024-01-24,43424.1328125,58773.23046875,44451.05487225507,59384.54192979198,43375.23176203547,58685.90026002972,44206.54961993243,59209.881512351414,9683400.0,2083500
2024-01-25,43424.1328125,58773.23046875,43424.1328125,58773.23046875,43424.1328125,58773.23046875,43424.1328125,58773.23046875,0.0,0
2024-01-26,43913.14453125,58511.234375,44499.957153048446,58947.885377798506,43766.441375800394,58511.234375,44010.946634883076,58511.234375,3781900.0,1675800
2024-01-29,43619.73828125,58511.234375,44157.649851982904,58773.2249766791,43521.93617748038,58423.90417444029,43962.045644443664,58598.5645755597,4128300.0,1732800
2024-01-30,44402.15625,58423.91015625,44451.05730313877,58773.23099425449,43521.937293502204,58423.91015625,43619.73939977973,58773.23099425449,7138200.0,1790400
2024-01-31,44010.9453125,58511.234375,44891.164218750004,59559.19678171641,43668.63796006945,58423.90417444029,44695.56001736112,58685.8947761194,8743600.0,4020100
2024-02-01,45184.57421875,58947.890625,45673.584762242965,59209.881250000006,44010.94891436688,58685.9,44010.94891436688,58685.9,11303100.0,2499300
2024-02-02,45184.57421875,58947.890625,45184.57421875,58947.890625,45184.57421875,58947.890625,45184.57421875,58947.890625,0.0,0
2024-02-05,46358.1953125,59384.54296875,46553.799512130805,59559.20338924632,45771.38271360759,58685.9012867647,46455.9974123154,58860.56170726103,7536900.0,3565900
2024-02-06,45966.9921875,59035.22265625,46456.00274268617,59559.20392242973,45771.38796542553,59035.22265625,46456.00274268617,59471.87371139978,5404000.0,2392800
2024-02-07,45575.78125,59035.22265625,46015.89072559013,59297.21328933987,45429.07809146996,58685.90181213018,45918.088619903436,59035.22265625,5707100.0,2736300
2024-02-08,45575.78125,59035.22265625,45575.78125,59035.22265625,45575.78125,59035.22265625,45575.78125,59035.22265625,0.0,0
2024-02-09,45575.78125,59035.22265625,45575.78125,59035.22265625,45575.78125,59035.22265625,45575.78125,59035.22265625,0.0,0
2024-02-15,44842.265625,59035.22265625,45966.989844601965,59384.54350036982,44842.265625,58685.90181213018,45918.08879157579,59035.22265625,9340100.0,3876600
2024-02-16,45282.375,61131.140625,45575.781317494606,61393.131227678576,44793.36447084234,58947.88560267857,45380.177105831535,59209.87620535715,5001500.0,11114600
2024-02-19,45771.38671875,62790.421875,46162.595152243586,63401.73335361614,45135.673014322914,61742.459340229485,45477.980393629805,61917.11976269124,7504700.0,6652800
2024-02-20,45771.38671875,62441.1015625,45918.089881310094,63227.07347027972,44988.96985176282,62266.44113854895,45918.089881310094,62615.76198645105,7870400.0,4385700
2024-02-21,45086.76953125,62266.4375,45673.582149877984,62790.41874123422,44988.96742814533,62004.446879382886,45673.582149877984,62441.097913744736,6479800.0,3590200
2024-02-22,44304.35546875,62528.4296875,45282.37656077539,63489.0619871683,44206.55335954746,62091.77864219623,45282.37656077539,62266.43906031774,11202700.0,4648100
2024-02-23,43032.92578125,62004.44921875,44548.858393998584,63489.06279159331,42984.02472922585,62004.44921875,44304.35313387784,62703.09090008803,17637600.0,6142500
2024-02-26,43375.234375,62004.44921875,43521.93753523112,62615.760689920775,42103.806986330324,61742.458588248235,43032.9270011274,62004.44921875,13530900.0,3048400
2024-02-27,43766.4453125,62877.75,44206.554818435754,63227.07083333334,43424.13791899441,62091.778125000004,43717.54425628491,62179.10833333334,9636200.0,5282500
2024-02-28,44304.35546875,63052.41015625,44842.26706936397,63401.730988140574,43766.44386813604,62441.09870044148,44010.94914114239,63227.07057219528,13790900.0,3419000
2024-02-29,45184.57421875,62877.75,45966.99108833874,64013.042708333334,44988.97000135281,62528.42916666667,45380.17843614719,63401.731250000004,13891900.0,6539800
2024-03-01,45575.78125,62441.1015625,46260.39598980687,62965.08283435315,45086.77072156653,62179.11092657343,45526.88019715666,62965.08283435315,15362500.0,4397700
2024-03-04,46358.1953125,62877.75,46896.1068614847,63489.06145833334,45575.778513976795,62528.42916666667,45575.778513976795,62703.089583333334,16593900.0,5014600
2024-03-05,48901.0546875,63751.05078125,48901.0546875,63751.05078125,46456.001953125,62615.75809610445,46553.8040625,62877.74871575342,22380300.0,5440900
2024-03-06,47629.625,62703.08984375,49194.45867556468,64187.70339158252,47238.41658110883,62703.08984375,48901.0523613963,64013.04297419046,15082600.0,4833900
2024-03-07,47923.03125,62877.75,48167.53651147959,62965.08020833333,47042.81230867347,62266.43854166667,47629.62493622449,62615.759375,9439900.0,5067600
2024-03-08,46700.50390625,61131.140625,48167.535442571985,63663.71645089286,45966.988138089,61131.140625,48167.535442571985,62965.07484375,20599700.0,7361000
2024-03-11,45380.1796875,61393.140625,47238.419804014,62266.44276760313,45233.47652040679,61131.14998221906,46456.002912850214,61567.80105352063,13804500.0,4208400
2024-03-12,45722.484375,61131.140625,46847.2085895722,61655.121830357144,45037.86963569519,61131.140625,45135.671741310165,61480.461428571434,16650100.0,3844000
2024-03-13,47482.921875,61829.7890625,47629.625032183314,61917.119273040254,45771.38504119464,61131.147378177964,45771.38504119464,61218.47758871822,8934000.0,5646500
2024-03-14,46211.49609375,61567.796875,47923.03298611112,62266.43854166667,46064.79293154762,61393.136458333334,47727.42876984127,62004.44791666667,13304100.0,5445400
2024-03-15,46309.296875,60860.1171875,46651.6042436642,62010.09033203125,45526.880032338966,60771.65771484375,46211.49476966737,62010.09033203125,8865700.0,4851100
2024-03-18,44891.16796875,60063.984375,46896.11120046977,61125.49809002209,44646.662696589054,59798.605946244475,46162.59538398693,60860.119661266566,12153200.0,6796400
2024-03-19,44499.95703125,59975.52734375,45380.175961538465,60594.74370275627,44353.253876201925,59975.52734375,44988.96754807692,60594.74370275627,8063800.0,3164500
2024-03-20,46945.0078125,60152.4453125,47580.721459960936,60683.20218290441,44597.757421875,59710.147920496325,44597.757421875,59975.52635569853,20639900.0,3546900
2024-03-21,47434.01953125,60506.28125,47874.128990818295,60594.74072551169,46945.009020618556,60063.983872441524,47434.01953125,60329.36229897661,9096600.0,4906200
2024-03-22,48020.83203125,59975.52734375,48314.23833693992,60771.66266247234,46945.00891038697,59975.52734375,47629.62362366344,60683.20318261431,12080800.0,6066700
2024-03-25,47238.4140625,59533.2265625,49194.45605266563,60329.36183599554,47238.4140625,59356.307612834324,47923.02875905797,60063.98341149703,10366400.0,5450700
2024-03-26,47580.7265625,59887.06640625,47825.23183774409,60063.98536165989,46749.40862667009,59533.2284954302,47238.41917715827,59621.68797313515,7523200.0,2504200
2024-03-27,49585.66796875,59887.06640625,50270.28271388067,60152.44483936484,47482.92268013437,59710.1474508401,47727.427946252465,60152.44483936484,12737300.0,2637700
2024-03-28,49879.07421875,59887.06640625,51052.69949448529,60506.28275018463,49292.261580882354,59798.60692854505,49683.47000612745,59887.06640625,11651700.0,4470700
2024-03-29,49976.87890625,59798.60546875,50857.09790851272,60506.281273113906,49683.47257216243,59710.14599320451,49879.07679488747,60506.281273113906,11812000.0,3484600
2024-04-01,50270.28515625,59267.84765625,51443.91049063716,59887.06397504664,49585.67037785749,59267.84765625,49683.472489056425,59798.60450093284,13699100.0,4988000
2024-04-02,50465.8828125,59533.2265625,50465.8828125,59621.68603733284,48852.14818768168,59002.46971350297,49879.07022165698,59267.848138001485,12311500.0,4322900
2024-04-03,49096.65625,59002.46875,50074.677290836655,59533.225590329836,48803.249937749,59002.46875,49879.073082669325,59533.225590329836,14384300.0,5046100
2024-04-04,49585.66796875,60329.3671875,49585.66796875,60506.28615285924,47923.03215914694,59002.47494730572,48901.053223619325,59002.47494730572,13048500.0,7472800
2024-04-05,49879.07421875,60063.984375,50368.08475030637,60329.362803755525,48363.14157092524,59887.065422496315,48901.05315563725,60329.362803755525,8145300.0,4233800
2024-04-08,48901.0546875,59267.84765625,49879.07578125,60152.44239738806,48705.45046875,59179.388182136194,49879.07578125,60152.44239738806,6085000.0,3666000
2024-04-09,51639.51171875,59267.84765625,51932.9180353338,59533.22607859142,48705.44855291193,59090.92870802239,48901.052763967804,59356.307130363806,19487100.0,2516000
2024-04-10,50857.09375,59090.9296875,52030.718990384616,59533.227065400446,50563.68743990385,59090.9296875,51737.312680288465,59356.308114240266,10159900.0,2765500
2024-04-11,51150.5,58914.01171875,51639.51051625239,59179.39014991554,50074.67686424474,58825.55224169482,50074.67686424474,59002.47119580518,6968900.0,2947700
2024-04-12,50857.09375,59002.46875,51443.90637019231,59356.306643553224,50465.885336538464,58914.009276611694,51150.50006009616,59090.928223388306,6665600.0,2509200
2024-04-15,48803.25,57410.203125,50857.09418837675,59002.47378177966,48412.04158316633,57410.203125,50563.6878757515,59002.47378177966,16505200.0,5756100
2024-04-16,48803.25,56614.06640625,48901.052104208415,57498.661193847656,47629.624749498995,55729.471618652344,48412.04158316633,57410.20171508789,11616300.0,7128700
2024-04-17,48314.23828125,56790.98046875,49292.25929908907,57410.19676669587,47874.12882322242,56790.98046875,49292.25929908907,56967.89941102025,6951200.0,4589800
2024-04-19,47140.61328125,56790.98046875,48216.43640592583,56967.89941102025,46993.910127885116,55994.84522853388,48167.535354804204,56790.98046875,9473100.0,4516100
2024-04-22,47531.82421875,56614.06640625,48314.2410783179,57764.03963012695,47091.714735243055,56614.06640625,48118.63686342593,57233.282757568355,12292300.0,2035200
2024-04-23,48705.44921875,56171.76953125,49194.4597530748,56879.44536786417,47580.72498980296,55906.39109251968,48020.83447069528,56790.985888287396,18043000.0,2014400
2024-04-24,51150.5,56614.06640625,51150.5,56879.444842529294,48754.348470363286,56171.76901245117,49096.65583173996,56614.06640625,11530800.0,2401300
2024-04-25,52617.53125,57233.28515625,52617.53125,57321.74463871715,50270.28078531598,56525.60929651275,50954.895504182154,56614.068778979905,19317400.0,1916000
2024-04-26,53693.35546875,57498.6640625,53791.15757342896,58206.33992788462,51835.11547984972,57056.36664663462,52324.126003244535,57233.28561298077,11864700.0,2940600
2024-04-29,53693.35546875,57498.6640625,53693.35546875,57498.6640625,53693.35546875,57498.6640625,53693.35546875,57498.6640625,0.0,0
2024-04-30,53693.35546875,57498.6640625,53693.35546875,57498.6640625,53693.35546875,57498.6640625,53693.35546875,57498.6640625,0.0,0
2024-05-02,54377.96875,57852.5,55551.59397482014,57940.95948012233,53497.74983138489,57410.20259938838,54769.17715827338,57852.5,21954900.0,2563400
2024-05-03,54475.76953125,58029.4140625,55942.801026705565,58383.251953125,53791.15483337074,57940.95458984375,54475.76953125,58029.4140625,29616700.0,1966400
2024-05-06,57018.62890625,58206.33984375,57507.639445754714,58737.09674202128,54573.576208726416,57940.96139461436,54866.98253242924,58206.33984375,11257200.0,2261300
2024-05-07,57996.6484375,60152.4453125,58192.25264808178,60594.742704503675,56236.210542263914,58294.79626608456,57507.63791104553,58383.255744485294,9460000.0,8485900
2024-05-08,57801.046875,60063.984375,57996.65109454315,60152.44385125184,56920.82788705584,59356.30856498527,57312.03632614214,60152.44385125184,8126500.0,2964400
2024-05-09,57605.44140625,58914.01171875,57898.84772920204,60063.984920467345,57116.430867996605,58914.01171875,57703.24351390068,60063.984920467345,10475400.0,2998000
2024-05-10,57605.44140625,58825.55078125,57703.24351390068,59710.14552984023,56138.409791489816,58471.71288181391,57507.63929859932,59002.46973096805,9750700.0,2418100
2024-05-13,57018.62890625,58206.33984375,57605.441553655655,59090.93467420212,56725.22258254717,57852.50191156915,57605.441553655655,58914.0157081117,7241900.0,2732500
2024-05-14,58779.0625,58825.55078125,59659.28140599001,59267.848155545114,56725.21838602329,58294.79393209587,57214.22888935108,58294.79393209587,16222000.0,2433100
2024-05-15,59463.6796875,59267.84765625,60735.10704923931,59533.22607859142,58681.26284950658,59002.46923390858,59268.07547800164,59179.388182136194,13069600.0,3234900
2024-05-16,58583.4609375,59444.76953125,59757.08619835142,59887.06692359561,58387.85672735809,59267.85057431176,59561.48198820952,59356.31005278088,12942100.0,2911400
2024-05-17,58290.0546875,59267.84765625,58974.669423762585,59975.52344916045,57703.24205641778,59090.92870802239,58485.65889786074,59533.22607859142,8962800.0,4169000
2024-05-20,58681.26171875,58737.09765625,60246.09536458333,59798.611469314754,58192.251204427084,58737.09765625,58681.26171875,59356.31404720444,9202200.0,4920600
2024-05-21,59170.2734375,58560.171875,59952.690276342975,58914.00977152568,58681.26291322314,58206.333978474315,59268.07554235537,58737.090823262835,4730800.0,3799500
2024-05-22,59659.28515625,58206.33984375,60246.09779713115,59002.47519115691,58290.05566086066,58206.33984375,59268.076728995904,58737.09674202128,8945300.0,3618300
2024-05-23,60637.3046875,59267.84765625,60637.3046875,59267.84765625,58681.262600806454,58206.333966884325,59365.8773311492,58383.25291511194,8859900.0,2991400
2024-05-24,59170.2734375,58383.2578125,60343.89869576446,59179.39314630682,57605.43975981405,58117.87936789773,59854.8881714876,59002.474183238635,13646200.0,4104100
2024-05-27,58681.26171875,58471.71484375,59170.272233072916,58914.012232885776,57898.84489583333,58206.33641026853,58779.06382161458,58471.71484375,6367800.0,2336600
2024-05-28,60148.29296875,59090.9296875,61419.720299796754,59533.227065400446,58779.06353531504,58471.71335843937,59072.46984247968,58648.63230959955,9931000.0,5347500
2024-05-29,59170.2734375,58648.6328125,60637.30501033057,59533.22757588612,59170.2734375,58383.25438348416,60246.09659090909,59267.849146870285,6883200.0,3357900
2024-05-30,61419.72265625,58117.875,61419.72265625,58560.172374429225,57898.846835191085,57940.956050228306,58583.46157817476,58471.712899543374,14761100.0,4412600
2024-05-31,62202.140625,57852.5,62984.557488207545,58294.79740061162,61028.515330188675,57764.04051987768,61419.72376179245,58294.79740061162,10260200.0,4143400
2024-06-03,62202.140625,57852.5,62202.140625,57852.5,62202.140625,57852.5,62202.140625,57852.5,0.0,0
2024-06-04,62397.7421875,58383.2578125,62788.95060246865,58914.014701704546,61713.12746130486,58383.2578125,62593.34639498432,58471.71729403409,6569500.0,2445200
2024-06-05,60637.3046875,60594.7421875,61908.73204385081,61213.9585310219,60246.09627016129,58560.17420164233,61615.32573084677,58560.17420164233,13778200.0,11865800
2024-06-06,60539.50390625,59444.76953125,61126.316545082795,61037.0401436942,60246.0975868336,59444.76953125,60637.30601272213,61037.0401436942,7071800.0,4887800
2024-06-07,60735.109375,59975.52734375,61419.72413446054,60683.20318261431,60441.70304951691,59710.14890417588,60930.71359198873,59798.60838403392,4298200.0,4127600
2024-06-10,61615.328125,59444.76953125,61908.734449404765,60594.74275134858,60637.3070436508,59444.76953125,60832.911259920635,60506.28327287946,4849000.0,4564100
2024-06-11,60930.7109375,58825.55078125,62006.53408406902,59710.14552984023,60441.70041633226,58737.091306390976,61908.73197983547,59621.686054981205,6438600.0,6177100
2024-06-12,62006.53515625,59267.84765625,62495.545685873425,59533.22607859142,60637.30567330442,58648.63133745336,61224.11830885253,58825.55028568097,5024800.0,3425100
2024-06-13,62593.34375,59179.39453125,62984.552148437506,59621.6919492713,61713.12485351563,59090.93504764574,62299.93745117188,59267.85401485426,7862300.0,2803600
2024-06-14,61615.328125,58560.171875,62788.95342261905,59533.22609044562,61615.328125,58560.171875,62593.34920634921,59267.847668051356,8119800.0,4124200
2024-06-17,60637.3046875,58383.2578125,61419.72152217742,58914.014701704546,59659.28364415323,58383.2578125,61419.72152217742,58648.63625710228,9503600.0,3617600
2024-06-18,60832.91015625,58294.79296875,61126.316475331594,58825.549809133154,59757.086986284165,58294.79296875,60735.10804988947,58825.549809133154,7174700.0,2751700
2024-06-19,61908.734375,57764.03515625,62299.94280706951,58383.25145960949,60246.09853870458,57587.116212433,60539.504862756716,58383.25145960949,7686100.0,6155000
2024-06-20,62104.33984375,58383.2578125,62104.33984375,59090.93366477273,61126.318743848424,57675.581960227275,61810.93351377953,57852.500923295454,5638200.0,4397100
2024-06-21,62104.33984375,58383.2578125,63277.96516363189,59356.312109375,61028.51663385827,58383.2578125,61615.329293799216,58825.555220170456,7135200.0,3967700
2024-06-24,60637.3046875,57940.9609375,62104.33625252016,58914.01524332061,60148.29416582661,57764.041972805346,62104.33625252016,58471.71783158397,11379200.0,3847700
2024-06-25,60637.3046875,57940.9609375,61321.91941784274,58560.1773139313,60246.09627016129,57940.9609375,60637.3046875,58206.339384541985,6381000.0,2433600
2024-06-26,61224.1171875,57675.58203125,61810.92981230032,58206.33892110813,59952.68983376597,57587.12254960698,61126.315083366615,58206.33892110813,8185600.0,2485100
2024-06-27,62006.53515625,57764.03515625,62202.13936809937,58029.4135719755,60637.30567330442,57587.116212433,60637.30567330442,57675.5756843415,8297600.0,2708400
2024-06-28,61513.63671875,57940.9609375,62203.69354091547,58383.25834923664,60725.0003505609,57764.041972805346,62203.69354091547,57940.9609375,6187200.0,2731700
2024-07-01,64865.33984375,58383.2578125,64865.33984375,58383.2578125,61119.317178001525,57764.041441761365,61710.79444101444,58206.33884943182,21785800.0,1909300
2024-07-02,65062.5,58560.171875,65062.5,58648.631349131414,63780.96590909091,58206.333978474315,64865.34090909091,58383.25292673716,9245500.0,2042800
2024-07-03,64569.6015625,58560.171875,65456.81746183206,58648.631349131414,64175.28338501909,58383.25292673716,64963.91973998092,58560.171875,7436000.0,1332600
2024-07-04,64175.28125,58737.09765625,65358.235743087556,59179.395078360314,63978.122167818736,58648.63817182794,64766.75849654378,58648.63817182794,5861500.0,2688900
2024-07-05,64668.1796875,59444.76953125,64865.33877191311,59710.147966657365,64076.702434260675,58737.09370349702,64273.86151867378,58737.09370349702,7939400.0,4180100
2024-07-08,66048.296875,59798.60546875,66442.61506529851,59887.06494429549,64668.183208955226,59267.84861547707,64668.183208955226,59533.22704211353,10448700.0,4942400
2024-07-09,65851.1328125,59710.15234375,66245.4509730539,59975.530798611115,65358.23511180763,59444.77388888889,66245.4509730539,59798.6118287037,7977800.0,5045200
2024-07-10,64273.86328125,59090.9296875,65851.13599980828,59975.5244433009,64273.86328125,59090.9296875,65752.55645489838,59710.146016560626,10907100.0,3881700
2024-07-11,63879.54296875,58648.6328125,64766.75884331597,59267.849146870285,63682.38388551312,58648.6328125,64471.020218460646,59179.38967053167,8302000.0,3787100
2024-07-12,63879.54296875,58648.6328125,64471.020218460646,58914.01124151584,63189.48617742091,58471.713859822776,63879.54296875,58737.09228883861,8736600.0,2079900
2024-07-15,63386.6484375,58560.171875,64076.705263413685,59179.388193919935,63189.4893443818,58560.171875,63978.125716854585,58648.631349131414,3694800.0,2155300
2024-07-16,63189.48828125,58471.71484375,64372.44282005655,59002.47171071293,63189.48828125,58471.71484375,63682.386005752734,58737.09327723146,7680700.0,2243700
2024-07-17,62598.01171875,58117.875,63780.966270915356,58825.550799086755,61316.47762057087,58029.41552511416,63780.966270915356,58560.172374429225,16982000.0,3464800
2024-07-18,64076.703125,58294.79296875,64076.703125,58383.25244214719,62499.43043269231,57940.955075161226,62598.00997596154,58383.25244214719,7938100.0,2283000
2024-07-19,64668.1796875,57764.03515625,65358.23648294589,58294.79198770099,63780.96380764101,57587.116212433,64076.702434260675,58294.79198770099,12007200.0,3392700
2024-07-22,64372.44140625,57852.5,64471.02094898545,58383.25688073395,62893.74826521822,57675.58103975536,64273.86186351455,57764.04051987768,5883400.0,2654800
2024-07-23,61612.21484375,58294.79296875,64076.7034375,58648.63086233877,61119.317125,57940.955075161226,64076.7034375,58029.414548558416,9198000.0,3777800
2024-07-24,60527.83984375,58029.4140625,61119.317106066774,58471.71142578125,57767.612619605046,58029.4140625,60724.99893118892,58206.3330078125,15062500.0,3613500
2024-07-25,60133.5234375,58029.4140625,60133.5234375,58117.87353515625,58851.98933145491,57764.03564453125,59147.72797131147,58029.4140625,4903300.0,1957600
2024-07-26,60133.5234375,58206.33984375,60133.5234375,58560.177775930846,59542.046157786885,57852.50191156915,59640.625704405735,57852.50191156915,4384000.0,2975400
2024-07-29,61119.31640625,59444.76953125,61513.63457661291,59798.60744512649,60232.10052293347,58294.79631115141,60527.83915070565,58560.174746558776,5340200.0,5781800
2024-07-30,62105.11328125,59887.06640625,62302.272371031744,60506.28275018463,61020.7382874504,59179.39058461041,61119.31783234127,59533.2284954302,5470300.0,6375600
2024-07-31,62893.75,63336.98828125,63583.80681818182,63690.82620460894,62598.01136363637,60594.74437521823,62992.32954545455,60594.74437521823,10333100.0,21144900
2024-08-01,61217.8984375,62187.015625,62893.75072966989,63602.36733197013,60626.42115791063,62010.09666162873,62893.75072966989,63513.90785028449,10605900.0,8865800
2024-08-02,62006.53125,63248.53125,62006.53125,63602.36918706294,59837.78134936407,61921.63898601399,60133.51997217806,61921.63898601399,7605200.0,10290200
2024-08-05,60725.0,61390.875,61415.05681818182,62983.145533141214,59443.46590909091,60594.73973342939,60626.420454545456,62806.22658501441,11577700.0,12155500
2024-08-06,61415.0546875,64310.05078125,61415.0546875,64840.807734052614,59739.202472913326,61921.64449363824,60922.15697732745,62187.02297003954,6419700.0,13496200
2024-08-07,61415.0546875,65283.09765625,61612.213771569026,65283.09765625,60626.41835122392,64044.66490938347,61415.0546875,64752.340764735774,4794900.0,10700700
2024-08-08,61513.63671875,64310.05078125,62006.53444886819,65813.86214752407,61020.73898863181,63867.753320581156,61119.318534655446,65371.56468685523,5791600.0,5811000
2024-08-09,64668.1796875,64840.796875,64865.33877191311,64929.25635231924,61612.2138790968,64133.12105644611,61809.37296350991,64398.49948840382,17518100.0,4527500
2024-08-12,65653.9765625,64575.41796875,65851.13565127627,65813.85064212329,64668.18111861862,64398.499015410955,64963.91975178303,64840.79639875856,11011200.0,5804000
2024-08-13,65752.5546875,65283.09765625,66245.4523988006,65813.85454776423,64569.600180378555,64310.04335514058,65851.13422976012,64398.50283705962,9391000.0,6734400
2024-08-14,65653.9765625,65460.01171875,66048.29474005256,65548.4711940456,64865.3402073949,64840.79539168074,65851.13565127627,65460.01171874999,6293000.0,5456200
2024-08-15,64963.91796875,65283.09765625,65456.81567716237,65990.77351160231,64372.44071865516,65194.63817433096,65358.2361354799,65460.01662008808,7146900.0,4255800
2024-08-16,68019.8828125,65283.09765625,68512.78051403986,65548.47610200712,64963.917062952896,64752.340764735774,65062.49660326087,65460.01662008808,18518500.0,7392900
2024-08-19,68019.8828125,67229.2109375,68709.93959465579,67229.2109375,67625.56465126811,65283.10219983553,68019.8828125,65460.02117598685,6418900.0,7917900
2024-08-20,68512.78125,66875.359375,68512.78125,67406.11619543651,67329.82675359712,66609.98096478175,68019.88354316547,67229.197255291,8137200.0,4177300
2024-08-21,68808.5234375,66609.9921875,69202.84162338826,67317.66806731408,67921.30751925144,66433.07321754648,68414.20525161175,66521.53270252324,8947700.0,3991000
2024-08-22,69005.6796875,65636.9296875,69202.83877232143,67229.2002190027,68118.46380580356,65106.17284366577,68709.94106026785,67229.2002190027,5281400.0,6025900
2024-08-23,69005.6796875,66256.15625,69202.83877232143,66875.3726635514,68315.622890625,65813.858811749,69005.6796875,66256.15625,4425700.0,3307600
2024-08-26,68808.5234375,64929.25,69794.31890222064,66344.60149863761,68611.36434455587,64840.79053133515,69005.68253044413,66256.14202997275,5961000.0,6324800
2024-08-27,68808.5234375,65017.71484375,68808.5234375,65283.093271683676,66836.93250805874,64221.57955994898,68414.20525161175,64929.25536777211,14475100.0,4265800
2024-08-28,68414.203125,65371.546875,68709.94175522334,65460.00634303112,67724.14632114553,64752.33059878214,68709.94175522334,65106.168470906625,6602000.0,3352800
2024-08-29,68118.4609375,65017.71484375,68414.1995522793,65460.01222363945,67625.56324620116,64929.25536777211,67921.30186098046,65194.633795705784,4226000.0,2042900
2024-08-30,68808.5234375,65371.546875,68808.5234375,66167.6820872801,67724.1484263073,64929.24953484438,68118.46661219557,65106.168470906625,5295100.0,3675800
2024-09-04,68118.4609375,65725.3984375,68709.93816705862,65902.31741041386,67231.24509316208,64663.88460001682,67724.14278446093,64840.80357293069,4462400.0,2839100
2024-09-05,66935.5078125,66079.2265625,67921.30321474596,66698.44287566934,66639.76919182621,65548.46972264056,67822.72367452136,65725.38866926037,8478300.0,5857500
2024-09-06,67034.0859375,66698.453125,67034.0859375,66786.91261190319,65851.1314797794,66167.6962035809,66639.76778492647,66256.15569048408,8345500.0,3641800
2024-09-09,66541.1953125,66167.6953125,67034.09305555555,66433.0737696357,66245.45666666667,65636.93839822861,66738.35440972222,66433.0737696357,3677000.0,2638800
2024-09-10,66836.9296875,66256.15625,67724.14556830752,66786.9131759012,66541.19106056416,65725.39932409879,66541.19106056416,66167.69676234979,6456200.0,3332400
2024-09-11,66836.9296875,65990.765625,66935.50922981194,66433.06298173591,66146.87289131636,65371.5493255697,66836.9296875,66167.68456769436,6804000.0,3165200
2024-09-12,66541.1953125,66079.2265625,67034.09305555555,66521.52392904952,66245.45666666667,65813.84814257028,67034.09305555555,66344.60498242972,3872500.0,2052100
2024-09-13,66245.453125,64486.95703125,66541.19175502233,66167.68704989713,65555.39632161458,64486.95703125,66245.453125,66167.68704989713,7126500.0,5347100
2024-09-16,65161.078125,63602.36328125,66048.29401475038,64575.417517819886,65062.4985816944,63602.36328124999,65949.71447144478,64575.417517819886,5295500.0,4034700
2024-09-17,65851.1328125,64929.25,65851.1328125,64929.25,64569.59879069985,63425.43903269755,65259.65557166916,63690.8174386921,8761200.0,2390300
2024-09-18,67231.25,64840.796875,67625.56818181819,65371.55373891541,65851.13636363637,64575.41844304229,65949.71590909091,65106.1753069577,10676700.0,2845300
2024-09-19,67231.25,64840.796875,67526.98863636363,65017.715829638466,66738.35227272728,64575.41844304229,67526.98863636363,64840.796875,5280600.0,1572700
2024-09-20,67034.0859375,64310.05078125,67724.14270450367,65460.024178989,67034.0859375,64310.05078125,67625.5631663603,65017.726718320155,5016600.0,5232400
2024-09-23,66344.03125,64486.95703125,67034.088038633,64752.33545524692,65851.13354383358,64221.57860725309,67034.088038633,64663.87598058127,5047700.0,2930300
2024-09-24,67132.671875,64349.6484375,67822.72870778268,64990.39884868421,66541.19458975771,64166.576891447374,66541.19458975771,64990.39884868421,6640500.0,2076500
2024-09-25,67724.1484375,63708.91015625,67724.1484375,64441.19647988505,67034.09161208151,63708.91015625,67526.98934452329,64349.660689430675,5446300.0,4520500
2024-09-26,67329.828125,64715.796875,68512.7826454978,65081.93999734795,67329.828125,63708.90328854314,67822.72584187408,63708.90328854314,7182600.0,3984100
2024-09-27,66541.1953125,64990.40234375,67625.57034722222,65173.47389964789,65851.13847222223,64715.79500990317,67625.57034722222,64807.330787852115,13131500.0,2968700
2024-09-30,67132.671875,64166.58203125,67132.671875,64990.40405447575,65949.71730451542,64166.58203125,66541.19458975771,64990.40405447575,5927100.0,2043500
2024-10-01,66836.9296875,64166.58203125,67724.14556830752,64715.7967134005,66836.9296875,64166.58203125,67329.82739905974,64258.11781160842,9995700.0,2040200
2024-10-02,66442.609375,64166.58203125,66935.50707066024,64258.11781160842,66048.29121847182,63708.90312945792,66541.18891413204,64258.11781160842,7157400.0,2139900
2024-10-03,65358.23828125,64349.6484375,66442.61327535822,64532.71998355263,64865.340556655356,63983.50534539474,66442.61327535822,64258.11266447369,14743000.0,2948000
2024-10-04,65456.81640625,62702.01171875,65851.13457737198,64532.72738937044,65259.657320689,62610.47593521898,65555.3959490305,64532.72738937044,5272300.0,6134000
2024-10-07,65358.23828125,61420.51171875,66146.87464060143,63434.29898821722,64963.92010157428,61420.51171875,65752.55646092571,62885.08427836252,5548200.0,5986300
2024-10-08,64273.86328125,62427.40625,65752.55645489838,62427.40625,64076.70419143021,61512.04838709678,65752.55645489838,61512.04838709678,11008100.0,2887600
2024-10-09,63288.06640625,62061.2578125,64372.4413758275,62793.54404037611,62696.58915011682,62061.2578125,64076.70274776091,62518.93670492257,20847000.0,3527900
2024-10-10,64076.703125,61969.72265625,64471.02129807693,62976.61622968981,63189.487235576926,61969.72265625,63583.80540865385,62518.93733267172,8668600.0,2622600
2024-10-11,63583.8046875,61969.72265625,64372.441024709304,62427.4015532681,62598.009265988374,61786.651097442766,64076.70239825582,62335.865773864476,10009100.0,2370000
2024-10-14,62696.58984375,61512.04296875,64076.70345666273,62335.86497279576,62696.58984375,61420.507190522694,63978.12391288325,62335.86497279576,8405400.0,2820500
2024-10-15,63485.2265625,61145.90234375,63879.54473990683,61695.11703546033,62795.16975203804,61054.366561798284,62992.32884074146,61512.04547155689,12469800.0,3073300
2024-10-16,64569.6015625,61786.65234375,64766.76065124046,62335.86703125,63386.647030057255,61145.901875,63485.226574427485,61145.901875,13710200.0,2003900
2024-10-17,64865.33984375,61878.1875,64865.33984375,62152.79484097633,64273.862580737084,61603.580159023666,64865.33984375,61878.1875,6628300.0,1655000
2024-10-18,64766.76171875,61695.1171875,65161.07990273021,62244.3318805638,64273.863988774734,61695.1171875,64963.92081074011,61878.1887518546,6162200.0,1597500
2024-10-21,64865.33984375,61603.58203125,65062.498931420974,62152.79672989413,63978.12394923063,61512.046248142644,64372.442124572575,61695.117814357356,4333000.0,1860000
2024-10-22,65358.23828125,61603.58203125,65851.13600584464,62061.26094678678,64569.60192189857,61512.046248142644,65358.23828125,61603.58203125,9781100.0,2250400
2024-10-23,64766.76171875,61603.58203125,65358.23899472032,61878.18938057207,64175.28444277968,61512.046248142644,65161.07990273021,61603.58203125,6100300.0,1635900
2024-10-24,64471.0234375,62610.4765625,65062.50071674312,63159.691269188595,63978.1257047974,61603.582933570906,64471.0234375,61603.582933570906,4641700.0,4365000
2024-10-25,64569.6015625,62244.328125,65062.49928435115,62793.54278492647,64076.70384064886,62152.79234834558,64471.02201812977,62793.54278492647,4951300.0,2170200
2024-10-28,64569.6015625,61512.04296875,64668.18110687023,62244.329194568454,63978.12429627863,61054.36407761347,64569.6015625,61969.72185988654,3958700.0,2923300
2024-10-29,65555.3984375,61328.97265625,65555.3984375,61603.57999650187,64471.02342575188,61145.90109608209,64668.182518796995,61603.57999650187,9538500.0,2030600
2024-10-30,65062.5,60688.22265625,65555.39772727274,61603.580464036575,64766.76136363637,60688.22265625,65555.39772727274,61328.973121700605,8927400.0,3431700
2024-10-31,65555.3984375,60505.1484375,65555.3984375,60962.827321293495,64668.182518796995,59772.862223430406,65062.50070488722,60962.827321293495,6146200.0,5170700
2024-11-01,65062.5,60230.54296875,65161.07954545455,60688.22186668883,64569.60227272727,60047.471409574464,64963.920454545456,60505.15030751329,21332900.0,2178000
2024-11-04,64175.28125,60047.47265625,64963.917578725035,60962.830471131856,63780.96308563748,60047.47265625,64963.917578725035,60322.08000071456,9363400.0,2118800
2024-11-05,64668.1796875,59955.9375,64668.1796875,60413.61641221374,63879.54334984756,59955.9375,63978.12289205412,60139.0090648855,5272300.0,1060900
2024-11-06,64668.1796875,60230.54296875,64766.75922970656,60413.61452792553,64076.702434260675,59772.86407081117,64766.75922970656,60413.61452792553,5415900.0,2594600
2024-11-07,64471.0234375,60322.08203125,64865.34162366208,60596.68938495827,63879.54615825688,60047.47467754173,64865.34162366208,60413.61781581942,5244200.0,1152300
2024-11-08,64076.703125,60139.0078125,64471.02129807693,60596.686715182645,63583.80540865385,60047.472031963465,64471.02129807693,60413.61515410959,4698600.0,1592400
2024-11-11,62105.11328125,59681.328125,64076.70417906746,60230.54280099693,62006.533736359124,59223.64922833589,63583.8064546131,60139.00702166411,9390500.0,2737600
2024-11-12,59936.36328125,59406.72265625,62302.27235814145,60139.00891395416,59936.36328125,59315.18687403698,62203.69281327097,59681.33000288906,10600700.0,1729600
2024-11-13,61020.73828125,59498.2578125,61415.05646077343,60047.4725,59443.4655631563,59223.650468750006,59936.36328756058,59589.79359375,7232500.0,2770700
2024-11-14,60429.26171875,59498.2578125,60725.00035685155,59498.2578125,59837.7844425469,59223.650468750006,60626.4208108177,59498.2578125,4481400.0,1779900
2024-11-15,59049.1484375,58308.29296875,60232.10299718281,59406.72234963697,58950.56889085977,58308.29296875,59936.36435726211,59406.72234963697,6648600.0,3688300
2024-11-18,58063.3515625,57850.61328125,59049.147004987266,58765.97108633307,56288.91976602292,57850.61328125,59049.147004987266,58308.292183791535,12080100.0,3747000
2024-11-19,56683.23828125,57667.54296875,58161.93145380435,58125.2218812004,56683.23828125,57667.54296875,58161.93145380435,57942.150316220235,5338500.0,2733600
2024-11-20,55993.1796875,58216.75390625,57274.71372964349,58399.82545941431,55204.54335387324,57576.00347017492,56387.497854313384,57667.53924675707,9752900.0,2818000
2024-11-21,57866.19140625,58491.36328125,58063.35049110946,58674.434840815724,55697.441472795996,58033.684382335676,56190.339184944634,58308.29172168427,8166800.0,2253500
2024-11-22,58161.9296875,58857.5078125,58556.24785487288,59315.186722395025,57570.45243644068,58491.36468458398,57866.19106197034,58491.36468458398,5804700.0,2176700
2024-11-25,58161.9296875,58857.5078125,58457.668313029666,59132.115158437016,57767.61152012712,58765.972030521,57964.77060381356,58857.5078125,4568500.0,2446600
2024-11-26,59147.7265625,59315.1875,59246.30610677083,59498.25906635802,58161.93111979166,58949.04436728395,58457.66975260417,59040.58015046296,4370400.0,1675600
2024-11-27,59344.88671875,59132.1171875,60034.943541061046,59498.26032797987,58654.829896438954,59040.58140238003,59049.148080616695,59315.18875773994,4937400.0,1586400
2024-11-28,59147.7265625,59040.58203125,59739.203828125,59498.2609617248,58851.9879296875,59040.58203125,59443.4651953125,59498.2609617248,3774500.0,1273300
2024-11-29,59640.625,59132.1171875,59640.625,59315.18875773994,58063.35227272727,58857.509832140095,59147.72727272727,59040.58140238003,5587400.0,1105500
2024-12-02,59542.04296875,59040.58203125,59837.781592766965,59315.189389534884,59049.14526205505,58765.974672965116,59837.781592766965,59132.11781734496,2789900.0,1229100
2024-12-03,58950.56640625,58491.36328125,59443.464118676835,59132.11373973005,58753.407321279265,58491.36328125,59246.3050337061,59132.11373973005,4019600.0,2425200
2024-12-04,57274.71484375,57942.1484375,58950.56708530551,58491.3631146327,57176.13530012909,57942.1484375,58556.24891082186,58399.82733511058,8857200.0,2745800
2024-12-05,60133.5234375,58857.5078125,60330.6825307377,59223.650940416024,57274.71658555327,57850.61421073095,57570.45522540983,58125.221556667966,8615300.0,2218400
2024-12-06,60232.1015625,58674.4375,61020.737916837155,59315.1879875195,59640.62429674713,58674.4375,59936.36292962357,59040.580635725426,7825300.0,1677900
2024-12-09,60232.1015625,58674.4375,60724.99928396072,59040.580635725426,59936.36292962357,58582.90171606864,60724.99928396072,59040.580635725426,4410300.0,1762700
2024-12-10,59936.36328125,58491.36328125,60330.68146073191,58949.04218016432,59640.62464663857,58491.36328125,60232.10191586143,58674.434840815724,4226800.0,1711000
2024-12-11,59147.7265625,58765.97265625,59936.362916666665,59132.11578806464,59049.14701822917,58491.365307389024,59837.78337239583,58491.365307389024,4821400.0,2024600
2024-12-12,59147.7265625,59132.1171875,59640.624283854166,59406.724542859905,59049.14701822917,58765.97404702012,59443.4651953125,58765.97404702012,3772900.0,2249800
2024-12-13,60133.5234375,58765.97265625,60429.26207735656,59040.58000511098,58753.40978483606,58674.43687329634,58950.56887807377,58857.50843920366,5596800.0,1396700
2024-12-16,60133.5234375,59498.2578125,60527.84162397541,59681.329375,59344.88706454918,58765.9715625,60133.5234375,58765.9715625,3621300.0,2387600
2024-12-17,59443.46484375,59132.1171875,60133.521649564675,59498.26032797987,59344.88530006219,59040.58140238003,60133.521649564675,59406.724542859905,3676200.0,1204000
2024-12-18,59344.88671875,59223.6484375,59640.625356883305,59589.79154994204,59049.148080616695,59223.6484375,59344.88671875,59498.25577183153,4076200.0,1614100
2024-12-19,58950.56640625,58491.36328125,59049.145948735364,59040.57795994718,58556.24823630853,58491.36328125,58950.56640625,58949.04218016432,7103100.0,2626900
2024-12-20,59739.203125,59498.2578125,59936.362211221116,59498.2578125,58753.40769389438,58582.9,59147.72586633663,58582.9,3751400.0,3799600
2024-12-23,60133.5234375,58949.0390625,60232.10298411885,59498.253712150625,59640.625704405735,58857.50328755823,59739.205251024585,59223.64638732531,5538600.0,1347800
2024-12-24,60429.26171875,58857.5078125,60429.26171875,59223.650940416024,59837.7844425469,58674.43624854199,60330.68217271615,58949.04359447901,3062600.0,1287000
2024-12-25,61316.4765625,58949.0390625,61415.0561068127,59406.71793720885,60429.26066368569,58949.0390625,60429.26066368569,58949.0390625,6300500.0,1302500
2024-12-26,60626.41796875,58856.79296875,61513.633841463416,59225.80107513715,59640.62255462398,58856.79296875,61513.633841463416,59225.80107513715,6554700.0,1708800
2024-12-27,60527.83984375,58856.79296875,60724.99893118892,59133.54904854036,59542.044406555375,58764.54094215321,59739.2034939943,58949.04499534678,6947200.0,2443700
2024-12-30,60133.5234375,58395.53125,60330.6825307377,58764.53934636651,59640.625704405735,58395.53125,59640.625704405735,58672.28732227488,4178100.0,1490800
2024-12-31,60133.5234375,58487.78515625,60133.5234375,58856.79326449132,59640.625704405735,58395.53312918967,60034.94389088114,58487.78515625,4520300.0,1641900
2025-01-02,59739.203125,58211.02734375,60330.68038366336,58856.79151396592,59443.46449566831,58211.02734375,60034.94175433168,58672.2874653328,3969400.0,1336600
2025-01-03,57767.61328125,58118.77734375,59837.78372306954,58395.53342633929,57767.61328125,58026.525316220235,59739.204178220985,58303.28139880952,6604400.0,1776700
2025-01-06,56190.33984375,57657.515625,58457.66934621711,58303.279800000004,56190.33984375,57657.515625,57570.45345394737,58118.77575,5409900.0,2103500
2025-01-07,56288.91796875,56919.5,56978.974756457974,58118.77633711507,55598.86118104203,56827.24797406807,56486.07705095228,57749.76823338735,5532900.0,2802100
2025-01-08,57274.71484375,56919.5,57274.71484375,57288.50810372771,55697.44214581541,56458.23987034035,56288.91940754088,57196.256077795784,3068200.0,2053300
2025-01-09,56880.3984375,57011.75,57176.13707755633,57104.00202265372,56683.23934412912,56550.4898867314,57176.13707755633,57011.75,1738300.0,1500000
2025-01-10,56683.23828125,56550.4921875,57176.13600543478,57104.00434594209,56091.761012228264,56550.4921875,56683.23828125,56919.50029312806,3594100.0,1189800
2025-01-13,56486.078125,56642.7421875,56880.39629690227,57104.00230303339,55697.44178119546,56365.98611817997,55796.02132417103,56458.238141286645,3791900.0,1101700
2025-01-14,56387.5,56827.25,56683.23863636364,57011.754058441555,55796.02272727273,56550.49391233766,56486.079545454544,56642.74594155844,2917600.0,1147600
2025-01-15,56486.078125,56919.5,57077.5553828534,57473.01215559157,55993.180410122164,56919.5,56584.65766797557,57288.50810372771,3242300.0,1216400
2025-01-16,56486.078125,56919.5,57077.5553828534,57473.01215559157,55993.180410122164,56919.5,56584.65766797557,57288.50810372771,3242300.0,1216400
2025-01-17,56880.3984375,57196.2578125,56978.97798418544,57380.76186995968,56387.500704072794,57196.2578125,56486.080250758234,57380.76186995968,2697800.0,889400
2025-01-20,56683.23828125,57104.0,57077.55646059783,57380.75605815832,56486.079191576086,56827.243941841676,56880.397370923914,57196.252019386106,2216200.0,1633600
2025-01-21,56880.3984375,57011.75,57373.29617092721,57288.50606796117,56387.500704072794,56827.24595469256,56880.3984375,57196.25404530745,3419600.0,1403900
2025-01-22,56584.65625,56827.25,57176.13349303136,57196.25811688312,56584.65625,56827.25,57077.553952526134,57196.25811688312,3103000.0,1760900
2025-01-23,58359.08984375,57196.2578125,58654.828474714945,57473.01389868952,56486.07851430532,56827.24969758064,56486.07851430532,56827.24969758064,5657500.0,1781300
2025-01-24,59246.3046875,57380.7578125,59246.3046875,57657.513879119775,57767.61155886023,57011.74972367364,58359.08881031614,57104.001745880225,6757300.0,1576400
2025-01-27,59246.3046875,57380.7578125,59246.3046875,57380.7578125,59246.3046875,57380.7578125,59246.3046875,57380.7578125,0.0,0
2025-01-28,59246.3046875,57380.7578125,59246.3046875,57380.7578125,59246.3046875,57380.7578125,59246.3046875,57380.7578125,0.0,0
2025-01-29,59246.3046875,57380.7578125,59246.3046875,57380.7578125,59246.3046875,57380.7578125,59246.3046875,57380.7578125,0.0,0
2025-01-30,59246.3046875,57380.7578125,59246.3046875,57380.7578125,59246.3046875,57380.7578125,59246.3046875,57380.7578125,0.0,0
2025-01-31,59246.3046875,57380.7578125,59246.3046875,57380.7578125,59246.3046875,57380.7578125,59246.3046875,57380.7578125,0.0,0
2025-02-03,58753.40625,55812.4765625,58753.40625,57380.761027892564,57669.031302432886,55812.4765625,58161.92900587249,57380.761027892564,5157500.0,7279900
2025-02-04,58753.40625,55535.71875,59049.144872063756,56181.48292151163,58161.92900587249,55351.21470099668,59049.144872063756,55904.72684800665,3638100.0,7125000
2025-02-05,58556.25,56734.9921875,58950.568181818184,56734.9921875,58260.51136363637,55720.219969512196,58753.409090909096,55720.219969512196,2780100.0,3198100
2025-02-06,58260.51171875,55996.98046875,58753.40944902707,56827.24871293245,57866.19353452834,55812.47641448723,58654.82990297166,56734.99668580107,4148800.0,3024800
2025-02-07,58063.3515625,56089.23046875,58161.93110674873,56458.23856393914,56978.976575764005,55904.72642115543,58063.3515625,55996.978444952714,6955900.0,2552300
2025-02-10,56584.65625,55904.7265625,57471.87211454704,56458.23870668317,56584.65625,55904.7265625,57471.87211454704,56458.23870668317,5927400.0,2592100
2025-02-11,55598.86328125,55720.22265625,56584.65872949911,55996.97872904594,55598.86328125,55443.46658345406,56584.65872949911,55904.72670478063,5986000.0,3433800
2025-02-12,55598.86328125,56273.734375,56486.0791846742,56273.734375,55598.86328125,55812.47425717213,55993.18146054965,55904.726280737705,4848400.0,2756600
2025-02-13,54021.58984375,55996.98046875,55204.54436587591,56273.73655014415,54021.58984375,55720.22438735585,55204.54436587591,56273.73655014415,11353700.0,2576800
2025-02-14,54415.90625,55627.97265625,54514.48579030797,55996.98076673922,53035.79268568841,55627.97265625,54317.32670969203,55996.98076673922,11169000.0,6401800
2025-02-17,53331.53515625,55351.21484375,54415.910177911275,55904.726992187505,53331.53515625,55351.21484375,54415.910177911275,55720.22294270834,5933200.0,3612400
2025-02-18,53725.8515625,55627.97265625,54218.749283256875,55812.476711494615,53035.794753440365,55351.216573383084,53232.95384174312,55720.22468387231,4497600.0,2436800
2025-02-19,55007.38671875,56089.23046875,55303.12535702285,56181.482492547286,53627.2730734767,55627.97034976357,53923.011711749554,55627.97034976357,7547500.0,3072700
2025-02-20,55894.6015625,55996.98046875,55894.6015625,56181.48452301277,54908.8061204806,55904.728441618616,55105.96520888448,56181.48452301277,6194500.0,2627900
2025-02-21,57274.71484375,56642.7421875,57471.873930991824,57288.506349246745,55796.02168943632,55904.72600264658,55993.18077667814,56089.230048859936,10123600.0,4717200
2025-02-24,57570.453125,58856.79296875,57669.03266802226,58949.04499534678,56486.07815175514,56827.24838362069,57274.71449593322,56827.24838362069,6243200.0,11512800
2025-02-25,57471.875,58026.5234375,57570.45454545455,59041.29570747218,56584.659090909096,57749.76736387123,57274.71590909091,59041.29570747218,7929200.0,3884200
2025-02-26,57866.19140625,58211.02734375,58260.509575968914,58487.78341669968,56978.975524382455,58026.52329511687,57471.87323653109,58118.77531943344,4977600.0,3636600
2025-02-27,57767.61328125,57380.7578125,57964.772370947096,58303.27803456592,57373.2951018558,57380.7578125,57866.192826098544,58303.27803456592,3222900.0,3520600
2025-02-28,57471.875,57380.7578125,57866.193181818184,58303.27803456592,56978.97727272727,57380.7578125,57176.13636363637,57473.009834706594,5283200.0,4175600
2025-03-03,57964.7734375,58303.27734375,58260.51207748724,58303.27734375,56978.97797087585,57473.00915372824,57373.29615752551,57934.269259295885,5938000.0,3610600
2025-03-04,58654.828125,58580.03515625,59049.14629726891,58856.79122785433,57570.4531512605,58026.52301304134,57866.191780462184,58303.27908464567,6414100.0,6042000
2025-03-05,58753.40625,57842.01953125,59344.88349412752,58672.287754186604,58457.667627936244,57842.01953125,58950.56533137584,58672.287754186604,7188800.0,2275500
2025-03-06,61020.73828125,58026.5234375,61020.73828125,58026.5234375,58753.4087489903,57380.759265699526,58950.56783875202,57842.01938841415,13451900.0,3125600
2025-03-07,61020.73828125,57842.01953125,61119.31782613086,58118.7756055622,60429.26101196486,57565.2634569378,60922.15873636914,58026.523580791465,5404100.0,2655600
2025-03-10,61316.4765625,57657.515625,61415.0561068127,58118.77575,60527.84020799839,57657.515625,61119.317473874595,58118.77575,8125200.0,2529500
2025-03-11,62105.11328125,57565.265625,62302.272371031744,57657.517653245195,60527.84056299603,57288.50954026442,60527.84056299603,57473.013596754805,9576900.0,2287600
2025-03-12,61809.375,57380.7578125,62105.11363636364,57934.26994573955,61020.73863636364,57380.7578125,62105.11363636364,57657.513879119775,8817600.0,2755400
2025-03-13,60626.41796875,57196.2578125,61907.95200711382,58026.52607106855,60330.679344512195,57104.00578377016,61809.37246570122,57473.01389868952,7327800.0,5100400
2025-03-14,60626.41796875,57288.5078125,61415.05430005081,57842.019965277774,60330.679344512195,57288.5078125,60626.41796875,57565.26388888889,8759800.0,2696700
2025-03-17,61119.31640625,58118.77734375,61119.31640625,58487.785453869044,60527.83915070565,57565.265178571426,60823.577778477826,57565.265178571426,3541900.0,4062100
2025-03-18,60922.15625,57657.515625,61612.21303600323,58211.027775,60527.83808656958,57657.515625,61316.47441343042,58211.027775,5349100.0,3281900
2025-03-19,58654.828125,57473.01171875,60527.83944327731,57934.27184490369,58161.930409663866,57104.003617827046,60330.68035714286,57842.019819672954,13416400.0,3038400
2025-03-20,59147.7265625,57011.75,59147.7265625,57380.75809061489,58161.93111979166,56550.4898867314,58950.567473958334,57380.75809061489,4063500.0,3888200
2025-03-21,59443.46484375,56550.4921875,59443.46484375,57011.75231953507,58556.248950559704,56458.24016109299,59147.72621268657,57011.75231953507,3129500.0,3325900
2025-03-24,59443.46484375,56642.7421875,59443.46484375,57196.254326140064,58654.828494247515,56365.98611817997,58950.56712531095,56642.7421875,2855200.0,2488900
2025-03-25,59640.625,56642.7421875,60429.26136363637,56919.498256820036,59049.14772727273,56458.238141286645,59542.045454545456,56919.498256820036,5513700.0,2323000
2025-03-26,59936.36328125,56458.23828125,60330.68146073191,57104.00244459763,59640.62464663857,56458.23828125,59739.204191509045,56734.99435125613,2416100.0,1846000
2025-03-27,59542.04296875,56365.984375,59936.36113410596,56734.99245601473,59147.724803394034,56365.984375,59936.36113410596,56458.23639525368,3190000.0,2230500
2025-03-28,58950.56640625,55627.97265625,59837.782288618306,56365.98887722844,58063.35052388169,55535.7206286277,59246.3050337061,56273.73684960614,7228900.0,5430100
2025-03-31,58161.9296875,55904.7265625,58359.08877118644,56827.24680280528,57274.71381091102,55904.7265625,58161.9296875,56089.230610561055,6534800.0,5301500
2025-04-01,57767.61328125,56089.23046875,58063.35191579565,56458.23856393914,56880.39737761305,55627.97034976357,57767.61328125,56458.23856393914,5640900.0,3129300
2025-04-02,57964.7734375,55812.4765625,58851.98935746173,56642.7448088843,57176.13706420068,55812.4765625,57767.61434417517,55996.98061725207,7441200.0,4684400
2025-04-03,53923.01171875,52122.39453125,55500.284456409965,54982.20732853983,53923.01171875,51937.89047981195,54317.329903164995,54889.9553028208,14956500.0,16938200
2025-04-04,52050.0,53967.43359375,52740.05681818182,54244.18966346154,50176.98863636364,49631.588501602564,50176.98863636364,49816.09254807693,28985900.0,9776600
2025-04-08,48451.84765625,50277.35546875,49289.77381103764,52491.40414994266,48451.84765625,50277.35546875,48501.13743006104,52306.900093176606,11930200.0,13324100
2025-04-09,45593.0390625,47971.0546875,48501.13560810811,50923.119591346156,45100.14134290541,47417.542518028844,45100.14134290541,47417.542518028844,20206600.0,9882600
2025-04-10,48747.5859375,51292.125,48747.5859375,51292.125,48747.5859375,51292.125,48747.5859375,51292.125,411300.0,1514300
2025-04-11,52148.578125,53044.9140625,52148.578125,53875.182282608694,49881.24864130435,51292.12559782609,50275.566812381854,51292.12559782609,12779000.0,9164400
2025-04-14,55796.0234375,52491.3984375,55796.0234375,53413.91862093585,53528.69386318463,52122.39036412566,54218.75069015018,53413.91862093585,15361600.0,5479700
2025-04-15,56288.91796875,51937.890625,56781.8156742557,53044.91493672291,54317.327146727235,51937.890625,55204.54301663748,52306.89872890764,12059800.0,4163500
2025-04-16,55993.1796875,51661.1328125,56880.395562830105,52768.15708705357,54810.22518705986,51661.1328125,55796.02060409331,52030.14090401786,9252400.0,3735600
2025-04-17,55993.1796875,51661.1328125,55993.1796875,52214.64494977679,54810.22518705986,50554.108537946435,55105.963812169895,51199.872698102685,5398300.0,7219000
2025-04-18,55401.703125,52214.6484375,56781.81672597864,52860.41264079064,55401.703125,52214.6484375,56091.75992548932,52306.90046654152,6353500.0,3037200
2025-04-21,54810.2265625,52306.8984375,55796.02200427158,52675.906539351854,54514.48792996853,52122.39438657407,55500.28337174011,52399.15046296296,4632900.0,3021400
2025-04-22,56486.078125,51661.1328125,56486.078125,52214.64494977679,51261.36234729494,49723.84033203125,54613.066808464224,52214.64494977679,16304400.0,6955000
2025-04-23,57964.7734375,52030.140625,58457.67117081207,52860.408826462764,57373.29615752551,52030.140625,57669.03479751275,52399.148714539006,8393400.0,3586000
2025-04-24,58851.98828125,51937.890625,59049.147370969426,52399.15075488455,57570.4541980737,51845.63859902309,57964.77237751256,52122.394676953816,7681300.0,1956400
2025-04-25,59640.625,53782.9296875,59640.625,53782.9296875,58556.25,52122.39326490137,58654.82954545455,52122.39326490137,10315100.0,8119700
2025-04-28,60034.94140625,53044.9140625,61119.31637417898,53782.93025815218,58753.40735324302,53044.9140625,60034.94140625,53782.93025815218,7707900.0,2664700
2025-04-29,59936.36328125,53137.1640625,60232.10191586143,53413.920125325516,59640.62464663857,52768.15597873263,59936.36328125,53044.91204155816,5701400.0,2556000
2025-04-30,59936.36328125,53137.1640625,59936.36328125,53137.1640625,59936.36328125,53137.1640625,59936.36328125,53137.1640625,0.0,0
2025-05-01,59936.36328125,53137.1640625,59936.36328125,53137.1640625,59936.36328125,53137.1640625,59936.36328125,53137.1640625,0.0,0
2025-05-02,59936.36328125,53137.1640625,59936.36328125,53137.1640625,59936.36328125,53137.1640625,59936.36328125,53137.1640625,0.0,0
2025-05-05,59936.36328125,53137.1640625,59936.36328125,53137.1640625,59936.36328125,53137.1640625,59936.36328125,53137.1640625,0.0,0
2025-05-06,60133.5234375,52491.3984375,60527.84162397541,53137.1625659051,59147.72797131147,52491.3984375,59936.36434426229,53044.910547561514,5099700.0,4238300
2025-05-07,59640.625,52491.3984375,60330.68181818182,52952.65852921793,59246.30681818182,52491.3984375,60133.52272727273,52583.650455843584,4110300.0,2502600
2025-05-08,59246.3046875,52768.15625,59640.62285513727,53229.41635708042,58260.50926840682,52491.40018575175,59049.14560368136,52491.40018575175,7742800.0,2905500
2025-05-09,59443.46484375,52952.6640625,59443.46484375,53321.6721744338,58063.35123212064,52768.1600065331,59246.30575637438,52768.1600065331,9463100.0,3262200
2025-05-12,59443.46484375,52952.6640625,59443.46484375,52952.6640625,59443.46484375,52952.6640625,59443.46484375,52952.6640625,0.0,0
2025-05-13,59936.36328125,54059.6875,60034.94282612048,54151.939526450515,59246.30646715666,53506.17534129693,59837.783736379526,53506.17534129693,6434100.0,5863100
2025-05-14,62598.01171875,55874.41015625,62795.17081077756,56351.96921741453,60133.52306840551,55683.386531784185,60330.68216043307,56256.45740518162,17084400.0,4352200
2025-05-15,63090.90625,53677.63671875,63386.64487304688,54441.731191614774,62696.5880859375,53582.124909641905,62893.74716796875,54441.731191614774,9926500.0,5034700
2025-05-16,63386.6484375,54250.7109375,63682.38707717729,54441.734567561616,62105.11433223172,53677.64004731514,63090.90979782271,53677.64004731514,9777600.0,4092100
2025-05-19,62795.16796875,53486.61328125,63485.22475961538,54441.73137555804,62203.69071943681,53486.61328125,62598.008885645606,53677.63690011161,6532900.0,2795600
2025-05-20,62795.16796875,53486.61328125,63485.22475961538,54441.73137555804,62203.69071943681,53486.61328125,62598.008885645606,53677.63690011161,6532900.0,2795600
2025-05-21,63780.96484375,53391.1015625,64273.8625627898,53773.14880087209,62400.85123043856,53295.58975290698,62598.01031805448,53582.125181686046,11898400.0,3224100
2025-05-22,63386.6484375,52913.54296875,63978.125716854585,53486.61383122744,62696.591611586315,52913.54296875,63978.125716854585,53486.61383122744,6780600.0,4464400
2025-05-23,63386.6484375,52531.49609375,63879.546170295485,53104.56696022727,62696.591611586315,52531.49609375,62992.33025126361,52913.54333806818,8712800.0,2665200
2025-05-26,63583.8046875,53200.078125,64076.70239825582,53295.58993491921,61513.63430232558,52531.49545556553,63288.06606104651,52913.54269524237,7017400.0,2729200
2025-05-27,63583.8046875,53200.078125,64076.70239825582,53295.58993491921,61513.63430232558,52531.49545556553,63288.06606104651,52913.54269524237,7017400.0,2729200
2025-05-28,63386.6484375,52913.54296875,63978.125716854585,53486.61383122744,62598.012065027215,52818.03115833709,63879.546170295485,53391.102020814535,8162000.0,3680800
2025-05-29,63485.2265625,52722.51953125,64569.60155036879,53200.07858497509,63090.908385093164,52627.00772050498,63386.64701814829,53200.07858497509,10272900.0,3901700
2025-05-30,63386.6484375,52627.0078125,63682.38707717729,53009.05505614791,62499.432518468115,52627.0078125,63583.80753061819,53009.05505614791,7333000.0,2182300
2025-06-02,60133.5234375,52149.44921875,61119.31890368852,52722.52008928572,59147.72797131147,52053.937406994046,61119.31890368852,52435.984654017855,14330200.0,2644100
2025-06-03,60133.5234375,52149.44921875,61119.31890368852,52722.52008928572,59147.72797131147,52053.937406994046,61119.31890368852,52435.984654017855,14330200.0,2644100
2025-06-04,61513.63671875,53009.0546875,61907.954902844554,53486.61373873874,60133.52307441907,52244.96020551802,60133.52307441907,52244.96020551802,6563500.0,4311900
2025-06-05,60429.26171875,54346.22265625,61907.95490925775,55205.8289900044,60232.1026266823,53009.05724818761,61907.95490925775,53295.59269277241,6679500.0,8419300
2025-06-06,60823.578125,53773.1484375,61316.47584076175,54537.242909080815,60133.52132293355,53773.1484375,60133.52132293355,54441.73110013321,5366600.0,2794700
2025-06-09,59640.625,52818.03125,59837.784090909096,53773.14935578662,59049.14772727273,52818.03125,59640.625,52913.54306057867,7249100.0,3035700
2025-06-10,59640.625,52818.03125,59837.784090909096,53773.14935578662,59049.14772727273,52818.03125,59640.625,52913.54306057867,7249100.0,3035700
2025-06-11,60626.41796875,52818.03125,62006.53154852642,53582.1257346293,59739.202096036584,52627.00762884268,60133.520261686994,53009.05487115733,10555000.0,2999200
2025-06-12,61020.73828125,52722.51953125,61316.47691589257,53104.56677423007,60626.42010172657,52627.00772050498,60626.42010172657,52818.03134199502,4240600.0,1720700
2025-06-13,62598.01171875,53391.1015625,62598.01171875,53677.63699127907,61217.89807455709,53009.05432412791,61612.21625861221,53104.56613372093,10592900.0,3282700
2025-06-16,63386.6484375,53773.1484375,63386.6484375,54059.683864342805,61710.79614599533,52913.542156971576,62105.11433223172,52913.542156971576,8355900.0,4734300
2025-06-17,63386.6484375,53773.1484375,63386.6484375,54059.683864342805,61710.79614599533,52913.542156971576,62105.11433223172,52913.542156971576,8355900.0,4734300
2025-06-18,63485.2265625,53677.63671875,63583.806106851705,54155.19576429048,62893.749296389746,53582.124909641905,63485.2265625,53868.6603369662,5183800.0,3406400
2025-06-19,62795.16796875,53486.61328125,64372.44063358517,54250.70775669643,62696.5884271978,53486.61328125,63386.64521806319,53773.14870954241,7677600.0,4098100
2025-06-20,63090.90625,53582.125,63386.64487304688,53868.66042780748,62203.69038085938,53200.07776292335,62696.5880859375,53486.61319073084,7897700.0,2628700
2025-06-23,64076.703125,53391.1015625,64076.703125,53868.660610465115,62302.27134615385,53295.58975290698,62992.32814903846,53486.61337209302,7778400.0,3022700
2025-06-24,64076.703125,53391.1015625,64076.703125,53868.660610465115,62302.27134615385,53295.58975290698,62992.32814903846,53486.61337209302,7778400.0,3022700
2025-06-25,63978.125,53868.66015625,64963.920454545456,53964.17196503768,63978.125,53582.12472988697,64865.34090909091,53677.63653867465,8021100.0,2803800
2025-06-26,64076.703125,54250.7109375,64273.862211538464,55205.829087808095,63583.80540865385,53868.66367737676,63879.54403846154,53964.175492407565,6367900.0,6268200
2025-06-27,63583.8046875,53868.66015625,64372.441024709304,54441.731008976065,63288.06606104651,53773.148347462324,64076.70239825582,54250.70739140071,5205000.0,3118900
2025-06-30,64569.6015625,55396.8515625,65358.23791746183,56065.43425377155,64471.02201812977,55301.33974946121,65259.6583730916,55492.36337553879,5031900.0,4487800
2025-07-01,64569.6015625,55396.8515625,65358.23791746183,56065.43425377155,64471.02201812977,55301.33974946121,65259.6583730916,55492.36337553879,5031900.0,4487800
2025-07-02,63583.8046875,54919.29296875,64865.33873546511,55778.89929347826,63386.64560319768,54632.75752717391,64569.600109011626,55778.89929347826,7109600.0,4013600
2025-07-03,63879.54296875,55110.31640625,64175.28159360532,55396.85184683709,63386.645260657795,54728.269152133886,63583.80434389468,55014.804592720975,5786300.0,3775700
2025-07-04,64471.0234375,54919.29296875,65653.97799598624,55778.89929347826,63780.966611716365,54728.26934103261,63780.966611716365,55110.31659646739,12680700.0,5293100
2025-07-07,65555.3984375,55301.33984375,65851.13707706767,55683.387096556566,64865.34161184211,55110.31621734672,65653.97798402255,55396.85165695164,6683300.0,3762300
2025-07-08,65555.3984375,55301.33984375,65851.13707706767,55683.387096556566,64865.34161184211,55110.31621734672,65653.97798402255,55396.85165695164,6683300.0,3762300
2025-07-09,66245.453125,56351.96875,66344.03266834078,56542.99237288135,65062.49860491072,55301.33882415254,65653.97586495536,55396.85063559322,8520700.0,7163100
2025-07-10,66738.3515625,57498.109375,66738.3515625,57880.15661337209,65851.13566285081,56447.47946947674,66541.19247368907,56638.503088662794,7522700.0,9636900
2025-07-11,67034.0859375,57020.55078125,67428.40409007353,57880.157074434675,66344.02917049632,57020.55078125,67034.0859375,57784.64526408082,6943600.0,5246100
2025-07-14,68019.8828125,57593.62109375,68019.8828125,58071.18014096186,65456.81476449275,56638.50299932629,66935.50786911232,57307.085665422885,8671000.0,6083200
2025-07-15,68019.8828125,57593.62109375,68019.8828125,58071.18014096186,65456.81476449275,56638.50299932629,66935.50786911232,57307.085665422885,8671000.0,6083200
2025-07-16,68315.625,57402.59765625,70385.79545454546,58453.22756343594,68315.625,57402.59765625,68414.20454545454,57880.156704970876,10076100.0,6553200
2025-07-17,69005.6796875,57402.59765625,69005.6796875,57498.109465994174,67526.98655133929,56925.03860752912,68217.04334821428,57307.08584650582,6383800.0,4961100
2025-07-18,69498.578125,57402.59765625,69794.31675531915,57880.156704970876,68611.36223404255,57116.062227017464,68808.52132092198,57593.62127573835,6844300.0,6357800
2025-07-21,69005.6796875,57307.0859375,69991.47511160714,58071.18041666667,68217.04334821428,57307.0859375,69991.47511160714,57593.6213671875,7601100.0,5503300
2025-07-22,69005.6796875,57307.0859375,69991.47511160714,58071.18041666667,68217.04334821428,57307.0859375,69991.47511160714,57593.6213671875,7601100.0,5503300
2025-07-23,69400.0,57498.109375,69400.0,57498.109375,68019.88636363637,56829.52670784884,69005.68181818182,57307.085755813954,7908200.0,4735100
2025-07-24,70500.0,58930.7890625,71000.0,58930.7890625,70000.0,57498.11185676661,70800.0,57689.13548419773,7547700.0,9228600
2025-07-25,69500.0,60841.0234375,70000.0,61127.55886970173,68800.0,59312.834465757456,70000.0,59312.834465757456,6607100.0,13421100
2025-07-28,70200.0,60458.9765625,71000.0,61032.047430390994,69600.0,60172.4411285545,70600.0,60458.9765625,9571200.0,8462700
2025-07-29,70200.0,60458.9765625,71000.0,61032.047430390994,69600.0,60172.4411285545,70600.0,60458.9765625,9571200.0,8462700
2025-07-30,66600.0,60363.46484375,70200.0,61318.5829583663,66400.0,59981.417597903484,70200.0,60458.97665521163,18358200.0,10714200
2025-07-31,67100.0,60076.9296875,67900.0,60650.0005589229,66100.0,59981.417875596184,67500.0,60172.441499403816,13161600.0,6078500
2025-08-01,65300.0,58453.23046875,67800.0,60650.002202052696,65200.0,57689.13595281862,67200.0,60172.44312959559,14552200.0,10570300
2025-08-04,67000.0,57689.1328125,67000.0,58071.180049668874,65200.0,57116.061956746686,65200.0,57116.061956746686,8211500.0,3746300
2025-08-05,67000.0,57689.1328125,67000.0,58071.180049668874,65200.0,57116.061956746686,65200.0,57116.061956746686,8211500.0,3746300
2025-08-06,69300.0,57402.59765625,69500.0,58739.76299266847,66000.0,57307.08584650582,67300.0,57784.6448952267,15697200.0,9564600
2025-08-07,72400.0,58548.7421875,72400.0,58930.78944484095,68500.0,57689.13585848287,68900.0,57689.13585848287,18002400.0,5377500
2025-08-08,72400.0,58166.6953125,72800.0,59217.325277093594,71600.0,58071.18349753694,72700.0,59121.81346213054,8095800.0,4741600
2025-08-11,72100.0,58739.765625,73700.0,59312.83650914634,71700.0,58166.69474085366,72000.0,58262.206554878045,10677600.0,5787800
2025-08-12,72100.0,58739.765625,73700.0,59312.83650914634,71700.0,58166.69474085366,72000.0,58262.206554878045,10677600.0,5787800
2025-08-13,72200.0,59026.30078125,72500.0,59599.37166262136,71000.0,58644.253527002424,72300.0,59312.83622193568,7809000.0,5207000
2025-08-14,70900.0,58357.71875,72500.0,59312.83689648118,70000.0,58071.183306055646,72500.0,59217.32508183306,11739600.0,6210800
2025-08-15,71900.0,58930.7890625,71900.0,59408.34813107779,70100.0,58262.20636649109,71000.0,58548.741807637765,9930500.0,6534600
2025-08-18,70000.0,57975.66796875,71000.0,58548.73882181837,69200.0,57880.15615990527,70600.0,58357.715204128916,8199100.0,4775600
2025-08-19,70000.0,57975.66796875,71000.0,58548.73882181837,69200.0,57880.15615990527,70600.0,58357.715204128916,8199100.0,4775600
2025-08-20,68000.0,57784.64453125,70000.0,58453.227195247935,68000.0,57689.13272210744,70000.0,58071.17995867769,14132300.0,5257700
2025-08-21,69400.0,57307.0859375,70700.0,58166.692226562496,68100.0,56925.038697916665,68500.0,57784.64498697917,11461600.0,6338200
2025-08-22,71000.0,57402.59765625,71600.0,58166.69213420341,69200.0,56925.03860752912,69400.0,57402.59765625,12495000.0,5810000
2025-08-25,68800.0,56065.43359375,70600.0,56925.03990097956,68600.0,56065.43359375,70300.0,56256.45721757879,6387100.0,3360400
2025-08-26,68800.0,56065.43359375,70600.0,56925.03990097956,68600.0,56065.43359375,70300.0,56256.45721757879,6387100.0,3360400
2025-08-27,73600.0,57020.55078125,73600.0,57402.598022665414,68600.0,55874.40905700377,69000.0,55969.92086735762,16810900.0,2990300
2025-08-28,75000.0,57784.64453125,76600.0,58453.227195247935,74600.0,56829.52643982438,75000.0,57020.550058109504,12565000.0,4849200
2025-08-29,77300.0,58262.20703125,77300.0,58739.766105276634,74500.0,57975.67158683402,75000.0,58262.20703125,11875600.0,3661100
2025-09-01,77300.0,58262.20703125,77300.0,58262.20703125,77300.0,58262.20703125,77300.0,58262.20703125,0.0,0
2025-09-02,77300.0,58262.20703125,77300.0,58262.20703125,77300.0,58262.20703125,77300.0,58262.20703125,0.0,0
2025-09-03,75800.0,58739.765625,77600.0,58739.765625,75700.0,57593.623856707316,76900.0,57593.623856707316,8068800.0,4767300
2025-09-04,75800.0,58739.765625,77600.0,58739.765625,75700.0,57593.623856707316,76900.0,57593.623856707316,8068800.0,4767300
2025-09-05,77500.0,59026.30078125,77500.0,59694.88347618325,73900.0,58739.76534056432,76000.0,58930.7889676881,12031500.0,4228100
2025-09-08,74000.0,57880.15625,76800.0,59121.80976691419,74000.0,57880.15625,74500.0,58166.6916769802,13715000.0,6958800
2025-09-09,74000.0,57880.15625,76800.0,59121.80976691419,74000.0,57880.15625,74500.0,58166.6916769802,13715000.0,6958800
2025-09-10,76000.0,57593.62109375,76000.0,58262.2037598466,73700.0,57402.59747486526,74600.0,57880.156522077115,6933700.0,3516800
2025-09-11,75500.0,57116.0625,76300.0,57880.15698160535,74500.0,57020.55068979933,75600.0,57784.645171404685,7770800.0,3120100
2025-09-12,78800.0,58453.23046875,79400.0,58453.23046875,74000.0,56734.01780790441,75400.0,57116.0650658701,18120100.0,4998900
2025-09-15,79500.0,58453.23046875,79600.0,58453.23046875,78100.0,58453.23046875,79000.0,58453.23046875,8395500.0,0
2025-09-16,79500.0,60267.953125,79600.0,60650.00037143423,78100.0,59981.41769017433,79000.0,60554.48855982567,8395500.0,3527500
2025-09-17,80300.0,61796.140625,81400.0,62464.72329018547,78900.0,60363.463485316846,79600.0,60649.99891325348,8927700.0,12673100
2025-09-18,78000.0,62178.19140625,81100.0,63228.821368567595,78000.0,61891.65596198157,79800.0,61891.65596198157,8298600.0,9865800
2025-09-19,78500.0,60745.51171875,78500.0,62369.21250368514,76700.0,60649.99990787147,78000.0,62178.18888192807,8718800.0,5050800
2025-09-22,76500.0,58644.25390625,77900.0,59981.41930476385,76000.0,58644.25390625,77900.0,59312.83660550692,8126100.0,5285200
2025-09-23,76500.0,58644.25390625,77900.0,59981.41930476385,76000.0,58644.25390625,77900.0,59312.83660550692,8126100.0,5285200
2025-09-24,77800.0,58835.27734375,78200.0,59694.88366857752,76300.0,58739.76552988028,76800.0,58739.76552988028,4466900.0,3425100
2025-09-25,79200.0,59217.32421875,79200.0,59217.32421875,77100.0,58262.206086189515,77700.0,59121.81240549395,4391900.0,3214500
2025-09-26,79000.0,58739.765625,79000.0,59599.37195121951,78100.0,58739.765625,78800.0,59503.86013719512,5302400.0,2752800
2025-09-29,77000.0,57593.62109375,77900.0,58453.227378731346,76600.0,57498.109284307626,77900.0,58357.71556928897,6021900.0,5130400
2025-09-30,77000.0,57593.62109375,77900.0,58453.227378731346,76600.0,57498.109284307626,77900.0,58357.71556928897,6021900.0,5130400
2025-10-01,77700.0,57307.0859375,77800.0,58071.18041666667,76200.0,57307.0859375,76800.0,57689.133177083335,7817600.0,3030200
2025-10-02,77700.0,59312.8359375,78300.0,59694.883189915454,77200.0,57498.11148852656,77500.0,57975.67055404589,4989600.0,4526400
2025-10-03,77100.0,58453.23046875,78500.0,59790.3958716299,76900.0,58453.23046875,77800.0,59694.88405713848,4725900.0,3398700
2025-10-06,77600.0,59599.37109375,78700.0,59885.90653170072,77200.0,59026.300217848555,78400.0,59885.90653170072,9452100.0,4051900
2025-10-07,77600.0,59599.37109375,78700.0,59885.90653170072,77200.0,59026.300217848555,78400.0,59885.90653170072,9452100.0,4051900
2025-10-08,78000.0,58644.25390625,79500.0,59885.907490584286,77500.0,58644.25390625,78000.0,59885.907490584286,7199900.0,3715300
2025-10-09,80800.0,60554.48828125,81300.0,60650.00009241916,78500.0,58930.78749137421,79000.0,59503.858358389196,17337700.0,5919700
2025-10-10,81500.0,60076.9296875,81900.0,60650.0005589229,80500.0,59790.39425178855,80800.0,60554.48874701908,7782900.0,3297300
2025-10-13,83000.0,61127.55859375,83000.0,61223.070404052734,81000.0,59026.298767089844,81200.0,59408.34600830078,7962500.0,6305000
2025-10-14,83000.0,61127.55859375,83000.0,61223.070404052734,81000.0,59026.298767089844,81200.0,59408.34600830078,7962500.0,6305000
2025-10-15,84200.0,60650.0,85000.0,61509.6062992126,82400.0,60458.97637795276,83900.0,61509.6062992126,12093100.0,5359800
2025-10-16,83300.0,63600.0,84700.0,64400.0,83000.0,63600.0,84000.0,63800.0,5687400.0,4645400
2025-10-17,84500.0,61200.0,84800.0,61200.0,83000.0,60200.0,83300.0,60800.0,6629400.0,5158400
2025-10-20,80900.0,55000.0,87900.0,59400.0,79800.0,55000.0,87000.0,58900.0,14226400.0,8737700
2025-10-21,80900.0,55000.0,87900.0,59400.0,79800.0,55000.0,87000.0,58900.0,14226400.0,8737700
2025-10-22,83000.0,56500.0,83000.0,58000.0,80500.0,56100.0,82300.0,56100.0,12062300.0,7068100
2025-10-23,84500.0,56300.0,84500.0,57300.0,81600.0,55700.0,83000.0,57100.0,8203100.0,3846700
2025-10-24,85700.0,56600.0,86800.0,57100.0,84600.0,56300.0,86000.0,56500.0,9156600.0,2327300
2025-10-27,81000.0,57000.0,85700.0,58400.0,81000.0,57000.0,85700.0,58400.0,9884200.0,2998800
2025-10-28,81000.0,57000.0,85700.0,58400.0,81000.0,57000.0,85700.0,58400.0,9884200.0,2998800
2025-10-29,84200.0,57400.0,84400.0,57400.0,80400.0,56800.0,80900.0,57200.0,8277300.0,2079100
2025-10-30,84100.0,57500.0,84400.0,57900.0,83000.0,57100.0,83000.0,57500.0,5076100.0,1973000
2025-10-31,83900.0,57100.0,84400.0,57900.0,83500.0,57000.0,84200.0,57800.0,5652200.0,1905200
2025-11-03,81000.0,57300.0,83300.0,58300.0,81000.0,57300.0,83000.0,57700.0,6146600.0,2642700
2025-11-04,81800.0,57300.0,82000.0,57900.0,78500.0,56300.0,80900.0,57600.0,13681700.0,4175200
2025-11-05,81800.0,57300.0,82000.0,57900.0,78500.0,56300.0,80900.0,57600.0,13681700.0,4175200
2025-11-06,80300.0,58000.0,81000.0,58500.0,78800.0,57600.0,80300.0,58000.0,4495500.0,2241200
2025-11-07,76500.0,57600.0,80500.0,58400.0,75500.0,57500.0,79600.0,57600.0,8643300.0,3251100
2025-11-10,76800.0,57000.0,79300.0,57900.0,76300.0,57000.0,76300.0,57700.0,7274200.0,2675800
2025-11-11,78000.0,58900.0,79100.0,59000.0,77500.0,57000.0,77500.0,57000.0,5881500.0,5152700
2025-11-12,80500.0,59800.0,80500.0,60000.0,77900.0,58500.0,78000.0,58800.0,5083400.0,5161900
2025-11-13,80100.0,61800.0,80500.0,62000.0,79500.0,59700.0,80100.0,59800.0,3798700.0,9741800
2025-11-14,81400.0,62800.0,82000.0,63300.0,79200.0,61600.0,79200.0,61700.0,3951700.0,10146900
2025-11-17,82400.0,62100.0,82400.0,63300.0,81200.0,61800.0,81200.0,62900.0,4514700.0,4198400
2025-11-18,83000.0,60700.0,83200.0,62300.0,81900.0,60500.0,82500.0,62000.0,4417900.0,5559900
2025-11-19,82400.0,60900.0,83200.0,61900.0,81600.0,60500.0,83000.0,60700.0,6064700.0,4458500
2025-11-20,81000.0,60700.0,82300.0,61600.0,80800.0,60500.0,82300.0,61400.0,5080700.0,2656100
2025-11-21,80000.0,59900.0,80400.0,60700.0,78100.0,59700.0,80400.0,60300.0,8331600.0,4191100
2025-11-24,79300.0,63000.0,80400.0,63400.0,79200.0,60100.0,80300.0,60100.0,4147400.0,9900300
2025-11-25,78500.0,61900.0,79800.0,63200.0,78500.0,61900.0,79000.0,63000.0,4223700.0,4907900
2025-11-26,80200.0,62800.0,80200.0,63200.0,78500.0,62300.0,78500.0,62300.0,4735000.0,3651000
2025-11-27,80000.0,62000.0,80100.0,63400.0,79500.0,62000.0,80000.0,63000.0,3506200.0,3962300
2025-11-28,79900.0,64000.0,80100.0,64500.0,79200.0,62200.0,80000.0,62200.0,3026700.0,11898300
2025-12-01,80000.0,64900.0,80100.0,65900.0,79500.0,64300.0,79700.0,64300.0,2955600.0,9107300
2025-12-02,80000.0,65000.0,80100.0,65600.0,79300.0,64500.0,79800.0,64800.0,3953000.0,6764300
2025-12-03,84700.0,64600.0,85500.0,65200.0,80200.0,64000.0,80200.0,65100.0,15177100.0,5383600
2025-12-04,84700.0,64600.0,85500.0,65200.0,80200.0,64000.0,80200.0,65100.0,15177100.0,5383600
2025-12-05,85100.0,63400.0,85700.0,64500.0,84100.0,63400.0,85700.0,63600.0,6818100.0,3598900
2025-12-08,84900.0,63500.0,85100.0,64500.0,83500.0,63200.0,84300.0,63300.0,4614500.0,3322000
2025-12-09,84000.0,62500.0,84500.0,64100.0,82500.0,62500.0,84500.0,63500.0,6672700.0,5389200
2025-12-10,83000.0,63100.0,84400.0,64500.0,82500.0,62300.0,83200.0,62400.0,4887900.0,3470500
2025-12-11,82300.0,61500.0,83600.0,63500.0,82300.0,61500.0,83000.0,63000.0,3015900.0,4852300
2025-12-12,78500.0,60200.0,82300.0,62000.0,78500.0,60200.0,82300.0,61700.0,8896500.0,4396400
2025-12-15,77700.0,62000.0,79200.0,62600.0,77600.0,60300.0,78400.0,60300.0,5323900.0,4242600
2025-12-16,82000.0,64200.0,82000.0,64400.0,77500.0,61700.0,77800.0,62000.0,7552000.0,6863300
2025-12-17,81900.0,62900.0,83000.0,64100.0,80800.0,62900.0,81900.0,64100.0,4829800.0,2090400
2025-12-18,81900.0,62900.0,83000.0,64100.0,80800.0,62900.0,81900.0,64100.0,4829800.0,2090400
2025-12-19,82900.0,64000.0,83000.0,64000.0,81300.0,63000.0,81500.0,63700.0,5439900.0,2685700
2025-12-22,85000.0,63200.0,85000.0,63900.0,82700.0,63100.0,82700.0,63900.0,7856400.0,2650700
2025-12-23,87500.0,62600.0,88000.0,64100.0,84900.0,62300.0,85000.0,63500.0,13817800.0,4394700
2025-12-24,88000.0,61500.0,88000.0,62900.0,87000.0,61500.0,87600.0,62800.0,6357400.0,4870200
2025-12-25,88000.0,61500.0,88000.0,62900.0,87000.0,61500.0,87600.0,62800.0,6357400.0,4870200
2025-12-26,87000.0,61500.0,87000.0,62300.0,82600.0,61200.0,84200.0,61600.0,9310200.0,2399200
2025-12-29,87100.0,62100.0,87700.0,62200.0,86100.0,61400.0,86200.0,61500.0,6228800.0,1943000
2025-12-30,88500.0,61800.0,88500.0,62300.0,86600.0,61700.0,87000.0,62100.0,7753100.0,1581000
2025-12-31,88400.0,61200.0,88400.0,62000.0,87600.0,61200.0,88000.0,61900.0,4804600.0,1879600
2026-01-01,88400.0,61200.0,88400.0,61200.0,88400.0,61200.0,88400.0,61200.0,0.0,0
2026-01-02,88400.0,61200.0,88400.0,61200.0,88400.0,61200.0,88400.0,61200.0,0.0,0
2026-01-05,87400.0,60300.0,88200.0,61500.0,85800.0,60000.0,87900.0,61300.0,5947300.0,2814700
2026-01-06,88800.0,60800.0,89300.0,60900.0,86800.0,60300.0,86800.0,60500.0,6390700.0,2963300
2026-01-07,89800.0,60900.0,89900.0,61500.0,88300.0,60500.0,89000.0,60800.0,4998000.0,3228100
2026-01-08,87500.0,62200.0,89800.0,63400.0,86200.0,61100.0,89800.0,61100.0,10543900.0,5636400
2026-01-09,86000.0,61000.0,87500.0,62500.0,85600.0,61000.0,86400.0,62400.0,6472200.0,4184100
2026-01-12,87500.0,62700.0,87500.0,62700.0,85000.0,61100.0,86000.0,61100.0,8471500.0,4146300
2026-01-13,87100.0,63300.0,88700.0,64900.0,86200.0,62800.0,87500.0,62900.0,6657100.0,6761300
2026-01-14,86000.0,67700.0,87300.0,67700.0,85100.0,63400.0,87100.0,63600.0,6951400.0,24838300
2026-01-15,84000.0,71000.0,86900.0,72400.0,84000.0,69500.0,85000.0,70000.0,7636600.0,19260600
2026-01-16,87000.0,69600.0,87400.0,73000.0,83800.0,69100.0,83800.0,71100.0,7671600.0,13372500
2026-01-19,86700.0,70600.0,87400.0,71000.0,85500.0,68300.0,87400.0,69800.0,3055300.0,10385300
2026-01-20,86000.0,73400.0,88300.0,75500.0,86000.0,71100.0,86700.0,71500.0,6841300.0,21521900
2026-01-21,85400.0,70300.0,85900.0,73000.0,84400.0,70000.0,85900.0,73000.0,5383600.0,11234100
2026-01-22,86500.0,70900.0,86600.0,72800.0,85000.0,70000.0,85000.0,71100.0,5450600.0,8055200
2026-01-23,85800.0,67200.0,87700.0,70100.0,85800.0,67200.0,86600.0,69400.0,6722800.0,16050400
2026-01-26,84100.0,68900.0,85900.0,69300.0,83900.0,67400.0,85800.0,67400.0,6030600.0,8864800
2026-01-27,85000.0,67700.0,85800.0,68600.0,84000.0,66100.0,84200.0,68400.0,5418600.0,8357800
2026-01-28,85500.0,67700.0,85800.0,69500.0,84300.0,67200.0,84900.0,67700.0,6085200.0,9816800
2026-01-29,89500.0,71100.0,89500.0,71100.0,85300.0,67900.0,85700.0,68500.0,15892000.0,10036800
2026-01-30,92900.0,70600.0,93400.0,72500.0,89800.0,70500.0,90000.0,71500.0,20845900.0,7844800
2026-02-02,93700.0,72600.0,93900.0,72600.0,90500.0,70300.0,93100.0,70900.0,13866200.0,10777700
2026-02-03,91500.0,71600.0,94400.0,73600.0,91500.0,71300.0,94400.0,72900.0,10130300.0,7261000
2026-02-04,91800.0,72000.0,91900.0,72600.0,90600.0,70800.0,91500.0,71800.0,7656400.0,7672500
2026-02-05,90200.0,69100.0,91800.0,72200.0,90200.0,69100.0,91700.0,71900.0,5643400.0,8057000
2026-02-06,88400.0,69100.0,89900.0,70700.0,86000.0,68200.0,89700.0,68300.0,13814700.0,6695900
2026-02-09,89300.0,69600.0,90000.0,70400.0,88500.0,69300.0,89000.0,69400.0,5452400.0,2573300
2026-02-10,89300.0,68400.0,89700.0,70500.0,87800.0,68100.0,89700.0,69600.0,5950600.0,5090400
2026-02-11,91900.0,69100.0,91900.0,69900.0,89300.0,68400.0,89500.0,68400.0,8987000.0,2672900
2026-02-12,92900.0,69000.0,93900.0,69800.0,91100.0,69000.0,92500.0,69300.0,7890300.0,1951100
2026-02-13,92800.0,69500.0,93200.0,69800.0,91500.0,68600.0,91900.0,69000.0,5511500.0,3341400
2026-02-16,92800.0,69500.0,92800.0,69500.0,92800.0,69500.0,92800.0,69500.0,0.0,0
2026-02-17,92800.0,69500.0,92800.0,69500.0,92800.0,69500.0,92800.0,69500.0,0.0,0
2026-02-18,92800.0,69500.0,92800.0,69500.0,92800.0,69500.0,92800.0,69500.0,0.0,0
2026-02-19,92800.0,69500.0,92800.0,69500.0,92800.0,69500.0,92800.0,69500.0,0.0,0
2026-02-20,92800.0,69500.0,92800.0,69500.0,92800.0,69500.0,92800.0,69500.0,0.0,0
2026-02-23,92000.0,70600.0,93100.0,71300.0,91100.0,69800.0,92900.0,70000.0,5003100.0,4211800
2026-02-24,92200.0,70200.0,92200.0,71300.0,90500.0,70200.0,91600.0,70600.0,6601300.0,3552500
2026-02-25,93000.0,72300.0,94100.0,73400.0,92000.0,70400.0,92200.0,70400.0,8132700.0,9804200
2026-02-26,93600.0,70600.0,94300.0,71400.0,92500.0,69600.0,93000.0,71200.0,5011100.0,14298200
2026-02-27,93100.0,68200.0,93900.0,70600.0,92600.0,68000.0,93700.0,70200.0,5224300.0,13371400
2026-03-02,90000.0,66600.0,92200.0,69800.0,90000.0,66500.0,91800.0,66900.0,10738700.0,12468700
2026-03-03,90000.0,66600.0,92200.0,69800.0,90000.0,66500.0,91800.0,66900.0,10738700.0,12468700
2026-03-04,88800.0,64900.0,88800.0,64900.0,83800.0,62000.0,87100.0,63400.0,13414100.0,13382500
2026-03-05,85200.0,63200.0,89000.0,65200.0,85200.0,63000.0,88900.0,65000.0,11270500.0,8165700
2026-03-06,82700.0,62400.0,84800.0,63000.0,81700.0,62200.0,84800.0,63000.0,13359400.0,6471800
2026-03-09,77000.0,58100.0,77000.0,59100.0,77000.0,58100.0,77000.0,59000.0,4983800.0,18046300
2026-03-10,81000.0,62100.0,81800.0,62100.0,77400.0,59500.0,79000.0,60000.0,21042400.0,10762100
2026-03-11,86500.0,63000.0,86600.0,63700.0,80500.0,61600.0,81000.0,61700.0,17339300.0,7507500
2026-03-12,84600.0,61600.0,86500.0,62700.0,83100.0,61300.0,84000.0,62000.0,10104500.0,6298800
2026-03-13,82000.0,63100.0,84500.0,63200.0,82000.0,61600.0,84500.0,62000.0,6260000.0,5388500
2026-03-16,80600.0,61800.0,82200.0,62900.0,80400.0,61700.0,81900.0,62600.0,5282300.0,2965000
2026-03-17,82700.0,61500.0,83800.0,63000.0,81500.0,61500.0,81500.0,62700.0,3811100.0,3816100
2026-03-18,83700.0,61700.0,84300.0,62700.0,82400.0,61600.0,82800.0,61800.0,4304400.0,2596400
2026-03-19,82400.0,61000.0,82600.0,62000.0,81400.0,60800.0,82000.0,61400.0,7916000.0,6400100
2026-03-20,79700.0,60000.0,82100.0,61500.0,79700.0,60000.0,82100.0,61000.0,6488600.0,5734800
2026-03-23,74200.0,60800.0,78100.0,61000.0,74200.0,59200.0,78000.0,59200.0,17473900.0,5908000
2026-03-24,76000.0,61200.0,76800.0,61800.0,75000.0,60900.0,76600.0,61800.0,7903300.0,2689900
2026-03-25,79200.0,62100.0,79500.0,62200.0,76800.0,61400.0,77000.0,61500.0,7550200.0,3445600
2026-03-26,78500.0,61000.0,78900.0,62100.0,77400.0,61000.0,78000.0,62100.0,7066800.0,2044000
2026-03-27,81000.0,61500.0,81800.0,61900.0,78200.0,60900.0,78600.0,61000.0,7595000.0,2137400
2026-03-30,80800.0,60600.0,80800.0,61500.0,78600.0,60200.0,78900.0,60600.0,6027600.0,4075600
2026-03-31,81800.0,60500.0,82100.0,61500.0,80500.0,60500.0,80800.0,61000.0,6582900.0,5323200
2026-04-01,82400.0,61300.0,83900.0,62200.0,81800.0,61000.0,83000.0,61300.0,5736600.0,5446200
2026-04-02,81800.0,60800.0,81800.0,61700.0,80000.0,60800.0,81800.0,61500.0,5675700.0,2855300
2026-04-03,79300.0,60000.0,81500.0,61700.0,79200.0,60000.0,81500.0,61000.0,6903100.0,3788600
2026-04-06,78300.0,60900.0,79300.0,61000.0,77600.0,60000.0,78300.0,60000.0,6411000.0,2587400
2026-04-07,78000.0,61000.0,78800.0,61200.0,76600.0,60300.0,78400.0,60900.0,3806200.0,1825200
2026-04-08,81900.0,62600.0,82000.0,62700.0,79900.0,61700.0,80600.0,62200.0,10192500.0,5568500
2026-04-09,80700.0,61800.0,82000.0,62100.0,80700.0,61400.0,80900.0,61800.0,3649300.0,2921000
2026-04-10,81500.0,62800.0,82200.0,64000.0,81000.0,62500.0,81300.0,62600.0,4667000.0,6158400
2026-04-13,81300.0,62800.0,81300.0,62800.0,79800.0,62200.0,80800.0,62400.0,4806700.0,3418300
2026-04-14,81600.0,62000.0,82700.0,63500.0,81400.0,62000.0,82100.0,63400.0,4600700.0,4247700
2026-04-15,80000.0,61300.0,82000.0,62600.0,80000.0,61200.0,82000.0,62100.0,3798700.0,4403200
2026-04-16,81300.0,61100.0,82000.0,61700.0,80200.0,61100.0,80200.0,61500.0,5775900.0,2272100
2026-04-17,86900.0,61300.0,86900.0,62700.0,82500.0,61300.0,82600.0,61300.0,15089000.0,3115500
2026-04-20,87300.0,61500.0,88500.0,62400.0,86400.0,61300.0,87500.0,61400.0,10168300.0,3251900
2026-04-21,85600.0,61600.0,87400.0,62700.0,85600.0,61500.0,87400.0,61900.0,7226400.0,5306600
2026-04-22,86400.0,61800.0,86400.0,62300.0,84800.0,61500.0,85400.0,61600.0,9172200.0,3939900
2026-04-23,84500.0,62000.0,86800.0,62500.0,84300.0,61000.0,86400.0,62000.0,5417100.0,4234100
2026-04-24,83500.0,61400.0,85200.0,62100.0,83500.0,60500.0,84500.0,62100.0,4634400.0,5855700
2026-04-27,83500.0,61400.0,83500.0,61400.0,83500.0,61400.0,83500.0,61400.0,0.0,0
2026-04-28,85600.0,61200.0,85900.0,61300.0,83700.0,60500.0,83700.0,61200.0,5380700.0,3220800
2026-04-29,84000.0,60900.0,85700.0,61300.0,84000.0,60300.0,85000.0,60300.0,4897200.0,2407200
2026-04-30,84000.0,60900.0,84000.0,60900.0,84000.0,60900.0,84000.0,60900.0,0.0,0
2026-05-01,84000.0,60900.0,84000.0,60900.0,84000.0,60900.0,84000.0,60900.0,0.0,0
2026-05-04,84900.0,60900.0,85400.0,61600.0,83400.0,60700.0,84700.0,61100.0,6372100.0,1873800
2026-05-05,84800.0,61100.0,85400.0,61200.0,84100.0,60400.0,84600.0,61100.0,4720200.0,2751900
2026-05-06,86000.0,61500.0,86400.0,61700.0,84900.0,60700.0,85200.0,61200.0,6696800.0,2590900
2026-05-07,86000.0,61500.0,87400.0,61800.0,86000.0,61100.0,86200.0,61600.0,6344700.0,4751300
2026-05-08,84600.0,60900.0,85900.0,61800.0,84600.0,60900.0,85700.0,61800.0,4605300.0,2787000
2026-05-11,83500.0,60600.0,85200.0,61100.0,83500.0,60500.0,84300.0,61100.0,5716900.0,3875800
2026-05-12,83800.0,60100.0,84300.0,60700.0,82600.0,59900.0,83500.0,60600.0,4934800.0,4102800
2026-05-13,83700.0,59300.0,84300.0,60100.0,82700.0,58700.0,84000.0,60100.0,3536900.0,8534300
2026-05-14,84200.0,60100.0,84600.0,60100.0,83200.0,59300.0,83700.0,59300.0,4001800.0,3058300
2026-05-15,82000.0,59800.0,84600.0,60300.0,82000.0,59800.0,84500.0,60100.0,6691900.0,2010300
2026-05-18,79000.0,60500.0,82000.0,60700.0,79000.0,59500.0,82000.0,59500.0,11953700.0,4850600
2026-05-19,78200.0,59800.0,79700.0,60700.0,78100.0,59700.0,79200.0,60500.0,7953500.0,2739700
2026-05-20,77200.0,59100.0,78800.0,59900.0,74200.0,58600.0,78200.0,59800.0,8786000.0,5727600
2026-05-21,79500.0,59000.0,79500.0,59600.0,77700.0,58800.0,78200.0,59500.0,6597700.0,3271300
2026-05-22,79400.0,59500.0,81000.0,59700.0,79100.0,58700.0,80200.0,59100.0,6083900.0,6005000
2026-05-25,78700.0,59100.0,80100.0,59800.0,78400.0,59100.0,80100.0,59500.0,2510300.0,1587500
2026-05-26,78500.0,59100.0,79400.0,59400.0,78300.0,59000.0,79000.0,59100.0,2518800.0,1880800
2026-05-27,80000.0,58800.0,80400.0,59200.0,78800.0,58700.0,79100.0,59100.0,4631100.0,2976500
2026-05-28,77700.0,59000.0,80300.0,59800.0,77700.0,59000.0,80000.0,59000.0,4026400.0,3798600
2026-05-29,76300.0,59200.0,78300.0,59300.0,75800.0,58900.0,77700.0,59000.0,7834500.0,1960700
2026-06-01,79100.0,59100.0,79100.0,59300.0,76500.0,58800.0,76500.0,59200.0,3799400.0,2259500
2026-06-02,77900.0,58600.0,79400.0,59200.0,77500.0,58600.0,79400.0,59100.0,2969500.0,2961900
2026-06-03,78500.0,58300.0,78500.0,58800.0,76900.0,58100.0,77800.0,58600.0,4801100.0,3814300
2026-06-04,78400.0,58600.0,78500.0,58800.0,77000.0,58200.0,78500.0,58600.0,4308300.0,2126500
2026-06-05,78000.0,58400.0,78900.0,58900.0,77600.0,58300.0,78500.0,58800.0,3241800.0,1866100
2026-06-08,76400.0,58000.0,77300.0,58800.0,76300.0,57800.0,77000.0,58200.0,4633800.0,3179800
2026-06-09,77400.0,58300.0,77500.0,58500.0,76300.0,58000.0,76500.0,58100.0,1770800.0,1228000
2026-06-10,78200.0,58900.0,78300.0,58900.0,76600.0,58200.0,77100.0,58400.0,2866200.0,2353200
2026-06-11,76900.0,59200.0,78500.0,59600.0,76900.0,58500.0,78300.0,58800.0,3302700.0,1804500
2026-06-12,76400.0,59000.0,77800.0,59800.0,76300.0,59000.0,77800.0,59300.0,4139700.0,3489300
2026-06-15,79400.0,59700.0,79700.0,59800.0,77000.0,59300.0,77000.0,59300.0,7871700.0,2021700
2026-06-16,79400.0,59100.0,79800.0,59800.0,78800.0,59100.0,79400.0,59800.0,3183300.0,2029500
2026-06-17,79100.0,59000.0,79800.0,59700.0,78700.0,59000.0,79300.0,59100.0,4068800.0,2838900
2026-06-18,78700.0,59200.0,79000.0,59700.0,78000.0,59100.0,78600.0,59500.0,3234500.0,2482800
2026-06-19,78000.0,59000.0,78900.0,59400.0,77500.0,58900.0,78700.0,59200.0,2425600.0,3349900
